Item / URL,Issue type,Phase 1 original decision,Phase 1 reconciled decision,Phase 2 original role,Phase 2 reconciled role,Phase 3 original index action,Phase 3 reconciled index action,Phase 4 original content status,Phase 4 reconciled content status,Current actual implementation,Is current implementation correct?,Correction made?,Remaining action,Human review?,Evidence
https://echobuddha.com/404.html,PAGE_STATE,NOT_APPLICABLE,NOT_IN_PHASE1_INDEXABLE_POPULATION,NOT_APPLICABLE,PREEXISTING_NOINDEX_OR_ERROR_ROLE,KEEP_NOINDEXED,KEEP_NOINDEXED,NOT_SELECTED,NOT_SELECTED_FOR_PHASE4_PRIORITY_QUEUE,"noindex, follow; out of sitemap; ",Yes,No page-state correction required,No specific Phase 5 queue item,No,Utility/error route has no independent search-result purpose.
https://echobuddha.com/about/,PAGE_STATE,HUMAN REVIEW,HUMAN REVIEW,TRUST_POLICY,TRUST_POLICY,HUMAN_REVIEW,HUMAN_REVIEW,NOT_SELECTED,NOT_SELECTED_FOR_PHASE4_PRIORITY_QUEUE,indexable; in sitemap; https://echobuddha.com/about/,Yes,No page-state correction required,Human/owner review as recorded; do not change automatically,Yes,"Built 2026-08-11T02:17:46.273Z; 304 words; 5 content headings; authored route; nearest /how-echo-buddha-creates-content/ combined overlap 18.6%; external source links 0 | Phase 1: Built 2026-08-11T02:17:46.273Z; 304 words; 5 content headings; authored route; nearest /how-echo-buddha-creates-content/ combined overlap 18.6%; external source links 0; role review: TRUST_POLICY; owner selection: About anchors publisher identity while each policy page retains a protected, non-SEO trust function. | Indexability remains unchanged because publisher, expert, source, or wellbeing judgement is required."
https://echobuddha.com/articles/beginning-a-daily-mindfulness-practice/,PAGE_STATE,IMPROVE,IMPROVE,PRACTICAL_APPLICATION,PRACTICAL_APPLICATION,IMPROVE_LATER_PHASE,IMPROVE_LATER_PHASE,NOT_SELECTED,NOT_SELECTED_FOR_PHASE4_PRIORITY_QUEUE,indexable; in sitemap; https://echobuddha.com/articles/beginning-a-daily-mindfulness-practice/,Yes,No page-state correction required,No specific Phase 5 queue item,No,"Built 2026-08-11T02:17:46.273Z; 1171 words; 26 content headings; authored route; nearest /articles/creating-a-peaceful-corner-at-home/ combined overlap 41.9%; external source links 0 | Phase 1: Built 2026-08-11T02:17:46.273Z; 1171 words; 26 content headings; authored route; nearest /articles/creating-a-peaceful-corner-at-home/ combined overlap 41.9%; external source links 0; role review: PRACTICAL_APPLICATION; owner selection: The lesson owns Buddhist mindfulness meaning; dictionary, comparison, and routine pages remain narrower. | Page has a valid owned role, but its editorial differentiation belongs to Phase 4/5."
https://echobuddha.com/articles/buddhism-for-beginners-simple-guide/,PAGE_STATE,CONSOLIDATE,CONSOLIDATE,BEGINNER_FOUNDATION,BEGINNER_FOUNDATION,CONSOLIDATE_AFTER_PHASE_4,CONSOLIDATE_AFTER_PHASE_4,HUMAN_REVIEW_DEFERRED,OWNER_EDITORIAL_REVIEW_HOLD; CURRENT PAGE PROTECTED,indexable; in sitemap; https://echobuddha.com/articles/buddhism-for-beginners-simple-guide/,Yes,No page-state correction required,Human/owner review as recorded; do not change automatically,Yes,"Built 2026-08-11T02:17:46.273Z; 1426 words; 28 content headings; authored route; nearest /articles/eightfold-path-explained-daily-life/ combined overlap 39.6%; external source links 2 | Phase 1: Built 2026-08-11T02:17:46.273Z; 1426 words; 28 content headings; authored route; nearest /articles/eightfold-path-explained-daily-life/ combined overlap 39.6%; external source links 2; role review: BEGINNER_FOUNDATION; owner selection: The strongest structured entry into basic Buddhist teaching and practice. | Ownership overlap is credible, but content must be integrated and verified before any redirect; deferred to editorial remediation. | This page exists to serve beginner informational within Beginner Buddhism through a narrower explanation, misconception, or example set specific to “Buddhism for Beginners: A Simple Guide”."
https://echobuddha.com/articles/buddhist-approach-to-anger/,PAGE_STATE,IMPROVE,IMPROVE,PRIMARY_PILLAR,PRIMARY_PILLAR,KEEP_INDEXED,KEEP_INDEXED,REMEDIATED_VALIDATED,REMEDIATED_VALIDATED,indexable; in sitemap; https://echobuddha.com/articles/buddhist-approach-to-anger/,Yes,Evidence corrected; content retained,No specific Phase 5 queue item,No,Built 2026-08-11T02:17:46.273Z; 1258 words; 28 content headings; authored route; nearest /articles/compassion-as-a-daily-discipline/ combined overlap 39.7%; external source links 1 | Phase 1: Built 2026-08-11T02:17:46.273Z; 1258 words; 28 content headings; authored route; nearest /articles/compassion-as-a-daily-discipline/ combined overlap 39.7%; external source links 1; role review: PRIMARY_PILLAR; owner selection: It is the dedicated Buddhist response-to-anger guide and can link upward to the Three Poisons. | Distinct route purpose remains valid under the Phase 2 ownership architecture; no indexability change justified. | This page exists as Echo Buddha's protected owner for Anger: It is the dedicated Buddhist response-to-anger guide and can link upward to the Three Poisons.
https://echobuddha.com/articles/buddhist-gratitude-practice/,PAGE_STATE,KEEP,KEEP,PRACTICAL_APPLICATION,PRACTICAL_APPLICATION,KEEP_INDEXED,KEEP_INDEXED,NOT_SELECTED,NOT_SELECTED_FOR_PHASE4_PRIORITY_QUEUE,indexable; in sitemap; https://echobuddha.com/articles/buddhist-gratitude-practice/,Yes,No page-state correction required,No specific Phase 5 queue item,No,Built 2026-08-11T02:17:46.273Z; 1364 words; 21 content headings; authored route; nearest /articles/how-to-practice-non-attachment/ combined overlap 32.8%; external source links 2 | Phase 1: Built 2026-08-11T02:17:46.273Z; 1364 words; 21 content headings; authored route; nearest /articles/how-to-practice-non-attachment/ combined overlap 32.8%; external source links 2; role review: PRACTICAL_APPLICATION; owner selection: It is the dedicated Buddhist gratitude practice and explicitly distinguishes appreciation from forced positivity and clinging. | Distinct route purpose remains valid under the Phase 2 ownership architecture; no indexability change justified.
https://echobuddha.com/articles/buddhist-teachings-on-forgiveness/,PAGE_STATE,KEEP,KEEP,PRIMARY_PILLAR,PRIMARY_PILLAR,KEEP_INDEXED,KEEP_INDEXED,NOT_SELECTED,NOT_SELECTED_FOR_PHASE4_PRIORITY_QUEUE,indexable; in sitemap; https://echobuddha.com/articles/buddhist-teachings-on-forgiveness/,Yes,No page-state correction required,No specific Phase 5 queue item,No,Built 2026-08-11T02:17:46.273Z; 1367 words; 27 content headings; authored route; nearest /articles/non-attachment-in-relationships/ combined overlap 34.3%; external source links 1 | Phase 1: Built 2026-08-11T02:17:46.273Z; 1367 words; 27 content headings; authored route; nearest /articles/non-attachment-in-relationships/ combined overlap 34.3%; external source links 1; role review: PRIMARY_PILLAR; owner selection: It uniquely distinguishes release from approval and protects boundaries. | Distinct route purpose remains valid under the Phase 2 ownership architecture; no indexability change justified.
https://echobuddha.com/articles/buddhist-teachings-on-impermanence/,PAGE_STATE,IMPROVE,IMPROVE,SUPPORTING_EXPLANATION,SUPPORTING_EXPLANATION,IMPROVE_LATER_PHASE,IMPROVE_LATER_PHASE,NOT_SELECTED,NOT_SELECTED_FOR_PHASE4_PRIORITY_QUEUE,indexable; in sitemap; https://echobuddha.com/articles/buddhist-teachings-on-impermanence/,Yes,No page-state correction required,No specific Phase 5 queue item,No,"Built 2026-08-11T02:17:46.273Z; 1267 words; 28 content headings; authored route; nearest /articles/impermanence-in-buddhism-letting-go/ combined overlap 43.9%; external source links 1 | Phase 1: Built 2026-08-11T02:17:46.273Z; 1267 words; 28 content headings; authored route; nearest /articles/impermanence-in-buddhism-letting-go/ combined overlap 43.9%; external source links 1; role review: SUPPORTING_EXPLANATION; owner selection: The lesson is the clearest broad beginner owner; anicca definitions and change applications remain subordinate. | Page has a valid owned role, but its editorial differentiation belongs to Phase 4/5."
https://echobuddha.com/articles/buddhist-wisdom-for-overthinking/,PAGE_STATE,HUMAN REVIEW,HUMAN REVIEW,SCENARIO_GUIDE,SCENARIO_GUIDE,HUMAN_REVIEW,HUMAN_REVIEW,NOT_SELECTED,NOT_SELECTED_FOR_PHASE4_PRIORITY_QUEUE,indexable; in sitemap; https://echobuddha.com/articles/buddhist-wisdom-for-overthinking/,Yes,No page-state correction required,Human/owner review as recorded; do not change automatically,Yes,"Built 2026-08-11T02:17:46.273Z; 1366 words; 26 content headings; authored route; nearest /articles/mindfulness-for-better-sleep/ combined overlap 36.0%; external source links 0 | Phase 1: Built 2026-08-11T02:17:46.273Z; 1366 words; 26 content headings; authored route; nearest /articles/mindfulness-for-better-sleep/ combined overlap 36.0%; external source links 0; role review: SCENARIO_GUIDE; owner selection: It owns the anxiety-specific gentle practice; overthinking remains a related but distinct thought-loop scenario. | Indexability remains unchanged because publisher, expert, source, or wellbeing judgement is required."
https://echobuddha.com/articles/category/buddhist-wisdom/,PAGE_STATE,IMPROVE,IMPROVE,CATEGORY,CATEGORY,IMPROVE_LATER_PHASE,IMPROVE_LATER_PHASE,NOT_SELECTED,NOT_SELECTED_FOR_PHASE4_PRIORITY_QUEUE,indexable; in sitemap; https://echobuddha.com/articles/category/buddhist-wisdom/,Yes,No page-state correction required,No specific Phase 5 queue item,No,"Built 2026-08-11T02:17:46.273Z; 685 words; 23 content headings; authored route; nearest /articles/category/practice/ combined overlap 19.7%; external source links 0 | Phase 1: Built 2026-08-11T02:17:46.273Z; 685 words; 23 content headings; authored route; nearest /articles/category/practice/ combined overlap 19.7%; external source links 0; role review: CATEGORY; owner selection: The publication index owns article discovery, not any individual Buddhist teaching. | Page has a valid owned role, but its editorial differentiation belongs to Phase 4/5."
https://echobuddha.com/articles/category/meditation/,PAGE_STATE,IMPROVE,IMPROVE,CATEGORY,CATEGORY,IMPROVE_LATER_PHASE,IMPROVE_LATER_PHASE,NOT_SELECTED,NOT_SELECTED_FOR_PHASE4_PRIORITY_QUEUE,indexable; in sitemap; https://echobuddha.com/articles/category/meditation/,Yes,No page-state correction required,No specific Phase 5 queue item,No,"Built 2026-08-11T02:17:46.273Z; 354 words; 12 content headings; authored route; nearest /quotes/meditation/ combined overlap 25.1%; external source links 0 | Phase 1: Built 2026-08-11T02:17:46.273Z; 354 words; 12 content headings; authored route; nearest /quotes/meditation/ combined overlap 25.1%; external source links 0; role review: CATEGORY; owner selection: The publication index owns article discovery, not any individual Buddhist teaching. | Page has a valid owned role, but its editorial differentiation belongs to Phase 4/5."
https://echobuddha.com/articles/category/mindfulness/,PAGE_STATE,IMPROVE,IMPROVE,CATEGORY,CATEGORY,IMPROVE_LATER_PHASE,IMPROVE_LATER_PHASE,NOT_SELECTED,NOT_SELECTED_FOR_PHASE4_PRIORITY_QUEUE,indexable; in sitemap; https://echobuddha.com/articles/category/mindfulness/,Yes,No page-state correction required,No specific Phase 5 queue item,No,"Built 2026-08-11T02:17:46.273Z; 253 words; 8 content headings; authored route; nearest /quotes/mindfulness/ combined overlap 31.0%; external source links 0 | Phase 1: Built 2026-08-11T02:17:46.273Z; 253 words; 8 content headings; authored route; nearest /quotes/mindfulness/ combined overlap 31.0%; external source links 0; role review: CATEGORY; owner selection: The publication index owns article discovery, not any individual Buddhist teaching. | Page has a valid owned role, but its editorial differentiation belongs to Phase 4/5."
https://echobuddha.com/articles/category/practice/,PAGE_STATE,IMPROVE,IMPROVE,CATEGORY,CATEGORY,KEEP_INDEXED,KEEP_INDEXED,NOT_SELECTED,NOT_SELECTED_FOR_PHASE4_PRIORITY_QUEUE,indexable; in sitemap; https://echobuddha.com/articles/category/practice/,Yes,No page-state correction required,No specific Phase 5 queue item,No,Built 2026-08-11T02:17:46.273Z; 317 words; 10 content headings; authored route; nearest /articles/category/mindfulness/ combined overlap 20.4%; external source links 0 | Phase 1: Built 2026-08-11T02:17:46.273Z; 317 words; 10 content headings; authored route; nearest /articles/category/mindfulness/ combined overlap 20.4%; external source links 0; role review: CATEGORY; owner selection: The category organizes practical articles without owning their underlying Buddhist doctrines. | Distinct route purpose remains valid under the Phase 2 ownership architecture; no indexability change justified.
https://echobuddha.com/articles/category/reflection/,PAGE_STATE,IMPROVE,IMPROVE,CATEGORY,CATEGORY,IMPROVE_LATER_PHASE,IMPROVE_LATER_PHASE,NOT_SELECTED,NOT_SELECTED_FOR_PHASE4_PRIORITY_QUEUE,indexable; in sitemap; https://echobuddha.com/articles/category/reflection/,Yes,No page-state correction required,No specific Phase 5 queue item,No,"Built 2026-08-11T02:17:46.273Z; 342 words; 12 content headings; authored route; nearest /articles/category/mindfulness/ combined overlap 19.7%; external source links 0 | Phase 1: Built 2026-08-11T02:17:46.273Z; 342 words; 12 content headings; authored route; nearest /articles/category/mindfulness/ combined overlap 19.7%; external source links 0; role review: CATEGORY; owner selection: The publication index owns article discovery, not any individual Buddhist teaching. | Page has a valid owned role, but its editorial differentiation belongs to Phase 4/5."
https://echobuddha.com/articles/compassion-as-a-daily-discipline/,PAGE_STATE,IMPROVE,IMPROVE,PRACTICAL_APPLICATION,PRACTICAL_APPLICATION,IMPROVE_LATER_PHASE,IMPROVE_LATER_PHASE,NOT_SELECTED,NOT_SELECTED_FOR_PHASE4_PRIORITY_QUEUE,indexable; in sitemap; https://echobuddha.com/articles/compassion-as-a-daily-discipline/,Yes,No page-state correction required,No specific Phase 5 queue item,No,"Built 2026-08-11T02:17:46.273Z; 1220 words; 28 content headings; authored route; nearest /articles/compassion-in-buddhism-beginner-guide/ combined overlap 40.4%; external source links 1 | Phase 1: Built 2026-08-11T02:17:46.273Z; 1220 words; 28 content headings; authored route; nearest /articles/compassion-in-buddhism-beginner-guide/ combined overlap 40.4%; external source links 1; role review: PRACTICAL_APPLICATION; owner selection: It provides the broad Buddhist frame; dictionary terms, boundaries, and daily discipline have narrower jobs. | Page has a valid owned role, but its editorial differentiation belongs to Phase 4/5."
https://echobuddha.com/articles/compassion-in-buddhism-beginner-guide/,PAGE_STATE,IMPROVE,IMPROVE,PRIMARY_PILLAR,PRIMARY_PILLAR,KEEP_INDEXED,KEEP_INDEXED,NOT_SELECTED,NOT_SELECTED_FOR_PHASE4_PRIORITY_QUEUE,indexable; in sitemap; https://echobuddha.com/articles/compassion-in-buddhism-beginner-guide/,Yes,No page-state correction required,No specific Phase 5 queue item,No,"Built 2026-08-11T02:17:46.273Z; 1195 words; 26 content headings; authored route; nearest /articles/compassion-with-boundaries/ combined overlap 42.0%; external source links 1 | Phase 1: Built 2026-08-11T02:17:46.273Z; 1195 words; 26 content headings; authored route; nearest /articles/compassion-with-boundaries/ combined overlap 42.0%; external source links 1; role review: PRIMARY_PILLAR; owner selection: It provides the broad Buddhist frame; dictionary terms, boundaries, and daily discipline have narrower jobs. | Distinct route purpose remains valid under the Phase 2 ownership architecture; no indexability change justified."
https://echobuddha.com/articles/compassion-with-boundaries/,PAGE_STATE,IMPROVE,IMPROVE,SCENARIO_GUIDE,SCENARIO_GUIDE,IMPROVE_LATER_PHASE,IMPROVE_LATER_PHASE,NO_CHANGE_REQUIRED_VALIDATED,NO_CHANGE_REQUIRED_VALIDATED,indexable; in sitemap; https://echobuddha.com/articles/compassion-with-boundaries/,Yes,No page-state correction required,No specific Phase 5 queue item,No,"Built 2026-08-11T02:17:46.273Z; 735 words; 20 content headings; authored route; nearest /articles/compassion-in-buddhism-beginner-guide/ combined overlap 42.0%; external source links 2 | Phase 1: Built 2026-08-11T02:17:46.273Z; 735 words; 20 content headings; authored route; nearest /articles/compassion-in-buddhism-beginner-guide/ combined overlap 42.0%; external source links 2; role review: SCENARIO_GUIDE; owner selection: It provides the broad Buddhist frame; dictionary terms, boundaries, and daily discipline have narrower jobs. | Page has a valid owned role, but its editorial differentiation belongs to Phase 4/5. | This page exists to serve scenario application within Compassion through worked guidance for the specific situation named by “Compassion With Boundaries in Buddhist Practice”."
https://echobuddha.com/articles/creating-a-peaceful-corner-at-home/,PAGE_STATE,IMPROVE,IMPROVE,SCENARIO_GUIDE,SCENARIO_GUIDE,IMPROVE_LATER_PHASE,IMPROVE_LATER_PHASE,NOT_SELECTED,NOT_SELECTED_FOR_PHASE4_PRIORITY_QUEUE,indexable; in sitemap; https://echobuddha.com/articles/creating-a-peaceful-corner-at-home/,Yes,No page-state correction required,No specific Phase 5 queue item,No,"Built 2026-08-11T02:17:46.273Z; 1154 words; 26 content headings; authored route; nearest /articles/beginning-a-daily-mindfulness-practice/ combined overlap 41.9%; external source links 0 | Phase 1: Built 2026-08-11T02:17:46.273Z; 1154 words; 26 content headings; authored route; nearest /articles/beginning-a-daily-mindfulness-practice/ combined overlap 41.9%; external source links 0; role review: SCENARIO_GUIDE; owner selection: It organizes practice choices and routes readers without pretending to be every meditation method. | Page has a valid owned role, but its editorial differentiation belongs to Phase 4/5."
https://echobuddha.com/articles/dhamma-vs-dharma/,PAGE_STATE,IMPROVE,IMPROVE,COMPARISON_PAGE,COMPARISON_PAGE,IMPROVE_LATER_PHASE,IMPROVE_LATER_PHASE,NO_CHANGE_REQUIRED_VALIDATED,NO_CHANGE_REQUIRED_VALIDATED,indexable; in sitemap; https://echobuddha.com/articles/dhamma-vs-dharma/,Yes,No page-state correction required,Yes — template-feel review only; protect substance/owner/index state,No,"Built 2026-08-11T02:17:46.273Z; 875 words; 21 content headings; authored route; nearest /articles/visiting-a-buddhist-temple-respectfully/ combined overlap 45.2%; external source links 3 | Phase 1: Built 2026-08-11T02:17:46.273Z; 875 words; 21 content headings; authored route; nearest /articles/visiting-a-buddhist-temple-respectfully/ combined overlap 45.2%; external source links 3; role review: COMPARISON_PAGE; owner selection: The dictionary page owns meaning and linguistic context; the article owns the comparison question. | Page has a valid owned role, but its editorial differentiation belongs to Phase 4/5. | This page exists to serve comparative within Dhamma / Dharma through direct distinction between concepts that readers commonly confuse in “Dhamma vs Dharma: Buddhist Meaning and Spelling”."
https://echobuddha.com/articles/dhammapada-reflection-trained-mind/,PAGE_STATE,IMPROVE,IMPROVE,SOURCE_STUDY,SOURCE_STUDY,HUMAN_REVIEW,HUMAN_REVIEW,NOT_SELECTED,NOT_SELECTED_FOR_PHASE4_PRIORITY_QUEUE,indexable; in sitemap; https://echobuddha.com/articles/dhammapada-reflection-trained-mind/,Yes,No page-state correction required,Human/owner review as recorded; do not change automatically,Yes,"Built 2026-08-11T02:17:46.273Z; 1193 words; 26 content headings; authored route; nearest /articles/dhammapada-reflection-what-we-think/ combined overlap 39.5%; external source links 0 | Phase 1: Built 2026-08-11T02:17:46.273Z; 1193 words; 26 content headings; authored route; nearest /articles/dhammapada-reflection-what-we-think/ combined overlap 39.5%; external source links 0; role review: SOURCE_STUDY; owner selection: The source-aware hub organizes verse study and clearly separates translation, paraphrase, and reflection. | Indexability remains unchanged because publisher, expert, source, or wellbeing judgement is required."
https://echobuddha.com/articles/dhammapada-reflection-what-we-think/,PAGE_STATE,IMPROVE,IMPROVE,SOURCE_STUDY,SOURCE_STUDY,HUMAN_REVIEW,HUMAN_REVIEW,NOT_SELECTED,NOT_SELECTED_FOR_PHASE4_PRIORITY_QUEUE,indexable; in sitemap; https://echobuddha.com/articles/dhammapada-reflection-what-we-think/,Yes,No page-state correction required,Human/owner review as recorded; do not change automatically,Yes,"Built 2026-08-11T02:17:46.273Z; 1395 words; 29 content headings; authored route; nearest /articles/dhammapada-verse-1-meaning/ combined overlap 46.6%; external source links 1 | Phase 1: Built 2026-08-11T02:17:46.273Z; 1395 words; 29 content headings; authored route; nearest /articles/dhammapada-verse-1-meaning/ combined overlap 46.6%; external source links 1; role review: SOURCE_STUDY; owner selection: The source-aware hub organizes verse study and clearly separates translation, paraphrase, and reflection. | Indexability remains unchanged because publisher, expert, source, or wellbeing judgement is required."
https://echobuddha.com/articles/dhammapada-verse-1-meaning/,PAGE_STATE,IMPROVE,IMPROVE,SOURCE_STUDY,SOURCE_STUDY,HUMAN_REVIEW,HUMAN_REVIEW,NOT_SELECTED,NOT_SELECTED_FOR_PHASE4_PRIORITY_QUEUE,indexable; in sitemap; https://echobuddha.com/articles/dhammapada-verse-1-meaning/,Yes,No page-state correction required,Human/owner review as recorded; do not change automatically,Yes,"Built 2026-08-11T02:17:46.273Z; 835 words; 21 content headings; authored route; nearest /articles/dhammapada-reflection-what-we-think/ combined overlap 46.6%; external source links 2 | Phase 1: Built 2026-08-11T02:17:46.273Z; 835 words; 21 content headings; authored route; nearest /articles/dhammapada-reflection-what-we-think/ combined overlap 46.6%; external source links 2; role review: SOURCE_STUDY; owner selection: The source-aware hub organizes verse study and clearly separates translation, paraphrase, and reflection. | Indexability remains unchanged because publisher, expert, source, or wellbeing judgement is required."
https://echobuddha.com/articles/eightfold-path-explained-daily-life/,PAGE_STATE,CONSOLIDATE,CONSOLIDATE,PRACTICAL_APPLICATION,PRACTICAL_APPLICATION,CONSOLIDATE_AFTER_PHASE_4,CONSOLIDATE_AFTER_PHASE_4,HUMAN_REVIEW_DEFERRED,OWNER_EDITORIAL_REVIEW_HOLD; CURRENT PAGE PROTECTED,indexable; in sitemap; https://echobuddha.com/articles/eightfold-path-explained-daily-life/,Yes,No page-state correction required,Human/owner review as recorded; do not change automatically,Yes,"Built 2026-08-11T02:17:46.273Z; 1413 words; 28 content headings; authored route; nearest /articles/eightfold-path-explained/ combined overlap 40.1%; external source links 1 | Phase 1: Built 2026-08-11T02:17:46.273Z; 1413 words; 28 content headings; authored route; nearest /articles/eightfold-path-explained/ combined overlap 40.1%; external source links 1; role review: PRACTICAL_APPLICATION; owner selection: The dedicated Learn page owns the whole-path framework and can route readers to factors, sources, and practice. | Ownership overlap is credible, but content must be integrated and verified before any redirect; deferred to editorial remediation. | This page exists to serve practical how to within Noble Eightfold Path through daily-life examples or a repeatable application tied specifically to “Eightfold Path in Daily Life”."
https://echobuddha.com/articles/eightfold-path-explained/,PAGE_STATE,IMPROVE,IMPROVE,BEGINNER_FOUNDATION,BEGINNER_FOUNDATION,IMPROVE_LATER_PHASE,IMPROVE_LATER_PHASE,NOT_SELECTED,NOT_SELECTED_FOR_PHASE4_PRIORITY_QUEUE,indexable; in sitemap; https://echobuddha.com/articles/eightfold-path-explained/,Yes,No page-state correction required,No specific Phase 5 queue item,No,"Built 2026-08-11T02:17:46.273Z; 1533 words; 29 content headings; authored route; nearest /articles/eightfold-path-explained-daily-life/ combined overlap 40.1%; external source links 1 | Phase 1: Built 2026-08-11T02:17:46.273Z; 1533 words; 29 content headings; authored route; nearest /articles/eightfold-path-explained-daily-life/ combined overlap 40.1%; external source links 1; role review: BEGINNER_FOUNDATION; owner selection: The dedicated Learn page owns the whole-path framework and can route readers to factors, sources, and practice. | Page has a valid owned role, but its editorial differentiation belongs to Phase 4/5."
https://echobuddha.com/articles/equanimity-in-buddhism/,PAGE_STATE,KEEP,KEEP,PRIMARY_PILLAR,PRIMARY_PILLAR,KEEP_INDEXED,KEEP_INDEXED,NOT_SELECTED,NOT_SELECTED_FOR_PHASE4_PRIORITY_QUEUE,indexable; in sitemap; https://echobuddha.com/articles/equanimity-in-buddhism/,Yes,No page-state correction required,No specific Phase 5 queue item,No,Built 2026-08-11T02:17:46.273Z; 1489 words; 21 content headings; authored route; nearest /articles/compassion-with-boundaries/ combined overlap 32.9%; external source links 1 | Phase 1: Built 2026-08-11T02:17:46.273Z; 1489 words; 21 content headings; authored route; nearest /articles/compassion-with-boundaries/ combined overlap 32.9%; external source links 1; role review: PRIMARY_PILLAR; owner selection: It is the dedicated explanation of balanced care without numbness. | Distinct route purpose remains valid under the Phase 2 ownership architecture; no indexability change justified.
https://echobuddha.com/articles/first-week-buddhist-practice/,PAGE_STATE,IMPROVE,IMPROVE,PRACTICAL_APPLICATION,PRACTICAL_APPLICATION,IMPROVE_LATER_PHASE,IMPROVE_LATER_PHASE,NOT_SELECTED,NOT_SELECTED_FOR_PHASE4_PRIORITY_QUEUE,indexable; in sitemap; https://echobuddha.com/articles/first-week-buddhist-practice/,Yes,No page-state correction required,No specific Phase 5 queue item,No,"Built 2026-08-11T02:17:46.273Z; 869 words; 21 content headings; authored route; nearest /articles/right-speech-examples/ combined overlap 44.0%; external source links 3 | Phase 1: Built 2026-08-11T02:17:46.273Z; 869 words; 21 content headings; authored route; nearest /articles/right-speech-examples/ combined overlap 44.0%; external source links 3; role review: PRACTICAL_APPLICATION; owner selection: The strongest structured entry into basic Buddhist teaching and practice. | Page has a valid owned role, but its editorial differentiation belongs to Phase 4/5."
https://echobuddha.com/articles/five-precepts-in-daily-life/,PAGE_STATE,KEEP,KEEP,PRACTICAL_APPLICATION,PRACTICAL_APPLICATION,IMPROVE_LATER_PHASE,IMPROVE_LATER_PHASE,NOT_SELECTED,NOT_SELECTED_FOR_PHASE4_PRIORITY_QUEUE,indexable; in sitemap; https://echobuddha.com/articles/five-precepts-in-daily-life/,Yes,No page-state correction required,No specific Phase 5 queue item,No,"Built 2026-08-11T02:17:46.273Z; 1952 words; 27 content headings; authored route; nearest /articles/three-poisons-buddhism-explained/ combined overlap 34.2%; external source links 2 | Phase 1: Built 2026-08-11T02:17:46.273Z; 1952 words; 27 content headings; authored route; nearest /articles/three-poisons-buddhism-explained/ combined overlap 34.2%; external source links 2; role review: PRACTICAL_APPLICATION; owner selection: The lesson owns the ethical framework; practical articles show application without redefining it. | Page has a valid owned role, but its editorial differentiation belongs to Phase 4/5."
https://echobuddha.com/articles/four-noble-truths-explained-simply/,PAGE_STATE,CONSOLIDATE,CONSOLIDATE,BEGINNER_FOUNDATION,BEGINNER_FOUNDATION,CONSOLIDATE_AFTER_PHASE_4,CONSOLIDATE_AFTER_PHASE_4,HUMAN_REVIEW_DEFERRED,OWNER_EDITORIAL_REVIEW_HOLD; CURRENT PAGE PROTECTED,indexable; in sitemap; https://echobuddha.com/articles/four-noble-truths-explained-simply/,Yes,No page-state correction required,Human/owner review as recorded; do not change automatically,Yes,"Built 2026-08-11T02:17:46.273Z; 1318 words; 26 content headings; authored route; nearest /articles/what-is-buddhism-beginner-guide/ combined overlap 42.5%; external source links 1 | Phase 1: Built 2026-08-11T02:17:46.273Z; 1318 words; 26 content headings; authored route; nearest /articles/what-is-buddhism-beginner-guide/ combined overlap 42.5%; external source links 1; role review: BEGINNER_FOUNDATION; owner selection: The dedicated Learn page provides the clearest broad doctrinal route and parent for source and application pages. | Ownership overlap is credible, but content must be integrated and verified before any redirect; deferred to editorial remediation. | This page exists to serve beginner informational within Four Noble Truths through a narrower explanation, misconception, or example set specific to “Four Noble Truths Explained Simply for Beginners”."
https://echobuddha.com/articles/four-noble-truths-explained/,PAGE_STATE,IMPROVE,IMPROVE,SUPPORTING_EXPLANATION,SUPPORTING_EXPLANATION,IMPROVE_LATER_PHASE,IMPROVE_LATER_PHASE,NOT_SELECTED,NOT_SELECTED_FOR_PHASE4_PRIORITY_QUEUE,indexable; in sitemap; https://echobuddha.com/articles/four-noble-truths-explained/,Yes,No page-state correction required,No specific Phase 5 queue item,No,"Built 2026-08-11T02:17:46.273Z; 1448 words; 28 content headings; authored route; nearest /articles/four-noble-truths-explained-simply/ combined overlap 39.2%; external source links 2 | Phase 1: Built 2026-08-11T02:17:46.273Z; 1448 words; 28 content headings; authored route; nearest /articles/four-noble-truths-explained-simply/ combined overlap 39.2%; external source links 2; role review: SUPPORTING_EXPLANATION; owner selection: The dedicated Learn page provides the clearest broad doctrinal route and parent for source and application pages. | Page has a valid owned role, but its editorial differentiation belongs to Phase 4/5."
https://echobuddha.com/articles/how-to-let-go-of-attachment-in-buddhism/,PAGE_STATE,IMPROVE,IMPROVE,PRIMARY_PILLAR,PRIMARY_PILLAR,KEEP_INDEXED,KEEP_INDEXED,NOT_SELECTED,NOT_SELECTED_FOR_PHASE4_PRIORITY_QUEUE,indexable; in sitemap; https://echobuddha.com/articles/how-to-let-go-of-attachment-in-buddhism/,Yes,No page-state correction required,No specific Phase 5 queue item,No,Built 2026-08-11T02:17:46.273Z; 1422 words; 27 content headings; authored route; nearest /articles/non-attachment-in-relationships/ combined overlap 40.6%; external source links 0 | Phase 1: Built 2026-08-11T02:17:46.273Z; 1422 words; 27 content headings; authored route; nearest /articles/non-attachment-in-relationships/ combined overlap 40.6%; external source links 0; role review: PRIMARY_PILLAR; owner selection: It most clearly distinguishes clinging from care and anchors the practical release cluster. | Distinct route purpose remains valid under the Phase 2 ownership architecture; no indexability change justified.
https://echobuddha.com/articles/how-to-meditate-for-anxiety/,PAGE_STATE,HUMAN REVIEW,HUMAN REVIEW,SCENARIO_GUIDE,SCENARIO_GUIDE,HUMAN_REVIEW,HUMAN_REVIEW,NOT_SELECTED,NOT_SELECTED_FOR_PHASE4_PRIORITY_QUEUE,indexable; in sitemap; https://echobuddha.com/articles/how-to-meditate-for-anxiety/,Yes,No page-state correction required,Human/owner review as recorded; do not change automatically,Yes,"Built 2026-08-11T02:17:46.273Z; 1410 words; 28 content headings; authored route; nearest /articles/mindfulness-for-better-sleep/ combined overlap 43.5%; external source links 1 | Phase 1: Built 2026-08-11T02:17:46.273Z; 1410 words; 28 content headings; authored route; nearest /articles/mindfulness-for-better-sleep/ combined overlap 43.5%; external source links 1; role review: SCENARIO_GUIDE; owner selection: It owns the anxiety-specific gentle practice; overthinking remains a related but distinct thought-loop scenario. | Indexability remains unchanged because publisher, expert, source, or wellbeing judgement is required."
https://echobuddha.com/articles/how-to-meditate-for-beginners/,PAGE_STATE,IMPROVE,IMPROVE,PRACTICE_GUIDE,PRACTICE_GUIDE,IMPROVE_LATER_PHASE,IMPROVE_LATER_PHASE,NOT_SELECTED,NOT_SELECTED_FOR_PHASE4_PRIORITY_QUEUE,indexable; in sitemap; https://echobuddha.com/articles/how-to-meditate-for-beginners/,Yes,No page-state correction required,No specific Phase 5 queue item,No,"Built 2026-08-11T02:17:46.273Z; 1327 words; 28 content headings; authored route; nearest /articles/mindfulness-of-breathing-guide/ combined overlap 41.6%; external source links 2 | Phase 1: Built 2026-08-11T02:17:46.273Z; 1327 words; 28 content headings; authored route; nearest /articles/mindfulness-of-breathing-guide/ combined overlap 41.6%; external source links 2; role review: PRACTICE_GUIDE; owner selection: It organizes practice choices and routes readers without pretending to be every meditation method. | Page has a valid owned role, but its editorial differentiation belongs to Phase 4/5."
https://echobuddha.com/articles/how-to-practice-non-attachment/,PAGE_STATE,IMPROVE,IMPROVE,PRACTICAL_APPLICATION,PRACTICAL_APPLICATION,IMPROVE_LATER_PHASE,IMPROVE_LATER_PHASE,NOT_SELECTED,NOT_SELECTED_FOR_PHASE4_PRIORITY_QUEUE,indexable; in sitemap; https://echobuddha.com/articles/how-to-practice-non-attachment/,Yes,No page-state correction required,Yes — template-feel review only; protect substance/owner/index state,No,"Built 2026-08-11T02:17:46.273Z; 1199 words; 27 content headings; authored route; nearest /articles/letting-go-without-giving-up/ combined overlap 47.2%; external source links 0 | Phase 1: Built 2026-08-11T02:17:46.273Z; 1199 words; 27 content headings; authored route; nearest /articles/letting-go-without-giving-up/ combined overlap 47.2%; external source links 0; role review: PRACTICAL_APPLICATION; owner selection: It most clearly distinguishes clinging from care and anchors the practical release cluster. | Page has a valid owned role, but its editorial differentiation belongs to Phase 4/5."
https://echobuddha.com/articles/impermanence-in-buddhism-letting-go/,PAGE_STATE,CONSOLIDATE,CONSOLIDATE,PRACTICAL_APPLICATION,PRACTICAL_APPLICATION,CONSOLIDATE_AFTER_PHASE_4,CONSOLIDATE_AFTER_PHASE_4,HUMAN_REVIEW_DEFERRED,OWNER_EDITORIAL_REVIEW_HOLD; CURRENT PAGE PROTECTED,indexable; in sitemap; https://echobuddha.com/articles/impermanence-in-buddhism-letting-go/,Yes,No page-state correction required,Human/owner review as recorded; do not change automatically,Yes,"Built 2026-08-11T02:17:46.273Z; 1286 words; 27 content headings; authored route; nearest /articles/buddhist-teachings-on-impermanence/ combined overlap 43.9%; external source links 1 | Phase 1: Built 2026-08-11T02:17:46.273Z; 1286 words; 27 content headings; authored route; nearest /articles/buddhist-teachings-on-impermanence/ combined overlap 43.9%; external source links 1; role review: PRACTICAL_APPLICATION; owner selection: The lesson is the clearest broad beginner owner; anicca definitions and change applications remain subordinate. | Ownership overlap is credible, but content must be integrated and verified before any redirect; deferred to editorial remediation. | This page exists to serve practical how to within Impermanence through daily-life examples or a repeatable application tied specifically to “Impermanence in Buddhism and How to Let Go Gently”."
https://echobuddha.com/articles/impermanence-in-buddhism/,PAGE_STATE,CONSOLIDATE,CONSOLIDATE,SUPPORTING_EXPLANATION,SUPPORTING_EXPLANATION,CONSOLIDATE_AFTER_PHASE_4,CONSOLIDATE_AFTER_PHASE_4,HUMAN_REVIEW_DEFERRED,OWNER_EDITORIAL_REVIEW_HOLD; CURRENT PAGE PROTECTED,indexable; in sitemap; https://echobuddha.com/articles/impermanence-in-buddhism/,Yes,No page-state correction required,Human/owner review as recorded; do not change automatically,Yes,"Built 2026-08-11T02:17:46.273Z; 1441 words; 34 content headings; authored route; nearest /articles/buddhist-teachings-on-impermanence/ combined overlap 42.2%; external source links 1 | Phase 1: Built 2026-08-11T02:17:46.273Z; 1441 words; 34 content headings; authored route; nearest /articles/buddhist-teachings-on-impermanence/ combined overlap 42.2%; external source links 1; role review: SUPPORTING_EXPLANATION; owner selection: The lesson is the clearest broad beginner owner; anicca definitions and change applications remain subordinate. | Ownership overlap is credible, but content must be integrated and verified before any redirect; deferred to editorial remediation. | This page exists to serve foundational informational within Impermanence through a narrower explanation, misconception, or example set specific to “Impermanence in Buddhism: Accepting Change Peacefully”."
https://echobuddha.com/articles/,PAGE_STATE,IMPROVE,IMPROVE,HUB,HUB,KEEP_INDEXED,KEEP_INDEXED,NOT_SELECTED,NOT_SELECTED_FOR_PHASE4_PRIORITY_QUEUE,indexable; in sitemap; https://echobuddha.com/articles/,Yes,No page-state correction required,No specific Phase 5 queue item,No,"Built 2026-08-11T02:17:46.273Z; 1490 words; 55 content headings; authored route; nearest /mindful-living/ combined overlap 25.5%; external source links 0 | Phase 1: Built 2026-08-11T02:17:46.273Z; 1490 words; 55 content headings; authored route; nearest /mindful-living/ combined overlap 25.5%; external source links 0; role review: HUB; owner selection: The publication index owns article discovery, not any individual Buddhist teaching. | Distinct route purpose remains valid under the Phase 2 ownership architecture; no indexability change justified."
https://echobuddha.com/articles/letting-go-without-giving-up/,PAGE_STATE,IMPROVE,IMPROVE,PRACTICAL_APPLICATION,PRACTICAL_APPLICATION,IMPROVE_LATER_PHASE,IMPROVE_LATER_PHASE,NOT_SELECTED,NOT_SELECTED_FOR_PHASE4_PRIORITY_QUEUE,indexable; in sitemap; https://echobuddha.com/articles/letting-go-without-giving-up/,Yes,No page-state correction required,Yes — template-feel review only; protect substance/owner/index state,No,"Built 2026-08-11T02:17:46.273Z; 1210 words; 28 content headings; authored route; nearest /articles/how-to-practice-non-attachment/ combined overlap 47.2%; external source links 0 | Phase 1: Built 2026-08-11T02:17:46.273Z; 1210 words; 28 content headings; authored route; nearest /articles/how-to-practice-non-attachment/ combined overlap 47.2%; external source links 0; role review: PRACTICAL_APPLICATION; owner selection: It most clearly distinguishes clinging from care and anchors the practical release cluster. | Page has a valid owned role, but its editorial differentiation belongs to Phase 4/5."
https://echobuddha.com/articles/loving-kindness-meditation-beginners/,PAGE_STATE,CONSOLIDATE,CONSOLIDATE,BEGINNER_FOUNDATION,BEGINNER_FOUNDATION,CONSOLIDATE_AFTER_PHASE_4,CONSOLIDATE_AFTER_PHASE_4,HUMAN_REVIEW_DEFERRED,OWNER_EDITORIAL_REVIEW_HOLD; CURRENT PAGE PROTECTED,indexable; in sitemap; https://echobuddha.com/articles/loving-kindness-meditation-beginners/,Yes,No page-state correction required,Human/owner review as recorded; do not change automatically,Yes,"Built 2026-08-11T02:17:46.273Z; 1359 words; 29 content headings; authored route; nearest /articles/metta-meditation-script/ combined overlap 44.0%; external source links 2 | Phase 1: Built 2026-08-11T02:17:46.273Z; 1359 words; 29 content headings; authored route; nearest /articles/metta-meditation-script/ combined overlap 44.0%; external source links 2; role review: BEGINNER_FOUNDATION; owner selection: The term page should own metta meaning while meditation pages own practices and scripts. | Ownership overlap is credible, but content must be integrated and verified before any redirect; deferred to editorial remediation. | This page exists to serve beginner informational within Loving-Kindness / Metta through a narrower explanation, misconception, or example set specific to “Loving-Kindness Meditation for Beginners”."
https://echobuddha.com/articles/loving-kindness-meditation-guide/,PAGE_STATE,IMPROVE,IMPROVE,BEGINNER_FOUNDATION,BEGINNER_FOUNDATION,IMPROVE_LATER_PHASE,IMPROVE_LATER_PHASE,NOT_SELECTED,NOT_SELECTED_FOR_PHASE4_PRIORITY_QUEUE,indexable; in sitemap; https://echobuddha.com/articles/loving-kindness-meditation-guide/,Yes,No page-state correction required,No specific Phase 5 queue item,No,"Built 2026-08-11T02:17:46.273Z; 1316 words; 28 content headings; authored route; nearest /articles/loving-kindness-meditation-beginners/ combined overlap 42.1%; external source links 2 | Phase 1: Built 2026-08-11T02:17:46.273Z; 1316 words; 28 content headings; authored route; nearest /articles/loving-kindness-meditation-beginners/ combined overlap 42.1%; external source links 2; role review: BEGINNER_FOUNDATION; owner selection: The term page should own metta meaning while meditation pages own practices and scripts. | Page has a valid owned role, but its editorial differentiation belongs to Phase 4/5."
https://echobuddha.com/articles/metta-meditation-script/,PAGE_STATE,IMPROVE,IMPROVE,PRACTICE_GUIDE,PRACTICE_GUIDE,IMPROVE_LATER_PHASE,IMPROVE_LATER_PHASE,NOT_SELECTED,NOT_SELECTED_FOR_PHASE4_PRIORITY_QUEUE,indexable; in sitemap; https://echobuddha.com/articles/metta-meditation-script/,Yes,No page-state correction required,No specific Phase 5 queue item,No,"Built 2026-08-11T02:17:46.273Z; 1606 words; 30 content headings; authored route; nearest /articles/loving-kindness-meditation-beginners/ combined overlap 44.0%; external source links 2 | Phase 1: Built 2026-08-11T02:17:46.273Z; 1606 words; 30 content headings; authored route; nearest /articles/loving-kindness-meditation-beginners/ combined overlap 44.0%; external source links 2; role review: PRACTICE_GUIDE; owner selection: The term page should own metta meaning while meditation pages own practices and scripts. | Page has a valid owned role, but its editorial differentiation belongs to Phase 4/5."
https://echobuddha.com/articles/mindful-email-and-texting/,PAGE_STATE,IMPROVE,IMPROVE,SCENARIO_GUIDE,SCENARIO_GUIDE,IMPROVE_LATER_PHASE,IMPROVE_LATER_PHASE,NO_CHANGE_REQUIRED_VALIDATED,NO_CHANGE_REQUIRED_VALIDATED,indexable; in sitemap; https://echobuddha.com/articles/mindful-email-and-texting/,Yes,No page-state correction required,Yes — template-feel review only; protect substance/owner/index state,No,"Built 2026-08-11T02:17:46.273Z; 845 words; 21 content headings; authored route; nearest /articles/right-speech-examples/ combined overlap 46.6%; external source links 2 | Phase 1: Built 2026-08-11T02:17:46.273Z; 845 words; 21 content headings; authored route; nearest /articles/right-speech-examples/ combined overlap 46.6%; external source links 2; role review: SCENARIO_GUIDE; owner selection: It combines meaning, ethical criteria, examples, and practice; other pages can specialize by source or scenario. | Page has a valid owned role, but its editorial differentiation belongs to Phase 4/5. | This page exists to serve scenario application within Right Speech through worked guidance for the specific situation named by “Mindful Email and Texting with Buddhist Right Speech”."
https://echobuddha.com/articles/mindful-listening-in-everyday-life/,PAGE_STATE,IMPROVE,IMPROVE,SCENARIO_GUIDE,SCENARIO_GUIDE,IMPROVE_LATER_PHASE,IMPROVE_LATER_PHASE,NOT_SELECTED,NOT_SELECTED_FOR_PHASE4_PRIORITY_QUEUE,indexable; in sitemap; https://echobuddha.com/articles/mindful-listening-in-everyday-life/,Yes,No page-state correction required,No specific Phase 5 queue item,No,"Built 2026-08-11T02:17:46.273Z; 1161 words; 27 content headings; authored route; nearest /articles/three-ways-to-practice-patience/ combined overlap 41.8%; external source links 0 | Phase 1: Built 2026-08-11T02:17:46.273Z; 1161 words; 27 content headings; authored route; nearest /articles/three-ways-to-practice-patience/ combined overlap 41.8%; external source links 0; role review: SCENARIO_GUIDE; owner selection: It combines meaning, ethical criteria, examples, and practice; other pages can specialize by source or scenario. | Page has a valid owned role, but its editorial differentiation belongs to Phase 4/5."
https://echobuddha.com/articles/mindfulness-for-better-sleep/,PAGE_STATE,HUMAN REVIEW,HUMAN REVIEW,SCENARIO_GUIDE,SCENARIO_GUIDE,HUMAN_REVIEW,HUMAN_REVIEW,NOT_SELECTED,NOT_SELECTED_FOR_PHASE4_PRIORITY_QUEUE,indexable; in sitemap; https://echobuddha.com/articles/mindfulness-for-better-sleep/,Yes,No page-state correction required,Human/owner review as recorded; do not change automatically,Yes,"Built 2026-08-11T02:17:46.273Z; 1277 words; 28 content headings; authored route; nearest /articles/how-to-meditate-for-anxiety/ combined overlap 43.5%; external source links 1 | Phase 1: Built 2026-08-11T02:17:46.273Z; 1277 words; 28 content headings; authored route; nearest /articles/how-to-meditate-for-anxiety/ combined overlap 43.5%; external source links 1; role review: SCENARIO_GUIDE; owner selection: It is the only sleep-specific mindfulness guide and must retain wellbeing boundaries. | Indexability remains unchanged because publisher, expert, source, or wellbeing judgement is required."
https://echobuddha.com/articles/mindfulness-morning-routine/,PAGE_STATE,IMPROVE,IMPROVE,PRACTICAL_APPLICATION,PRACTICAL_APPLICATION,IMPROVE_LATER_PHASE,IMPROVE_LATER_PHASE,NOT_SELECTED,NOT_SELECTED_FOR_PHASE4_PRIORITY_QUEUE,indexable; in sitemap; https://echobuddha.com/articles/mindfulness-morning-routine/,Yes,No page-state correction required,No specific Phase 5 queue item,No,"Built 2026-08-11T02:17:46.273Z; 1223 words; 26 content headings; authored route; nearest /articles/beginning-a-daily-mindfulness-practice/ combined overlap 40.3%; external source links 0 | Phase 1: Built 2026-08-11T02:17:46.273Z; 1223 words; 26 content headings; authored route; nearest /articles/beginning-a-daily-mindfulness-practice/ combined overlap 40.3%; external source links 0; role review: PRACTICAL_APPLICATION; owner selection: The lesson owns Buddhist mindfulness meaning; dictionary, comparison, and routine pages remain narrower. | Page has a valid owned role, but its editorial differentiation belongs to Phase 4/5."
https://echobuddha.com/articles/mindfulness-of-breathing-guide/,PAGE_STATE,IMPROVE,IMPROVE,PRIMARY_PILLAR,PRIMARY_PILLAR,KEEP_INDEXED,KEEP_INDEXED,NOT_SELECTED,NOT_SELECTED_FOR_PHASE4_PRIORITY_QUEUE,indexable; in sitemap; https://echobuddha.com/articles/mindfulness-of-breathing-guide/,Yes,No page-state correction required,No specific Phase 5 queue item,No,Built 2026-08-11T02:17:46.273Z; 1306 words; 28 content headings; authored route; nearest /articles/how-to-meditate-for-beginners/ combined overlap 41.6%; external source links 2 | Phase 1: Built 2026-08-11T02:17:46.273Z; 1306 words; 28 content headings; authored route; nearest /articles/how-to-meditate-for-beginners/ combined overlap 41.6%; external source links 2; role review: PRIMARY_PILLAR; owner selection: It owns the fuller breath-method explanation; practice and source pages keep distinct roles. | Distinct route purpose remains valid under the Phase 2 ownership architecture; no indexability change justified.
https://echobuddha.com/articles/mindfulness-vs-meditation/,PAGE_STATE,IMPROVE,IMPROVE,COMPARISON_PAGE,COMPARISON_PAGE,IMPROVE_LATER_PHASE,IMPROVE_LATER_PHASE,NOT_SELECTED,NOT_SELECTED_FOR_PHASE4_PRIORITY_QUEUE,indexable; in sitemap; https://echobuddha.com/articles/mindfulness-vs-meditation/,Yes,No page-state correction required,No specific Phase 5 queue item,No,"Built 2026-08-11T02:17:46.273Z; 1514 words; 29 content headings; authored route; nearest /articles/mindfulness-of-breathing-guide/ combined overlap 37.5%; external source links 2 | Phase 1: Built 2026-08-11T02:17:46.273Z; 1514 words; 29 content headings; authored route; nearest /articles/mindfulness-of-breathing-guide/ combined overlap 37.5%; external source links 2; role review: COMPARISON_PAGE; owner selection: The lesson owns Buddhist mindfulness meaning; dictionary, comparison, and routine pages remain narrower. | Page has a valid owned role, but its editorial differentiation belongs to Phase 4/5."
https://echobuddha.com/articles/noble-eightfold-path-practical-guide/,PAGE_STATE,CONSOLIDATE,CONSOLIDATE,PRACTICAL_APPLICATION,PRACTICAL_APPLICATION,CONSOLIDATE_AFTER_PHASE_4,CONSOLIDATE_AFTER_PHASE_4,HUMAN_REVIEW_DEFERRED,OWNER_EDITORIAL_REVIEW_HOLD; CURRENT PAGE PROTECTED,indexable; in sitemap; https://echobuddha.com/articles/noble-eightfold-path-practical-guide/,Yes,No page-state correction required,Human/owner review as recorded; do not change automatically,Yes,"Built 2026-08-11T02:17:46.273Z; 1207 words; 27 content headings; authored route; nearest /articles/eightfold-path-explained-daily-life/ combined overlap 38.9%; external source links 1 | Phase 1: Built 2026-08-11T02:17:46.273Z; 1207 words; 27 content headings; authored route; nearest /articles/eightfold-path-explained-daily-life/ combined overlap 38.9%; external source links 1; role review: PRACTICAL_APPLICATION; owner selection: The dedicated Learn page owns the whole-path framework and can route readers to factors, sources, and practice. | Ownership overlap is credible, but content must be integrated and verified before any redirect; deferred to editorial remediation. | This page exists to serve practical how to within Noble Eightfold Path through daily-life examples or a repeatable application tied specifically to “Noble Eightfold Path Practical Guide for Daily Life”."
https://echobuddha.com/articles/non-attachment-in-relationships/,PAGE_STATE,IMPROVE,IMPROVE,SCENARIO_GUIDE,SCENARIO_GUIDE,IMPROVE_LATER_PHASE,IMPROVE_LATER_PHASE,NOT_SELECTED,NOT_SELECTED_FOR_PHASE4_PRIORITY_QUEUE,indexable; in sitemap; https://echobuddha.com/articles/non-attachment-in-relationships/,Yes,No page-state correction required,No specific Phase 5 queue item,No,"Built 2026-08-11T02:17:46.273Z; 831 words; 22 content headings; authored route; nearest /articles/letting-go-without-giving-up/ combined overlap 42.5%; external source links 2 | Phase 1: Built 2026-08-11T02:17:46.273Z; 831 words; 22 content headings; authored route; nearest /articles/letting-go-without-giving-up/ combined overlap 42.5%; external source links 2; role review: SCENARIO_GUIDE; owner selection: It most clearly distinguishes clinging from care and anchors the practical release cluster. | Page has a valid owned role, but its editorial differentiation belongs to Phase 4/5."
https://echobuddha.com/articles/right-livelihood-modern-life/,PAGE_STATE,KEEP,KEEP,PRACTICAL_APPLICATION,PRACTICAL_APPLICATION,IMPROVE_LATER_PHASE,IMPROVE_LATER_PHASE,NOT_SELECTED,NOT_SELECTED_FOR_PHASE4_PRIORITY_QUEUE,indexable; in sitemap; https://echobuddha.com/articles/right-livelihood-modern-life/,Yes,No page-state correction required,No specific Phase 5 queue item,No,"Built 2026-08-11T02:17:46.273Z; 1809 words; 23 content headings; authored route; nearest /articles/five-precepts-in-daily-life/ combined overlap 31.9%; external source links 2 | Phase 1: Built 2026-08-11T02:17:46.273Z; 1809 words; 23 content headings; authored route; nearest /articles/five-precepts-in-daily-life/ combined overlap 31.9%; external source links 2; role review: PRACTICAL_APPLICATION; owner selection: The lesson owns the path-factor meaning; the article owns modern-work application. | Page has a valid owned role, but its editorial differentiation belongs to Phase 4/5."
https://echobuddha.com/articles/right-speech-buddhism/,PAGE_STATE,IMPROVE,IMPROVE,PRIMARY_PILLAR,PRIMARY_PILLAR,KEEP_INDEXED,KEEP_INDEXED,REMEDIATED_VALIDATED,REMEDIATED_VALIDATED,indexable; in sitemap; https://echobuddha.com/articles/right-speech-buddhism/,Yes,Evidence corrected; content retained,No specific Phase 5 queue item,No,"Built 2026-08-11T02:17:46.273Z; 1430 words; 31 content headings; authored route; nearest /articles/right-speech-examples/ combined overlap 43.9%; external source links 2 | Phase 1: Built 2026-08-11T02:17:46.273Z; 1430 words; 31 content headings; authored route; nearest /articles/right-speech-examples/ combined overlap 43.9%; external source links 2; role review: PRIMARY_PILLAR; owner selection: It combines meaning, ethical criteria, examples, and practice; other pages can specialize by source or scenario. | Distinct route purpose remains valid under the Phase 2 ownership architecture; no indexability change justified. | This page exists as Echo Buddha's protected owner for Right Speech: It combines meaning, ethical criteria, examples, and practice; other pages can specialize by source or scenario."
https://echobuddha.com/articles/right-speech-examples/,PAGE_STATE,IMPROVE,IMPROVE,SUPPORTING_EXPLANATION,SUPPORTING_EXPLANATION,IMPROVE_LATER_PHASE,IMPROVE_LATER_PHASE,NOT_SELECTED,NOT_SELECTED_FOR_PHASE4_PRIORITY_QUEUE,indexable; in sitemap; https://echobuddha.com/articles/right-speech-examples/,Yes,No page-state correction required,Yes — template-feel review only; protect substance/owner/index state,No,"Built 2026-08-11T02:17:46.273Z; 784 words; 21 content headings; authored route; nearest /articles/mindful-email-and-texting/ combined overlap 46.6%; external source links 2 | Phase 1: Built 2026-08-11T02:17:46.273Z; 784 words; 21 content headings; authored route; nearest /articles/mindful-email-and-texting/ combined overlap 46.6%; external source links 2; role review: SUPPORTING_EXPLANATION; owner selection: It combines meaning, ethical criteria, examples, and practice; other pages can specialize by source or scenario. | Page has a valid owned role, but its editorial differentiation belongs to Phase 4/5."
https://echobuddha.com/articles/three-poisons-buddhism-explained/,PAGE_STATE,KEEP,KEEP,PRIMARY_PILLAR,PRIMARY_PILLAR,KEEP_INDEXED,KEEP_INDEXED,NO_CHANGE_REQUIRED_VALIDATED,NO_CHANGE_REQUIRED_VALIDATED,indexable; in sitemap; https://echobuddha.com/articles/three-poisons-buddhism-explained/,Yes,No page-state correction required,No specific Phase 5 queue item,No,"Built 2026-08-11T02:17:46.273Z; 1803 words; 24 content headings; authored route; nearest /articles/five-precepts-in-daily-life/ combined overlap 34.2%; external source links 2 | Phase 1: Built 2026-08-11T02:17:46.273Z; 1803 words; 24 content headings; authored route; nearest /articles/five-precepts-in-daily-life/ combined overlap 34.2%; external source links 2; role review: PRIMARY_PILLAR; owner selection: It is the only substantial broad explainer of greed, aversion, and delusion. | Distinct route purpose remains valid under the Phase 2 ownership architecture; no indexability change justified. | This page exists as Echo Buddha's protected owner for Three Poisons: It is the only substantial broad explainer of greed, aversion, and delusion."
https://echobuddha.com/articles/three-ways-to-practice-patience/,PAGE_STATE,IMPROVE,IMPROVE,PRIMARY_PILLAR,PRIMARY_PILLAR,KEEP_INDEXED,KEEP_INDEXED,NOT_SELECTED,NOT_SELECTED_FOR_PHASE4_PRIORITY_QUEUE,indexable; in sitemap; https://echobuddha.com/articles/three-ways-to-practice-patience/,Yes,No page-state correction required,No specific Phase 5 queue item,No,Built 2026-08-11T02:17:46.273Z; 1188 words; 27 content headings; authored route; nearest /articles/mindful-listening-in-everyday-life/ combined overlap 41.8%; external source links 0 | Phase 1: Built 2026-08-11T02:17:46.273Z; 1188 words; 27 content headings; authored route; nearest /articles/mindful-listening-in-everyday-life/ combined overlap 41.8%; external source links 0; role review: PRIMARY_PILLAR; owner selection: It is the broad practical owner; source study and recurring reflections remain narrow. | Distinct route purpose remains valid under the Phase 2 ownership architecture; no indexability change justified.
https://echobuddha.com/articles/visiting-a-buddhist-temple-respectfully/,PAGE_STATE,IMPROVE,IMPROVE,SCENARIO_GUIDE,SCENARIO_GUIDE,IMPROVE_LATER_PHASE,IMPROVE_LATER_PHASE,NOT_SELECTED,NOT_SELECTED_FOR_PHASE4_PRIORITY_QUEUE,indexable; in sitemap; https://echobuddha.com/articles/visiting-a-buddhist-temple-respectfully/,Yes,No page-state correction required,Yes — template-feel review only; protect substance/owner/index state,No,"Built 2026-08-11T02:17:46.273Z; 888 words; 21 content headings; authored route; nearest /articles/what-is-sangha-buddhist-community/ combined overlap 46.8%; external source links 4 | Phase 1: Built 2026-08-11T02:17:46.273Z; 888 words; 21 content headings; authored route; nearest /articles/what-is-sangha-buddhist-community/ combined overlap 46.8%; external source links 4; role review: SCENARIO_GUIDE; owner selection: It provides the fuller community explanation; the dictionary and temple guide have narrower roles. | Page has a valid owned role, but its editorial differentiation belongs to Phase 4/5."
https://echobuddha.com/articles/walking-meditation-step-by-step/,PAGE_STATE,IMPROVE,IMPROVE,PRACTICE_GUIDE,PRACTICE_GUIDE,IMPROVE_LATER_PHASE,IMPROVE_LATER_PHASE,NOT_SELECTED,NOT_SELECTED_FOR_PHASE4_PRIORITY_QUEUE,indexable; in sitemap; https://echobuddha.com/articles/walking-meditation-step-by-step/,Yes,No page-state correction required,No specific Phase 5 queue item,No,"Built 2026-08-11T02:17:46.273Z; 1239 words; 26 content headings; authored route; nearest /articles/beginning-a-daily-mindfulness-practice/ combined overlap 41.8%; external source links 0 | Phase 1: Built 2026-08-11T02:17:46.273Z; 1239 words; 26 content headings; authored route; nearest /articles/beginning-a-daily-mindfulness-practice/ combined overlap 41.8%; external source links 0; role review: PRACTICE_GUIDE; owner selection: The meditation route should own the repeatable walking practice; the article must add depth or be reviewed for consolidation. | Page has a valid owned role, but its editorial differentiation belongs to Phase 4/5."
https://echobuddha.com/articles/what-is-buddhism-beginner-guide/,PAGE_STATE,IMPROVE,IMPROVE,BEGINNER_FOUNDATION,BEGINNER_FOUNDATION,IMPROVE_LATER_PHASE,IMPROVE_LATER_PHASE,NOT_SELECTED,NOT_SELECTED_FOR_PHASE4_PRIORITY_QUEUE,indexable; in sitemap; https://echobuddha.com/articles/what-is-buddhism-beginner-guide/,Yes,No page-state correction required,No specific Phase 5 queue item,No,"Built 2026-08-11T02:17:46.273Z; 1384 words; 26 content headings; authored route; nearest /articles/four-noble-truths-explained-simply/ combined overlap 42.5%; external source links 2 | Phase 1: Built 2026-08-11T02:17:46.273Z; 1384 words; 26 content headings; authored route; nearest /articles/four-noble-truths-explained-simply/ combined overlap 42.5%; external source links 2; role review: BEGINNER_FOUNDATION; owner selection: The strongest structured entry into basic Buddhist teaching and practice. | Page has a valid owned role, but its editorial differentiation belongs to Phase 4/5."
https://echobuddha.com/articles/what-is-karma-in-buddhism/,PAGE_STATE,KEEP,KEEP,PRACTICAL_APPLICATION,PRACTICAL_APPLICATION,IMPROVE_LATER_PHASE,IMPROVE_LATER_PHASE,NOT_SELECTED,NOT_SELECTED_FOR_PHASE4_PRIORITY_QUEUE,indexable; in sitemap; https://echobuddha.com/articles/what-is-karma-in-buddhism/,Yes,No page-state correction required,No specific Phase 5 queue item,No,"Built 2026-08-11T02:17:46.273Z; 1445 words; 28 content headings; authored route; nearest /articles/eightfold-path-explained/ combined overlap 34.8%; external source links 1 | Phase 1: Built 2026-08-11T02:17:46.273Z; 1445 words; 28 content headings; authored route; nearest /articles/eightfold-path-explained/ combined overlap 34.8%; external source links 1; role review: PRACTICAL_APPLICATION; owner selection: The lesson owns the broad Buddhist meaning; the article applies intention and consequence to daily choices. | Page has a valid owned role, but its editorial differentiation belongs to Phase 4/5."
https://echobuddha.com/articles/what-is-sangha-buddhist-community/,PAGE_STATE,IMPROVE,IMPROVE,PRIMARY_PILLAR,PRIMARY_PILLAR,KEEP_INDEXED,KEEP_INDEXED,NO_CHANGE_REQUIRED_VALIDATED,NO_CHANGE_REQUIRED_VALIDATED,indexable; in sitemap; https://echobuddha.com/articles/what-is-sangha-buddhist-community/,Yes,No page-state correction required,Yes — template-feel review only; protect substance/owner/index state,No,Built 2026-08-11T02:17:46.273Z; 1759 words; 25 content headings; authored route; nearest /articles/visiting-a-buddhist-temple-respectfully/ combined overlap 46.8%; external source links 3 | Phase 1: Built 2026-08-11T02:17:46.273Z; 1759 words; 25 content headings; authored route; nearest /articles/visiting-a-buddhist-temple-respectfully/ combined overlap 46.8%; external source links 3; role review: PRIMARY_PILLAR; owner selection: It provides the fuller community explanation; the dictionary and temple guide have narrower roles. | Distinct route purpose remains valid under the Phase 2 ownership architecture; no indexability change justified. | This page exists as Echo Buddha's protected owner for Sangha: It provides the fuller community explanation; the dictionary and temple guide have narrower roles.
https://echobuddha.com/authors/echo-buddha-editorial/,PAGE_STATE,HUMAN REVIEW,HUMAN REVIEW,TRUST_POLICY,TRUST_POLICY,HUMAN_REVIEW,HUMAN_REVIEW,NOT_SELECTED,NOT_SELECTED_FOR_PHASE4_PRIORITY_QUEUE,indexable; in sitemap; https://echobuddha.com/authors/echo-buddha-editorial/,Yes,No page-state correction required,Human/owner review as recorded; do not change automatically,Yes,"Built 2026-08-11T02:17:46.273Z; 268 words; 9 content headings; authored route; nearest n/a combined overlap 0.0%; external source links 0 | Phase 1: Built 2026-08-11T02:17:46.273Z; 268 words; 9 content headings; authored route; nearest n/a combined overlap 0.0%; external source links 0; role review: TRUST_POLICY; owner selection: About anchors publisher identity while each policy page retains a protected, non-SEO trust function. | Indexability remains unchanged because publisher, expert, source, or wellbeing judgement is required."
https://echobuddha.com/buddhist-sources-and-citations/,PAGE_STATE,IMPROVE,IMPROVE,TRUST_POLICY,TRUST_POLICY,IMPROVE_LATER_PHASE,IMPROVE_LATER_PHASE,NOT_SELECTED,NOT_SELECTED_FOR_PHASE4_PRIORITY_QUEUE,indexable; in sitemap; https://echobuddha.com/buddhist-sources-and-citations/,Yes,No page-state correction required,No specific Phase 5 queue item,No,"Built 2026-08-11T02:17:46.273Z; 295 words; 6 content headings; authored route; nearest /quote-attribution-policy/ combined overlap 20.6%; external source links 0 | Phase 1: Built 2026-08-11T02:17:46.273Z; 295 words; 6 content headings; authored route; nearest /quote-attribution-policy/ combined overlap 20.6%; external source links 0; role review: TRUST_POLICY; owner selection: About anchors publisher identity while each policy page retains a protected, non-SEO trust function. | Page has a valid owned role, but its editorial differentiation belongs to Phase 4/5."
https://echobuddha.com/contact/,PAGE_STATE,IMPROVE,IMPROVE,TRUST_POLICY,TRUST_POLICY,IMPROVE_LATER_PHASE,IMPROVE_LATER_PHASE,NOT_SELECTED,NOT_SELECTED_FOR_PHASE4_PRIORITY_QUEUE,indexable; in sitemap; https://echobuddha.com/contact/,Yes,No page-state correction required,No specific Phase 5 queue item,No,"Built 2026-08-11T02:17:46.273Z; 120 words; 4 content headings; authored route; nearest /corrections/ combined overlap 15.5%; external source links 0 | Phase 1: Built 2026-08-11T02:17:46.273Z; 120 words; 4 content headings; authored route; nearest /corrections/ combined overlap 15.5%; external source links 0; role review: TRUST_POLICY; owner selection: About anchors publisher identity while each policy page retains a protected, non-SEO trust function. | Page has a valid owned role, but its editorial differentiation belongs to Phase 4/5."
https://echobuddha.com/corrections/,PAGE_STATE,IMPROVE,IMPROVE,TRUST_POLICY,TRUST_POLICY,IMPROVE_LATER_PHASE,IMPROVE_LATER_PHASE,NOT_SELECTED,NOT_SELECTED_FOR_PHASE4_PRIORITY_QUEUE,indexable; in sitemap; https://echobuddha.com/corrections/,Yes,No page-state correction required,No specific Phase 5 queue item,No,"Built 2026-08-11T02:17:46.273Z; 215 words; 7 content headings; authored route; nearest /contact/ combined overlap 15.5%; external source links 0 | Phase 1: Built 2026-08-11T02:17:46.273Z; 215 words; 7 content headings; authored route; nearest /contact/ combined overlap 15.5%; external source links 0; role review: TRUST_POLICY; owner selection: About anchors publisher identity while each policy page retains a protected, non-SEO trust function. | Page has a valid owned role, but its editorial differentiation belongs to Phase 4/5."
https://echobuddha.com/daily-reflections/anger-as-a-signal/,PAGE_STATE,NOINDEX,NOINDEX,RECURRING_USER_CONTENT,RECURRING_USER_CONTENT,NOINDEX,NOINDEX,NOT_SELECTED,NOT_SELECTED_FOR_PHASE4_PRIORITY_QUEUE,"noindex, follow; out of sitemap; https://echobuddha.com/daily-reflections/anger-as-a-signal/",Yes,No page-state correction required,Yes — template-feel review only; protect substance/owner/index state,No,Built 2026-08-11T02:17:46.273Z; 310 words; 12 content headings; authored route; nearest /daily-reflections/kindness-with-boundaries/ combined overlap 73.7%; external source links 0 | Phase 1: Built 2026-08-11T02:17:46.273Z; 310 words; 12 content headings; authored route; nearest /daily-reflections/kindness-with-boundaries/ combined overlap 73.7%; external source links 0; role review: RECURRING_USER_CONTENT; owner selection: The hub owns the returning reflection experience; detail pages do not own broad teaching queries. | Recurring reflection detail is useful to returning users but too brief and structurally repetitive to justify independent Google indexing; the hub remains indexed.
https://echobuddha.com/daily-reflections/begin-again-without-shame/,PAGE_STATE,NOINDEX,NOINDEX,RECURRING_USER_CONTENT,RECURRING_USER_CONTENT,NOINDEX,NOINDEX,NOT_SELECTED,NOT_SELECTED_FOR_PHASE4_PRIORITY_QUEUE,"noindex, follow; out of sitemap; https://echobuddha.com/daily-reflections/begin-again-without-shame/",Yes,No page-state correction required,Yes — template-feel review only; protect substance/owner/index state,No,Built 2026-08-11T02:17:46.273Z; 307 words; 12 content headings; authored route; nearest /daily-reflections/morning-intention/ combined overlap 73.8%; external source links 0 | Phase 1: Built 2026-08-11T02:17:46.273Z; 307 words; 12 content headings; authored route; nearest /daily-reflections/morning-intention/ combined overlap 73.8%; external source links 0; role review: RECURRING_USER_CONTENT; owner selection: The hub owns the returning reflection experience; detail pages do not own broad teaching queries. | Recurring reflection detail is useful to returning users but too brief and structurally repetitive to justify independent Google indexing; the hub remains indexed.
https://echobuddha.com/daily-reflections/compassion-begins-nearby/,PAGE_STATE,NOINDEX,NOINDEX,RECURRING_USER_CONTENT,RECURRING_USER_CONTENT,NOINDEX,NOINDEX,NOT_SELECTED,NOT_SELECTED_FOR_PHASE4_PRIORITY_QUEUE,"noindex, follow; out of sitemap; https://echobuddha.com/daily-reflections/compassion-begins-nearby/",Yes,No page-state correction required,Yes — template-feel review only; protect substance/owner/index state,No,Built 2026-08-11T02:17:46.273Z; 306 words; 12 content headings; authored route; nearest /daily-reflections/kindness-with-boundaries/ combined overlap 74.5%; external source links 0 | Phase 1: Built 2026-08-11T02:17:46.273Z; 306 words; 12 content headings; authored route; nearest /daily-reflections/kindness-with-boundaries/ combined overlap 74.5%; external source links 0; role review: RECURRING_USER_CONTENT; owner selection: The hub owns the returning reflection experience; detail pages do not own broad teaching queries. | Recurring reflection detail is useful to returning users but too brief and structurally repetitive to justify independent Google indexing; the hub remains indexed.
https://echobuddha.com/daily-reflections/enough-for-this-moment/,PAGE_STATE,NOINDEX,NOINDEX,RECURRING_USER_CONTENT,RECURRING_USER_CONTENT,NOINDEX,NOINDEX,NOT_SELECTED,NOT_SELECTED_FOR_PHASE4_PRIORITY_QUEUE,"noindex, follow; out of sitemap; https://echobuddha.com/daily-reflections/enough-for-this-moment/",Yes,No page-state correction required,Yes — template-feel review only; protect substance/owner/index state,No,Built 2026-08-11T02:17:46.273Z; 298 words; 12 content headings; authored route; nearest /daily-reflections/gratitude-notices-enough/ combined overlap 74.1%; external source links 0 | Phase 1: Built 2026-08-11T02:17:46.273Z; 298 words; 12 content headings; authored route; nearest /daily-reflections/gratitude-notices-enough/ combined overlap 74.1%; external source links 0; role review: RECURRING_USER_CONTENT; owner selection: The hub owns the returning reflection experience; detail pages do not own broad teaching queries. | Recurring reflection detail is useful to returning users but too brief and structurally repetitive to justify independent Google indexing; the hub remains indexed.
https://echobuddha.com/daily-reflections/evening-release/,PAGE_STATE,NOINDEX,NOINDEX,RECURRING_USER_CONTENT,RECURRING_USER_CONTENT,NOINDEX,NOINDEX,NOT_SELECTED,NOT_SELECTED_FOR_PHASE4_PRIORITY_QUEUE,"noindex, follow; out of sitemap; https://echobuddha.com/daily-reflections/evening-release/",Yes,No page-state correction required,Yes — template-feel review only; protect substance/owner/index state,No,Built 2026-08-11T02:17:46.273Z; 314 words; 12 content headings; authored route; nearest /daily-reflections/morning-intention/ combined overlap 73.7%; external source links 0 | Phase 1: Built 2026-08-11T02:17:46.273Z; 314 words; 12 content headings; authored route; nearest /daily-reflections/morning-intention/ combined overlap 73.7%; external source links 0; role review: RECURRING_USER_CONTENT; owner selection: The hub owns the returning reflection experience; detail pages do not own broad teaching queries. | Recurring reflection detail is useful to returning users but too brief and structurally repetitive to justify independent Google indexing; the hub remains indexed.
https://echobuddha.com/daily-reflections/family-patience/,PAGE_STATE,NOINDEX,NOINDEX,RECURRING_USER_CONTENT,RECURRING_USER_CONTENT,NOINDEX,NOINDEX,NOT_SELECTED,NOT_SELECTED_FOR_PHASE4_PRIORITY_QUEUE,"noindex, follow; out of sitemap; https://echobuddha.com/daily-reflections/family-patience/",Yes,No page-state correction required,Yes — template-feel review only; protect substance/owner/index state,No,Built 2026-08-11T02:17:46.273Z; 300 words; 12 content headings; authored route; nearest /daily-reflections/simple-goodwill/ combined overlap 74.1%; external source links 0 | Phase 1: Built 2026-08-11T02:17:46.273Z; 300 words; 12 content headings; authored route; nearest /daily-reflections/simple-goodwill/ combined overlap 74.1%; external source links 0; role review: RECURRING_USER_CONTENT; owner selection: The hub owns the returning reflection experience; detail pages do not own broad teaching queries. | Recurring reflection detail is useful to returning users but too brief and structurally repetitive to justify independent Google indexing; the hub remains indexed.
https://echobuddha.com/daily-reflections/forgiveness-without-approval/,PAGE_STATE,NOINDEX,NOINDEX,RECURRING_USER_CONTENT,RECURRING_USER_CONTENT,NOINDEX,NOINDEX,NOT_SELECTED,NOT_SELECTED_FOR_PHASE4_PRIORITY_QUEUE,"noindex, follow; out of sitemap; https://echobuddha.com/daily-reflections/forgiveness-without-approval/",Yes,No page-state correction required,Yes — template-feel review only; protect substance/owner/index state,No,Built 2026-08-11T02:17:46.273Z; 303 words; 12 content headings; authored route; nearest /daily-reflections/metta-for-a-difficult-person/ combined overlap 75.8%; external source links 0 | Phase 1: Built 2026-08-11T02:17:46.273Z; 303 words; 12 content headings; authored route; nearest /daily-reflections/metta-for-a-difficult-person/ combined overlap 75.8%; external source links 0; role review: RECURRING_USER_CONTENT; owner selection: The hub owns the returning reflection experience; detail pages do not own broad teaching queries. | Recurring reflection detail is useful to returning users but too brief and structurally repetitive to justify independent Google indexing; the hub remains indexed.
https://echobuddha.com/daily-reflections/gratitude-for-change/,PAGE_STATE,NOINDEX,NOINDEX,RECURRING_USER_CONTENT,RECURRING_USER_CONTENT,NOINDEX,NOINDEX,NOT_SELECTED,NOT_SELECTED_FOR_PHASE4_PRIORITY_QUEUE,"noindex, follow; out of sitemap; https://echobuddha.com/daily-reflections/gratitude-for-change/",Yes,No page-state correction required,Yes — template-feel review only; protect substance/owner/index state,No,Built 2026-08-11T02:17:46.273Z; 290 words; 12 content headings; authored route; nearest /daily-reflections/impermanence-softens-clinging/ combined overlap 73.8%; external source links 0 | Phase 1: Built 2026-08-11T02:17:46.273Z; 290 words; 12 content headings; authored route; nearest /daily-reflections/impermanence-softens-clinging/ combined overlap 73.8%; external source links 0; role review: RECURRING_USER_CONTENT; owner selection: The hub owns the returning reflection experience; detail pages do not own broad teaching queries. | Recurring reflection detail is useful to returning users but too brief and structurally repetitive to justify independent Google indexing; the hub remains indexed.
https://echobuddha.com/daily-reflections/gratitude-notices-enough/,PAGE_STATE,NOINDEX,NOINDEX,RECURRING_USER_CONTENT,RECURRING_USER_CONTENT,NOINDEX,NOINDEX,NOT_SELECTED,NOT_SELECTED_FOR_PHASE4_PRIORITY_QUEUE,"noindex, follow; out of sitemap; https://echobuddha.com/daily-reflections/gratitude-notices-enough/",Yes,No page-state correction required,Yes — template-feel review only; protect substance/owner/index state,No,Built 2026-08-11T02:17:46.273Z; 297 words; 12 content headings; authored route; nearest /daily-reflections/soften-the-inner-argument/ combined overlap 74.3%; external source links 0 | Phase 1: Built 2026-08-11T02:17:46.273Z; 297 words; 12 content headings; authored route; nearest /daily-reflections/soften-the-inner-argument/ combined overlap 74.3%; external source links 0; role review: RECURRING_USER_CONTENT; owner selection: The hub owns the returning reflection experience; detail pages do not own broad teaching queries. | Recurring reflection detail is useful to returning users but too brief and structurally repetitive to justify independent Google indexing; the hub remains indexed.
https://echobuddha.com/daily-reflections/impermanence-softens-clinging/,PAGE_STATE,NOINDEX,NOINDEX,RECURRING_USER_CONTENT,RECURRING_USER_CONTENT,NOINDEX,NOINDEX,NOT_SELECTED,NOT_SELECTED_FOR_PHASE4_PRIORITY_QUEUE,"noindex, follow; out of sitemap; https://echobuddha.com/daily-reflections/impermanence-softens-clinging/",Yes,No page-state correction required,Yes — template-feel review only; protect substance/owner/index state,No,Built 2026-08-11T02:17:46.273Z; 297 words; 12 content headings; authored route; nearest /daily-reflections/gratitude-for-change/ combined overlap 73.8%; external source links 0 | Phase 1: Built 2026-08-11T02:17:46.273Z; 297 words; 12 content headings; authored route; nearest /daily-reflections/gratitude-for-change/ combined overlap 73.8%; external source links 0; role review: RECURRING_USER_CONTENT; owner selection: The hub owns the returning reflection experience; detail pages do not own broad teaching queries. | Recurring reflection detail is useful to returning users but too brief and structurally repetitive to justify independent Google indexing; the hub remains indexed.
https://echobuddha.com/daily-reflections/,PAGE_STATE,IMPROVE,IMPROVE,HUB,HUB,KEEP_INDEXED,KEEP_INDEXED,NOT_SELECTED,NOT_SELECTED_FOR_PHASE4_PRIORITY_QUEUE,indexable; in sitemap; https://echobuddha.com/daily-reflections/,Yes,No page-state correction required,No specific Phase 5 queue item,No,Built 2026-08-11T02:17:46.273Z; 1782 words; 36 content headings; authored route; nearest /quotes/ combined overlap 20.6%; external source links 0 | Phase 1: Built 2026-08-11T02:17:46.273Z; 1782 words; 36 content headings; authored route; nearest /quotes/ combined overlap 20.6%; external source links 0; role review: HUB; owner selection: The hub owns the returning reflection experience; detail pages do not own broad teaching queries. | Distinct route purpose remains valid under the Phase 2 ownership architecture; no indexability change justified.
https://echobuddha.com/daily-reflections/kindness-with-boundaries/,PAGE_STATE,NOINDEX,NOINDEX,RECURRING_USER_CONTENT,RECURRING_USER_CONTENT,NOINDEX,NOINDEX,NOT_SELECTED,NOT_SELECTED_FOR_PHASE4_PRIORITY_QUEUE,"noindex, follow; out of sitemap; https://echobuddha.com/daily-reflections/kindness-with-boundaries/",Yes,No page-state correction required,Yes — template-feel review only; protect substance/owner/index state,No,Built 2026-08-11T02:17:46.273Z; 302 words; 12 content headings; authored route; nearest /daily-reflections/rest-without-escape/ combined overlap 76.0%; external source links 0 | Phase 1: Built 2026-08-11T02:17:46.273Z; 302 words; 12 content headings; authored route; nearest /daily-reflections/rest-without-escape/ combined overlap 76.0%; external source links 0; role review: RECURRING_USER_CONTENT; owner selection: The hub owns the returning reflection experience; detail pages do not own broad teaching queries. | Recurring reflection detail is useful to returning users but too brief and structurally repetitive to justify independent Google indexing; the hub remains indexed.
https://echobuddha.com/daily-reflections/let-the-feeling-pass/,PAGE_STATE,NOINDEX,NOINDEX,RECURRING_USER_CONTENT,RECURRING_USER_CONTENT,NOINDEX,NOINDEX,NOT_SELECTED,NOT_SELECTED_FOR_PHASE4_PRIORITY_QUEUE,"noindex, follow; out of sitemap; https://echobuddha.com/daily-reflections/let-the-feeling-pass/",Yes,No page-state correction required,Yes — template-feel review only; protect substance/owner/index state,No,Built 2026-08-11T02:17:46.273Z; 318 words; 12 content headings; authored route; nearest /daily-reflections/simple-goodwill/ combined overlap 73.4%; external source links 0 | Phase 1: Built 2026-08-11T02:17:46.273Z; 318 words; 12 content headings; authored route; nearest /daily-reflections/simple-goodwill/ combined overlap 73.4%; external source links 0; role review: RECURRING_USER_CONTENT; owner selection: The hub owns the returning reflection experience; detail pages do not own broad teaching queries. | Recurring reflection detail is useful to returning users but too brief and structurally repetitive to justify independent Google indexing; the hub remains indexed.
https://echobuddha.com/daily-reflections/letting-go-keeps-care/,PAGE_STATE,NOINDEX,NOINDEX,RECURRING_USER_CONTENT,RECURRING_USER_CONTENT,NOINDEX,NOINDEX,NOT_SELECTED,NOT_SELECTED_FOR_PHASE4_PRIORITY_QUEUE,"noindex, follow; out of sitemap; https://echobuddha.com/daily-reflections/letting-go-keeps-care/",Yes,No page-state correction required,Yes — template-feel review only; protect substance/owner/index state,No,Built 2026-08-11T02:17:46.273Z; 298 words; 12 content headings; authored route; nearest /daily-reflections/forgiveness-without-approval/ combined overlap 73.2%; external source links 0 | Phase 1: Built 2026-08-11T02:17:46.273Z; 298 words; 12 content headings; authored route; nearest /daily-reflections/forgiveness-without-approval/ combined overlap 73.2%; external source links 0; role review: RECURRING_USER_CONTENT; owner selection: The hub owns the returning reflection experience; detail pages do not own broad teaching queries. | Recurring reflection detail is useful to returning users but too brief and structurally repetitive to justify independent Google indexing; the hub remains indexed.
https://echobuddha.com/daily-reflections/listen-before-answering/,PAGE_STATE,NOINDEX,NOINDEX,RECURRING_USER_CONTENT,RECURRING_USER_CONTENT,NOINDEX,NOINDEX,NOT_SELECTED,NOT_SELECTED_FOR_PHASE4_PRIORITY_QUEUE,"noindex, follow; out of sitemap; https://echobuddha.com/daily-reflections/listen-before-answering/",Yes,No page-state correction required,Yes — template-feel review only; protect substance/owner/index state,No,Built 2026-08-11T02:17:46.273Z; 303 words; 12 content headings; authored route; nearest /daily-reflections/speech-can-reduce-suffering/ combined overlap 74.9%; external source links 0 | Phase 1: Built 2026-08-11T02:17:46.273Z; 303 words; 12 content headings; authored route; nearest /daily-reflections/speech-can-reduce-suffering/ combined overlap 74.9%; external source links 0; role review: RECURRING_USER_CONTENT; owner selection: The hub owns the returning reflection experience; detail pages do not own broad teaching queries. | Recurring reflection detail is useful to returning users but too brief and structurally repetitive to justify independent Google indexing; the hub remains indexed.
https://echobuddha.com/daily-reflections/metta-for-a-difficult-person/,PAGE_STATE,NOINDEX,NOINDEX,RECURRING_USER_CONTENT,RECURRING_USER_CONTENT,NOINDEX,NOINDEX,NOT_SELECTED,NOT_SELECTED_FOR_PHASE4_PRIORITY_QUEUE,"noindex, follow; out of sitemap; https://echobuddha.com/daily-reflections/metta-for-a-difficult-person/",Yes,No page-state correction required,Yes — template-feel review only; protect substance/owner/index state,No,Built 2026-08-11T02:17:46.273Z; 304 words; 12 content headings; authored route; nearest /daily-reflections/forgiveness-without-approval/ combined overlap 75.8%; external source links 0 | Phase 1: Built 2026-08-11T02:17:46.273Z; 304 words; 12 content headings; authored route; nearest /daily-reflections/forgiveness-without-approval/ combined overlap 75.8%; external source links 0; role review: RECURRING_USER_CONTENT; owner selection: The hub owns the returning reflection experience; detail pages do not own broad teaching queries. | Recurring reflection detail is useful to returning users but too brief and structurally repetitive to justify independent Google indexing; the hub remains indexed.
https://echobuddha.com/daily-reflections/mindful-work/,PAGE_STATE,NOINDEX,NOINDEX,RECURRING_USER_CONTENT,RECURRING_USER_CONTENT,NOINDEX,NOINDEX,NOT_SELECTED,NOT_SELECTED_FOR_PHASE4_PRIORITY_QUEUE,"noindex, follow; out of sitemap; https://echobuddha.com/daily-reflections/mindful-work/",Yes,No page-state correction required,Yes — template-feel review only; protect substance/owner/index state,No,Built 2026-08-11T02:17:46.273Z; 304 words; 12 content headings; authored route; nearest /daily-reflections/one-step-on-the-path/ combined overlap 77.9%; external source links 0 | Phase 1: Built 2026-08-11T02:17:46.273Z; 304 words; 12 content headings; authored route; nearest /daily-reflections/one-step-on-the-path/ combined overlap 77.9%; external source links 0; role review: RECURRING_USER_CONTENT; owner selection: The hub owns the returning reflection experience; detail pages do not own broad teaching queries. | Recurring reflection detail is useful to returning users but too brief and structurally repetitive to justify independent Google indexing; the hub remains indexed.
https://echobuddha.com/daily-reflections/morning-intention/,PAGE_STATE,NOINDEX,NOINDEX,RECURRING_USER_CONTENT,RECURRING_USER_CONTENT,NOINDEX,NOINDEX,NOT_SELECTED,NOT_SELECTED_FOR_PHASE4_PRIORITY_QUEUE,"noindex, follow; out of sitemap; https://echobuddha.com/daily-reflections/morning-intention/",Yes,No page-state correction required,Yes — template-feel review only; protect substance/owner/index state,No,Built 2026-08-11T02:17:46.273Z; 300 words; 12 content headings; authored route; nearest /daily-reflections/one-step-on-the-path/ combined overlap 75.7%; external source links 0 | Phase 1: Built 2026-08-11T02:17:46.273Z; 300 words; 12 content headings; authored route; nearest /daily-reflections/one-step-on-the-path/ combined overlap 75.7%; external source links 0; role review: RECURRING_USER_CONTENT; owner selection: The hub owns the returning reflection experience; detail pages do not own broad teaching queries. | Recurring reflection detail is useful to returning users but too brief and structurally repetitive to justify independent Google indexing; the hub remains indexed.
https://echobuddha.com/daily-reflections/notice-before-fixing/,PAGE_STATE,NOINDEX,NOINDEX,RECURRING_USER_CONTENT,RECURRING_USER_CONTENT,NOINDEX,NOINDEX,NOT_SELECTED,NOT_SELECTED_FOR_PHASE4_PRIORITY_QUEUE,"noindex, follow; out of sitemap; https://echobuddha.com/daily-reflections/notice-before-fixing/",Yes,No page-state correction required,Yes — template-feel review only; protect substance/owner/index state,No,Built 2026-08-11T02:17:46.273Z; 300 words; 12 content headings; authored route; nearest /daily-reflections/morning-intention/ combined overlap 73.9%; external source links 0 | Phase 1: Built 2026-08-11T02:17:46.273Z; 300 words; 12 content headings; authored route; nearest /daily-reflections/morning-intention/ combined overlap 73.9%; external source links 0; role review: RECURRING_USER_CONTENT; owner selection: The hub owns the returning reflection experience; detail pages do not own broad teaching queries. | Recurring reflection detail is useful to returning users but too brief and structurally repetitive to justify independent Google indexing; the hub remains indexed.
https://echobuddha.com/daily-reflections/one-honest-breath/,PAGE_STATE,NOINDEX,NOINDEX,RECURRING_USER_CONTENT,RECURRING_USER_CONTENT,NOINDEX,NOINDEX,NOT_SELECTED,NOT_SELECTED_FOR_PHASE4_PRIORITY_QUEUE,"noindex, follow; out of sitemap; https://echobuddha.com/daily-reflections/one-honest-breath/",Yes,No page-state correction required,Yes — template-feel review only; protect substance/owner/index state,No,Built 2026-08-11T02:17:46.273Z; 314 words; 12 content headings; authored route; nearest /daily-reflections/evening-release/ combined overlap 73.5%; external source links 0 | Phase 1: Built 2026-08-11T02:17:46.273Z; 314 words; 12 content headings; authored route; nearest /daily-reflections/evening-release/ combined overlap 73.5%; external source links 0; role review: RECURRING_USER_CONTENT; owner selection: The hub owns the returning reflection experience; detail pages do not own broad teaching queries. | Recurring reflection detail is useful to returning users but too brief and structurally repetitive to justify independent Google indexing; the hub remains indexed.
https://echobuddha.com/daily-reflections/one-step-on-the-path/,PAGE_STATE,NOINDEX,NOINDEX,RECURRING_USER_CONTENT,RECURRING_USER_CONTENT,NOINDEX,NOINDEX,NOT_SELECTED,NOT_SELECTED_FOR_PHASE4_PRIORITY_QUEUE,"noindex, follow; out of sitemap; https://echobuddha.com/daily-reflections/one-step-on-the-path/",Yes,No page-state correction required,Yes — template-feel review only; protect substance/owner/index state,No,Built 2026-08-11T02:17:46.273Z; 314 words; 12 content headings; authored route; nearest /daily-reflections/mindful-work/ combined overlap 77.9%; external source links 0 | Phase 1: Built 2026-08-11T02:17:46.273Z; 314 words; 12 content headings; authored route; nearest /daily-reflections/mindful-work/ combined overlap 77.9%; external source links 0; role review: RECURRING_USER_CONTENT; owner selection: The hub owns the returning reflection experience; detail pages do not own broad teaching queries. | Recurring reflection detail is useful to returning users but too brief and structurally repetitive to justify independent Google indexing; the hub remains indexed.
https://echobuddha.com/daily-reflections/patience-before-anger-speaks/,PAGE_STATE,NOINDEX,NOINDEX,RECURRING_USER_CONTENT,RECURRING_USER_CONTENT,NOINDEX,NOINDEX,NOT_SELECTED,NOT_SELECTED_FOR_PHASE4_PRIORITY_QUEUE,"noindex, follow; out of sitemap; https://echobuddha.com/daily-reflections/patience-before-anger-speaks/",Yes,No page-state correction required,Yes — template-feel review only; protect substance/owner/index state,No,Built 2026-08-11T02:17:46.273Z; 333 words; 12 content headings; authored route; nearest /daily-reflections/speech-can-reduce-suffering/ combined overlap 72.9%; external source links 0 | Phase 1: Built 2026-08-11T02:17:46.273Z; 333 words; 12 content headings; authored route; nearest /daily-reflections/speech-can-reduce-suffering/ combined overlap 72.9%; external source links 0; role review: RECURRING_USER_CONTENT; owner selection: The hub owns the returning reflection experience; detail pages do not own broad teaching queries. | Recurring reflection detail is useful to returning users but too brief and structurally repetitive to justify independent Google indexing; the hub remains indexed.
https://echobuddha.com/daily-reflections/rest-without-escape/,PAGE_STATE,NOINDEX,NOINDEX,RECURRING_USER_CONTENT,RECURRING_USER_CONTENT,NOINDEX,NOINDEX,NOT_SELECTED,NOT_SELECTED_FOR_PHASE4_PRIORITY_QUEUE,"noindex, follow; out of sitemap; https://echobuddha.com/daily-reflections/rest-without-escape/",Yes,No page-state correction required,Yes — template-feel review only; protect substance/owner/index state,No,Built 2026-08-11T02:17:46.273Z; 311 words; 12 content headings; authored route; nearest /daily-reflections/kindness-with-boundaries/ combined overlap 76.0%; external source links 0 | Phase 1: Built 2026-08-11T02:17:46.273Z; 311 words; 12 content headings; authored route; nearest /daily-reflections/kindness-with-boundaries/ combined overlap 76.0%; external source links 0; role review: RECURRING_USER_CONTENT; owner selection: The hub owns the returning reflection experience; detail pages do not own broad teaching queries. | Recurring reflection detail is useful to returning users but too brief and structurally repetitive to justify independent Google indexing; the hub remains indexed.
https://echobuddha.com/daily-reflections/see-the-conditions/,PAGE_STATE,NOINDEX,NOINDEX,RECURRING_USER_CONTENT,RECURRING_USER_CONTENT,NOINDEX,NOINDEX,NOT_SELECTED,NOT_SELECTED_FOR_PHASE4_PRIORITY_QUEUE,"noindex, follow; out of sitemap; https://echobuddha.com/daily-reflections/see-the-conditions/",Yes,No page-state correction required,Yes — template-feel review only; protect substance/owner/index state,No,Built 2026-08-11T02:17:46.273Z; 303 words; 12 content headings; authored route; nearest /daily-reflections/soften-the-inner-argument/ combined overlap 73.5%; external source links 0 | Phase 1: Built 2026-08-11T02:17:46.273Z; 303 words; 12 content headings; authored route; nearest /daily-reflections/soften-the-inner-argument/ combined overlap 73.5%; external source links 0; role review: RECURRING_USER_CONTENT; owner selection: The hub owns the returning reflection experience; detail pages do not own broad teaching queries. | Recurring reflection detail is useful to returning users but too brief and structurally repetitive to justify independent Google indexing; the hub remains indexed.
https://echobuddha.com/daily-reflections/simple-goodwill/,PAGE_STATE,NOINDEX,NOINDEX,RECURRING_USER_CONTENT,RECURRING_USER_CONTENT,NOINDEX,NOINDEX,NOT_SELECTED,NOT_SELECTED_FOR_PHASE4_PRIORITY_QUEUE,"noindex, follow; out of sitemap; https://echobuddha.com/daily-reflections/simple-goodwill/",Yes,No page-state correction required,Yes — template-feel review only; protect substance/owner/index state,No,Built 2026-08-11T02:17:46.273Z; 292 words; 12 content headings; authored route; nearest /daily-reflections/family-patience/ combined overlap 74.1%; external source links 0 | Phase 1: Built 2026-08-11T02:17:46.273Z; 292 words; 12 content headings; authored route; nearest /daily-reflections/family-patience/ combined overlap 74.1%; external source links 0; role review: RECURRING_USER_CONTENT; owner selection: The hub owns the returning reflection experience; detail pages do not own broad teaching queries. | Recurring reflection detail is useful to returning users but too brief and structurally repetitive to justify independent Google indexing; the hub remains indexed.
https://echobuddha.com/daily-reflections/small-actions-shape-the-mind/,PAGE_STATE,NOINDEX,NOINDEX,RECURRING_USER_CONTENT,RECURRING_USER_CONTENT,NOINDEX,NOINDEX,NOT_SELECTED,NOT_SELECTED_FOR_PHASE4_PRIORITY_QUEUE,"noindex, follow; out of sitemap; https://echobuddha.com/daily-reflections/small-actions-shape-the-mind/",Yes,No page-state correction required,Yes — template-feel review only; protect substance/owner/index state,No,Built 2026-08-11T02:17:46.273Z; 306 words; 12 content headings; authored route; nearest /daily-reflections/one-step-on-the-path/ combined overlap 75.7%; external source links 0 | Phase 1: Built 2026-08-11T02:17:46.273Z; 306 words; 12 content headings; authored route; nearest /daily-reflections/one-step-on-the-path/ combined overlap 75.7%; external source links 0; role review: RECURRING_USER_CONTENT; owner selection: The hub owns the returning reflection experience; detail pages do not own broad teaching queries. | Recurring reflection detail is useful to returning users but too brief and structurally repetitive to justify independent Google indexing; the hub remains indexed.
https://echobuddha.com/daily-reflections/soften-the-inner-argument/,PAGE_STATE,NOINDEX,NOINDEX,RECURRING_USER_CONTENT,RECURRING_USER_CONTENT,NOINDEX,NOINDEX,NOT_SELECTED,NOT_SELECTED_FOR_PHASE4_PRIORITY_QUEUE,"noindex, follow; out of sitemap; https://echobuddha.com/daily-reflections/soften-the-inner-argument/",Yes,No page-state correction required,Yes — template-feel review only; protect substance/owner/index state,No,Built 2026-08-11T02:17:46.273Z; 303 words; 12 content headings; authored route; nearest /daily-reflections/gratitude-notices-enough/ combined overlap 74.3%; external source links 0 | Phase 1: Built 2026-08-11T02:17:46.273Z; 303 words; 12 content headings; authored route; nearest /daily-reflections/gratitude-notices-enough/ combined overlap 74.3%; external source links 0; role review: RECURRING_USER_CONTENT; owner selection: The hub owns the returning reflection experience; detail pages do not own broad teaching queries. | Recurring reflection detail is useful to returning users but too brief and structurally repetitive to justify independent Google indexing; the hub remains indexed.
https://echobuddha.com/daily-reflections/speech-can-reduce-suffering/,PAGE_STATE,NOINDEX,NOINDEX,RECURRING_USER_CONTENT,RECURRING_USER_CONTENT,NOINDEX,NOINDEX,NOT_SELECTED,NOT_SELECTED_FOR_PHASE4_PRIORITY_QUEUE,"noindex, follow; out of sitemap; https://echobuddha.com/daily-reflections/speech-can-reduce-suffering/",Yes,No page-state correction required,Yes — template-feel review only; protect substance/owner/index state,No,Built 2026-08-11T02:17:46.273Z; 299 words; 12 content headings; authored route; nearest /daily-reflections/kindness-with-boundaries/ combined overlap 75.6%; external source links 0 | Phase 1: Built 2026-08-11T02:17:46.273Z; 299 words; 12 content headings; authored route; nearest /daily-reflections/kindness-with-boundaries/ combined overlap 75.6%; external source links 0; role review: RECURRING_USER_CONTENT; owner selection: The hub owns the returning reflection experience; detail pages do not own broad teaching queries. | Recurring reflection detail is useful to returning users but too brief and structurally repetitive to justify independent Google indexing; the hub remains indexed.
https://echobuddha.com/daily-reflections/the-first-truth-is-kind/,PAGE_STATE,NOINDEX,NOINDEX,RECURRING_USER_CONTENT,RECURRING_USER_CONTENT,NOINDEX,NOINDEX,NOT_SELECTED,NOT_SELECTED_FOR_PHASE4_PRIORITY_QUEUE,"noindex, follow; out of sitemap; https://echobuddha.com/daily-reflections/the-first-truth-is-kind/",Yes,No page-state correction required,Yes — template-feel review only; protect substance/owner/index state,No,Built 2026-08-11T02:17:46.273Z; 303 words; 12 content headings; authored route; nearest /daily-reflections/gratitude-notices-enough/ combined overlap 73.8%; external source links 0 | Phase 1: Built 2026-08-11T02:17:46.273Z; 303 words; 12 content headings; authored route; nearest /daily-reflections/gratitude-notices-enough/ combined overlap 73.8%; external source links 0; role review: RECURRING_USER_CONTENT; owner selection: The hub owns the returning reflection experience; detail pages do not own broad teaching queries. | Recurring reflection detail is useful to returning users but too brief and structurally repetitive to justify independent Google indexing; the hub remains indexed.
https://echobuddha.com/daily-reflections/thoughts-are-visitors/,PAGE_STATE,NOINDEX,NOINDEX,RECURRING_USER_CONTENT,RECURRING_USER_CONTENT,NOINDEX,NOINDEX,NOT_SELECTED,NOT_SELECTED_FOR_PHASE4_PRIORITY_QUEUE,"noindex, follow; out of sitemap; https://echobuddha.com/daily-reflections/thoughts-are-visitors/",Yes,No page-state correction required,Yes — template-feel review only; protect substance/owner/index state,No,Built 2026-08-11T02:17:46.273Z; 305 words; 12 content headings; authored route; nearest /daily-reflections/let-the-feeling-pass/ combined overlap 72.0%; external source links 0 | Phase 1: Built 2026-08-11T02:17:46.273Z; 305 words; 12 content headings; authored route; nearest /daily-reflections/let-the-feeling-pass/ combined overlap 72.0%; external source links 0; role review: RECURRING_USER_CONTENT; owner selection: The hub owns the returning reflection experience; detail pages do not own broad teaching queries. | Recurring reflection detail is useful to returning users but too brief and structurally repetitive to justify independent Google indexing; the hub remains indexed.
https://echobuddha.com/daily-reflections/today/,PAGE_STATE,NOT_APPLICABLE,NOT_IN_PHASE1_INDEXABLE_POPULATION,NOT_APPLICABLE,PREEXISTING_NOINDEX_OR_ERROR_ROLE,KEEP_NOINDEXED,KEEP_NOINDEXED,NOT_SELECTED,NOT_SELECTED_FOR_PHASE4_PRIORITY_QUEUE,"noindex, follow; out of sitemap; https://echobuddha.com/daily-reflections/today/",Yes,No page-state correction required,No specific Phase 5 queue item,No,Utility/error route has no independent search-result purpose.
https://echobuddha.com/daily-reflections/walking-as-practice/,PAGE_STATE,NOINDEX,NOINDEX,RECURRING_USER_CONTENT,RECURRING_USER_CONTENT,NOINDEX,NOINDEX,NOT_SELECTED,NOT_SELECTED_FOR_PHASE4_PRIORITY_QUEUE,"noindex, follow; out of sitemap; https://echobuddha.com/daily-reflections/walking-as-practice/",Yes,No page-state correction required,Yes — template-feel review only; protect substance/owner/index state,No,Built 2026-08-11T02:17:46.273Z; 305 words; 12 content headings; authored route; nearest /daily-reflections/compassion-begins-nearby/ combined overlap 72.1%; external source links 0 | Phase 1: Built 2026-08-11T02:17:46.273Z; 305 words; 12 content headings; authored route; nearest /daily-reflections/compassion-begins-nearby/ combined overlap 72.1%; external source links 0; role review: RECURRING_USER_CONTENT; owner selection: The hub owns the returning reflection experience; detail pages do not own broad teaching queries. | Recurring reflection detail is useful to returning users but too brief and structurally repetitive to justify independent Google indexing; the hub remains indexed.
https://echobuddha.com/disclaimer/,PAGE_STATE,IMPROVE,IMPROVE,TRUST_POLICY,TRUST_POLICY,IMPROVE_LATER_PHASE,IMPROVE_LATER_PHASE,NOT_SELECTED,NOT_SELECTED_FOR_PHASE4_PRIORITY_QUEUE,indexable; in sitemap; https://echobuddha.com/disclaimer/,Yes,No page-state correction required,No specific Phase 5 queue item,No,"Built 2026-08-11T02:17:46.273Z; 221 words; 6 content headings; authored route; nearest /meditation-safety/ combined overlap 18.0%; external source links 0 | Phase 1: Built 2026-08-11T02:17:46.273Z; 221 words; 6 content headings; authored route; nearest /meditation-safety/ combined overlap 18.0%; external source links 0; role review: TRUST_POLICY; owner selection: About anchors publisher identity while each policy page retains a protected, non-SEO trust function. | Page has a valid owned role, but its editorial differentiation belongs to Phase 4/5."
https://echobuddha.com/editorial-policy/,PAGE_STATE,IMPROVE,IMPROVE,TRUST_POLICY,TRUST_POLICY,IMPROVE_LATER_PHASE,IMPROVE_LATER_PHASE,NOT_SELECTED,NOT_SELECTED_FOR_PHASE4_PRIORITY_QUEUE,indexable; in sitemap; https://echobuddha.com/editorial-policy/,Yes,No page-state correction required,No specific Phase 5 queue item,No,"Built 2026-08-11T02:17:46.273Z; 576 words; 10 content headings; authored route; nearest /how-echo-buddha-creates-content/ combined overlap 19.4%; external source links 0 | Phase 1: Built 2026-08-11T02:17:46.273Z; 576 words; 10 content headings; authored route; nearest /how-echo-buddha-creates-content/ combined overlap 19.4%; external source links 0; role review: TRUST_POLICY; owner selection: About anchors publisher identity while each policy page retains a protected, non-SEO trust function. | Page has a valid owned role, but its editorial differentiation belongs to Phase 4/5."
https://echobuddha.com/how-echo-buddha-creates-content/,PAGE_STATE,IMPROVE,IMPROVE,TRUST_POLICY,TRUST_POLICY,IMPROVE_LATER_PHASE,IMPROVE_LATER_PHASE,NOT_SELECTED,NOT_SELECTED_FOR_PHASE4_PRIORITY_QUEUE,indexable; in sitemap; https://echobuddha.com/how-echo-buddha-creates-content/,Yes,No page-state correction required,No specific Phase 5 queue item,No,"Built 2026-08-11T02:17:46.273Z; 347 words; 7 content headings; authored route; nearest /editorial-policy/ combined overlap 19.4%; external source links 0 | Phase 1: Built 2026-08-11T02:17:46.273Z; 347 words; 7 content headings; authored route; nearest /editorial-policy/ combined overlap 19.4%; external source links 0; role review: TRUST_POLICY; owner selection: About anchors publisher identity while each policy page retains a protected, non-SEO trust function. | Page has a valid owned role, but its editorial differentiation belongs to Phase 4/5."
https://echobuddha.com/,PAGE_STATE,KEEP,KEEP,HUB,HUB,KEEP_INDEXED,KEEP_INDEXED,NOT_SELECTED,NOT_SELECTED_FOR_PHASE4_PRIORITY_QUEUE,indexable; in sitemap; https://echobuddha.com/,Yes,No page-state correction required,No specific Phase 5 queue item,No,Built 2026-08-11T02:17:46.273Z; 1002 words; 26 content headings; authored route; nearest n/a combined overlap 0.0%; external source links 0 | Phase 1: Built 2026-08-11T02:17:46.273Z; 1002 words; 26 content headings; authored route; nearest n/a combined overlap 0.0%; external source links 0; role review: HUB; owner selection: The homepage introduces the publication and routes readers to clear owners without becoming a doctrine pillar. | Distinct route purpose remains valid under the Phase 2 ownership architecture; no indexability change justified.
https://echobuddha.com/learn/buddhism-101/a-simple-daily-buddhist-practice/,PAGE_STATE,IMPROVE,IMPROVE,PRACTICAL_APPLICATION,PRACTICAL_APPLICATION,IMPROVE_LATER_PHASE,IMPROVE_LATER_PHASE,NOT_SELECTED,NOT_SELECTED_FOR_PHASE4_PRIORITY_QUEUE,indexable; in sitemap; https://echobuddha.com/learn/buddhism-101/a-simple-daily-buddhist-practice/,Yes,No page-state correction required,No specific Phase 5 queue item,No,"Built 2026-08-11T02:17:46.273Z; 312 words; 12 content headings; authored route; nearest /learn/buddhism-101/how-to-practice-buddhism-at-home/ combined overlap 40.7%; external source links 1 | Phase 1: Built 2026-08-11T02:17:46.273Z; 312 words; 12 content headings; authored route; nearest /learn/buddhism-101/how-to-practice-buddhism-at-home/ combined overlap 40.7%; external source links 1; role review: PRACTICAL_APPLICATION; owner selection: The strongest structured entry into basic Buddhist teaching and practice. | Page has a valid owned role, but its editorial differentiation belongs to Phase 4/5."
https://echobuddha.com/learn/buddhism-101/dependent-origination-explained/,PAGE_STATE,IMPROVE,IMPROVE,BEGINNER_FOUNDATION,BEGINNER_FOUNDATION,IMPROVE_LATER_PHASE,IMPROVE_LATER_PHASE,NOT_SELECTED,NOT_SELECTED_FOR_PHASE4_PRIORITY_QUEUE,indexable; in sitemap; https://echobuddha.com/learn/buddhism-101/dependent-origination-explained/,Yes,No page-state correction required,No specific Phase 5 queue item,No,"Built 2026-08-11T02:17:46.273Z; 941 words; 18 content headings; authored route; nearest /learn/buddhism-101/three-marks-of-existence/ combined overlap 32.4%; external source links 1 | Phase 1: Built 2026-08-11T02:17:46.273Z; 941 words; 18 content headings; authored route; nearest /learn/buddhism-101/three-marks-of-existence/ combined overlap 32.4%; external source links 1; role review: BEGINNER_FOUNDATION; owner selection: The hub organizes foundational lessons whose individual concepts may have their own owners. | Page has a valid owned role, but its editorial differentiation belongs to Phase 4/5."
https://echobuddha.com/learn/buddhism-101/five-aggregates-buddhism/,PAGE_STATE,IMPROVE,IMPROVE,SUPPORTING_EXPLANATION,SUPPORTING_EXPLANATION,IMPROVE_LATER_PHASE,IMPROVE_LATER_PHASE,NOT_SELECTED,NOT_SELECTED_FOR_PHASE4_PRIORITY_QUEUE,indexable; in sitemap; https://echobuddha.com/learn/buddhism-101/five-aggregates-buddhism/,Yes,No page-state correction required,No specific Phase 5 queue item,No,"Built 2026-08-11T02:17:46.273Z; 938 words; 19 content headings; authored route; nearest /learn/buddhism-101/three-marks-of-existence/ combined overlap 34.5%; external source links 1 | Phase 1: Built 2026-08-11T02:17:46.273Z; 938 words; 19 content headings; authored route; nearest /learn/buddhism-101/three-marks-of-existence/ combined overlap 34.5%; external source links 1; role review: SUPPORTING_EXPLANATION; owner selection: The hub organizes foundational lessons whose individual concepts may have their own owners. | Page has a valid owned role, but its editorial differentiation belongs to Phase 4/5."
https://echobuddha.com/learn/buddhism-101/five-hindrances-in-buddhism/,PAGE_STATE,IMPROVE,IMPROVE,BEGINNER_FOUNDATION,BEGINNER_FOUNDATION,IMPROVE_LATER_PHASE,IMPROVE_LATER_PHASE,NOT_SELECTED,NOT_SELECTED_FOR_PHASE4_PRIORITY_QUEUE,indexable; in sitemap; https://echobuddha.com/learn/buddhism-101/five-hindrances-in-buddhism/,Yes,No page-state correction required,No specific Phase 5 queue item,No,"Built 2026-08-11T02:17:46.273Z; 364 words; 9 content headings; authored route; nearest /learn/sutta-for-daily-life/magga-vibhanga-sutta-eightfold-path/ combined overlap 32.3%; external source links 1 | Phase 1: Built 2026-08-11T02:17:46.273Z; 364 words; 9 content headings; authored route; nearest /learn/sutta-for-daily-life/magga-vibhanga-sutta-eightfold-path/ combined overlap 32.3%; external source links 1; role review: BEGINNER_FOUNDATION; owner selection: The hub organizes foundational lessons whose individual concepts may have their own owners. | Page has a valid owned role, but its editorial differentiation belongs to Phase 4/5."
https://echobuddha.com/learn/buddhism-101/five-precepts-buddhism/,PAGE_STATE,IMPROVE,IMPROVE,PRIMARY_PILLAR,PRIMARY_PILLAR,KEEP_INDEXED,KEEP_INDEXED,NO_CHANGE_REQUIRED_VALIDATED,NO_CHANGE_REQUIRED_VALIDATED,indexable; in sitemap; https://echobuddha.com/learn/buddhism-101/five-precepts-buddhism/,Yes,No page-state correction required,No specific Phase 5 queue item,No,Built 2026-08-11T02:17:46.273Z; 1244 words; 20 content headings; authored route; nearest /learn/buddhism-101/right-livelihood-buddhism/ combined overlap 33.8%; external source links 1 | Phase 1: Built 2026-08-11T02:17:46.273Z; 1244 words; 20 content headings; authored route; nearest /learn/buddhism-101/right-livelihood-buddhism/ combined overlap 33.8%; external source links 1; role review: PRIMARY_PILLAR; owner selection: The lesson owns the ethical framework; practical articles show application without redefining it. | Distinct route purpose remains valid under the Phase 2 ownership architecture; no indexability change justified. | This page exists as Echo Buddha's protected owner for Five Precepts: The lesson owns the ethical framework; practical articles show application without redefining it.
https://echobuddha.com/learn/buddhism-101/four-brahmaviharas/,PAGE_STATE,IMPROVE,IMPROVE,PRIMARY_PILLAR,PRIMARY_PILLAR,KEEP_INDEXED,KEEP_INDEXED,NOT_SELECTED,NOT_SELECTED_FOR_PHASE4_PRIORITY_QUEUE,indexable; in sitemap; https://echobuddha.com/learn/buddhism-101/four-brahmaviharas/,Yes,No page-state correction required,No specific Phase 5 queue item,No,"Built 2026-08-11T02:17:46.273Z; 367 words; 9 content headings; authored route; nearest /learn/buddhism-101/threefold-training-sila-samadhi-panna/ combined overlap 37.9%; external source links 2 | Phase 1: Built 2026-08-11T02:17:46.273Z; 367 words; 9 content headings; authored route; nearest /learn/buddhism-101/threefold-training-sila-samadhi-panna/ combined overlap 37.9%; external source links 2; role review: PRIMARY_PILLAR; owner selection: The lesson owns the four-quality overview while compassion, metta, and equanimity pages own individual topics. | Distinct route purpose remains valid under the Phase 2 ownership architecture; no indexability change justified."
https://echobuddha.com/learn/buddhism-101/how-to-practice-buddhism-at-home/,PAGE_STATE,IMPROVE,IMPROVE,PRACTICAL_APPLICATION,PRACTICAL_APPLICATION,IMPROVE_LATER_PHASE,IMPROVE_LATER_PHASE,NOT_SELECTED,NOT_SELECTED_FOR_PHASE4_PRIORITY_QUEUE,indexable; in sitemap; https://echobuddha.com/learn/buddhism-101/how-to-practice-buddhism-at-home/,Yes,No page-state correction required,No specific Phase 5 queue item,No,"Built 2026-08-11T02:17:46.273Z; 343 words; 12 content headings; authored route; nearest /learn/buddhism-101/what-is-buddhism/ combined overlap 44.4%; external source links 1 | Phase 1: Built 2026-08-11T02:17:46.273Z; 343 words; 12 content headings; authored route; nearest /learn/buddhism-101/what-is-buddhism/ combined overlap 44.4%; external source links 1; role review: PRACTICAL_APPLICATION; owner selection: The strongest structured entry into basic Buddhist teaching and practice. | Page has a valid owned role, but its editorial differentiation belongs to Phase 4/5."
https://echobuddha.com/learn/buddhism-101/,PAGE_STATE,IMPROVE,IMPROVE,HUB,HUB,KEEP_INDEXED,KEEP_INDEXED,NOT_SELECTED,NOT_SELECTED_FOR_PHASE4_PRIORITY_QUEUE,indexable; in sitemap; https://echobuddha.com/learn/buddhism-101/,Yes,No page-state correction required,No specific Phase 5 queue item,No,Built 2026-08-11T02:17:46.273Z; 612 words; 3 content headings; authored route; nearest /learn/buddhist-dictionary/ combined overlap 17.3%; external source links 2 | Phase 1: Built 2026-08-11T02:17:46.273Z; 612 words; 3 content headings; authored route; nearest /learn/buddhist-dictionary/ combined overlap 17.3%; external source links 2; role review: HUB; owner selection: The hub organizes foundational lessons whose individual concepts may have their own owners. | Distinct route purpose remains valid under the Phase 2 ownership architecture; no indexability change justified.
https://echobuddha.com/learn/buddhism-101/middle-way-explained-for-beginners/,PAGE_STATE,IMPROVE,IMPROVE,BEGINNER_FOUNDATION,BEGINNER_FOUNDATION,IMPROVE_LATER_PHASE,IMPROVE_LATER_PHASE,NOT_SELECTED,NOT_SELECTED_FOR_PHASE4_PRIORITY_QUEUE,indexable; in sitemap; https://echobuddha.com/learn/buddhism-101/middle-way-explained-for-beginners/,Yes,No page-state correction required,No specific Phase 5 queue item,No,"Built 2026-08-11T02:17:46.273Z; 384 words; 9 content headings; authored route; nearest /learn/buddhism-101/threefold-training-sila-samadhi-panna/ combined overlap 38.5%; external source links 1 | Phase 1: Built 2026-08-11T02:17:46.273Z; 384 words; 9 content headings; authored route; nearest /learn/buddhism-101/threefold-training-sila-samadhi-panna/ combined overlap 38.5%; external source links 1; role review: BEGINNER_FOUNDATION; owner selection: The hub organizes foundational lessons whose individual concepts may have their own owners. | Page has a valid owned role, but its editorial differentiation belongs to Phase 4/5."
https://echobuddha.com/learn/buddhism-101/right-livelihood-buddhism/,PAGE_STATE,IMPROVE,IMPROVE,PRIMARY_PILLAR,PRIMARY_PILLAR,KEEP_INDEXED,KEEP_INDEXED,NOT_SELECTED,NOT_SELECTED_FOR_PHASE4_PRIORITY_QUEUE,indexable; in sitemap; https://echobuddha.com/learn/buddhism-101/right-livelihood-buddhism/,Yes,No page-state correction required,No specific Phase 5 queue item,No,Built 2026-08-11T02:17:46.273Z; 1088 words; 19 content headings; authored route; nearest /learn/buddhism-101/five-precepts-buddhism/ combined overlap 33.8%; external source links 2 | Phase 1: Built 2026-08-11T02:17:46.273Z; 1088 words; 19 content headings; authored route; nearest /learn/buddhism-101/five-precepts-buddhism/ combined overlap 33.8%; external source links 2; role review: PRIMARY_PILLAR; owner selection: The lesson owns the path-factor meaning; the article owns modern-work application. | Distinct route purpose remains valid under the Phase 2 ownership architecture; no indexability change justified.
https://echobuddha.com/learn/buddhism-101/the-four-noble-truths-explained/,PAGE_STATE,IMPROVE,IMPROVE,SUPPORTING_EXPLANATION,SUPPORTING_EXPLANATION,IMPROVE_LATER_PHASE,IMPROVE_LATER_PHASE,NOT_SELECTED,NOT_SELECTED_FOR_PHASE4_PRIORITY_QUEUE,indexable; in sitemap; https://echobuddha.com/learn/buddhism-101/the-four-noble-truths-explained/,Yes,No page-state correction required,Yes — template-feel review only; protect substance/owner/index state,No,"Built 2026-08-11T02:17:46.273Z; 368 words; 12 content headings; authored route; nearest /learn/buddhism-101/what-is-impermanence/ combined overlap 45.9%; external source links 1 | Phase 1: Built 2026-08-11T02:17:46.273Z; 368 words; 12 content headings; authored route; nearest /learn/buddhism-101/what-is-impermanence/ combined overlap 45.9%; external source links 1; role review: SUPPORTING_EXPLANATION; owner selection: The dedicated Learn page provides the clearest broad doctrinal route and parent for source and application pages. | Page has a valid owned role, but its editorial differentiation belongs to Phase 4/5."
https://echobuddha.com/learn/buddhism-101/the-noble-eightfold-path-explained/,PAGE_STATE,IMPROVE,IMPROVE,SUPPORTING_EXPLANATION,SUPPORTING_EXPLANATION,IMPROVE_LATER_PHASE,IMPROVE_LATER_PHASE,NOT_SELECTED,NOT_SELECTED_FOR_PHASE4_PRIORITY_QUEUE,indexable; in sitemap; https://echobuddha.com/learn/buddhism-101/the-noble-eightfold-path-explained/,Yes,No page-state correction required,Yes — template-feel review only; protect substance/owner/index state,No,"Built 2026-08-11T02:17:46.273Z; 392 words; 12 content headings; authored route; nearest /learn/buddhism-101/the-three-jewels-explained/ combined overlap 46.5%; external source links 1 | Phase 1: Built 2026-08-11T02:17:46.273Z; 392 words; 12 content headings; authored route; nearest /learn/buddhism-101/the-three-jewels-explained/ combined overlap 46.5%; external source links 1; role review: SUPPORTING_EXPLANATION; owner selection: The dedicated Learn page owns the whole-path framework and can route readers to factors, sources, and practice. | Page has a valid owned role, but its editorial differentiation belongs to Phase 4/5."
https://echobuddha.com/learn/buddhism-101/the-three-jewels-explained/,PAGE_STATE,IMPROVE,IMPROVE,SUPPORTING_EXPLANATION,SUPPORTING_EXPLANATION,IMPROVE_LATER_PHASE,IMPROVE_LATER_PHASE,NOT_SELECTED,NOT_SELECTED_FOR_PHASE4_PRIORITY_QUEUE,indexable; in sitemap; https://echobuddha.com/learn/buddhism-101/the-three-jewels-explained/,Yes,No page-state correction required,Yes — template-feel review only; protect substance/owner/index state,No,"Built 2026-08-11T02:17:46.273Z; 366 words; 12 content headings; authored route; nearest /learn/buddhism-101/the-noble-eightfold-path-explained/ combined overlap 46.5%; external source links 1 | Phase 1: Built 2026-08-11T02:17:46.273Z; 366 words; 12 content headings; authored route; nearest /learn/buddhism-101/the-noble-eightfold-path-explained/ combined overlap 46.5%; external source links 1; role review: SUPPORTING_EXPLANATION; owner selection: It provides the fuller community explanation; the dictionary and temple guide have narrower roles. | Page has a valid owned role, but its editorial differentiation belongs to Phase 4/5."
https://echobuddha.com/learn/buddhism-101/three-marks-of-existence/,PAGE_STATE,IMPROVE,IMPROVE,SUPPORTING_EXPLANATION,SUPPORTING_EXPLANATION,IMPROVE_LATER_PHASE,IMPROVE_LATER_PHASE,NOT_SELECTED,NOT_SELECTED_FOR_PHASE4_PRIORITY_QUEUE,indexable; in sitemap; https://echobuddha.com/learn/buddhism-101/three-marks-of-existence/,Yes,No page-state correction required,No specific Phase 5 queue item,No,"Built 2026-08-11T02:17:46.273Z; 945 words; 18 content headings; authored route; nearest /learn/buddhism-101/what-is-impermanence/ combined overlap 35.4%; external source links 2 | Phase 1: Built 2026-08-11T02:17:46.273Z; 945 words; 18 content headings; authored route; nearest /learn/buddhism-101/what-is-impermanence/ combined overlap 35.4%; external source links 2; role review: SUPPORTING_EXPLANATION; owner selection: The hub organizes foundational lessons whose individual concepts may have their own owners. | Page has a valid owned role, but its editorial differentiation belongs to Phase 4/5."
https://echobuddha.com/learn/buddhism-101/threefold-training-sila-samadhi-panna/,PAGE_STATE,IMPROVE,IMPROVE,SUPPORTING_EXPLANATION,SUPPORTING_EXPLANATION,IMPROVE_LATER_PHASE,IMPROVE_LATER_PHASE,NOT_SELECTED,NOT_SELECTED_FOR_PHASE4_PRIORITY_QUEUE,indexable; in sitemap; https://echobuddha.com/learn/buddhism-101/threefold-training-sila-samadhi-panna/,Yes,No page-state correction required,No specific Phase 5 queue item,No,"Built 2026-08-11T02:17:46.273Z; 403 words; 9 content headings; authored route; nearest /learn/buddhist-dictionary/sutta/ combined overlap 39.6%; external source links 2 | Phase 1: Built 2026-08-11T02:17:46.273Z; 403 words; 9 content headings; authored route; nearest /learn/buddhist-dictionary/sutta/ combined overlap 39.6%; external source links 2; role review: SUPPORTING_EXPLANATION; owner selection: The dedicated Learn page owns the whole-path framework and can route readers to factors, sources, and practice. | Page has a valid owned role, but its editorial differentiation belongs to Phase 4/5."
https://echobuddha.com/learn/buddhism-101/what-is-buddhism/,PAGE_STATE,IMPROVE,IMPROVE,BEGINNER_FOUNDATION,BEGINNER_FOUNDATION,IMPROVE_LATER_PHASE,IMPROVE_LATER_PHASE,REMEDIATED_VALIDATED,REMEDIATED_VALIDATED,indexable; in sitemap; https://echobuddha.com/learn/buddhism-101/what-is-buddhism/,Yes,Evidence corrected; content retained,No specific Phase 5 queue item,No,"Built 2026-08-11T02:17:46.273Z; 393 words; 12 content headings; authored route; nearest /learn/buddhism-101/how-to-practice-buddhism-at-home/ combined overlap 44.4%; external source links 2 | Phase 1: Built 2026-08-11T02:17:46.273Z; 393 words; 12 content headings; authored route; nearest /learn/buddhism-101/how-to-practice-buddhism-at-home/ combined overlap 44.4%; external source links 2; role review: BEGINNER_FOUNDATION; owner selection: The strongest structured entry into basic Buddhist teaching and practice. | Page has a valid owned role, but its editorial differentiation belongs to Phase 4/5. | This page exists to serve beginner informational within Beginner Buddhism through a narrower explanation, misconception, or example set specific to “What Is Buddhism? A Clear Beginner's Guide”."
https://echobuddha.com/learn/buddhism-101/what-is-impermanence/,PAGE_STATE,IMPROVE,IMPROVE,PRIMARY_PILLAR,PRIMARY_PILLAR,KEEP_INDEXED,KEEP_INDEXED,REMEDIATED_VALIDATED,REMEDIATED_VALIDATED,indexable; in sitemap; https://echobuddha.com/learn/buddhism-101/what-is-impermanence/,Yes,Evidence corrected; content retained,Yes — template-feel review only; protect substance/owner/index state,No,Built 2026-08-11T02:17:46.273Z; 352 words; 12 content headings; authored route; nearest /learn/buddhist-dictionary/anicca/ combined overlap 49.1%; external source links 1 | Phase 1: Built 2026-08-11T02:17:46.273Z; 352 words; 12 content headings; authored route; nearest /learn/buddhist-dictionary/anicca/ combined overlap 49.1%; external source links 1; role review: PRIMARY_PILLAR; owner selection: The lesson is the clearest broad beginner owner; anicca definitions and change applications remain subordinate. | Distinct route purpose remains valid under the Phase 2 ownership architecture; no indexability change justified. | This page exists as Echo Buddha's protected owner for Impermanence: The lesson is the clearest broad beginner owner; anicca definitions and change applications remain subordinate.
https://echobuddha.com/learn/buddhism-101/what-is-karma-in-buddhism/,PAGE_STATE,IMPROVE,IMPROVE,PRIMARY_PILLAR,PRIMARY_PILLAR,KEEP_INDEXED,KEEP_INDEXED,REMEDIATED_VALIDATED,REMEDIATED_VALIDATED,indexable; in sitemap; https://echobuddha.com/learn/buddhism-101/what-is-karma-in-buddhism/,Yes,Evidence corrected; content retained,Yes — template-feel review only; protect substance/owner/index state,No,Built 2026-08-11T02:17:46.273Z; 351 words; 12 content headings; authored route; nearest /learn/buddhist-dictionary/karma/ combined overlap 46.0%; external source links 1 | Phase 1: Built 2026-08-11T02:17:46.273Z; 351 words; 12 content headings; authored route; nearest /learn/buddhist-dictionary/karma/ combined overlap 46.0%; external source links 1; role review: PRIMARY_PILLAR; owner selection: The lesson owns the broad Buddhist meaning; the article applies intention and consequence to daily choices. | Distinct route purpose remains valid under the Phase 2 ownership architecture; no indexability change justified. | This page exists as Echo Buddha's protected owner for Karma: The lesson owns the broad Buddhist meaning; the article applies intention and consequence to daily choices.
https://echobuddha.com/learn/buddhism-101/what-is-mindfulness/,PAGE_STATE,IMPROVE,IMPROVE,PRIMARY_PILLAR,PRIMARY_PILLAR,KEEP_INDEXED,KEEP_INDEXED,NOT_SELECTED,NOT_SELECTED_FOR_PHASE4_PRIORITY_QUEUE,indexable; in sitemap; https://echobuddha.com/learn/buddhism-101/what-is-mindfulness/,Yes,No page-state correction required,Yes — template-feel review only; protect substance/owner/index state,No,"Built 2026-08-11T02:17:46.273Z; 351 words; 12 content headings; authored route; nearest /learn/buddhism-101/what-is-impermanence/ combined overlap 48.0%; external source links 1 | Phase 1: Built 2026-08-11T02:17:46.273Z; 351 words; 12 content headings; authored route; nearest /learn/buddhism-101/what-is-impermanence/ combined overlap 48.0%; external source links 1; role review: PRIMARY_PILLAR; owner selection: The lesson owns Buddhist mindfulness meaning; dictionary, comparison, and routine pages remain narrower. | Distinct route purpose remains valid under the Phase 2 ownership architecture; no indexability change justified."
https://echobuddha.com/learn/buddhism-101/who-was-the-buddha/,PAGE_STATE,IMPROVE,IMPROVE,BEGINNER_FOUNDATION,BEGINNER_FOUNDATION,IMPROVE_LATER_PHASE,IMPROVE_LATER_PHASE,NOT_SELECTED,NOT_SELECTED_FOR_PHASE4_PRIORITY_QUEUE,indexable; in sitemap; https://echobuddha.com/learn/buddhism-101/who-was-the-buddha/,Yes,No page-state correction required,No specific Phase 5 queue item,No,"Built 2026-08-11T02:17:46.273Z; 442 words; 12 content headings; authored route; nearest /learn/buddhism-101/the-three-jewels-explained/ combined overlap 43.2%; external source links 1 | Phase 1: Built 2026-08-11T02:17:46.273Z; 442 words; 12 content headings; authored route; nearest /learn/buddhism-101/the-three-jewels-explained/ combined overlap 43.2%; external source links 1; role review: BEGINNER_FOUNDATION; owner selection: The hub organizes foundational lessons whose individual concepts may have their own owners. | Page has a valid owned role, but its editorial differentiation belongs to Phase 4/5."
https://echobuddha.com/learn/buddhism-for-beginners/,PAGE_STATE,IMPROVE,IMPROVE,PRIMARY_PILLAR,PRIMARY_PILLAR,KEEP_INDEXED,KEEP_INDEXED,REMEDIATED_VALIDATED,REMEDIATED_VALIDATED,indexable; in sitemap; https://echobuddha.com/learn/buddhism-for-beginners/,Yes,Evidence corrected; content retained,No specific Phase 5 queue item,No,Built 2026-08-11T02:17:46.273Z; 404 words; 4 content headings; authored route; nearest /articles/first-week-buddhist-practice/ combined overlap 17.7%; external source links 0 | Phase 1: Built 2026-08-11T02:17:46.273Z; 404 words; 4 content headings; authored route; nearest /articles/first-week-buddhist-practice/ combined overlap 17.7%; external source links 0; role review: PRIMARY_PILLAR; owner selection: The strongest structured entry into basic Buddhist teaching and practice. | Distinct route purpose remains valid under the Phase 2 ownership architecture; no indexability change justified. | This page exists as Echo Buddha's protected owner for Beginner Buddhism: The strongest structured entry into basic Buddhist teaching and practice.
https://echobuddha.com/learn/buddhist-dictionary/anatta/,PAGE_STATE,IMPROVE,IMPROVE,DICTIONARY_DEFINITION,DICTIONARY_DEFINITION,IMPROVE_LATER_PHASE,IMPROVE_LATER_PHASE,NOT_SELECTED,NOT_SELECTED_FOR_PHASE4_PRIORITY_QUEUE,indexable; in sitemap; https://echobuddha.com/learn/buddhist-dictionary/anatta/,Yes,No page-state correction required,Yes — template-feel review only; protect substance/owner/index state,No,"Built 2026-08-11T02:17:46.273Z; 293 words; 12 content headings; authored route; nearest /learn/buddhist-dictionary/anicca/ combined overlap 54.8%; external source links 1 | Phase 1: Built 2026-08-11T02:17:46.273Z; 293 words; 12 content headings; authored route; nearest /learn/buddhist-dictionary/anicca/ combined overlap 54.8%; external source links 1; role review: DICTIONARY_DEFINITION; owner selection: The hub organizes term definitions; it does not own every broad doctrinal topic represented by its entries. | Page has a valid owned role, but its editorial differentiation belongs to Phase 4/5."
https://echobuddha.com/learn/buddhist-dictionary/anicca/,PAGE_STATE,IMPROVE,IMPROVE,DICTIONARY_DEFINITION,DICTIONARY_DEFINITION,IMPROVE_LATER_PHASE,IMPROVE_LATER_PHASE,NOT_SELECTED,NOT_SELECTED_FOR_PHASE4_PRIORITY_QUEUE,indexable; in sitemap; https://echobuddha.com/learn/buddhist-dictionary/anicca/,Yes,No page-state correction required,Yes — template-feel review only; protect substance/owner/index state,No,"Built 2026-08-11T02:17:46.273Z; 275 words; 12 content headings; authored route; nearest /learn/buddhist-dictionary/dukkha/ combined overlap 55.2%; external source links 1 | Phase 1: Built 2026-08-11T02:17:46.273Z; 275 words; 12 content headings; authored route; nearest /learn/buddhist-dictionary/dukkha/ combined overlap 55.2%; external source links 1; role review: DICTIONARY_DEFINITION; owner selection: The lesson is the clearest broad beginner owner; anicca definitions and change applications remain subordinate. | Page has a valid owned role, but its editorial differentiation belongs to Phase 4/5."
https://echobuddha.com/learn/buddhist-dictionary/compassion/,PAGE_STATE,SUBSTANTIAL REWRITE,SUBSTANTIAL REWRITE,DICTIONARY_DEFINITION,DICTIONARY_DEFINITION,IMPROVE_LATER_PHASE,IMPROVE_LATER_PHASE,NOT_SELECTED,NOT_SELECTED_FOR_PHASE4_PRIORITY_QUEUE,indexable; in sitemap; https://echobuddha.com/learn/buddhist-dictionary/compassion/,Yes,No page-state correction required,Yes — template-feel review only; protect substance/owner/index state,No,"Built 2026-08-11T02:17:46.273Z; 260 words; 12 content headings; authored route; nearest /learn/buddhist-dictionary/karuna/ combined overlap 61.9%; external source links 1 | Phase 1: Built 2026-08-11T02:17:46.273Z; 260 words; 12 content headings; authored route; nearest /learn/buddhist-dictionary/karuna/ combined overlap 61.9%; external source links 1; role review: DICTIONARY_DEFINITION; owner selection: It provides the broad Buddhist frame; dictionary terms, boundaries, and daily discipline have narrower jobs. | Page has a valid owned role, but its editorial differentiation belongs to Phase 4/5."
https://echobuddha.com/learn/buddhist-dictionary/dhamma/,PAGE_STATE,IMPROVE,IMPROVE,PRIMARY_PILLAR,PRIMARY_PILLAR,KEEP_INDEXED,KEEP_INDEXED,NOT_SELECTED,NOT_SELECTED_FOR_PHASE4_PRIORITY_QUEUE,indexable; in sitemap; https://echobuddha.com/learn/buddhist-dictionary/dhamma/,Yes,No page-state correction required,No specific Phase 5 queue item,No,Built 2026-08-11T02:17:46.273Z; 573 words; 14 content headings; authored route; nearest /learn/buddhist-dictionary/sangha/ combined overlap 40.2%; external source links 2 | Phase 1: Built 2026-08-11T02:17:46.273Z; 573 words; 14 content headings; authored route; nearest /learn/buddhist-dictionary/sangha/ combined overlap 40.2%; external source links 2; role review: PRIMARY_PILLAR; owner selection: The dictionary page owns meaning and linguistic context; the article owns the comparison question. | Distinct route purpose remains valid under the Phase 2 ownership architecture; no indexability change justified.
https://echobuddha.com/learn/buddhist-dictionary/dukkha/,PAGE_STATE,IMPROVE,IMPROVE,DICTIONARY_DEFINITION,DICTIONARY_DEFINITION,IMPROVE_LATER_PHASE,IMPROVE_LATER_PHASE,NOT_SELECTED,NOT_SELECTED_FOR_PHASE4_PRIORITY_QUEUE,indexable; in sitemap; https://echobuddha.com/learn/buddhist-dictionary/dukkha/,Yes,No page-state correction required,Yes — template-feel review only; protect substance/owner/index state,No,"Built 2026-08-11T02:17:46.273Z; 284 words; 12 content headings; authored route; nearest /learn/buddhist-dictionary/anicca/ combined overlap 55.2%; external source links 1 | Phase 1: Built 2026-08-11T02:17:46.273Z; 284 words; 12 content headings; authored route; nearest /learn/buddhist-dictionary/anicca/ combined overlap 55.2%; external source links 1; role review: DICTIONARY_DEFINITION; owner selection: The dedicated Learn page provides the clearest broad doctrinal route and parent for source and application pages. | Page has a valid owned role, but its editorial differentiation belongs to Phase 4/5."
https://echobuddha.com/learn/buddhist-dictionary/,PAGE_STATE,IMPROVE,IMPROVE,HUB,HUB,KEEP_INDEXED,KEEP_INDEXED,NOT_SELECTED,NOT_SELECTED_FOR_PHASE4_PRIORITY_QUEUE,indexable; in sitemap; https://echobuddha.com/learn/buddhist-dictionary/,Yes,No page-state correction required,No specific Phase 5 queue item,No,Built 2026-08-11T02:17:46.273Z; 326 words; 2 content headings; authored route; nearest /learn/buddhism-101/ combined overlap 17.3%; external source links 2 | Phase 1: Built 2026-08-11T02:17:46.273Z; 326 words; 2 content headings; authored route; nearest /learn/buddhism-101/ combined overlap 17.3%; external source links 2; role review: HUB; owner selection: The hub organizes term definitions; it does not own every broad doctrinal topic represented by its entries. | Distinct route purpose remains valid under the Phase 2 ownership architecture; no indexability change justified.
https://echobuddha.com/learn/buddhist-dictionary/karma/,PAGE_STATE,IMPROVE,IMPROVE,DICTIONARY_DEFINITION,DICTIONARY_DEFINITION,IMPROVE_LATER_PHASE,IMPROVE_LATER_PHASE,NOT_SELECTED,NOT_SELECTED_FOR_PHASE4_PRIORITY_QUEUE,indexable; in sitemap; https://echobuddha.com/learn/buddhist-dictionary/karma/,Yes,No page-state correction required,Yes — template-feel review only; protect substance/owner/index state,No,"Built 2026-08-11T02:17:46.273Z; 277 words; 12 content headings; authored route; nearest /learn/buddhist-dictionary/mindfulness/ combined overlap 55.4%; external source links 1 | Phase 1: Built 2026-08-11T02:17:46.273Z; 277 words; 12 content headings; authored route; nearest /learn/buddhist-dictionary/mindfulness/ combined overlap 55.4%; external source links 1; role review: DICTIONARY_DEFINITION; owner selection: The lesson owns the broad Buddhist meaning; the article applies intention and consequence to daily choices. | Page has a valid owned role, but its editorial differentiation belongs to Phase 4/5."
https://echobuddha.com/learn/buddhist-dictionary/karuna/,PAGE_STATE,SUBSTANTIAL REWRITE,SUBSTANTIAL REWRITE,DICTIONARY_DEFINITION,DICTIONARY_DEFINITION,IMPROVE_LATER_PHASE,IMPROVE_LATER_PHASE,NOT_SELECTED,NOT_SELECTED_FOR_PHASE4_PRIORITY_QUEUE,indexable; in sitemap; https://echobuddha.com/learn/buddhist-dictionary/karuna/,Yes,No page-state correction required,Yes — template-feel review only; protect substance/owner/index state,No,"Built 2026-08-11T02:17:46.273Z; 309 words; 12 content headings; authored route; nearest /learn/buddhist-dictionary/compassion/ combined overlap 61.9%; external source links 1 | Phase 1: Built 2026-08-11T02:17:46.273Z; 309 words; 12 content headings; authored route; nearest /learn/buddhist-dictionary/compassion/ combined overlap 61.9%; external source links 1; role review: DICTIONARY_DEFINITION; owner selection: It provides the broad Buddhist frame; dictionary terms, boundaries, and daily discipline have narrower jobs. | Page has a valid owned role, but its editorial differentiation belongs to Phase 4/5."
https://echobuddha.com/learn/buddhist-dictionary/metta/,PAGE_STATE,SUBSTANTIAL REWRITE,SUBSTANTIAL REWRITE,PRIMARY_PILLAR,PRIMARY_PILLAR,IMPROVE_LATER_PHASE,IMPROVE_LATER_PHASE,REMEDIATED_VALIDATED,REMEDIATED_VALIDATED,indexable; in sitemap; https://echobuddha.com/learn/buddhist-dictionary/metta/,Yes,Evidence corrected; content retained,Yes — template-feel review only; protect substance/owner/index state,No,"Built 2026-08-11T02:17:46.273Z; 315 words; 12 content headings; authored route; nearest /learn/buddhist-dictionary/karuna/ combined overlap 59.7%; external source links 1 | Phase 1: Built 2026-08-11T02:17:46.273Z; 315 words; 12 content headings; authored route; nearest /learn/buddhist-dictionary/karuna/ combined overlap 59.7%; external source links 1; role review: PRIMARY_PILLAR; owner selection: The term page should own metta meaning while meditation pages own practices and scripts. | Page has a valid owned role, but its editorial differentiation belongs to Phase 4/5. | This page exists as Echo Buddha's protected owner for Loving-Kindness / Metta: The term page should own metta meaning while meditation pages own practices and scripts."
https://echobuddha.com/learn/buddhist-dictionary/mindfulness/,PAGE_STATE,SUBSTANTIAL REWRITE,SUBSTANTIAL REWRITE,DICTIONARY_DEFINITION,DICTIONARY_DEFINITION,IMPROVE_LATER_PHASE,IMPROVE_LATER_PHASE,NOT_SELECTED,NOT_SELECTED_FOR_PHASE4_PRIORITY_QUEUE,indexable; in sitemap; https://echobuddha.com/learn/buddhist-dictionary/mindfulness/,Yes,No page-state correction required,Yes — template-feel review only; protect substance/owner/index state,No,"Built 2026-08-11T02:17:46.273Z; 244 words; 12 content headings; authored route; nearest /learn/buddhist-dictionary/sati/ combined overlap 61.9%; external source links 1 | Phase 1: Built 2026-08-11T02:17:46.273Z; 244 words; 12 content headings; authored route; nearest /learn/buddhist-dictionary/sati/ combined overlap 61.9%; external source links 1; role review: DICTIONARY_DEFINITION; owner selection: The lesson owns Buddhist mindfulness meaning; dictionary, comparison, and routine pages remain narrower. | Page has a valid owned role, but its editorial differentiation belongs to Phase 4/5."
https://echobuddha.com/learn/buddhist-dictionary/nirvana/,PAGE_STATE,IMPROVE,IMPROVE,DICTIONARY_DEFINITION,DICTIONARY_DEFINITION,IMPROVE_LATER_PHASE,IMPROVE_LATER_PHASE,NOT_SELECTED,NOT_SELECTED_FOR_PHASE4_PRIORITY_QUEUE,indexable; in sitemap; https://echobuddha.com/learn/buddhist-dictionary/nirvana/,Yes,No page-state correction required,Yes — template-feel review only; protect substance/owner/index state,No,"Built 2026-08-11T02:17:46.273Z; 272 words; 12 content headings; authored route; nearest /learn/buddhist-dictionary/mindfulness/ combined overlap 54.5%; external source links 1 | Phase 1: Built 2026-08-11T02:17:46.273Z; 272 words; 12 content headings; authored route; nearest /learn/buddhist-dictionary/mindfulness/ combined overlap 54.5%; external source links 1; role review: DICTIONARY_DEFINITION; owner selection: The hub organizes term definitions; it does not own every broad doctrinal topic represented by its entries. | Page has a valid owned role, but its editorial differentiation belongs to Phase 4/5."
https://echobuddha.com/learn/buddhist-dictionary/pali-canon/,PAGE_STATE,HUMAN REVIEW,HUMAN REVIEW,DICTIONARY_DEFINITION,DICTIONARY_DEFINITION,HUMAN_REVIEW,HUMAN_REVIEW,NOT_SELECTED,NOT_SELECTED_FOR_PHASE4_PRIORITY_QUEUE,indexable; in sitemap; https://echobuddha.com/learn/buddhist-dictionary/pali-canon/,Yes,No page-state correction required,Human/owner review as recorded; do not change automatically,Yes,"Built 2026-08-11T02:17:46.273Z; 368 words; 9 content headings; authored route; nearest /learn/buddhist-dictionary/sutta/ combined overlap 61.0%; external source links 4 | Phase 1: Built 2026-08-11T02:17:46.273Z; 368 words; 9 content headings; authored route; nearest /learn/buddhist-dictionary/sutta/ combined overlap 61.0%; external source links 4; role review: DICTIONARY_DEFINITION; owner selection: The hub owns navigation into specific canonical-text studies; doctrine pillars own general explanations. | Indexability remains unchanged because publisher, expert, source, or wellbeing judgement is required."
https://echobuddha.com/learn/buddhist-dictionary/sangha/,PAGE_STATE,SUBSTANTIAL REWRITE,SUBSTANTIAL REWRITE,DICTIONARY_DEFINITION,DICTIONARY_DEFINITION,IMPROVE_LATER_PHASE,IMPROVE_LATER_PHASE,NOT_SELECTED,NOT_SELECTED_FOR_PHASE4_PRIORITY_QUEUE,indexable; in sitemap; https://echobuddha.com/learn/buddhist-dictionary/sangha/,Yes,No page-state correction required,Yes — template-feel review only; protect substance/owner/index state,No,"Built 2026-08-11T02:17:46.273Z; 357 words; 12 content headings; authored route; nearest /learn/buddhist-dictionary/karuna/ combined overlap 56.3%; external source links 2 | Phase 1: Built 2026-08-11T02:17:46.273Z; 357 words; 12 content headings; authored route; nearest /learn/buddhist-dictionary/karuna/ combined overlap 56.3%; external source links 2; role review: DICTIONARY_DEFINITION; owner selection: It provides the fuller community explanation; the dictionary and temple guide have narrower roles. | Page has a valid owned role, but its editorial differentiation belongs to Phase 4/5."
https://echobuddha.com/learn/buddhist-dictionary/sati/,PAGE_STATE,SUBSTANTIAL REWRITE,SUBSTANTIAL REWRITE,DICTIONARY_DEFINITION,DICTIONARY_DEFINITION,IMPROVE_LATER_PHASE,IMPROVE_LATER_PHASE,NOT_SELECTED,NOT_SELECTED_FOR_PHASE4_PRIORITY_QUEUE,indexable; in sitemap; https://echobuddha.com/learn/buddhist-dictionary/sati/,Yes,No page-state correction required,Yes — template-feel review only; protect substance/owner/index state,No,"Built 2026-08-11T02:17:46.273Z; 257 words; 12 content headings; authored route; nearest /learn/buddhist-dictionary/mindfulness/ combined overlap 61.9%; external source links 1 | Phase 1: Built 2026-08-11T02:17:46.273Z; 257 words; 12 content headings; authored route; nearest /learn/buddhist-dictionary/mindfulness/ combined overlap 61.9%; external source links 1; role review: DICTIONARY_DEFINITION; owner selection: The lesson owns Buddhist mindfulness meaning; dictionary, comparison, and routine pages remain narrower. | Page has a valid owned role, but its editorial differentiation belongs to Phase 4/5."
https://echobuddha.com/learn/buddhist-dictionary/sutta/,PAGE_STATE,HUMAN REVIEW,HUMAN REVIEW,DICTIONARY_DEFINITION,DICTIONARY_DEFINITION,HUMAN_REVIEW,HUMAN_REVIEW,NOT_SELECTED,NOT_SELECTED_FOR_PHASE4_PRIORITY_QUEUE,indexable; in sitemap; https://echobuddha.com/learn/buddhist-dictionary/sutta/,Yes,No page-state correction required,Human/owner review as recorded; do not change automatically,Yes,"Built 2026-08-11T02:17:46.273Z; 323 words; 9 content headings; authored route; nearest /learn/buddhist-dictionary/pali-canon/ combined overlap 61.0%; external source links 2 | Phase 1: Built 2026-08-11T02:17:46.273Z; 323 words; 9 content headings; authored route; nearest /learn/buddhist-dictionary/pali-canon/ combined overlap 61.0%; external source links 2; role review: DICTIONARY_DEFINITION; owner selection: The hub owns navigation into specific canonical-text studies; doctrine pillars own general explanations. | Indexability remains unchanged because publisher, expert, source, or wellbeing judgement is required."
https://echobuddha.com/learn/buddhist-resources/,PAGE_STATE,IMPROVE,IMPROVE,HUB,HUB,IMPROVE_LATER_PHASE,IMPROVE_LATER_PHASE,NOT_SELECTED,NOT_SELECTED_FOR_PHASE4_PRIORITY_QUEUE,indexable; in sitemap; https://echobuddha.com/learn/buddhist-resources/,Yes,No page-state correction required,No specific Phase 5 queue item,No,"Built 2026-08-11T02:17:46.273Z; 465 words; 9 content headings; authored route; nearest /learn/dhammapada-reflections/ combined overlap 13.4%; external source links 12 | Phase 1: Built 2026-08-11T02:17:46.273Z; 465 words; 9 content headings; authored route; nearest /learn/dhammapada-reflections/ combined overlap 13.4%; external source links 12; role review: HUB; owner selection: The Learn hub owns structured learning navigation across doctrine, dictionary, Dhammapada, and sutta paths. | Page has a valid owned role, but its editorial differentiation belongs to Phase 4/5."
https://echobuddha.com/learn/dhammapada-reflections/avoid-evil-do-good-purify-the-mind/,PAGE_STATE,HUMAN REVIEW,HUMAN REVIEW,SOURCE_STUDY,SOURCE_STUDY,HUMAN_REVIEW,HUMAN_REVIEW,NOT_SELECTED,NOT_SELECTED_FOR_PHASE4_PRIORITY_QUEUE,indexable; in sitemap; https://echobuddha.com/learn/dhammapada-reflections/avoid-evil-do-good-purify-the-mind/,Yes,No page-state correction required,Human/owner review as recorded; do not change automatically,Yes,"Built 2026-08-11T02:17:46.273Z; 334 words; 12 content headings; authored route; nearest /learn/dhammapada-reflections/hatred-is-not-ended-by-hatred/ combined overlap 51.2%; external source links 1 | Phase 1: Built 2026-08-11T02:17:46.273Z; 334 words; 12 content headings; authored route; nearest /learn/dhammapada-reflections/hatred-is-not-ended-by-hatred/ combined overlap 51.2%; external source links 1; role review: SOURCE_STUDY; owner selection: The source-aware hub organizes verse study and clearly separates translation, paraphrase, and reflection. | Indexability remains unchanged because publisher, expert, source, or wellbeing judgement is required."
https://echobuddha.com/learn/dhammapada-reflections/better-than-a-thousand-empty-words/,PAGE_STATE,HUMAN REVIEW,HUMAN REVIEW,SOURCE_STUDY,SOURCE_STUDY,HUMAN_REVIEW,HUMAN_REVIEW,NOT_SELECTED,NOT_SELECTED_FOR_PHASE4_PRIORITY_QUEUE,indexable; in sitemap; https://echobuddha.com/learn/dhammapada-reflections/better-than-a-thousand-empty-words/,Yes,No page-state correction required,Human/owner review as recorded; do not change automatically,Yes,"Built 2026-08-11T02:17:46.273Z; 290 words; 12 content headings; authored route; nearest /learn/dhammapada-reflections/hatred-is-not-ended-by-hatred/ combined overlap 54.0%; external source links 1 | Phase 1: Built 2026-08-11T02:17:46.273Z; 290 words; 12 content headings; authored route; nearest /learn/dhammapada-reflections/hatred-is-not-ended-by-hatred/ combined overlap 54.0%; external source links 1; role review: SOURCE_STUDY; owner selection: The source-aware hub organizes verse study and clearly separates translation, paraphrase, and reflection. | Indexability remains unchanged because publisher, expert, source, or wellbeing judgement is required."
https://echobuddha.com/learn/dhammapada-reflections/hatred-is-not-ended-by-hatred/,PAGE_STATE,HUMAN REVIEW,HUMAN REVIEW,SOURCE_STUDY,SOURCE_STUDY,HUMAN_REVIEW,HUMAN_REVIEW,NOT_SELECTED,NOT_SELECTED_FOR_PHASE4_PRIORITY_QUEUE,indexable; in sitemap; https://echobuddha.com/learn/dhammapada-reflections/hatred-is-not-ended-by-hatred/,Yes,No page-state correction required,Human/owner review as recorded; do not change automatically,Yes,"Built 2026-08-11T02:17:46.273Z; 276 words; 12 content headings; authored route; nearest /learn/dhammapada-reflections/better-than-a-thousand-empty-words/ combined overlap 54.0%; external source links 1 | Phase 1: Built 2026-08-11T02:17:46.273Z; 276 words; 12 content headings; authored route; nearest /learn/dhammapada-reflections/better-than-a-thousand-empty-words/ combined overlap 54.0%; external source links 1; role review: SOURCE_STUDY; owner selection: The source-aware hub organizes verse study and clearly separates translation, paraphrase, and reflection. | Indexability remains unchanged because publisher, expert, source, or wellbeing judgement is required."
https://echobuddha.com/learn/dhammapada-reflections/,PAGE_STATE,IMPROVE,IMPROVE,HUB,HUB,HUMAN_REVIEW,HUMAN_REVIEW,NO_CHANGE_REQUIRED_VALIDATED,NO_CHANGE_REQUIRED_VALIDATED,indexable; in sitemap; https://echobuddha.com/learn/dhammapada-reflections/,Yes,No page-state correction required,Human/owner review as recorded; do not change automatically,Yes,"Built 2026-08-11T02:17:46.273Z; 221 words; 3 content headings; authored route; nearest /learn/sutta-for-daily-life/ combined overlap 32.3%; external source links 2 | Phase 1: Built 2026-08-11T02:17:46.273Z; 221 words; 3 content headings; authored route; nearest /learn/sutta-for-daily-life/ combined overlap 32.3%; external source links 2; role review: HUB; owner selection: The source-aware hub organizes verse study and clearly separates translation, paraphrase, and reflection. | Indexability remains unchanged because publisher, expert, source, or wellbeing judgement is required. | This page exists as Echo Buddha's protected owner for Dhammapada: The source-aware hub organizes verse study and clearly separates translation, paraphrase, and reflection."
https://echobuddha.com/learn/dhammapada-reflections/peace-comes-from-a-trained-mind/,PAGE_STATE,HUMAN REVIEW,HUMAN REVIEW,SOURCE_STUDY,SOURCE_STUDY,HUMAN_REVIEW,HUMAN_REVIEW,NOT_SELECTED,NOT_SELECTED_FOR_PHASE4_PRIORITY_QUEUE,indexable; in sitemap; https://echobuddha.com/learn/dhammapada-reflections/peace-comes-from-a-trained-mind/,Yes,No page-state correction required,Human/owner review as recorded; do not change automatically,Yes,"Built 2026-08-11T02:17:46.273Z; 276 words; 12 content headings; authored route; nearest /learn/dhammapada-reflections/the-mind-leads-all-things/ combined overlap 51.4%; external source links 1 | Phase 1: Built 2026-08-11T02:17:46.273Z; 276 words; 12 content headings; authored route; nearest /learn/dhammapada-reflections/the-mind-leads-all-things/ combined overlap 51.4%; external source links 1; role review: SOURCE_STUDY; owner selection: The source-aware hub organizes verse study and clearly separates translation, paraphrase, and reflection. | Indexability remains unchanged because publisher, expert, source, or wellbeing judgement is required."
https://echobuddha.com/learn/dhammapada-reflections/the-mind-leads-all-things/,PAGE_STATE,HUMAN REVIEW,HUMAN REVIEW,SOURCE_STUDY,SOURCE_STUDY,HUMAN_REVIEW,HUMAN_REVIEW,NOT_SELECTED,NOT_SELECTED_FOR_PHASE4_PRIORITY_QUEUE,indexable; in sitemap; https://echobuddha.com/learn/dhammapada-reflections/the-mind-leads-all-things/,Yes,No page-state correction required,Human/owner review as recorded; do not change automatically,Yes,"Built 2026-08-11T02:17:46.273Z; 288 words; 12 content headings; authored route; nearest /learn/dhammapada-reflections/peace-comes-from-a-trained-mind/ combined overlap 51.4%; external source links 1 | Phase 1: Built 2026-08-11T02:17:46.273Z; 288 words; 12 content headings; authored route; nearest /learn/dhammapada-reflections/peace-comes-from-a-trained-mind/ combined overlap 51.4%; external source links 1; role review: SOURCE_STUDY; owner selection: The source-aware hub organizes verse study and clearly separates translation, paraphrase, and reflection. | Indexability remains unchanged because publisher, expert, source, or wellbeing judgement is required."
https://echobuddha.com/learn/eightfold-path/,PAGE_STATE,IMPROVE,IMPROVE,PRIMARY_PILLAR,PRIMARY_PILLAR,KEEP_INDEXED,KEEP_INDEXED,REMEDIATED_VALIDATED,REMEDIATED_VALIDATED,indexable; in sitemap; https://echobuddha.com/learn/eightfold-path/,Yes,Evidence corrected; content retained,No specific Phase 5 queue item,No,"Built 2026-08-11T02:17:46.273Z; 342 words; 9 content headings; authored route; nearest /learn/four-noble-truths/ combined overlap 26.3%; external source links 2 | Phase 1: Built 2026-08-11T02:17:46.273Z; 342 words; 9 content headings; authored route; nearest /learn/four-noble-truths/ combined overlap 26.3%; external source links 2; role review: PRIMARY_PILLAR; owner selection: The dedicated Learn page owns the whole-path framework and can route readers to factors, sources, and practice. | Distinct route purpose remains valid under the Phase 2 ownership architecture; no indexability change justified. | This page exists as Echo Buddha's protected owner for Noble Eightfold Path: The dedicated Learn page owns the whole-path framework and can route readers to factors, sources, and practice."
https://echobuddha.com/learn/four-noble-truths/,PAGE_STATE,IMPROVE,IMPROVE,PRIMARY_PILLAR,PRIMARY_PILLAR,KEEP_INDEXED,KEEP_INDEXED,REMEDIATED_VALIDATED,REMEDIATED_VALIDATED,indexable; in sitemap; https://echobuddha.com/learn/four-noble-truths/,Yes,Evidence corrected; content retained,No specific Phase 5 queue item,No,Built 2026-08-11T02:17:46.273Z; 259 words; 8 content headings; authored route; nearest /learn/eightfold-path/ combined overlap 26.3%; external source links 2 | Phase 1: Built 2026-08-11T02:17:46.273Z; 259 words; 8 content headings; authored route; nearest /learn/eightfold-path/ combined overlap 26.3%; external source links 2; role review: PRIMARY_PILLAR; owner selection: The dedicated Learn page provides the clearest broad doctrinal route and parent for source and application pages. | Distinct route purpose remains valid under the Phase 2 ownership architecture; no indexability change justified. | This page exists as Echo Buddha's protected owner for Four Noble Truths: The dedicated Learn page provides the clearest broad doctrinal route and parent for source and application pages.
https://echobuddha.com/learn/,PAGE_STATE,IMPROVE,IMPROVE,HUB,HUB,KEEP_INDEXED,KEEP_INDEXED,NOT_SELECTED,NOT_SELECTED_FOR_PHASE4_PRIORITY_QUEUE,indexable; in sitemap; https://echobuddha.com/learn/,Yes,No page-state correction required,No specific Phase 5 queue item,No,"Built 2026-08-11T02:17:46.273Z; 593 words; 17 content headings; authored route; nearest /start-here/ combined overlap 22.8%; external source links 0 | Phase 1: Built 2026-08-11T02:17:46.273Z; 593 words; 17 content headings; authored route; nearest /start-here/ combined overlap 22.8%; external source links 0; role review: HUB; owner selection: The Learn hub owns structured learning navigation across doctrine, dictionary, Dhammapada, and sutta paths. | Distinct route purpose remains valid under the Phase 2 ownership architecture; no indexability change justified."
https://echobuddha.com/learn/questions-about-buddhism/,PAGE_STATE,IMPROVE,IMPROVE,HUB,HUB,IMPROVE_LATER_PHASE,IMPROVE_LATER_PHASE,NOT_SELECTED,NOT_SELECTED_FOR_PHASE4_PRIORITY_QUEUE,indexable; in sitemap; https://echobuddha.com/learn/questions-about-buddhism/,Yes,No page-state correction required,No specific Phase 5 queue item,No,"Built 2026-08-11T02:17:46.273Z; 804 words; 1 content headings; authored route; nearest /learn/buddhism-for-beginners/ combined overlap 14.1%; external source links 0 | Phase 1: Built 2026-08-11T02:17:46.273Z; 804 words; 1 content headings; authored route; nearest /learn/buddhism-for-beginners/ combined overlap 14.1%; external source links 0; role review: HUB; owner selection: The Learn hub owns structured learning navigation across doctrine, dictionary, Dhammapada, and sutta paths. | Page has a valid owned role, but its editorial differentiation belongs to Phase 4/5."
https://echobuddha.com/learn/sutta-for-daily-life/buddhas-teaching-on-patience/,PAGE_STATE,IMPROVE,IMPROVE,SOURCE_STUDY,SOURCE_STUDY,HUMAN_REVIEW,HUMAN_REVIEW,NOT_SELECTED,NOT_SELECTED_FOR_PHASE4_PRIORITY_QUEUE,indexable; in sitemap; https://echobuddha.com/learn/sutta-for-daily-life/buddhas-teaching-on-patience/,Yes,No page-state correction required,Human/owner review as recorded; do not change automatically,Yes,"Built 2026-08-11T02:17:46.273Z; 259 words; 12 content headings; authored route; nearest /learn/sutta-for-daily-life/right-speech-in-daily-life/ combined overlap 52.3%; external source links 1 | Phase 1: Built 2026-08-11T02:17:46.273Z; 259 words; 12 content headings; authored route; nearest /learn/sutta-for-daily-life/right-speech-in-daily-life/ combined overlap 52.3%; external source links 1; role review: SOURCE_STUDY; owner selection: It is the broad practical owner; source study and recurring reflections remain narrow. | Indexability remains unchanged because publisher, expert, source, or wellbeing judgement is required."
https://echobuddha.com/learn/sutta-for-daily-life/dhammacakkappavattana-sutta-four-noble-truths/,PAGE_STATE,IMPROVE,IMPROVE,SOURCE_STUDY,SOURCE_STUDY,HUMAN_REVIEW,HUMAN_REVIEW,REMEDIATED_VALIDATED,REMEDIATED_VALIDATED,indexable; in sitemap; https://echobuddha.com/learn/sutta-for-daily-life/dhammacakkappavattana-sutta-four-noble-truths/,Yes,Evidence corrected; content retained,Human/owner review as recorded; do not change automatically,Yes,"Built 2026-08-11T02:17:46.273Z; 379 words; 9 content headings; authored route; nearest /learn/sutta-for-daily-life/magga-vibhanga-sutta-eightfold-path/ combined overlap 54.7%; external source links 2 | Phase 1: Built 2026-08-11T02:17:46.273Z; 379 words; 9 content headings; authored route; nearest /learn/sutta-for-daily-life/magga-vibhanga-sutta-eightfold-path/ combined overlap 54.7%; external source links 2; role review: SOURCE_STUDY; owner selection: The dedicated Learn page provides the clearest broad doctrinal route and parent for source and application pages. | Indexability remains unchanged because publisher, expert, source, or wellbeing judgement is required. | This page exists to serve source study within Four Noble Truths through source-specific study, attribution, translation context, or textual interpretation for “Dhammacakkappavattana Sutta and the Four Noble Truths”."
https://echobuddha.com/learn/sutta-for-daily-life/,PAGE_STATE,IMPROVE,IMPROVE,HUB,HUB,HUMAN_REVIEW,HUMAN_REVIEW,NOT_SELECTED,NOT_SELECTED_FOR_PHASE4_PRIORITY_QUEUE,indexable; in sitemap; https://echobuddha.com/learn/sutta-for-daily-life/,Yes,No page-state correction required,Human/owner review as recorded; do not change automatically,Yes,"Built 2026-08-11T02:17:46.273Z; 283 words; 3 content headings; authored route; nearest /learn/dhammapada-reflections/ combined overlap 32.3%; external source links 2 | Phase 1: Built 2026-08-11T02:17:46.273Z; 283 words; 3 content headings; authored route; nearest /learn/dhammapada-reflections/ combined overlap 32.3%; external source links 2; role review: HUB; owner selection: The hub owns navigation into specific canonical-text studies; doctrine pillars own general explanations. | Indexability remains unchanged because publisher, expert, source, or wellbeing judgement is required."
https://echobuddha.com/learn/sutta-for-daily-life/kalama-sutta-and-wise-thinking/,PAGE_STATE,HUMAN REVIEW,HUMAN REVIEW,SOURCE_STUDY,SOURCE_STUDY,HUMAN_REVIEW,HUMAN_REVIEW,NOT_SELECTED,NOT_SELECTED_FOR_PHASE4_PRIORITY_QUEUE,indexable; in sitemap; https://echobuddha.com/learn/sutta-for-daily-life/kalama-sutta-and-wise-thinking/,Yes,No page-state correction required,Human/owner review as recorded; do not change automatically,Yes,"Built 2026-08-11T02:17:46.273Z; 289 words; 12 content headings; authored route; nearest /learn/sutta-for-daily-life/buddhas-teaching-on-patience/ combined overlap 51.8%; external source links 1 | Phase 1: Built 2026-08-11T02:17:46.273Z; 289 words; 12 content headings; authored route; nearest /learn/sutta-for-daily-life/buddhas-teaching-on-patience/ combined overlap 51.8%; external source links 1; role review: SOURCE_STUDY; owner selection: The hub owns navigation into specific canonical-text studies; doctrine pillars own general explanations. | Indexability remains unchanged because publisher, expert, source, or wellbeing judgement is required."
https://echobuddha.com/learn/sutta-for-daily-life/magga-vibhanga-sutta-eightfold-path/,PAGE_STATE,IMPROVE,IMPROVE,SOURCE_STUDY,SOURCE_STUDY,HUMAN_REVIEW,HUMAN_REVIEW,REMEDIATED_VALIDATED,REMEDIATED_VALIDATED,indexable; in sitemap; https://echobuddha.com/learn/sutta-for-daily-life/magga-vibhanga-sutta-eightfold-path/,Yes,Evidence corrected; content retained,Human/owner review as recorded; do not change automatically,Yes,"Built 2026-08-11T02:17:46.273Z; 375 words; 9 content headings; authored route; nearest /learn/sutta-for-daily-life/dhammacakkappavattana-sutta-four-noble-truths/ combined overlap 54.7%; external source links 2 | Phase 1: Built 2026-08-11T02:17:46.273Z; 375 words; 9 content headings; authored route; nearest /learn/sutta-for-daily-life/dhammacakkappavattana-sutta-four-noble-truths/ combined overlap 54.7%; external source links 2; role review: SOURCE_STUDY; owner selection: The dedicated Learn page owns the whole-path framework and can route readers to factors, sources, and practice. | Indexability remains unchanged because publisher, expert, source, or wellbeing judgement is required. | This page exists to serve source study within Noble Eightfold Path through source-specific study, attribution, translation context, or textual interpretation for “Magga-vibhanga Sutta and the Noble Eightfold Path”."
https://echobuddha.com/learn/sutta-for-daily-life/metta-sutta-explained-for-daily-life/,PAGE_STATE,IMPROVE,IMPROVE,SOURCE_STUDY,SOURCE_STUDY,HUMAN_REVIEW,HUMAN_REVIEW,REMEDIATED_VALIDATED,REMEDIATED_VALIDATED,indexable; in sitemap; https://echobuddha.com/learn/sutta-for-daily-life/metta-sutta-explained-for-daily-life/,Yes,Evidence corrected; content retained,Human/owner review as recorded; do not change automatically,Yes,"Built 2026-08-11T02:17:46.273Z; 296 words; 12 content headings; authored route; nearest /learn/sutta-for-daily-life/buddhas-teaching-on-patience/ combined overlap 50.4%; external source links 1 | Phase 1: Built 2026-08-11T02:17:46.273Z; 296 words; 12 content headings; authored route; nearest /learn/sutta-for-daily-life/buddhas-teaching-on-patience/ combined overlap 50.4%; external source links 1; role review: SOURCE_STUDY; owner selection: The term page should own metta meaning while meditation pages own practices and scripts. | Indexability remains unchanged because publisher, expert, source, or wellbeing judgement is required. | This page exists to serve source study within Loving-Kindness / Metta through source-specific study, attribution, translation context, or textual interpretation for “The Metta Sutta Explained for Daily Life”."
https://echobuddha.com/learn/sutta-for-daily-life/mindfulness-of-breathing-explained-simply/,PAGE_STATE,HUMAN REVIEW,HUMAN REVIEW,SOURCE_STUDY,SOURCE_STUDY,HUMAN_REVIEW,HUMAN_REVIEW,NOT_SELECTED,NOT_SELECTED_FOR_PHASE4_PRIORITY_QUEUE,indexable; in sitemap; https://echobuddha.com/learn/sutta-for-daily-life/mindfulness-of-breathing-explained-simply/,Yes,No page-state correction required,Human/owner review as recorded; do not change automatically,Yes,"Built 2026-08-11T02:17:46.273Z; 258 words; 12 content headings; authored route; nearest /learn/sutta-for-daily-life/buddhas-teaching-on-patience/ combined overlap 50.7%; external source links 1 | Phase 1: Built 2026-08-11T02:17:46.273Z; 258 words; 12 content headings; authored route; nearest /learn/sutta-for-daily-life/buddhas-teaching-on-patience/ combined overlap 50.7%; external source links 1; role review: SOURCE_STUDY; owner selection: It owns the fuller breath-method explanation; practice and source pages keep distinct roles. | Indexability remains unchanged because publisher, expert, source, or wellbeing judgement is required."
https://echobuddha.com/learn/sutta-for-daily-life/right-speech-in-daily-life/,PAGE_STATE,IMPROVE,IMPROVE,SOURCE_STUDY,SOURCE_STUDY,HUMAN_REVIEW,HUMAN_REVIEW,NOT_SELECTED,NOT_SELECTED_FOR_PHASE4_PRIORITY_QUEUE,indexable; in sitemap; https://echobuddha.com/learn/sutta-for-daily-life/right-speech-in-daily-life/,Yes,No page-state correction required,Human/owner review as recorded; do not change automatically,Yes,"Built 2026-08-11T02:17:46.273Z; 313 words; 12 content headings; authored route; nearest /learn/sutta-for-daily-life/buddhas-teaching-on-patience/ combined overlap 52.3%; external source links 1 | Phase 1: Built 2026-08-11T02:17:46.273Z; 313 words; 12 content headings; authored route; nearest /learn/sutta-for-daily-life/buddhas-teaching-on-patience/ combined overlap 52.3%; external source links 1; role review: SOURCE_STUDY; owner selection: It combines meaning, ethical criteria, examples, and practice; other pages can specialize by source or scenario. | Indexability remains unchanged because publisher, expert, source, or wellbeing judgement is required."
https://echobuddha.com/meditation-guide/,PAGE_STATE,IMPROVE,IMPROVE,PRACTICE_GUIDE,PRACTICE_GUIDE,IMPROVE_LATER_PHASE,IMPROVE_LATER_PHASE,NOT_SELECTED,NOT_SELECTED_FOR_PHASE4_PRIORITY_QUEUE,indexable; in sitemap; https://echobuddha.com/meditation-guide/,Yes,No page-state correction required,No specific Phase 5 queue item,No,"Built 2026-08-11T02:17:46.273Z; 1267 words; 23 content headings; authored route; nearest /articles/how-to-meditate-for-anxiety/ combined overlap 19.0%; external source links 3 | Phase 1: Built 2026-08-11T02:17:46.273Z; 1267 words; 23 content headings; authored route; nearest /articles/how-to-meditate-for-anxiety/ combined overlap 19.0%; external source links 3; role review: PRACTICE_GUIDE; owner selection: It organizes practice choices and routes readers without pretending to be every meditation method. | Page has a valid owned role, but its editorial differentiation belongs to Phase 4/5."
https://echobuddha.com/meditation-safety/,PAGE_STATE,IMPROVE,IMPROVE,TRUST_POLICY,TRUST_POLICY,IMPROVE_LATER_PHASE,IMPROVE_LATER_PHASE,NOT_SELECTED,NOT_SELECTED_FOR_PHASE4_PRIORITY_QUEUE,indexable; in sitemap; https://echobuddha.com/meditation-safety/,Yes,No page-state correction required,No specific Phase 5 queue item,No,"Built 2026-08-11T02:17:46.273Z; 254 words; 6 content headings; authored route; nearest /disclaimer/ combined overlap 18.0%; external source links 0 | Phase 1: Built 2026-08-11T02:17:46.273Z; 254 words; 6 content headings; authored route; nearest /disclaimer/ combined overlap 18.0%; external source links 0; role review: TRUST_POLICY; owner selection: About anchors publisher identity while each policy page retains a protected, non-SEO trust function. | Page has a valid owned role, but its editorial differentiation belongs to Phase 4/5."
https://echobuddha.com/meditation/10-minute-meditation-practice/,PAGE_STATE,IMPROVE,IMPROVE,PRACTICE_GUIDE,PRACTICE_GUIDE,IMPROVE_LATER_PHASE,IMPROVE_LATER_PHASE,NOT_SELECTED,NOT_SELECTED_FOR_PHASE4_PRIORITY_QUEUE,indexable; in sitemap; https://echobuddha.com/meditation/10-minute-meditation-practice/,Yes,No page-state correction required,Yes — template-feel review only; protect substance/owner/index state,No,"Built 2026-08-11T02:17:46.273Z; 462 words; 11 content headings; authored route; nearest /meditation/when-meditation-feels-hard/ combined overlap 49.3%; external source links 3 | Phase 1: Built 2026-08-11T02:17:46.273Z; 462 words; 11 content headings; authored route; nearest /meditation/when-meditation-feels-hard/ combined overlap 49.3%; external source links 3; role review: PRACTICE_GUIDE; owner selection: It organizes practice choices and routes readers without pretending to be every meditation method. | Page has a valid owned role, but its editorial differentiation belongs to Phase 4/5."
https://echobuddha.com/meditation/5-minute-meditation-practice/,PAGE_STATE,IMPROVE,IMPROVE,PRACTICE_GUIDE,PRACTICE_GUIDE,IMPROVE_LATER_PHASE,IMPROVE_LATER_PHASE,NOT_SELECTED,NOT_SELECTED_FOR_PHASE4_PRIORITY_QUEUE,indexable; in sitemap; https://echobuddha.com/meditation/5-minute-meditation-practice/,Yes,No page-state correction required,Yes — template-feel review only; protect substance/owner/index state,No,"Built 2026-08-11T02:17:46.273Z; 373 words; 14 content headings; authored route; nearest /meditation/breathing-meditation/ combined overlap 64.6%; external source links 1 | Phase 1: Built 2026-08-11T02:17:46.273Z; 373 words; 14 content headings; authored route; nearest /meditation/breathing-meditation/ combined overlap 64.6%; external source links 1; role review: PRACTICE_GUIDE; owner selection: It organizes practice choices and routes readers without pretending to be every meditation method. | Page has a valid owned role, but its editorial differentiation belongs to Phase 4/5."
https://echobuddha.com/meditation/breathing-meditation/,PAGE_STATE,IMPROVE,IMPROVE,PRACTICE_GUIDE,PRACTICE_GUIDE,IMPROVE_LATER_PHASE,IMPROVE_LATER_PHASE,REMEDIATED_VALIDATED,REMEDIATED_VALIDATED,indexable; in sitemap; https://echobuddha.com/meditation/breathing-meditation/,Yes,Evidence corrected; content retained,Yes — template-feel review only; protect substance/owner/index state,No,"Built 2026-08-11T02:17:46.273Z; 392 words; 14 content headings; authored route; nearest /meditation/loving-kindness-meditation/ combined overlap 66.8%; external source links 1 | Phase 1: Built 2026-08-11T02:17:46.273Z; 392 words; 14 content headings; authored route; nearest /meditation/loving-kindness-meditation/ combined overlap 66.8%; external source links 1; role review: PRACTICE_GUIDE; owner selection: It owns the fuller breath-method explanation; practice and source pages keep distinct roles. | Page has a valid owned role, but its editorial differentiation belongs to Phase 4/5. | This page exists to serve meditation practice within Breath / Mindfulness of Breathing through concrete method, pacing, posture, duration, or troubleshooting specific to “Breathing Meditation”."
https://echobuddha.com/meditation/,PAGE_STATE,IMPROVE,IMPROVE,HUB,HUB,KEEP_INDEXED,KEEP_INDEXED,NOT_SELECTED,NOT_SELECTED_FOR_PHASE4_PRIORITY_QUEUE,indexable; in sitemap; https://echobuddha.com/meditation/,Yes,No page-state correction required,No specific Phase 5 queue item,No,Built 2026-08-11T02:17:46.273Z; 387 words; 10 content headings; authored route; nearest /meditation/mindfulness-in-daily-life/ combined overlap 15.1%; external source links 2 | Phase 1: Built 2026-08-11T02:17:46.273Z; 387 words; 10 content headings; authored route; nearest /meditation/mindfulness-in-daily-life/ combined overlap 15.1%; external source links 2; role review: HUB; owner selection: It organizes practice choices and routes readers without pretending to be every meditation method. | Distinct route purpose remains valid under the Phase 2 ownership architecture; no indexability change justified.
https://echobuddha.com/meditation/loving-kindness-meditation/,PAGE_STATE,IMPROVE,IMPROVE,PRACTICE_GUIDE,PRACTICE_GUIDE,IMPROVE_LATER_PHASE,IMPROVE_LATER_PHASE,REMEDIATED_VALIDATED,REMEDIATED_VALIDATED,indexable; in sitemap; https://echobuddha.com/meditation/loving-kindness-meditation/,Yes,Evidence corrected; content retained,Yes — template-feel review only; protect substance/owner/index state,No,"Built 2026-08-11T02:17:46.273Z; 395 words; 14 content headings; authored route; nearest /meditation/breathing-meditation/ combined overlap 66.8%; external source links 1 | Phase 1: Built 2026-08-11T02:17:46.273Z; 395 words; 14 content headings; authored route; nearest /meditation/breathing-meditation/ combined overlap 66.8%; external source links 1; role review: PRACTICE_GUIDE; owner selection: The term page should own metta meaning while meditation pages own practices and scripts. | Page has a valid owned role, but its editorial differentiation belongs to Phase 4/5. | This page exists to serve meditation practice within Loving-Kindness / Metta through concrete method, pacing, posture, duration, or troubleshooting specific to “Loving-Kindness Meditation”."
https://echobuddha.com/meditation/meditation-for-beginners/,PAGE_STATE,IMPROVE,IMPROVE,PRACTICE_GUIDE,PRACTICE_GUIDE,IMPROVE_LATER_PHASE,IMPROVE_LATER_PHASE,NO_CHANGE_REQUIRED_VALIDATED,NO_CHANGE_REQUIRED_VALIDATED,indexable; in sitemap; https://echobuddha.com/meditation/meditation-for-beginners/,Yes,No page-state correction required,Yes — template-feel review only; protect substance/owner/index state,No,"Built 2026-08-11T02:17:46.273Z; 418 words; 14 content headings; authored route; nearest /meditation/5-minute-meditation-practice/ combined overlap 61.4%; external source links 1 | Phase 1: Built 2026-08-11T02:17:46.273Z; 418 words; 14 content headings; authored route; nearest /meditation/5-minute-meditation-practice/ combined overlap 61.4%; external source links 1; role review: PRACTICE_GUIDE; owner selection: It organizes practice choices and routes readers without pretending to be every meditation method. | Page has a valid owned role, but its editorial differentiation belongs to Phase 4/5. | This page exists to serve meditation practice within Meditation through concrete method, pacing, posture, duration, or troubleshooting specific to “Meditation for Beginners”."
https://echobuddha.com/meditation/meditation-posture-for-beginners/,PAGE_STATE,IMPROVE,IMPROVE,PRACTICE_GUIDE,PRACTICE_GUIDE,IMPROVE_LATER_PHASE,IMPROVE_LATER_PHASE,NO_CHANGE_REQUIRED_VALIDATED,NO_CHANGE_REQUIRED_VALIDATED,indexable; in sitemap; https://echobuddha.com/meditation/meditation-posture-for-beginners/,Yes,No page-state correction required,Yes — template-feel review only; protect substance/owner/index state,No,"Built 2026-08-11T02:17:46.273Z; 466 words; 11 content headings; authored route; nearest /meditation/10-minute-meditation-practice/ combined overlap 48.4%; external source links 2 | Phase 1: Built 2026-08-11T02:17:46.273Z; 466 words; 11 content headings; authored route; nearest /meditation/10-minute-meditation-practice/ combined overlap 48.4%; external source links 2; role review: PRACTICE_GUIDE; owner selection: It organizes practice choices and routes readers without pretending to be every meditation method. | Page has a valid owned role, but its editorial differentiation belongs to Phase 4/5. | This page exists to serve meditation practice within Meditation through concrete method, pacing, posture, duration, or troubleshooting specific to “Meditation Posture for Beginners”."
https://echobuddha.com/meditation/mindfulness-in-daily-life/,PAGE_STATE,IMPROVE,IMPROVE,PRACTICE_GUIDE,PRACTICE_GUIDE,IMPROVE_LATER_PHASE,IMPROVE_LATER_PHASE,NOT_SELECTED,NOT_SELECTED_FOR_PHASE4_PRIORITY_QUEUE,indexable; in sitemap; https://echobuddha.com/meditation/mindfulness-in-daily-life/,Yes,No page-state correction required,Yes — template-feel review only; protect substance/owner/index state,No,"Built 2026-08-11T02:17:46.273Z; 386 words; 14 content headings; authored route; nearest /meditation/walking-meditation/ combined overlap 66.0%; external source links 1 | Phase 1: Built 2026-08-11T02:17:46.273Z; 386 words; 14 content headings; authored route; nearest /meditation/walking-meditation/ combined overlap 66.0%; external source links 1; role review: PRACTICE_GUIDE; owner selection: The lesson owns Buddhist mindfulness meaning; dictionary, comparison, and routine pages remain narrower. | Page has a valid owned role, but its editorial differentiation belongs to Phase 4/5."
https://echobuddha.com/meditation/walking-meditation/,PAGE_STATE,IMPROVE,IMPROVE,PRACTICE_GUIDE,PRACTICE_GUIDE,KEEP_INDEXED,KEEP_INDEXED,REMEDIATED_VALIDATED,REMEDIATED_VALIDATED,indexable; in sitemap; https://echobuddha.com/meditation/walking-meditation/,Yes,Evidence corrected; content retained,Yes — template-feel review only; protect substance/owner/index state,No,Built 2026-08-11T02:17:46.273Z; 379 words; 14 content headings; authored route; nearest /meditation/breathing-meditation/ combined overlap 66.8%; external source links 1 | Phase 1: Built 2026-08-11T02:17:46.273Z; 379 words; 14 content headings; authored route; nearest /meditation/breathing-meditation/ combined overlap 66.8%; external source links 1; role review: PRACTICE_GUIDE; owner selection: The meditation route should own the repeatable walking practice; the article must add depth or be reviewed for consolidation. | Distinct route purpose remains valid under the Phase 2 ownership architecture; no indexability change justified. | This page exists as Echo Buddha's protected owner for Walking Meditation: The meditation route should own the repeatable walking practice; the article must add depth or be reviewed for consolidation.
https://echobuddha.com/meditation/when-meditation-feels-hard/,PAGE_STATE,IMPROVE,IMPROVE,PRACTICE_GUIDE,PRACTICE_GUIDE,IMPROVE_LATER_PHASE,IMPROVE_LATER_PHASE,REMEDIATED_VALIDATED,REMEDIATED_VALIDATED,indexable; in sitemap; https://echobuddha.com/meditation/when-meditation-feels-hard/,Yes,Evidence corrected; content retained,Yes — template-feel review only; protect substance/owner/index state,No,"Built 2026-08-11T02:17:46.273Z; 471 words; 11 content headings; authored route; nearest /meditation/10-minute-meditation-practice/ combined overlap 49.3%; external source links 3 | Phase 1: Built 2026-08-11T02:17:46.273Z; 471 words; 11 content headings; authored route; nearest /meditation/10-minute-meditation-practice/ combined overlap 49.3%; external source links 3; role review: PRACTICE_GUIDE; owner selection: It organizes practice choices and routes readers without pretending to be every meditation method. | Page has a valid owned role, but its editorial differentiation belongs to Phase 4/5. | This page exists to serve meditation practice within Meditation through concrete method, pacing, posture, duration, or troubleshooting specific to “What to Do When Meditation Feels Hard”."
https://echobuddha.com/mindful-living/,PAGE_STATE,IMPROVE,IMPROVE,HUB,HUB,KEEP_INDEXED,KEEP_INDEXED,NOT_SELECTED,NOT_SELECTED_FOR_PHASE4_PRIORITY_QUEUE,indexable; in sitemap; https://echobuddha.com/mindful-living/,Yes,No page-state correction required,No specific Phase 5 queue item,No,Built 2026-08-11T02:17:46.273Z; 559 words; 16 content headings; authored route; nearest /articles/ combined overlap 25.5%; external source links 0 | Phase 1: Built 2026-08-11T02:17:46.273Z; 559 words; 16 content headings; authored route; nearest /articles/ combined overlap 25.5%; external source links 0; role review: HUB; owner selection: The hub organizes daily-life applications while doctrine remains owned by Learn or dedicated articles. | Distinct route purpose remains valid under the Phase 2 ownership architecture; no indexability change justified.
https://echobuddha.com/privacy-policy/,PAGE_STATE,IMPROVE,IMPROVE,TRUST_POLICY,TRUST_POLICY,IMPROVE_LATER_PHASE,IMPROVE_LATER_PHASE,NOT_SELECTED,NOT_SELECTED_FOR_PHASE4_PRIORITY_QUEUE,indexable; in sitemap; https://echobuddha.com/privacy-policy/,Yes,No page-state correction required,No specific Phase 5 queue item,No,"Built 2026-08-11T02:17:46.273Z; 383 words; 8 content headings; authored route; nearest /editorial-policy/ combined overlap 9.5%; external source links 1 | Phase 1: Built 2026-08-11T02:17:46.273Z; 383 words; 8 content headings; authored route; nearest /editorial-policy/ combined overlap 9.5%; external source links 1; role review: TRUST_POLICY; owner selection: About anchors publisher identity while each policy page retains a protected, non-SEO trust function. | Page has a valid owned role, but its editorial differentiation belongs to Phase 4/5."
https://echobuddha.com/quote-attribution-policy/,PAGE_STATE,IMPROVE,IMPROVE,TRUST_POLICY,TRUST_POLICY,IMPROVE_LATER_PHASE,IMPROVE_LATER_PHASE,NOT_SELECTED,NOT_SELECTED_FOR_PHASE4_PRIORITY_QUEUE,indexable; in sitemap; https://echobuddha.com/quote-attribution-policy/,Yes,No page-state correction required,No specific Phase 5 queue item,No,"Built 2026-08-11T02:17:46.273Z; 248 words; 5 content headings; authored route; nearest /buddhist-sources-and-citations/ combined overlap 20.6%; external source links 0 | Phase 1: Built 2026-08-11T02:17:46.273Z; 248 words; 5 content headings; authored route; nearest /buddhist-sources-and-citations/ combined overlap 20.6%; external source links 0; role review: TRUST_POLICY; owner selection: About anchors publisher identity while each policy page retains a protected, non-SEO trust function. | Page has a valid owned role, but its editorial differentiation belongs to Phase 4/5."
https://echobuddha.com/quotes/awareness/acceptance-before-next-step/,PAGE_STATE,IMPROVE,IMPROVE,QUOTE_REFLECTION,QUOTE_REFLECTION,KEEP_INDEXED,KEEP_INDEXED,NOT_SELECTED,NOT_SELECTED_FOR_PHASE4_PRIORITY_QUEUE,indexable; in sitemap; https://echobuddha.com/quotes/awareness/acceptance-before-next-step/,Yes,No page-state correction required,Yes — template-feel review only; protect substance/owner/index state,No,Built 2026-08-11T02:17:46.273Z; 666 words; 17 content headings; individually authored story; nearest /quotes/awareness/feelings-without-the-wheel/ combined overlap 65.8%; external source links 0 | Phase 1: Built 2026-08-11T02:17:46.273Z; 666 words; 17 content headings; individually authored story; nearest /quotes/awareness/feelings-without-the-wheel/ combined overlap 65.8%; external source links 0; role review: QUOTE_REFLECTION; owner selection: The hub owns discovery of clearly labeled original Echo Buddha quote reflections. | Individually authored reflection retains a distinct narrative and remains in the curated indexed subset.
https://echobuddha.com/quotes/awareness/anger-asks-for-speed-awareness-asks-for-one-more/,PAGE_STATE,NOINDEX,NOINDEX,QUOTE_REFLECTION,QUOTE_REFLECTION,NOINDEX,NOINDEX,NOT_SELECTED,NOT_SELECTED_FOR_PHASE4_PRIORITY_QUEUE,"noindex, follow; out of sitemap; https://echobuddha.com/quotes/awareness/anger-asks-for-speed-awareness-asks-for-one-more/",Yes,No page-state correction required,Yes — template-feel review only; protect substance/owner/index state,No,Built 2026-08-11T02:17:46.273Z; 680 words; 17 content headings; generated story; nearest /quotes/awareness/the-body-often-knows-you-are-overwhelmed-before-the/ combined overlap 86.0%; external source links 0 | Phase 1: Built 2026-08-11T02:17:46.273Z; 680 words; 17 content headings; generated story; nearest /quotes/awareness/the-body-often-knows-you-are-overwhelmed-before-the/ combined overlap 86.0%; external source links 0; role review: QUOTE_REFLECTION; owner selection: The hub owns discovery of clearly labeled original Echo Buddha quote reflections. | Mechanically generated story has high structural overlap and limited independent search value; route and internal discovery remain available.
https://echobuddha.com/quotes/awareness/awareness-does-not-remove-the-storm-it-keeps-you/,PAGE_STATE,NOINDEX,NOINDEX,QUOTE_REFLECTION,QUOTE_REFLECTION,NOINDEX,NOINDEX,NOT_SELECTED,NOT_SELECTED_FOR_PHASE4_PRIORITY_QUEUE,"noindex, follow; out of sitemap; https://echobuddha.com/quotes/awareness/awareness-does-not-remove-the-storm-it-keeps-you/",Yes,No page-state correction required,Yes — template-feel review only; protect substance/owner/index state,No,Built 2026-08-11T02:17:46.273Z; 706 words; 17 content headings; generated story; nearest /quotes/awareness/small-acts-of-attention-can-turn-an-ordinary-day/ combined overlap 85.2%; external source links 0 | Phase 1: Built 2026-08-11T02:17:46.273Z; 706 words; 17 content headings; generated story; nearest /quotes/awareness/small-acts-of-attention-can-turn-an-ordinary-day/ combined overlap 85.2%; external source links 0; role review: QUOTE_REFLECTION; owner selection: The hub owns discovery of clearly labeled original Echo Buddha quote reflections. | Mechanically generated story has high structural overlap and limited independent search value; route and internal discovery remain available.
https://echobuddha.com/quotes/awareness/clear-seeing-begins-with-the-courage-to-stop-looking/,PAGE_STATE,NOT_APPLICABLE,NOT_IN_PHASE1_INDEXABLE_POPULATION,NOT_APPLICABLE,PREEXISTING_NOINDEX_OR_ERROR_ROLE,KEEP_NOINDEXED,KEEP_NOINDEXED,NOT_SELECTED,NOT_SELECTED_FOR_PHASE4_PRIORITY_QUEUE,"noindex, follow; out of sitemap; https://echobuddha.com/quotes/awareness/clear-seeing-begins-with-the-courage-to-stop-looking/",Yes,No page-state correction required,No specific Phase 5 queue item,No,Existing noindex generated story remains accessible and excluded from the sitemap.
https://echobuddha.com/quotes/awareness/feelings-are-honest-about-their-presence-not-always-about/,PAGE_STATE,NOT_APPLICABLE,NOT_IN_PHASE1_INDEXABLE_POPULATION,NOT_APPLICABLE,PREEXISTING_NOINDEX_OR_ERROR_ROLE,KEEP_NOINDEXED,KEEP_NOINDEXED,NOT_SELECTED,NOT_SELECTED_FOR_PHASE4_PRIORITY_QUEUE,"noindex, follow; out of sitemap; https://echobuddha.com/quotes/awareness/feelings-are-honest-about-their-presence-not-always-about/",Yes,No page-state correction required,No specific Phase 5 queue item,No,Existing noindex generated story remains accessible and excluded from the sitemap.
https://echobuddha.com/quotes/awareness/feelings-without-the-wheel/,PAGE_STATE,IMPROVE,IMPROVE,QUOTE_REFLECTION,QUOTE_REFLECTION,KEEP_INDEXED,KEEP_INDEXED,NOT_SELECTED,NOT_SELECTED_FOR_PHASE4_PRIORITY_QUEUE,indexable; in sitemap; https://echobuddha.com/quotes/awareness/feelings-without-the-wheel/,Yes,No page-state correction required,Yes — template-feel review only; protect substance/owner/index state,No,Built 2026-08-11T02:17:46.273Z; 640 words; 17 content headings; individually authored story; nearest /quotes/awareness/one-breath-before-anger-replies/ combined overlap 68.2%; external source links 0 | Phase 1: Built 2026-08-11T02:17:46.273Z; 640 words; 17 content headings; individually authored story; nearest /quotes/awareness/one-breath-before-anger-replies/ combined overlap 68.2%; external source links 0; role review: QUOTE_REFLECTION; owner selection: The hub owns discovery of clearly labeled original Echo Buddha quote reflections. | Individually authored reflection retains a distinct narrative and remains in the curated indexed subset.
https://echobuddha.com/quotes/awareness/,PAGE_STATE,SUBSTANTIAL REWRITE,SUBSTANTIAL REWRITE,CATEGORY,CATEGORY,IMPROVE_LATER_PHASE,IMPROVE_LATER_PHASE,NOT_SELECTED,NOT_SELECTED_FOR_PHASE4_PRIORITY_QUEUE,indexable; in sitemap; https://echobuddha.com/quotes/awareness/,Yes,No page-state correction required,Yes — template-feel review only; protect substance/owner/index state,No,"Built 2026-08-11T02:17:46.273Z; 456 words; 7 content headings; authored route; nearest /quotes/mindfulness/ combined overlap 49.1%; external source links 0 | Phase 1: Built 2026-08-11T02:17:46.273Z; 456 words; 7 content headings; authored route; nearest /quotes/mindfulness/ combined overlap 49.1%; external source links 0; role review: CATEGORY; owner selection: The hub owns discovery of clearly labeled original Echo Buddha quote reflections. | Page has a valid owned role, but its editorial differentiation belongs to Phase 4/5."
https://echobuddha.com/quotes/awareness/look-beneath-the-reaction-and-you-may-find-a/,PAGE_STATE,NOINDEX,NOINDEX,QUOTE_REFLECTION,QUOTE_REFLECTION,NOINDEX,NOINDEX,NOT_SELECTED,NOT_SELECTED_FOR_PHASE4_PRIORITY_QUEUE,"noindex, follow; out of sitemap; https://echobuddha.com/quotes/awareness/look-beneath-the-reaction-and-you-may-find-a/",Yes,No page-state correction required,Yes — template-feel review only; protect substance/owner/index state,No,Built 2026-08-11T02:17:46.273Z; 685 words; 17 content headings; generated story; nearest /quotes/awareness/small-acts-of-attention-can-turn-an-ordinary-day/ combined overlap 86.5%; external source links 0 | Phase 1: Built 2026-08-11T02:17:46.273Z; 685 words; 17 content headings; generated story; nearest /quotes/awareness/small-acts-of-attention-can-turn-an-ordinary-day/ combined overlap 86.5%; external source links 0; role review: QUOTE_REFLECTION; owner selection: The hub owns discovery of clearly labeled original Echo Buddha quote reflections. | Mechanically generated story has high structural overlap and limited independent search value; route and internal discovery remain available.
https://echobuddha.com/quotes/awareness/name-the-feeling-gently-and-it-may-stop-speaking/,PAGE_STATE,NOINDEX,NOINDEX,QUOTE_REFLECTION,QUOTE_REFLECTION,NOINDEX,NOINDEX,NOT_SELECTED,NOT_SELECTED_FOR_PHASE4_PRIORITY_QUEUE,"noindex, follow; out of sitemap; https://echobuddha.com/quotes/awareness/name-the-feeling-gently-and-it-may-stop-speaking/",Yes,No page-state correction required,Yes — template-feel review only; protect substance/owner/index state,No,Built 2026-08-11T02:17:46.273Z; 700 words; 17 content headings; generated story; nearest /quotes/awareness/the-body-often-knows-you-are-overwhelmed-before-the/ combined overlap 87.5%; external source links 0 | Phase 1: Built 2026-08-11T02:17:46.273Z; 700 words; 17 content headings; generated story; nearest /quotes/awareness/the-body-often-knows-you-are-overwhelmed-before-the/ combined overlap 87.5%; external source links 0; role review: QUOTE_REFLECTION; owner selection: The hub owns discovery of clearly labeled original Echo Buddha quote reflections. | Mechanically generated story has high structural overlap and limited independent search value; route and internal discovery remain available.
https://echobuddha.com/quotes/awareness/notice-the-habit-before-trying-to-become-someone-without/,PAGE_STATE,NOT_APPLICABLE,NOT_IN_PHASE1_INDEXABLE_POPULATION,NOT_APPLICABLE,PREEXISTING_NOINDEX_OR_ERROR_ROLE,KEEP_NOINDEXED,KEEP_NOINDEXED,NOT_SELECTED,NOT_SELECTED_FOR_PHASE4_PRIORITY_QUEUE,"noindex, follow; out of sitemap; https://echobuddha.com/quotes/awareness/notice-the-habit-before-trying-to-become-someone-without/",Yes,No page-state correction required,No specific Phase 5 queue item,No,Existing noindex generated story remains accessible and excluded from the sitemap.
https://echobuddha.com/quotes/awareness/one-breath-before-anger-replies/,PAGE_STATE,IMPROVE,IMPROVE,QUOTE_REFLECTION,QUOTE_REFLECTION,KEEP_INDEXED,KEEP_INDEXED,NOT_SELECTED,NOT_SELECTED_FOR_PHASE4_PRIORITY_QUEUE,indexable; in sitemap; https://echobuddha.com/quotes/awareness/one-breath-before-anger-replies/,Yes,No page-state correction required,Yes — template-feel review only; protect substance/owner/index state,No,Built 2026-08-11T02:17:46.273Z; 670 words; 17 content headings; individually authored story; nearest /quotes/awareness/feelings-without-the-wheel/ combined overlap 68.2%; external source links 0 | Phase 1: Built 2026-08-11T02:17:46.273Z; 670 words; 17 content headings; individually authored story; nearest /quotes/awareness/feelings-without-the-wheel/ combined overlap 68.2%; external source links 0; role review: QUOTE_REFLECTION; owner selection: The hub owns discovery of clearly labeled original Echo Buddha quote reflections. | Individually authored reflection retains a distinct narrative and remains in the curated indexed subset.
https://echobuddha.com/quotes/awareness/small-acts-of-attention-can-turn-an-ordinary-day/,PAGE_STATE,NOINDEX,NOINDEX,QUOTE_REFLECTION,QUOTE_REFLECTION,NOINDEX,NOINDEX,NOT_SELECTED,NOT_SELECTED_FOR_PHASE4_PRIORITY_QUEUE,"noindex, follow; out of sitemap; https://echobuddha.com/quotes/awareness/small-acts-of-attention-can-turn-an-ordinary-day/",Yes,No page-state correction required,Yes — template-feel review only; protect substance/owner/index state,No,Built 2026-08-11T02:17:46.273Z; 657 words; 17 content headings; generated story; nearest /quotes/awareness/look-beneath-the-reaction-and-you-may-find-a/ combined overlap 86.5%; external source links 0 | Phase 1: Built 2026-08-11T02:17:46.273Z; 657 words; 17 content headings; generated story; nearest /quotes/awareness/look-beneath-the-reaction-and-you-may-find-a/ combined overlap 86.5%; external source links 0; role review: QUOTE_REFLECTION; owner selection: The hub owns discovery of clearly labeled original Echo Buddha quote reflections. | Mechanically generated story has high structural overlap and limited independent search value; route and internal discovery remain available.
https://echobuddha.com/quotes/awareness/the-body-often-knows-you-are-overwhelmed-before-the/,PAGE_STATE,NOINDEX,NOINDEX,QUOTE_REFLECTION,QUOTE_REFLECTION,NOINDEX,NOINDEX,NOT_SELECTED,NOT_SELECTED_FOR_PHASE4_PRIORITY_QUEUE,"noindex, follow; out of sitemap; https://echobuddha.com/quotes/awareness/the-body-often-knows-you-are-overwhelmed-before-the/",Yes,No page-state correction required,Yes — template-feel review only; protect substance/owner/index state,No,Built 2026-08-11T02:17:46.273Z; 710 words; 17 content headings; generated story; nearest /quotes/awareness/name-the-feeling-gently-and-it-may-stop-speaking/ combined overlap 87.5%; external source links 0 | Phase 1: Built 2026-08-11T02:17:46.273Z; 710 words; 17 content headings; generated story; nearest /quotes/awareness/name-the-feeling-gently-and-it-may-stop-speaking/ combined overlap 87.5%; external source links 0; role review: QUOTE_REFLECTION; owner selection: The hub owns discovery of clearly labeled original Echo Buddha quote reflections. | Mechanically generated story has high structural overlap and limited independent search value; route and internal discovery remain available.
https://echobuddha.com/quotes/awareness/thoughts-are-visitors/,PAGE_STATE,IMPROVE,IMPROVE,QUOTE_REFLECTION,QUOTE_REFLECTION,KEEP_INDEXED,KEEP_INDEXED,NOT_SELECTED,NOT_SELECTED_FOR_PHASE4_PRIORITY_QUEUE,indexable; in sitemap; https://echobuddha.com/quotes/awareness/thoughts-are-visitors/,Yes,No page-state correction required,Yes — template-feel review only; protect substance/owner/index state,No,Built 2026-08-11T02:17:46.273Z; 655 words; 17 content headings; individually authored story; nearest /quotes/awareness/thoughts-pass-without-commanding-you/ combined overlap 67.9%; external source links 0 | Phase 1: Built 2026-08-11T02:17:46.273Z; 655 words; 17 content headings; individually authored story; nearest /quotes/awareness/thoughts-pass-without-commanding-you/ combined overlap 67.9%; external source links 0; role review: QUOTE_REFLECTION; owner selection: The hub owns discovery of clearly labeled original Echo Buddha quote reflections. | Individually authored reflection retains a distinct narrative and remains in the curated indexed subset.
https://echobuddha.com/quotes/awareness/thoughts-pass-without-commanding-you/,PAGE_STATE,IMPROVE,IMPROVE,QUOTE_REFLECTION,QUOTE_REFLECTION,KEEP_INDEXED,KEEP_INDEXED,NOT_SELECTED,NOT_SELECTED_FOR_PHASE4_PRIORITY_QUEUE,indexable; in sitemap; https://echobuddha.com/quotes/awareness/thoughts-pass-without-commanding-you/,Yes,No page-state correction required,Yes — template-feel review only; protect substance/owner/index state,No,Built 2026-08-11T02:17:46.273Z; 665 words; 17 content headings; individually authored story; nearest /quotes/awareness/thoughts-are-visitors/ combined overlap 67.9%; external source links 0 | Phase 1: Built 2026-08-11T02:17:46.273Z; 665 words; 17 content headings; individually authored story; nearest /quotes/awareness/thoughts-are-visitors/ combined overlap 67.9%; external source links 0; role review: QUOTE_REFLECTION; owner selection: The hub owns discovery of clearly labeled original Echo Buddha quote reflections. | Individually authored reflection retains a distinct narrative and remains in the curated indexed subset.
https://echobuddha.com/quotes/awareness/what-you-can-observe-clearly-no-longer-controls-you/,PAGE_STATE,NOT_APPLICABLE,NOT_IN_PHASE1_INDEXABLE_POPULATION,NOT_APPLICABLE,PREEXISTING_NOINDEX_OR_ERROR_ROLE,KEEP_NOINDEXED,KEEP_NOINDEXED,NOT_SELECTED,NOT_SELECTED_FOR_PHASE4_PRIORITY_QUEUE,"noindex, follow; out of sitemap; https://echobuddha.com/quotes/awareness/what-you-can-observe-clearly-no-longer-controls-you/",Yes,No page-state correction required,No specific Phase 5 queue item,No,Existing noindex generated story remains accessible and excluded from the sitemap.
https://echobuddha.com/quotes/awareness/when-the-mind-tightens-let-the-body-be-your/,PAGE_STATE,NOT_APPLICABLE,NOT_IN_PHASE1_INDEXABLE_POPULATION,NOT_APPLICABLE,PREEXISTING_NOINDEX_OR_ERROR_ROLE,KEEP_NOINDEXED,KEEP_NOINDEXED,NOT_SELECTED,NOT_SELECTED_FOR_PHASE4_PRIORITY_QUEUE,"noindex, follow; out of sitemap; https://echobuddha.com/quotes/awareness/when-the-mind-tightens-let-the-body-be-your/",Yes,No page-state correction required,No specific Phase 5 queue item,No,Existing noindex generated story remains accessible and excluded from the sitemap.
https://echobuddha.com/quotes/compassion/a-gentle-response-can-end-suffering-that-anger-would/,PAGE_STATE,NOINDEX,NOINDEX,QUOTE_REFLECTION,QUOTE_REFLECTION,NOINDEX,NOINDEX,NOT_SELECTED,NOT_SELECTED_FOR_PHASE4_PRIORITY_QUEUE,"noindex, follow; out of sitemap; https://echobuddha.com/quotes/compassion/a-gentle-response-can-end-suffering-that-anger-would/",Yes,No page-state correction required,Yes — template-feel review only; protect substance/owner/index state,No,Built 2026-08-11T02:17:46.273Z; 670 words; 17 content headings; generated story; nearest /quotes/compassion/let-kindness-be-the-echo-you-leave-in-every/ combined overlap 83.7%; external source links 0 | Phase 1: Built 2026-08-11T02:17:46.273Z; 670 words; 17 content headings; generated story; nearest /quotes/compassion/let-kindness-be-the-echo-you-leave-in-every/ combined overlap 83.7%; external source links 0; role review: QUOTE_REFLECTION; owner selection: The hub owns discovery of clearly labeled original Echo Buddha quote reflections. | Mechanically generated story has high structural overlap and limited independent search value; route and internal discovery remain available.
https://echobuddha.com/quotes/compassion/before-judging-another-life-remember-how-much-of-your/,PAGE_STATE,NOINDEX,NOINDEX,QUOTE_REFLECTION,QUOTE_REFLECTION,NOINDEX,NOINDEX,NOT_SELECTED,NOT_SELECTED_FOR_PHASE4_PRIORITY_QUEUE,"noindex, follow; out of sitemap; https://echobuddha.com/quotes/compassion/before-judging-another-life-remember-how-much-of-your/",Yes,No page-state correction required,Yes — template-feel review only; protect substance/owner/index state,No,Built 2026-08-11T02:17:46.273Z; 687 words; 17 content headings; generated story; nearest /quotes/compassion/let-kindness-be-the-echo-you-leave-in-every/ combined overlap 88.2%; external source links 0 | Phase 1: Built 2026-08-11T02:17:46.273Z; 687 words; 17 content headings; generated story; nearest /quotes/compassion/let-kindness-be-the-echo-you-leave-in-every/ combined overlap 88.2%; external source links 0; role review: QUOTE_REFLECTION; owner selection: The hub owns discovery of clearly labeled original Echo Buddha quote reflections. | Mechanically generated story has high structural overlap and limited independent search value; route and internal discovery remain available.
https://echobuddha.com/quotes/compassion/compassion-asks-what-hurts-before-it-asks-who-is/,PAGE_STATE,NOINDEX,NOINDEX,QUOTE_REFLECTION,QUOTE_REFLECTION,NOINDEX,NOINDEX,NOT_SELECTED,NOT_SELECTED_FOR_PHASE4_PRIORITY_QUEUE,"noindex, follow; out of sitemap; https://echobuddha.com/quotes/compassion/compassion-asks-what-hurts-before-it-asks-who-is/",Yes,No page-state correction required,Yes — template-feel review only; protect substance/owner/index state,No,Built 2026-08-11T02:17:46.273Z; 666 words; 17 content headings; generated story; nearest /quotes/compassion/kindness-does-not-need-an-audience-to-become-meaningful/ combined overlap 86.1%; external source links 0 | Phase 1: Built 2026-08-11T02:17:46.273Z; 666 words; 17 content headings; generated story; nearest /quotes/compassion/kindness-does-not-need-an-audience-to-become-meaningful/ combined overlap 86.1%; external source links 0; role review: QUOTE_REFLECTION; owner selection: The hub owns discovery of clearly labeled original Echo Buddha quote reflections. | Mechanically generated story has high structural overlap and limited independent search value; route and internal discovery remain available.
https://echobuddha.com/quotes/compassion/compassion-grows-where-judgment-loosens-its-grip/,PAGE_STATE,NOINDEX,NOINDEX,QUOTE_REFLECTION,QUOTE_REFLECTION,NOINDEX,NOINDEX,NOT_SELECTED,NOT_SELECTED_FOR_PHASE4_PRIORITY_QUEUE,"noindex, follow; out of sitemap; https://echobuddha.com/quotes/compassion/compassion-grows-where-judgment-loosens-its-grip/",Yes,No page-state correction required,Yes — template-feel review only; protect substance/owner/index state,No,Built 2026-08-11T02:17:46.273Z; 637 words; 17 content headings; generated story; nearest /quotes/compassion/let-kindness-be-the-echo-you-leave-in-every/ combined overlap 85.4%; external source links 0 | Phase 1: Built 2026-08-11T02:17:46.273Z; 637 words; 17 content headings; generated story; nearest /quotes/compassion/let-kindness-be-the-echo-you-leave-in-every/ combined overlap 85.4%; external source links 0; role review: QUOTE_REFLECTION; owner selection: The hub owns discovery of clearly labeled original Echo Buddha quote reflections. | Mechanically generated story has high structural overlap and limited independent search value; route and internal discovery remain available.
https://echobuddha.com/quotes/compassion/compassion-sees-pain-clearly/,PAGE_STATE,IMPROVE,IMPROVE,QUOTE_REFLECTION,QUOTE_REFLECTION,KEEP_INDEXED,KEEP_INDEXED,NOT_SELECTED,NOT_SELECTED_FOR_PHASE4_PRIORITY_QUEUE,indexable; in sitemap; https://echobuddha.com/quotes/compassion/compassion-sees-pain-clearly/,Yes,No page-state correction required,Yes — template-feel review only; protect substance/owner/index state,No,Built 2026-08-11T02:17:46.273Z; 643 words; 17 content headings; individually authored story; nearest /quotes/compassion/gentle-self-compassion/ combined overlap 65.3%; external source links 0 | Phase 1: Built 2026-08-11T02:17:46.273Z; 643 words; 17 content headings; individually authored story; nearest /quotes/compassion/gentle-self-compassion/ combined overlap 65.3%; external source links 0; role review: QUOTE_REFLECTION; owner selection: The hub owns discovery of clearly labeled original Echo Buddha quote reflections. | Individually authored reflection retains a distinct narrative and remains in the curated indexed subset.
https://echobuddha.com/quotes/compassion/gentle-self-compassion/,PAGE_STATE,IMPROVE,IMPROVE,QUOTE_REFLECTION,QUOTE_REFLECTION,KEEP_INDEXED,KEEP_INDEXED,NOT_SELECTED,NOT_SELECTED_FOR_PHASE4_PRIORITY_QUEUE,indexable; in sitemap; https://echobuddha.com/quotes/compassion/gentle-self-compassion/,Yes,No page-state correction required,Yes — template-feel review only; protect substance/owner/index state,No,Built 2026-08-11T02:17:46.273Z; 617 words; 17 content headings; individually authored story; nearest /quotes/compassion/loving-kindness-without-harm/ combined overlap 65.4%; external source links 0 | Phase 1: Built 2026-08-11T02:17:46.273Z; 617 words; 17 content headings; individually authored story; nearest /quotes/compassion/loving-kindness-without-harm/ combined overlap 65.4%; external source links 0; role review: QUOTE_REFLECTION; owner selection: The hub owns discovery of clearly labeled original Echo Buddha quote reflections. | Individually authored reflection retains a distinct narrative and remains in the curated indexed subset.
https://echobuddha.com/quotes/compassion/,PAGE_STATE,SUBSTANTIAL REWRITE,SUBSTANTIAL REWRITE,CATEGORY,CATEGORY,IMPROVE_LATER_PHASE,IMPROVE_LATER_PHASE,NOT_SELECTED,NOT_SELECTED_FOR_PHASE4_PRIORITY_QUEUE,indexable; in sitemap; https://echobuddha.com/quotes/compassion/,Yes,No page-state correction required,Yes — template-feel review only; protect substance/owner/index state,No,"Built 2026-08-11T02:17:46.273Z; 426 words; 7 content headings; authored route; nearest /quotes/impermanence/ combined overlap 48.5%; external source links 0 | Phase 1: Built 2026-08-11T02:17:46.273Z; 426 words; 7 content headings; authored route; nearest /quotes/impermanence/ combined overlap 48.5%; external source links 0; role review: CATEGORY; owner selection: The hub owns discovery of clearly labeled original Echo Buddha quote reflections. | Page has a valid owned role, but its editorial differentiation belongs to Phase 4/5."
https://echobuddha.com/quotes/compassion/kindness-as-quiet-practice/,PAGE_STATE,IMPROVE,IMPROVE,QUOTE_REFLECTION,QUOTE_REFLECTION,KEEP_INDEXED,KEEP_INDEXED,NOT_SELECTED,NOT_SELECTED_FOR_PHASE4_PRIORITY_QUEUE,indexable; in sitemap; https://echobuddha.com/quotes/compassion/kindness-as-quiet-practice/,Yes,No page-state correction required,Yes — template-feel review only; protect substance/owner/index state,No,Built 2026-08-11T02:17:46.273Z; 623 words; 17 content headings; individually authored story; nearest /quotes/compassion/loving-kindness-without-harm/ combined overlap 65.6%; external source links 0 | Phase 1: Built 2026-08-11T02:17:46.273Z; 623 words; 17 content headings; individually authored story; nearest /quotes/compassion/loving-kindness-without-harm/ combined overlap 65.6%; external source links 0; role review: QUOTE_REFLECTION; owner selection: The hub owns discovery of clearly labeled original Echo Buddha quote reflections. | Individually authored reflection retains a distinct narrative and remains in the curated indexed subset.
https://echobuddha.com/quotes/compassion/kindness-does-not-need-an-audience-to-become-meaningful/,PAGE_STATE,NOINDEX,NOINDEX,QUOTE_REFLECTION,QUOTE_REFLECTION,NOINDEX,NOINDEX,NOT_SELECTED,NOT_SELECTED_FOR_PHASE4_PRIORITY_QUEUE,"noindex, follow; out of sitemap; https://echobuddha.com/quotes/compassion/kindness-does-not-need-an-audience-to-become-meaningful/",Yes,No page-state correction required,Yes — template-feel review only; protect substance/owner/index state,No,Built 2026-08-11T02:17:46.273Z; 633 words; 17 content headings; generated story; nearest /quotes/compassion/compassion-asks-what-hurts-before-it-asks-who-is/ combined overlap 86.1%; external source links 0 | Phase 1: Built 2026-08-11T02:17:46.273Z; 633 words; 17 content headings; generated story; nearest /quotes/compassion/compassion-asks-what-hurts-before-it-asks-who-is/ combined overlap 86.1%; external source links 0; role review: QUOTE_REFLECTION; owner selection: The hub owns discovery of clearly labeled original Echo Buddha quote reflections. | Mechanically generated story has high structural overlap and limited independent search value; route and internal discovery remain available.
https://echobuddha.com/quotes/compassion/let-kindness-be-the-echo-you-leave-in-every/,PAGE_STATE,NOINDEX,NOINDEX,QUOTE_REFLECTION,QUOTE_REFLECTION,NOINDEX,NOINDEX,NOT_SELECTED,NOT_SELECTED_FOR_PHASE4_PRIORITY_QUEUE,"noindex, follow; out of sitemap; https://echobuddha.com/quotes/compassion/let-kindness-be-the-echo-you-leave-in-every/",Yes,No page-state correction required,Yes — template-feel review only; protect substance/owner/index state,No,Built 2026-08-11T02:17:46.273Z; 643 words; 17 content headings; generated story; nearest /quotes/compassion/before-judging-another-life-remember-how-much-of-your/ combined overlap 88.2%; external source links 0 | Phase 1: Built 2026-08-11T02:17:46.273Z; 643 words; 17 content headings; generated story; nearest /quotes/compassion/before-judging-another-life-remember-how-much-of-your/ combined overlap 88.2%; external source links 0; role review: QUOTE_REFLECTION; owner selection: The hub owns discovery of clearly labeled original Echo Buddha quote reflections. | Mechanically generated story has high structural overlap and limited independent search value; route and internal discovery remain available.
https://echobuddha.com/quotes/compassion/let-your-boundaries-be-clear-and-your-heart-remain/,PAGE_STATE,NOT_APPLICABLE,NOT_IN_PHASE1_INDEXABLE_POPULATION,NOT_APPLICABLE,PREEXISTING_NOINDEX_OR_ERROR_ROLE,KEEP_NOINDEXED,KEEP_NOINDEXED,NOT_SELECTED,NOT_SELECTED_FOR_PHASE4_PRIORITY_QUEUE,"noindex, follow; out of sitemap; https://echobuddha.com/quotes/compassion/let-your-boundaries-be-clear-and-your-heart-remain/",Yes,No page-state correction required,No specific Phase 5 queue item,No,Existing noindex generated story remains accessible and excluded from the sitemap.
https://echobuddha.com/quotes/compassion/loving-kindness-without-harm/,PAGE_STATE,IMPROVE,IMPROVE,QUOTE_REFLECTION,QUOTE_REFLECTION,KEEP_INDEXED,KEEP_INDEXED,NOT_SELECTED,NOT_SELECTED_FOR_PHASE4_PRIORITY_QUEUE,indexable; in sitemap; https://echobuddha.com/quotes/compassion/loving-kindness-without-harm/,Yes,No page-state correction required,Yes — template-feel review only; protect substance/owner/index state,No,Built 2026-08-11T02:17:46.273Z; 634 words; 17 content headings; individually authored story; nearest /quotes/compassion/kindness-as-quiet-practice/ combined overlap 65.6%; external source links 0 | Phase 1: Built 2026-08-11T02:17:46.273Z; 634 words; 17 content headings; individually authored story; nearest /quotes/compassion/kindness-as-quiet-practice/ combined overlap 65.6%; external source links 0; role review: QUOTE_REFLECTION; owner selection: The hub owns discovery of clearly labeled original Echo Buddha quote reflections. | Individually authored reflection retains a distinct narrative and remains in the curated indexed subset.
https://echobuddha.com/quotes/compassion/offer-others-the-patience-you-hope-to-receive-on/,PAGE_STATE,NOT_APPLICABLE,NOT_IN_PHASE1_INDEXABLE_POPULATION,NOT_APPLICABLE,PREEXISTING_NOINDEX_OR_ERROR_ROLE,KEEP_NOINDEXED,KEEP_NOINDEXED,NOT_SELECTED,NOT_SELECTED_FOR_PHASE4_PRIORITY_QUEUE,"noindex, follow; out of sitemap; https://echobuddha.com/quotes/compassion/offer-others-the-patience-you-hope-to-receive-on/",Yes,No page-state correction required,No specific Phase 5 queue item,No,Existing noindex generated story remains accessible and excluded from the sitemap.
https://echobuddha.com/quotes/compassion/small-kindnesses-often-reach-places-that-advice-cannot/,PAGE_STATE,NOT_APPLICABLE,NOT_IN_PHASE1_INDEXABLE_POPULATION,NOT_APPLICABLE,PREEXISTING_NOINDEX_OR_ERROR_ROLE,KEEP_NOINDEXED,KEEP_NOINDEXED,NOT_SELECTED,NOT_SELECTED_FOR_PHASE4_PRIORITY_QUEUE,"noindex, follow; out of sitemap; https://echobuddha.com/quotes/compassion/small-kindnesses-often-reach-places-that-advice-cannot/",Yes,No page-state correction required,No specific Phase 5 queue item,No,Existing noindex generated story remains accessible and excluded from the sitemap.
https://echobuddha.com/quotes/compassion/the-heart-becomes-spacious-each-time-it-chooses-care/,PAGE_STATE,NOT_APPLICABLE,NOT_IN_PHASE1_INDEXABLE_POPULATION,NOT_APPLICABLE,PREEXISTING_NOINDEX_OR_ERROR_ROLE,KEEP_NOINDEXED,KEEP_NOINDEXED,NOT_SELECTED,NOT_SELECTED_FOR_PHASE4_PRIORITY_QUEUE,"noindex, follow; out of sitemap; https://echobuddha.com/quotes/compassion/the-heart-becomes-spacious-each-time-it-chooses-care/",Yes,No page-state correction required,No specific Phase 5 queue item,No,Existing noindex generated story remains accessible and excluded from the sitemap.
https://echobuddha.com/quotes/compassion/to-understand-someone-is-not-to-excuse-harm-it/,PAGE_STATE,NOT_APPLICABLE,NOT_IN_PHASE1_INDEXABLE_POPULATION,NOT_APPLICABLE,PREEXISTING_NOINDEX_OR_ERROR_ROLE,KEEP_NOINDEXED,KEEP_NOINDEXED,NOT_SELECTED,NOT_SELECTED_FOR_PHASE4_PRIORITY_QUEUE,"noindex, follow; out of sitemap; https://echobuddha.com/quotes/compassion/to-understand-someone-is-not-to-excuse-harm-it/",Yes,No page-state correction required,No specific Phase 5 queue item,No,Existing noindex generated story remains accessible and excluded from the sitemap.
https://echobuddha.com/quotes/compassion/when-you-cannot-remove-anothers-burden-do-not-add/,PAGE_STATE,NOT_APPLICABLE,NOT_IN_PHASE1_INDEXABLE_POPULATION,NOT_APPLICABLE,PREEXISTING_NOINDEX_OR_ERROR_ROLE,KEEP_NOINDEXED,KEEP_NOINDEXED,NOT_SELECTED,NOT_SELECTED_FOR_PHASE4_PRIORITY_QUEUE,"noindex, follow; out of sitemap; https://echobuddha.com/quotes/compassion/when-you-cannot-remove-anothers-burden-do-not-add/",Yes,No page-state correction required,No specific Phase 5 queue item,No,Existing noindex generated story remains accessible and excluded from the sitemap.
https://echobuddha.com/quotes/impermanence/acceptance-begins-where-the-argument-with-change-ends/,PAGE_STATE,NOT_APPLICABLE,NOT_IN_PHASE1_INDEXABLE_POPULATION,NOT_APPLICABLE,PREEXISTING_NOINDEX_OR_ERROR_ROLE,KEEP_NOINDEXED,KEEP_NOINDEXED,NOT_SELECTED,NOT_SELECTED_FOR_PHASE4_PRIORITY_QUEUE,"noindex, follow; out of sitemap; https://echobuddha.com/quotes/impermanence/acceptance-begins-where-the-argument-with-change-ends/",Yes,No page-state correction required,No specific Phase 5 queue item,No,Existing noindex generated story remains accessible and excluded from the sitemap.
https://echobuddha.com/quotes/impermanence/because-this-moment-will-pass-meet-it-while-it/,PAGE_STATE,NOINDEX,NOINDEX,QUOTE_REFLECTION,QUOTE_REFLECTION,NOINDEX,NOINDEX,NOT_SELECTED,NOT_SELECTED_FOR_PHASE4_PRIORITY_QUEUE,"noindex, follow; out of sitemap; https://echobuddha.com/quotes/impermanence/because-this-moment-will-pass-meet-it-while-it/",Yes,No page-state correction required,Yes — template-feel review only; protect substance/owner/index state,No,Built 2026-08-11T02:17:46.273Z; 656 words; 17 content headings; generated story; nearest /quotes/impermanence/change-takes-nothing-personally-it-simply-continues/ combined overlap 84.0%; external source links 0 | Phase 1: Built 2026-08-11T02:17:46.273Z; 656 words; 17 content headings; generated story; nearest /quotes/impermanence/change-takes-nothing-personally-it-simply-continues/ combined overlap 84.0%; external source links 0; role review: QUOTE_REFLECTION; owner selection: The hub owns discovery of clearly labeled original Echo Buddha quote reflections. | Mechanically generated story has high structural overlap and limited independent search value; route and internal discovery remain available.
https://echobuddha.com/quotes/impermanence/change-is-how-life-continues/,PAGE_STATE,IMPROVE,IMPROVE,QUOTE_REFLECTION,QUOTE_REFLECTION,KEEP_INDEXED,KEEP_INDEXED,NOT_SELECTED,NOT_SELECTED_FOR_PHASE4_PRIORITY_QUEUE,indexable; in sitemap; https://echobuddha.com/quotes/impermanence/change-is-how-life-continues/,Yes,No page-state correction required,Yes — template-feel review only; protect substance/owner/index state,No,Built 2026-08-11T02:17:46.273Z; 618 words; 17 content headings; individually authored story; nearest /quotes/impermanence/meet-change-softly/ combined overlap 66.0%; external source links 0 | Phase 1: Built 2026-08-11T02:17:46.273Z; 618 words; 17 content headings; individually authored story; nearest /quotes/impermanence/meet-change-softly/ combined overlap 66.0%; external source links 0; role review: QUOTE_REFLECTION; owner selection: The hub owns discovery of clearly labeled original Echo Buddha quote reflections. | Individually authored reflection retains a distinct narrative and remains in the curated indexed subset.
https://echobuddha.com/quotes/impermanence/change-takes-nothing-personally-it-simply-continues/,PAGE_STATE,NOINDEX,NOINDEX,QUOTE_REFLECTION,QUOTE_REFLECTION,NOINDEX,NOINDEX,NOT_SELECTED,NOT_SELECTED_FOR_PHASE4_PRIORITY_QUEUE,"noindex, follow; out of sitemap; https://echobuddha.com/quotes/impermanence/change-takes-nothing-personally-it-simply-continues/",Yes,No page-state correction required,Yes — template-feel review only; protect substance/owner/index state,No,Built 2026-08-11T02:17:46.273Z; 620 words; 17 content headings; generated story; nearest /quotes/impermanence/everything-changes-including-the-part-of-you-that-fears/ combined overlap 86.7%; external source links 0 | Phase 1: Built 2026-08-11T02:17:46.273Z; 620 words; 17 content headings; generated story; nearest /quotes/impermanence/everything-changes-including-the-part-of-you-that-fears/ combined overlap 86.7%; external source links 0; role review: QUOTE_REFLECTION; owner selection: The hub owns discovery of clearly labeled original Echo Buddha quote reflections. | Mechanically generated story has high structural overlap and limited independent search value; route and internal discovery remain available.
https://echobuddha.com/quotes/impermanence/everything-changes-including-the-part-of-you-that-fears/,PAGE_STATE,NOINDEX,NOINDEX,QUOTE_REFLECTION,QUOTE_REFLECTION,NOINDEX,NOINDEX,NOT_SELECTED,NOT_SELECTED_FOR_PHASE4_PRIORITY_QUEUE,"noindex, follow; out of sitemap; https://echobuddha.com/quotes/impermanence/everything-changes-including-the-part-of-you-that-fears/",Yes,No page-state correction required,Yes — template-feel review only; protect substance/owner/index state,No,Built 2026-08-11T02:17:46.273Z; 650 words; 17 content headings; generated story; nearest /quotes/impermanence/change-takes-nothing-personally-it-simply-continues/ combined overlap 86.7%; external source links 0 | Phase 1: Built 2026-08-11T02:17:46.273Z; 650 words; 17 content headings; generated story; nearest /quotes/impermanence/change-takes-nothing-personally-it-simply-continues/ combined overlap 86.7%; external source links 0; role review: QUOTE_REFLECTION; owner selection: The hub owns discovery of clearly labeled original Echo Buddha quote reflections. | Mechanically generated story has high structural overlap and limited independent search value; route and internal discovery remain available.
https://echobuddha.com/quotes/impermanence/hold-each-day-carefully-knowing-it-cannot-be-held/,PAGE_STATE,NOT_APPLICABLE,NOT_IN_PHASE1_INDEXABLE_POPULATION,NOT_APPLICABLE,PREEXISTING_NOINDEX_OR_ERROR_ROLE,KEEP_NOINDEXED,KEEP_NOINDEXED,NOT_SELECTED,NOT_SELECTED_FOR_PHASE4_PRIORITY_QUEUE,"noindex, follow; out of sitemap; https://echobuddha.com/quotes/impermanence/hold-each-day-carefully-knowing-it-cannot-be-held/",Yes,No page-state correction required,No specific Phase 5 queue item,No,Existing noindex generated story remains accessible and excluded from the sitemap.
https://echobuddha.com/quotes/impermanence/,PAGE_STATE,SUBSTANTIAL REWRITE,SUBSTANTIAL REWRITE,CATEGORY,CATEGORY,IMPROVE_LATER_PHASE,IMPROVE_LATER_PHASE,NOT_SELECTED,NOT_SELECTED_FOR_PHASE4_PRIORITY_QUEUE,indexable; in sitemap; https://echobuddha.com/quotes/impermanence/,Yes,No page-state correction required,Yes — template-feel review only; protect substance/owner/index state,No,"Built 2026-08-11T02:17:46.273Z; 356 words; 7 content headings; authored route; nearest /quotes/compassion/ combined overlap 48.5%; external source links 0 | Phase 1: Built 2026-08-11T02:17:46.273Z; 356 words; 7 content headings; authored route; nearest /quotes/compassion/ combined overlap 48.5%; external source links 0; role review: CATEGORY; owner selection: The hub owns discovery of clearly labeled original Echo Buddha quote reflections. | Page has a valid owned role, but its editorial differentiation belongs to Phase 4/5."
https://echobuddha.com/quotes/impermanence/meet-change-softly/,PAGE_STATE,IMPROVE,IMPROVE,QUOTE_REFLECTION,QUOTE_REFLECTION,KEEP_INDEXED,KEEP_INDEXED,NOT_SELECTED,NOT_SELECTED_FOR_PHASE4_PRIORITY_QUEUE,indexable; in sitemap; https://echobuddha.com/quotes/impermanence/meet-change-softly/,Yes,No page-state correction required,Yes — template-feel review only; protect substance/owner/index state,No,Built 2026-08-11T02:17:46.273Z; 624 words; 17 content headings; individually authored story; nearest /quotes/impermanence/change-is-how-life-continues/ combined overlap 66.0%; external source links 0 | Phase 1: Built 2026-08-11T02:17:46.273Z; 624 words; 17 content headings; individually authored story; nearest /quotes/impermanence/change-is-how-life-continues/ combined overlap 66.0%; external source links 0; role review: QUOTE_REFLECTION; owner selection: The hub owns discovery of clearly labeled original Echo Buddha quote reflections. | Individually authored reflection retains a distinct narrative and remains in the curated indexed subset.
https://echobuddha.com/quotes/impermanence/no-season-is-asked-to-remain-in-order-to/,PAGE_STATE,NOT_APPLICABLE,NOT_IN_PHASE1_INDEXABLE_POPULATION,NOT_APPLICABLE,PREEXISTING_NOINDEX_OR_ERROR_ROLE,KEEP_NOINDEXED,KEEP_NOINDEXED,NOT_SELECTED,NOT_SELECTED_FOR_PHASE4_PRIORITY_QUEUE,"noindex, follow; out of sitemap; https://echobuddha.com/quotes/impermanence/no-season-is-asked-to-remain-in-order-to/",Yes,No page-state correction required,No specific Phase 5 queue item,No,Existing noindex generated story remains accessible and excluded from the sitemap.
https://echobuddha.com/quotes/impermanence/the-fading-flower-does-not-make-its-blooming-less/,PAGE_STATE,NOINDEX,NOINDEX,QUOTE_REFLECTION,QUOTE_REFLECTION,NOINDEX,NOINDEX,NOT_SELECTED,NOT_SELECTED_FOR_PHASE4_PRIORITY_QUEUE,"noindex, follow; out of sitemap; https://echobuddha.com/quotes/impermanence/the-fading-flower-does-not-make-its-blooming-less/",Yes,No page-state correction required,Yes — template-feel review only; protect substance/owner/index state,No,Built 2026-08-11T02:17:46.273Z; 656 words; 17 content headings; generated story; nearest /quotes/impermanence/change-takes-nothing-personally-it-simply-continues/ combined overlap 85.5%; external source links 0 | Phase 1: Built 2026-08-11T02:17:46.273Z; 656 words; 17 content headings; generated story; nearest /quotes/impermanence/change-takes-nothing-personally-it-simply-continues/ combined overlap 85.5%; external source links 0; role review: QUOTE_REFLECTION; owner selection: The hub owns discovery of clearly labeled original Echo Buddha quote reflections. | Mechanically generated story has high structural overlap and limited independent search value; route and internal discovery remain available.
https://echobuddha.com/quotes/impermanence/the-passing-of-joy-teaches-gratitude-the-passing-of/,PAGE_STATE,NOINDEX,NOINDEX,QUOTE_REFLECTION,QUOTE_REFLECTION,NOINDEX,NOINDEX,NOT_SELECTED,NOT_SELECTED_FOR_PHASE4_PRIORITY_QUEUE,"noindex, follow; out of sitemap; https://echobuddha.com/quotes/impermanence/the-passing-of-joy-teaches-gratitude-the-passing-of/",Yes,No page-state correction required,Yes — template-feel review only; protect substance/owner/index state,No,Built 2026-08-11T02:17:46.273Z; 654 words; 17 content headings; generated story; nearest /quotes/impermanence/everything-changes-including-the-part-of-you-that-fears/ combined overlap 84.6%; external source links 0 | Phase 1: Built 2026-08-11T02:17:46.273Z; 654 words; 17 content headings; generated story; nearest /quotes/impermanence/everything-changes-including-the-part-of-you-that-fears/ combined overlap 84.6%; external source links 0; role review: QUOTE_REFLECTION; owner selection: The hub owns discovery of clearly labeled original Echo Buddha quote reflections. | Mechanically generated story has high structural overlap and limited independent search value; route and internal discovery remain available.
https://echobuddha.com/quotes/impermanence/todays-certainty-may-become-tomorrows-lesson-in-humility/,PAGE_STATE,NOINDEX,NOINDEX,QUOTE_REFLECTION,QUOTE_REFLECTION,NOINDEX,NOINDEX,NOT_SELECTED,NOT_SELECTED_FOR_PHASE4_PRIORITY_QUEUE,"noindex, follow; out of sitemap; https://echobuddha.com/quotes/impermanence/todays-certainty-may-become-tomorrows-lesson-in-humility/",Yes,No page-state correction required,Yes — template-feel review only; protect substance/owner/index state,No,Built 2026-08-11T02:17:46.273Z; 620 words; 17 content headings; generated story; nearest /quotes/impermanence/the-passing-of-joy-teaches-gratitude-the-passing-of/ combined overlap 83.6%; external source links 0 | Phase 1: Built 2026-08-11T02:17:46.273Z; 620 words; 17 content headings; generated story; nearest /quotes/impermanence/the-passing-of-joy-teaches-gratitude-the-passing-of/ combined overlap 83.6%; external source links 0; role review: QUOTE_REFLECTION; owner selection: The hub owns discovery of clearly labeled original Echo Buddha quote reflections. | Mechanically generated story has high structural overlap and limited independent search value; route and internal discovery remain available.
https://echobuddha.com/quotes/impermanence/what-changes-is-not-always-lost-sometimes-it-is/,PAGE_STATE,NOT_APPLICABLE,NOT_IN_PHASE1_INDEXABLE_POPULATION,NOT_APPLICABLE,PREEXISTING_NOINDEX_OR_ERROR_ROLE,KEEP_NOINDEXED,KEEP_NOINDEXED,NOT_SELECTED,NOT_SELECTED_FOR_PHASE4_PRIORITY_QUEUE,"noindex, follow; out of sitemap; https://echobuddha.com/quotes/impermanence/what-changes-is-not-always-lost-sometimes-it-is/",Yes,No page-state correction required,No specific Phase 5 queue item,No,Existing noindex generated story remains accessible and excluded from the sitemap.
https://echobuddha.com/quotes/,PAGE_STATE,IMPROVE,IMPROVE,HUB,HUB,KEEP_INDEXED,KEEP_INDEXED,NOT_SELECTED,NOT_SELECTED_FOR_PHASE4_PRIORITY_QUEUE,indexable; in sitemap; https://echobuddha.com/quotes/,Yes,No page-state correction required,No specific Phase 5 queue item,No,Built 2026-08-11T02:17:46.273Z; 2325 words; 5 content headings; authored route; nearest /daily-reflections/ combined overlap 20.6%; external source links 0 | Phase 1: Built 2026-08-11T02:17:46.273Z; 2325 words; 5 content headings; authored route; nearest /daily-reflections/ combined overlap 20.6%; external source links 0; role review: HUB; owner selection: The hub owns discovery of clearly labeled original Echo Buddha quote reflections. | Distinct route purpose remains valid under the Phase 2 ownership architecture; no indexability change justified.
https://echobuddha.com/quotes/letting-go/an-open-hand-can-care-for-what-a-clenched/,PAGE_STATE,NOINDEX,NOINDEX,QUOTE_REFLECTION,QUOTE_REFLECTION,NOINDEX,NOINDEX,NOT_SELECTED,NOT_SELECTED_FOR_PHASE4_PRIORITY_QUEUE,"noindex, follow; out of sitemap; https://echobuddha.com/quotes/letting-go/an-open-hand-can-care-for-what-a-clenched/",Yes,No page-state correction required,Yes — template-feel review only; protect substance/owner/index state,No,Built 2026-08-11T02:17:46.273Z; 655 words; 17 content headings; generated story; nearest /quotes/letting-go/you-can-honor-the-past-without-asking-it-to/ combined overlap 84.0%; external source links 0 | Phase 1: Built 2026-08-11T02:17:46.273Z; 655 words; 17 content headings; generated story; nearest /quotes/letting-go/you-can-honor-the-past-without-asking-it-to/ combined overlap 84.0%; external source links 0; role review: QUOTE_REFLECTION; owner selection: The hub owns discovery of clearly labeled original Echo Buddha quote reflections. | Mechanically generated story has high structural overlap and limited independent search value; route and internal discovery remain available.
https://echobuddha.com/quotes/letting-go/caring-without-clinging/,PAGE_STATE,IMPROVE,IMPROVE,QUOTE_REFLECTION,QUOTE_REFLECTION,KEEP_INDEXED,KEEP_INDEXED,NOT_SELECTED,NOT_SELECTED_FOR_PHASE4_PRIORITY_QUEUE,indexable; in sitemap; https://echobuddha.com/quotes/letting-go/caring-without-clinging/,Yes,No page-state correction required,Yes — template-feel review only; protect substance/owner/index state,No,Built 2026-08-11T02:17:46.273Z; 638 words; 17 content headings; individually authored story; nearest /quotes/letting-go/where-attachment-begins/ combined overlap 67.8%; external source links 0 | Phase 1: Built 2026-08-11T02:17:46.273Z; 638 words; 17 content headings; individually authored story; nearest /quotes/letting-go/where-attachment-begins/ combined overlap 67.8%; external source links 0; role review: QUOTE_REFLECTION; owner selection: The hub owns discovery of clearly labeled original Echo Buddha quote reflections. | Individually authored reflection retains a distinct narrative and remains in the curated indexed subset.
https://echobuddha.com/quotes/letting-go/forgiveness-without-approving-harm/,PAGE_STATE,IMPROVE,IMPROVE,QUOTE_REFLECTION,QUOTE_REFLECTION,KEEP_INDEXED,KEEP_INDEXED,NOT_SELECTED,NOT_SELECTED_FOR_PHASE4_PRIORITY_QUEUE,indexable; in sitemap; https://echobuddha.com/quotes/letting-go/forgiveness-without-approving-harm/,Yes,No page-state correction required,Yes — template-feel review only; protect substance/owner/index state,No,Built 2026-08-11T02:17:46.273Z; 627 words; 17 content headings; individually authored story; nearest /quotes/letting-go/soften-around-stress/ combined overlap 66.9%; external source links 0 | Phase 1: Built 2026-08-11T02:17:46.273Z; 627 words; 17 content headings; individually authored story; nearest /quotes/letting-go/soften-around-stress/ combined overlap 66.9%; external source links 0; role review: QUOTE_REFLECTION; owner selection: The hub owns discovery of clearly labeled original Echo Buddha quote reflections. | Individually authored reflection retains a distinct narrative and remains in the curated indexed subset.
https://echobuddha.com/quotes/letting-go/freedom-often-sounds-like-the-quiet-end-of-an/,PAGE_STATE,NOT_APPLICABLE,NOT_IN_PHASE1_INDEXABLE_POPULATION,NOT_APPLICABLE,PREEXISTING_NOINDEX_OR_ERROR_ROLE,KEEP_NOINDEXED,KEEP_NOINDEXED,NOT_SELECTED,NOT_SELECTED_FOR_PHASE4_PRIORITY_QUEUE,"noindex, follow; out of sitemap; https://echobuddha.com/quotes/letting-go/freedom-often-sounds-like-the-quiet-end-of-an/",Yes,No page-state correction required,No specific Phase 5 queue item,No,Existing noindex generated story remains accessible and excluded from the sitemap.
https://echobuddha.com/quotes/letting-go/,PAGE_STATE,SUBSTANTIAL REWRITE,SUBSTANTIAL REWRITE,CATEGORY,CATEGORY,IMPROVE_LATER_PHASE,IMPROVE_LATER_PHASE,NOT_SELECTED,NOT_SELECTED_FOR_PHASE4_PRIORITY_QUEUE,indexable; in sitemap; https://echobuddha.com/quotes/letting-go/,Yes,No page-state correction required,Yes — template-feel review only; protect substance/owner/index state,No,"Built 2026-08-11T02:17:46.273Z; 468 words; 7 content headings; authored route; nearest /quotes/renewal/ combined overlap 48.0%; external source links 0 | Phase 1: Built 2026-08-11T02:17:46.273Z; 468 words; 7 content headings; authored route; nearest /quotes/renewal/ combined overlap 48.0%; external source links 0; role review: CATEGORY; owner selection: The hub owns discovery of clearly labeled original Echo Buddha quote reflections. | Page has a valid owned role, but its editorial differentiation belongs to Phase 4/5."
https://echobuddha.com/quotes/letting-go/let-the-feeling-pass-through-without-building-it-a/,PAGE_STATE,NOT_APPLICABLE,NOT_IN_PHASE1_INDEXABLE_POPULATION,NOT_APPLICABLE,PREEXISTING_NOINDEX_OR_ERROR_ROLE,KEEP_NOINDEXED,KEEP_NOINDEXED,NOT_SELECTED,NOT_SELECTED_FOR_PHASE4_PRIORITY_QUEUE,"noindex, follow; out of sitemap; https://echobuddha.com/quotes/letting-go/let-the-feeling-pass-through-without-building-it-a/",Yes,No page-state correction required,No specific Phase 5 queue item,No,Existing noindex generated story remains accessible and excluded from the sitemap.
https://echobuddha.com/quotes/letting-go/letting-go-begins-by-admitting-how-tightly-you-are/,PAGE_STATE,NOINDEX,NOINDEX,QUOTE_REFLECTION,QUOTE_REFLECTION,NOINDEX,NOINDEX,NOT_SELECTED,NOT_SELECTED_FOR_PHASE4_PRIORITY_QUEUE,"noindex, follow; out of sitemap; https://echobuddha.com/quotes/letting-go/letting-go-begins-by-admitting-how-tightly-you-are/",Yes,No page-state correction required,Yes — template-feel review only; protect substance/owner/index state,No,Built 2026-08-11T02:17:46.273Z; 640 words; 17 content headings; generated story; nearest /quotes/letting-go/you-do-not-need-to-carry-every-thought-that/ combined overlap 87.6%; external source links 0 | Phase 1: Built 2026-08-11T02:17:46.273Z; 640 words; 17 content headings; generated story; nearest /quotes/letting-go/you-do-not-need-to-carry-every-thought-that/ combined overlap 87.6%; external source links 0; role review: QUOTE_REFLECTION; owner selection: The hub owns discovery of clearly labeled original Echo Buddha quote reflections. | Mechanically generated story has high structural overlap and limited independent search value; route and internal discovery remain available.
https://echobuddha.com/quotes/letting-go/open-hands-non-attachment/,PAGE_STATE,IMPROVE,IMPROVE,QUOTE_REFLECTION,QUOTE_REFLECTION,KEEP_INDEXED,KEEP_INDEXED,NOT_SELECTED,NOT_SELECTED_FOR_PHASE4_PRIORITY_QUEUE,indexable; in sitemap; https://echobuddha.com/quotes/letting-go/open-hands-non-attachment/,Yes,No page-state correction required,Yes — template-feel review only; protect substance/owner/index state,No,Built 2026-08-11T02:17:46.273Z; 628 words; 17 content headings; individually authored story; nearest /quotes/letting-go/where-attachment-begins/ combined overlap 67.7%; external source links 0 | Phase 1: Built 2026-08-11T02:17:46.273Z; 628 words; 17 content headings; individually authored story; nearest /quotes/letting-go/where-attachment-begins/ combined overlap 67.7%; external source links 0; role review: QUOTE_REFLECTION; owner selection: The hub owns discovery of clearly labeled original Echo Buddha quote reflections. | Individually authored reflection retains a distinct narrative and remains in the curated indexed subset.
https://echobuddha.com/quotes/letting-go/peace-enters-when-control-is-no-longer-the-price/,PAGE_STATE,NOINDEX,NOINDEX,QUOTE_REFLECTION,QUOTE_REFLECTION,NOINDEX,NOINDEX,NOT_SELECTED,NOT_SELECTED_FOR_PHASE4_PRIORITY_QUEUE,"noindex, follow; out of sitemap; https://echobuddha.com/quotes/letting-go/peace-enters-when-control-is-no-longer-the-price/",Yes,No page-state correction required,Yes — template-feel review only; protect substance/owner/index state,No,Built 2026-08-11T02:17:46.273Z; 669 words; 17 content headings; generated story; nearest /quotes/letting-go/you-do-not-need-to-carry-every-thought-that/ combined overlap 85.7%; external source links 0 | Phase 1: Built 2026-08-11T02:17:46.273Z; 669 words; 17 content headings; generated story; nearest /quotes/letting-go/you-do-not-need-to-carry-every-thought-that/ combined overlap 85.7%; external source links 0; role review: QUOTE_REFLECTION; owner selection: The hub owns discovery of clearly labeled original Echo Buddha quote reflections. | Mechanically generated story has high structural overlap and limited independent search value; route and internal discovery remain available.
https://echobuddha.com/quotes/letting-go/release-the-need-to-replay-what-can-no-longer/,PAGE_STATE,NOINDEX,NOINDEX,QUOTE_REFLECTION,QUOTE_REFLECTION,NOINDEX,NOINDEX,NOT_SELECTED,NOT_SELECTED_FOR_PHASE4_PRIORITY_QUEUE,"noindex, follow; out of sitemap; https://echobuddha.com/quotes/letting-go/release-the-need-to-replay-what-can-no-longer/",Yes,No page-state correction required,Yes — template-feel review only; protect substance/owner/index state,No,Built 2026-08-11T02:17:46.273Z; 638 words; 17 content headings; generated story; nearest /quotes/letting-go/you-do-not-need-to-carry-every-thought-that/ combined overlap 85.7%; external source links 0 | Phase 1: Built 2026-08-11T02:17:46.273Z; 638 words; 17 content headings; generated story; nearest /quotes/letting-go/you-do-not-need-to-carry-every-thought-that/ combined overlap 85.7%; external source links 0; role review: QUOTE_REFLECTION; owner selection: The hub owns discovery of clearly labeled original Echo Buddha quote reflections. | Mechanically generated story has high structural overlap and limited independent search value; route and internal discovery remain available.
https://echobuddha.com/quotes/letting-go/release-the-outcome-but-keep-the-care-you-bring/,PAGE_STATE,NOT_APPLICABLE,NOT_IN_PHASE1_INDEXABLE_POPULATION,NOT_APPLICABLE,PREEXISTING_NOINDEX_OR_ERROR_ROLE,KEEP_NOINDEXED,KEEP_NOINDEXED,NOT_SELECTED,NOT_SELECTED_FOR_PHASE4_PRIORITY_QUEUE,"noindex, follow; out of sitemap; https://echobuddha.com/quotes/letting-go/release-the-outcome-but-keep-the-care-you-bring/",Yes,No page-state correction required,No specific Phase 5 queue item,No,Existing noindex generated story remains accessible and excluded from the sitemap.
https://echobuddha.com/quotes/letting-go/soften-around-stress/,PAGE_STATE,IMPROVE,IMPROVE,QUOTE_REFLECTION,QUOTE_REFLECTION,KEEP_INDEXED,KEEP_INDEXED,NOT_SELECTED,NOT_SELECTED_FOR_PHASE4_PRIORITY_QUEUE,indexable; in sitemap; https://echobuddha.com/quotes/letting-go/soften-around-stress/,Yes,No page-state correction required,Yes — template-feel review only; protect substance/owner/index state,No,Built 2026-08-11T02:17:46.273Z; 639 words; 17 content headings; individually authored story; nearest /quotes/letting-go/caring-without-clinging/ combined overlap 67.6%; external source links 0 | Phase 1: Built 2026-08-11T02:17:46.273Z; 639 words; 17 content headings; individually authored story; nearest /quotes/letting-go/caring-without-clinging/ combined overlap 67.6%; external source links 0; role review: QUOTE_REFLECTION; owner selection: The hub owns discovery of clearly labeled original Echo Buddha quote reflections. | Individually authored reflection retains a distinct narrative and remains in the curated indexed subset.
https://echobuddha.com/quotes/letting-go/what-leaves-your-life-may-still-leave-wisdom-behind/,PAGE_STATE,NOT_APPLICABLE,NOT_IN_PHASE1_INDEXABLE_POPULATION,NOT_APPLICABLE,PREEXISTING_NOINDEX_OR_ERROR_ROLE,KEEP_NOINDEXED,KEEP_NOINDEXED,NOT_SELECTED,NOT_SELECTED_FOR_PHASE4_PRIORITY_QUEUE,"noindex, follow; out of sitemap; https://echobuddha.com/quotes/letting-go/what-leaves-your-life-may-still-leave-wisdom-behind/",Yes,No page-state correction required,No specific Phase 5 queue item,No,Existing noindex generated story remains accessible and excluded from the sitemap.
https://echobuddha.com/quotes/letting-go/where-attachment-begins/,PAGE_STATE,IMPROVE,IMPROVE,QUOTE_REFLECTION,QUOTE_REFLECTION,KEEP_INDEXED,KEEP_INDEXED,NOT_SELECTED,NOT_SELECTED_FOR_PHASE4_PRIORITY_QUEUE,indexable; in sitemap; https://echobuddha.com/quotes/letting-go/where-attachment-begins/,Yes,No page-state correction required,Yes — template-feel review only; protect substance/owner/index state,No,Built 2026-08-11T02:17:46.273Z; 602 words; 17 content headings; individually authored story; nearest /quotes/letting-go/caring-without-clinging/ combined overlap 67.8%; external source links 0 | Phase 1: Built 2026-08-11T02:17:46.273Z; 602 words; 17 content headings; individually authored story; nearest /quotes/letting-go/caring-without-clinging/ combined overlap 67.8%; external source links 0; role review: QUOTE_REFLECTION; owner selection: The hub owns discovery of clearly labeled original Echo Buddha quote reflections. | Individually authored reflection retains a distinct narrative and remains in the curated indexed subset.
https://echobuddha.com/quotes/letting-go/you-can-honor-the-past-without-asking-it-to/,PAGE_STATE,NOINDEX,NOINDEX,QUOTE_REFLECTION,QUOTE_REFLECTION,NOINDEX,NOINDEX,NOT_SELECTED,NOT_SELECTED_FOR_PHASE4_PRIORITY_QUEUE,"noindex, follow; out of sitemap; https://echobuddha.com/quotes/letting-go/you-can-honor-the-past-without-asking-it-to/",Yes,No page-state correction required,Yes — template-feel review only; protect substance/owner/index state,No,Built 2026-08-11T02:17:46.273Z; 672 words; 17 content headings; generated story; nearest /quotes/letting-go/you-do-not-need-to-carry-every-thought-that/ combined overlap 85.4%; external source links 0 | Phase 1: Built 2026-08-11T02:17:46.273Z; 672 words; 17 content headings; generated story; nearest /quotes/letting-go/you-do-not-need-to-carry-every-thought-that/ combined overlap 85.4%; external source links 0; role review: QUOTE_REFLECTION; owner selection: The hub owns discovery of clearly labeled original Echo Buddha quote reflections. | Mechanically generated story has high structural overlap and limited independent search value; route and internal discovery remain available.
https://echobuddha.com/quotes/letting-go/you-do-not-betray-a-memory-by-allowing-yourself/,PAGE_STATE,NOT_APPLICABLE,NOT_IN_PHASE1_INDEXABLE_POPULATION,NOT_APPLICABLE,PREEXISTING_NOINDEX_OR_ERROR_ROLE,KEEP_NOINDEXED,KEEP_NOINDEXED,NOT_SELECTED,NOT_SELECTED_FOR_PHASE4_PRIORITY_QUEUE,"noindex, follow; out of sitemap; https://echobuddha.com/quotes/letting-go/you-do-not-betray-a-memory-by-allowing-yourself/",Yes,No page-state correction required,No specific Phase 5 queue item,No,Existing noindex generated story remains accessible and excluded from the sitemap.
https://echobuddha.com/quotes/letting-go/you-do-not-need-to-carry-every-thought-that/,PAGE_STATE,NOINDEX,NOINDEX,QUOTE_REFLECTION,QUOTE_REFLECTION,NOINDEX,NOINDEX,NOT_SELECTED,NOT_SELECTED_FOR_PHASE4_PRIORITY_QUEUE,"noindex, follow; out of sitemap; https://echobuddha.com/quotes/letting-go/you-do-not-need-to-carry-every-thought-that/",Yes,No page-state correction required,Yes — template-feel review only; protect substance/owner/index state,No,Built 2026-08-11T02:17:46.273Z; 646 words; 17 content headings; generated story; nearest /quotes/letting-go/letting-go-begins-by-admitting-how-tightly-you-are/ combined overlap 87.6%; external source links 0 | Phase 1: Built 2026-08-11T02:17:46.273Z; 646 words; 17 content headings; generated story; nearest /quotes/letting-go/letting-go-begins-by-admitting-how-tightly-you-are/ combined overlap 87.6%; external source links 0; role review: QUOTE_REFLECTION; owner selection: The hub owns discovery of clearly labeled original Echo Buddha quote reflections. | Mechanically generated story has high structural overlap and limited independent search value; route and internal discovery remain available.
https://echobuddha.com/quotes/meditation/a-short-sincere-practice-can-steady-a-long-and/,PAGE_STATE,NOINDEX,NOINDEX,QUOTE_REFLECTION,QUOTE_REFLECTION,NOINDEX,NOINDEX,NOT_SELECTED,NOT_SELECTED_FOR_PHASE4_PRIORITY_QUEUE,"noindex, follow; out of sitemap; https://echobuddha.com/quotes/meditation/a-short-sincere-practice-can-steady-a-long-and/",Yes,No page-state correction required,Yes — template-feel review only; protect substance/owner/index state,No,Built 2026-08-11T02:17:46.273Z; 669 words; 17 content headings; generated story; nearest /quotes/meditation/silence-is-not-empty-when-the-heart-is-listening/ combined overlap 85.9%; external source links 0 | Phase 1: Built 2026-08-11T02:17:46.273Z; 669 words; 17 content headings; generated story; nearest /quotes/meditation/silence-is-not-empty-when-the-heart-is-listening/ combined overlap 85.9%; external source links 0; role review: QUOTE_REFLECTION; owner selection: The hub owns discovery of clearly labeled original Echo Buddha quote reflections. | Mechanically generated story has high structural overlap and limited independent search value; route and internal discovery remain available.
https://echobuddha.com/quotes/meditation/do-not-search-meditation-for-a-special-self-notice/,PAGE_STATE,NOT_APPLICABLE,NOT_IN_PHASE1_INDEXABLE_POPULATION,NOT_APPLICABLE,PREEXISTING_NOINDEX_OR_ERROR_ROLE,KEEP_NOINDEXED,KEEP_NOINDEXED,NOT_SELECTED,NOT_SELECTED_FOR_PHASE4_PRIORITY_QUEUE,"noindex, follow; out of sitemap; https://echobuddha.com/quotes/meditation/do-not-search-meditation-for-a-special-self-notice/",Yes,No page-state correction required,No specific Phase 5 queue item,No,Existing noindex generated story remains accessible and excluded from the sitemap.
https://echobuddha.com/quotes/meditation/every-return-from-distraction-strengthens-the-path-home/,PAGE_STATE,NOT_APPLICABLE,NOT_IN_PHASE1_INDEXABLE_POPULATION,NOT_APPLICABLE,PREEXISTING_NOINDEX_OR_ERROR_ROLE,KEEP_NOINDEXED,KEEP_NOINDEXED,NOT_SELECTED,NOT_SELECTED_FOR_PHASE4_PRIORITY_QUEUE,"noindex, follow; out of sitemap; https://echobuddha.com/quotes/meditation/every-return-from-distraction-strengthens-the-path-home/",Yes,No page-state correction required,No specific Phase 5 queue item,No,Existing noindex generated story remains accessible and excluded from the sitemap.
https://echobuddha.com/quotes/meditation/few-quiet-minutes/,PAGE_STATE,IMPROVE,IMPROVE,QUOTE_REFLECTION,QUOTE_REFLECTION,KEEP_INDEXED,KEEP_INDEXED,NOT_SELECTED,NOT_SELECTED_FOR_PHASE4_PRIORITY_QUEUE,indexable; in sitemap; https://echobuddha.com/quotes/meditation/few-quiet-minutes/,Yes,No page-state correction required,Yes — template-feel review only; protect substance/owner/index state,No,Built 2026-08-11T02:17:46.273Z; 666 words; 17 content headings; individually authored story; nearest /quotes/meditation/one-honest-breath/ combined overlap 65.3%; external source links 0 | Phase 1: Built 2026-08-11T02:17:46.273Z; 666 words; 17 content headings; individually authored story; nearest /quotes/meditation/one-honest-breath/ combined overlap 65.3%; external source links 0; role review: QUOTE_REFLECTION; owner selection: The hub owns discovery of clearly labeled original Echo Buddha quote reflections. | Individually authored reflection retains a distinct narrative and remains in the curated indexed subset.
https://echobuddha.com/quotes/meditation/follow-the-breath-lightly-as-you-would-listen-to/,PAGE_STATE,NOINDEX,NOINDEX,QUOTE_REFLECTION,QUOTE_REFLECTION,NOINDEX,NOINDEX,NOT_SELECTED,NOT_SELECTED_FOR_PHASE4_PRIORITY_QUEUE,"noindex, follow; out of sitemap; https://echobuddha.com/quotes/meditation/follow-the-breath-lightly-as-you-would-listen-to/",Yes,No page-state correction required,Yes — template-feel review only; protect substance/owner/index state,No,Built 2026-08-11T02:17:46.273Z; 638 words; 17 content headings; generated story; nearest /quotes/meditation/silence-is-not-empty-when-the-heart-is-listening/ combined overlap 85.8%; external source links 0 | Phase 1: Built 2026-08-11T02:17:46.273Z; 638 words; 17 content headings; generated story; nearest /quotes/meditation/silence-is-not-empty-when-the-heart-is-listening/ combined overlap 85.8%; external source links 0; role review: QUOTE_REFLECTION; owner selection: The hub owns discovery of clearly labeled original Echo Buddha quote reflections. | Mechanically generated story has high structural overlap and limited independent search value; route and internal discovery remain available.
https://echobuddha.com/quotes/meditation/,PAGE_STATE,IMPROVE,IMPROVE,CATEGORY,CATEGORY,IMPROVE_LATER_PHASE,IMPROVE_LATER_PHASE,NOT_SELECTED,NOT_SELECTED_FOR_PHASE4_PRIORITY_QUEUE,indexable; in sitemap; https://echobuddha.com/quotes/meditation/,Yes,No page-state correction required,No specific Phase 5 queue item,No,"Built 2026-08-11T02:17:46.273Z; 385 words; 7 content headings; authored route; nearest /quotes/mindfulness/ combined overlap 27.1%; external source links 0 | Phase 1: Built 2026-08-11T02:17:46.273Z; 385 words; 7 content headings; authored route; nearest /quotes/mindfulness/ combined overlap 27.1%; external source links 0; role review: CATEGORY; owner selection: The hub owns discovery of clearly labeled original Echo Buddha quote reflections. | Page has a valid owned role, but its editorial differentiation belongs to Phase 4/5."
https://echobuddha.com/quotes/meditation/meditation-is-not-leaving-life-it-is-learning-how/,PAGE_STATE,NOINDEX,NOINDEX,QUOTE_REFLECTION,QUOTE_REFLECTION,NOINDEX,NOINDEX,NOT_SELECTED,NOT_SELECTED_FOR_PHASE4_PRIORITY_QUEUE,"noindex, follow; out of sitemap; https://echobuddha.com/quotes/meditation/meditation-is-not-leaving-life-it-is-learning-how/",Yes,No page-state correction required,Yes — template-feel review only; protect substance/owner/index state,No,Built 2026-08-11T02:17:46.273Z; 627 words; 17 content headings; generated story; nearest /quotes/meditation/silence-is-not-empty-when-the-heart-is-listening/ combined overlap 85.1%; external source links 0 | Phase 1: Built 2026-08-11T02:17:46.273Z; 627 words; 17 content headings; generated story; nearest /quotes/meditation/silence-is-not-empty-when-the-heart-is-listening/ combined overlap 85.1%; external source links 0; role review: QUOTE_REFLECTION; owner selection: The hub owns discovery of clearly labeled original Echo Buddha quote reflections. | Mechanically generated story has high structural overlap and limited independent search value; route and internal discovery remain available.
https://echobuddha.com/quotes/meditation/meditation-is-returning/,PAGE_STATE,IMPROVE,IMPROVE,QUOTE_REFLECTION,QUOTE_REFLECTION,KEEP_INDEXED,KEEP_INDEXED,NOT_SELECTED,NOT_SELECTED_FOR_PHASE4_PRIORITY_QUEUE,indexable; in sitemap; https://echobuddha.com/quotes/meditation/meditation-is-returning/,Yes,No page-state correction required,Yes — template-feel review only; protect substance/owner/index state,No,Built 2026-08-11T02:17:46.273Z; 646 words; 17 content headings; individually authored story; nearest /quotes/meditation/one-honest-breath/ combined overlap 66.1%; external source links 0 | Phase 1: Built 2026-08-11T02:17:46.273Z; 646 words; 17 content headings; individually authored story; nearest /quotes/meditation/one-honest-breath/ combined overlap 66.1%; external source links 0; role review: QUOTE_REFLECTION; owner selection: The hub owns discovery of clearly labeled original Echo Buddha quote reflections. | Individually authored reflection retains a distinct narrative and remains in the curated indexed subset.
https://echobuddha.com/quotes/meditation/one-honest-breath/,PAGE_STATE,IMPROVE,IMPROVE,QUOTE_REFLECTION,QUOTE_REFLECTION,KEEP_INDEXED,KEEP_INDEXED,NOT_SELECTED,NOT_SELECTED_FOR_PHASE4_PRIORITY_QUEUE,indexable; in sitemap; https://echobuddha.com/quotes/meditation/one-honest-breath/,Yes,No page-state correction required,Yes — template-feel review only; protect substance/owner/index state,No,Built 2026-08-11T02:17:46.273Z; 670 words; 17 content headings; individually authored story; nearest /quotes/meditation/meditation-is-returning/ combined overlap 66.1%; external source links 0 | Phase 1: Built 2026-08-11T02:17:46.273Z; 670 words; 17 content headings; individually authored story; nearest /quotes/meditation/meditation-is-returning/ combined overlap 66.1%; external source links 0; role review: QUOTE_REFLECTION; owner selection: The hub owns discovery of clearly labeled original Echo Buddha quote reflections. | Individually authored reflection retains a distinct narrative and remains in the curated indexed subset.
https://echobuddha.com/quotes/meditation/silence-is-not-empty-when-the-heart-is-listening/,PAGE_STATE,NOINDEX,NOINDEX,QUOTE_REFLECTION,QUOTE_REFLECTION,NOINDEX,NOINDEX,NOT_SELECTED,NOT_SELECTED_FOR_PHASE4_PRIORITY_QUEUE,"noindex, follow; out of sitemap; https://echobuddha.com/quotes/meditation/silence-is-not-empty-when-the-heart-is-listening/",Yes,No page-state correction required,Yes — template-feel review only; protect substance/owner/index state,No,Built 2026-08-11T02:17:46.273Z; 621 words; 17 content headings; generated story; nearest /quotes/meditation/a-short-sincere-practice-can-steady-a-long-and/ combined overlap 85.9%; external source links 0 | Phase 1: Built 2026-08-11T02:17:46.273Z; 621 words; 17 content headings; generated story; nearest /quotes/meditation/a-short-sincere-practice-can-steady-a-long-and/ combined overlap 85.9%; external source links 0; role review: QUOTE_REFLECTION; owner selection: The hub owns discovery of clearly labeled original Echo Buddha quote reflections. | Mechanically generated story has high structural overlap and limited independent search value; route and internal discovery remain available.
https://echobuddha.com/quotes/meditation/sit-with-the-day-as-it-is-before-asking/,PAGE_STATE,NOT_APPLICABLE,NOT_IN_PHASE1_INDEXABLE_POPULATION,NOT_APPLICABLE,PREEXISTING_NOINDEX_OR_ERROR_ROLE,KEEP_NOINDEXED,KEEP_NOINDEXED,NOT_SELECTED,NOT_SELECTED_FOR_PHASE4_PRIORITY_QUEUE,"noindex, follow; out of sitemap; https://echobuddha.com/quotes/meditation/sit-with-the-day-as-it-is-before-asking/",Yes,No page-state correction required,No specific Phase 5 queue item,No,Existing noindex generated story remains accessible and excluded from the sitemap.
https://echobuddha.com/quotes/meditation/sit-without-demanding-silence-and-the-mind-will-teach/,PAGE_STATE,NOINDEX,NOINDEX,QUOTE_REFLECTION,QUOTE_REFLECTION,NOINDEX,NOINDEX,NOT_SELECTED,NOT_SELECTED_FOR_PHASE4_PRIORITY_QUEUE,"noindex, follow; out of sitemap; https://echobuddha.com/quotes/meditation/sit-without-demanding-silence-and-the-mind-will-teach/",Yes,No page-state correction required,Yes — template-feel review only; protect substance/owner/index state,No,Built 2026-08-11T02:17:46.273Z; 676 words; 17 content headings; generated story; nearest /quotes/meditation/silence-is-not-empty-when-the-heart-is-listening/ combined overlap 85.3%; external source links 0 | Phase 1: Built 2026-08-11T02:17:46.273Z; 676 words; 17 content headings; generated story; nearest /quotes/meditation/silence-is-not-empty-when-the-heart-is-listening/ combined overlap 85.3%; external source links 0; role review: QUOTE_REFLECTION; owner selection: The hub owns discovery of clearly labeled original Echo Buddha quote reflections. | Mechanically generated story has high structural overlap and limited independent search value; route and internal discovery remain available.
https://echobuddha.com/quotes/meditation/the-bell-fades-but-careful-listening-can-continue/,PAGE_STATE,NOT_APPLICABLE,NOT_IN_PHASE1_INDEXABLE_POPULATION,NOT_APPLICABLE,PREEXISTING_NOINDEX_OR_ERROR_ROLE,KEEP_NOINDEXED,KEEP_NOINDEXED,NOT_SELECTED,NOT_SELECTED_FOR_PHASE4_PRIORITY_QUEUE,"noindex, follow; out of sitemap; https://echobuddha.com/quotes/meditation/the-bell-fades-but-careful-listening-can-continue/",Yes,No page-state correction required,No specific Phase 5 queue item,No,Existing noindex generated story remains accessible and excluded from the sitemap.
https://echobuddha.com/quotes/meditation/the-cushion-is-a-place-to-practice-returning-not/,PAGE_STATE,NOINDEX,NOINDEX,QUOTE_REFLECTION,QUOTE_REFLECTION,NOINDEX,NOINDEX,NOT_SELECTED,NOT_SELECTED_FOR_PHASE4_PRIORITY_QUEUE,"noindex, follow; out of sitemap; https://echobuddha.com/quotes/meditation/the-cushion-is-a-place-to-practice-returning-not/",Yes,No page-state correction required,Yes — template-feel review only; protect substance/owner/index state,No,Built 2026-08-11T02:17:46.273Z; 652 words; 17 content headings; generated story; nearest /quotes/meditation/silence-is-not-empty-when-the-heart-is-listening/ combined overlap 85.6%; external source links 0 | Phase 1: Built 2026-08-11T02:17:46.273Z; 652 words; 17 content headings; generated story; nearest /quotes/meditation/silence-is-not-empty-when-the-heart-is-listening/ combined overlap 85.6%; external source links 0; role review: QUOTE_REFLECTION; owner selection: The hub owns discovery of clearly labeled original Echo Buddha quote reflections. | Mechanically generated story has high structural overlap and limited independent search value; route and internal discovery remain available.
https://echobuddha.com/quotes/meditation/when-stillness-feels-impossible-begin-by-noticing-the-restlessness/,PAGE_STATE,NOT_APPLICABLE,NOT_IN_PHASE1_INDEXABLE_POPULATION,NOT_APPLICABLE,PREEXISTING_NOINDEX_OR_ERROR_ROLE,KEEP_NOINDEXED,KEEP_NOINDEXED,NOT_SELECTED,NOT_SELECTED_FOR_PHASE4_PRIORITY_QUEUE,"noindex, follow; out of sitemap; https://echobuddha.com/quotes/meditation/when-stillness-feels-impossible-begin-by-noticing-the-restlessness/",Yes,No page-state correction required,No specific Phase 5 queue item,No,Existing noindex generated story remains accessible and excluded from the sitemap.
https://echobuddha.com/quotes/mindfulness/a-peaceful-mind-begins-with-one-honest-breath/,PAGE_STATE,NOINDEX,NOINDEX,QUOTE_REFLECTION,QUOTE_REFLECTION,NOINDEX,NOINDEX,NOT_SELECTED,NOT_SELECTED_FOR_PHASE4_PRIORITY_QUEUE,"noindex, follow; out of sitemap; https://echobuddha.com/quotes/mindfulness/a-peaceful-mind-begins-with-one-honest-breath/",Yes,No page-state correction required,Yes — template-feel review only; protect substance/owner/index state,No,Built 2026-08-11T02:17:46.273Z; 658 words; 17 content headings; generated story; nearest /quotes/mindfulness/the-present-moment-asks-for-your-attention-not-your/ combined overlap 85.9%; external source links 0 | Phase 1: Built 2026-08-11T02:17:46.273Z; 658 words; 17 content headings; generated story; nearest /quotes/mindfulness/the-present-moment-asks-for-your-attention-not-your/ combined overlap 85.9%; external source links 0; role review: QUOTE_REFLECTION; owner selection: The hub owns discovery of clearly labeled original Echo Buddha quote reflections. | Mechanically generated story has high structural overlap and limited independent search value; route and internal discovery remain available.
https://echobuddha.com/quotes/mindfulness/a-wandering-mind-is-not-a-failed-mind-it/,PAGE_STATE,NOT_APPLICABLE,NOT_IN_PHASE1_INDEXABLE_POPULATION,NOT_APPLICABLE,PREEXISTING_NOINDEX_OR_ERROR_ROLE,KEEP_NOINDEXED,KEEP_NOINDEXED,NOT_SELECTED,NOT_SELECTED_FOR_PHASE4_PRIORITY_QUEUE,"noindex, follow; out of sitemap; https://echobuddha.com/quotes/mindfulness/a-wandering-mind-is-not-a-failed-mind-it/",Yes,No page-state correction required,No specific Phase 5 queue item,No,Existing noindex generated story remains accessible and excluded from the sitemap.
https://echobuddha.com/quotes/mindfulness/awareness-begins-when-hurry-loosens-its-hold/,PAGE_STATE,NOT_APPLICABLE,NOT_IN_PHASE1_INDEXABLE_POPULATION,NOT_APPLICABLE,PREEXISTING_NOINDEX_OR_ERROR_ROLE,KEEP_NOINDEXED,KEEP_NOINDEXED,NOT_SELECTED,NOT_SELECTED_FOR_PHASE4_PRIORITY_QUEUE,"noindex, follow; out of sitemap; https://echobuddha.com/quotes/mindfulness/awareness-begins-when-hurry-loosens-its-hold/",Yes,No page-state correction required,No specific Phase 5 queue item,No,Existing noindex generated story remains accessible and excluded from the sitemap.
https://echobuddha.com/quotes/mindfulness/begin-the-day-with-awareness/,PAGE_STATE,IMPROVE,IMPROVE,QUOTE_REFLECTION,QUOTE_REFLECTION,KEEP_INDEXED,KEEP_INDEXED,NOT_SELECTED,NOT_SELECTED_FOR_PHASE4_PRIORITY_QUEUE,indexable; in sitemap; https://echobuddha.com/quotes/mindfulness/begin-the-day-with-awareness/,Yes,No page-state correction required,Yes — template-feel review only; protect substance/owner/index state,No,Built 2026-08-11T02:17:46.273Z; 723 words; 17 content headings; individually authored story; nearest /quotes/mindfulness/listen-before-answering/ combined overlap 65.7%; external source links 0 | Phase 1: Built 2026-08-11T02:17:46.273Z; 723 words; 17 content headings; individually authored story; nearest /quotes/mindfulness/listen-before-answering/ combined overlap 65.7%; external source links 0; role review: QUOTE_REFLECTION; owner selection: The hub owns discovery of clearly labeled original Echo Buddha quote reflections. | Individually authored reflection retains a distinct narrative and remains in the curated indexed subset.
https://echobuddha.com/quotes/mindfulness/give-one-ordinary-task-the-dignity-of-your-full/,PAGE_STATE,NOT_APPLICABLE,NOT_IN_PHASE1_INDEXABLE_POPULATION,NOT_APPLICABLE,PREEXISTING_NOINDEX_OR_ERROR_ROLE,KEEP_NOINDEXED,KEEP_NOINDEXED,NOT_SELECTED,NOT_SELECTED_FOR_PHASE4_PRIORITY_QUEUE,"noindex, follow; out of sitemap; https://echobuddha.com/quotes/mindfulness/give-one-ordinary-task-the-dignity-of-your-full/",Yes,No page-state correction required,No specific Phase 5 queue item,No,Existing noindex generated story remains accessible and excluded from the sitemap.
https://echobuddha.com/quotes/mindfulness/gratitude-notices-enough/,PAGE_STATE,IMPROVE,IMPROVE,QUOTE_REFLECTION,QUOTE_REFLECTION,KEEP_INDEXED,KEEP_INDEXED,NOT_SELECTED,NOT_SELECTED_FOR_PHASE4_PRIORITY_QUEUE,indexable; in sitemap; https://echobuddha.com/quotes/mindfulness/gratitude-notices-enough/,Yes,No page-state correction required,Yes — template-feel review only; protect substance/owner/index state,No,Built 2026-08-11T02:17:46.273Z; 631 words; 17 content headings; individually authored story; nearest /quotes/mindfulness/peace-begins-with-attention/ combined overlap 67.0%; external source links 0 | Phase 1: Built 2026-08-11T02:17:46.273Z; 631 words; 17 content headings; individually authored story; nearest /quotes/mindfulness/peace-begins-with-attention/ combined overlap 67.0%; external source links 0; role review: QUOTE_REFLECTION; owner selection: The hub owns discovery of clearly labeled original Echo Buddha quote reflections. | Individually authored reflection retains a distinct narrative and remains in the curated indexed subset.
https://echobuddha.com/quotes/mindfulness/ground-yourself-gently/,PAGE_STATE,IMPROVE,IMPROVE,QUOTE_REFLECTION,QUOTE_REFLECTION,KEEP_INDEXED,KEEP_INDEXED,NOT_SELECTED,NOT_SELECTED_FOR_PHASE4_PRIORITY_QUEUE,indexable; in sitemap; https://echobuddha.com/quotes/mindfulness/ground-yourself-gently/,Yes,No page-state correction required,Yes — template-feel review only; protect substance/owner/index state,No,Built 2026-08-11T02:17:46.273Z; 656 words; 17 content headings; individually authored story; nearest /quotes/mindfulness/peace-begins-with-attention/ combined overlap 66.7%; external source links 0 | Phase 1: Built 2026-08-11T02:17:46.273Z; 656 words; 17 content headings; individually authored story; nearest /quotes/mindfulness/peace-begins-with-attention/ combined overlap 66.7%; external source links 0; role review: QUOTE_REFLECTION; owner selection: The hub owns discovery of clearly labeled original Echo Buddha quote reflections. | Individually authored reflection retains a distinct narrative and remains in the curated indexed subset.
https://echobuddha.com/quotes/mindfulness/,PAGE_STATE,SUBSTANTIAL REWRITE,SUBSTANTIAL REWRITE,CATEGORY,CATEGORY,IMPROVE_LATER_PHASE,IMPROVE_LATER_PHASE,NOT_SELECTED,NOT_SELECTED_FOR_PHASE4_PRIORITY_QUEUE,indexable; in sitemap; https://echobuddha.com/quotes/mindfulness/,Yes,No page-state correction required,Yes — template-feel review only; protect substance/owner/index state,No,"Built 2026-08-11T02:17:46.273Z; 452 words; 7 content headings; authored route; nearest /quotes/awareness/ combined overlap 49.1%; external source links 0 | Phase 1: Built 2026-08-11T02:17:46.273Z; 452 words; 7 content headings; authored route; nearest /quotes/awareness/ combined overlap 49.1%; external source links 0; role review: CATEGORY; owner selection: The hub owns discovery of clearly labeled original Echo Buddha quote reflections. | Page has a valid owned role, but its editorial differentiation belongs to Phase 4/5."
https://echobuddha.com/quotes/mindfulness/listen-before-answering/,PAGE_STATE,IMPROVE,IMPROVE,QUOTE_REFLECTION,QUOTE_REFLECTION,KEEP_INDEXED,KEEP_INDEXED,NOT_SELECTED,NOT_SELECTED_FOR_PHASE4_PRIORITY_QUEUE,indexable; in sitemap; https://echobuddha.com/quotes/mindfulness/listen-before-answering/,Yes,No page-state correction required,Yes — template-feel review only; protect substance/owner/index state,No,Built 2026-08-11T02:17:46.273Z; 656 words; 17 content headings; individually authored story; nearest /quotes/mindfulness/peace-begins-with-attention/ combined overlap 66.9%; external source links 0 | Phase 1: Built 2026-08-11T02:17:46.273Z; 656 words; 17 content headings; individually authored story; nearest /quotes/mindfulness/peace-begins-with-attention/ combined overlap 66.9%; external source links 0; role review: QUOTE_REFLECTION; owner selection: The hub owns discovery of clearly labeled original Echo Buddha quote reflections. | Individually authored reflection retains a distinct narrative and remains in the curated indexed subset.
https://echobuddha.com/quotes/mindfulness/listen-to-the-moment-before-filling-it-with-your/,PAGE_STATE,NOT_APPLICABLE,NOT_IN_PHASE1_INDEXABLE_POPULATION,NOT_APPLICABLE,PREEXISTING_NOINDEX_OR_ERROR_ROLE,KEEP_NOINDEXED,KEEP_NOINDEXED,NOT_SELECTED,NOT_SELECTED_FOR_PHASE4_PRIORITY_QUEUE,"noindex, follow; out of sitemap; https://echobuddha.com/quotes/mindfulness/listen-to-the-moment-before-filling-it-with-your/",Yes,No page-state correction required,No specific Phase 5 queue item,No,Existing noindex generated story remains accessible and excluded from the sitemap.
https://echobuddha.com/quotes/mindfulness/notice-what-is-here-before-deciding-what-it-means/,PAGE_STATE,NOINDEX,NOINDEX,QUOTE_REFLECTION,QUOTE_REFLECTION,NOINDEX,NOINDEX,NOT_SELECTED,NOT_SELECTED_FOR_PHASE4_PRIORITY_QUEUE,"noindex, follow; out of sitemap; https://echobuddha.com/quotes/mindfulness/notice-what-is-here-before-deciding-what-it-means/",Yes,No page-state correction required,Yes — template-feel review only; protect substance/owner/index state,No,Built 2026-08-11T02:17:46.273Z; 630 words; 17 content headings; generated story; nearest /quotes/mindfulness/peace-grows-when-attention-stops-running-ahead-of-the/ combined overlap 86.2%; external source links 0 | Phase 1: Built 2026-08-11T02:17:46.273Z; 630 words; 17 content headings; generated story; nearest /quotes/mindfulness/peace-grows-when-attention-stops-running-ahead-of-the/ combined overlap 86.2%; external source links 0; role review: QUOTE_REFLECTION; owner selection: The hub owns discovery of clearly labeled original Echo Buddha quote reflections. | Mechanically generated story has high structural overlap and limited independent search value; route and internal discovery remain available.
https://echobuddha.com/quotes/mindfulness/one-mindful-pause-can-change-the-direction-of-an/,PAGE_STATE,NOINDEX,NOINDEX,QUOTE_REFLECTION,QUOTE_REFLECTION,NOINDEX,NOINDEX,NOT_SELECTED,NOT_SELECTED_FOR_PHASE4_PRIORITY_QUEUE,"noindex, follow; out of sitemap; https://echobuddha.com/quotes/mindfulness/one-mindful-pause-can-change-the-direction-of-an/",Yes,No page-state correction required,Yes — template-feel review only; protect substance/owner/index state,No,Built 2026-08-11T02:17:46.273Z; 651 words; 17 content headings; generated story; nearest /quotes/mindfulness/the-present-moment-asks-for-your-attention-not-your/ combined overlap 86.3%; external source links 0 | Phase 1: Built 2026-08-11T02:17:46.273Z; 651 words; 17 content headings; generated story; nearest /quotes/mindfulness/the-present-moment-asks-for-your-attention-not-your/ combined overlap 86.3%; external source links 0; role review: QUOTE_REFLECTION; owner selection: The hub owns discovery of clearly labeled original Echo Buddha quote reflections. | Mechanically generated story has high structural overlap and limited independent search value; route and internal discovery remain available.
https://echobuddha.com/quotes/mindfulness/peace-begins-with-attention/,PAGE_STATE,IMPROVE,IMPROVE,QUOTE_REFLECTION,QUOTE_REFLECTION,KEEP_INDEXED,KEEP_INDEXED,NOT_SELECTED,NOT_SELECTED_FOR_PHASE4_PRIORITY_QUEUE,indexable; in sitemap; https://echobuddha.com/quotes/mindfulness/peace-begins-with-attention/,Yes,No page-state correction required,Yes — template-feel review only; protect substance/owner/index state,No,Built 2026-08-11T02:17:46.273Z; 677 words; 17 content headings; individually authored story; nearest /quotes/mindfulness/gratitude-notices-enough/ combined overlap 67.0%; external source links 0 | Phase 1: Built 2026-08-11T02:17:46.273Z; 677 words; 17 content headings; individually authored story; nearest /quotes/mindfulness/gratitude-notices-enough/ combined overlap 67.0%; external source links 0; role review: QUOTE_REFLECTION; owner selection: The hub owns discovery of clearly labeled original Echo Buddha quote reflections. | Individually authored reflection retains a distinct narrative and remains in the curated indexed subset.
https://echobuddha.com/quotes/mindfulness/peace-grows-when-attention-stops-running-ahead-of-the/,PAGE_STATE,NOINDEX,NOINDEX,QUOTE_REFLECTION,QUOTE_REFLECTION,NOINDEX,NOINDEX,NOT_SELECTED,NOT_SELECTED_FOR_PHASE4_PRIORITY_QUEUE,"noindex, follow; out of sitemap; https://echobuddha.com/quotes/mindfulness/peace-grows-when-attention-stops-running-ahead-of-the/",Yes,No page-state correction required,Yes — template-feel review only; protect substance/owner/index state,No,Built 2026-08-11T02:17:46.273Z; 650 words; 17 content headings; generated story; nearest /quotes/mindfulness/notice-what-is-here-before-deciding-what-it-means/ combined overlap 86.2%; external source links 0 | Phase 1: Built 2026-08-11T02:17:46.273Z; 650 words; 17 content headings; generated story; nearest /quotes/mindfulness/notice-what-is-here-before-deciding-what-it-means/ combined overlap 86.2%; external source links 0; role review: QUOTE_REFLECTION; owner selection: The hub owns discovery of clearly labeled original Echo Buddha quote reflections. | Mechanically generated story has high structural overlap and limited independent search value; route and internal discovery remain available.
https://echobuddha.com/quotes/mindfulness/present-moment-one-step/,PAGE_STATE,IMPROVE,IMPROVE,QUOTE_REFLECTION,QUOTE_REFLECTION,KEEP_INDEXED,KEEP_INDEXED,NOT_SELECTED,NOT_SELECTED_FOR_PHASE4_PRIORITY_QUEUE,indexable; in sitemap; https://echobuddha.com/quotes/mindfulness/present-moment-one-step/,Yes,No page-state correction required,Yes — template-feel review only; protect substance/owner/index state,No,Built 2026-08-11T02:17:46.273Z; 659 words; 17 content headings; individually authored story; nearest /quotes/mindfulness/gratitude-notices-enough/ combined overlap 66.5%; external source links 0 | Phase 1: Built 2026-08-11T02:17:46.273Z; 659 words; 17 content headings; individually authored story; nearest /quotes/mindfulness/gratitude-notices-enough/ combined overlap 66.5%; external source links 0; role review: QUOTE_REFLECTION; owner selection: The hub owns discovery of clearly labeled original Echo Buddha quote reflections. | Individually authored reflection retains a distinct narrative and remains in the curated indexed subset.
https://echobuddha.com/quotes/mindfulness/return-to-the-breath-before-you-return-to-the/,PAGE_STATE,NOINDEX,NOINDEX,QUOTE_REFLECTION,QUOTE_REFLECTION,NOINDEX,NOINDEX,NOT_SELECTED,NOT_SELECTED_FOR_PHASE4_PRIORITY_QUEUE,"noindex, follow; out of sitemap; https://echobuddha.com/quotes/mindfulness/return-to-the-breath-before-you-return-to-the/",Yes,No page-state correction required,Yes — template-feel review only; protect substance/owner/index state,No,Built 2026-08-11T02:17:46.273Z; 654 words; 17 content headings; generated story; nearest /quotes/mindfulness/peace-grows-when-attention-stops-running-ahead-of-the/ combined overlap 85.0%; external source links 0 | Phase 1: Built 2026-08-11T02:17:46.273Z; 654 words; 17 content headings; generated story; nearest /quotes/mindfulness/peace-grows-when-attention-stops-running-ahead-of-the/ combined overlap 85.0%; external source links 0; role review: QUOTE_REFLECTION; owner selection: The hub owns discovery of clearly labeled original Echo Buddha quote reflections. | Mechanically generated story has high structural overlap and limited independent search value; route and internal discovery remain available.
https://echobuddha.com/quotes/mindfulness/the-more-clearly-you-notice-life-the-less-carelessly/,PAGE_STATE,NOT_APPLICABLE,NOT_IN_PHASE1_INDEXABLE_POPULATION,NOT_APPLICABLE,PREEXISTING_NOINDEX_OR_ERROR_ROLE,KEEP_NOINDEXED,KEEP_NOINDEXED,NOT_SELECTED,NOT_SELECTED_FOR_PHASE4_PRIORITY_QUEUE,"noindex, follow; out of sitemap; https://echobuddha.com/quotes/mindfulness/the-more-clearly-you-notice-life-the-less-carelessly/",Yes,No page-state correction required,No specific Phase 5 queue item,No,Existing noindex generated story remains accessible and excluded from the sitemap.
https://echobuddha.com/quotes/mindfulness/the-present-moment-asks-for-your-attention-not-your/,PAGE_STATE,NOINDEX,NOINDEX,QUOTE_REFLECTION,QUOTE_REFLECTION,NOINDEX,NOINDEX,NOT_SELECTED,NOT_SELECTED_FOR_PHASE4_PRIORITY_QUEUE,"noindex, follow; out of sitemap; https://echobuddha.com/quotes/mindfulness/the-present-moment-asks-for-your-attention-not-your/",Yes,No page-state correction required,Yes — template-feel review only; protect substance/owner/index state,No,Built 2026-08-11T02:17:46.273Z; 676 words; 17 content headings; generated story; nearest /quotes/mindfulness/one-mindful-pause-can-change-the-direction-of-an/ combined overlap 86.3%; external source links 0 | Phase 1: Built 2026-08-11T02:17:46.273Z; 676 words; 17 content headings; generated story; nearest /quotes/mindfulness/one-mindful-pause-can-change-the-direction-of-an/ combined overlap 86.3%; external source links 0; role review: QUOTE_REFLECTION; owner selection: The hub owns discovery of clearly labeled original Echo Buddha quote reflections. | Mechanically generated story has high structural overlap and limited independent search value; route and internal discovery remain available.
https://echobuddha.com/quotes/patience/a-difficult-moment-becomes-heavier-when-we-demand-that/,PAGE_STATE,NOT_APPLICABLE,NOT_IN_PHASE1_INDEXABLE_POPULATION,NOT_APPLICABLE,PREEXISTING_NOINDEX_OR_ERROR_ROLE,KEEP_NOINDEXED,KEEP_NOINDEXED,NOT_SELECTED,NOT_SELECTED_FOR_PHASE4_PRIORITY_QUEUE,"noindex, follow; out of sitemap; https://echobuddha.com/quotes/patience/a-difficult-moment-becomes-heavier-when-we-demand-that/",Yes,No page-state correction required,No specific Phase 5 queue item,No,Existing noindex generated story remains accessible and excluded from the sitemap.
https://echobuddha.com/quotes/patience/be-patient-with-the-part-of-you-that-is/,PAGE_STATE,NOINDEX,NOINDEX,QUOTE_REFLECTION,QUOTE_REFLECTION,NOINDEX,NOINDEX,NOT_SELECTED,NOT_SELECTED_FOR_PHASE4_PRIORITY_QUEUE,"noindex, follow; out of sitemap; https://echobuddha.com/quotes/patience/be-patient-with-the-part-of-you-that-is/",Yes,No page-state correction required,Yes — template-feel review only; protect substance/owner/index state,No,Built 2026-08-11T02:17:46.273Z; 696 words; 17 content headings; generated story; nearest /quotes/patience/when-anger-rises-pause-long-enough-to-see-the/ combined overlap 87.0%; external source links 0 | Phase 1: Built 2026-08-11T02:17:46.273Z; 696 words; 17 content headings; generated story; nearest /quotes/patience/when-anger-rises-pause-long-enough-to-see-the/ combined overlap 87.0%; external source links 0; role review: QUOTE_REFLECTION; owner selection: The hub owns discovery of clearly labeled original Echo Buddha quote reflections. | Mechanically generated story has high structural overlap and limited independent search value; route and internal discovery remain available.
https://echobuddha.com/quotes/patience/family-kindness-and-patience/,PAGE_STATE,IMPROVE,IMPROVE,QUOTE_REFLECTION,QUOTE_REFLECTION,KEEP_INDEXED,KEEP_INDEXED,NOT_SELECTED,NOT_SELECTED_FOR_PHASE4_PRIORITY_QUEUE,indexable; in sitemap; https://echobuddha.com/quotes/patience/family-kindness-and-patience/,Yes,No page-state correction required,Yes — template-feel review only; protect substance/owner/index state,No,Built 2026-08-11T02:17:46.273Z; 665 words; 17 content headings; individually authored story; nearest /quotes/patience/patience-softens-the-wait/ combined overlap 65.0%; external source links 0 | Phase 1: Built 2026-08-11T02:17:46.273Z; 665 words; 17 content headings; individually authored story; nearest /quotes/patience/patience-softens-the-wait/ combined overlap 65.0%; external source links 0; role review: QUOTE_REFLECTION; owner selection: The hub owns discovery of clearly labeled original Echo Buddha quote reflections. | Individually authored reflection retains a distinct narrative and remains in the curated indexed subset.
https://echobuddha.com/quotes/patience/growth-is-quiet-work-often-invisible-until-the-season/,PAGE_STATE,NOINDEX,NOINDEX,QUOTE_REFLECTION,QUOTE_REFLECTION,NOINDEX,NOINDEX,NOT_SELECTED,NOT_SELECTED_FOR_PHASE4_PRIORITY_QUEUE,"noindex, follow; out of sitemap; https://echobuddha.com/quotes/patience/growth-is-quiet-work-often-invisible-until-the-season/",Yes,No page-state correction required,Yes — template-feel review only; protect substance/owner/index state,No,Built 2026-08-11T02:17:46.273Z; 665 words; 17 content headings; generated story; nearest /quotes/patience/not-every-delay-is-an-obstacle-some-are-invitations/ combined overlap 84.2%; external source links 0 | Phase 1: Built 2026-08-11T02:17:46.273Z; 665 words; 17 content headings; generated story; nearest /quotes/patience/not-every-delay-is-an-obstacle-some-are-invitations/ combined overlap 84.2%; external source links 0; role review: QUOTE_REFLECTION; owner selection: The hub owns discovery of clearly labeled original Echo Buddha quote reflections. | Mechanically generated story has high structural overlap and limited independent search value; route and internal discovery remain available.
https://echobuddha.com/quotes/patience/,PAGE_STATE,IMPROVE,IMPROVE,CATEGORY,CATEGORY,IMPROVE_LATER_PHASE,IMPROVE_LATER_PHASE,NOT_SELECTED,NOT_SELECTED_FOR_PHASE4_PRIORITY_QUEUE,indexable; in sitemap; https://echobuddha.com/quotes/patience/,Yes,No page-state correction required,Yes — template-feel review only; protect substance/owner/index state,No,"Built 2026-08-11T02:17:46.273Z; 461 words; 7 content headings; authored route; nearest /quotes/practice/ combined overlap 47.6%; external source links 0 | Phase 1: Built 2026-08-11T02:17:46.273Z; 461 words; 7 content headings; authored route; nearest /quotes/practice/ combined overlap 47.6%; external source links 0; role review: CATEGORY; owner selection: The hub owns discovery of clearly labeled original Echo Buddha quote reflections. | Page has a valid owned role, but its editorial differentiation belongs to Phase 4/5."
https://echobuddha.com/quotes/patience/not-every-delay-is-an-obstacle-some-are-invitations/,PAGE_STATE,NOINDEX,NOINDEX,QUOTE_REFLECTION,QUOTE_REFLECTION,NOINDEX,NOINDEX,NOT_SELECTED,NOT_SELECTED_FOR_PHASE4_PRIORITY_QUEUE,"noindex, follow; out of sitemap; https://echobuddha.com/quotes/patience/not-every-delay-is-an-obstacle-some-are-invitations/",Yes,No page-state correction required,Yes — template-feel review only; protect substance/owner/index state,No,Built 2026-08-11T02:17:46.273Z; 663 words; 17 content headings; generated story; nearest /quotes/patience/patience-is-the-strength-to-remain-present-while-life/ combined overlap 87.5%; external source links 0 | Phase 1: Built 2026-08-11T02:17:46.273Z; 663 words; 17 content headings; generated story; nearest /quotes/patience/patience-is-the-strength-to-remain-present-while-life/ combined overlap 87.5%; external source links 0; role review: QUOTE_REFLECTION; owner selection: The hub owns discovery of clearly labeled original Echo Buddha quote reflections. | Mechanically generated story has high structural overlap and limited independent search value; route and internal discovery remain available.
https://echobuddha.com/quotes/patience/patience-is-the-strength-to-remain-present-while-life/,PAGE_STATE,NOINDEX,NOINDEX,QUOTE_REFLECTION,QUOTE_REFLECTION,NOINDEX,NOINDEX,NOT_SELECTED,NOT_SELECTED_FOR_PHASE4_PRIORITY_QUEUE,"noindex, follow; out of sitemap; https://echobuddha.com/quotes/patience/patience-is-the-strength-to-remain-present-while-life/",Yes,No page-state correction required,Yes — template-feel review only; protect substance/owner/index state,No,Built 2026-08-11T02:17:46.273Z; 700 words; 17 content headings; generated story; nearest /quotes/patience/not-every-delay-is-an-obstacle-some-are-invitations/ combined overlap 87.5%; external source links 0 | Phase 1: Built 2026-08-11T02:17:46.273Z; 700 words; 17 content headings; generated story; nearest /quotes/patience/not-every-delay-is-an-obstacle-some-are-invitations/ combined overlap 87.5%; external source links 0; role review: QUOTE_REFLECTION; owner selection: The hub owns discovery of clearly labeled original Echo Buddha quote reflections. | Mechanically generated story has high structural overlap and limited independent search value; route and internal discovery remain available.
https://echobuddha.com/quotes/patience/patience-makes-room-for-truth-to-arrive-without-force/,PAGE_STATE,NOT_APPLICABLE,NOT_IN_PHASE1_INDEXABLE_POPULATION,NOT_APPLICABLE,PREEXISTING_NOINDEX_OR_ERROR_ROLE,KEEP_NOINDEXED,KEEP_NOINDEXED,NOT_SELECTED,NOT_SELECTED_FOR_PHASE4_PRIORITY_QUEUE,"noindex, follow; out of sitemap; https://echobuddha.com/quotes/patience/patience-makes-room-for-truth-to-arrive-without-force/",Yes,No page-state correction required,No specific Phase 5 queue item,No,Existing noindex generated story remains accessible and excluded from the sitemap.
https://echobuddha.com/quotes/patience/patience-softens-the-wait/,PAGE_STATE,IMPROVE,IMPROVE,QUOTE_REFLECTION,QUOTE_REFLECTION,KEEP_INDEXED,KEEP_INDEXED,NOT_SELECTED,NOT_SELECTED_FOR_PHASE4_PRIORITY_QUEUE,indexable; in sitemap; https://echobuddha.com/quotes/patience/patience-softens-the-wait/,Yes,No page-state correction required,Yes — template-feel review only; protect substance/owner/index state,No,Built 2026-08-11T02:17:46.273Z; 652 words; 17 content headings; individually authored story; nearest /quotes/patience/family-kindness-and-patience/ combined overlap 65.0%; external source links 0 | Phase 1: Built 2026-08-11T02:17:46.273Z; 652 words; 17 content headings; individually authored story; nearest /quotes/patience/family-kindness-and-patience/ combined overlap 65.0%; external source links 0; role review: QUOTE_REFLECTION; owner selection: The hub owns discovery of clearly labeled original Echo Buddha quote reflections. | Individually authored reflection retains a distinct narrative and remains in the curated indexed subset.
https://echobuddha.com/quotes/patience/some-answers-become-clear-only-after-the-mind-stops/,PAGE_STATE,NOT_APPLICABLE,NOT_IN_PHASE1_INDEXABLE_POPULATION,NOT_APPLICABLE,PREEXISTING_NOINDEX_OR_ERROR_ROLE,KEEP_NOINDEXED,KEEP_NOINDEXED,NOT_SELECTED,NOT_SELECTED_FOR_PHASE4_PRIORITY_QUEUE,"noindex, follow; out of sitemap; https://echobuddha.com/quotes/patience/some-answers-become-clear-only-after-the-mind-stops/",Yes,No page-state correction required,No specific Phase 5 queue item,No,Existing noindex generated story remains accessible and excluded from the sitemap.
https://echobuddha.com/quotes/patience/stay-gentle-with-beginnings-they-are-carrying-more-than/,PAGE_STATE,NOT_APPLICABLE,NOT_IN_PHASE1_INDEXABLE_POPULATION,NOT_APPLICABLE,PREEXISTING_NOINDEX_OR_ERROR_ROLE,KEEP_NOINDEXED,KEEP_NOINDEXED,NOT_SELECTED,NOT_SELECTED_FOR_PHASE4_PRIORITY_QUEUE,"noindex, follow; out of sitemap; https://echobuddha.com/quotes/patience/stay-gentle-with-beginnings-they-are-carrying-more-than/",Yes,No page-state correction required,No specific Phase 5 queue item,No,Existing noindex generated story remains accessible and excluded from the sitemap.
https://echobuddha.com/quotes/patience/the-path-unfolds-at-the-pace-of-sincere-practice/,PAGE_STATE,NOT_APPLICABLE,NOT_IN_PHASE1_INDEXABLE_POPULATION,NOT_APPLICABLE,PREEXISTING_NOINDEX_OR_ERROR_ROLE,KEEP_NOINDEXED,KEEP_NOINDEXED,NOT_SELECTED,NOT_SELECTED_FOR_PHASE4_PRIORITY_QUEUE,"noindex, follow; out of sitemap; https://echobuddha.com/quotes/patience/the-path-unfolds-at-the-pace-of-sincere-practice/",Yes,No page-state correction required,No specific Phase 5 queue item,No,Existing noindex generated story remains accessible and excluded from the sitemap.
https://echobuddha.com/quotes/patience/wait-long-enough-for-the-first-reaction-to-become/,PAGE_STATE,NOINDEX,NOINDEX,QUOTE_REFLECTION,QUOTE_REFLECTION,NOINDEX,NOINDEX,NOT_SELECTED,NOT_SELECTED_FOR_PHASE4_PRIORITY_QUEUE,"noindex, follow; out of sitemap; https://echobuddha.com/quotes/patience/wait-long-enough-for-the-first-reaction-to-become/",Yes,No page-state correction required,Yes — template-feel review only; protect substance/owner/index state,No,Built 2026-08-11T02:17:46.273Z; 680 words; 17 content headings; generated story; nearest /quotes/patience/not-every-delay-is-an-obstacle-some-are-invitations/ combined overlap 86.4%; external source links 0 | Phase 1: Built 2026-08-11T02:17:46.273Z; 680 words; 17 content headings; generated story; nearest /quotes/patience/not-every-delay-is-an-obstacle-some-are-invitations/ combined overlap 86.4%; external source links 0; role review: QUOTE_REFLECTION; owner selection: The hub owns discovery of clearly labeled original Echo Buddha quote reflections. | Mechanically generated story has high structural overlap and limited independent search value; route and internal discovery remain available.
https://echobuddha.com/quotes/patience/when-anger-rises-pause-long-enough-to-see-the/,PAGE_STATE,NOINDEX,NOINDEX,QUOTE_REFLECTION,QUOTE_REFLECTION,NOINDEX,NOINDEX,NOT_SELECTED,NOT_SELECTED_FOR_PHASE4_PRIORITY_QUEUE,"noindex, follow; out of sitemap; https://echobuddha.com/quotes/patience/when-anger-rises-pause-long-enough-to-see-the/",Yes,No page-state correction required,Yes — template-feel review only; protect substance/owner/index state,No,Built 2026-08-11T02:17:46.273Z; 681 words; 17 content headings; generated story; nearest /quotes/patience/be-patient-with-the-part-of-you-that-is/ combined overlap 87.0%; external source links 0 | Phase 1: Built 2026-08-11T02:17:46.273Z; 681 words; 17 content headings; generated story; nearest /quotes/patience/be-patient-with-the-part-of-you-that-is/ combined overlap 87.0%; external source links 0; role review: QUOTE_REFLECTION; owner selection: The hub owns discovery of clearly labeled original Echo Buddha quote reflections. | Mechanically generated story has high structural overlap and limited independent search value; route and internal discovery remain available.
https://echobuddha.com/quotes/practice/a-peaceful-life-is-built-from-peaceful-moments-practiced/,PAGE_STATE,NOT_APPLICABLE,NOT_IN_PHASE1_INDEXABLE_POPULATION,NOT_APPLICABLE,PREEXISTING_NOINDEX_OR_ERROR_ROLE,KEEP_NOINDEXED,KEEP_NOINDEXED,NOT_SELECTED,NOT_SELECTED_FOR_PHASE4_PRIORITY_QUEUE,"noindex, follow; out of sitemap; https://echobuddha.com/quotes/practice/a-peaceful-life-is-built-from-peaceful-moments-practiced/",Yes,No page-state correction required,No specific Phase 5 queue item,No,Existing noindex generated story remains accessible and excluded from the sitemap.
https://echobuddha.com/quotes/practice/begin-with-what-is-possible-then-return-tomorrow/,PAGE_STATE,NOT_APPLICABLE,NOT_IN_PHASE1_INDEXABLE_POPULATION,NOT_APPLICABLE,PREEXISTING_NOINDEX_OR_ERROR_ROLE,KEEP_NOINDEXED,KEEP_NOINDEXED,NOT_SELECTED,NOT_SELECTED_FOR_PHASE4_PRIORITY_QUEUE,"noindex, follow; out of sitemap; https://echobuddha.com/quotes/practice/begin-with-what-is-possible-then-return-tomorrow/",Yes,No page-state correction required,No specific Phase 5 queue item,No,Existing noindex generated story remains accessible and excluded from the sitemap.
https://echobuddha.com/quotes/practice/bring-the-teaching-into-the-place-where-you-are/,PAGE_STATE,NOT_APPLICABLE,NOT_IN_PHASE1_INDEXABLE_POPULATION,NOT_APPLICABLE,PREEXISTING_NOINDEX_OR_ERROR_ROLE,KEEP_NOINDEXED,KEEP_NOINDEXED,NOT_SELECTED,NOT_SELECTED_FOR_PHASE4_PRIORITY_QUEUE,"noindex, follow; out of sitemap; https://echobuddha.com/quotes/practice/bring-the-teaching-into-the-place-where-you-are/",Yes,No page-state correction required,No specific Phase 5 queue item,No,Existing noindex generated story remains accessible and excluded from the sitemap.
https://echobuddha.com/quotes/practice/daily-practice-turns-understanding-from-an-idea-into-a/,PAGE_STATE,NOT_APPLICABLE,NOT_IN_PHASE1_INDEXABLE_POPULATION,NOT_APPLICABLE,PREEXISTING_NOINDEX_OR_ERROR_ROLE,KEEP_NOINDEXED,KEEP_NOINDEXED,NOT_SELECTED,NOT_SELECTED_FOR_PHASE4_PRIORITY_QUEUE,"noindex, follow; out of sitemap; https://echobuddha.com/quotes/practice/daily-practice-turns-understanding-from-an-idea-into-a/",Yes,No page-state correction required,No specific Phase 5 queue item,No,Existing noindex generated story remains accessible and excluded from the sitemap.
https://echobuddha.com/quotes/practice/do-not-wait-to-feel-ready-before-choosing-what/,PAGE_STATE,NOINDEX,NOINDEX,QUOTE_REFLECTION,QUOTE_REFLECTION,NOINDEX,NOINDEX,NOT_SELECTED,NOT_SELECTED_FOR_PHASE4_PRIORITY_QUEUE,"noindex, follow; out of sitemap; https://echobuddha.com/quotes/practice/do-not-wait-to-feel-ready-before-choosing-what/",Yes,No page-state correction required,Yes — template-feel review only; protect substance/owner/index state,No,Built 2026-08-11T02:17:46.273Z; 641 words; 17 content headings; generated story; nearest /quotes/practice/your-next-response-is-always-part-of-the-path/ combined overlap 84.2%; external source links 0 | Phase 1: Built 2026-08-11T02:17:46.273Z; 641 words; 17 content headings; generated story; nearest /quotes/practice/your-next-response-is-always-part-of-the-path/ combined overlap 84.2%; external source links 0; role review: QUOTE_REFLECTION; owner selection: The hub owns discovery of clearly labeled original Echo Buddha quote reflections. | Mechanically generated story has high structural overlap and limited independent search value; route and internal discovery remain available.
https://echobuddha.com/quotes/practice/eightfold-path-daily-choices/,PAGE_STATE,IMPROVE,IMPROVE,QUOTE_REFLECTION,QUOTE_REFLECTION,KEEP_INDEXED,KEEP_INDEXED,NOT_SELECTED,NOT_SELECTED_FOR_PHASE4_PRIORITY_QUEUE,indexable; in sitemap; https://echobuddha.com/quotes/practice/eightfold-path-daily-choices/,Yes,No page-state correction required,Yes — template-feel review only; protect substance/owner/index state,No,Built 2026-08-11T02:17:46.273Z; 639 words; 17 content headings; individually authored story; nearest /quotes/practice/mindfulness-at-work-breath/ combined overlap 69.1%; external source links 0 | Phase 1: Built 2026-08-11T02:17:46.273Z; 639 words; 17 content headings; individually authored story; nearest /quotes/practice/mindfulness-at-work-breath/ combined overlap 69.1%; external source links 0; role review: QUOTE_REFLECTION; owner selection: The hub owns discovery of clearly labeled original Echo Buddha quote reflections. | Individually authored reflection retains a distinct narrative and remains in the curated indexed subset.
https://echobuddha.com/quotes/practice/,PAGE_STATE,IMPROVE,IMPROVE,CATEGORY,CATEGORY,IMPROVE_LATER_PHASE,IMPROVE_LATER_PHASE,NOT_SELECTED,NOT_SELECTED_FOR_PHASE4_PRIORITY_QUEUE,indexable; in sitemap; https://echobuddha.com/quotes/practice/,Yes,No page-state correction required,Yes — template-feel review only; protect substance/owner/index state,No,"Built 2026-08-11T02:17:46.273Z; 420 words; 7 content headings; authored route; nearest /quotes/patience/ combined overlap 47.6%; external source links 0 | Phase 1: Built 2026-08-11T02:17:46.273Z; 420 words; 7 content headings; authored route; nearest /quotes/patience/ combined overlap 47.6%; external source links 0; role review: CATEGORY; owner selection: The hub owns discovery of clearly labeled original Echo Buddha quote reflections. | Page has a valid owned role, but its editorial differentiation belongs to Phase 4/5."
https://echobuddha.com/quotes/practice/mindfulness-at-work-breath/,PAGE_STATE,IMPROVE,IMPROVE,QUOTE_REFLECTION,QUOTE_REFLECTION,KEEP_INDEXED,KEEP_INDEXED,NOT_SELECTED,NOT_SELECTED_FOR_PHASE4_PRIORITY_QUEUE,indexable; in sitemap; https://echobuddha.com/quotes/practice/mindfulness-at-work-breath/,Yes,No page-state correction required,Yes — template-feel review only; protect substance/owner/index state,No,Built 2026-08-11T02:17:46.273Z; 641 words; 17 content headings; individually authored story; nearest /quotes/practice/eightfold-path-daily-choices/ combined overlap 69.1%; external source links 0 | Phase 1: Built 2026-08-11T02:17:46.273Z; 641 words; 17 content headings; individually authored story; nearest /quotes/practice/eightfold-path-daily-choices/ combined overlap 69.1%; external source links 0; role review: QUOTE_REFLECTION; owner selection: The hub owns discovery of clearly labeled original Echo Buddha quote reflections. | Individually authored reflection retains a distinct narrative and remains in the curated indexed subset.
https://echobuddha.com/quotes/practice/practice-becomes-real-when-it-enters-your-speech-and/,PAGE_STATE,NOINDEX,NOINDEX,QUOTE_REFLECTION,QUOTE_REFLECTION,NOINDEX,NOINDEX,NOT_SELECTED,NOT_SELECTED_FOR_PHASE4_PRIORITY_QUEUE,"noindex, follow; out of sitemap; https://echobuddha.com/quotes/practice/practice-becomes-real-when-it-enters-your-speech-and/",Yes,No page-state correction required,Yes — template-feel review only; protect substance/owner/index state,No,Built 2026-08-11T02:17:46.273Z; 656 words; 17 content headings; generated story; nearest /quotes/practice/the-path-is-not-far-away-it-is-the/ combined overlap 87.6%; external source links 0 | Phase 1: Built 2026-08-11T02:17:46.273Z; 656 words; 17 content headings; generated story; nearest /quotes/practice/the-path-is-not-far-away-it-is-the/ combined overlap 87.6%; external source links 0; role review: QUOTE_REFLECTION; owner selection: The hub owns discovery of clearly labeled original Echo Buddha quote reflections. | Mechanically generated story has high structural overlap and limited independent search value; route and internal discovery remain available.
https://echobuddha.com/quotes/practice/right-intention-turns-the-heart/,PAGE_STATE,IMPROVE,IMPROVE,QUOTE_REFLECTION,QUOTE_REFLECTION,KEEP_INDEXED,KEEP_INDEXED,NOT_SELECTED,NOT_SELECTED_FOR_PHASE4_PRIORITY_QUEUE,indexable; in sitemap; https://echobuddha.com/quotes/practice/right-intention-turns-the-heart/,Yes,No page-state correction required,Yes — template-feel review only; protect substance/owner/index state,No,Built 2026-08-11T02:17:46.273Z; 644 words; 17 content headings; individually authored story; nearest /quotes/practice/eightfold-path-daily-choices/ combined overlap 68.7%; external source links 0 | Phase 1: Built 2026-08-11T02:17:46.273Z; 644 words; 17 content headings; individually authored story; nearest /quotes/practice/eightfold-path-daily-choices/ combined overlap 68.7%; external source links 0; role review: QUOTE_REFLECTION; owner selection: The hub owns discovery of clearly labeled original Echo Buddha quote reflections. | Individually authored reflection retains a distinct narrative and remains in the curated indexed subset.
https://echobuddha.com/quotes/practice/small-actions-shape-the-mind/,PAGE_STATE,IMPROVE,IMPROVE,QUOTE_REFLECTION,QUOTE_REFLECTION,KEEP_INDEXED,KEEP_INDEXED,NOT_SELECTED,NOT_SELECTED_FOR_PHASE4_PRIORITY_QUEUE,indexable; in sitemap; https://echobuddha.com/quotes/practice/small-actions-shape-the-mind/,Yes,No page-state correction required,Yes — template-feel review only; protect substance/owner/index state,No,Built 2026-08-11T02:17:46.273Z; 660 words; 17 content headings; individually authored story; nearest /quotes/practice/eightfold-path-daily-choices/ combined overlap 68.8%; external source links 0 | Phase 1: Built 2026-08-11T02:17:46.273Z; 660 words; 17 content headings; individually authored story; nearest /quotes/practice/eightfold-path-daily-choices/ combined overlap 68.8%; external source links 0; role review: QUOTE_REFLECTION; owner selection: The hub owns discovery of clearly labeled original Echo Buddha quote reflections. | Individually authored reflection retains a distinct narrative and remains in the curated indexed subset.
https://echobuddha.com/quotes/practice/the-path-is-not-far-away-it-is-the/,PAGE_STATE,NOINDEX,NOINDEX,QUOTE_REFLECTION,QUOTE_REFLECTION,NOINDEX,NOINDEX,NOT_SELECTED,NOT_SELECTED_FOR_PHASE4_PRIORITY_QUEUE,"noindex, follow; out of sitemap; https://echobuddha.com/quotes/practice/the-path-is-not-far-away-it-is-the/",Yes,No page-state correction required,Yes — template-feel review only; protect substance/owner/index state,No,Built 2026-08-11T02:17:46.273Z; 655 words; 17 content headings; generated story; nearest /quotes/practice/practice-becomes-real-when-it-enters-your-speech-and/ combined overlap 87.6%; external source links 0 | Phase 1: Built 2026-08-11T02:17:46.273Z; 655 words; 17 content headings; generated story; nearest /quotes/practice/practice-becomes-real-when-it-enters-your-speech-and/ combined overlap 87.6%; external source links 0; role review: QUOTE_REFLECTION; owner selection: The hub owns discovery of clearly labeled original Echo Buddha quote reflections. | Mechanically generated story has high structural overlap and limited independent search value; route and internal discovery remain available.
https://echobuddha.com/quotes/practice/the-path-is-shaped-by-what-you-repeat-when/,PAGE_STATE,NOT_APPLICABLE,NOT_IN_PHASE1_INDEXABLE_POPULATION,NOT_APPLICABLE,PREEXISTING_NOINDEX_OR_ERROR_ROLE,KEEP_NOINDEXED,KEEP_NOINDEXED,NOT_SELECTED,NOT_SELECTED_FOR_PHASE4_PRIORITY_QUEUE,"noindex, follow; out of sitemap; https://echobuddha.com/quotes/practice/the-path-is-shaped-by-what-you-repeat-when/",Yes,No page-state correction required,No specific Phase 5 queue item,No,Existing noindex generated story remains accessible and excluded from the sitemap.
https://echobuddha.com/quotes/practice/the-smallest-wholesome-action-is-larger-than-the-finest/,PAGE_STATE,NOINDEX,NOINDEX,QUOTE_REFLECTION,QUOTE_REFLECTION,NOINDEX,NOINDEX,NOT_SELECTED,NOT_SELECTED_FOR_PHASE4_PRIORITY_QUEUE,"noindex, follow; out of sitemap; https://echobuddha.com/quotes/practice/the-smallest-wholesome-action-is-larger-than-the-finest/",Yes,No page-state correction required,Yes — template-feel review only; protect substance/owner/index state,No,Built 2026-08-11T02:17:46.273Z; 661 words; 17 content headings; generated story; nearest /quotes/practice/practice-becomes-real-when-it-enters-your-speech-and/ combined overlap 86.6%; external source links 0 | Phase 1: Built 2026-08-11T02:17:46.273Z; 661 words; 17 content headings; generated story; nearest /quotes/practice/practice-becomes-real-when-it-enters-your-speech-and/ combined overlap 86.6%; external source links 0; role review: QUOTE_REFLECTION; owner selection: The hub owns discovery of clearly labeled original Echo Buddha quote reflections. | Mechanically generated story has high structural overlap and limited independent search value; route and internal discovery remain available.
https://echobuddha.com/quotes/practice/walk-slowly-enough-to-notice-where-your-life-is/,PAGE_STATE,NOINDEX,NOINDEX,QUOTE_REFLECTION,QUOTE_REFLECTION,NOINDEX,NOINDEX,NOT_SELECTED,NOT_SELECTED_FOR_PHASE4_PRIORITY_QUEUE,"noindex, follow; out of sitemap; https://echobuddha.com/quotes/practice/walk-slowly-enough-to-notice-where-your-life-is/",Yes,No page-state correction required,Yes — template-feel review only; protect substance/owner/index state,No,Built 2026-08-11T02:17:46.273Z; 673 words; 17 content headings; generated story; nearest /quotes/practice/practice-becomes-real-when-it-enters-your-speech-and/ combined overlap 87.2%; external source links 0 | Phase 1: Built 2026-08-11T02:17:46.273Z; 673 words; 17 content headings; generated story; nearest /quotes/practice/practice-becomes-real-when-it-enters-your-speech-and/ combined overlap 87.2%; external source links 0; role review: QUOTE_REFLECTION; owner selection: The hub owns discovery of clearly labeled original Echo Buddha quote reflections. | Mechanically generated story has high structural overlap and limited independent search value; route and internal discovery remain available.
https://echobuddha.com/quotes/practice/your-next-response-is-always-part-of-the-path/,PAGE_STATE,NOINDEX,NOINDEX,QUOTE_REFLECTION,QUOTE_REFLECTION,NOINDEX,NOINDEX,NOT_SELECTED,NOT_SELECTED_FOR_PHASE4_PRIORITY_QUEUE,"noindex, follow; out of sitemap; https://echobuddha.com/quotes/practice/your-next-response-is-always-part-of-the-path/",Yes,No page-state correction required,Yes — template-feel review only; protect substance/owner/index state,No,Built 2026-08-11T02:17:46.273Z; 623 words; 17 content headings; generated story; nearest /quotes/practice/the-path-is-not-far-away-it-is-the/ combined overlap 86.7%; external source links 0 | Phase 1: Built 2026-08-11T02:17:46.273Z; 623 words; 17 content headings; generated story; nearest /quotes/practice/the-path-is-not-far-away-it-is-the/ combined overlap 86.7%; external source links 0; role review: QUOTE_REFLECTION; owner selection: The hub owns discovery of clearly labeled original Echo Buddha quote reflections. | Mechanically generated story has high structural overlap and limited independent search value; route and internal discovery remain available.
https://echobuddha.com/quotes/renewal/a-mistake-becomes-a-teacher-when-honesty-enters-the/,PAGE_STATE,NOT_APPLICABLE,NOT_IN_PHASE1_INDEXABLE_POPULATION,NOT_APPLICABLE,PREEXISTING_NOINDEX_OR_ERROR_ROLE,KEEP_NOINDEXED,KEEP_NOINDEXED,NOT_SELECTED,NOT_SELECTED_FOR_PHASE4_PRIORITY_QUEUE,"noindex, follow; out of sitemap; https://echobuddha.com/quotes/renewal/a-mistake-becomes-a-teacher-when-honesty-enters-the/",Yes,No page-state correction required,No specific Phase 5 queue item,No,Existing noindex generated story remains accessible and excluded from the sitemap.
https://echobuddha.com/quotes/renewal/a-new-direction-can-start-with-one-different-choice/,PAGE_STATE,NOINDEX,NOINDEX,QUOTE_REFLECTION,QUOTE_REFLECTION,NOINDEX,NOINDEX,NOT_SELECTED,NOT_SELECTED_FOR_PHASE4_PRIORITY_QUEUE,"noindex, follow; out of sitemap; https://echobuddha.com/quotes/renewal/a-new-direction-can-start-with-one-different-choice/",Yes,No page-state correction required,Yes — template-feel review only; protect substance/owner/index state,No,Built 2026-08-11T02:17:46.273Z; 627 words; 17 content headings; generated story; nearest /quotes/renewal/the-path-welcomes-your-return-more-often-than-pride/ combined overlap 85.2%; external source links 0 | Phase 1: Built 2026-08-11T02:17:46.273Z; 627 words; 17 content headings; generated story; nearest /quotes/renewal/the-path-welcomes-your-return-more-often-than-pride/ combined overlap 85.2%; external source links 0; role review: QUOTE_REFLECTION; owner selection: The hub owns discovery of clearly labeled original Echo Buddha quote reflections. | Mechanically generated story has high structural overlap and limited independent search value; route and internal discovery remain available.
https://echobuddha.com/quotes/renewal/begin-again-gently-the-breath-is-always-willing/,PAGE_STATE,NOINDEX,NOINDEX,QUOTE_REFLECTION,QUOTE_REFLECTION,NOINDEX,NOINDEX,NOT_SELECTED,NOT_SELECTED_FOR_PHASE4_PRIORITY_QUEUE,"noindex, follow; out of sitemap; https://echobuddha.com/quotes/renewal/begin-again-gently-the-breath-is-always-willing/",Yes,No page-state correction required,Yes — template-feel review only; protect substance/owner/index state,No,Built 2026-08-11T02:17:46.273Z; 629 words; 17 content headings; generated story; nearest /quotes/renewal/the-path-welcomes-your-return-more-often-than-pride/ combined overlap 88.2%; external source links 0 | Phase 1: Built 2026-08-11T02:17:46.273Z; 629 words; 17 content headings; generated story; nearest /quotes/renewal/the-path-welcomes-your-return-more-often-than-pride/ combined overlap 88.2%; external source links 0; role review: QUOTE_REFLECTION; owner selection: The hub owns discovery of clearly labeled original Echo Buddha quote reflections. | Mechanically generated story has high structural overlap and limited independent search value; route and internal discovery remain available.
https://echobuddha.com/quotes/renewal/begin-again-without-shame/,PAGE_STATE,IMPROVE,IMPROVE,QUOTE_REFLECTION,QUOTE_REFLECTION,KEEP_INDEXED,KEEP_INDEXED,NOT_SELECTED,NOT_SELECTED_FOR_PHASE4_PRIORITY_QUEUE,indexable; in sitemap; https://echobuddha.com/quotes/renewal/begin-again-without-shame/,Yes,No page-state correction required,Yes — template-feel review only; protect substance/owner/index state,No,Built 2026-08-11T02:17:46.273Z; 614 words; 17 content headings; individually authored story; nearest /quotes/renewal/one-calm-morning-intention/ combined overlap 67.2%; external source links 0 | Phase 1: Built 2026-08-11T02:17:46.273Z; 614 words; 17 content headings; individually authored story; nearest /quotes/renewal/one-calm-morning-intention/ combined overlap 67.2%; external source links 0; role review: QUOTE_REFLECTION; owner selection: The hub owns discovery of clearly labeled original Echo Buddha quote reflections. | Individually authored reflection retains a distinct narrative and remains in the curated indexed subset.
https://echobuddha.com/quotes/renewal/begin-again-without-turning-yesterday-into-a-sentence/,PAGE_STATE,NOINDEX,NOINDEX,QUOTE_REFLECTION,QUOTE_REFLECTION,NOINDEX,NOINDEX,NOT_SELECTED,NOT_SELECTED_FOR_PHASE4_PRIORITY_QUEUE,"noindex, follow; out of sitemap; https://echobuddha.com/quotes/renewal/begin-again-without-turning-yesterday-into-a-sentence/",Yes,No page-state correction required,Yes — template-feel review only; protect substance/owner/index state,No,Built 2026-08-11T02:17:46.273Z; 616 words; 17 content headings; generated story; nearest /quotes/renewal/begin-again-gently-the-breath-is-always-willing/ combined overlap 85.6%; external source links 0 | Phase 1: Built 2026-08-11T02:17:46.273Z; 616 words; 17 content headings; generated story; nearest /quotes/renewal/begin-again-gently-the-breath-is-always-willing/ combined overlap 85.6%; external source links 0; role review: QUOTE_REFLECTION; owner selection: The hub owns discovery of clearly labeled original Echo Buddha quote reflections. | Mechanically generated story has high structural overlap and limited independent search value; route and internal discovery remain available.
https://echobuddha.com/quotes/renewal/do-not-confuse-an-old-pattern-with-an-unchangeable/,PAGE_STATE,NOT_APPLICABLE,NOT_IN_PHASE1_INDEXABLE_POPULATION,NOT_APPLICABLE,PREEXISTING_NOINDEX_OR_ERROR_ROLE,KEEP_NOINDEXED,KEEP_NOINDEXED,NOT_SELECTED,NOT_SELECTED_FOR_PHASE4_PRIORITY_QUEUE,"noindex, follow; out of sitemap; https://echobuddha.com/quotes/renewal/do-not-confuse-an-old-pattern-with-an-unchangeable/",Yes,No page-state correction required,No specific Phase 5 queue item,No,Existing noindex generated story remains accessible and excluded from the sitemap.
https://echobuddha.com/quotes/renewal/each-conscious-breath-is-a-small-vote-for-beginning/,PAGE_STATE,NOT_APPLICABLE,NOT_IN_PHASE1_INDEXABLE_POPULATION,NOT_APPLICABLE,PREEXISTING_NOINDEX_OR_ERROR_ROLE,KEEP_NOINDEXED,KEEP_NOINDEXED,NOT_SELECTED,NOT_SELECTED_FOR_PHASE4_PRIORITY_QUEUE,"noindex, follow; out of sitemap; https://echobuddha.com/quotes/renewal/each-conscious-breath-is-a-small-vote-for-beginning/",Yes,No page-state correction required,No specific Phase 5 queue item,No,Existing noindex generated story remains accessible and excluded from the sitemap.
https://echobuddha.com/quotes/renewal/evening-release-reflection/,PAGE_STATE,IMPROVE,IMPROVE,QUOTE_REFLECTION,QUOTE_REFLECTION,KEEP_INDEXED,KEEP_INDEXED,NOT_SELECTED,NOT_SELECTED_FOR_PHASE4_PRIORITY_QUEUE,indexable; in sitemap; https://echobuddha.com/quotes/renewal/evening-release-reflection/,Yes,No page-state correction required,Yes — template-feel review only; protect substance/owner/index state,No,Built 2026-08-11T02:17:46.273Z; 638 words; 17 content headings; individually authored story; nearest /quotes/renewal/one-calm-morning-intention/ combined overlap 67.6%; external source links 0 | Phase 1: Built 2026-08-11T02:17:46.273Z; 638 words; 17 content headings; individually authored story; nearest /quotes/renewal/one-calm-morning-intention/ combined overlap 67.6%; external source links 0; role review: QUOTE_REFLECTION; owner selection: The hub owns discovery of clearly labeled original Echo Buddha quote reflections. | Individually authored reflection retains a distinct narrative and remains in the curated indexed subset.
https://echobuddha.com/quotes/renewal/gentle-hope-keeps-walking/,PAGE_STATE,IMPROVE,IMPROVE,QUOTE_REFLECTION,QUOTE_REFLECTION,KEEP_INDEXED,KEEP_INDEXED,NOT_SELECTED,NOT_SELECTED_FOR_PHASE4_PRIORITY_QUEUE,indexable; in sitemap; https://echobuddha.com/quotes/renewal/gentle-hope-keeps-walking/,Yes,No page-state correction required,Yes — template-feel review only; protect substance/owner/index state,No,Built 2026-08-11T02:17:46.273Z; 619 words; 17 content headings; individually authored story; nearest /quotes/renewal/one-calm-morning-intention/ combined overlap 67.2%; external source links 0 | Phase 1: Built 2026-08-11T02:17:46.273Z; 619 words; 17 content headings; individually authored story; nearest /quotes/renewal/one-calm-morning-intention/ combined overlap 67.2%; external source links 0; role review: QUOTE_REFLECTION; owner selection: The hub owns discovery of clearly labeled original Echo Buddha quote reflections. | Individually authored reflection retains a distinct narrative and remains in the curated indexed subset.
https://echobuddha.com/quotes/renewal/hope-can-be-quiet-and-still-keep-walking/,PAGE_STATE,NOT_APPLICABLE,NOT_IN_PHASE1_INDEXABLE_POPULATION,NOT_APPLICABLE,PREEXISTING_NOINDEX_OR_ERROR_ROLE,KEEP_NOINDEXED,KEEP_NOINDEXED,NOT_SELECTED,NOT_SELECTED_FOR_PHASE4_PRIORITY_QUEUE,"noindex, follow; out of sitemap; https://echobuddha.com/quotes/renewal/hope-can-be-quiet-and-still-keep-walking/",Yes,No page-state correction required,No specific Phase 5 queue item,No,Existing noindex generated story remains accessible and excluded from the sitemap.
https://echobuddha.com/quotes/renewal/,PAGE_STATE,SUBSTANTIAL REWRITE,SUBSTANTIAL REWRITE,CATEGORY,CATEGORY,IMPROVE_LATER_PHASE,IMPROVE_LATER_PHASE,NOT_SELECTED,NOT_SELECTED_FOR_PHASE4_PRIORITY_QUEUE,indexable; in sitemap; https://echobuddha.com/quotes/renewal/,Yes,No page-state correction required,Yes — template-feel review only; protect substance/owner/index state,No,"Built 2026-08-11T02:17:46.273Z; 400 words; 7 content headings; authored route; nearest /quotes/letting-go/ combined overlap 48.0%; external source links 0 | Phase 1: Built 2026-08-11T02:17:46.273Z; 400 words; 7 content headings; authored route; nearest /quotes/letting-go/ combined overlap 48.0%; external source links 0; role review: CATEGORY; owner selection: The hub owns discovery of clearly labeled original Echo Buddha quote reflections. | Page has a valid owned role, but its editorial differentiation belongs to Phase 4/5."
https://echobuddha.com/quotes/renewal/morning-is-not-the-only-time-a-life-can/,PAGE_STATE,NOINDEX,NOINDEX,QUOTE_REFLECTION,QUOTE_REFLECTION,NOINDEX,NOINDEX,NOT_SELECTED,NOT_SELECTED_FOR_PHASE4_PRIORITY_QUEUE,"noindex, follow; out of sitemap; https://echobuddha.com/quotes/renewal/morning-is-not-the-only-time-a-life-can/",Yes,No page-state correction required,Yes — template-feel review only; protect substance/owner/index state,No,Built 2026-08-11T02:17:46.273Z; 640 words; 17 content headings; generated story; nearest /quotes/renewal/begin-again-gently-the-breath-is-always-willing/ combined overlap 86.5%; external source links 0 | Phase 1: Built 2026-08-11T02:17:46.273Z; 640 words; 17 content headings; generated story; nearest /quotes/renewal/begin-again-gently-the-breath-is-always-willing/ combined overlap 86.5%; external source links 0; role review: QUOTE_REFLECTION; owner selection: The hub owns discovery of clearly labeled original Echo Buddha quote reflections. | Mechanically generated story has high structural overlap and limited independent search value; route and internal discovery remain available.
https://echobuddha.com/quotes/renewal/one-calm-morning-intention/,PAGE_STATE,IMPROVE,IMPROVE,QUOTE_REFLECTION,QUOTE_REFLECTION,KEEP_INDEXED,KEEP_INDEXED,NOT_SELECTED,NOT_SELECTED_FOR_PHASE4_PRIORITY_QUEUE,indexable; in sitemap; https://echobuddha.com/quotes/renewal/one-calm-morning-intention/,Yes,No page-state correction required,Yes — template-feel review only; protect substance/owner/index state,No,Built 2026-08-11T02:17:46.273Z; 645 words; 17 content headings; individually authored story; nearest /quotes/renewal/evening-release-reflection/ combined overlap 67.6%; external source links 0 | Phase 1: Built 2026-08-11T02:17:46.273Z; 645 words; 17 content headings; individually authored story; nearest /quotes/renewal/evening-release-reflection/ combined overlap 67.6%; external source links 0; role review: QUOTE_REFLECTION; owner selection: The hub owns discovery of clearly labeled original Echo Buddha quote reflections. | Individually authored reflection retains a distinct narrative and remains in the curated indexed subset.
https://echobuddha.com/quotes/renewal/repair-what-you-can-forgive-what-you-cannot-redo/,PAGE_STATE,NOT_APPLICABLE,NOT_IN_PHASE1_INDEXABLE_POPULATION,NOT_APPLICABLE,PREEXISTING_NOINDEX_OR_ERROR_ROLE,KEEP_NOINDEXED,KEEP_NOINDEXED,NOT_SELECTED,NOT_SELECTED_FOR_PHASE4_PRIORITY_QUEUE,"noindex, follow; out of sitemap; https://echobuddha.com/quotes/renewal/repair-what-you-can-forgive-what-you-cannot-redo/",Yes,No page-state correction required,No specific Phase 5 queue item,No,Existing noindex generated story remains accessible and excluded from the sitemap.
https://echobuddha.com/quotes/renewal/the-path-welcomes-your-return-more-often-than-pride/,PAGE_STATE,NOINDEX,NOINDEX,QUOTE_REFLECTION,QUOTE_REFLECTION,NOINDEX,NOINDEX,NOT_SELECTED,NOT_SELECTED_FOR_PHASE4_PRIORITY_QUEUE,"noindex, follow; out of sitemap; https://echobuddha.com/quotes/renewal/the-path-welcomes-your-return-more-often-than-pride/",Yes,No page-state correction required,Yes — template-feel review only; protect substance/owner/index state,No,Built 2026-08-11T02:17:46.273Z; 638 words; 17 content headings; generated story; nearest /quotes/renewal/begin-again-gently-the-breath-is-always-willing/ combined overlap 88.2%; external source links 0 | Phase 1: Built 2026-08-11T02:17:46.273Z; 638 words; 17 content headings; generated story; nearest /quotes/renewal/begin-again-gently-the-breath-is-always-willing/ combined overlap 88.2%; external source links 0; role review: QUOTE_REFLECTION; owner selection: The hub owns discovery of clearly labeled original Echo Buddha quote reflections. | Mechanically generated story has high structural overlap and limited independent search value; route and internal discovery remain available.
https://echobuddha.com/quotes/renewal/you-are-allowed-to-learn-slowly-and-still-be/,PAGE_STATE,NOINDEX,NOINDEX,QUOTE_REFLECTION,QUOTE_REFLECTION,NOINDEX,NOINDEX,NOT_SELECTED,NOT_SELECTED_FOR_PHASE4_PRIORITY_QUEUE,"noindex, follow; out of sitemap; https://echobuddha.com/quotes/renewal/you-are-allowed-to-learn-slowly-and-still-be/",Yes,No page-state correction required,Yes — template-feel review only; protect substance/owner/index state,No,Built 2026-08-11T02:17:46.273Z; 630 words; 17 content headings; generated story; nearest /quotes/renewal/begin-again-without-turning-yesterday-into-a-sentence/ combined overlap 83.9%; external source links 0 | Phase 1: Built 2026-08-11T02:17:46.273Z; 630 words; 17 content headings; generated story; nearest /quotes/renewal/begin-again-without-turning-yesterday-into-a-sentence/ combined overlap 83.9%; external source links 0; role review: QUOTE_REFLECTION; owner selection: The hub owns discovery of clearly labeled original Echo Buddha quote reflections. | Mechanically generated story has high structural overlap and limited independent search value; route and internal discovery remain available.
https://echobuddha.com/quotes/wisdom/a-clear-mind-can-hold-two-truths-without-rushing/,PAGE_STATE,NOINDEX,NOINDEX,QUOTE_REFLECTION,QUOTE_REFLECTION,NOINDEX,NOINDEX,NOT_SELECTED,NOT_SELECTED_FOR_PHASE4_PRIORITY_QUEUE,"noindex, follow; out of sitemap; https://echobuddha.com/quotes/wisdom/a-clear-mind-can-hold-two-truths-without-rushing/",Yes,No page-state correction required,Yes — template-feel review only; protect substance/owner/index state,No,Built 2026-08-11T02:17:46.273Z; 680 words; 17 content headings; generated story; nearest /quotes/wisdom/knowing-when-not-to-speak-is-also-a-form/ combined overlap 85.4%; external source links 0 | Phase 1: Built 2026-08-11T02:17:46.273Z; 680 words; 17 content headings; generated story; nearest /quotes/wisdom/knowing-when-not-to-speak-is-also-a-form/ combined overlap 85.4%; external source links 0; role review: QUOTE_REFLECTION; owner selection: The hub owns discovery of clearly labeled original Echo Buddha quote reflections. | Mechanically generated story has high structural overlap and limited independent search value; route and internal discovery remain available.
https://echobuddha.com/quotes/wisdom/a-useful-truth-is-carried-with-humility-not-used/,PAGE_STATE,NOT_APPLICABLE,NOT_IN_PHASE1_INDEXABLE_POPULATION,NOT_APPLICABLE,PREEXISTING_NOINDEX_OR_ERROR_ROLE,KEEP_NOINDEXED,KEEP_NOINDEXED,NOT_SELECTED,NOT_SELECTED_FOR_PHASE4_PRIORITY_QUEUE,"noindex, follow; out of sitemap; https://echobuddha.com/quotes/wisdom/a-useful-truth-is-carried-with-humility-not-used/",Yes,No page-state correction required,No specific Phase 5 queue item,No,Existing noindex generated story remains accessible and excluded from the sitemap.
https://echobuddha.com/quotes/wisdom/contentment-with-what-is-here/,PAGE_STATE,IMPROVE,IMPROVE,QUOTE_REFLECTION,QUOTE_REFLECTION,KEEP_INDEXED,KEEP_INDEXED,NOT_SELECTED,NOT_SELECTED_FOR_PHASE4_PRIORITY_QUEUE,indexable; in sitemap; https://echobuddha.com/quotes/wisdom/contentment-with-what-is-here/,Yes,No page-state correction required,Yes — template-feel review only; protect substance/owner/index state,No,Built 2026-08-11T02:17:46.273Z; 629 words; 17 content headings; individually authored story; nearest /quotes/wisdom/understanding-suffering-honestly/ combined overlap 66.5%; external source links 0 | Phase 1: Built 2026-08-11T02:17:46.273Z; 629 words; 17 content headings; individually authored story; nearest /quotes/wisdom/understanding-suffering-honestly/ combined overlap 66.5%; external source links 0; role review: QUOTE_REFLECTION; owner selection: The hub owns discovery of clearly labeled original Echo Buddha quote reflections. | Individually authored reflection retains a distinct narrative and remains in the curated indexed subset.
https://echobuddha.com/quotes/wisdom/difficult-people-and-boundaries/,PAGE_STATE,IMPROVE,IMPROVE,QUOTE_REFLECTION,QUOTE_REFLECTION,KEEP_INDEXED,KEEP_INDEXED,NOT_SELECTED,NOT_SELECTED_FOR_PHASE4_PRIORITY_QUEUE,indexable; in sitemap; https://echobuddha.com/quotes/wisdom/difficult-people-and-boundaries/,Yes,No page-state correction required,Yes — template-feel review only; protect substance/owner/index state,No,Built 2026-08-11T02:17:46.273Z; 615 words; 17 content headings; individually authored story; nearest /quotes/wisdom/wisdom-sees-clearly/ combined overlap 67.6%; external source links 0 | Phase 1: Built 2026-08-11T02:17:46.273Z; 615 words; 17 content headings; individually authored story; nearest /quotes/wisdom/wisdom-sees-clearly/ combined overlap 67.6%; external source links 0; role review: QUOTE_REFLECTION; owner selection: The hub owns discovery of clearly labeled original Echo Buddha quote reflections. | Individually authored reflection retains a distinct narrative and remains in the curated indexed subset.
https://echobuddha.com/quotes/wisdom/,PAGE_STATE,IMPROVE,IMPROVE,CATEGORY,CATEGORY,IMPROVE_LATER_PHASE,IMPROVE_LATER_PHASE,NOT_SELECTED,NOT_SELECTED_FOR_PHASE4_PRIORITY_QUEUE,indexable; in sitemap; https://echobuddha.com/quotes/wisdom/,Yes,No page-state correction required,Yes — template-feel review only; protect substance/owner/index state,No,"Built 2026-08-11T02:17:46.273Z; 469 words; 7 content headings; authored route; nearest /quotes/impermanence/ combined overlap 46.8%; external source links 0 | Phase 1: Built 2026-08-11T02:17:46.273Z; 469 words; 7 content headings; authored route; nearest /quotes/impermanence/ combined overlap 46.8%; external source links 0; role review: CATEGORY; owner selection: The hub owns discovery of clearly labeled original Echo Buddha quote reflections. | Page has a valid owned role, but its editorial differentiation belongs to Phase 4/5."
https://echobuddha.com/quotes/wisdom/karma-begins-in-intention/,PAGE_STATE,IMPROVE,IMPROVE,QUOTE_REFLECTION,QUOTE_REFLECTION,KEEP_INDEXED,KEEP_INDEXED,NOT_SELECTED,NOT_SELECTED_FOR_PHASE4_PRIORITY_QUEUE,indexable; in sitemap; https://echobuddha.com/quotes/wisdom/karma-begins-in-intention/,Yes,No page-state correction required,Yes — template-feel review only; protect substance/owner/index state,No,Built 2026-08-11T02:17:46.273Z; 612 words; 17 content headings; individually authored story; nearest /quotes/wisdom/wise-silence/ combined overlap 67.7%; external source links 0 | Phase 1: Built 2026-08-11T02:17:46.273Z; 612 words; 17 content headings; individually authored story; nearest /quotes/wisdom/wise-silence/ combined overlap 67.7%; external source links 0; role review: QUOTE_REFLECTION; owner selection: The hub owns discovery of clearly labeled original Echo Buddha quote reflections. | Individually authored reflection retains a distinct narrative and remains in the curated indexed subset.
https://echobuddha.com/quotes/wisdom/knowing-when-not-to-speak-is-also-a-form/,PAGE_STATE,NOINDEX,NOINDEX,QUOTE_REFLECTION,QUOTE_REFLECTION,NOINDEX,NOINDEX,NOT_SELECTED,NOT_SELECTED_FOR_PHASE4_PRIORITY_QUEUE,"noindex, follow; out of sitemap; https://echobuddha.com/quotes/wisdom/knowing-when-not-to-speak-is-also-a-form/",Yes,No page-state correction required,Yes — template-feel review only; protect substance/owner/index state,No,Built 2026-08-11T02:17:46.273Z; 644 words; 17 content headings; generated story; nearest /quotes/wisdom/a-clear-mind-can-hold-two-truths-without-rushing/ combined overlap 85.4%; external source links 0 | Phase 1: Built 2026-08-11T02:17:46.273Z; 644 words; 17 content headings; generated story; nearest /quotes/wisdom/a-clear-mind-can-hold-two-truths-without-rushing/ combined overlap 85.4%; external source links 0; role review: QUOTE_REFLECTION; owner selection: The hub owns discovery of clearly labeled original Echo Buddha quote reflections. | Mechanically generated story has high structural overlap and limited independent search value; route and internal discovery remain available.
https://echobuddha.com/quotes/wisdom/learn-from-discomfort-without-turning-suffering-into-an-identity/,PAGE_STATE,NOT_APPLICABLE,NOT_IN_PHASE1_INDEXABLE_POPULATION,NOT_APPLICABLE,PREEXISTING_NOINDEX_OR_ERROR_ROLE,KEEP_NOINDEXED,KEEP_NOINDEXED,NOT_SELECTED,NOT_SELECTED_FOR_PHASE4_PRIORITY_QUEUE,"noindex, follow; out of sitemap; https://echobuddha.com/quotes/wisdom/learn-from-discomfort-without-turning-suffering-into-an-identity/",Yes,No page-state correction required,No specific Phase 5 queue item,No,Existing noindex generated story remains accessible and excluded from the sitemap.
https://echobuddha.com/quotes/wisdom/right-speech-with-kindness/,PAGE_STATE,IMPROVE,IMPROVE,QUOTE_REFLECTION,QUOTE_REFLECTION,KEEP_INDEXED,KEEP_INDEXED,NOT_SELECTED,NOT_SELECTED_FOR_PHASE4_PRIORITY_QUEUE,indexable; in sitemap; https://echobuddha.com/quotes/wisdom/right-speech-with-kindness/,Yes,No page-state correction required,Yes — template-feel review only; protect substance/owner/index state,No,Built 2026-08-11T02:17:46.273Z; 659 words; 17 content headings; individually authored story; nearest /quotes/wisdom/karma-begins-in-intention/ combined overlap 67.6%; external source links 0 | Phase 1: Built 2026-08-11T02:17:46.273Z; 659 words; 17 content headings; individually authored story; nearest /quotes/wisdom/karma-begins-in-intention/ combined overlap 67.6%; external source links 0; role review: QUOTE_REFLECTION; owner selection: The hub owns discovery of clearly labeled original Echo Buddha quote reflections. | Individually authored reflection retains a distinct narrative and remains in the curated indexed subset.
https://echobuddha.com/quotes/wisdom/see-the-conditions-behind-an-action-and-blame-may/,PAGE_STATE,NOT_APPLICABLE,NOT_IN_PHASE1_INDEXABLE_POPULATION,NOT_APPLICABLE,PREEXISTING_NOINDEX_OR_ERROR_ROLE,KEEP_NOINDEXED,KEEP_NOINDEXED,NOT_SELECTED,NOT_SELECTED_FOR_PHASE4_PRIORITY_QUEUE,"noindex, follow; out of sitemap; https://echobuddha.com/quotes/wisdom/see-the-conditions-behind-an-action-and-blame-may/",Yes,No page-state correction required,No specific Phase 5 queue item,No,Existing noindex generated story remains accessible and excluded from the sitemap.
https://echobuddha.com/quotes/wisdom/simplicity-clears-the-room/,PAGE_STATE,IMPROVE,IMPROVE,QUOTE_REFLECTION,QUOTE_REFLECTION,KEEP_INDEXED,KEEP_INDEXED,NOT_SELECTED,NOT_SELECTED_FOR_PHASE4_PRIORITY_QUEUE,indexable; in sitemap; https://echobuddha.com/quotes/wisdom/simplicity-clears-the-room/,Yes,No page-state correction required,Yes — template-feel review only; protect substance/owner/index state,No,Built 2026-08-11T02:17:46.273Z; 650 words; 17 content headings; individually authored story; nearest /quotes/wisdom/wise-silence/ combined overlap 66.7%; external source links 0 | Phase 1: Built 2026-08-11T02:17:46.273Z; 650 words; 17 content headings; individually authored story; nearest /quotes/wisdom/wise-silence/ combined overlap 66.7%; external source links 0; role review: QUOTE_REFLECTION; owner selection: The hub owns discovery of clearly labeled original Echo Buddha quote reflections. | Individually authored reflection retains a distinct narrative and remains in the curated indexed subset.
https://echobuddha.com/quotes/wisdom/the-lesson-repeats-until-attention-replaces-habit/,PAGE_STATE,NOINDEX,NOINDEX,QUOTE_REFLECTION,QUOTE_REFLECTION,NOINDEX,NOINDEX,NOT_SELECTED,NOT_SELECTED_FOR_PHASE4_PRIORITY_QUEUE,"noindex, follow; out of sitemap; https://echobuddha.com/quotes/wisdom/the-lesson-repeats-until-attention-replaces-habit/",Yes,No page-state correction required,Yes — template-feel review only; protect substance/owner/index state,No,Built 2026-08-11T02:17:46.273Z; 650 words; 17 content headings; generated story; nearest /quotes/wisdom/wisdom-is-the-art-of-meeting-life-without-adding/ combined overlap 85.2%; external source links 0 | Phase 1: Built 2026-08-11T02:17:46.273Z; 650 words; 17 content headings; generated story; nearest /quotes/wisdom/wisdom-is-the-art-of-meeting-life-without-adding/ combined overlap 85.2%; external source links 0; role review: QUOTE_REFLECTION; owner selection: The hub owns discovery of clearly labeled original Echo Buddha quote reflections. | Mechanically generated story has high structural overlap and limited independent search value; route and internal discovery remain available.
https://echobuddha.com/quotes/wisdom/the-wise-heart-changes-course-when-clearer-seeing-arrives/,PAGE_STATE,NOT_APPLICABLE,NOT_IN_PHASE1_INDEXABLE_POPULATION,NOT_APPLICABLE,PREEXISTING_NOINDEX_OR_ERROR_ROLE,KEEP_NOINDEXED,KEEP_NOINDEXED,NOT_SELECTED,NOT_SELECTED_FOR_PHASE4_PRIORITY_QUEUE,"noindex, follow; out of sitemap; https://echobuddha.com/quotes/wisdom/the-wise-heart-changes-course-when-clearer-seeing-arrives/",Yes,No page-state correction required,No specific Phase 5 queue item,No,Existing noindex generated story remains accessible and excluded from the sitemap.
https://echobuddha.com/quotes/wisdom/understanding-suffering-honestly/,PAGE_STATE,IMPROVE,IMPROVE,QUOTE_REFLECTION,QUOTE_REFLECTION,KEEP_INDEXED,KEEP_INDEXED,NOT_SELECTED,NOT_SELECTED_FOR_PHASE4_PRIORITY_QUEUE,indexable; in sitemap; https://echobuddha.com/quotes/wisdom/understanding-suffering-honestly/,Yes,No page-state correction required,Yes — template-feel review only; protect substance/owner/index state,No,Built 2026-08-11T02:17:46.273Z; 626 words; 17 content headings; individually authored story; nearest /quotes/wisdom/wisdom-sees-clearly/ combined overlap 67.5%; external source links 0 | Phase 1: Built 2026-08-11T02:17:46.273Z; 626 words; 17 content headings; individually authored story; nearest /quotes/wisdom/wisdom-sees-clearly/ combined overlap 67.5%; external source links 0; role review: QUOTE_REFLECTION; owner selection: The hub owns discovery of clearly labeled original Echo Buddha quote reflections. | Individually authored reflection retains a distinct narrative and remains in the curated indexed subset.
https://echobuddha.com/quotes/wisdom/what-feels-urgent-is-not-always-what-matters-most/,PAGE_STATE,NOINDEX,NOINDEX,QUOTE_REFLECTION,QUOTE_REFLECTION,NOINDEX,NOINDEX,NOT_SELECTED,NOT_SELECTED_FOR_PHASE4_PRIORITY_QUEUE,"noindex, follow; out of sitemap; https://echobuddha.com/quotes/wisdom/what-feels-urgent-is-not-always-what-matters-most/",Yes,No page-state correction required,Yes — template-feel review only; protect substance/owner/index state,No,Built 2026-08-11T02:17:46.273Z; 651 words; 17 content headings; generated story; nearest /quotes/wisdom/wisdom-is-the-art-of-meeting-life-without-adding/ combined overlap 85.3%; external source links 0 | Phase 1: Built 2026-08-11T02:17:46.273Z; 651 words; 17 content headings; generated story; nearest /quotes/wisdom/wisdom-is-the-art-of-meeting-life-without-adding/ combined overlap 85.3%; external source links 0; role review: QUOTE_REFLECTION; owner selection: The hub owns discovery of clearly labeled original Echo Buddha quote reflections. | Mechanically generated story has high structural overlap and limited independent search value; route and internal discovery remain available.
https://echobuddha.com/quotes/wisdom/wisdom-is-less-interested-in-winning-than-in-ending/,PAGE_STATE,NOT_APPLICABLE,NOT_IN_PHASE1_INDEXABLE_POPULATION,NOT_APPLICABLE,PREEXISTING_NOINDEX_OR_ERROR_ROLE,KEEP_NOINDEXED,KEEP_NOINDEXED,NOT_SELECTED,NOT_SELECTED_FOR_PHASE4_PRIORITY_QUEUE,"noindex, follow; out of sitemap; https://echobuddha.com/quotes/wisdom/wisdom-is-less-interested-in-winning-than-in-ending/",Yes,No page-state correction required,No specific Phase 5 queue item,No,Existing noindex generated story remains accessible and excluded from the sitemap.
https://echobuddha.com/quotes/wisdom/wisdom-is-the-art-of-meeting-life-without-adding/,PAGE_STATE,NOINDEX,NOINDEX,QUOTE_REFLECTION,QUOTE_REFLECTION,NOINDEX,NOINDEX,NOT_SELECTED,NOT_SELECTED_FOR_PHASE4_PRIORITY_QUEUE,"noindex, follow; out of sitemap; https://echobuddha.com/quotes/wisdom/wisdom-is-the-art-of-meeting-life-without-adding/",Yes,No page-state correction required,Yes — template-feel review only; protect substance/owner/index state,No,Built 2026-08-11T02:17:46.273Z; 651 words; 17 content headings; generated story; nearest /quotes/wisdom/what-feels-urgent-is-not-always-what-matters-most/ combined overlap 85.3%; external source links 0 | Phase 1: Built 2026-08-11T02:17:46.273Z; 651 words; 17 content headings; generated story; nearest /quotes/wisdom/what-feels-urgent-is-not-always-what-matters-most/ combined overlap 85.3%; external source links 0; role review: QUOTE_REFLECTION; owner selection: The hub owns discovery of clearly labeled original Echo Buddha quote reflections. | Mechanically generated story has high structural overlap and limited independent search value; route and internal discovery remain available.
https://echobuddha.com/quotes/wisdom/wisdom-sees-clearly/,PAGE_STATE,IMPROVE,IMPROVE,QUOTE_REFLECTION,QUOTE_REFLECTION,KEEP_INDEXED,KEEP_INDEXED,NOT_SELECTED,NOT_SELECTED_FOR_PHASE4_PRIORITY_QUEUE,indexable; in sitemap; https://echobuddha.com/quotes/wisdom/wisdom-sees-clearly/,Yes,No page-state correction required,Yes — template-feel review only; protect substance/owner/index state,No,Built 2026-08-11T02:17:46.273Z; 621 words; 17 content headings; individually authored story; nearest /quotes/wisdom/wise-silence/ combined overlap 67.8%; external source links 0 | Phase 1: Built 2026-08-11T02:17:46.273Z; 621 words; 17 content headings; individually authored story; nearest /quotes/wisdom/wise-silence/ combined overlap 67.8%; external source links 0; role review: QUOTE_REFLECTION; owner selection: The hub owns discovery of clearly labeled original Echo Buddha quote reflections. | Individually authored reflection retains a distinct narrative and remains in the curated indexed subset.
https://echobuddha.com/quotes/wisdom/wisdom-sees-the-whole-fire-not-only-the-spark/,PAGE_STATE,NOINDEX,NOINDEX,QUOTE_REFLECTION,QUOTE_REFLECTION,NOINDEX,NOINDEX,NOT_SELECTED,NOT_SELECTED_FOR_PHASE4_PRIORITY_QUEUE,"noindex, follow; out of sitemap; https://echobuddha.com/quotes/wisdom/wisdom-sees-the-whole-fire-not-only-the-spark/",Yes,No page-state correction required,Yes — template-feel review only; protect substance/owner/index state,No,Built 2026-08-11T02:17:46.273Z; 669 words; 17 content headings; generated story; nearest /quotes/wisdom/wisdom-is-the-art-of-meeting-life-without-adding/ combined overlap 84.5%; external source links 0 | Phase 1: Built 2026-08-11T02:17:46.273Z; 669 words; 17 content headings; generated story; nearest /quotes/wisdom/wisdom-is-the-art-of-meeting-life-without-adding/ combined overlap 84.5%; external source links 0; role review: QUOTE_REFLECTION; owner selection: The hub owns discovery of clearly labeled original Echo Buddha quote reflections. | Mechanically generated story has high structural overlap and limited independent search value; route and internal discovery remain available.
https://echobuddha.com/quotes/wisdom/wise-silence/,PAGE_STATE,IMPROVE,IMPROVE,QUOTE_REFLECTION,QUOTE_REFLECTION,KEEP_INDEXED,KEEP_INDEXED,NOT_SELECTED,NOT_SELECTED_FOR_PHASE4_PRIORITY_QUEUE,indexable; in sitemap; https://echobuddha.com/quotes/wisdom/wise-silence/,Yes,No page-state correction required,Yes — template-feel review only; protect substance/owner/index state,No,Built 2026-08-11T02:17:46.273Z; 640 words; 17 content headings; individually authored story; nearest /quotes/wisdom/wisdom-sees-clearly/ combined overlap 67.8%; external source links 0 | Phase 1: Built 2026-08-11T02:17:46.273Z; 640 words; 17 content headings; individually authored story; nearest /quotes/wisdom/wisdom-sees-clearly/ combined overlap 67.8%; external source links 0; role review: QUOTE_REFLECTION; owner selection: The hub owns discovery of clearly labeled original Echo Buddha quote reflections. | Individually authored reflection retains a distinct narrative and remains in the curated indexed subset.
https://echobuddha.com/search/,PAGE_STATE,NOT_APPLICABLE,NOT_IN_PHASE1_INDEXABLE_POPULATION,NOT_APPLICABLE,PREEXISTING_NOINDEX_OR_ERROR_ROLE,KEEP_NOINDEXED,KEEP_NOINDEXED,NOT_SELECTED,NOT_SELECTED_FOR_PHASE4_PRIORITY_QUEUE,"noindex, follow; out of sitemap; https://echobuddha.com/search/",Yes,No page-state correction required,No specific Phase 5 queue item,No,Utility/error route has no independent search-result purpose.
https://echobuddha.com/start-here/,PAGE_STATE,IMPROVE,IMPROVE,HUB,HUB,KEEP_INDEXED,KEEP_INDEXED,NOT_SELECTED,NOT_SELECTED_FOR_PHASE4_PRIORITY_QUEUE,indexable; in sitemap; https://echobuddha.com/start-here/,Yes,No page-state correction required,No specific Phase 5 queue item,No,Built 2026-08-11T02:17:46.273Z; 495 words; 18 content headings; authored route; nearest /learn/ combined overlap 22.8%; external source links 0 | Phase 1: Built 2026-08-11T02:17:46.273Z; 495 words; 18 content headings; authored route; nearest /learn/ combined overlap 22.8%; external source links 0; role review: HUB; owner selection: Start Here helps a new visitor choose a route; it does not own the broad definition of Buddhism. | Distinct route purpose remains valid under the Phase 2 ownership architecture; no indexability change justified.
https://echobuddha.com/terms-of-use/,PAGE_STATE,IMPROVE,IMPROVE,TRUST_POLICY,TRUST_POLICY,IMPROVE_LATER_PHASE,IMPROVE_LATER_PHASE,NOT_SELECTED,NOT_SELECTED_FOR_PHASE4_PRIORITY_QUEUE,indexable; in sitemap; https://echobuddha.com/terms-of-use/,Yes,No page-state correction required,No specific Phase 5 queue item,No,"Built 2026-08-11T02:17:46.273Z; 104 words; 5 content headings; authored route; nearest /disclaimer/ combined overlap 9.5%; external source links 0 | Phase 1: Built 2026-08-11T02:17:46.273Z; 104 words; 5 content headings; authored route; nearest /disclaimer/ combined overlap 9.5%; external source links 0; role review: TRUST_POLICY; owner selection: About anchors publisher identity while each policy page retains a protected, non-SEO trust function. | Page has a valid owned role, but its editorial differentiation belongs to Phase 4/5."
https://echobuddha.com/tools/,PAGE_STATE,IMPROVE,IMPROVE,UTILITY,UTILITY,KEEP_INDEXED,KEEP_INDEXED,NOT_SELECTED,NOT_SELECTED_FOR_PHASE4_PRIORITY_QUEUE,indexable; in sitemap; https://echobuddha.com/tools/,Yes,No page-state correction required,No specific Phase 5 queue item,No,Built 2026-08-11T02:17:46.273Z; 450 words; 10 content headings; authored route; nearest /start-here/ combined overlap 15.8%; external source links 0 | Phase 1: Built 2026-08-11T02:17:46.273Z; 450 words; 10 content headings; authored route; nearest /start-here/ combined overlap 15.8%; external source links 0; role review: UTILITY; owner selection: The tools hub owns functional practice utilities and does not own Buddhist teaching queries. | Distinct route purpose remains valid under the Phase 2 ownership architecture; no indexability change justified.
