URL,old_protection_tier,new_protection_tier,tier_change,reason,old_momentum,new_momentum,old_query_ownership,new_query_ownership,google_index_verdict,google_coverage_state,google_canonical,evidence_date
https://echobuddha.com/404.html,SEO_UNKNOWN,SEO_UNKNOWN,UNCHANGED,NEUTRAL/URL is unknown to Google,INSUFFICIENT_DATA,INSUFFICIENT_VISIBLE_DATA,NO_SEARCH_DATA: query×page join absent,NO_VISIBLE_QUERY_DATA,NEUTRAL,URL is unknown to Google,NOT_REPORTED_BY_URL_INSPECTION,2026-08-21
https://echobuddha.com/about/,SEO_P1_HIGH,SEO_P1_HIGH,UNCHANGED,20 recovery impressions; 1 visible primary query owner rows; PASS/Submitted and indexed,STABLE,STABLE,NO_SEARCH_DATA: query×page join absent,VISIBLE_PRIMARY_OWNER:1,PASS,Submitted and indexed,https://echobuddha.com/about/,2026-08-21
https://echobuddha.com/articles/beginning-a-daily-mindfulness-practice/,SEO_P3_LIMITED,SEO_P3_LIMITED,UNCHANGED,PASS/Submitted and indexed,INSUFFICIENT_DATA,INSUFFICIENT_VISIBLE_DATA,NO_SEARCH_DATA: query×page join absent,NO_VISIBLE_QUERY_DATA,PASS,Submitted and indexed,https://echobuddha.com/articles/beginning-a-daily-mindfulness-practice/,2026-08-21
https://echobuddha.com/articles/buddhism-for-beginners-simple-guide/,SEO_P3_LIMITED,SEO_P3_LIMITED,UNCHANGED,4 recovery impressions; PASS/Submitted and indexed,INSUFFICIENT_DATA,INSUFFICIENT_VISIBLE_DATA,NO_SEARCH_DATA: query×page join absent,VISIBLE_SUPPORT:1,PASS,Submitted and indexed,https://echobuddha.com/articles/buddhism-for-beginners-simple-guide/,2026-08-21
https://echobuddha.com/articles/buddhist-approach-to-anger/,SEO_P2_EMERGING,SEO_P2_EMERGING,UNCHANGED,6 recovery impressions; PASS/Submitted and indexed,INSUFFICIENT_DATA,INSUFFICIENT_VISIBLE_DATA,NO_SEARCH_DATA: query×page join absent,NO_VISIBLE_QUERY_DATA,PASS,Submitted and indexed,https://echobuddha.com/articles/buddhist-approach-to-anger/,2026-08-21
https://echobuddha.com/articles/buddhist-gratitude-practice/,SEO_P3_LIMITED,SEO_P3_LIMITED,UNCHANGED,2 recovery impressions; PASS/Submitted and indexed,INSUFFICIENT_DATA,INSUFFICIENT_VISIBLE_DATA,NO_SEARCH_DATA: query×page join absent,NO_VISIBLE_QUERY_DATA,PASS,Submitted and indexed,https://echobuddha.com/articles/buddhist-gratitude-practice/,2026-08-21
https://echobuddha.com/articles/buddhist-teachings-on-forgiveness/,SEO_P3_LIMITED,SEO_P3_LIMITED,UNCHANGED,1 recovery impressions; PASS/Submitted and indexed,INSUFFICIENT_DATA,INSUFFICIENT_VISIBLE_DATA,NO_SEARCH_DATA: query×page join absent,NO_VISIBLE_QUERY_DATA,PASS,Submitted and indexed,https://echobuddha.com/articles/buddhist-teachings-on-forgiveness/,2026-08-21
https://echobuddha.com/articles/buddhist-teachings-on-impermanence/,SEO_P3_LIMITED,SEO_P3_LIMITED,UNCHANGED,3 recovery impressions; PASS/Submitted and indexed,INSUFFICIENT_DATA,INSUFFICIENT_VISIBLE_DATA,NO_SEARCH_DATA: query×page join absent,NO_VISIBLE_QUERY_DATA,PASS,Submitted and indexed,https://echobuddha.com/articles/buddhist-teachings-on-impermanence/,2026-08-21
https://echobuddha.com/articles/buddhist-wisdom-for-overthinking/,SEO_P1_HIGH,SEO_P1_HIGH,UNCHANGED,17 recovery impressions; 1 visible primary query owner rows; PASS/Submitted and indexed,DECLINING,DECLINING,NO_SEARCH_DATA: query×page join absent,VISIBLE_PRIMARY_OWNER:1,PASS,Submitted and indexed,https://echobuddha.com/articles/buddhist-wisdom-for-overthinking/,2026-08-21
https://echobuddha.com/articles/category/buddhist-wisdom/,SEO_P2_EMERGING,SEO_P2_EMERGING,UNCHANGED,7 recovery impressions; 1 visible primary query owner rows; PASS/Submitted and indexed,INSUFFICIENT_DATA,INSUFFICIENT_VISIBLE_DATA,NO_SEARCH_DATA: query×page join absent,VISIBLE_PRIMARY_OWNER:1,PASS,Submitted and indexed,https://echobuddha.com/articles/category/buddhist-wisdom/,2026-08-21
https://echobuddha.com/articles/category/meditation/,SEO_P2_EMERGING,SEO_P2_EMERGING,UNCHANGED,1 recovery impressions; PASS/Submitted and indexed,INSUFFICIENT_DATA,INSUFFICIENT_VISIBLE_DATA,NO_SEARCH_DATA: query×page join absent,NO_VISIBLE_QUERY_DATA,PASS,Submitted and indexed,https://echobuddha.com/articles/category/meditation/,2026-08-21
https://echobuddha.com/articles/category/mindfulness/,SEO_P2_EMERGING,SEO_P2_EMERGING,UNCHANGED,1 recovery impressions; PASS/Submitted and indexed,INSUFFICIENT_DATA,INSUFFICIENT_VISIBLE_DATA,NO_SEARCH_DATA: query×page join absent,NO_VISIBLE_QUERY_DATA,PASS,Submitted and indexed,https://echobuddha.com/articles/category/mindfulness/,2026-08-21
https://echobuddha.com/articles/category/practice/,SEO_P2_EMERGING,SEO_P2_EMERGING,UNCHANGED,6 recovery impressions; PASS/Submitted and indexed,INSUFFICIENT_DATA,INSUFFICIENT_VISIBLE_DATA,NO_SEARCH_DATA: query×page join absent,NO_VISIBLE_QUERY_DATA,PASS,Submitted and indexed,https://echobuddha.com/articles/category/practice/,2026-08-21
https://echobuddha.com/articles/category/reflection/,SEO_P2_EMERGING,SEO_P2_EMERGING,UNCHANGED,PASS/Submitted and indexed,INSUFFICIENT_DATA,INSUFFICIENT_VISIBLE_DATA,NO_SEARCH_DATA: query×page join absent,NO_VISIBLE_QUERY_DATA,PASS,Submitted and indexed,https://echobuddha.com/articles/category/reflection/,2026-08-21
https://echobuddha.com/articles/compassion-as-a-daily-discipline/,SEO_P3_LIMITED,SEO_P3_LIMITED,UNCHANGED,1 recovery impressions; PASS/Submitted and indexed,INSUFFICIENT_DATA,INSUFFICIENT_VISIBLE_DATA,NO_SEARCH_DATA: query×page join absent,NO_VISIBLE_QUERY_DATA,PASS,Submitted and indexed,https://echobuddha.com/articles/compassion-as-a-daily-discipline/,2026-08-21
https://echobuddha.com/articles/compassion-in-buddhism-beginner-guide/,SEO_P1_HIGH,SEO_P1_HIGH,UNCHANGED,24 recovery impressions; 11 visible primary query owner rows; PASS/Submitted and indexed; retained stronger historical protection; no one-window downgrade,GROWING,STABLE,NO_SEARCH_DATA: query×page join absent,VISIBLE_PRIMARY_OWNER:11,PASS,Submitted and indexed,https://echobuddha.com/articles/compassion-in-buddhism-beginner-guide/,2026-08-21
https://echobuddha.com/articles/compassion-with-boundaries/,SEO_P2_EMERGING,SEO_P1_HIGH,SEO_P2_EMERGING → SEO_P1_HIGH,15 recovery impressions; PASS/Submitted and indexed,INSUFFICIENT_DATA,GROWING,NO_SEARCH_DATA: query×page join absent,NO_VISIBLE_QUERY_DATA,PASS,Submitted and indexed,https://echobuddha.com/articles/compassion-with-boundaries/,2026-08-21
https://echobuddha.com/articles/creating-a-peaceful-corner-at-home/,SEO_P2_EMERGING,SEO_P2_EMERGING,UNCHANGED,PASS/Submitted and indexed,INSUFFICIENT_DATA,INSUFFICIENT_VISIBLE_DATA,NO_SEARCH_DATA: query×page join absent,NO_VISIBLE_QUERY_DATA,PASS,Submitted and indexed,https://echobuddha.com/articles/creating-a-peaceful-corner-at-home/,2026-08-21
https://echobuddha.com/articles/dhamma-vs-dharma/,SEO_P1_HIGH,SEO_P1_HIGH,UNCHANGED,1 recovery clicks; 281 recovery impressions; STRONGLY_GROWING; 20 visible primary query owner rows; PASS/Submitted and indexed,STRONGLY_GROWING,STRONGLY_GROWING,NO_SEARCH_DATA: query×page join absent,VISIBLE_PRIMARY_OWNER:20,PASS,Submitted and indexed,https://echobuddha.com/articles/dhamma-vs-dharma/,2026-08-21
https://echobuddha.com/articles/dhammapada-reflection-trained-mind/,SEO_P3_LIMITED,SEO_P3_LIMITED,UNCHANGED,1 recovery impressions; PASS/Submitted and indexed,INSUFFICIENT_DATA,INSUFFICIENT_VISIBLE_DATA,NO_SEARCH_DATA: query×page join absent,NO_VISIBLE_QUERY_DATA,PASS,Submitted and indexed,https://echobuddha.com/articles/dhammapada-reflection-trained-mind/,2026-08-21
https://echobuddha.com/articles/dhammapada-reflection-what-we-think/,SEO_P2_EMERGING,SEO_P1_HIGH,SEO_P2_EMERGING → SEO_P1_HIGH,59 recovery impressions; STRONGLY_GROWING; 8 visible primary query owner rows; PASS/Submitted and indexed,GROWING,STRONGLY_GROWING,NO_SEARCH_DATA: query×page join absent,VISIBLE_PRIMARY_OWNER:8,PASS,Submitted and indexed,https://echobuddha.com/articles/dhammapada-reflection-what-we-think/,2026-08-21
https://echobuddha.com/articles/dhammapada-verse-1-meaning/,SEO_P2_EMERGING,SEO_P1_HIGH,SEO_P2_EMERGING → SEO_P1_HIGH,56 recovery impressions; STRONGLY_GROWING; 1 visible primary query owner rows; PASS/Submitted and indexed,GROWING,STRONGLY_GROWING,NO_SEARCH_DATA: query×page join absent,VISIBLE_PRIMARY_OWNER:1,PASS,Submitted and indexed,https://echobuddha.com/articles/dhammapada-verse-1-meaning/,2026-08-21
https://echobuddha.com/articles/eightfold-path-explained/,SEO_P2_EMERGING,SEO_P2_EMERGING,UNCHANGED,11 recovery impressions; 1 visible primary query owner rows; PASS/Submitted and indexed,INSUFFICIENT_DATA,STABLE,NO_SEARCH_DATA: query×page join absent,VISIBLE_PRIMARY_OWNER:1,PASS,Submitted and indexed,https://echobuddha.com/articles/eightfold-path-explained/,2026-08-21
https://echobuddha.com/articles/eightfold-path-explained-daily-life/,SEO_P2_EMERGING,SEO_P2_EMERGING,UNCHANGED,10 recovery impressions; PASS/Submitted and indexed,INSUFFICIENT_DATA,GROWING,NO_SEARCH_DATA: query×page join absent,NO_VISIBLE_QUERY_DATA,PASS,Submitted and indexed,https://echobuddha.com/articles/eightfold-path-explained-daily-life/,2026-08-21
https://echobuddha.com/articles/equanimity-in-buddhism/,SEO_P2_EMERGING,SEO_P2_EMERGING,UNCHANGED,9 recovery impressions; 2 visible primary query owner rows; PASS/Submitted and indexed,INSUFFICIENT_DATA,INSUFFICIENT_VISIBLE_DATA,NO_SEARCH_DATA: query×page join absent,VISIBLE_PRIMARY_OWNER:2,PASS,Submitted and indexed,https://echobuddha.com/articles/equanimity-in-buddhism/,2026-08-21
https://echobuddha.com/articles/first-week-buddhist-practice/,SEO_P2_EMERGING,SEO_P2_EMERGING,UNCHANGED,1 recovery impressions; PASS/Submitted and indexed,INSUFFICIENT_DATA,INSUFFICIENT_VISIBLE_DATA,NO_SEARCH_DATA: query×page join absent,NO_VISIBLE_QUERY_DATA,PASS,Submitted and indexed,https://echobuddha.com/articles/first-week-buddhist-practice/,2026-08-21
https://echobuddha.com/articles/five-precepts-in-daily-life/,SEO_P1_HIGH,SEO_P1_HIGH,UNCHANGED,107 recovery impressions; 37 visible primary query owner rows; PASS/Submitted and indexed,STRONGLY_GROWING,STABLE,NO_SEARCH_DATA: query×page join absent,VISIBLE_PRIMARY_OWNER:37,PASS,Submitted and indexed,https://echobuddha.com/articles/five-precepts-in-daily-life/,2026-08-21
https://echobuddha.com/articles/four-noble-truths-explained/,SEO_P3_LIMITED,SEO_P3_LIMITED,UNCHANGED,2 recovery impressions; NEUTRAL/Crawled - currently not indexed,INSUFFICIENT_DATA,INSUFFICIENT_VISIBLE_DATA,NO_SEARCH_DATA: query×page join absent,NO_VISIBLE_QUERY_DATA,NEUTRAL,Crawled - currently not indexed,https://echobuddha.com/articles/four-noble-truths-explained/,2026-08-21
https://echobuddha.com/articles/four-noble-truths-explained-simply/,SEO_P2_EMERGING,SEO_P2_EMERGING,UNCHANGED,6 recovery impressions; PASS/Submitted and indexed,INSUFFICIENT_DATA,INSUFFICIENT_VISIBLE_DATA,NO_SEARCH_DATA: query×page join absent,NO_VISIBLE_QUERY_DATA,PASS,Submitted and indexed,https://echobuddha.com/articles/four-noble-truths-explained-simply/,2026-08-21
https://echobuddha.com/articles/how-to-let-go-of-attachment-in-buddhism/,SEO_P1_HIGH,SEO_P1_HIGH,UNCHANGED,13 recovery impressions; PASS/Submitted and indexed; retained stronger historical protection; no one-window downgrade,INSUFFICIENT_DATA,GROWING,NO_SEARCH_DATA: query×page join absent,NO_VISIBLE_QUERY_DATA,PASS,Submitted and indexed,https://echobuddha.com/articles/how-to-let-go-of-attachment-in-buddhism/,2026-08-21
https://echobuddha.com/articles/how-to-meditate-for-anxiety/,SEO_P2_EMERGING,SEO_P2_EMERGING,UNCHANGED,1 recovery impressions; PASS/Submitted and indexed,INSUFFICIENT_DATA,INSUFFICIENT_VISIBLE_DATA,NO_SEARCH_DATA: query×page join absent,NO_VISIBLE_QUERY_DATA,PASS,Submitted and indexed,https://echobuddha.com/articles/how-to-meditate-for-anxiety/,2026-08-21
https://echobuddha.com/articles/how-to-meditate-for-beginners/,SEO_P3_LIMITED,SEO_P3_LIMITED,UNCHANGED,2 recovery impressions; PASS/Submitted and indexed,INSUFFICIENT_DATA,INSUFFICIENT_VISIBLE_DATA,NO_SEARCH_DATA: query×page join absent,NO_VISIBLE_QUERY_DATA,PASS,Submitted and indexed,https://echobuddha.com/articles/how-to-meditate-for-beginners/,2026-08-21
https://echobuddha.com/articles/how-to-practice-non-attachment/,SEO_P2_EMERGING,SEO_P2_EMERGING,UNCHANGED,7 recovery impressions; PASS/Submitted and indexed,INSUFFICIENT_DATA,INSUFFICIENT_VISIBLE_DATA,NO_SEARCH_DATA: query×page join absent,NO_VISIBLE_QUERY_DATA,PASS,Submitted and indexed,https://echobuddha.com/articles/how-to-practice-non-attachment/,2026-08-21
https://echobuddha.com/articles/impermanence-in-buddhism/,SEO_P3_LIMITED,SEO_P2_EMERGING,SEO_P3_LIMITED → SEO_P2_EMERGING,6 recovery impressions; PASS/Submitted and indexed,INSUFFICIENT_DATA,INSUFFICIENT_VISIBLE_DATA,NO_SEARCH_DATA: query×page join absent,NO_VISIBLE_QUERY_DATA,PASS,Submitted and indexed,https://echobuddha.com/articles/impermanence-in-buddhism/,2026-08-21
https://echobuddha.com/articles/impermanence-in-buddhism-letting-go/,SEO_P2_EMERGING,SEO_P2_EMERGING,UNCHANGED,8 recovery impressions; 1 visible primary query owner rows; PASS/Submitted and indexed,INSUFFICIENT_DATA,INSUFFICIENT_VISIBLE_DATA,NO_SEARCH_DATA: query×page join absent,VISIBLE_PRIMARY_OWNER:1,PASS,Submitted and indexed,https://echobuddha.com/articles/impermanence-in-buddhism-letting-go/,2026-08-21
https://echobuddha.com/articles/,SEO_P1_HIGH,SEO_P1_HIGH,UNCHANGED,17 recovery impressions; 1 visible primary query owner rows; PASS/Submitted and indexed,STABLE,STABLE,NO_SEARCH_DATA: query×page join absent,VISIBLE_PRIMARY_OWNER:1,PASS,Submitted and indexed,https://echobuddha.com/articles/,2026-08-21
https://echobuddha.com/articles/letting-go-without-giving-up/,SEO_P3_LIMITED,SEO_P3_LIMITED,UNCHANGED,PASS/Submitted and indexed,INSUFFICIENT_DATA,INSUFFICIENT_VISIBLE_DATA,NO_SEARCH_DATA: query×page join absent,NO_VISIBLE_QUERY_DATA,PASS,Submitted and indexed,https://echobuddha.com/articles/letting-go-without-giving-up/,2026-08-21
https://echobuddha.com/articles/loving-kindness-meditation-beginners/,SEO_P3_LIMITED,SEO_P3_LIMITED,UNCHANGED,PASS/Submitted and indexed,INSUFFICIENT_DATA,INSUFFICIENT_VISIBLE_DATA,NO_SEARCH_DATA: query×page join absent,NO_VISIBLE_QUERY_DATA,PASS,Submitted and indexed,https://echobuddha.com/articles/loving-kindness-meditation-beginners/,2026-08-21
https://echobuddha.com/articles/loving-kindness-meditation-guide/,SEO_P3_LIMITED,SEO_P3_LIMITED,UNCHANGED,3 recovery impressions; PASS/Submitted and indexed,INSUFFICIENT_DATA,INSUFFICIENT_VISIBLE_DATA,NO_SEARCH_DATA: query×page join absent,NO_VISIBLE_QUERY_DATA,PASS,Submitted and indexed,https://echobuddha.com/articles/loving-kindness-meditation-guide/,2026-08-21
https://echobuddha.com/articles/metta-meditation-script/,SEO_P2_EMERGING,SEO_P2_EMERGING,UNCHANGED,6 recovery impressions; PASS/Submitted and indexed,INSUFFICIENT_DATA,INSUFFICIENT_VISIBLE_DATA,NO_SEARCH_DATA: query×page join absent,NO_VISIBLE_QUERY_DATA,PASS,Submitted and indexed,https://echobuddha.com/articles/metta-meditation-script/,2026-08-21
https://echobuddha.com/articles/mindful-email-and-texting/,SEO_P2_EMERGING,SEO_P2_EMERGING,UNCHANGED,5 recovery impressions; PASS/Submitted and indexed,INSUFFICIENT_DATA,INSUFFICIENT_VISIBLE_DATA,NO_SEARCH_DATA: query×page join absent,NO_VISIBLE_QUERY_DATA,PASS,Submitted and indexed,https://echobuddha.com/articles/mindful-email-and-texting/,2026-08-21
https://echobuddha.com/articles/mindful-listening-in-everyday-life/,SEO_P3_LIMITED,SEO_P3_LIMITED,UNCHANGED,3 recovery impressions; PASS/Submitted and indexed,INSUFFICIENT_DATA,INSUFFICIENT_VISIBLE_DATA,NO_SEARCH_DATA: query×page join absent,NO_VISIBLE_QUERY_DATA,PASS,Submitted and indexed,https://echobuddha.com/articles/mindful-listening-in-everyday-life/,2026-08-21
https://echobuddha.com/articles/mindfulness-for-better-sleep/,SEO_P2_EMERGING,SEO_P2_EMERGING,UNCHANGED,PASS/Submitted and indexed,INSUFFICIENT_DATA,INSUFFICIENT_VISIBLE_DATA,NO_SEARCH_DATA: query×page join absent,NO_VISIBLE_QUERY_DATA,PASS,Submitted and indexed,https://echobuddha.com/articles/mindfulness-for-better-sleep/,2026-08-21
https://echobuddha.com/articles/mindfulness-morning-routine/,SEO_P3_LIMITED,SEO_P3_LIMITED,UNCHANGED,PASS/Submitted and indexed,INSUFFICIENT_DATA,INSUFFICIENT_VISIBLE_DATA,NO_SEARCH_DATA: query×page join absent,NO_VISIBLE_QUERY_DATA,PASS,Submitted and indexed,https://echobuddha.com/articles/mindfulness-morning-routine/,2026-08-21
https://echobuddha.com/articles/mindfulness-of-breathing-guide/,SEO_P2_EMERGING,SEO_P2_EMERGING,UNCHANGED,PASS/Submitted and indexed,INSUFFICIENT_DATA,INSUFFICIENT_VISIBLE_DATA,NO_SEARCH_DATA: query×page join absent,NO_VISIBLE_QUERY_DATA,PASS,Submitted and indexed,https://echobuddha.com/articles/mindfulness-of-breathing-guide/,2026-08-21
https://echobuddha.com/articles/mindfulness-vs-meditation/,SEO_P3_LIMITED,SEO_P3_LIMITED,UNCHANGED,PASS/Submitted and indexed,INSUFFICIENT_DATA,INSUFFICIENT_VISIBLE_DATA,NO_SEARCH_DATA: query×page join absent,NO_VISIBLE_QUERY_DATA,PASS,Submitted and indexed,https://echobuddha.com/articles/mindfulness-vs-meditation/,2026-08-21
https://echobuddha.com/articles/noble-eightfold-path-practical-guide/,SEO_P1_HIGH,SEO_P1_HIGH,UNCHANGED,1 recovery clicks; 15 recovery impressions; GROWING; 1 visible primary query owner rows; PASS/Submitted and indexed,GROWING,GROWING,NO_SEARCH_DATA: query×page join absent,VISIBLE_PRIMARY_OWNER:1,PASS,Submitted and indexed,https://echobuddha.com/articles/noble-eightfold-path-practical-guide/,2026-08-21
https://echobuddha.com/articles/non-attachment-in-relationships/,SEO_P3_LIMITED,SEO_P3_LIMITED,UNCHANGED,1 recovery impressions; PASS/Submitted and indexed,INSUFFICIENT_DATA,INSUFFICIENT_VISIBLE_DATA,NO_SEARCH_DATA: query×page join absent,NO_VISIBLE_QUERY_DATA,PASS,Submitted and indexed,https://echobuddha.com/articles/non-attachment-in-relationships/,2026-08-21
https://echobuddha.com/articles/right-livelihood-modern-life/,SEO_P3_LIMITED,SEO_P3_LIMITED,UNCHANGED,4 recovery impressions; PASS/Submitted and indexed,INSUFFICIENT_DATA,INSUFFICIENT_VISIBLE_DATA,NO_SEARCH_DATA: query×page join absent,NO_VISIBLE_QUERY_DATA,PASS,Submitted and indexed,https://echobuddha.com/articles/right-livelihood-modern-life/,2026-08-21
https://echobuddha.com/articles/right-speech-buddhism/,SEO_P0_CRITICAL,SEO_P0_CRITICAL,UNCHANGED,3 recovery clicks; 392 recovery impressions; STRONGLY_GROWING; 19 visible primary query owner rows; PASS/Submitted and indexed,STRONGLY_GROWING,STRONGLY_GROWING,NO_SEARCH_DATA: query×page join absent,VISIBLE_PRIMARY_OWNER:19,PASS,Submitted and indexed,https://echobuddha.com/articles/right-speech-buddhism/,2026-08-21
https://echobuddha.com/articles/right-speech-examples/,SEO_P3_LIMITED,SEO_P3_LIMITED,UNCHANGED,3 recovery impressions; PASS/Submitted and indexed,INSUFFICIENT_DATA,INSUFFICIENT_VISIBLE_DATA,NO_SEARCH_DATA: query×page join absent,VISIBLE_SUPPORT:1,PASS,Submitted and indexed,https://echobuddha.com/articles/right-speech-examples/,2026-08-21
https://echobuddha.com/articles/three-poisons-buddhism-explained/,SEO_P1_HIGH,SEO_P1_HIGH,UNCHANGED,1 recovery clicks; 118 recovery impressions; 22 visible primary query owner rows; PASS/Submitted and indexed,STRONGLY_GROWING,GROWING,NO_SEARCH_DATA: query×page join absent,VISIBLE_PRIMARY_OWNER:22,PASS,Submitted and indexed,https://echobuddha.com/articles/three-poisons-buddhism-explained/,2026-08-21
https://echobuddha.com/articles/three-ways-to-practice-patience/,SEO_P2_EMERGING,SEO_P2_EMERGING,UNCHANGED,10 recovery impressions; PASS/Submitted and indexed,DECLINING,INSUFFICIENT_VISIBLE_DATA,NO_SEARCH_DATA: query×page join absent,NO_VISIBLE_QUERY_DATA,PASS,Submitted and indexed,https://echobuddha.com/articles/three-ways-to-practice-patience/,2026-08-21
https://echobuddha.com/articles/visiting-a-buddhist-temple-respectfully/,SEO_P2_EMERGING,SEO_P1_HIGH,SEO_P2_EMERGING → SEO_P1_HIGH,54 recovery impressions; STRONGLY_GROWING; 7 visible primary query owner rows; PASS/Submitted and indexed,GROWING,STRONGLY_GROWING,NO_SEARCH_DATA: query×page join absent,VISIBLE_PRIMARY_OWNER:7,PASS,Submitted and indexed,https://echobuddha.com/articles/visiting-a-buddhist-temple-respectfully/,2026-08-21
https://echobuddha.com/articles/walking-meditation-step-by-step/,SEO_P3_LIMITED,SEO_P3_LIMITED,UNCHANGED,3 recovery impressions; 1 visible primary query owner rows; PASS/Submitted and indexed,INSUFFICIENT_DATA,INSUFFICIENT_VISIBLE_DATA,NO_SEARCH_DATA: query×page join absent,VISIBLE_PRIMARY_OWNER:1,PASS,Submitted and indexed,https://echobuddha.com/articles/walking-meditation-step-by-step/,2026-08-21
https://echobuddha.com/articles/what-is-buddhism-beginner-guide/,SEO_P2_EMERGING,SEO_P2_EMERGING,UNCHANGED,12 recovery impressions; 2 visible primary query owner rows; PASS/Submitted and indexed,STABLE,STABLE,NO_SEARCH_DATA: query×page join absent,VISIBLE_PRIMARY_OWNER:2,PASS,Submitted and indexed,https://echobuddha.com/articles/what-is-buddhism-beginner-guide/,2026-08-21
https://echobuddha.com/articles/what-is-karma-in-buddhism/,SEO_P2_EMERGING,SEO_P2_EMERGING,UNCHANGED,9 recovery impressions; 2 visible primary query owner rows; PASS/Submitted and indexed,INSUFFICIENT_DATA,INSUFFICIENT_VISIBLE_DATA,NO_SEARCH_DATA: query×page join absent,VISIBLE_PRIMARY_OWNER:2,PASS,Submitted and indexed,https://echobuddha.com/articles/what-is-karma-in-buddhism/,2026-08-21
https://echobuddha.com/articles/what-is-sangha-buddhist-community/,SEO_P1_HIGH,SEO_P1_HIGH,UNCHANGED,75 recovery impressions; 28 visible primary query owner rows; PASS/Submitted and indexed; retained stronger historical protection; no one-window downgrade,STRONGLY_GROWING,STRONGLY_DECLINING,NO_SEARCH_DATA: query×page join absent,VISIBLE_PRIMARY_OWNER:28,PASS,Submitted and indexed,https://echobuddha.com/articles/what-is-sangha-buddhist-community/,2026-08-21
https://echobuddha.com/authors/echo-buddha-editorial/,SEO_P2_EMERGING,SEO_P2_EMERGING,UNCHANGED,PASS/Submitted and indexed,INSUFFICIENT_DATA,INSUFFICIENT_VISIBLE_DATA,NO_SEARCH_DATA: query×page join absent,NO_VISIBLE_QUERY_DATA,PASS,Submitted and indexed,https://echobuddha.com/authors/echo-buddha-editorial/,2026-08-21
https://echobuddha.com/buddhist-sources-and-citations/,SEO_P2_EMERGING,SEO_P2_EMERGING,UNCHANGED,9 recovery impressions; PASS/Submitted and indexed,INSUFFICIENT_DATA,INSUFFICIENT_VISIBLE_DATA,NO_SEARCH_DATA: query×page join absent,NO_VISIBLE_QUERY_DATA,PASS,Submitted and indexed,https://echobuddha.com/buddhist-sources-and-citations/,2026-08-21
https://echobuddha.com/contact/,SEO_P2_EMERGING,SEO_P2_EMERGING,UNCHANGED,7 recovery impressions; PASS/Submitted and indexed,INSUFFICIENT_DATA,INSUFFICIENT_VISIBLE_DATA,NO_SEARCH_DATA: query×page join absent,NO_VISIBLE_QUERY_DATA,PASS,Submitted and indexed,https://echobuddha.com/contact/,2026-08-21
https://echobuddha.com/corrections/,SEO_P2_EMERGING,SEO_P2_EMERGING,UNCHANGED,1 recovery impressions; PASS/Submitted and indexed,INSUFFICIENT_DATA,INSUFFICIENT_VISIBLE_DATA,NO_SEARCH_DATA: query×page join absent,NO_VISIBLE_QUERY_DATA,PASS,Submitted and indexed,https://echobuddha.com/corrections/,2026-08-21
https://echobuddha.com/daily-reflections/anger-as-a-signal/,SEO_P2_EMERGING,SEO_P2_EMERGING,UNCHANGED,1 recovery impressions; PASS/Submitted and indexed,INSUFFICIENT_DATA,INSUFFICIENT_VISIBLE_DATA,NO_SEARCH_DATA: query×page join absent,NO_VISIBLE_QUERY_DATA,PASS,Submitted and indexed,https://echobuddha.com/daily-reflections/anger-as-a-signal/,2026-08-21
https://echobuddha.com/daily-reflections/begin-again-without-shame/,SEO_P2_EMERGING,SEO_P2_EMERGING,UNCHANGED,3 recovery impressions; PASS/Submitted and indexed,INSUFFICIENT_DATA,INSUFFICIENT_VISIBLE_DATA,NO_SEARCH_DATA: query×page join absent,NO_VISIBLE_QUERY_DATA,PASS,Submitted and indexed,https://echobuddha.com/daily-reflections/begin-again-without-shame/,2026-08-21
https://echobuddha.com/daily-reflections/compassion-begins-nearby/,SEO_UNKNOWN,SEO_P3_LIMITED,SEO_UNKNOWN → SEO_P3_LIMITED,PASS/Submitted and indexed,INSUFFICIENT_DATA,INSUFFICIENT_VISIBLE_DATA,NO_SEARCH_DATA: query×page join absent,NO_VISIBLE_QUERY_DATA,PASS,Submitted and indexed,https://echobuddha.com/daily-reflections/compassion-begins-nearby/,2026-08-21
https://echobuddha.com/daily-reflections/enough-for-this-moment/,SEO_UNKNOWN,SEO_P3_LIMITED,SEO_UNKNOWN → SEO_P3_LIMITED,PASS/Submitted and indexed,INSUFFICIENT_DATA,INSUFFICIENT_VISIBLE_DATA,NO_SEARCH_DATA: query×page join absent,NO_VISIBLE_QUERY_DATA,PASS,Submitted and indexed,https://echobuddha.com/daily-reflections/enough-for-this-moment/,2026-08-21
https://echobuddha.com/daily-reflections/evening-release/,SEO_UNKNOWN,SEO_P3_LIMITED,SEO_UNKNOWN → SEO_P3_LIMITED,PASS/Submitted and indexed,INSUFFICIENT_DATA,INSUFFICIENT_VISIBLE_DATA,NO_SEARCH_DATA: query×page join absent,NO_VISIBLE_QUERY_DATA,PASS,Submitted and indexed,https://echobuddha.com/daily-reflections/evening-release/,2026-08-21
https://echobuddha.com/daily-reflections/family-patience/,SEO_P2_EMERGING,SEO_P2_EMERGING,UNCHANGED,1 recovery impressions; PASS/Submitted and indexed,INSUFFICIENT_DATA,INSUFFICIENT_VISIBLE_DATA,NO_SEARCH_DATA: query×page join absent,NO_VISIBLE_QUERY_DATA,PASS,Submitted and indexed,https://echobuddha.com/daily-reflections/family-patience/,2026-08-21
https://echobuddha.com/daily-reflections/forgiveness-without-approval/,SEO_UNKNOWN,SEO_P3_LIMITED,SEO_UNKNOWN → SEO_P3_LIMITED,PASS/Submitted and indexed,INSUFFICIENT_DATA,INSUFFICIENT_VISIBLE_DATA,NO_SEARCH_DATA: query×page join absent,NO_VISIBLE_QUERY_DATA,PASS,Submitted and indexed,https://echobuddha.com/daily-reflections/forgiveness-without-approval/,2026-08-21
https://echobuddha.com/daily-reflections/gratitude-for-change/,SEO_P2_EMERGING,SEO_P2_EMERGING,UNCHANGED,2 recovery impressions; PASS/Submitted and indexed,INSUFFICIENT_DATA,INSUFFICIENT_VISIBLE_DATA,NO_SEARCH_DATA: query×page join absent,NO_VISIBLE_QUERY_DATA,PASS,Submitted and indexed,https://echobuddha.com/daily-reflections/gratitude-for-change/,2026-08-21
https://echobuddha.com/daily-reflections/gratitude-notices-enough/,SEO_UNKNOWN,SEO_P3_LIMITED,SEO_UNKNOWN → SEO_P3_LIMITED,PASS/Submitted and indexed,INSUFFICIENT_DATA,INSUFFICIENT_VISIBLE_DATA,NO_SEARCH_DATA: query×page join absent,NO_VISIBLE_QUERY_DATA,PASS,Submitted and indexed,https://echobuddha.com/daily-reflections/gratitude-notices-enough/,2026-08-21
https://echobuddha.com/daily-reflections/impermanence-softens-clinging/,SEO_P2_EMERGING,SEO_P2_EMERGING,UNCHANGED,1 recovery impressions; PASS/Submitted and indexed,INSUFFICIENT_DATA,INSUFFICIENT_VISIBLE_DATA,NO_SEARCH_DATA: query×page join absent,NO_VISIBLE_QUERY_DATA,PASS,Submitted and indexed,https://echobuddha.com/daily-reflections/impermanence-softens-clinging/,2026-08-21
https://echobuddha.com/daily-reflections/,SEO_P1_HIGH,SEO_P1_HIGH,UNCHANGED,1 recovery clicks; 4 recovery impressions; GROWING; PASS/Submitted and indexed,INSUFFICIENT_DATA,GROWING,NO_SEARCH_DATA: query×page join absent,NO_VISIBLE_QUERY_DATA,PASS,Submitted and indexed,https://echobuddha.com/daily-reflections/,2026-08-21
https://echobuddha.com/daily-reflections/kindness-with-boundaries/,SEO_UNKNOWN,SEO_P3_LIMITED,SEO_UNKNOWN → SEO_P3_LIMITED,PASS/Submitted and indexed,INSUFFICIENT_DATA,INSUFFICIENT_VISIBLE_DATA,NO_SEARCH_DATA: query×page join absent,NO_VISIBLE_QUERY_DATA,PASS,Submitted and indexed,https://echobuddha.com/daily-reflections/kindness-with-boundaries/,2026-08-21
https://echobuddha.com/daily-reflections/let-the-feeling-pass/,SEO_UNKNOWN,SEO_P3_LIMITED,SEO_UNKNOWN → SEO_P3_LIMITED,PASS/Submitted and indexed,INSUFFICIENT_DATA,INSUFFICIENT_VISIBLE_DATA,NO_SEARCH_DATA: query×page join absent,NO_VISIBLE_QUERY_DATA,PASS,Submitted and indexed,https://echobuddha.com/daily-reflections/let-the-feeling-pass/,2026-08-21
https://echobuddha.com/daily-reflections/letting-go-keeps-care/,SEO_UNKNOWN,SEO_P3_LIMITED,SEO_UNKNOWN → SEO_P3_LIMITED,PASS/Submitted and indexed,INSUFFICIENT_DATA,INSUFFICIENT_VISIBLE_DATA,NO_SEARCH_DATA: query×page join absent,NO_VISIBLE_QUERY_DATA,PASS,Submitted and indexed,https://echobuddha.com/daily-reflections/letting-go-keeps-care/,2026-08-21
https://echobuddha.com/daily-reflections/listen-before-answering/,SEO_UNKNOWN,SEO_P3_LIMITED,SEO_UNKNOWN → SEO_P3_LIMITED,PASS/Submitted and indexed,INSUFFICIENT_DATA,INSUFFICIENT_VISIBLE_DATA,NO_SEARCH_DATA: query×page join absent,NO_VISIBLE_QUERY_DATA,PASS,Submitted and indexed,https://echobuddha.com/daily-reflections/listen-before-answering/,2026-08-21
https://echobuddha.com/daily-reflections/metta-for-a-difficult-person/,SEO_P2_EMERGING,SEO_P2_EMERGING,UNCHANGED,2 recovery impressions; PASS/Submitted and indexed,INSUFFICIENT_DATA,INSUFFICIENT_VISIBLE_DATA,NO_SEARCH_DATA: query×page join absent,NO_VISIBLE_QUERY_DATA,PASS,Submitted and indexed,https://echobuddha.com/daily-reflections/metta-for-a-difficult-person/,2026-08-21
https://echobuddha.com/daily-reflections/mindful-work/,SEO_UNKNOWN,SEO_P3_LIMITED,SEO_UNKNOWN → SEO_P3_LIMITED,NEUTRAL/Excluded by ‘noindex’ tag,INSUFFICIENT_DATA,INSUFFICIENT_VISIBLE_DATA,NO_SEARCH_DATA: query×page join absent,NO_VISIBLE_QUERY_DATA,NEUTRAL,Excluded by ‘noindex’ tag,https://echobuddha.com/daily-reflections/mindful-work/,2026-08-21
https://echobuddha.com/daily-reflections/morning-intention/,SEO_UNKNOWN,SEO_P3_LIMITED,SEO_UNKNOWN → SEO_P3_LIMITED,PASS/Submitted and indexed,INSUFFICIENT_DATA,INSUFFICIENT_VISIBLE_DATA,NO_SEARCH_DATA: query×page join absent,NO_VISIBLE_QUERY_DATA,PASS,Submitted and indexed,https://echobuddha.com/daily-reflections/morning-intention/,2026-08-21
https://echobuddha.com/daily-reflections/notice-before-fixing/,SEO_UNKNOWN,SEO_P3_LIMITED,SEO_UNKNOWN → SEO_P3_LIMITED,PASS/Submitted and indexed,INSUFFICIENT_DATA,INSUFFICIENT_VISIBLE_DATA,NO_SEARCH_DATA: query×page join absent,NO_VISIBLE_QUERY_DATA,PASS,Submitted and indexed,https://echobuddha.com/daily-reflections/notice-before-fixing/,2026-08-21
https://echobuddha.com/daily-reflections/one-honest-breath/,SEO_UNKNOWN,SEO_P3_LIMITED,SEO_UNKNOWN → SEO_P3_LIMITED,PASS/Submitted and indexed,INSUFFICIENT_DATA,INSUFFICIENT_VISIBLE_DATA,NO_SEARCH_DATA: query×page join absent,NO_VISIBLE_QUERY_DATA,PASS,Submitted and indexed,https://echobuddha.com/daily-reflections/one-honest-breath/,2026-08-21
https://echobuddha.com/daily-reflections/one-step-on-the-path/,SEO_UNKNOWN,SEO_P3_LIMITED,SEO_UNKNOWN → SEO_P3_LIMITED,NEUTRAL/Excluded by ‘noindex’ tag,INSUFFICIENT_DATA,INSUFFICIENT_VISIBLE_DATA,NO_SEARCH_DATA: query×page join absent,NO_VISIBLE_QUERY_DATA,NEUTRAL,Excluded by ‘noindex’ tag,https://echobuddha.com/daily-reflections/one-step-on-the-path/,2026-08-21
https://echobuddha.com/daily-reflections/patience-before-anger-speaks/,SEO_P2_EMERGING,SEO_P2_EMERGING,UNCHANGED,5 recovery impressions; 1 visible primary query owner rows; PASS/Submitted and indexed,INSUFFICIENT_DATA,INSUFFICIENT_VISIBLE_DATA,NO_SEARCH_DATA: query×page join absent,VISIBLE_PRIMARY_OWNER:1,PASS,Submitted and indexed,https://echobuddha.com/daily-reflections/patience-before-anger-speaks/,2026-08-21
https://echobuddha.com/daily-reflections/rest-without-escape/,SEO_P2_EMERGING,SEO_P2_EMERGING,UNCHANGED,1 recovery impressions; PASS/Submitted and indexed,INSUFFICIENT_DATA,INSUFFICIENT_VISIBLE_DATA,NO_SEARCH_DATA: query×page join absent,NO_VISIBLE_QUERY_DATA,PASS,Submitted and indexed,https://echobuddha.com/daily-reflections/rest-without-escape/,2026-08-21
https://echobuddha.com/daily-reflections/see-the-conditions/,SEO_UNKNOWN,SEO_P3_LIMITED,SEO_UNKNOWN → SEO_P3_LIMITED,PASS/Submitted and indexed,INSUFFICIENT_DATA,INSUFFICIENT_VISIBLE_DATA,NO_SEARCH_DATA: query×page join absent,NO_VISIBLE_QUERY_DATA,PASS,Submitted and indexed,https://echobuddha.com/daily-reflections/see-the-conditions/,2026-08-21
https://echobuddha.com/daily-reflections/simple-goodwill/,SEO_UNKNOWN,SEO_P3_LIMITED,SEO_UNKNOWN → SEO_P3_LIMITED,PASS/Submitted and indexed,INSUFFICIENT_DATA,INSUFFICIENT_VISIBLE_DATA,NO_SEARCH_DATA: query×page join absent,NO_VISIBLE_QUERY_DATA,PASS,Submitted and indexed,https://echobuddha.com/daily-reflections/simple-goodwill/,2026-08-21
https://echobuddha.com/daily-reflections/small-actions-shape-the-mind/,SEO_P2_EMERGING,SEO_P2_EMERGING,UNCHANGED,1 recovery impressions; PASS/Submitted and indexed,INSUFFICIENT_DATA,INSUFFICIENT_VISIBLE_DATA,NO_SEARCH_DATA: query×page join absent,NO_VISIBLE_QUERY_DATA,PASS,Submitted and indexed,https://echobuddha.com/daily-reflections/small-actions-shape-the-mind/,2026-08-21
https://echobuddha.com/daily-reflections/soften-the-inner-argument/,SEO_UNKNOWN,SEO_P3_LIMITED,SEO_UNKNOWN → SEO_P3_LIMITED,PASS/Submitted and indexed,INSUFFICIENT_DATA,INSUFFICIENT_VISIBLE_DATA,NO_SEARCH_DATA: query×page join absent,NO_VISIBLE_QUERY_DATA,PASS,Submitted and indexed,https://echobuddha.com/daily-reflections/soften-the-inner-argument/,2026-08-21
https://echobuddha.com/daily-reflections/speech-can-reduce-suffering/,SEO_UNKNOWN,SEO_P3_LIMITED,SEO_UNKNOWN → SEO_P3_LIMITED,PASS/Submitted and indexed,INSUFFICIENT_DATA,INSUFFICIENT_VISIBLE_DATA,NO_SEARCH_DATA: query×page join absent,NO_VISIBLE_QUERY_DATA,PASS,Submitted and indexed,https://echobuddha.com/daily-reflections/speech-can-reduce-suffering/,2026-08-21
https://echobuddha.com/daily-reflections/the-first-truth-is-kind/,SEO_UNKNOWN,SEO_P3_LIMITED,SEO_UNKNOWN → SEO_P3_LIMITED,PASS/Submitted and indexed,INSUFFICIENT_DATA,INSUFFICIENT_VISIBLE_DATA,NO_SEARCH_DATA: query×page join absent,NO_VISIBLE_QUERY_DATA,PASS,Submitted and indexed,https://echobuddha.com/daily-reflections/the-first-truth-is-kind/,2026-08-21
https://echobuddha.com/daily-reflections/thoughts-are-visitors/,SEO_P2_EMERGING,SEO_P2_EMERGING,UNCHANGED,5 recovery impressions; PASS/Submitted and indexed,INSUFFICIENT_DATA,INSUFFICIENT_VISIBLE_DATA,NO_SEARCH_DATA: query×page join absent,NO_VISIBLE_QUERY_DATA,PASS,Submitted and indexed,https://echobuddha.com/daily-reflections/thoughts-are-visitors/,2026-08-21
https://echobuddha.com/daily-reflections/today/,SEO_P2_EMERGING,SEO_P2_EMERGING,UNCHANGED,10 recovery impressions; 1 visible primary query owner rows; NEUTRAL/Excluded by ‘noindex’ tag,INSUFFICIENT_DATA,GROWING,NO_SEARCH_DATA: query×page join absent,VISIBLE_PRIMARY_OWNER:1,NEUTRAL,Excluded by ‘noindex’ tag,https://echobuddha.com/daily-reflections/today/,2026-08-21
https://echobuddha.com/daily-reflections/walking-as-practice/,SEO_P2_EMERGING,SEO_P2_EMERGING,UNCHANGED,2 recovery impressions; PASS/Submitted and indexed,INSUFFICIENT_DATA,INSUFFICIENT_VISIBLE_DATA,NO_SEARCH_DATA: query×page join absent,NO_VISIBLE_QUERY_DATA,PASS,Submitted and indexed,https://echobuddha.com/daily-reflections/walking-as-practice/,2026-08-21
https://echobuddha.com/disclaimer/,SEO_P2_EMERGING,SEO_P2_EMERGING,UNCHANGED,3 recovery impressions; PASS/Submitted and indexed,INSUFFICIENT_DATA,INSUFFICIENT_VISIBLE_DATA,NO_SEARCH_DATA: query×page join absent,NO_VISIBLE_QUERY_DATA,PASS,Submitted and indexed,https://echobuddha.com/disclaimer/,2026-08-21
https://echobuddha.com/editorial-policy/,SEO_P2_EMERGING,SEO_P2_EMERGING,UNCHANGED,4 recovery impressions; PASS/Submitted and indexed,INSUFFICIENT_DATA,INSUFFICIENT_VISIBLE_DATA,NO_SEARCH_DATA: query×page join absent,NO_VISIBLE_QUERY_DATA,PASS,Submitted and indexed,https://echobuddha.com/editorial-policy/,2026-08-21
https://echobuddha.com/how-echo-buddha-creates-content/,SEO_P2_EMERGING,SEO_P2_EMERGING,UNCHANGED,1 recovery impressions; PASS/Submitted and indexed,INSUFFICIENT_DATA,INSUFFICIENT_VISIBLE_DATA,NO_SEARCH_DATA: query×page join absent,NO_VISIBLE_QUERY_DATA,PASS,Submitted and indexed,https://echobuddha.com/how-echo-buddha-creates-content/,2026-08-21
https://echobuddha.com/,SEO_P0_CRITICAL,SEO_P0_CRITICAL,UNCHANGED,5 recovery impressions; STRONGLY_GROWING; 1 visible primary query owner rows; PASS/Submitted and indexed,INSUFFICIENT_DATA,STRONGLY_GROWING,NO_SEARCH_DATA: query×page join absent,VISIBLE_PRIMARY_OWNER:1,PASS,Submitted and indexed,https://echobuddha.com/,2026-08-21
https://echobuddha.com/learn/buddhism-101/a-simple-daily-buddhist-practice/,SEO_P2_EMERGING,SEO_P2_EMERGING,UNCHANGED,1 recovery impressions; PASS/Submitted and indexed,INSUFFICIENT_DATA,INSUFFICIENT_VISIBLE_DATA,NO_SEARCH_DATA: query×page join absent,NO_VISIBLE_QUERY_DATA,PASS,Submitted and indexed,https://echobuddha.com/learn/buddhism-101/a-simple-daily-buddhist-practice/,2026-08-21
https://echobuddha.com/learn/buddhism-101/dependent-origination-explained/,SEO_P2_EMERGING,SEO_P2_EMERGING,UNCHANGED,5 recovery impressions; PASS/Submitted and indexed,INSUFFICIENT_DATA,INSUFFICIENT_VISIBLE_DATA,NO_SEARCH_DATA: query×page join absent,NO_VISIBLE_QUERY_DATA,PASS,Submitted and indexed,https://echobuddha.com/learn/buddhism-101/dependent-origination-explained/,2026-08-21
https://echobuddha.com/learn/buddhism-101/five-aggregates-buddhism/,SEO_P2_EMERGING,SEO_P2_EMERGING,UNCHANGED,12 recovery impressions; 6 visible primary query owner rows; PASS/Submitted and indexed,INSUFFICIENT_DATA,STABLE,NO_SEARCH_DATA: query×page join absent,VISIBLE_PRIMARY_OWNER:6,PASS,Submitted and indexed,https://echobuddha.com/learn/buddhism-101/five-aggregates-buddhism/,2026-08-21
https://echobuddha.com/learn/buddhism-101/five-hindrances-in-buddhism/,SEO_P2_EMERGING,SEO_P2_EMERGING,UNCHANGED,5 recovery impressions; PASS/Submitted and indexed,INSUFFICIENT_DATA,INSUFFICIENT_VISIBLE_DATA,NO_SEARCH_DATA: query×page join absent,NO_VISIBLE_QUERY_DATA,PASS,Submitted and indexed,https://echobuddha.com/learn/buddhism-101/five-hindrances-in-buddhism/,2026-08-21
https://echobuddha.com/learn/buddhism-101/five-precepts-buddhism/,SEO_P2_EMERGING,SEO_P2_EMERGING,UNCHANGED,11 recovery impressions; 2 visible primary query owner rows; PASS/Submitted and indexed,INSUFFICIENT_DATA,STABLE,NO_SEARCH_DATA: query×page join absent,VISIBLE_PRIMARY_OWNER:2,PASS,Submitted and indexed,https://echobuddha.com/learn/buddhism-101/five-precepts-buddhism/,2026-08-21
https://echobuddha.com/learn/buddhism-101/four-brahmaviharas/,SEO_P2_EMERGING,SEO_P2_EMERGING,UNCHANGED,11 recovery impressions; 3 visible primary query owner rows; PASS/Submitted and indexed,GROWING,GROWING,NO_SEARCH_DATA: query×page join absent,VISIBLE_PRIMARY_OWNER:3,PASS,Submitted and indexed,https://echobuddha.com/learn/buddhism-101/four-brahmaviharas/,2026-08-21
https://echobuddha.com/learn/buddhism-101/how-to-practice-buddhism-at-home/,SEO_P2_EMERGING,SEO_P2_EMERGING,UNCHANGED,10 recovery impressions; 1 visible primary query owner rows; PASS/Submitted and indexed,INSUFFICIENT_DATA,STABLE,NO_SEARCH_DATA: query×page join absent,VISIBLE_PRIMARY_OWNER:1,PASS,Submitted and indexed,https://echobuddha.com/learn/buddhism-101/how-to-practice-buddhism-at-home/,2026-08-21
https://echobuddha.com/learn/buddhism-101/,SEO_P2_EMERGING,SEO_P2_EMERGING,UNCHANGED,1 recovery impressions; PASS/Submitted and indexed,INSUFFICIENT_DATA,INSUFFICIENT_VISIBLE_DATA,NO_SEARCH_DATA: query×page join absent,NO_VISIBLE_QUERY_DATA,PASS,Submitted and indexed,https://echobuddha.com/learn/buddhism-101/,2026-08-21
https://echobuddha.com/learn/buddhism-101/middle-way-explained-for-beginners/,SEO_P2_EMERGING,SEO_P2_EMERGING,UNCHANGED,17 recovery impressions; 7 visible primary query owner rows; PASS/Submitted and indexed,GROWING,GROWING,NO_SEARCH_DATA: query×page join absent,VISIBLE_PRIMARY_OWNER:7,PASS,Submitted and indexed,https://echobuddha.com/learn/buddhism-101/middle-way-explained-for-beginners/,2026-08-21
https://echobuddha.com/learn/buddhism-101/right-livelihood-buddhism/,SEO_P2_EMERGING,SEO_P2_EMERGING,UNCHANGED,10 recovery impressions; 2 visible primary query owner rows; PASS/Submitted and indexed,INSUFFICIENT_DATA,STABLE,NO_SEARCH_DATA: query×page join absent,VISIBLE_PRIMARY_OWNER:2,PASS,Submitted and indexed,https://echobuddha.com/learn/buddhism-101/right-livelihood-buddhism/,2026-08-21
https://echobuddha.com/learn/buddhism-101/the-four-noble-truths-explained/,SEO_P2_EMERGING,SEO_P2_EMERGING,UNCHANGED,3 recovery impressions; PASS/Submitted and indexed,INSUFFICIENT_DATA,INSUFFICIENT_VISIBLE_DATA,NO_SEARCH_DATA: query×page join absent,NO_VISIBLE_QUERY_DATA,PASS,Submitted and indexed,https://echobuddha.com/learn/buddhism-101/the-four-noble-truths-explained/,2026-08-21
https://echobuddha.com/learn/buddhism-101/the-noble-eightfold-path-explained/,SEO_P2_EMERGING,SEO_P2_EMERGING,UNCHANGED,1 recovery impressions; PASS/Submitted and indexed,INSUFFICIENT_DATA,INSUFFICIENT_VISIBLE_DATA,NO_SEARCH_DATA: query×page join absent,NO_VISIBLE_QUERY_DATA,PASS,Submitted and indexed,https://echobuddha.com/learn/buddhism-101/the-noble-eightfold-path-explained/,2026-08-21
https://echobuddha.com/learn/buddhism-101/the-three-jewels-explained/,SEO_P2_EMERGING,SEO_P2_EMERGING,UNCHANGED,3 recovery impressions; PASS/Submitted and indexed,INSUFFICIENT_DATA,INSUFFICIENT_VISIBLE_DATA,NO_SEARCH_DATA: query×page join absent,NO_VISIBLE_QUERY_DATA,PASS,Submitted and indexed,https://echobuddha.com/learn/buddhism-101/the-three-jewels-explained/,2026-08-21
https://echobuddha.com/learn/buddhism-101/three-marks-of-existence/,SEO_P2_EMERGING,SEO_P2_EMERGING,UNCHANGED,8 recovery impressions; 3 visible primary query owner rows; PASS/Submitted and indexed,INSUFFICIENT_DATA,INSUFFICIENT_VISIBLE_DATA,NO_SEARCH_DATA: query×page join absent,VISIBLE_PRIMARY_OWNER:3,PASS,Submitted and indexed,https://echobuddha.com/learn/buddhism-101/three-marks-of-existence/,2026-08-21
https://echobuddha.com/learn/buddhism-101/threefold-training-sila-samadhi-panna/,SEO_P2_EMERGING,SEO_P1_HIGH,SEO_P2_EMERGING → SEO_P1_HIGH,55 recovery impressions; STRONGLY_GROWING; 3 visible primary query owner rows; PASS/Submitted and indexed,GROWING,STRONGLY_GROWING,NO_SEARCH_DATA: query×page join absent,VISIBLE_PRIMARY_OWNER:3,PASS,Submitted and indexed,https://echobuddha.com/learn/buddhism-101/threefold-training-sila-samadhi-panna/,2026-08-21
https://echobuddha.com/learn/buddhism-101/what-is-buddhism/,SEO_P2_EMERGING,SEO_P2_EMERGING,UNCHANGED,3 recovery impressions; PASS/Submitted and indexed,INSUFFICIENT_DATA,INSUFFICIENT_VISIBLE_DATA,NO_SEARCH_DATA: query×page join absent,VISIBLE_SUPPORT:1,PASS,Submitted and indexed,https://echobuddha.com/learn/buddhism-101/what-is-buddhism/,2026-08-21
https://echobuddha.com/learn/buddhism-101/what-is-impermanence/,SEO_P2_EMERGING,SEO_P2_EMERGING,UNCHANGED,2 recovery impressions; PASS/Submitted and indexed,INSUFFICIENT_DATA,INSUFFICIENT_VISIBLE_DATA,NO_SEARCH_DATA: query×page join absent,NO_VISIBLE_QUERY_DATA,PASS,Submitted and indexed,https://echobuddha.com/learn/buddhism-101/what-is-impermanence/,2026-08-21
https://echobuddha.com/learn/buddhism-101/what-is-karma-in-buddhism/,SEO_P2_EMERGING,SEO_P2_EMERGING,UNCHANGED,1 recovery impressions; PASS/Submitted and indexed,INSUFFICIENT_DATA,INSUFFICIENT_VISIBLE_DATA,NO_SEARCH_DATA: query×page join absent,NO_VISIBLE_QUERY_DATA,PASS,Submitted and indexed,https://echobuddha.com/learn/buddhism-101/what-is-karma-in-buddhism/,2026-08-21
https://echobuddha.com/learn/buddhism-101/what-is-mindfulness/,SEO_P1_HIGH,SEO_P1_HIGH,UNCHANGED,14 recovery impressions; 2 visible primary query owner rows; PASS/Submitted and indexed; retained stronger historical protection; no one-window downgrade,INSUFFICIENT_DATA,GROWING,NO_SEARCH_DATA: query×page join absent,VISIBLE_PRIMARY_OWNER:2,PASS,Submitted and indexed,https://echobuddha.com/learn/buddhism-101/what-is-mindfulness/,2026-08-21
https://echobuddha.com/learn/buddhism-101/who-was-the-buddha/,SEO_P2_EMERGING,SEO_P2_EMERGING,UNCHANGED,1 recovery impressions; PASS/Submitted and indexed,INSUFFICIENT_DATA,INSUFFICIENT_VISIBLE_DATA,NO_SEARCH_DATA: query×page join absent,NO_VISIBLE_QUERY_DATA,PASS,Submitted and indexed,https://echobuddha.com/learn/buddhism-101/who-was-the-buddha/,2026-08-21
https://echobuddha.com/learn/buddhism-for-beginners/,SEO_P1_HIGH,SEO_P1_HIGH,UNCHANGED,128 recovery impressions; STRONGLY_GROWING; 18 visible primary query owner rows; PASS/Submitted and indexed,STRONGLY_GROWING,STRONGLY_GROWING,NO_SEARCH_DATA: query×page join absent,VISIBLE_PRIMARY_OWNER:18,PASS,Submitted and indexed,https://echobuddha.com/learn/buddhism-for-beginners/,2026-08-21
https://echobuddha.com/learn/buddhist-dictionary/anatta/,SEO_P2_EMERGING,SEO_P2_EMERGING,UNCHANGED,5 recovery impressions; 1 visible primary query owner rows; PASS/Submitted and indexed,INSUFFICIENT_DATA,INSUFFICIENT_VISIBLE_DATA,NO_SEARCH_DATA: query×page join absent,VISIBLE_PRIMARY_OWNER:1,PASS,Submitted and indexed,https://echobuddha.com/learn/buddhist-dictionary/anatta/,2026-08-21
https://echobuddha.com/learn/buddhist-dictionary/anicca/,SEO_P2_EMERGING,SEO_P2_EMERGING,UNCHANGED,1 recovery impressions; PASS/Submitted and indexed,INSUFFICIENT_DATA,INSUFFICIENT_VISIBLE_DATA,NO_SEARCH_DATA: query×page join absent,NO_VISIBLE_QUERY_DATA,PASS,Submitted and indexed,https://echobuddha.com/learn/buddhist-dictionary/anicca/,2026-08-21
https://echobuddha.com/learn/buddhist-dictionary/compassion/,SEO_P2_EMERGING,SEO_P2_EMERGING,UNCHANGED,4 recovery impressions; PASS/Submitted and indexed,INSUFFICIENT_DATA,INSUFFICIENT_VISIBLE_DATA,NO_SEARCH_DATA: query×page join absent,VISIBLE_SUPPORT:1,PASS,Submitted and indexed,https://echobuddha.com/learn/buddhist-dictionary/compassion/,2026-08-21
https://echobuddha.com/learn/buddhist-dictionary/dhamma/,SEO_P1_HIGH,SEO_P1_HIGH,UNCHANGED,109 recovery impressions; 22 visible primary query owner rows; PASS/Submitted and indexed,GROWING,STRONGLY_DECLINING,NO_SEARCH_DATA: query×page join absent,VISIBLE_PRIMARY_OWNER:22,PASS,Submitted and indexed,https://echobuddha.com/learn/buddhist-dictionary/dhamma/,2026-08-21
https://echobuddha.com/learn/buddhist-dictionary/dukkha/,SEO_P2_EMERGING,SEO_P2_EMERGING,UNCHANGED,7 recovery impressions; 4 visible primary query owner rows; PASS/Submitted and indexed,INSUFFICIENT_DATA,INSUFFICIENT_VISIBLE_DATA,NO_SEARCH_DATA: query×page join absent,VISIBLE_PRIMARY_OWNER:4,PASS,Submitted and indexed,https://echobuddha.com/learn/buddhist-dictionary/dukkha/,2026-08-21
https://echobuddha.com/learn/buddhist-dictionary/,SEO_P2_EMERGING,SEO_P2_EMERGING,UNCHANGED,9 recovery impressions; 4 visible primary query owner rows; PASS/Submitted and indexed,INSUFFICIENT_DATA,INSUFFICIENT_VISIBLE_DATA,NO_SEARCH_DATA: query×page join absent,VISIBLE_PRIMARY_OWNER:4,PASS,Submitted and indexed,https://echobuddha.com/learn/buddhist-dictionary/,2026-08-21
https://echobuddha.com/learn/buddhist-dictionary/karma/,SEO_P2_EMERGING,SEO_P2_EMERGING,UNCHANGED,4 recovery impressions; PASS/Submitted and indexed,INSUFFICIENT_DATA,INSUFFICIENT_VISIBLE_DATA,NO_SEARCH_DATA: query×page join absent,NO_VISIBLE_QUERY_DATA,PASS,Submitted and indexed,https://echobuddha.com/learn/buddhist-dictionary/karma/,2026-08-21
https://echobuddha.com/learn/buddhist-dictionary/karuna/,SEO_P2_EMERGING,SEO_P2_EMERGING,UNCHANGED,NEUTRAL/URL is unknown to Google,INSUFFICIENT_DATA,INSUFFICIENT_VISIBLE_DATA,NO_SEARCH_DATA: query×page join absent,NO_VISIBLE_QUERY_DATA,NEUTRAL,URL is unknown to Google,NOT_REPORTED_BY_URL_INSPECTION,2026-08-21
https://echobuddha.com/learn/buddhist-dictionary/metta/,SEO_P1_HIGH,SEO_P1_HIGH,UNCHANGED,10 recovery impressions; 7 visible primary query owner rows; PASS/Submitted and indexed; retained stronger historical protection; no one-window downgrade,INSUFFICIENT_DATA,STABLE,NO_SEARCH_DATA: query×page join absent,VISIBLE_PRIMARY_OWNER:7,PASS,Submitted and indexed,https://echobuddha.com/learn/buddhist-dictionary/metta/,2026-08-21
https://echobuddha.com/learn/buddhist-dictionary/mindfulness/,SEO_P2_EMERGING,SEO_P2_EMERGING,UNCHANGED,2 recovery impressions; 1 visible primary query owner rows; PASS/Submitted and indexed,INSUFFICIENT_DATA,INSUFFICIENT_VISIBLE_DATA,NO_SEARCH_DATA: query×page join absent,VISIBLE_PRIMARY_OWNER:1,PASS,Submitted and indexed,https://echobuddha.com/learn/buddhist-dictionary/mindfulness/,2026-08-21
https://echobuddha.com/learn/buddhist-dictionary/nirvana/,SEO_P2_EMERGING,SEO_P2_EMERGING,UNCHANGED,5 recovery impressions; 3 visible primary query owner rows; PASS/Submitted and indexed,INSUFFICIENT_DATA,INSUFFICIENT_VISIBLE_DATA,NO_SEARCH_DATA: query×page join absent,VISIBLE_PRIMARY_OWNER:3,PASS,Submitted and indexed,https://echobuddha.com/learn/buddhist-dictionary/nirvana/,2026-08-21
https://echobuddha.com/learn/buddhist-dictionary/pali-canon/,SEO_P2_EMERGING,SEO_P2_EMERGING,UNCHANGED,16 recovery impressions; 4 visible primary query owner rows; PASS/Submitted and indexed,GROWING,GROWING,NO_SEARCH_DATA: query×page join absent,VISIBLE_PRIMARY_OWNER:4,PASS,Submitted and indexed,https://echobuddha.com/learn/buddhist-dictionary/pali-canon/,2026-08-21
https://echobuddha.com/learn/buddhist-dictionary/sangha/,SEO_P2_EMERGING,SEO_P2_EMERGING,UNCHANGED,7 recovery impressions; 1 visible primary query owner rows; PASS/Submitted and indexed,INSUFFICIENT_DATA,INSUFFICIENT_VISIBLE_DATA,NO_SEARCH_DATA: query×page join absent,VISIBLE_PRIMARY_OWNER:1,PASS,Submitted and indexed,https://echobuddha.com/learn/buddhist-dictionary/sangha/,2026-08-21
https://echobuddha.com/learn/buddhist-dictionary/sati/,SEO_P1_HIGH,SEO_P1_HIGH,UNCHANGED,1 recovery clicks; 2 recovery impressions; PASS/Submitted and indexed,DECLINING,DECLINING,NO_SEARCH_DATA: query×page join absent,NO_VISIBLE_QUERY_DATA,PASS,Submitted and indexed,https://echobuddha.com/learn/buddhist-dictionary/sati/,2026-08-21
https://echobuddha.com/learn/buddhist-dictionary/sutta/,SEO_P2_EMERGING,SEO_P2_EMERGING,UNCHANGED,30 recovery impressions; GROWING; 6 visible primary query owner rows; PASS/Submitted and indexed,GROWING,GROWING,NO_SEARCH_DATA: query×page join absent,VISIBLE_PRIMARY_OWNER:6,PASS,Submitted and indexed,https://echobuddha.com/learn/buddhist-dictionary/sutta/,2026-08-21
https://echobuddha.com/learn/buddhist-resources/,SEO_P2_EMERGING,SEO_P2_EMERGING,UNCHANGED,2 recovery impressions; 1 visible primary query owner rows; PASS/Submitted and indexed,INSUFFICIENT_DATA,INSUFFICIENT_VISIBLE_DATA,NO_SEARCH_DATA: query×page join absent,VISIBLE_PRIMARY_OWNER:1,PASS,Submitted and indexed,https://echobuddha.com/learn/buddhist-resources/,2026-08-21
https://echobuddha.com/learn/dhammapada-reflections/avoid-evil-do-good-purify-the-mind/,SEO_P2_EMERGING,SEO_P2_EMERGING,UNCHANGED,6 recovery impressions; PASS/Submitted and indexed,INSUFFICIENT_DATA,INSUFFICIENT_VISIBLE_DATA,NO_SEARCH_DATA: query×page join absent,NO_VISIBLE_QUERY_DATA,PASS,Submitted and indexed,https://echobuddha.com/learn/dhammapada-reflections/avoid-evil-do-good-purify-the-mind/,2026-08-21
https://echobuddha.com/learn/dhammapada-reflections/better-than-a-thousand-empty-words/,SEO_P2_EMERGING,SEO_P2_EMERGING,UNCHANGED,1 recovery impressions; PASS/Submitted and indexed,INSUFFICIENT_DATA,INSUFFICIENT_VISIBLE_DATA,NO_SEARCH_DATA: query×page join absent,NO_VISIBLE_QUERY_DATA,PASS,Submitted and indexed,https://echobuddha.com/learn/dhammapada-reflections/better-than-a-thousand-empty-words/,2026-08-21
https://echobuddha.com/learn/dhammapada-reflections/hatred-is-not-ended-by-hatred/,SEO_P2_EMERGING,SEO_P2_EMERGING,UNCHANGED,2 recovery impressions; PASS/Submitted and indexed,INSUFFICIENT_DATA,INSUFFICIENT_VISIBLE_DATA,NO_SEARCH_DATA: query×page join absent,NO_VISIBLE_QUERY_DATA,PASS,Submitted and indexed,https://echobuddha.com/learn/dhammapada-reflections/hatred-is-not-ended-by-hatred/,2026-08-21
https://echobuddha.com/learn/dhammapada-reflections/,SEO_P2_EMERGING,SEO_P2_EMERGING,UNCHANGED,2 recovery impressions; PASS/Submitted and indexed,INSUFFICIENT_DATA,INSUFFICIENT_VISIBLE_DATA,NO_SEARCH_DATA: query×page join absent,NO_VISIBLE_QUERY_DATA,PASS,Submitted and indexed,https://echobuddha.com/learn/dhammapada-reflections/,2026-08-21
https://echobuddha.com/learn/dhammapada-reflections/peace-comes-from-a-trained-mind/,SEO_P2_EMERGING,SEO_P2_EMERGING,UNCHANGED,NEUTRAL/Discovered - currently not indexed,INSUFFICIENT_DATA,INSUFFICIENT_VISIBLE_DATA,NO_SEARCH_DATA: query×page join absent,NO_VISIBLE_QUERY_DATA,NEUTRAL,Discovered - currently not indexed,NOT_REPORTED_BY_URL_INSPECTION,2026-08-21
https://echobuddha.com/learn/dhammapada-reflections/the-mind-leads-all-things/,SEO_P2_EMERGING,SEO_P2_EMERGING,UNCHANGED,2 recovery impressions; PASS/Submitted and indexed,INSUFFICIENT_DATA,INSUFFICIENT_VISIBLE_DATA,NO_SEARCH_DATA: query×page join absent,NO_VISIBLE_QUERY_DATA,PASS,Submitted and indexed,https://echobuddha.com/learn/dhammapada-reflections/the-mind-leads-all-things/,2026-08-21
https://echobuddha.com/learn/eightfold-path/,SEO_P1_HIGH,SEO_P1_HIGH,UNCHANGED,24 recovery impressions; PASS/Submitted and indexed; retained stronger historical protection; no one-window downgrade,GROWING,GROWING,NO_SEARCH_DATA: query×page join absent,NO_VISIBLE_QUERY_DATA,PASS,Submitted and indexed,https://echobuddha.com/learn/eightfold-path/,2026-08-21
https://echobuddha.com/learn/four-noble-truths/,SEO_P2_EMERGING,SEO_P2_EMERGING,UNCHANGED,9 recovery impressions; PASS/Submitted and indexed,INSUFFICIENT_DATA,INSUFFICIENT_VISIBLE_DATA,NO_SEARCH_DATA: query×page join absent,NO_VISIBLE_QUERY_DATA,PASS,Submitted and indexed,https://echobuddha.com/learn/four-noble-truths/,2026-08-21
https://echobuddha.com/learn/,SEO_P2_EMERGING,SEO_P2_EMERGING,UNCHANGED,4 recovery impressions; PASS/Submitted and indexed,INSUFFICIENT_DATA,INSUFFICIENT_VISIBLE_DATA,NO_SEARCH_DATA: query×page join absent,NO_VISIBLE_QUERY_DATA,PASS,Submitted and indexed,https://echobuddha.com/learn/,2026-08-21
https://echobuddha.com/learn/questions-about-buddhism/,SEO_P2_EMERGING,SEO_P2_EMERGING,UNCHANGED,4 recovery impressions; PASS/Submitted and indexed,INSUFFICIENT_DATA,INSUFFICIENT_VISIBLE_DATA,NO_SEARCH_DATA: query×page join absent,NO_VISIBLE_QUERY_DATA,PASS,Submitted and indexed,https://echobuddha.com/learn/questions-about-buddhism/,2026-08-21
https://echobuddha.com/learn/sutta-for-daily-life/buddhas-teaching-on-patience/,SEO_P2_EMERGING,SEO_P2_EMERGING,UNCHANGED,5 recovery impressions; PASS/Submitted and indexed,INSUFFICIENT_DATA,INSUFFICIENT_VISIBLE_DATA,NO_SEARCH_DATA: query×page join absent,NO_VISIBLE_QUERY_DATA,PASS,Submitted and indexed,https://echobuddha.com/learn/sutta-for-daily-life/buddhas-teaching-on-patience/,2026-08-21
https://echobuddha.com/learn/sutta-for-daily-life/dhammacakkappavattana-sutta-four-noble-truths/,SEO_P2_EMERGING,SEO_P2_EMERGING,UNCHANGED,NEUTRAL/Discovered - currently not indexed,INSUFFICIENT_DATA,INSUFFICIENT_VISIBLE_DATA,NO_SEARCH_DATA: query×page join absent,NO_VISIBLE_QUERY_DATA,NEUTRAL,Discovered - currently not indexed,NOT_REPORTED_BY_URL_INSPECTION,2026-08-21
https://echobuddha.com/learn/sutta-for-daily-life/how-to-read-a-buddhist-sutta/,SEO_P2_EMERGING,SEO_P2_EMERGING,UNCHANGED,PASS/Submitted and indexed,INSUFFICIENT_DATA,INSUFFICIENT_VISIBLE_DATA,NO_SEARCH_DATA: query×page join absent,NO_VISIBLE_QUERY_DATA,PASS,Submitted and indexed,https://echobuddha.com/learn/sutta-for-daily-life/how-to-read-a-buddhist-sutta/,2026-08-21
https://echobuddha.com/learn/sutta-for-daily-life/,SEO_P2_EMERGING,SEO_P2_EMERGING,UNCHANGED,PASS/Submitted and indexed,INSUFFICIENT_DATA,INSUFFICIENT_VISIBLE_DATA,NO_SEARCH_DATA: query×page join absent,NO_VISIBLE_QUERY_DATA,PASS,Submitted and indexed,https://echobuddha.com/learn/sutta-for-daily-life/,2026-08-21
https://echobuddha.com/learn/sutta-for-daily-life/kalama-sutta-and-wise-thinking/,SEO_P2_EMERGING,SEO_P2_EMERGING,UNCHANGED,1 recovery impressions; PASS/Submitted and indexed,INSUFFICIENT_DATA,INSUFFICIENT_VISIBLE_DATA,NO_SEARCH_DATA: query×page join absent,NO_VISIBLE_QUERY_DATA,PASS,Submitted and indexed,https://echobuddha.com/learn/sutta-for-daily-life/kalama-sutta-and-wise-thinking/,2026-08-21
https://echobuddha.com/learn/sutta-for-daily-life/magga-vibhanga-sutta-eightfold-path/,SEO_P2_EMERGING,SEO_P2_EMERGING,UNCHANGED,48 recovery impressions; GROWING; 3 visible primary query owner rows; PASS/Submitted and indexed,GROWING,GROWING,NO_SEARCH_DATA: query×page join absent,VISIBLE_PRIMARY_OWNER:3,PASS,Submitted and indexed,https://echobuddha.com/learn/sutta-for-daily-life/magga-vibhanga-sutta-eightfold-path/,2026-08-21
https://echobuddha.com/learn/sutta-for-daily-life/metta-sutta-explained-for-daily-life/,SEO_P1_HIGH,SEO_P1_HIGH,UNCHANGED,1 recovery clicks; 5 recovery impressions; GROWING; PASS/Submitted and indexed,GROWING,GROWING,NO_SEARCH_DATA: query×page join absent,NO_VISIBLE_QUERY_DATA,PASS,Submitted and indexed,https://echobuddha.com/learn/sutta-for-daily-life/metta-sutta-explained-for-daily-life/,2026-08-21
https://echobuddha.com/learn/sutta-for-daily-life/mindfulness-of-breathing-explained-simply/,SEO_P2_EMERGING,SEO_P2_EMERGING,UNCHANGED,PASS/Submitted and indexed,INSUFFICIENT_DATA,INSUFFICIENT_VISIBLE_DATA,NO_SEARCH_DATA: query×page join absent,NO_VISIBLE_QUERY_DATA,PASS,Submitted and indexed,https://echobuddha.com/learn/sutta-for-daily-life/mindfulness-of-breathing-explained-simply/,2026-08-21
https://echobuddha.com/learn/sutta-for-daily-life/right-speech-in-daily-life/,SEO_P2_EMERGING,SEO_P2_EMERGING,UNCHANGED,PASS/Submitted and indexed,INSUFFICIENT_DATA,INSUFFICIENT_VISIBLE_DATA,NO_SEARCH_DATA: query×page join absent,NO_VISIBLE_QUERY_DATA,PASS,Submitted and indexed,https://echobuddha.com/learn/sutta-for-daily-life/right-speech-in-daily-life/,2026-08-21
https://echobuddha.com/meditation/10-minute-meditation-practice/,SEO_P2_EMERGING,SEO_P2_EMERGING,UNCHANGED,1 recovery impressions; PASS/Submitted and indexed,INSUFFICIENT_DATA,INSUFFICIENT_VISIBLE_DATA,NO_SEARCH_DATA: query×page join absent,NO_VISIBLE_QUERY_DATA,PASS,Submitted and indexed,https://echobuddha.com/meditation/10-minute-meditation-practice/,2026-08-21
https://echobuddha.com/meditation/5-minute-meditation-practice/,SEO_P2_EMERGING,SEO_P2_EMERGING,UNCHANGED,1 recovery impressions; PASS/Submitted and indexed,INSUFFICIENT_DATA,INSUFFICIENT_VISIBLE_DATA,NO_SEARCH_DATA: query×page join absent,NO_VISIBLE_QUERY_DATA,PASS,Submitted and indexed,https://echobuddha.com/meditation/5-minute-meditation-practice/,2026-08-21
https://echobuddha.com/meditation/breathing-meditation/,SEO_P2_EMERGING,SEO_P2_EMERGING,UNCHANGED,3 recovery impressions; PASS/Submitted and indexed,INSUFFICIENT_DATA,INSUFFICIENT_VISIBLE_DATA,NO_SEARCH_DATA: query×page join absent,NO_VISIBLE_QUERY_DATA,PASS,Submitted and indexed,https://echobuddha.com/meditation/breathing-meditation/,2026-08-21
https://echobuddha.com/meditation/,SEO_P2_EMERGING,SEO_P2_EMERGING,UNCHANGED,6 recovery impressions; PASS/Submitted and indexed,INSUFFICIENT_DATA,INSUFFICIENT_VISIBLE_DATA,NO_SEARCH_DATA: query×page join absent,NO_VISIBLE_QUERY_DATA,PASS,Submitted and indexed,https://echobuddha.com/meditation/,2026-08-21
https://echobuddha.com/meditation/loving-kindness-meditation/,SEO_P2_EMERGING,SEO_P2_EMERGING,UNCHANGED,PASS/Submitted and indexed,INSUFFICIENT_DATA,INSUFFICIENT_VISIBLE_DATA,NO_SEARCH_DATA: query×page join absent,NO_VISIBLE_QUERY_DATA,PASS,Submitted and indexed,https://echobuddha.com/meditation/loving-kindness-meditation/,2026-08-21
https://echobuddha.com/meditation/meditation-for-beginners/,SEO_P3_LIMITED,SEO_P3_LIMITED,UNCHANGED,2 recovery impressions; PASS/Submitted and indexed,INSUFFICIENT_DATA,INSUFFICIENT_VISIBLE_DATA,NO_SEARCH_DATA: query×page join absent,NO_VISIBLE_QUERY_DATA,PASS,Submitted and indexed,https://echobuddha.com/meditation/meditation-for-beginners/,2026-08-21
https://echobuddha.com/meditation/meditation-posture-for-beginners/,SEO_P2_EMERGING,SEO_P2_EMERGING,UNCHANGED,1 recovery impressions; PASS/Submitted and indexed,INSUFFICIENT_DATA,INSUFFICIENT_VISIBLE_DATA,NO_SEARCH_DATA: query×page join absent,NO_VISIBLE_QUERY_DATA,PASS,Submitted and indexed,https://echobuddha.com/meditation/meditation-posture-for-beginners/,2026-08-21
https://echobuddha.com/meditation/mindfulness-in-daily-life/,SEO_P2_EMERGING,SEO_P2_EMERGING,UNCHANGED,1 recovery impressions; PASS/Submitted and indexed,INSUFFICIENT_DATA,INSUFFICIENT_VISIBLE_DATA,NO_SEARCH_DATA: query×page join absent,NO_VISIBLE_QUERY_DATA,PASS,Submitted and indexed,https://echobuddha.com/meditation/mindfulness-in-daily-life/,2026-08-21
https://echobuddha.com/meditation/walking-meditation/,SEO_P2_EMERGING,SEO_P2_EMERGING,UNCHANGED,PASS/Submitted and indexed,INSUFFICIENT_DATA,INSUFFICIENT_VISIBLE_DATA,NO_SEARCH_DATA: query×page join absent,NO_VISIBLE_QUERY_DATA,PASS,Submitted and indexed,https://echobuddha.com/meditation/walking-meditation/,2026-08-21
https://echobuddha.com/meditation/when-meditation-feels-hard/,SEO_P2_EMERGING,SEO_P2_EMERGING,UNCHANGED,1 recovery impressions; PASS/Submitted and indexed,INSUFFICIENT_DATA,INSUFFICIENT_VISIBLE_DATA,NO_SEARCH_DATA: query×page join absent,NO_VISIBLE_QUERY_DATA,PASS,Submitted and indexed,https://echobuddha.com/meditation/when-meditation-feels-hard/,2026-08-21
https://echobuddha.com/meditation-guide/,SEO_P2_EMERGING,SEO_P2_EMERGING,UNCHANGED,21 recovery impressions; PASS/Submitted and indexed,STABLE,GROWING,NO_SEARCH_DATA: query×page join absent,NO_VISIBLE_QUERY_DATA,PASS,Submitted and indexed,https://echobuddha.com/meditation-guide/,2026-08-21
https://echobuddha.com/meditation-safety/,SEO_P3_LIMITED,SEO_P3_LIMITED,UNCHANGED,1 recovery impressions; PASS/Submitted and indexed,INSUFFICIENT_DATA,INSUFFICIENT_VISIBLE_DATA,NO_SEARCH_DATA: query×page join absent,NO_VISIBLE_QUERY_DATA,PASS,Submitted and indexed,https://echobuddha.com/meditation-safety/,2026-08-21
https://echobuddha.com/mindful-living/,SEO_P1_HIGH,SEO_P1_HIGH,UNCHANGED,11 recovery impressions; 1 visible primary query owner rows; PASS/Submitted and indexed,INSUFFICIENT_DATA,GROWING,NO_SEARCH_DATA: query×page join absent,VISIBLE_PRIMARY_OWNER:1,PASS,Submitted and indexed,https://echobuddha.com/mindful-living/,2026-08-21
https://echobuddha.com/privacy-policy/,SEO_P2_EMERGING,SEO_P2_EMERGING,UNCHANGED,4 recovery impressions; PASS/Submitted and indexed,INSUFFICIENT_DATA,INSUFFICIENT_VISIBLE_DATA,NO_SEARCH_DATA: query×page join absent,NO_VISIBLE_QUERY_DATA,PASS,Submitted and indexed,https://echobuddha.com/privacy-policy/,2026-08-21
https://echobuddha.com/quote-attribution-policy/,SEO_P2_EMERGING,SEO_P2_EMERGING,UNCHANGED,2 recovery impressions; PASS/Submitted and indexed,INSUFFICIENT_DATA,INSUFFICIENT_VISIBLE_DATA,NO_SEARCH_DATA: query×page join absent,NO_VISIBLE_QUERY_DATA,PASS,Submitted and indexed,https://echobuddha.com/quote-attribution-policy/,2026-08-21
https://echobuddha.com/quotes/awareness/acceptance-before-next-step/,SEO_P3_LIMITED,SEO_P3_LIMITED,UNCHANGED,PASS/Submitted and indexed,INSUFFICIENT_DATA,INSUFFICIENT_VISIBLE_DATA,NO_SEARCH_DATA: query×page join absent,NO_VISIBLE_QUERY_DATA,PASS,Submitted and indexed,https://echobuddha.com/quotes/awareness/acceptance-before-next-step/,2026-08-21
https://echobuddha.com/quotes/awareness/anger-asks-for-speed-awareness-asks-for-one-more/,SEO_UNKNOWN,SEO_P3_LIMITED,SEO_UNKNOWN → SEO_P3_LIMITED,NEUTRAL/Excluded by ‘noindex’ tag,INSUFFICIENT_DATA,INSUFFICIENT_VISIBLE_DATA,NO_SEARCH_DATA: query×page join absent,NO_VISIBLE_QUERY_DATA,NEUTRAL,Excluded by ‘noindex’ tag,https://echobuddha.com/quotes/awareness/anger-asks-for-speed-awareness-asks-for-one-more/,2026-08-21
https://echobuddha.com/quotes/awareness/awareness-does-not-remove-the-storm-it-keeps-you/,SEO_UNKNOWN,SEO_P3_LIMITED,SEO_UNKNOWN → SEO_P3_LIMITED,PASS/Submitted and indexed,INSUFFICIENT_DATA,INSUFFICIENT_VISIBLE_DATA,NO_SEARCH_DATA: query×page join absent,NO_VISIBLE_QUERY_DATA,PASS,Submitted and indexed,https://echobuddha.com/quotes/awareness/awareness-does-not-remove-the-storm-it-keeps-you/,2026-08-21
https://echobuddha.com/quotes/awareness/clear-seeing-begins-with-the-courage-to-stop-looking/,SEO_UNKNOWN,SEO_P3_LIMITED,SEO_UNKNOWN → SEO_P3_LIMITED,NEUTRAL/Excluded by ‘noindex’ tag,INSUFFICIENT_DATA,INSUFFICIENT_VISIBLE_DATA,NO_SEARCH_DATA: query×page join absent,NO_VISIBLE_QUERY_DATA,NEUTRAL,Excluded by ‘noindex’ tag,https://echobuddha.com/quotes/awareness/clear-seeing-begins-with-the-courage-to-stop-looking/,2026-08-21
https://echobuddha.com/quotes/awareness/feelings-are-honest-about-their-presence-not-always-about/,SEO_UNKNOWN,SEO_P3_LIMITED,SEO_UNKNOWN → SEO_P3_LIMITED,NEUTRAL/Excluded by ‘noindex’ tag,INSUFFICIENT_DATA,INSUFFICIENT_VISIBLE_DATA,NO_SEARCH_DATA: query×page join absent,NO_VISIBLE_QUERY_DATA,NEUTRAL,Excluded by ‘noindex’ tag,https://echobuddha.com/quotes/awareness/feelings-are-honest-about-their-presence-not-always-about/,2026-08-21
https://echobuddha.com/quotes/awareness/feelings-without-the-wheel/,SEO_P3_LIMITED,SEO_P3_LIMITED,UNCHANGED,1 recovery impressions; PASS/Submitted and indexed,INSUFFICIENT_DATA,INSUFFICIENT_VISIBLE_DATA,NO_SEARCH_DATA: query×page join absent,NO_VISIBLE_QUERY_DATA,PASS,Submitted and indexed,https://echobuddha.com/quotes/awareness/feelings-without-the-wheel/,2026-08-21
https://echobuddha.com/quotes/awareness/,SEO_P1_HIGH,SEO_P1_HIGH,UNCHANGED,20 recovery impressions; 2 visible primary query owner rows; PASS/Submitted and indexed,STABLE,STABLE,NO_SEARCH_DATA: query×page join absent,VISIBLE_PRIMARY_OWNER:2,PASS,Submitted and indexed,https://echobuddha.com/quotes/awareness/,2026-08-21
https://echobuddha.com/quotes/awareness/look-beneath-the-reaction-and-you-may-find-a/,SEO_P2_EMERGING,SEO_P2_EMERGING,UNCHANGED,4 recovery impressions; PASS/Submitted and indexed,INSUFFICIENT_DATA,INSUFFICIENT_VISIBLE_DATA,NO_SEARCH_DATA: query×page join absent,NO_VISIBLE_QUERY_DATA,PASS,Submitted and indexed,https://echobuddha.com/quotes/awareness/look-beneath-the-reaction-and-you-may-find-a/,2026-08-21
https://echobuddha.com/quotes/awareness/name-the-feeling-gently-and-it-may-stop-speaking/,SEO_UNKNOWN,SEO_P3_LIMITED,SEO_UNKNOWN → SEO_P3_LIMITED,PASS/Submitted and indexed,INSUFFICIENT_DATA,INSUFFICIENT_VISIBLE_DATA,NO_SEARCH_DATA: query×page join absent,NO_VISIBLE_QUERY_DATA,PASS,Submitted and indexed,https://echobuddha.com/quotes/awareness/name-the-feeling-gently-and-it-may-stop-speaking/,2026-08-21
https://echobuddha.com/quotes/awareness/notice-the-habit-before-trying-to-become-someone-without/,SEO_UNKNOWN,SEO_P3_LIMITED,SEO_UNKNOWN → SEO_P3_LIMITED,NEUTRAL/Excluded by ‘noindex’ tag,INSUFFICIENT_DATA,INSUFFICIENT_VISIBLE_DATA,NO_SEARCH_DATA: query×page join absent,NO_VISIBLE_QUERY_DATA,NEUTRAL,Excluded by ‘noindex’ tag,https://echobuddha.com/quotes/awareness/notice-the-habit-before-trying-to-become-someone-without/,2026-08-21
https://echobuddha.com/quotes/awareness/one-breath-before-anger-replies/,SEO_P3_LIMITED,SEO_P3_LIMITED,UNCHANGED,PASS/Submitted and indexed,INSUFFICIENT_DATA,INSUFFICIENT_VISIBLE_DATA,NO_SEARCH_DATA: query×page join absent,NO_VISIBLE_QUERY_DATA,PASS,Submitted and indexed,https://echobuddha.com/quotes/awareness/one-breath-before-anger-replies/,2026-08-21
https://echobuddha.com/quotes/awareness/small-acts-of-attention-can-turn-an-ordinary-day/,SEO_P2_EMERGING,SEO_P2_EMERGING,UNCHANGED,9 recovery impressions; PASS/Submitted and indexed,INSUFFICIENT_DATA,INSUFFICIENT_VISIBLE_DATA,NO_SEARCH_DATA: query×page join absent,NO_VISIBLE_QUERY_DATA,PASS,Submitted and indexed,https://echobuddha.com/quotes/awareness/small-acts-of-attention-can-turn-an-ordinary-day/,2026-08-21
https://echobuddha.com/quotes/awareness/the-body-often-knows-you-are-overwhelmed-before-the/,SEO_UNKNOWN,SEO_P3_LIMITED,SEO_UNKNOWN → SEO_P3_LIMITED,PASS/Submitted and indexed,INSUFFICIENT_DATA,INSUFFICIENT_VISIBLE_DATA,NO_SEARCH_DATA: query×page join absent,NO_VISIBLE_QUERY_DATA,PASS,Submitted and indexed,https://echobuddha.com/quotes/awareness/the-body-often-knows-you-are-overwhelmed-before-the/,2026-08-21
https://echobuddha.com/quotes/awareness/thoughts-are-visitors/,SEO_P3_LIMITED,SEO_P3_LIMITED,UNCHANGED,1 recovery impressions; PASS/Submitted and indexed,INSUFFICIENT_DATA,INSUFFICIENT_VISIBLE_DATA,NO_SEARCH_DATA: query×page join absent,NO_VISIBLE_QUERY_DATA,PASS,Submitted and indexed,https://echobuddha.com/quotes/awareness/thoughts-are-visitors/,2026-08-21
https://echobuddha.com/quotes/awareness/thoughts-pass-without-commanding-you/,SEO_P3_LIMITED,SEO_P3_LIMITED,UNCHANGED,PASS/Submitted and indexed,INSUFFICIENT_DATA,INSUFFICIENT_VISIBLE_DATA,NO_SEARCH_DATA: query×page join absent,NO_VISIBLE_QUERY_DATA,PASS,Submitted and indexed,https://echobuddha.com/quotes/awareness/thoughts-pass-without-commanding-you/,2026-08-21
https://echobuddha.com/quotes/awareness/what-you-can-observe-clearly-no-longer-controls-you/,SEO_UNKNOWN,SEO_P3_LIMITED,SEO_UNKNOWN → SEO_P3_LIMITED,NEUTRAL/Excluded by ‘noindex’ tag,INSUFFICIENT_DATA,INSUFFICIENT_VISIBLE_DATA,NO_SEARCH_DATA: query×page join absent,NO_VISIBLE_QUERY_DATA,NEUTRAL,Excluded by ‘noindex’ tag,https://echobuddha.com/quotes/awareness/what-you-can-observe-clearly-no-longer-controls-you/,2026-08-21
https://echobuddha.com/quotes/awareness/when-the-mind-tightens-let-the-body-be-your/,SEO_UNKNOWN,SEO_P3_LIMITED,SEO_UNKNOWN → SEO_P3_LIMITED,NEUTRAL/Excluded by ‘noindex’ tag,INSUFFICIENT_DATA,INSUFFICIENT_VISIBLE_DATA,NO_SEARCH_DATA: query×page join absent,NO_VISIBLE_QUERY_DATA,NEUTRAL,Excluded by ‘noindex’ tag,https://echobuddha.com/quotes/awareness/when-the-mind-tightens-let-the-body-be-your/,2026-08-21
https://echobuddha.com/quotes/compassion/a-gentle-response-can-end-suffering-that-anger-would/,SEO_UNKNOWN,SEO_P3_LIMITED,SEO_UNKNOWN → SEO_P3_LIMITED,NEUTRAL/Excluded by ‘noindex’ tag,INSUFFICIENT_DATA,INSUFFICIENT_VISIBLE_DATA,NO_SEARCH_DATA: query×page join absent,NO_VISIBLE_QUERY_DATA,NEUTRAL,Excluded by ‘noindex’ tag,https://echobuddha.com/quotes/compassion/a-gentle-response-can-end-suffering-that-anger-would/,2026-08-21
https://echobuddha.com/quotes/compassion/before-judging-another-life-remember-how-much-of-your/,SEO_UNKNOWN,SEO_P3_LIMITED,SEO_UNKNOWN → SEO_P3_LIMITED,PASS/Submitted and indexed,INSUFFICIENT_DATA,INSUFFICIENT_VISIBLE_DATA,NO_SEARCH_DATA: query×page join absent,NO_VISIBLE_QUERY_DATA,PASS,Submitted and indexed,https://echobuddha.com/quotes/compassion/before-judging-another-life-remember-how-much-of-your/,2026-08-21
https://echobuddha.com/quotes/compassion/compassion-asks-what-hurts-before-it-asks-who-is/,SEO_UNKNOWN,SEO_P3_LIMITED,SEO_UNKNOWN → SEO_P3_LIMITED,PASS/Submitted and indexed,INSUFFICIENT_DATA,INSUFFICIENT_VISIBLE_DATA,NO_SEARCH_DATA: query×page join absent,NO_VISIBLE_QUERY_DATA,PASS,Submitted and indexed,https://echobuddha.com/quotes/compassion/compassion-asks-what-hurts-before-it-asks-who-is/,2026-08-21
https://echobuddha.com/quotes/compassion/compassion-grows-where-judgment-loosens-its-grip/,SEO_UNKNOWN,SEO_P3_LIMITED,SEO_UNKNOWN → SEO_P3_LIMITED,NEUTRAL/Excluded by ‘noindex’ tag,INSUFFICIENT_DATA,INSUFFICIENT_VISIBLE_DATA,NO_SEARCH_DATA: query×page join absent,NO_VISIBLE_QUERY_DATA,NEUTRAL,Excluded by ‘noindex’ tag,https://echobuddha.com/quotes/compassion/compassion-grows-where-judgment-loosens-its-grip/,2026-08-21
https://echobuddha.com/quotes/compassion/compassion-sees-pain-clearly/,SEO_P3_LIMITED,SEO_P3_LIMITED,UNCHANGED,PASS/Submitted and indexed,INSUFFICIENT_DATA,INSUFFICIENT_VISIBLE_DATA,NO_SEARCH_DATA: query×page join absent,NO_VISIBLE_QUERY_DATA,PASS,Submitted and indexed,https://echobuddha.com/quotes/compassion/compassion-sees-pain-clearly/,2026-08-21
https://echobuddha.com/quotes/compassion/gentle-self-compassion/,SEO_P3_LIMITED,SEO_P3_LIMITED,UNCHANGED,PASS/Submitted and indexed,INSUFFICIENT_DATA,INSUFFICIENT_VISIBLE_DATA,NO_SEARCH_DATA: query×page join absent,NO_VISIBLE_QUERY_DATA,PASS,Submitted and indexed,https://echobuddha.com/quotes/compassion/gentle-self-compassion/,2026-08-21
https://echobuddha.com/quotes/compassion/,SEO_P1_HIGH,SEO_P1_HIGH,UNCHANGED,1 recovery clicks; 51 recovery impressions; GROWING; 9 visible primary query owner rows; PASS/Submitted and indexed,GROWING,GROWING,NO_SEARCH_DATA: query×page join absent,VISIBLE_PRIMARY_OWNER:9,PASS,Submitted and indexed,https://echobuddha.com/quotes/compassion/,2026-08-21
https://echobuddha.com/quotes/compassion/kindness-as-quiet-practice/,SEO_P3_LIMITED,SEO_P3_LIMITED,UNCHANGED,1 recovery impressions; PASS/Submitted and indexed,INSUFFICIENT_DATA,INSUFFICIENT_VISIBLE_DATA,NO_SEARCH_DATA: query×page join absent,NO_VISIBLE_QUERY_DATA,PASS,Submitted and indexed,https://echobuddha.com/quotes/compassion/kindness-as-quiet-practice/,2026-08-21
https://echobuddha.com/quotes/compassion/kindness-does-not-need-an-audience-to-become-meaningful/,SEO_UNKNOWN,SEO_P3_LIMITED,SEO_UNKNOWN → SEO_P3_LIMITED,PASS/Submitted and indexed,INSUFFICIENT_DATA,INSUFFICIENT_VISIBLE_DATA,NO_SEARCH_DATA: query×page join absent,NO_VISIBLE_QUERY_DATA,PASS,Submitted and indexed,https://echobuddha.com/quotes/compassion/kindness-does-not-need-an-audience-to-become-meaningful/,2026-08-21
https://echobuddha.com/quotes/compassion/let-kindness-be-the-echo-you-leave-in-every/,SEO_P2_EMERGING,SEO_P2_EMERGING,UNCHANGED,8 recovery impressions; 2 visible primary query owner rows; NEUTRAL/Excluded by ‘noindex’ tag,INSUFFICIENT_DATA,INSUFFICIENT_VISIBLE_DATA,NO_SEARCH_DATA: query×page join absent,VISIBLE_PRIMARY_OWNER:2,NEUTRAL,Excluded by ‘noindex’ tag,https://echobuddha.com/quotes/compassion/let-kindness-be-the-echo-you-leave-in-every/,2026-08-21
https://echobuddha.com/quotes/compassion/let-your-boundaries-be-clear-and-your-heart-remain/,SEO_UNKNOWN,SEO_P3_LIMITED,SEO_UNKNOWN → SEO_P3_LIMITED,NEUTRAL/Excluded by ‘noindex’ tag,INSUFFICIENT_DATA,INSUFFICIENT_VISIBLE_DATA,NO_SEARCH_DATA: query×page join absent,NO_VISIBLE_QUERY_DATA,NEUTRAL,Excluded by ‘noindex’ tag,https://echobuddha.com/quotes/compassion/let-your-boundaries-be-clear-and-your-heart-remain/,2026-08-21
https://echobuddha.com/quotes/compassion/loving-kindness-without-harm/,SEO_P3_LIMITED,SEO_P3_LIMITED,UNCHANGED,3 recovery impressions; PASS/Submitted and indexed,INSUFFICIENT_DATA,INSUFFICIENT_VISIBLE_DATA,NO_SEARCH_DATA: query×page join absent,NO_VISIBLE_QUERY_DATA,PASS,Submitted and indexed,https://echobuddha.com/quotes/compassion/loving-kindness-without-harm/,2026-08-21
https://echobuddha.com/quotes/compassion/offer-others-the-patience-you-hope-to-receive-on/,SEO_UNKNOWN,SEO_P3_LIMITED,SEO_UNKNOWN → SEO_P3_LIMITED,NEUTRAL/Excluded by ‘noindex’ tag,INSUFFICIENT_DATA,INSUFFICIENT_VISIBLE_DATA,NO_SEARCH_DATA: query×page join absent,NO_VISIBLE_QUERY_DATA,NEUTRAL,Excluded by ‘noindex’ tag,https://echobuddha.com/quotes/compassion/offer-others-the-patience-you-hope-to-receive-on/,2026-08-21
https://echobuddha.com/quotes/compassion/small-kindnesses-often-reach-places-that-advice-cannot/,SEO_UNKNOWN,SEO_P3_LIMITED,SEO_UNKNOWN → SEO_P3_LIMITED,NEUTRAL/Excluded by ‘noindex’ tag,INSUFFICIENT_DATA,INSUFFICIENT_VISIBLE_DATA,NO_SEARCH_DATA: query×page join absent,NO_VISIBLE_QUERY_DATA,NEUTRAL,Excluded by ‘noindex’ tag,https://echobuddha.com/quotes/compassion/small-kindnesses-often-reach-places-that-advice-cannot/,2026-08-21
https://echobuddha.com/quotes/compassion/the-heart-becomes-spacious-each-time-it-chooses-care/,SEO_UNKNOWN,SEO_P3_LIMITED,SEO_UNKNOWN → SEO_P3_LIMITED,NEUTRAL/Excluded by ‘noindex’ tag,INSUFFICIENT_DATA,INSUFFICIENT_VISIBLE_DATA,NO_SEARCH_DATA: query×page join absent,NO_VISIBLE_QUERY_DATA,NEUTRAL,Excluded by ‘noindex’ tag,https://echobuddha.com/quotes/compassion/the-heart-becomes-spacious-each-time-it-chooses-care/,2026-08-21
https://echobuddha.com/quotes/compassion/to-understand-someone-is-not-to-excuse-harm-it/,SEO_UNKNOWN,SEO_P3_LIMITED,SEO_UNKNOWN → SEO_P3_LIMITED,NEUTRAL/Excluded by ‘noindex’ tag,INSUFFICIENT_DATA,INSUFFICIENT_VISIBLE_DATA,NO_SEARCH_DATA: query×page join absent,NO_VISIBLE_QUERY_DATA,NEUTRAL,Excluded by ‘noindex’ tag,https://echobuddha.com/quotes/compassion/to-understand-someone-is-not-to-excuse-harm-it/,2026-08-21
https://echobuddha.com/quotes/compassion/when-you-cannot-remove-anothers-burden-do-not-add/,SEO_UNKNOWN,SEO_P3_LIMITED,SEO_UNKNOWN → SEO_P3_LIMITED,NEUTRAL/Excluded by ‘noindex’ tag,INSUFFICIENT_DATA,INSUFFICIENT_VISIBLE_DATA,NO_SEARCH_DATA: query×page join absent,NO_VISIBLE_QUERY_DATA,NEUTRAL,Excluded by ‘noindex’ tag,https://echobuddha.com/quotes/compassion/when-you-cannot-remove-anothers-burden-do-not-add/,2026-08-21
https://echobuddha.com/quotes/impermanence/acceptance-begins-where-the-argument-with-change-ends/,SEO_UNKNOWN,SEO_P3_LIMITED,SEO_UNKNOWN → SEO_P3_LIMITED,PASS/Submitted and indexed,INSUFFICIENT_DATA,INSUFFICIENT_VISIBLE_DATA,NO_SEARCH_DATA: query×page join absent,NO_VISIBLE_QUERY_DATA,PASS,Submitted and indexed,https://echobuddha.com/quotes/impermanence/acceptance-begins-where-the-argument-with-change-ends/,2026-08-21
https://echobuddha.com/quotes/impermanence/because-this-moment-will-pass-meet-it-while-it/,SEO_UNKNOWN,SEO_P3_LIMITED,SEO_UNKNOWN → SEO_P3_LIMITED,PASS/Submitted and indexed,INSUFFICIENT_DATA,INSUFFICIENT_VISIBLE_DATA,NO_SEARCH_DATA: query×page join absent,NO_VISIBLE_QUERY_DATA,PASS,Submitted and indexed,https://echobuddha.com/quotes/impermanence/because-this-moment-will-pass-meet-it-while-it/,2026-08-21
https://echobuddha.com/quotes/impermanence/change-is-how-life-continues/,SEO_P2_EMERGING,SEO_P2_EMERGING,UNCHANGED,8 recovery impressions; 1 visible primary query owner rows; PASS/Submitted and indexed,INSUFFICIENT_DATA,INSUFFICIENT_VISIBLE_DATA,NO_SEARCH_DATA: query×page join absent,VISIBLE_PRIMARY_OWNER:1,PASS,Submitted and indexed,https://echobuddha.com/quotes/impermanence/change-is-how-life-continues/,2026-08-21
https://echobuddha.com/quotes/impermanence/change-takes-nothing-personally-it-simply-continues/,SEO_UNKNOWN,SEO_P3_LIMITED,SEO_UNKNOWN → SEO_P3_LIMITED,NEUTRAL/Excluded by ‘noindex’ tag,INSUFFICIENT_DATA,INSUFFICIENT_VISIBLE_DATA,NO_SEARCH_DATA: query×page join absent,NO_VISIBLE_QUERY_DATA,NEUTRAL,Excluded by ‘noindex’ tag,https://echobuddha.com/quotes/impermanence/change-takes-nothing-personally-it-simply-continues/,2026-08-21
https://echobuddha.com/quotes/impermanence/everything-changes-including-the-part-of-you-that-fears/,SEO_P2_EMERGING,SEO_P2_EMERGING,UNCHANGED,1 recovery impressions; NEUTRAL/Excluded by ‘noindex’ tag,INSUFFICIENT_DATA,INSUFFICIENT_VISIBLE_DATA,NO_SEARCH_DATA: query×page join absent,NO_VISIBLE_QUERY_DATA,NEUTRAL,Excluded by ‘noindex’ tag,https://echobuddha.com/quotes/impermanence/everything-changes-including-the-part-of-you-that-fears/,2026-08-21
https://echobuddha.com/quotes/impermanence/hold-each-day-carefully-knowing-it-cannot-be-held/,SEO_UNKNOWN,SEO_P3_LIMITED,SEO_UNKNOWN → SEO_P3_LIMITED,NEUTRAL/Excluded by ‘noindex’ tag,INSUFFICIENT_DATA,INSUFFICIENT_VISIBLE_DATA,NO_SEARCH_DATA: query×page join absent,NO_VISIBLE_QUERY_DATA,NEUTRAL,Excluded by ‘noindex’ tag,https://echobuddha.com/quotes/impermanence/hold-each-day-carefully-knowing-it-cannot-be-held/,2026-08-21
https://echobuddha.com/quotes/impermanence/,SEO_P2_EMERGING,SEO_P2_EMERGING,UNCHANGED,5 recovery impressions; PASS/Submitted and indexed,INSUFFICIENT_DATA,INSUFFICIENT_VISIBLE_DATA,NO_SEARCH_DATA: query×page join absent,NO_VISIBLE_QUERY_DATA,PASS,Submitted and indexed,https://echobuddha.com/quotes/impermanence/,2026-08-21
https://echobuddha.com/quotes/impermanence/meet-change-softly/,SEO_P3_LIMITED,SEO_P3_LIMITED,UNCHANGED,NEUTRAL/Discovered - currently not indexed,INSUFFICIENT_DATA,INSUFFICIENT_VISIBLE_DATA,NO_SEARCH_DATA: query×page join absent,NO_VISIBLE_QUERY_DATA,NEUTRAL,Discovered - currently not indexed,NOT_REPORTED_BY_URL_INSPECTION,2026-08-21
https://echobuddha.com/quotes/impermanence/no-season-is-asked-to-remain-in-order-to/,SEO_UNKNOWN,SEO_P3_LIMITED,SEO_UNKNOWN → SEO_P3_LIMITED,PASS/Submitted and indexed,INSUFFICIENT_DATA,INSUFFICIENT_VISIBLE_DATA,NO_SEARCH_DATA: query×page join absent,NO_VISIBLE_QUERY_DATA,PASS,Submitted and indexed,https://echobuddha.com/quotes/impermanence/no-season-is-asked-to-remain-in-order-to/,2026-08-21
https://echobuddha.com/quotes/impermanence/the-fading-flower-does-not-make-its-blooming-less/,SEO_P2_EMERGING,SEO_P2_EMERGING,UNCHANGED,1 recovery impressions; PASS/Submitted and indexed,INSUFFICIENT_DATA,INSUFFICIENT_VISIBLE_DATA,NO_SEARCH_DATA: query×page join absent,NO_VISIBLE_QUERY_DATA,PASS,Submitted and indexed,https://echobuddha.com/quotes/impermanence/the-fading-flower-does-not-make-its-blooming-less/,2026-08-21
https://echobuddha.com/quotes/impermanence/the-passing-of-joy-teaches-gratitude-the-passing-of/,SEO_P2_EMERGING,SEO_P2_EMERGING,UNCHANGED,1 recovery impressions; PASS/Submitted and indexed,INSUFFICIENT_DATA,INSUFFICIENT_VISIBLE_DATA,NO_SEARCH_DATA: query×page join absent,NO_VISIBLE_QUERY_DATA,PASS,Submitted and indexed,https://echobuddha.com/quotes/impermanence/the-passing-of-joy-teaches-gratitude-the-passing-of/,2026-08-21
https://echobuddha.com/quotes/impermanence/todays-certainty-may-become-tomorrows-lesson-in-humility/,SEO_UNKNOWN,SEO_P3_LIMITED,SEO_UNKNOWN → SEO_P3_LIMITED,PASS/Submitted and indexed,INSUFFICIENT_DATA,INSUFFICIENT_VISIBLE_DATA,NO_SEARCH_DATA: query×page join absent,NO_VISIBLE_QUERY_DATA,PASS,Submitted and indexed,https://echobuddha.com/quotes/impermanence/todays-certainty-may-become-tomorrows-lesson-in-humility/,2026-08-21
https://echobuddha.com/quotes/impermanence/what-changes-is-not-always-lost-sometimes-it-is/,SEO_UNKNOWN,SEO_P3_LIMITED,SEO_UNKNOWN → SEO_P3_LIMITED,PASS/Submitted and indexed,INSUFFICIENT_DATA,INSUFFICIENT_VISIBLE_DATA,NO_SEARCH_DATA: query×page join absent,NO_VISIBLE_QUERY_DATA,PASS,Submitted and indexed,https://echobuddha.com/quotes/impermanence/what-changes-is-not-always-lost-sometimes-it-is/,2026-08-21
https://echobuddha.com/quotes/,SEO_P1_HIGH,SEO_P1_HIGH,UNCHANGED,25 recovery impressions; PASS/Submitted and indexed,STABLE,STABLE,NO_SEARCH_DATA: query×page join absent,NO_VISIBLE_QUERY_DATA,PASS,Submitted and indexed,https://echobuddha.com/quotes/,2026-08-21
https://echobuddha.com/quotes/letting-go/an-open-hand-can-care-for-what-a-clenched/,SEO_UNKNOWN,SEO_P3_LIMITED,SEO_UNKNOWN → SEO_P3_LIMITED,PASS/Submitted and indexed,INSUFFICIENT_DATA,INSUFFICIENT_VISIBLE_DATA,NO_SEARCH_DATA: query×page join absent,NO_VISIBLE_QUERY_DATA,PASS,Submitted and indexed,https://echobuddha.com/quotes/letting-go/an-open-hand-can-care-for-what-a-clenched/,2026-08-21
https://echobuddha.com/quotes/letting-go/caring-without-clinging/,SEO_P3_LIMITED,SEO_P3_LIMITED,UNCHANGED,2 recovery impressions; PASS/Submitted and indexed,INSUFFICIENT_DATA,INSUFFICIENT_VISIBLE_DATA,NO_SEARCH_DATA: query×page join absent,NO_VISIBLE_QUERY_DATA,PASS,Submitted and indexed,https://echobuddha.com/quotes/letting-go/caring-without-clinging/,2026-08-21
https://echobuddha.com/quotes/letting-go/forgiveness-without-approving-harm/,SEO_P3_LIMITED,SEO_P3_LIMITED,UNCHANGED,PASS/Submitted and indexed,INSUFFICIENT_DATA,INSUFFICIENT_VISIBLE_DATA,NO_SEARCH_DATA: query×page join absent,NO_VISIBLE_QUERY_DATA,PASS,Submitted and indexed,https://echobuddha.com/quotes/letting-go/forgiveness-without-approving-harm/,2026-08-21
https://echobuddha.com/quotes/letting-go/freedom-often-sounds-like-the-quiet-end-of-an/,SEO_UNKNOWN,SEO_P3_LIMITED,SEO_UNKNOWN → SEO_P3_LIMITED,PASS/Submitted and indexed,INSUFFICIENT_DATA,INSUFFICIENT_VISIBLE_DATA,NO_SEARCH_DATA: query×page join absent,NO_VISIBLE_QUERY_DATA,PASS,Submitted and indexed,https://echobuddha.com/quotes/letting-go/freedom-often-sounds-like-the-quiet-end-of-an/,2026-08-21
https://echobuddha.com/quotes/letting-go/,SEO_P0_CRITICAL,SEO_P0_CRITICAL,UNCHANGED,3 recovery clicks; 189 recovery impressions; STRONGLY_GROWING; 22 visible primary query owner rows; PASS/Submitted and indexed,STRONGLY_GROWING,STRONGLY_GROWING,NO_SEARCH_DATA: query×page join absent,VISIBLE_PRIMARY_OWNER:22,PASS,Submitted and indexed,https://echobuddha.com/quotes/letting-go/,2026-08-21
https://echobuddha.com/quotes/letting-go/let-the-feeling-pass-through-without-building-it-a/,SEO_UNKNOWN,SEO_P3_LIMITED,SEO_UNKNOWN → SEO_P3_LIMITED,NEUTRAL/Excluded by ‘noindex’ tag,INSUFFICIENT_DATA,INSUFFICIENT_VISIBLE_DATA,NO_SEARCH_DATA: query×page join absent,NO_VISIBLE_QUERY_DATA,NEUTRAL,Excluded by ‘noindex’ tag,https://echobuddha.com/quotes/letting-go/let-the-feeling-pass-through-without-building-it-a/,2026-08-21
https://echobuddha.com/quotes/letting-go/letting-go-begins-by-admitting-how-tightly-you-are/,SEO_UNKNOWN,SEO_P3_LIMITED,SEO_UNKNOWN → SEO_P3_LIMITED,PASS/Submitted and indexed,INSUFFICIENT_DATA,INSUFFICIENT_VISIBLE_DATA,NO_SEARCH_DATA: query×page join absent,NO_VISIBLE_QUERY_DATA,PASS,Submitted and indexed,https://echobuddha.com/quotes/letting-go/letting-go-begins-by-admitting-how-tightly-you-are/,2026-08-21
https://echobuddha.com/quotes/letting-go/open-hands-non-attachment/,SEO_P3_LIMITED,SEO_P3_LIMITED,UNCHANGED,PASS/Submitted and indexed,INSUFFICIENT_DATA,INSUFFICIENT_VISIBLE_DATA,NO_SEARCH_DATA: query×page join absent,NO_VISIBLE_QUERY_DATA,PASS,Submitted and indexed,https://echobuddha.com/quotes/letting-go/open-hands-non-attachment/,2026-08-21
https://echobuddha.com/quotes/letting-go/peace-enters-when-control-is-no-longer-the-price/,SEO_UNKNOWN,SEO_P3_LIMITED,SEO_UNKNOWN → SEO_P3_LIMITED,PASS/Submitted and indexed,INSUFFICIENT_DATA,INSUFFICIENT_VISIBLE_DATA,NO_SEARCH_DATA: query×page join absent,NO_VISIBLE_QUERY_DATA,PASS,Submitted and indexed,https://echobuddha.com/quotes/letting-go/peace-enters-when-control-is-no-longer-the-price/,2026-08-21
https://echobuddha.com/quotes/letting-go/release-the-need-to-replay-what-can-no-longer/,SEO_UNKNOWN,SEO_P3_LIMITED,SEO_UNKNOWN → SEO_P3_LIMITED,PASS/Submitted and indexed,INSUFFICIENT_DATA,INSUFFICIENT_VISIBLE_DATA,NO_SEARCH_DATA: query×page join absent,NO_VISIBLE_QUERY_DATA,PASS,Submitted and indexed,https://echobuddha.com/quotes/letting-go/release-the-need-to-replay-what-can-no-longer/,2026-08-21
https://echobuddha.com/quotes/letting-go/release-the-outcome-but-keep-the-care-you-bring/,SEO_UNKNOWN,SEO_P3_LIMITED,SEO_UNKNOWN → SEO_P3_LIMITED,NEUTRAL/Excluded by ‘noindex’ tag,INSUFFICIENT_DATA,INSUFFICIENT_VISIBLE_DATA,NO_SEARCH_DATA: query×page join absent,NO_VISIBLE_QUERY_DATA,NEUTRAL,Excluded by ‘noindex’ tag,https://echobuddha.com/quotes/letting-go/release-the-outcome-but-keep-the-care-you-bring/,2026-08-21
https://echobuddha.com/quotes/letting-go/soften-around-stress/,SEO_P3_LIMITED,SEO_P3_LIMITED,UNCHANGED,2 recovery impressions; PASS/Submitted and indexed,INSUFFICIENT_DATA,INSUFFICIENT_VISIBLE_DATA,NO_SEARCH_DATA: query×page join absent,NO_VISIBLE_QUERY_DATA,PASS,Submitted and indexed,https://echobuddha.com/quotes/letting-go/soften-around-stress/,2026-08-21
https://echobuddha.com/quotes/letting-go/what-leaves-your-life-may-still-leave-wisdom-behind/,SEO_P2_EMERGING,SEO_P2_EMERGING,UNCHANGED,3 recovery impressions; NEUTRAL/Excluded by ‘noindex’ tag,INSUFFICIENT_DATA,INSUFFICIENT_VISIBLE_DATA,NO_SEARCH_DATA: query×page join absent,NO_VISIBLE_QUERY_DATA,NEUTRAL,Excluded by ‘noindex’ tag,https://echobuddha.com/quotes/letting-go/what-leaves-your-life-may-still-leave-wisdom-behind/,2026-08-21
https://echobuddha.com/quotes/letting-go/where-attachment-begins/,SEO_P3_LIMITED,SEO_P3_LIMITED,UNCHANGED,NEUTRAL/Discovered - currently not indexed,INSUFFICIENT_DATA,INSUFFICIENT_VISIBLE_DATA,NO_SEARCH_DATA: query×page join absent,NO_VISIBLE_QUERY_DATA,NEUTRAL,Discovered - currently not indexed,NOT_REPORTED_BY_URL_INSPECTION,2026-08-21
https://echobuddha.com/quotes/letting-go/you-can-honor-the-past-without-asking-it-to/,SEO_UNKNOWN,SEO_P3_LIMITED,SEO_UNKNOWN → SEO_P3_LIMITED,PASS/Submitted and indexed,INSUFFICIENT_DATA,INSUFFICIENT_VISIBLE_DATA,NO_SEARCH_DATA: query×page join absent,NO_VISIBLE_QUERY_DATA,PASS,Submitted and indexed,https://echobuddha.com/quotes/letting-go/you-can-honor-the-past-without-asking-it-to/,2026-08-21
https://echobuddha.com/quotes/letting-go/you-do-not-betray-a-memory-by-allowing-yourself/,SEO_UNKNOWN,SEO_P3_LIMITED,SEO_UNKNOWN → SEO_P3_LIMITED,NEUTRAL/Excluded by ‘noindex’ tag,INSUFFICIENT_DATA,INSUFFICIENT_VISIBLE_DATA,NO_SEARCH_DATA: query×page join absent,NO_VISIBLE_QUERY_DATA,NEUTRAL,Excluded by ‘noindex’ tag,https://echobuddha.com/quotes/letting-go/you-do-not-betray-a-memory-by-allowing-yourself/,2026-08-21
https://echobuddha.com/quotes/letting-go/you-do-not-need-to-carry-every-thought-that/,SEO_P2_EMERGING,SEO_P2_EMERGING,UNCHANGED,7 recovery impressions; 2 visible primary query owner rows; NEUTRAL/Excluded by ‘noindex’ tag,INSUFFICIENT_DATA,INSUFFICIENT_VISIBLE_DATA,NO_SEARCH_DATA: query×page join absent,VISIBLE_PRIMARY_OWNER:2,NEUTRAL,Excluded by ‘noindex’ tag,https://echobuddha.com/quotes/letting-go/you-do-not-need-to-carry-every-thought-that/,2026-08-21
https://echobuddha.com/quotes/meditation/a-short-sincere-practice-can-steady-a-long-and/,SEO_P2_EMERGING,SEO_P2_EMERGING,UNCHANGED,1 recovery impressions; PASS/Submitted and indexed,INSUFFICIENT_DATA,INSUFFICIENT_VISIBLE_DATA,NO_SEARCH_DATA: query×page join absent,NO_VISIBLE_QUERY_DATA,PASS,Submitted and indexed,https://echobuddha.com/quotes/meditation/a-short-sincere-practice-can-steady-a-long-and/,2026-08-21
https://echobuddha.com/quotes/meditation/do-not-search-meditation-for-a-special-self-notice/,SEO_UNKNOWN,SEO_P3_LIMITED,SEO_UNKNOWN → SEO_P3_LIMITED,NEUTRAL/Excluded by ‘noindex’ tag,INSUFFICIENT_DATA,INSUFFICIENT_VISIBLE_DATA,NO_SEARCH_DATA: query×page join absent,NO_VISIBLE_QUERY_DATA,NEUTRAL,Excluded by ‘noindex’ tag,https://echobuddha.com/quotes/meditation/do-not-search-meditation-for-a-special-self-notice/,2026-08-21
https://echobuddha.com/quotes/meditation/every-return-from-distraction-strengthens-the-path-home/,SEO_UNKNOWN,SEO_P3_LIMITED,SEO_UNKNOWN → SEO_P3_LIMITED,NEUTRAL/Excluded by ‘noindex’ tag,INSUFFICIENT_DATA,INSUFFICIENT_VISIBLE_DATA,NO_SEARCH_DATA: query×page join absent,NO_VISIBLE_QUERY_DATA,NEUTRAL,Excluded by ‘noindex’ tag,https://echobuddha.com/quotes/meditation/every-return-from-distraction-strengthens-the-path-home/,2026-08-21
https://echobuddha.com/quotes/meditation/few-quiet-minutes/,SEO_P3_LIMITED,SEO_P3_LIMITED,UNCHANGED,PASS/Submitted and indexed,INSUFFICIENT_DATA,INSUFFICIENT_VISIBLE_DATA,NO_SEARCH_DATA: query×page join absent,NO_VISIBLE_QUERY_DATA,PASS,Submitted and indexed,https://echobuddha.com/quotes/meditation/few-quiet-minutes/,2026-08-21
https://echobuddha.com/quotes/meditation/follow-the-breath-lightly-as-you-would-listen-to/,SEO_UNKNOWN,SEO_P3_LIMITED,SEO_UNKNOWN → SEO_P3_LIMITED,NEUTRAL/Excluded by ‘noindex’ tag,INSUFFICIENT_DATA,INSUFFICIENT_VISIBLE_DATA,NO_SEARCH_DATA: query×page join absent,NO_VISIBLE_QUERY_DATA,NEUTRAL,Excluded by ‘noindex’ tag,https://echobuddha.com/quotes/meditation/follow-the-breath-lightly-as-you-would-listen-to/,2026-08-21
https://echobuddha.com/quotes/meditation/,SEO_P1_HIGH,SEO_P1_HIGH,UNCHANGED,14 recovery impressions; 2 visible primary query owner rows; PASS/Submitted and indexed,STABLE,STABLE,NO_SEARCH_DATA: query×page join absent,VISIBLE_PRIMARY_OWNER:2,PASS,Submitted and indexed,https://echobuddha.com/quotes/meditation/,2026-08-21
https://echobuddha.com/quotes/meditation/meditation-is-not-leaving-life-it-is-learning-how/,SEO_P2_EMERGING,SEO_P2_EMERGING,UNCHANGED,1 recovery impressions; PASS/Submitted and indexed,INSUFFICIENT_DATA,INSUFFICIENT_VISIBLE_DATA,NO_SEARCH_DATA: query×page join absent,NO_VISIBLE_QUERY_DATA,PASS,Submitted and indexed,https://echobuddha.com/quotes/meditation/meditation-is-not-leaving-life-it-is-learning-how/,2026-08-21
https://echobuddha.com/quotes/meditation/meditation-is-returning/,SEO_P3_LIMITED,SEO_P3_LIMITED,UNCHANGED,PASS/Submitted and indexed,INSUFFICIENT_DATA,INSUFFICIENT_VISIBLE_DATA,NO_SEARCH_DATA: query×page join absent,NO_VISIBLE_QUERY_DATA,PASS,Submitted and indexed,https://echobuddha.com/quotes/meditation/meditation-is-returning/,2026-08-21
https://echobuddha.com/quotes/meditation/one-honest-breath/,SEO_P3_LIMITED,SEO_P3_LIMITED,UNCHANGED,PASS/Submitted and indexed,INSUFFICIENT_DATA,INSUFFICIENT_VISIBLE_DATA,NO_SEARCH_DATA: query×page join absent,NO_VISIBLE_QUERY_DATA,PASS,Submitted and indexed,https://echobuddha.com/quotes/meditation/one-honest-breath/,2026-08-21
https://echobuddha.com/quotes/meditation/silence-is-not-empty-when-the-heart-is-listening/,SEO_P2_EMERGING,SEO_P2_EMERGING,UNCHANGED,4 recovery impressions; PASS/Submitted and indexed,INSUFFICIENT_DATA,INSUFFICIENT_VISIBLE_DATA,NO_SEARCH_DATA: query×page join absent,NO_VISIBLE_QUERY_DATA,PASS,Submitted and indexed,https://echobuddha.com/quotes/meditation/silence-is-not-empty-when-the-heart-is-listening/,2026-08-21
https://echobuddha.com/quotes/meditation/sit-with-the-day-as-it-is-before-asking/,SEO_P2_EMERGING,SEO_P2_EMERGING,UNCHANGED,2 recovery impressions; PASS/Submitted and indexed,INSUFFICIENT_DATA,INSUFFICIENT_VISIBLE_DATA,NO_SEARCH_DATA: query×page join absent,NO_VISIBLE_QUERY_DATA,PASS,Submitted and indexed,https://echobuddha.com/quotes/meditation/sit-with-the-day-as-it-is-before-asking/,2026-08-21
https://echobuddha.com/quotes/meditation/sit-without-demanding-silence-and-the-mind-will-teach/,SEO_UNKNOWN,SEO_P3_LIMITED,SEO_UNKNOWN → SEO_P3_LIMITED,PASS/Submitted and indexed,INSUFFICIENT_DATA,INSUFFICIENT_VISIBLE_DATA,NO_SEARCH_DATA: query×page join absent,NO_VISIBLE_QUERY_DATA,PASS,Submitted and indexed,https://echobuddha.com/quotes/meditation/sit-without-demanding-silence-and-the-mind-will-teach/,2026-08-21
https://echobuddha.com/quotes/meditation/the-bell-fades-but-careful-listening-can-continue/,SEO_UNKNOWN,SEO_P3_LIMITED,SEO_UNKNOWN → SEO_P3_LIMITED,PASS/Submitted and indexed,INSUFFICIENT_DATA,INSUFFICIENT_VISIBLE_DATA,NO_SEARCH_DATA: query×page join absent,NO_VISIBLE_QUERY_DATA,PASS,Submitted and indexed,https://echobuddha.com/quotes/meditation/the-bell-fades-but-careful-listening-can-continue/,2026-08-21
https://echobuddha.com/quotes/meditation/the-cushion-is-a-place-to-practice-returning-not/,SEO_UNKNOWN,SEO_P3_LIMITED,SEO_UNKNOWN → SEO_P3_LIMITED,PASS/Submitted and indexed,INSUFFICIENT_DATA,INSUFFICIENT_VISIBLE_DATA,NO_SEARCH_DATA: query×page join absent,NO_VISIBLE_QUERY_DATA,PASS,Submitted and indexed,https://echobuddha.com/quotes/meditation/the-cushion-is-a-place-to-practice-returning-not/,2026-08-21
https://echobuddha.com/quotes/meditation/when-stillness-feels-impossible-begin-by-noticing-the-restlessness/,SEO_P2_EMERGING,SEO_P2_EMERGING,UNCHANGED,2 recovery impressions; PASS/Submitted and indexed,INSUFFICIENT_DATA,INSUFFICIENT_VISIBLE_DATA,NO_SEARCH_DATA: query×page join absent,NO_VISIBLE_QUERY_DATA,PASS,Submitted and indexed,https://echobuddha.com/quotes/meditation/when-stillness-feels-impossible-begin-by-noticing-the-restlessness/,2026-08-21
https://echobuddha.com/quotes/mindfulness/a-peaceful-mind-begins-with-one-honest-breath/,SEO_P2_EMERGING,SEO_P2_EMERGING,UNCHANGED,5 recovery impressions; PASS/Submitted and indexed,INSUFFICIENT_DATA,INSUFFICIENT_VISIBLE_DATA,NO_SEARCH_DATA: query×page join absent,NO_VISIBLE_QUERY_DATA,PASS,Submitted and indexed,https://echobuddha.com/quotes/mindfulness/a-peaceful-mind-begins-with-one-honest-breath/,2026-08-21
https://echobuddha.com/quotes/mindfulness/a-wandering-mind-is-not-a-failed-mind-it/,SEO_UNKNOWN,SEO_P3_LIMITED,SEO_UNKNOWN → SEO_P3_LIMITED,NEUTRAL/Excluded by ‘noindex’ tag,INSUFFICIENT_DATA,INSUFFICIENT_VISIBLE_DATA,NO_SEARCH_DATA: query×page join absent,NO_VISIBLE_QUERY_DATA,NEUTRAL,Excluded by ‘noindex’ tag,https://echobuddha.com/quotes/mindfulness/a-wandering-mind-is-not-a-failed-mind-it/,2026-08-21
https://echobuddha.com/quotes/mindfulness/awareness-begins-when-hurry-loosens-its-hold/,SEO_UNKNOWN,SEO_P3_LIMITED,SEO_UNKNOWN → SEO_P3_LIMITED,PASS/Submitted and indexed,INSUFFICIENT_DATA,INSUFFICIENT_VISIBLE_DATA,NO_SEARCH_DATA: query×page join absent,NO_VISIBLE_QUERY_DATA,PASS,Submitted and indexed,https://echobuddha.com/quotes/mindfulness/awareness-begins-when-hurry-loosens-its-hold/,2026-08-21
https://echobuddha.com/quotes/mindfulness/begin-the-day-with-awareness/,SEO_P3_LIMITED,SEO_P3_LIMITED,UNCHANGED,1 recovery impressions; PASS/Submitted and indexed,INSUFFICIENT_DATA,INSUFFICIENT_VISIBLE_DATA,NO_SEARCH_DATA: query×page join absent,NO_VISIBLE_QUERY_DATA,PASS,Submitted and indexed,https://echobuddha.com/quotes/mindfulness/begin-the-day-with-awareness/,2026-08-21
https://echobuddha.com/quotes/mindfulness/give-one-ordinary-task-the-dignity-of-your-full/,SEO_UNKNOWN,SEO_P3_LIMITED,SEO_UNKNOWN → SEO_P3_LIMITED,PASS/Submitted and indexed,INSUFFICIENT_DATA,INSUFFICIENT_VISIBLE_DATA,NO_SEARCH_DATA: query×page join absent,NO_VISIBLE_QUERY_DATA,PASS,Submitted and indexed,https://echobuddha.com/quotes/mindfulness/give-one-ordinary-task-the-dignity-of-your-full/,2026-08-21
https://echobuddha.com/quotes/mindfulness/gratitude-notices-enough/,SEO_P3_LIMITED,SEO_P3_LIMITED,UNCHANGED,PASS/Submitted and indexed,INSUFFICIENT_DATA,INSUFFICIENT_VISIBLE_DATA,NO_SEARCH_DATA: query×page join absent,NO_VISIBLE_QUERY_DATA,PASS,Submitted and indexed,https://echobuddha.com/quotes/mindfulness/gratitude-notices-enough/,2026-08-21
https://echobuddha.com/quotes/mindfulness/ground-yourself-gently/,SEO_P3_LIMITED,SEO_P3_LIMITED,UNCHANGED,1 recovery impressions; PASS/Submitted and indexed,INSUFFICIENT_DATA,INSUFFICIENT_VISIBLE_DATA,NO_SEARCH_DATA: query×page join absent,NO_VISIBLE_QUERY_DATA,PASS,Submitted and indexed,https://echobuddha.com/quotes/mindfulness/ground-yourself-gently/,2026-08-21
https://echobuddha.com/quotes/mindfulness/,SEO_P1_HIGH,SEO_P1_HIGH,UNCHANGED,1 recovery clicks; 20 recovery impressions; GROWING; 3 visible primary query owner rows; PASS/Submitted and indexed,GROWING,GROWING,NO_SEARCH_DATA: query×page join absent,VISIBLE_PRIMARY_OWNER:3,PASS,Submitted and indexed,https://echobuddha.com/quotes/mindfulness/,2026-08-21
https://echobuddha.com/quotes/mindfulness/listen-before-answering/,SEO_P3_LIMITED,SEO_P2_EMERGING,SEO_P3_LIMITED → SEO_P2_EMERGING,6 recovery impressions; PASS/Submitted and indexed,INSUFFICIENT_DATA,INSUFFICIENT_VISIBLE_DATA,NO_SEARCH_DATA: query×page join absent,NO_VISIBLE_QUERY_DATA,PASS,Submitted and indexed,https://echobuddha.com/quotes/mindfulness/listen-before-answering/,2026-08-21
https://echobuddha.com/quotes/mindfulness/listen-to-the-moment-before-filling-it-with-your/,SEO_P2_EMERGING,SEO_P2_EMERGING,UNCHANGED,1 recovery impressions; PASS/Submitted and indexed,INSUFFICIENT_DATA,INSUFFICIENT_VISIBLE_DATA,NO_SEARCH_DATA: query×page join absent,NO_VISIBLE_QUERY_DATA,PASS,Submitted and indexed,https://echobuddha.com/quotes/mindfulness/listen-to-the-moment-before-filling-it-with-your/,2026-08-21
https://echobuddha.com/quotes/mindfulness/notice-what-is-here-before-deciding-what-it-means/,SEO_UNKNOWN,SEO_P3_LIMITED,SEO_UNKNOWN → SEO_P3_LIMITED,PASS/Submitted and indexed,INSUFFICIENT_DATA,INSUFFICIENT_VISIBLE_DATA,NO_SEARCH_DATA: query×page join absent,NO_VISIBLE_QUERY_DATA,PASS,Submitted and indexed,https://echobuddha.com/quotes/mindfulness/notice-what-is-here-before-deciding-what-it-means/,2026-08-21
https://echobuddha.com/quotes/mindfulness/one-mindful-pause-can-change-the-direction-of-an/,SEO_P2_EMERGING,SEO_P2_EMERGING,UNCHANGED,1 recovery impressions; NEUTRAL/Excluded by ‘noindex’ tag,INSUFFICIENT_DATA,INSUFFICIENT_VISIBLE_DATA,NO_SEARCH_DATA: query×page join absent,NO_VISIBLE_QUERY_DATA,NEUTRAL,Excluded by ‘noindex’ tag,https://echobuddha.com/quotes/mindfulness/one-mindful-pause-can-change-the-direction-of-an/,2026-08-21
https://echobuddha.com/quotes/mindfulness/peace-begins-with-attention/,SEO_P3_LIMITED,SEO_P3_LIMITED,UNCHANGED,PASS/Submitted and indexed,INSUFFICIENT_DATA,INSUFFICIENT_VISIBLE_DATA,NO_SEARCH_DATA: query×page join absent,NO_VISIBLE_QUERY_DATA,PASS,Submitted and indexed,https://echobuddha.com/quotes/mindfulness/peace-begins-with-attention/,2026-08-21
https://echobuddha.com/quotes/mindfulness/peace-grows-when-attention-stops-running-ahead-of-the/,SEO_UNKNOWN,SEO_P3_LIMITED,SEO_UNKNOWN → SEO_P3_LIMITED,PASS/Submitted and indexed,INSUFFICIENT_DATA,INSUFFICIENT_VISIBLE_DATA,NO_SEARCH_DATA: query×page join absent,NO_VISIBLE_QUERY_DATA,PASS,Submitted and indexed,https://echobuddha.com/quotes/mindfulness/peace-grows-when-attention-stops-running-ahead-of-the/,2026-08-21
https://echobuddha.com/quotes/mindfulness/present-moment-one-step/,SEO_P3_LIMITED,SEO_P3_LIMITED,UNCHANGED,PASS/Submitted and indexed,INSUFFICIENT_DATA,INSUFFICIENT_VISIBLE_DATA,NO_SEARCH_DATA: query×page join absent,NO_VISIBLE_QUERY_DATA,PASS,Submitted and indexed,https://echobuddha.com/quotes/mindfulness/present-moment-one-step/,2026-08-21
https://echobuddha.com/quotes/mindfulness/return-to-the-breath-before-you-return-to-the/,SEO_UNKNOWN,SEO_P3_LIMITED,SEO_UNKNOWN → SEO_P3_LIMITED,PASS/Submitted and indexed,INSUFFICIENT_DATA,INSUFFICIENT_VISIBLE_DATA,NO_SEARCH_DATA: query×page join absent,NO_VISIBLE_QUERY_DATA,PASS,Submitted and indexed,https://echobuddha.com/quotes/mindfulness/return-to-the-breath-before-you-return-to-the/,2026-08-21
https://echobuddha.com/quotes/mindfulness/the-more-clearly-you-notice-life-the-less-carelessly/,SEO_UNKNOWN,SEO_P3_LIMITED,SEO_UNKNOWN → SEO_P3_LIMITED,NEUTRAL/Excluded by ‘noindex’ tag,INSUFFICIENT_DATA,INSUFFICIENT_VISIBLE_DATA,NO_SEARCH_DATA: query×page join absent,NO_VISIBLE_QUERY_DATA,NEUTRAL,Excluded by ‘noindex’ tag,https://echobuddha.com/quotes/mindfulness/the-more-clearly-you-notice-life-the-less-carelessly/,2026-08-21
https://echobuddha.com/quotes/mindfulness/the-present-moment-asks-for-your-attention-not-your/,SEO_UNKNOWN,SEO_P3_LIMITED,SEO_UNKNOWN → SEO_P3_LIMITED,PASS/Submitted and indexed,INSUFFICIENT_DATA,INSUFFICIENT_VISIBLE_DATA,NO_SEARCH_DATA: query×page join absent,NO_VISIBLE_QUERY_DATA,PASS,Submitted and indexed,https://echobuddha.com/quotes/mindfulness/the-present-moment-asks-for-your-attention-not-your/,2026-08-21
https://echobuddha.com/quotes/patience/a-difficult-moment-becomes-heavier-when-we-demand-that/,SEO_UNKNOWN,SEO_P3_LIMITED,SEO_UNKNOWN → SEO_P3_LIMITED,NEUTRAL/Excluded by ‘noindex’ tag,INSUFFICIENT_DATA,INSUFFICIENT_VISIBLE_DATA,NO_SEARCH_DATA: query×page join absent,NO_VISIBLE_QUERY_DATA,NEUTRAL,Excluded by ‘noindex’ tag,https://echobuddha.com/quotes/patience/a-difficult-moment-becomes-heavier-when-we-demand-that/,2026-08-21
https://echobuddha.com/quotes/patience/be-patient-with-the-part-of-you-that-is/,SEO_UNKNOWN,SEO_P3_LIMITED,SEO_UNKNOWN → SEO_P3_LIMITED,PASS/Submitted and indexed,INSUFFICIENT_DATA,INSUFFICIENT_VISIBLE_DATA,NO_SEARCH_DATA: query×page join absent,NO_VISIBLE_QUERY_DATA,PASS,Submitted and indexed,https://echobuddha.com/quotes/patience/be-patient-with-the-part-of-you-that-is/,2026-08-21
https://echobuddha.com/quotes/patience/family-kindness-and-patience/,SEO_P3_LIMITED,SEO_P3_LIMITED,UNCHANGED,PASS/Submitted and indexed,INSUFFICIENT_DATA,INSUFFICIENT_VISIBLE_DATA,NO_SEARCH_DATA: query×page join absent,NO_VISIBLE_QUERY_DATA,PASS,Submitted and indexed,https://echobuddha.com/quotes/patience/family-kindness-and-patience/,2026-08-21
https://echobuddha.com/quotes/patience/growth-is-quiet-work-often-invisible-until-the-season/,SEO_UNKNOWN,SEO_P3_LIMITED,SEO_UNKNOWN → SEO_P3_LIMITED,PASS/Submitted and indexed,INSUFFICIENT_DATA,INSUFFICIENT_VISIBLE_DATA,NO_SEARCH_DATA: query×page join absent,NO_VISIBLE_QUERY_DATA,PASS,Submitted and indexed,https://echobuddha.com/quotes/patience/growth-is-quiet-work-often-invisible-until-the-season/,2026-08-21
https://echobuddha.com/quotes/patience/,SEO_P1_HIGH,SEO_P1_HIGH,UNCHANGED,1 recovery clicks; 182 recovery impressions; STRONGLY_GROWING; 21 visible primary query owner rows; PASS/Submitted and indexed,STRONGLY_GROWING,STRONGLY_GROWING,NO_SEARCH_DATA: query×page join absent,VISIBLE_PRIMARY_OWNER:21,PASS,Submitted and indexed,https://echobuddha.com/quotes/patience/,2026-08-21
https://echobuddha.com/quotes/patience/not-every-delay-is-an-obstacle-some-are-invitations/,SEO_UNKNOWN,SEO_P3_LIMITED,SEO_UNKNOWN → SEO_P3_LIMITED,NEUTRAL/Excluded by ‘noindex’ tag,INSUFFICIENT_DATA,INSUFFICIENT_VISIBLE_DATA,NO_SEARCH_DATA: query×page join absent,NO_VISIBLE_QUERY_DATA,NEUTRAL,Excluded by ‘noindex’ tag,https://echobuddha.com/quotes/patience/not-every-delay-is-an-obstacle-some-are-invitations/,2026-08-21
https://echobuddha.com/quotes/patience/patience-is-the-strength-to-remain-present-while-life/,SEO_UNKNOWN,SEO_P3_LIMITED,SEO_UNKNOWN → SEO_P3_LIMITED,PASS/Submitted and indexed,INSUFFICIENT_DATA,INSUFFICIENT_VISIBLE_DATA,NO_SEARCH_DATA: query×page join absent,NO_VISIBLE_QUERY_DATA,PASS,Submitted and indexed,https://echobuddha.com/quotes/patience/patience-is-the-strength-to-remain-present-while-life/,2026-08-21
https://echobuddha.com/quotes/patience/patience-makes-room-for-truth-to-arrive-without-force/,SEO_UNKNOWN,SEO_P3_LIMITED,SEO_UNKNOWN → SEO_P3_LIMITED,PASS/Submitted and indexed,INSUFFICIENT_DATA,INSUFFICIENT_VISIBLE_DATA,NO_SEARCH_DATA: query×page join absent,NO_VISIBLE_QUERY_DATA,PASS,Submitted and indexed,https://echobuddha.com/quotes/patience/patience-makes-room-for-truth-to-arrive-without-force/,2026-08-21
https://echobuddha.com/quotes/patience/patience-softens-the-wait/,SEO_P3_LIMITED,SEO_P3_LIMITED,UNCHANGED,PASS/Submitted and indexed,INSUFFICIENT_DATA,INSUFFICIENT_VISIBLE_DATA,NO_SEARCH_DATA: query×page join absent,NO_VISIBLE_QUERY_DATA,PASS,Submitted and indexed,https://echobuddha.com/quotes/patience/patience-softens-the-wait/,2026-08-21
https://echobuddha.com/quotes/patience/some-answers-become-clear-only-after-the-mind-stops/,SEO_UNKNOWN,SEO_P3_LIMITED,SEO_UNKNOWN → SEO_P3_LIMITED,PASS/Submitted and indexed,INSUFFICIENT_DATA,INSUFFICIENT_VISIBLE_DATA,NO_SEARCH_DATA: query×page join absent,NO_VISIBLE_QUERY_DATA,PASS,Submitted and indexed,https://echobuddha.com/quotes/patience/some-answers-become-clear-only-after-the-mind-stops/,2026-08-21
https://echobuddha.com/quotes/patience/stay-gentle-with-beginnings-they-are-carrying-more-than/,SEO_UNKNOWN,SEO_P3_LIMITED,SEO_UNKNOWN → SEO_P3_LIMITED,NEUTRAL/Excluded by ‘noindex’ tag,INSUFFICIENT_DATA,INSUFFICIENT_VISIBLE_DATA,NO_SEARCH_DATA: query×page join absent,NO_VISIBLE_QUERY_DATA,NEUTRAL,Excluded by ‘noindex’ tag,https://echobuddha.com/quotes/patience/stay-gentle-with-beginnings-they-are-carrying-more-than/,2026-08-21
https://echobuddha.com/quotes/patience/the-path-unfolds-at-the-pace-of-sincere-practice/,SEO_UNKNOWN,SEO_P3_LIMITED,SEO_UNKNOWN → SEO_P3_LIMITED,NEUTRAL/Excluded by ‘noindex’ tag,INSUFFICIENT_DATA,INSUFFICIENT_VISIBLE_DATA,NO_SEARCH_DATA: query×page join absent,NO_VISIBLE_QUERY_DATA,NEUTRAL,Excluded by ‘noindex’ tag,https://echobuddha.com/quotes/patience/the-path-unfolds-at-the-pace-of-sincere-practice/,2026-08-21
https://echobuddha.com/quotes/patience/wait-long-enough-for-the-first-reaction-to-become/,SEO_UNKNOWN,SEO_P3_LIMITED,SEO_UNKNOWN → SEO_P3_LIMITED,PASS/Submitted and indexed,INSUFFICIENT_DATA,INSUFFICIENT_VISIBLE_DATA,NO_SEARCH_DATA: query×page join absent,NO_VISIBLE_QUERY_DATA,PASS,Submitted and indexed,https://echobuddha.com/quotes/patience/wait-long-enough-for-the-first-reaction-to-become/,2026-08-21
https://echobuddha.com/quotes/patience/when-anger-rises-pause-long-enough-to-see-the/,SEO_P2_EMERGING,SEO_P2_EMERGING,UNCHANGED,10 recovery impressions; PASS/Submitted and indexed,INSUFFICIENT_DATA,STABLE,NO_SEARCH_DATA: query×page join absent,NO_VISIBLE_QUERY_DATA,PASS,Submitted and indexed,https://echobuddha.com/quotes/patience/when-anger-rises-pause-long-enough-to-see-the/,2026-08-21
https://echobuddha.com/quotes/practice/a-peaceful-life-is-built-from-peaceful-moments-practiced/,SEO_UNKNOWN,SEO_P3_LIMITED,SEO_UNKNOWN → SEO_P3_LIMITED,NEUTRAL/Excluded by ‘noindex’ tag,INSUFFICIENT_DATA,INSUFFICIENT_VISIBLE_DATA,NO_SEARCH_DATA: query×page join absent,NO_VISIBLE_QUERY_DATA,NEUTRAL,Excluded by ‘noindex’ tag,https://echobuddha.com/quotes/practice/a-peaceful-life-is-built-from-peaceful-moments-practiced/,2026-08-21
https://echobuddha.com/quotes/practice/begin-with-what-is-possible-then-return-tomorrow/,SEO_UNKNOWN,SEO_P3_LIMITED,SEO_UNKNOWN → SEO_P3_LIMITED,NEUTRAL/Excluded by ‘noindex’ tag,INSUFFICIENT_DATA,INSUFFICIENT_VISIBLE_DATA,NO_SEARCH_DATA: query×page join absent,NO_VISIBLE_QUERY_DATA,NEUTRAL,Excluded by ‘noindex’ tag,https://echobuddha.com/quotes/practice/begin-with-what-is-possible-then-return-tomorrow/,2026-08-21
https://echobuddha.com/quotes/practice/bring-the-teaching-into-the-place-where-you-are/,SEO_UNKNOWN,SEO_P3_LIMITED,SEO_UNKNOWN → SEO_P3_LIMITED,NEUTRAL/Excluded by ‘noindex’ tag,INSUFFICIENT_DATA,INSUFFICIENT_VISIBLE_DATA,NO_SEARCH_DATA: query×page join absent,NO_VISIBLE_QUERY_DATA,NEUTRAL,Excluded by ‘noindex’ tag,https://echobuddha.com/quotes/practice/bring-the-teaching-into-the-place-where-you-are/,2026-08-21
https://echobuddha.com/quotes/practice/daily-practice-turns-understanding-from-an-idea-into-a/,SEO_UNKNOWN,SEO_P3_LIMITED,SEO_UNKNOWN → SEO_P3_LIMITED,NEUTRAL/Excluded by ‘noindex’ tag,INSUFFICIENT_DATA,INSUFFICIENT_VISIBLE_DATA,NO_SEARCH_DATA: query×page join absent,NO_VISIBLE_QUERY_DATA,NEUTRAL,Excluded by ‘noindex’ tag,https://echobuddha.com/quotes/practice/daily-practice-turns-understanding-from-an-idea-into-a/,2026-08-21
https://echobuddha.com/quotes/practice/do-not-wait-to-feel-ready-before-choosing-what/,SEO_UNKNOWN,SEO_P3_LIMITED,SEO_UNKNOWN → SEO_P3_LIMITED,PASS/Submitted and indexed,INSUFFICIENT_DATA,INSUFFICIENT_VISIBLE_DATA,NO_SEARCH_DATA: query×page join absent,NO_VISIBLE_QUERY_DATA,PASS,Submitted and indexed,https://echobuddha.com/quotes/practice/do-not-wait-to-feel-ready-before-choosing-what/,2026-08-21
https://echobuddha.com/quotes/practice/eightfold-path-daily-choices/,SEO_P3_LIMITED,SEO_P3_LIMITED,UNCHANGED,2 recovery impressions; PASS/Submitted and indexed,INSUFFICIENT_DATA,INSUFFICIENT_VISIBLE_DATA,NO_SEARCH_DATA: query×page join absent,NO_VISIBLE_QUERY_DATA,PASS,Submitted and indexed,https://echobuddha.com/quotes/practice/eightfold-path-daily-choices/,2026-08-21
https://echobuddha.com/quotes/practice/,SEO_P1_HIGH,SEO_P1_HIGH,UNCHANGED,12 recovery impressions; PASS/Submitted and indexed,INSUFFICIENT_DATA,GROWING,NO_SEARCH_DATA: query×page join absent,NO_VISIBLE_QUERY_DATA,PASS,Submitted and indexed,https://echobuddha.com/quotes/practice/,2026-08-21
https://echobuddha.com/quotes/practice/mindfulness-at-work-breath/,SEO_P3_LIMITED,SEO_P3_LIMITED,UNCHANGED,PASS/Submitted and indexed,INSUFFICIENT_DATA,INSUFFICIENT_VISIBLE_DATA,NO_SEARCH_DATA: query×page join absent,NO_VISIBLE_QUERY_DATA,PASS,Submitted and indexed,https://echobuddha.com/quotes/practice/mindfulness-at-work-breath/,2026-08-21
https://echobuddha.com/quotes/practice/practice-becomes-real-when-it-enters-your-speech-and/,SEO_UNKNOWN,SEO_P3_LIMITED,SEO_UNKNOWN → SEO_P3_LIMITED,PASS/Submitted and indexed,INSUFFICIENT_DATA,INSUFFICIENT_VISIBLE_DATA,NO_SEARCH_DATA: query×page join absent,NO_VISIBLE_QUERY_DATA,PASS,Submitted and indexed,https://echobuddha.com/quotes/practice/practice-becomes-real-when-it-enters-your-speech-and/,2026-08-21
https://echobuddha.com/quotes/practice/right-intention-turns-the-heart/,SEO_P3_LIMITED,SEO_P3_LIMITED,UNCHANGED,PASS/Submitted and indexed,INSUFFICIENT_DATA,INSUFFICIENT_VISIBLE_DATA,NO_SEARCH_DATA: query×page join absent,NO_VISIBLE_QUERY_DATA,PASS,Submitted and indexed,https://echobuddha.com/quotes/practice/right-intention-turns-the-heart/,2026-08-21
https://echobuddha.com/quotes/practice/small-actions-shape-the-mind/,SEO_P3_LIMITED,SEO_P3_LIMITED,UNCHANGED,1 recovery impressions; PASS/Submitted and indexed,INSUFFICIENT_DATA,INSUFFICIENT_VISIBLE_DATA,NO_SEARCH_DATA: query×page join absent,NO_VISIBLE_QUERY_DATA,PASS,Submitted and indexed,https://echobuddha.com/quotes/practice/small-actions-shape-the-mind/,2026-08-21
https://echobuddha.com/quotes/practice/the-path-is-not-far-away-it-is-the/,SEO_P2_EMERGING,SEO_P2_EMERGING,UNCHANGED,7 recovery impressions; PASS/Submitted and indexed,INSUFFICIENT_DATA,INSUFFICIENT_VISIBLE_DATA,NO_SEARCH_DATA: query×page join absent,NO_VISIBLE_QUERY_DATA,PASS,Submitted and indexed,https://echobuddha.com/quotes/practice/the-path-is-not-far-away-it-is-the/,2026-08-21
https://echobuddha.com/quotes/practice/the-path-is-shaped-by-what-you-repeat-when/,SEO_UNKNOWN,SEO_P3_LIMITED,SEO_UNKNOWN → SEO_P3_LIMITED,NEUTRAL/Excluded by ‘noindex’ tag,INSUFFICIENT_DATA,INSUFFICIENT_VISIBLE_DATA,NO_SEARCH_DATA: query×page join absent,NO_VISIBLE_QUERY_DATA,NEUTRAL,Excluded by ‘noindex’ tag,https://echobuddha.com/quotes/practice/the-path-is-shaped-by-what-you-repeat-when/,2026-08-21
https://echobuddha.com/quotes/practice/the-smallest-wholesome-action-is-larger-than-the-finest/,SEO_UNKNOWN,SEO_P3_LIMITED,SEO_UNKNOWN → SEO_P3_LIMITED,PASS/Submitted and indexed,INSUFFICIENT_DATA,INSUFFICIENT_VISIBLE_DATA,NO_SEARCH_DATA: query×page join absent,NO_VISIBLE_QUERY_DATA,PASS,Submitted and indexed,https://echobuddha.com/quotes/practice/the-smallest-wholesome-action-is-larger-than-the-finest/,2026-08-21
https://echobuddha.com/quotes/practice/walk-slowly-enough-to-notice-where-your-life-is/,SEO_UNKNOWN,SEO_P3_LIMITED,SEO_UNKNOWN → SEO_P3_LIMITED,PASS/Submitted and indexed,INSUFFICIENT_DATA,INSUFFICIENT_VISIBLE_DATA,NO_SEARCH_DATA: query×page join absent,NO_VISIBLE_QUERY_DATA,PASS,Submitted and indexed,https://echobuddha.com/quotes/practice/walk-slowly-enough-to-notice-where-your-life-is/,2026-08-21
https://echobuddha.com/quotes/practice/your-next-response-is-always-part-of-the-path/,SEO_P2_EMERGING,SEO_P2_EMERGING,UNCHANGED,1 recovery impressions; PASS/Submitted and indexed,INSUFFICIENT_DATA,INSUFFICIENT_VISIBLE_DATA,NO_SEARCH_DATA: query×page join absent,NO_VISIBLE_QUERY_DATA,PASS,Submitted and indexed,https://echobuddha.com/quotes/practice/your-next-response-is-always-part-of-the-path/,2026-08-21
https://echobuddha.com/quotes/renewal/a-mistake-becomes-a-teacher-when-honesty-enters-the/,SEO_UNKNOWN,SEO_P3_LIMITED,SEO_UNKNOWN → SEO_P3_LIMITED,NEUTRAL/Excluded by ‘noindex’ tag,INSUFFICIENT_DATA,INSUFFICIENT_VISIBLE_DATA,NO_SEARCH_DATA: query×page join absent,NO_VISIBLE_QUERY_DATA,NEUTRAL,Excluded by ‘noindex’ tag,https://echobuddha.com/quotes/renewal/a-mistake-becomes-a-teacher-when-honesty-enters-the/,2026-08-21
https://echobuddha.com/quotes/renewal/a-new-direction-can-start-with-one-different-choice/,SEO_UNKNOWN,SEO_P3_LIMITED,SEO_UNKNOWN → SEO_P3_LIMITED,PASS/Submitted and indexed,INSUFFICIENT_DATA,INSUFFICIENT_VISIBLE_DATA,NO_SEARCH_DATA: query×page join absent,NO_VISIBLE_QUERY_DATA,PASS,Submitted and indexed,https://echobuddha.com/quotes/renewal/a-new-direction-can-start-with-one-different-choice/,2026-08-21
https://echobuddha.com/quotes/renewal/begin-again-gently-the-breath-is-always-willing/,SEO_P2_EMERGING,SEO_P2_EMERGING,UNCHANGED,1 recovery impressions; PASS/Submitted and indexed,INSUFFICIENT_DATA,INSUFFICIENT_VISIBLE_DATA,NO_SEARCH_DATA: query×page join absent,NO_VISIBLE_QUERY_DATA,PASS,Submitted and indexed,https://echobuddha.com/quotes/renewal/begin-again-gently-the-breath-is-always-willing/,2026-08-21
https://echobuddha.com/quotes/renewal/begin-again-without-shame/,SEO_P3_LIMITED,SEO_P3_LIMITED,UNCHANGED,PASS/Submitted and indexed,INSUFFICIENT_DATA,INSUFFICIENT_VISIBLE_DATA,NO_SEARCH_DATA: query×page join absent,NO_VISIBLE_QUERY_DATA,PASS,Submitted and indexed,https://echobuddha.com/quotes/renewal/begin-again-without-shame/,2026-08-21
https://echobuddha.com/quotes/renewal/begin-again-without-turning-yesterday-into-a-sentence/,SEO_UNKNOWN,SEO_P3_LIMITED,SEO_UNKNOWN → SEO_P3_LIMITED,PASS/Submitted and indexed,INSUFFICIENT_DATA,INSUFFICIENT_VISIBLE_DATA,NO_SEARCH_DATA: query×page join absent,NO_VISIBLE_QUERY_DATA,PASS,Submitted and indexed,https://echobuddha.com/quotes/renewal/begin-again-without-turning-yesterday-into-a-sentence/,2026-08-21
https://echobuddha.com/quotes/renewal/do-not-confuse-an-old-pattern-with-an-unchangeable/,SEO_UNKNOWN,SEO_P3_LIMITED,SEO_UNKNOWN → SEO_P3_LIMITED,NEUTRAL/Excluded by ‘noindex’ tag,INSUFFICIENT_DATA,INSUFFICIENT_VISIBLE_DATA,NO_SEARCH_DATA: query×page join absent,NO_VISIBLE_QUERY_DATA,NEUTRAL,Excluded by ‘noindex’ tag,https://echobuddha.com/quotes/renewal/do-not-confuse-an-old-pattern-with-an-unchangeable/,2026-08-21
https://echobuddha.com/quotes/renewal/each-conscious-breath-is-a-small-vote-for-beginning/,SEO_UNKNOWN,SEO_P3_LIMITED,SEO_UNKNOWN → SEO_P3_LIMITED,PASS/Submitted and indexed,INSUFFICIENT_DATA,INSUFFICIENT_VISIBLE_DATA,NO_SEARCH_DATA: query×page join absent,NO_VISIBLE_QUERY_DATA,PASS,Submitted and indexed,https://echobuddha.com/quotes/renewal/each-conscious-breath-is-a-small-vote-for-beginning/,2026-08-21
https://echobuddha.com/quotes/renewal/evening-release-reflection/,SEO_P3_LIMITED,SEO_P3_LIMITED,UNCHANGED,PASS/Submitted and indexed,INSUFFICIENT_DATA,INSUFFICIENT_VISIBLE_DATA,NO_SEARCH_DATA: query×page join absent,NO_VISIBLE_QUERY_DATA,PASS,Submitted and indexed,https://echobuddha.com/quotes/renewal/evening-release-reflection/,2026-08-21
https://echobuddha.com/quotes/renewal/gentle-hope-keeps-walking/,SEO_P3_LIMITED,SEO_P3_LIMITED,UNCHANGED,PASS/Submitted and indexed,INSUFFICIENT_DATA,INSUFFICIENT_VISIBLE_DATA,NO_SEARCH_DATA: query×page join absent,NO_VISIBLE_QUERY_DATA,PASS,Submitted and indexed,https://echobuddha.com/quotes/renewal/gentle-hope-keeps-walking/,2026-08-21
https://echobuddha.com/quotes/renewal/hope-can-be-quiet-and-still-keep-walking/,SEO_UNKNOWN,SEO_P3_LIMITED,SEO_UNKNOWN → SEO_P3_LIMITED,NEUTRAL/Excluded by ‘noindex’ tag,INSUFFICIENT_DATA,INSUFFICIENT_VISIBLE_DATA,NO_SEARCH_DATA: query×page join absent,NO_VISIBLE_QUERY_DATA,NEUTRAL,Excluded by ‘noindex’ tag,https://echobuddha.com/quotes/renewal/hope-can-be-quiet-and-still-keep-walking/,2026-08-21
https://echobuddha.com/quotes/renewal/,SEO_P2_EMERGING,SEO_P2_EMERGING,UNCHANGED,4 recovery impressions; PASS/Submitted and indexed,INSUFFICIENT_DATA,INSUFFICIENT_VISIBLE_DATA,NO_SEARCH_DATA: query×page join absent,NO_VISIBLE_QUERY_DATA,PASS,Submitted and indexed,https://echobuddha.com/quotes/renewal/,2026-08-21
https://echobuddha.com/quotes/renewal/morning-is-not-the-only-time-a-life-can/,SEO_UNKNOWN,SEO_P3_LIMITED,SEO_UNKNOWN → SEO_P3_LIMITED,NEUTRAL/Excluded by ‘noindex’ tag,INSUFFICIENT_DATA,INSUFFICIENT_VISIBLE_DATA,NO_SEARCH_DATA: query×page join absent,NO_VISIBLE_QUERY_DATA,NEUTRAL,Excluded by ‘noindex’ tag,https://echobuddha.com/quotes/renewal/morning-is-not-the-only-time-a-life-can/,2026-08-21
https://echobuddha.com/quotes/renewal/one-calm-morning-intention/,SEO_P3_LIMITED,SEO_P3_LIMITED,UNCHANGED,PASS/Submitted and indexed,INSUFFICIENT_DATA,INSUFFICIENT_VISIBLE_DATA,NO_SEARCH_DATA: query×page join absent,NO_VISIBLE_QUERY_DATA,PASS,Submitted and indexed,https://echobuddha.com/quotes/renewal/one-calm-morning-intention/,2026-08-21
https://echobuddha.com/quotes/renewal/repair-what-you-can-forgive-what-you-cannot-redo/,SEO_UNKNOWN,SEO_P3_LIMITED,SEO_UNKNOWN → SEO_P3_LIMITED,PASS/Submitted and indexed,INSUFFICIENT_DATA,INSUFFICIENT_VISIBLE_DATA,NO_SEARCH_DATA: query×page join absent,NO_VISIBLE_QUERY_DATA,PASS,Submitted and indexed,https://echobuddha.com/quotes/renewal/repair-what-you-can-forgive-what-you-cannot-redo/,2026-08-21
https://echobuddha.com/quotes/renewal/the-path-welcomes-your-return-more-often-than-pride/,SEO_UNKNOWN,SEO_P3_LIMITED,SEO_UNKNOWN → SEO_P3_LIMITED,PASS/Submitted and indexed,INSUFFICIENT_DATA,INSUFFICIENT_VISIBLE_DATA,NO_SEARCH_DATA: query×page join absent,NO_VISIBLE_QUERY_DATA,PASS,Submitted and indexed,https://echobuddha.com/quotes/renewal/the-path-welcomes-your-return-more-often-than-pride/,2026-08-21
https://echobuddha.com/quotes/renewal/you-are-allowed-to-learn-slowly-and-still-be/,SEO_UNKNOWN,SEO_P3_LIMITED,SEO_UNKNOWN → SEO_P3_LIMITED,NEUTRAL/Excluded by ‘noindex’ tag,INSUFFICIENT_DATA,INSUFFICIENT_VISIBLE_DATA,NO_SEARCH_DATA: query×page join absent,NO_VISIBLE_QUERY_DATA,NEUTRAL,Excluded by ‘noindex’ tag,https://echobuddha.com/quotes/renewal/you-are-allowed-to-learn-slowly-and-still-be/,2026-08-21
https://echobuddha.com/quotes/wisdom/a-clear-mind-can-hold-two-truths-without-rushing/,SEO_UNKNOWN,SEO_P3_LIMITED,SEO_UNKNOWN → SEO_P3_LIMITED,PASS/Submitted and indexed,INSUFFICIENT_DATA,INSUFFICIENT_VISIBLE_DATA,NO_SEARCH_DATA: query×page join absent,NO_VISIBLE_QUERY_DATA,PASS,Submitted and indexed,https://echobuddha.com/quotes/wisdom/a-clear-mind-can-hold-two-truths-without-rushing/,2026-08-21
https://echobuddha.com/quotes/wisdom/a-useful-truth-is-carried-with-humility-not-used/,SEO_UNKNOWN,SEO_P3_LIMITED,SEO_UNKNOWN → SEO_P3_LIMITED,PASS/Submitted and indexed,INSUFFICIENT_DATA,INSUFFICIENT_VISIBLE_DATA,NO_SEARCH_DATA: query×page join absent,NO_VISIBLE_QUERY_DATA,PASS,Submitted and indexed,https://echobuddha.com/quotes/wisdom/a-useful-truth-is-carried-with-humility-not-used/,2026-08-21
https://echobuddha.com/quotes/wisdom/contentment-with-what-is-here/,SEO_P3_LIMITED,SEO_P3_LIMITED,UNCHANGED,PASS/Submitted and indexed,INSUFFICIENT_DATA,INSUFFICIENT_VISIBLE_DATA,NO_SEARCH_DATA: query×page join absent,NO_VISIBLE_QUERY_DATA,PASS,Submitted and indexed,https://echobuddha.com/quotes/wisdom/contentment-with-what-is-here/,2026-08-21
https://echobuddha.com/quotes/wisdom/difficult-people-and-boundaries/,SEO_P3_LIMITED,SEO_P3_LIMITED,UNCHANGED,PASS/Submitted and indexed,INSUFFICIENT_DATA,INSUFFICIENT_VISIBLE_DATA,NO_SEARCH_DATA: query×page join absent,NO_VISIBLE_QUERY_DATA,PASS,Submitted and indexed,https://echobuddha.com/quotes/wisdom/difficult-people-and-boundaries/,2026-08-21
https://echobuddha.com/quotes/wisdom/,SEO_P2_EMERGING,SEO_P2_EMERGING,UNCHANGED,9 recovery impressions; PASS/Submitted and indexed,INSUFFICIENT_DATA,INSUFFICIENT_VISIBLE_DATA,NO_SEARCH_DATA: query×page join absent,NO_VISIBLE_QUERY_DATA,PASS,Submitted and indexed,https://echobuddha.com/quotes/wisdom/,2026-08-21
https://echobuddha.com/quotes/wisdom/karma-begins-in-intention/,SEO_P2_EMERGING,SEO_P2_EMERGING,UNCHANGED,8 recovery impressions; PASS/Submitted and indexed,INSUFFICIENT_DATA,INSUFFICIENT_VISIBLE_DATA,NO_SEARCH_DATA: query×page join absent,NO_VISIBLE_QUERY_DATA,PASS,Submitted and indexed,https://echobuddha.com/quotes/wisdom/karma-begins-in-intention/,2026-08-21
https://echobuddha.com/quotes/wisdom/knowing-when-not-to-speak-is-also-a-form/,SEO_P2_EMERGING,SEO_P2_EMERGING,UNCHANGED,1 recovery impressions; PASS/Submitted and indexed,INSUFFICIENT_DATA,INSUFFICIENT_VISIBLE_DATA,NO_SEARCH_DATA: query×page join absent,NO_VISIBLE_QUERY_DATA,PASS,Submitted and indexed,https://echobuddha.com/quotes/wisdom/knowing-when-not-to-speak-is-also-a-form/,2026-08-21
https://echobuddha.com/quotes/wisdom/learn-from-discomfort-without-turning-suffering-into-an-identity/,SEO_P2_EMERGING,SEO_P2_EMERGING,UNCHANGED,1 recovery impressions; NEUTRAL/Excluded by ‘noindex’ tag,INSUFFICIENT_DATA,INSUFFICIENT_VISIBLE_DATA,NO_SEARCH_DATA: query×page join absent,NO_VISIBLE_QUERY_DATA,NEUTRAL,Excluded by ‘noindex’ tag,https://echobuddha.com/quotes/wisdom/learn-from-discomfort-without-turning-suffering-into-an-identity/,2026-08-21
https://echobuddha.com/quotes/wisdom/right-speech-with-kindness/,SEO_P3_LIMITED,SEO_P3_LIMITED,UNCHANGED,PASS/Submitted and indexed,INSUFFICIENT_DATA,INSUFFICIENT_VISIBLE_DATA,NO_SEARCH_DATA: query×page join absent,NO_VISIBLE_QUERY_DATA,PASS,Submitted and indexed,https://echobuddha.com/quotes/wisdom/right-speech-with-kindness/,2026-08-21
https://echobuddha.com/quotes/wisdom/see-the-conditions-behind-an-action-and-blame-may/,SEO_UNKNOWN,SEO_P3_LIMITED,SEO_UNKNOWN → SEO_P3_LIMITED,NEUTRAL/Excluded by ‘noindex’ tag,INSUFFICIENT_DATA,INSUFFICIENT_VISIBLE_DATA,NO_SEARCH_DATA: query×page join absent,NO_VISIBLE_QUERY_DATA,NEUTRAL,Excluded by ‘noindex’ tag,https://echobuddha.com/quotes/wisdom/see-the-conditions-behind-an-action-and-blame-may/,2026-08-21
https://echobuddha.com/quotes/wisdom/simplicity-clears-the-room/,SEO_P3_LIMITED,SEO_P3_LIMITED,UNCHANGED,PASS/Submitted and indexed,INSUFFICIENT_DATA,INSUFFICIENT_VISIBLE_DATA,NO_SEARCH_DATA: query×page join absent,NO_VISIBLE_QUERY_DATA,PASS,Submitted and indexed,https://echobuddha.com/quotes/wisdom/simplicity-clears-the-room/,2026-08-21
https://echobuddha.com/quotes/wisdom/the-lesson-repeats-until-attention-replaces-habit/,SEO_P2_EMERGING,SEO_P2_EMERGING,UNCHANGED,4 recovery impressions; PASS/Submitted and indexed,INSUFFICIENT_DATA,INSUFFICIENT_VISIBLE_DATA,NO_SEARCH_DATA: query×page join absent,NO_VISIBLE_QUERY_DATA,PASS,Submitted and indexed,https://echobuddha.com/quotes/wisdom/the-lesson-repeats-until-attention-replaces-habit/,2026-08-21
https://echobuddha.com/quotes/wisdom/the-wise-heart-changes-course-when-clearer-seeing-arrives/,SEO_UNKNOWN,SEO_P3_LIMITED,SEO_UNKNOWN → SEO_P3_LIMITED,PASS/Submitted and indexed,INSUFFICIENT_DATA,INSUFFICIENT_VISIBLE_DATA,NO_SEARCH_DATA: query×page join absent,NO_VISIBLE_QUERY_DATA,PASS,Submitted and indexed,https://echobuddha.com/quotes/wisdom/the-wise-heart-changes-course-when-clearer-seeing-arrives/,2026-08-21
https://echobuddha.com/quotes/wisdom/understanding-suffering-honestly/,SEO_P3_LIMITED,SEO_P3_LIMITED,UNCHANGED,PASS/Submitted and indexed,INSUFFICIENT_DATA,INSUFFICIENT_VISIBLE_DATA,NO_SEARCH_DATA: query×page join absent,NO_VISIBLE_QUERY_DATA,PASS,Submitted and indexed,https://echobuddha.com/quotes/wisdom/understanding-suffering-honestly/,2026-08-21
https://echobuddha.com/quotes/wisdom/what-feels-urgent-is-not-always-what-matters-most/,SEO_UNKNOWN,SEO_P3_LIMITED,SEO_UNKNOWN → SEO_P3_LIMITED,PASS/Submitted and indexed,INSUFFICIENT_DATA,INSUFFICIENT_VISIBLE_DATA,NO_SEARCH_DATA: query×page join absent,NO_VISIBLE_QUERY_DATA,PASS,Submitted and indexed,https://echobuddha.com/quotes/wisdom/what-feels-urgent-is-not-always-what-matters-most/,2026-08-21
https://echobuddha.com/quotes/wisdom/wisdom-is-less-interested-in-winning-than-in-ending/,SEO_UNKNOWN,SEO_P3_LIMITED,SEO_UNKNOWN → SEO_P3_LIMITED,PASS/Submitted and indexed,INSUFFICIENT_DATA,INSUFFICIENT_VISIBLE_DATA,NO_SEARCH_DATA: query×page join absent,NO_VISIBLE_QUERY_DATA,PASS,Submitted and indexed,https://echobuddha.com/quotes/wisdom/wisdom-is-less-interested-in-winning-than-in-ending/,2026-08-21
https://echobuddha.com/quotes/wisdom/wisdom-is-the-art-of-meeting-life-without-adding/,SEO_P2_EMERGING,SEO_P2_EMERGING,UNCHANGED,8 recovery impressions; 2 visible primary query owner rows; NEUTRAL/Excluded by ‘noindex’ tag,INSUFFICIENT_DATA,INSUFFICIENT_VISIBLE_DATA,NO_SEARCH_DATA: query×page join absent,VISIBLE_PRIMARY_OWNER:2,NEUTRAL,Excluded by ‘noindex’ tag,https://echobuddha.com/quotes/wisdom/wisdom-is-the-art-of-meeting-life-without-adding/,2026-08-21
https://echobuddha.com/quotes/wisdom/wisdom-sees-clearly/,SEO_P3_LIMITED,SEO_P3_LIMITED,UNCHANGED,3 recovery impressions; PASS/Submitted and indexed,INSUFFICIENT_DATA,INSUFFICIENT_VISIBLE_DATA,NO_SEARCH_DATA: query×page join absent,NO_VISIBLE_QUERY_DATA,PASS,Submitted and indexed,https://echobuddha.com/quotes/wisdom/wisdom-sees-clearly/,2026-08-21
https://echobuddha.com/quotes/wisdom/wisdom-sees-the-whole-fire-not-only-the-spark/,SEO_UNKNOWN,SEO_P3_LIMITED,SEO_UNKNOWN → SEO_P3_LIMITED,NEUTRAL/Excluded by ‘noindex’ tag,INSUFFICIENT_DATA,INSUFFICIENT_VISIBLE_DATA,NO_SEARCH_DATA: query×page join absent,NO_VISIBLE_QUERY_DATA,NEUTRAL,Excluded by ‘noindex’ tag,https://echobuddha.com/quotes/wisdom/wisdom-sees-the-whole-fire-not-only-the-spark/,2026-08-21
https://echobuddha.com/quotes/wisdom/wise-silence/,SEO_P3_LIMITED,SEO_P3_LIMITED,UNCHANGED,2 recovery impressions; PASS/Submitted and indexed,INSUFFICIENT_DATA,INSUFFICIENT_VISIBLE_DATA,NO_SEARCH_DATA: query×page join absent,NO_VISIBLE_QUERY_DATA,PASS,Submitted and indexed,https://echobuddha.com/quotes/wisdom/wise-silence/,2026-08-21
https://echobuddha.com/search/,SEO_UNKNOWN,SEO_P3_LIMITED,SEO_UNKNOWN → SEO_P3_LIMITED,NEUTRAL/Excluded by ‘noindex’ tag,INSUFFICIENT_DATA,INSUFFICIENT_VISIBLE_DATA,NO_SEARCH_DATA: query×page join absent,NO_VISIBLE_QUERY_DATA,NEUTRAL,Excluded by ‘noindex’ tag,https://echobuddha.com/search/,2026-08-21
https://echobuddha.com/start-here/,SEO_P2_EMERGING,SEO_P2_EMERGING,UNCHANGED,PASS/Submitted and indexed,INSUFFICIENT_DATA,INSUFFICIENT_VISIBLE_DATA,NO_SEARCH_DATA: query×page join absent,NO_VISIBLE_QUERY_DATA,PASS,Submitted and indexed,https://echobuddha.com/start-here/,2026-08-21
https://echobuddha.com/terms-of-use/,SEO_P2_EMERGING,SEO_P2_EMERGING,UNCHANGED,3 recovery impressions; PASS/Submitted and indexed,INSUFFICIENT_DATA,INSUFFICIENT_VISIBLE_DATA,NO_SEARCH_DATA: query×page join absent,NO_VISIBLE_QUERY_DATA,PASS,Submitted and indexed,https://echobuddha.com/terms-of-use/,2026-08-21
https://echobuddha.com/tools/,SEO_P2_EMERGING,SEO_P1_HIGH,SEO_P2_EMERGING → SEO_P1_HIGH,13 recovery impressions; PASS/Submitted and indexed,INSUFFICIENT_DATA,GROWING,NO_SEARCH_DATA: query×page join absent,NO_VISIBLE_QUERY_DATA,PASS,Submitted and indexed,https://echobuddha.com/tools/,2026-08-21
https://echobuddha.com/sitemap.xml/,SEO_UNKNOWN,SEO_UNKNOWN,UNCHANGED,NEUTRAL/URL is unknown to Google,INSUFFICIENT_DATA,INSUFFICIENT_VISIBLE_DATA,NO_SEARCH_DATA: query×page join absent,NO_VISIBLE_QUERY_DATA,NEUTRAL,URL is unknown to Google,NOT_REPORTED_BY_URL_INSPECTION,2026-08-21
https://echobuddha.com/robots.txt/,SEO_UNKNOWN,SEO_UNKNOWN,UNCHANGED,NEUTRAL/URL is unknown to Google,INSUFFICIENT_DATA,INSUFFICIENT_VISIBLE_DATA,NO_SEARCH_DATA: query×page join absent,NO_VISIBLE_QUERY_DATA,NEUTRAL,URL is unknown to Google,NOT_REPORTED_BY_URL_INSPECTION,2026-08-21
https://echobuddha.com/ads.txt/,SEO_UNKNOWN,SEO_UNKNOWN,UNCHANGED,NEUTRAL/URL is unknown to Google,INSUFFICIENT_DATA,INSUFFICIENT_VISIBLE_DATA,NO_SEARCH_DATA: query×page join absent,NO_VISIBLE_QUERY_DATA,NEUTRAL,URL is unknown to Google,NOT_REPORTED_BY_URL_INSPECTION,2026-08-21
