URL,Page family,Primary search intent,Primary topic owner,Total /100,Primary recommendation,Priority,Confidence,Evidence,Human review required,Notes
https://echobuddha.com/about/,trust/policy,Unclustered / page-specific,https://echobuddha.com/about/,72,HUMAN REVIEW,OWNER / EXPERT REVIEW,Medium,Built 2026-08-11T02:17:46.273Z; 304 words; 5 content headings; authored route; nearest /how-echo-buddha-creates-content/ combined overlap 18.6%; external source links 0,Yes,Recommendation only; no remediation performed.
https://echobuddha.com/articles/beginning-a-daily-mindfulness-practice/,article,Mindfulness,https://echobuddha.com/learn/buddhism-101/what-is-mindfulness/,77,IMPROVE,P3,Medium,Built 2026-08-11T02:17:46.273Z; 1171 words; 26 content headings; authored route; nearest /articles/creating-a-peaceful-corner-at-home/ combined overlap 41.9%; external source links 0,No,Recommendation only; no remediation performed.
https://echobuddha.com/articles/buddhism-for-beginners-simple-guide/,article,Buddhism for beginners,https://echobuddha.com/learn/buddhism-for-beginners/,79,CONSOLIDATE,P1,Medium,Built 2026-08-11T02:17:46.273Z; 1426 words; 28 content headings; authored route; nearest /articles/eightfold-path-explained-daily-life/ combined overlap 39.6%; external source links 2,No,Recommendation only; no remediation performed.
https://echobuddha.com/articles/buddhist-approach-to-anger/,article,Anger,https://echobuddha.com/articles/buddhist-approach-to-anger/,78,IMPROVE,P3,Medium,Built 2026-08-11T02:17:46.273Z; 1258 words; 28 content headings; authored route; nearest /articles/compassion-as-a-daily-discipline/ combined overlap 39.7%; external source links 1,No,Recommendation only; no remediation performed.
https://echobuddha.com/articles/buddhist-gratitude-practice/,article,Attachment and letting go,https://echobuddha.com/articles/how-to-let-go-of-attachment-in-buddhism/,82,KEEP,P3,Medium,Built 2026-08-11T02:17:46.273Z; 1364 words; 21 content headings; authored route; nearest /articles/how-to-practice-non-attachment/ combined overlap 32.8%; external source links 2,No,Recommendation only; no remediation performed.
https://echobuddha.com/articles/buddhist-teachings-on-forgiveness/,article,Forgiveness,https://echobuddha.com/articles/buddhist-teachings-on-forgiveness/,81,KEEP,P3,Medium,Built 2026-08-11T02:17:46.273Z; 1367 words; 27 content headings; authored route; nearest /articles/non-attachment-in-relationships/ combined overlap 34.3%; external source links 1,No,Recommendation only; no remediation performed.
https://echobuddha.com/articles/buddhist-teachings-on-impermanence/,article,Impermanence,https://echobuddha.com/learn/buddhism-101/what-is-impermanence/,79,IMPROVE,P3,Medium,Built 2026-08-11T02:17:46.273Z; 1267 words; 28 content headings; authored route; nearest /articles/impermanence-in-buddhism-letting-go/ combined overlap 43.9%; external source links 1,No,Recommendation only; no remediation performed.
https://echobuddha.com/articles/buddhist-wisdom-for-overthinking/,article,Anxiety-related meditation,https://echobuddha.com/articles/how-to-meditate-for-anxiety/,78,HUMAN REVIEW,OWNER / EXPERT REVIEW,Medium,Built 2026-08-11T02:17:46.273Z; 1366 words; 26 content headings; authored route; nearest /articles/mindfulness-for-better-sleep/ combined overlap 36.0%; external source links 0,Yes,Recommendation only; no remediation performed.
https://echobuddha.com/articles/category/buddhist-wisdom/,article category,Unclustered / page-specific,https://echobuddha.com/articles/category/buddhist-wisdom/,72,IMPROVE,P2,Medium,Built 2026-08-11T02:17:46.273Z; 685 words; 23 content headings; authored route; nearest /articles/category/practice/ combined overlap 19.7%; external source links 0,No,Recommendation only; no remediation performed.
https://echobuddha.com/articles/category/meditation/,article category,Meditation,https://echobuddha.com/meditation/,71,IMPROVE,P2,Medium,Built 2026-08-11T02:17:46.273Z; 354 words; 12 content headings; authored route; nearest /quotes/meditation/ combined overlap 25.1%; external source links 0,No,Recommendation only; no remediation performed.
https://echobuddha.com/articles/category/mindfulness/,article category,Mindfulness,https://echobuddha.com/learn/buddhism-101/what-is-mindfulness/,69,IMPROVE,P2,Medium,Built 2026-08-11T02:17:46.273Z; 253 words; 8 content headings; authored route; nearest /quotes/mindfulness/ combined overlap 31.0%; external source links 0,No,Recommendation only; no remediation performed.
https://echobuddha.com/articles/category/practice/,article category,Unclustered / page-specific,https://echobuddha.com/articles/category/practice/,69,IMPROVE,P2,Medium,Built 2026-08-11T02:17:46.273Z; 317 words; 10 content headings; authored route; nearest /articles/category/mindfulness/ combined overlap 20.4%; external source links 0,No,Recommendation only; no remediation performed.
https://echobuddha.com/articles/category/reflection/,article category,Unclustered / page-specific,https://echobuddha.com/articles/category/reflection/,68,IMPROVE,P2,Medium,Built 2026-08-11T02:17:46.273Z; 342 words; 12 content headings; authored route; nearest /articles/category/mindfulness/ combined overlap 19.7%; external source links 0,No,Recommendation only; no remediation performed.
https://echobuddha.com/articles/compassion-as-a-daily-discipline/,article,Compassion,https://echobuddha.com/learn/buddhist-dictionary/compassion/,79,IMPROVE,P3,Medium,Built 2026-08-11T02:17:46.273Z; 1220 words; 28 content headings; authored route; nearest /articles/compassion-in-buddhism-beginner-guide/ combined overlap 40.4%; external source links 1,No,Recommendation only; no remediation performed.
https://echobuddha.com/articles/compassion-in-buddhism-beginner-guide/,article,Compassion,https://echobuddha.com/learn/buddhist-dictionary/compassion/,77,IMPROVE,P3,Medium,Built 2026-08-11T02:17:46.273Z; 1195 words; 26 content headings; authored route; nearest /articles/compassion-with-boundaries/ combined overlap 42.0%; external source links 1,No,Recommendation only; no remediation performed.
https://echobuddha.com/articles/compassion-with-boundaries/,article,Compassion,https://echobuddha.com/learn/buddhist-dictionary/compassion/,76,IMPROVE,P3,Medium,Built 2026-08-11T02:17:46.273Z; 735 words; 20 content headings; authored route; nearest /articles/compassion-in-buddhism-beginner-guide/ combined overlap 42.0%; external source links 2,No,Recommendation only; no remediation performed.
https://echobuddha.com/articles/creating-a-peaceful-corner-at-home/,article,Meditation,https://echobuddha.com/meditation/,77,IMPROVE,P3,Medium,Built 2026-08-11T02:17:46.273Z; 1154 words; 26 content headings; authored route; nearest /articles/beginning-a-daily-mindfulness-practice/ combined overlap 41.9%; external source links 0,No,Recommendation only; no remediation performed.
https://echobuddha.com/articles/dhamma-vs-dharma/,article,Dhamma and Dharma,https://echobuddha.com/learn/buddhist-dictionary/dhamma/,77,IMPROVE,P3,Medium,Built 2026-08-11T02:17:46.273Z; 875 words; 21 content headings; authored route; nearest /articles/visiting-a-buddhist-temple-respectfully/ combined overlap 45.2%; external source links 3,No,Recommendation only; no remediation performed.
https://echobuddha.com/articles/dhammapada-reflection-trained-mind/,article,Dhammapada,https://echobuddha.com/learn/dhammapada-reflections/,76,IMPROVE,P3,Medium,Built 2026-08-11T02:17:46.273Z; 1193 words; 26 content headings; authored route; nearest /articles/dhammapada-reflection-what-we-think/ combined overlap 39.5%; external source links 0,Yes,Recommendation only; no remediation performed.
https://echobuddha.com/articles/dhammapada-reflection-what-we-think/,article,Dhammapada,https://echobuddha.com/learn/dhammapada-reflections/,78,IMPROVE,P3,Medium,Built 2026-08-11T02:17:46.273Z; 1395 words; 29 content headings; authored route; nearest /articles/dhammapada-verse-1-meaning/ combined overlap 46.6%; external source links 1,Yes,Recommendation only; no remediation performed.
https://echobuddha.com/articles/dhammapada-verse-1-meaning/,article,Dhammapada,https://echobuddha.com/learn/dhammapada-reflections/,76,IMPROVE,P3,Medium,Built 2026-08-11T02:17:46.273Z; 835 words; 21 content headings; authored route; nearest /articles/dhammapada-reflection-what-we-think/ combined overlap 46.6%; external source links 2,Yes,Recommendation only; no remediation performed.
https://echobuddha.com/articles/eightfold-path-explained-daily-life/,article,Noble Eightfold Path,https://echobuddha.com/learn/eightfold-path/,79,CONSOLIDATE,P1,Medium,Built 2026-08-11T02:17:46.273Z; 1413 words; 28 content headings; authored route; nearest /articles/eightfold-path-explained/ combined overlap 40.1%; external source links 1,No,Recommendation only; no remediation performed.
https://echobuddha.com/articles/eightfold-path-explained/,article,Noble Eightfold Path,https://echobuddha.com/learn/eightfold-path/,79,IMPROVE,P3,Medium,Built 2026-08-11T02:17:46.273Z; 1533 words; 29 content headings; authored route; nearest /articles/eightfold-path-explained-daily-life/ combined overlap 40.1%; external source links 1,No,Recommendation only; no remediation performed.
https://echobuddha.com/articles/equanimity-in-buddhism/,article,Equanimity,https://echobuddha.com/articles/equanimity-in-buddhism/,82,KEEP,P3,Medium,Built 2026-08-11T02:17:46.273Z; 1489 words; 21 content headings; authored route; nearest /articles/compassion-with-boundaries/ combined overlap 32.9%; external source links 1,No,Recommendation only; no remediation performed.
https://echobuddha.com/articles/first-week-buddhist-practice/,article,Buddhism for beginners,https://echobuddha.com/learn/buddhism-for-beginners/,77,IMPROVE,P3,Medium,Built 2026-08-11T02:17:46.273Z; 869 words; 21 content headings; authored route; nearest /articles/right-speech-examples/ combined overlap 44.0%; external source links 3,No,Recommendation only; no remediation performed.
https://echobuddha.com/articles/five-precepts-in-daily-life/,article,Five Precepts,https://echobuddha.com/learn/buddhism-101/five-precepts-buddhism/,82,KEEP,P3,Medium,Built 2026-08-11T02:17:46.273Z; 1952 words; 27 content headings; authored route; nearest /articles/three-poisons-buddhism-explained/ combined overlap 34.2%; external source links 2,No,Recommendation only; no remediation performed.
https://echobuddha.com/articles/four-noble-truths-explained-simply/,article,Four Noble Truths,https://echobuddha.com/learn/four-noble-truths/,79,CONSOLIDATE,P1,Medium,Built 2026-08-11T02:17:46.273Z; 1318 words; 26 content headings; authored route; nearest /articles/what-is-buddhism-beginner-guide/ combined overlap 42.5%; external source links 1,No,Recommendation only; no remediation performed.
https://echobuddha.com/articles/four-noble-truths-explained/,article,Four Noble Truths,https://echobuddha.com/learn/four-noble-truths/,79,IMPROVE,P3,Medium,Built 2026-08-11T02:17:46.273Z; 1448 words; 28 content headings; authored route; nearest /articles/four-noble-truths-explained-simply/ combined overlap 39.2%; external source links 2,No,Recommendation only; no remediation performed.
https://echobuddha.com/articles/how-to-let-go-of-attachment-in-buddhism/,article,Attachment and letting go,https://echobuddha.com/articles/how-to-let-go-of-attachment-in-buddhism/,79,IMPROVE,P3,Medium,Built 2026-08-11T02:17:46.273Z; 1422 words; 27 content headings; authored route; nearest /articles/non-attachment-in-relationships/ combined overlap 40.6%; external source links 0,No,Recommendation only; no remediation performed.
https://echobuddha.com/articles/how-to-meditate-for-anxiety/,article,Meditation,https://echobuddha.com/meditation/,78,HUMAN REVIEW,OWNER / EXPERT REVIEW,Medium,Built 2026-08-11T02:17:46.273Z; 1410 words; 28 content headings; authored route; nearest /articles/mindfulness-for-better-sleep/ combined overlap 43.5%; external source links 1,Yes,Recommendation only; no remediation performed.
https://echobuddha.com/articles/how-to-meditate-for-beginners/,article,Meditation,https://echobuddha.com/meditation/,78,IMPROVE,P3,Medium,Built 2026-08-11T02:17:46.273Z; 1327 words; 28 content headings; authored route; nearest /articles/mindfulness-of-breathing-guide/ combined overlap 41.6%; external source links 2,No,Recommendation only; no remediation performed.
https://echobuddha.com/articles/how-to-practice-non-attachment/,article,Attachment and letting go,https://echobuddha.com/articles/how-to-let-go-of-attachment-in-buddhism/,77,IMPROVE,P3,Medium,Built 2026-08-11T02:17:46.273Z; 1199 words; 27 content headings; authored route; nearest /articles/letting-go-without-giving-up/ combined overlap 47.2%; external source links 0,No,Recommendation only; no remediation performed.
https://echobuddha.com/articles/impermanence-in-buddhism-letting-go/,article,Impermanence,https://echobuddha.com/learn/buddhism-101/what-is-impermanence/,79,CONSOLIDATE,P1,Medium,Built 2026-08-11T02:17:46.273Z; 1286 words; 27 content headings; authored route; nearest /articles/buddhist-teachings-on-impermanence/ combined overlap 43.9%; external source links 1,No,Recommendation only; no remediation performed.
https://echobuddha.com/articles/impermanence-in-buddhism/,article,Impermanence,https://echobuddha.com/learn/buddhism-101/what-is-impermanence/,79,CONSOLIDATE,P1,Medium,Built 2026-08-11T02:17:46.273Z; 1441 words; 34 content headings; authored route; nearest /articles/buddhist-teachings-on-impermanence/ combined overlap 42.2%; external source links 1,No,Recommendation only; no remediation performed.
https://echobuddha.com/articles/,hub/utility,Unclustered / page-specific,https://echobuddha.com/articles/,71,IMPROVE,P2,Medium,Built 2026-08-11T02:17:46.273Z; 1490 words; 55 content headings; authored route; nearest /mindful-living/ combined overlap 25.5%; external source links 0,No,Recommendation only; no remediation performed.
https://echobuddha.com/articles/letting-go-without-giving-up/,article,Attachment and letting go,https://echobuddha.com/articles/how-to-let-go-of-attachment-in-buddhism/,79,IMPROVE,P3,Medium,Built 2026-08-11T02:17:46.273Z; 1210 words; 28 content headings; authored route; nearest /articles/how-to-practice-non-attachment/ combined overlap 47.2%; external source links 0,No,Recommendation only; no remediation performed.
https://echobuddha.com/articles/loving-kindness-meditation-beginners/,article,Compassion,https://echobuddha.com/learn/buddhist-dictionary/compassion/,78,CONSOLIDATE,P1,Medium,Built 2026-08-11T02:17:46.273Z; 1359 words; 29 content headings; authored route; nearest /articles/metta-meditation-script/ combined overlap 44.0%; external source links 2,No,Recommendation only; no remediation performed.
https://echobuddha.com/articles/loving-kindness-meditation-guide/,article,Compassion,https://echobuddha.com/learn/buddhist-dictionary/compassion/,78,IMPROVE,P3,Medium,Built 2026-08-11T02:17:46.273Z; 1316 words; 28 content headings; authored route; nearest /articles/loving-kindness-meditation-beginners/ combined overlap 42.1%; external source links 2,No,Recommendation only; no remediation performed.
https://echobuddha.com/articles/metta-meditation-script/,article,Compassion,https://echobuddha.com/learn/buddhist-dictionary/compassion/,78,IMPROVE,P3,Medium,Built 2026-08-11T02:17:46.273Z; 1606 words; 30 content headings; authored route; nearest /articles/loving-kindness-meditation-beginners/ combined overlap 44.0%; external source links 2,No,Recommendation only; no remediation performed.
https://echobuddha.com/articles/mindful-email-and-texting/,article,Right Speech,https://echobuddha.com/articles/right-speech-buddhism/,77,IMPROVE,P3,Medium,Built 2026-08-11T02:17:46.273Z; 845 words; 21 content headings; authored route; nearest /articles/right-speech-examples/ combined overlap 46.6%; external source links 2,No,Recommendation only; no remediation performed.
https://echobuddha.com/articles/mindful-listening-in-everyday-life/,article,Right Speech,https://echobuddha.com/articles/right-speech-buddhism/,77,IMPROVE,P3,Medium,Built 2026-08-11T02:17:46.273Z; 1161 words; 27 content headings; authored route; nearest /articles/three-ways-to-practice-patience/ combined overlap 41.8%; external source links 0,No,Recommendation only; no remediation performed.
https://echobuddha.com/articles/mindfulness-for-better-sleep/,article,Mindfulness,https://echobuddha.com/learn/buddhism-101/what-is-mindfulness/,78,HUMAN REVIEW,OWNER / EXPERT REVIEW,Medium,Built 2026-08-11T02:17:46.273Z; 1277 words; 28 content headings; authored route; nearest /articles/how-to-meditate-for-anxiety/ combined overlap 43.5%; external source links 1,Yes,Recommendation only; no remediation performed.
https://echobuddha.com/articles/mindfulness-morning-routine/,article,Mindfulness,https://echobuddha.com/learn/buddhism-101/what-is-mindfulness/,79,IMPROVE,P3,Medium,Built 2026-08-11T02:17:46.273Z; 1223 words; 26 content headings; authored route; nearest /articles/beginning-a-daily-mindfulness-practice/ combined overlap 40.3%; external source links 0,No,Recommendation only; no remediation performed.
https://echobuddha.com/articles/mindfulness-of-breathing-guide/,article,Mindfulness,https://echobuddha.com/learn/buddhism-101/what-is-mindfulness/,78,IMPROVE,P3,Medium,Built 2026-08-11T02:17:46.273Z; 1306 words; 28 content headings; authored route; nearest /articles/how-to-meditate-for-beginners/ combined overlap 41.6%; external source links 2,No,Recommendation only; no remediation performed.
https://echobuddha.com/articles/mindfulness-vs-meditation/,article,Mindfulness,https://echobuddha.com/learn/buddhism-101/what-is-mindfulness/,79,IMPROVE,P3,Medium,Built 2026-08-11T02:17:46.273Z; 1514 words; 29 content headings; authored route; nearest /articles/mindfulness-of-breathing-guide/ combined overlap 37.5%; external source links 2,No,Recommendation only; no remediation performed.
https://echobuddha.com/articles/noble-eightfold-path-practical-guide/,article,Noble Eightfold Path,https://echobuddha.com/learn/eightfold-path/,79,CONSOLIDATE,P1,Medium,Built 2026-08-11T02:17:46.273Z; 1207 words; 27 content headings; authored route; nearest /articles/eightfold-path-explained-daily-life/ combined overlap 38.9%; external source links 1,No,Recommendation only; no remediation performed.
https://echobuddha.com/articles/non-attachment-in-relationships/,article,Attachment and letting go,https://echobuddha.com/articles/how-to-let-go-of-attachment-in-buddhism/,76,IMPROVE,P3,Medium,Built 2026-08-11T02:17:46.273Z; 831 words; 22 content headings; authored route; nearest /articles/letting-go-without-giving-up/ combined overlap 42.5%; external source links 2,No,Recommendation only; no remediation performed.
https://echobuddha.com/articles/right-livelihood-modern-life/,article,Unclustered / page-specific,https://echobuddha.com/articles/right-livelihood-modern-life/,82,KEEP,P3,Medium,Built 2026-08-11T02:17:46.273Z; 1809 words; 23 content headings; authored route; nearest /articles/five-precepts-in-daily-life/ combined overlap 31.9%; external source links 2,No,Recommendation only; no remediation performed.
https://echobuddha.com/articles/right-speech-buddhism/,article,Compassion,https://echobuddha.com/learn/buddhist-dictionary/compassion/,79,IMPROVE,P3,Medium,Built 2026-08-11T02:17:46.273Z; 1430 words; 31 content headings; authored route; nearest /articles/right-speech-examples/ combined overlap 43.9%; external source links 2,No,Recommendation only; no remediation performed.
https://echobuddha.com/articles/right-speech-examples/,article,Right Speech,https://echobuddha.com/articles/right-speech-buddhism/,77,IMPROVE,P3,Medium,Built 2026-08-11T02:17:46.273Z; 784 words; 21 content headings; authored route; nearest /articles/mindful-email-and-texting/ combined overlap 46.6%; external source links 2,No,Recommendation only; no remediation performed.
https://echobuddha.com/articles/three-poisons-buddhism-explained/,article,Three Poisons,https://echobuddha.com/articles/three-poisons-buddhism-explained/,82,KEEP,P3,Medium,Built 2026-08-11T02:17:46.273Z; 1803 words; 24 content headings; authored route; nearest /articles/five-precepts-in-daily-life/ combined overlap 34.2%; external source links 2,No,Recommendation only; no remediation performed.
https://echobuddha.com/articles/three-ways-to-practice-patience/,article,Patience,https://echobuddha.com/articles/three-ways-to-practice-patience/,77,IMPROVE,P3,Medium,Built 2026-08-11T02:17:46.273Z; 1188 words; 27 content headings; authored route; nearest /articles/mindful-listening-in-everyday-life/ combined overlap 41.8%; external source links 0,No,Recommendation only; no remediation performed.
https://echobuddha.com/articles/visiting-a-buddhist-temple-respectfully/,article,Unclustered / page-specific,https://echobuddha.com/articles/visiting-a-buddhist-temple-respectfully/,77,IMPROVE,P3,Medium,Built 2026-08-11T02:17:46.273Z; 888 words; 21 content headings; authored route; nearest /articles/what-is-sangha-buddhist-community/ combined overlap 46.8%; external source links 4,No,Recommendation only; no remediation performed.
https://echobuddha.com/articles/walking-meditation-step-by-step/,article,Meditation,https://echobuddha.com/meditation/,78,IMPROVE,P3,Medium,Built 2026-08-11T02:17:46.273Z; 1239 words; 26 content headings; authored route; nearest /articles/beginning-a-daily-mindfulness-practice/ combined overlap 41.8%; external source links 0,No,Recommendation only; no remediation performed.
https://echobuddha.com/articles/what-is-buddhism-beginner-guide/,article,Buddhism for beginners,https://echobuddha.com/learn/buddhism-for-beginners/,79,IMPROVE,P3,Medium,Built 2026-08-11T02:17:46.273Z; 1384 words; 26 content headings; authored route; nearest /articles/four-noble-truths-explained-simply/ combined overlap 42.5%; external source links 2,No,Recommendation only; no remediation performed.
https://echobuddha.com/articles/what-is-karma-in-buddhism/,article,Karma,https://echobuddha.com/learn/buddhism-101/what-is-karma-in-buddhism/,82,KEEP,P3,Medium,Built 2026-08-11T02:17:46.273Z; 1445 words; 28 content headings; authored route; nearest /articles/eightfold-path-explained/ combined overlap 34.8%; external source links 1,No,Recommendation only; no remediation performed.
https://echobuddha.com/articles/what-is-sangha-buddhist-community/,article,Sangha,https://echobuddha.com/learn/buddhist-dictionary/sangha/,79,IMPROVE,P3,Medium,Built 2026-08-11T02:17:46.273Z; 1759 words; 25 content headings; authored route; nearest /articles/visiting-a-buddhist-temple-respectfully/ combined overlap 46.8%; external source links 3,No,Recommendation only; no remediation performed.
https://echobuddha.com/authors/echo-buddha-editorial/,author/trust,Unclustered / page-specific,https://echobuddha.com/authors/echo-buddha-editorial/,70,HUMAN REVIEW,OWNER / EXPERT REVIEW,Medium,Built 2026-08-11T02:17:46.273Z; 268 words; 9 content headings; authored route; nearest n/a combined overlap 0.0%; external source links 0,Yes,Recommendation only; no remediation performed.
https://echobuddha.com/buddhist-sources-and-citations/,trust/policy,Unclustered / page-specific,https://echobuddha.com/buddhist-sources-and-citations/,71,IMPROVE,P2,Medium,Built 2026-08-11T02:17:46.273Z; 295 words; 6 content headings; authored route; nearest /quote-attribution-policy/ combined overlap 20.6%; external source links 0,No,Recommendation only; no remediation performed.
https://echobuddha.com/contact/,trust/policy,Unclustered / page-specific,https://echobuddha.com/contact/,68,IMPROVE,P2,Medium,Built 2026-08-11T02:17:46.273Z; 120 words; 4 content headings; authored route; nearest /corrections/ combined overlap 15.5%; external source links 0,No,Recommendation only; no remediation performed.
https://echobuddha.com/corrections/,trust/policy,Unclustered / page-specific,https://echobuddha.com/corrections/,70,IMPROVE,P2,Medium,Built 2026-08-11T02:17:46.273Z; 215 words; 7 content headings; authored route; nearest /contact/ combined overlap 15.5%; external source links 0,No,Recommendation only; no remediation performed.
https://echobuddha.com/daily-reflections/anger-as-a-signal/,daily reflection,Anger,https://echobuddha.com/articles/buddhist-approach-to-anger/,37,NOINDEX,P1,High,Built 2026-08-11T02:17:46.273Z; 310 words; 12 content headings; authored route; nearest /daily-reflections/kindness-with-boundaries/ combined overlap 73.7%; external source links 0,No,Recommendation only; preserve URL and follow links unless Phase 2+ review approves a change.
https://echobuddha.com/daily-reflections/begin-again-without-shame/,daily reflection,Unclustered / page-specific,https://echobuddha.com/daily-reflections/begin-again-without-shame/,37,NOINDEX,P1,High,Built 2026-08-11T02:17:46.273Z; 307 words; 12 content headings; authored route; nearest /daily-reflections/morning-intention/ combined overlap 73.8%; external source links 0,No,Recommendation only; preserve URL and follow links unless Phase 2+ review approves a change.
https://echobuddha.com/daily-reflections/compassion-begins-nearby/,daily reflection,Compassion,https://echobuddha.com/learn/buddhist-dictionary/compassion/,37,NOINDEX,P1,High,Built 2026-08-11T02:17:46.273Z; 306 words; 12 content headings; authored route; nearest /daily-reflections/kindness-with-boundaries/ combined overlap 74.5%; external source links 0,No,Recommendation only; preserve URL and follow links unless Phase 2+ review approves a change.
https://echobuddha.com/daily-reflections/enough-for-this-moment/,daily reflection,Unclustered / page-specific,https://echobuddha.com/daily-reflections/enough-for-this-moment/,37,NOINDEX,P1,High,Built 2026-08-11T02:17:46.273Z; 298 words; 12 content headings; authored route; nearest /daily-reflections/gratitude-notices-enough/ combined overlap 74.1%; external source links 0,No,Recommendation only; preserve URL and follow links unless Phase 2+ review approves a change.
https://echobuddha.com/daily-reflections/evening-release/,daily reflection,Attachment and letting go,https://echobuddha.com/articles/how-to-let-go-of-attachment-in-buddhism/,37,NOINDEX,P1,High,Built 2026-08-11T02:17:46.273Z; 314 words; 12 content headings; authored route; nearest /daily-reflections/morning-intention/ combined overlap 73.7%; external source links 0,No,Recommendation only; preserve URL and follow links unless Phase 2+ review approves a change.
https://echobuddha.com/daily-reflections/family-patience/,daily reflection,Patience,https://echobuddha.com/articles/three-ways-to-practice-patience/,37,NOINDEX,P1,High,Built 2026-08-11T02:17:46.273Z; 300 words; 12 content headings; authored route; nearest /daily-reflections/simple-goodwill/ combined overlap 74.1%; external source links 0,No,Recommendation only; preserve URL and follow links unless Phase 2+ review approves a change.
https://echobuddha.com/daily-reflections/forgiveness-without-approval/,daily reflection,Forgiveness,https://echobuddha.com/articles/buddhist-teachings-on-forgiveness/,37,NOINDEX,P1,High,Built 2026-08-11T02:17:46.273Z; 303 words; 12 content headings; authored route; nearest /daily-reflections/metta-for-a-difficult-person/ combined overlap 75.8%; external source links 0,No,Recommendation only; preserve URL and follow links unless Phase 2+ review approves a change.
https://echobuddha.com/daily-reflections/gratitude-for-change/,daily reflection,Impermanence,https://echobuddha.com/learn/buddhism-101/what-is-impermanence/,37,NOINDEX,P1,High,Built 2026-08-11T02:17:46.273Z; 290 words; 12 content headings; authored route; nearest /daily-reflections/impermanence-softens-clinging/ combined overlap 73.8%; external source links 0,No,Recommendation only; preserve URL and follow links unless Phase 2+ review approves a change.
https://echobuddha.com/daily-reflections/gratitude-notices-enough/,daily reflection,Unclustered / page-specific,https://echobuddha.com/daily-reflections/gratitude-notices-enough/,37,NOINDEX,P1,High,Built 2026-08-11T02:17:46.273Z; 297 words; 12 content headings; authored route; nearest /daily-reflections/soften-the-inner-argument/ combined overlap 74.3%; external source links 0,No,Recommendation only; preserve URL and follow links unless Phase 2+ review approves a change.
https://echobuddha.com/daily-reflections/impermanence-softens-clinging/,daily reflection,Impermanence,https://echobuddha.com/learn/buddhism-101/what-is-impermanence/,37,NOINDEX,P1,High,Built 2026-08-11T02:17:46.273Z; 297 words; 12 content headings; authored route; nearest /daily-reflections/gratitude-for-change/ combined overlap 73.8%; external source links 0,No,Recommendation only; preserve URL and follow links unless Phase 2+ review approves a change.
https://echobuddha.com/daily-reflections/,hub/utility,Mindfulness,https://echobuddha.com/learn/buddhism-101/what-is-mindfulness/,71,IMPROVE,P2,Medium,Built 2026-08-11T02:17:46.273Z; 1782 words; 36 content headings; authored route; nearest /quotes/ combined overlap 20.6%; external source links 0,No,Recommendation only; no remediation performed.
https://echobuddha.com/daily-reflections/kindness-with-boundaries/,daily reflection,Compassion,https://echobuddha.com/learn/buddhist-dictionary/compassion/,37,NOINDEX,P1,High,Built 2026-08-11T02:17:46.273Z; 302 words; 12 content headings; authored route; nearest /daily-reflections/rest-without-escape/ combined overlap 76.0%; external source links 0,No,Recommendation only; preserve URL and follow links unless Phase 2+ review approves a change.
https://echobuddha.com/daily-reflections/let-the-feeling-pass/,daily reflection,Unclustered / page-specific,https://echobuddha.com/daily-reflections/let-the-feeling-pass/,37,NOINDEX,P1,High,Built 2026-08-11T02:17:46.273Z; 318 words; 12 content headings; authored route; nearest /daily-reflections/simple-goodwill/ combined overlap 73.4%; external source links 0,No,Recommendation only; preserve URL and follow links unless Phase 2+ review approves a change.
https://echobuddha.com/daily-reflections/letting-go-keeps-care/,daily reflection,Attachment and letting go,https://echobuddha.com/articles/how-to-let-go-of-attachment-in-buddhism/,37,NOINDEX,P1,High,Built 2026-08-11T02:17:46.273Z; 298 words; 12 content headings; authored route; nearest /daily-reflections/forgiveness-without-approval/ combined overlap 73.2%; external source links 0,No,Recommendation only; preserve URL and follow links unless Phase 2+ review approves a change.
https://echobuddha.com/daily-reflections/listen-before-answering/,daily reflection,Right Speech,https://echobuddha.com/articles/right-speech-buddhism/,37,NOINDEX,P1,High,Built 2026-08-11T02:17:46.273Z; 303 words; 12 content headings; authored route; nearest /daily-reflections/speech-can-reduce-suffering/ combined overlap 74.9%; external source links 0,No,Recommendation only; preserve URL and follow links unless Phase 2+ review approves a change.
https://echobuddha.com/daily-reflections/metta-for-a-difficult-person/,daily reflection,Loving-kindness and metta,https://echobuddha.com/learn/buddhist-dictionary/metta/,37,NOINDEX,P1,High,Built 2026-08-11T02:17:46.273Z; 304 words; 12 content headings; authored route; nearest /daily-reflections/forgiveness-without-approval/ combined overlap 75.8%; external source links 0,No,Recommendation only; preserve URL and follow links unless Phase 2+ review approves a change.
https://echobuddha.com/daily-reflections/mindful-work/,daily reflection,Mindfulness,https://echobuddha.com/learn/buddhism-101/what-is-mindfulness/,37,NOINDEX,P1,High,Built 2026-08-11T02:17:46.273Z; 304 words; 12 content headings; authored route; nearest /daily-reflections/one-step-on-the-path/ combined overlap 77.9%; external source links 0,No,Recommendation only; preserve URL and follow links unless Phase 2+ review approves a change.
https://echobuddha.com/daily-reflections/morning-intention/,daily reflection,Unclustered / page-specific,https://echobuddha.com/daily-reflections/morning-intention/,37,NOINDEX,P1,High,Built 2026-08-11T02:17:46.273Z; 300 words; 12 content headings; authored route; nearest /daily-reflections/one-step-on-the-path/ combined overlap 75.7%; external source links 0,No,Recommendation only; preserve URL and follow links unless Phase 2+ review approves a change.
https://echobuddha.com/daily-reflections/notice-before-fixing/,daily reflection,Unclustered / page-specific,https://echobuddha.com/daily-reflections/notice-before-fixing/,37,NOINDEX,P1,High,Built 2026-08-11T02:17:46.273Z; 300 words; 12 content headings; authored route; nearest /daily-reflections/morning-intention/ combined overlap 73.9%; external source links 0,No,Recommendation only; preserve URL and follow links unless Phase 2+ review approves a change.
https://echobuddha.com/daily-reflections/one-honest-breath/,daily reflection,Meditation,https://echobuddha.com/meditation/,37,NOINDEX,P1,High,Built 2026-08-11T02:17:46.273Z; 314 words; 12 content headings; authored route; nearest /daily-reflections/evening-release/ combined overlap 73.5%; external source links 0,No,Recommendation only; preserve URL and follow links unless Phase 2+ review approves a change.
https://echobuddha.com/daily-reflections/one-step-on-the-path/,daily reflection,Noble Eightfold Path,https://echobuddha.com/learn/eightfold-path/,37,NOINDEX,P1,High,Built 2026-08-11T02:17:46.273Z; 314 words; 12 content headings; authored route; nearest /daily-reflections/mindful-work/ combined overlap 77.9%; external source links 0,No,Recommendation only; preserve URL and follow links unless Phase 2+ review approves a change.
https://echobuddha.com/daily-reflections/patience-before-anger-speaks/,daily reflection,Patience,https://echobuddha.com/articles/three-ways-to-practice-patience/,37,NOINDEX,P1,High,Built 2026-08-11T02:17:46.273Z; 333 words; 12 content headings; authored route; nearest /daily-reflections/speech-can-reduce-suffering/ combined overlap 72.9%; external source links 0,No,Recommendation only; preserve URL and follow links unless Phase 2+ review approves a change.
https://echobuddha.com/daily-reflections/rest-without-escape/,daily reflection,Sleep-related mindfulness,https://echobuddha.com/articles/mindfulness-for-better-sleep/,37,NOINDEX,P1,High,Built 2026-08-11T02:17:46.273Z; 311 words; 12 content headings; authored route; nearest /daily-reflections/kindness-with-boundaries/ combined overlap 76.0%; external source links 0,No,Recommendation only; preserve URL and follow links unless Phase 2+ review approves a change.
https://echobuddha.com/daily-reflections/see-the-conditions/,daily reflection,Unclustered / page-specific,https://echobuddha.com/daily-reflections/see-the-conditions/,37,NOINDEX,P1,High,Built 2026-08-11T02:17:46.273Z; 303 words; 12 content headings; authored route; nearest /daily-reflections/soften-the-inner-argument/ combined overlap 73.5%; external source links 0,No,Recommendation only; preserve URL and follow links unless Phase 2+ review approves a change.
https://echobuddha.com/daily-reflections/simple-goodwill/,daily reflection,Unclustered / page-specific,https://echobuddha.com/daily-reflections/simple-goodwill/,37,NOINDEX,P1,High,Built 2026-08-11T02:17:46.273Z; 292 words; 12 content headings; authored route; nearest /daily-reflections/family-patience/ combined overlap 74.1%; external source links 0,No,Recommendation only; preserve URL and follow links unless Phase 2+ review approves a change.
https://echobuddha.com/daily-reflections/small-actions-shape-the-mind/,daily reflection,Unclustered / page-specific,https://echobuddha.com/daily-reflections/small-actions-shape-the-mind/,37,NOINDEX,P1,High,Built 2026-08-11T02:17:46.273Z; 306 words; 12 content headings; authored route; nearest /daily-reflections/one-step-on-the-path/ combined overlap 75.7%; external source links 0,No,Recommendation only; preserve URL and follow links unless Phase 2+ review approves a change.
https://echobuddha.com/daily-reflections/soften-the-inner-argument/,daily reflection,Unclustered / page-specific,https://echobuddha.com/daily-reflections/soften-the-inner-argument/,37,NOINDEX,P1,High,Built 2026-08-11T02:17:46.273Z; 303 words; 12 content headings; authored route; nearest /daily-reflections/gratitude-notices-enough/ combined overlap 74.3%; external source links 0,No,Recommendation only; preserve URL and follow links unless Phase 2+ review approves a change.
https://echobuddha.com/daily-reflections/speech-can-reduce-suffering/,daily reflection,Right Speech,https://echobuddha.com/articles/right-speech-buddhism/,37,NOINDEX,P1,High,Built 2026-08-11T02:17:46.273Z; 299 words; 12 content headings; authored route; nearest /daily-reflections/kindness-with-boundaries/ combined overlap 75.6%; external source links 0,No,Recommendation only; preserve URL and follow links unless Phase 2+ review approves a change.
https://echobuddha.com/daily-reflections/the-first-truth-is-kind/,daily reflection,Four Noble Truths,https://echobuddha.com/learn/four-noble-truths/,37,NOINDEX,P1,High,Built 2026-08-11T02:17:46.273Z; 303 words; 12 content headings; authored route; nearest /daily-reflections/gratitude-notices-enough/ combined overlap 73.8%; external source links 0,No,Recommendation only; preserve URL and follow links unless Phase 2+ review approves a change.
https://echobuddha.com/daily-reflections/thoughts-are-visitors/,daily reflection,Unclustered / page-specific,https://echobuddha.com/daily-reflections/thoughts-are-visitors/,37,NOINDEX,P1,High,Built 2026-08-11T02:17:46.273Z; 305 words; 12 content headings; authored route; nearest /daily-reflections/let-the-feeling-pass/ combined overlap 72.0%; external source links 0,No,Recommendation only; preserve URL and follow links unless Phase 2+ review approves a change.
https://echobuddha.com/daily-reflections/walking-as-practice/,daily reflection,Unclustered / page-specific,https://echobuddha.com/daily-reflections/walking-as-practice/,37,NOINDEX,P1,High,Built 2026-08-11T02:17:46.273Z; 305 words; 12 content headings; authored route; nearest /daily-reflections/compassion-begins-nearby/ combined overlap 72.1%; external source links 0,No,Recommendation only; preserve URL and follow links unless Phase 2+ review approves a change.
https://echobuddha.com/disclaimer/,trust/policy,Unclustered / page-specific,https://echobuddha.com/disclaimer/,70,IMPROVE,P2,Medium,Built 2026-08-11T02:17:46.273Z; 221 words; 6 content headings; authored route; nearest /meditation-safety/ combined overlap 18.0%; external source links 0,No,Recommendation only; no remediation performed.
https://echobuddha.com/editorial-policy/,trust/policy,Unclustered / page-specific,https://echobuddha.com/editorial-policy/,72,IMPROVE,P2,Medium,Built 2026-08-11T02:17:46.273Z; 576 words; 10 content headings; authored route; nearest /how-echo-buddha-creates-content/ combined overlap 19.4%; external source links 0,No,Recommendation only; no remediation performed.
https://echobuddha.com/how-echo-buddha-creates-content/,trust/policy,Unclustered / page-specific,https://echobuddha.com/how-echo-buddha-creates-content/,71,IMPROVE,P2,Medium,Built 2026-08-11T02:17:46.273Z; 347 words; 7 content headings; authored route; nearest /editorial-policy/ combined overlap 19.4%; external source links 0,No,Recommendation only; no remediation performed.
https://echobuddha.com/,homepage,Unclustered / page-specific,https://echobuddha.com/,80,KEEP,P3,Medium,Built 2026-08-11T02:17:46.273Z; 1002 words; 26 content headings; authored route; nearest n/a combined overlap 0.0%; external source links 0,No,Recommendation only; no remediation performed.
https://echobuddha.com/learn/buddhism-101/a-simple-daily-buddhist-practice/,learn detail,Buddhism for beginners,https://echobuddha.com/learn/buddhism-for-beginners/,67,IMPROVE,P2,Medium,Built 2026-08-11T02:17:46.273Z; 312 words; 12 content headings; authored route; nearest /learn/buddhism-101/how-to-practice-buddhism-at-home/ combined overlap 40.7%; external source links 1,No,Recommendation only; no remediation performed.
https://echobuddha.com/learn/buddhism-101/dependent-origination-explained/,learn detail,Unclustered / page-specific,https://echobuddha.com/learn/buddhism-101/dependent-origination-explained/,73,IMPROVE,P2,Medium,Built 2026-08-11T02:17:46.273Z; 941 words; 18 content headings; authored route; nearest /learn/buddhism-101/three-marks-of-existence/ combined overlap 32.4%; external source links 1,No,Recommendation only; no remediation performed.
https://echobuddha.com/learn/buddhism-101/five-aggregates-buddhism/,learn detail,Unclustered / page-specific,https://echobuddha.com/learn/buddhism-101/five-aggregates-buddhism/,73,IMPROVE,P2,Medium,Built 2026-08-11T02:17:46.273Z; 938 words; 19 content headings; authored route; nearest /learn/buddhism-101/three-marks-of-existence/ combined overlap 34.5%; external source links 1,No,Recommendation only; no remediation performed.
https://echobuddha.com/learn/buddhism-101/five-hindrances-in-buddhism/,learn detail,Unclustered / page-specific,https://echobuddha.com/learn/buddhism-101/five-hindrances-in-buddhism/,71,IMPROVE,P2,Medium,Built 2026-08-11T02:17:46.273Z; 364 words; 9 content headings; authored route; nearest /learn/sutta-for-daily-life/magga-vibhanga-sutta-eightfold-path/ combined overlap 32.3%; external source links 1,No,Recommendation only; no remediation performed.
https://echobuddha.com/learn/buddhism-101/five-precepts-buddhism/,learn detail,Five Precepts,https://echobuddha.com/learn/buddhism-101/five-precepts-buddhism/,73,IMPROVE,P2,Medium,Built 2026-08-11T02:17:46.273Z; 1244 words; 20 content headings; authored route; nearest /learn/buddhism-101/right-livelihood-buddhism/ combined overlap 33.8%; external source links 1,No,Recommendation only; no remediation performed.
https://echobuddha.com/learn/buddhism-101/four-brahmaviharas/,learn detail,Compassion,https://echobuddha.com/learn/buddhist-dictionary/compassion/,69,IMPROVE,P2,Medium,Built 2026-08-11T02:17:46.273Z; 367 words; 9 content headings; authored route; nearest /learn/buddhism-101/threefold-training-sila-samadhi-panna/ combined overlap 37.9%; external source links 2,No,Recommendation only; no remediation performed.
https://echobuddha.com/learn/buddhism-101/how-to-practice-buddhism-at-home/,learn detail,Buddhism for beginners,https://echobuddha.com/learn/buddhism-for-beginners/,67,IMPROVE,P2,Medium,Built 2026-08-11T02:17:46.273Z; 343 words; 12 content headings; authored route; nearest /learn/buddhism-101/what-is-buddhism/ combined overlap 44.4%; external source links 1,No,Recommendation only; no remediation performed.
https://echobuddha.com/learn/buddhism-101/,learn hub,Unclustered / page-specific,https://echobuddha.com/learn/buddhism-101/,72,IMPROVE,P2,Medium,Built 2026-08-11T02:17:46.273Z; 612 words; 3 content headings; authored route; nearest /learn/buddhist-dictionary/ combined overlap 17.3%; external source links 2,No,Recommendation only; no remediation performed.
https://echobuddha.com/learn/buddhism-101/middle-way-explained-for-beginners/,learn detail,Unclustered / page-specific,https://echobuddha.com/learn/buddhism-101/middle-way-explained-for-beginners/,68,IMPROVE,P2,Medium,Built 2026-08-11T02:17:46.273Z; 384 words; 9 content headings; authored route; nearest /learn/buddhism-101/threefold-training-sila-samadhi-panna/ combined overlap 38.5%; external source links 1,No,Recommendation only; no remediation performed.
https://echobuddha.com/learn/buddhism-101/right-livelihood-buddhism/,learn detail,Unclustered / page-specific,https://echobuddha.com/learn/buddhism-101/right-livelihood-buddhism/,74,IMPROVE,P2,Medium,Built 2026-08-11T02:17:46.273Z; 1088 words; 19 content headings; authored route; nearest /learn/buddhism-101/five-precepts-buddhism/ combined overlap 33.8%; external source links 2,No,Recommendation only; no remediation performed.
https://echobuddha.com/learn/buddhism-101/the-four-noble-truths-explained/,learn detail,Four Noble Truths,https://echobuddha.com/learn/four-noble-truths/,69,IMPROVE,P2,Medium,Built 2026-08-11T02:17:46.273Z; 368 words; 12 content headings; authored route; nearest /learn/buddhism-101/what-is-impermanence/ combined overlap 45.9%; external source links 1,No,Recommendation only; no remediation performed.
https://echobuddha.com/learn/buddhism-101/the-noble-eightfold-path-explained/,learn detail,Noble Eightfold Path,https://echobuddha.com/learn/eightfold-path/,69,IMPROVE,P2,Medium,Built 2026-08-11T02:17:46.273Z; 392 words; 12 content headings; authored route; nearest /learn/buddhism-101/the-three-jewels-explained/ combined overlap 46.5%; external source links 1,No,Recommendation only; no remediation performed.
https://echobuddha.com/learn/buddhism-101/the-three-jewels-explained/,learn detail,Unclustered / page-specific,https://echobuddha.com/learn/buddhism-101/the-three-jewels-explained/,69,IMPROVE,P2,Medium,Built 2026-08-11T02:17:46.273Z; 366 words; 12 content headings; authored route; nearest /learn/buddhism-101/the-noble-eightfold-path-explained/ combined overlap 46.5%; external source links 1,No,Recommendation only; no remediation performed.
https://echobuddha.com/learn/buddhism-101/three-marks-of-existence/,learn detail,Unclustered / page-specific,https://echobuddha.com/learn/buddhism-101/three-marks-of-existence/,73,IMPROVE,P2,Medium,Built 2026-08-11T02:17:46.273Z; 945 words; 18 content headings; authored route; nearest /learn/buddhism-101/what-is-impermanence/ combined overlap 35.4%; external source links 2,No,Recommendation only; no remediation performed.
https://echobuddha.com/learn/buddhism-101/threefold-training-sila-samadhi-panna/,learn detail,Unclustered / page-specific,https://echobuddha.com/learn/buddhism-101/threefold-training-sila-samadhi-panna/,69,IMPROVE,P2,Medium,Built 2026-08-11T02:17:46.273Z; 403 words; 9 content headings; authored route; nearest /learn/buddhist-dictionary/sutta/ combined overlap 39.6%; external source links 2,No,Recommendation only; no remediation performed.
https://echobuddha.com/learn/buddhism-101/what-is-buddhism/,learn detail,Buddhism for beginners,https://echobuddha.com/learn/buddhism-for-beginners/,69,IMPROVE,P2,Medium,Built 2026-08-11T02:17:46.273Z; 393 words; 12 content headings; authored route; nearest /learn/buddhism-101/how-to-practice-buddhism-at-home/ combined overlap 44.4%; external source links 2,No,Recommendation only; no remediation performed.
https://echobuddha.com/learn/buddhism-101/what-is-impermanence/,learn detail,Impermanence,https://echobuddha.com/learn/buddhism-101/what-is-impermanence/,65,IMPROVE,P2,Medium,Built 2026-08-11T02:17:46.273Z; 352 words; 12 content headings; authored route; nearest /learn/buddhist-dictionary/anicca/ combined overlap 49.1%; external source links 1,No,Recommendation only; no remediation performed.
https://echobuddha.com/learn/buddhism-101/what-is-karma-in-buddhism/,learn detail,Karma,https://echobuddha.com/learn/buddhism-101/what-is-karma-in-buddhism/,69,IMPROVE,P2,Medium,Built 2026-08-11T02:17:46.273Z; 351 words; 12 content headings; authored route; nearest /learn/buddhist-dictionary/karma/ combined overlap 46.0%; external source links 1,No,Recommendation only; no remediation performed.
https://echobuddha.com/learn/buddhism-101/what-is-mindfulness/,learn detail,Mindfulness,https://echobuddha.com/learn/buddhism-101/what-is-mindfulness/,65,IMPROVE,P2,Medium,Built 2026-08-11T02:17:46.273Z; 351 words; 12 content headings; authored route; nearest /learn/buddhism-101/what-is-impermanence/ combined overlap 48.0%; external source links 1,No,Recommendation only; no remediation performed.
https://echobuddha.com/learn/buddhism-101/who-was-the-buddha/,learn detail,Unclustered / page-specific,https://echobuddha.com/learn/buddhism-101/who-was-the-buddha/,69,IMPROVE,P2,Medium,Built 2026-08-11T02:17:46.273Z; 442 words; 12 content headings; authored route; nearest /learn/buddhism-101/the-three-jewels-explained/ combined overlap 43.2%; external source links 1,No,Recommendation only; no remediation performed.
https://echobuddha.com/learn/buddhism-for-beginners/,learn hub,Buddhism for beginners,https://echobuddha.com/learn/buddhism-for-beginners/,71,IMPROVE,P2,Medium,Built 2026-08-11T02:17:46.273Z; 404 words; 4 content headings; authored route; nearest /articles/first-week-buddhist-practice/ combined overlap 17.7%; external source links 0,No,Recommendation only; no remediation performed.
https://echobuddha.com/learn/buddhist-dictionary/anatta/,learn detail,Buddhist terminology,https://echobuddha.com/learn/buddhist-dictionary/,62,IMPROVE,P2,Medium,Built 2026-08-11T02:17:46.273Z; 293 words; 12 content headings; authored route; nearest /learn/buddhist-dictionary/anicca/ combined overlap 54.8%; external source links 1,No,Recommendation only; no remediation performed.
https://echobuddha.com/learn/buddhist-dictionary/anicca/,learn detail,Impermanence,https://echobuddha.com/learn/buddhism-101/what-is-impermanence/,61,IMPROVE,P2,Medium,Built 2026-08-11T02:17:46.273Z; 275 words; 12 content headings; authored route; nearest /learn/buddhist-dictionary/dukkha/ combined overlap 55.2%; external source links 1,No,Recommendation only; no remediation performed.
https://echobuddha.com/learn/buddhist-dictionary/compassion/,learn detail,Compassion,https://echobuddha.com/learn/buddhist-dictionary/compassion/,62,SUBSTANTIAL REWRITE,P1,Medium,Built 2026-08-11T02:17:46.273Z; 260 words; 12 content headings; authored route; nearest /learn/buddhist-dictionary/karuna/ combined overlap 61.9%; external source links 1,No,Recommendation only; no remediation performed.
https://echobuddha.com/learn/buddhist-dictionary/dhamma/,learn detail,Dhamma and Dharma,https://echobuddha.com/learn/buddhist-dictionary/dhamma/,68,IMPROVE,P2,Medium,Built 2026-08-11T02:17:46.273Z; 573 words; 14 content headings; authored route; nearest /learn/buddhist-dictionary/sangha/ combined overlap 40.2%; external source links 2,No,Recommendation only; no remediation performed.
https://echobuddha.com/learn/buddhist-dictionary/dukkha/,learn detail,Mindfulness,https://echobuddha.com/learn/buddhism-101/what-is-mindfulness/,62,IMPROVE,P2,Medium,Built 2026-08-11T02:17:46.273Z; 284 words; 12 content headings; authored route; nearest /learn/buddhist-dictionary/anicca/ combined overlap 55.2%; external source links 1,No,Recommendation only; no remediation performed.
https://echobuddha.com/learn/buddhist-dictionary/,learn hub,Buddhist terminology,https://echobuddha.com/learn/buddhist-dictionary/,68,IMPROVE,P2,Medium,Built 2026-08-11T02:17:46.273Z; 326 words; 2 content headings; authored route; nearest /learn/buddhism-101/ combined overlap 17.3%; external source links 2,No,Recommendation only; no remediation performed.
https://echobuddha.com/learn/buddhist-dictionary/karma/,learn detail,Karma,https://echobuddha.com/learn/buddhism-101/what-is-karma-in-buddhism/,61,IMPROVE,P2,Medium,Built 2026-08-11T02:17:46.273Z; 277 words; 12 content headings; authored route; nearest /learn/buddhist-dictionary/mindfulness/ combined overlap 55.4%; external source links 1,No,Recommendation only; no remediation performed.
https://echobuddha.com/learn/buddhist-dictionary/karuna/,learn detail,Compassion,https://echobuddha.com/learn/buddhist-dictionary/compassion/,62,SUBSTANTIAL REWRITE,P1,Medium,Built 2026-08-11T02:17:46.273Z; 309 words; 12 content headings; authored route; nearest /learn/buddhist-dictionary/compassion/ combined overlap 61.9%; external source links 1,No,Recommendation only; no remediation performed.
https://echobuddha.com/learn/buddhist-dictionary/metta/,learn detail,Compassion,https://echobuddha.com/learn/buddhist-dictionary/compassion/,62,SUBSTANTIAL REWRITE,P1,Medium,Built 2026-08-11T02:17:46.273Z; 315 words; 12 content headings; authored route; nearest /learn/buddhist-dictionary/karuna/ combined overlap 59.7%; external source links 1,No,Recommendation only; no remediation performed.
https://echobuddha.com/learn/buddhist-dictionary/mindfulness/,learn detail,Mindfulness,https://echobuddha.com/learn/buddhism-101/what-is-mindfulness/,61,SUBSTANTIAL REWRITE,P1,Medium,Built 2026-08-11T02:17:46.273Z; 244 words; 12 content headings; authored route; nearest /learn/buddhist-dictionary/sati/ combined overlap 61.9%; external source links 1,No,Recommendation only; no remediation performed.
https://echobuddha.com/learn/buddhist-dictionary/nirvana/,learn detail,Buddhist terminology,https://echobuddha.com/learn/buddhist-dictionary/,62,IMPROVE,P2,Medium,Built 2026-08-11T02:17:46.273Z; 272 words; 12 content headings; authored route; nearest /learn/buddhist-dictionary/mindfulness/ combined overlap 54.5%; external source links 1,No,Recommendation only; no remediation performed.
https://echobuddha.com/learn/buddhist-dictionary/pali-canon/,learn detail,Sutta study,https://echobuddha.com/learn/sutta-for-daily-life/,65,HUMAN REVIEW,OWNER / EXPERT REVIEW,Medium,Built 2026-08-11T02:17:46.273Z; 368 words; 9 content headings; authored route; nearest /learn/buddhist-dictionary/sutta/ combined overlap 61.0%; external source links 4,Yes,Recommendation only; no remediation performed.
https://echobuddha.com/learn/buddhist-dictionary/sangha/,learn detail,Sangha,https://echobuddha.com/learn/buddhist-dictionary/sangha/,64,SUBSTANTIAL REWRITE,P1,Medium,Built 2026-08-11T02:17:46.273Z; 357 words; 12 content headings; authored route; nearest /learn/buddhist-dictionary/karuna/ combined overlap 56.3%; external source links 2,No,Recommendation only; no remediation performed.
https://echobuddha.com/learn/buddhist-dictionary/sati/,learn detail,Mindfulness,https://echobuddha.com/learn/buddhism-101/what-is-mindfulness/,62,SUBSTANTIAL REWRITE,P1,Medium,Built 2026-08-11T02:17:46.273Z; 257 words; 12 content headings; authored route; nearest /learn/buddhist-dictionary/mindfulness/ combined overlap 61.9%; external source links 1,No,Recommendation only; no remediation performed.
https://echobuddha.com/learn/buddhist-dictionary/sutta/,learn detail,Sutta study,https://echobuddha.com/learn/sutta-for-daily-life/,62,HUMAN REVIEW,OWNER / EXPERT REVIEW,Medium,Built 2026-08-11T02:17:46.273Z; 323 words; 9 content headings; authored route; nearest /learn/buddhist-dictionary/pali-canon/ combined overlap 61.0%; external source links 2,Yes,Recommendation only; no remediation performed.
https://echobuddha.com/learn/buddhist-resources/,learn hub,Unclustered / page-specific,https://echobuddha.com/learn/buddhist-resources/,70,IMPROVE,P2,Medium,Built 2026-08-11T02:17:46.273Z; 465 words; 9 content headings; authored route; nearest /learn/dhammapada-reflections/ combined overlap 13.4%; external source links 12,No,Recommendation only; no remediation performed.
https://echobuddha.com/learn/dhammapada-reflections/avoid-evil-do-good-purify-the-mind/,learn detail,Dhammapada,https://echobuddha.com/learn/dhammapada-reflections/,61,HUMAN REVIEW,OWNER / EXPERT REVIEW,Medium,Built 2026-08-11T02:17:46.273Z; 334 words; 12 content headings; authored route; nearest /learn/dhammapada-reflections/hatred-is-not-ended-by-hatred/ combined overlap 51.2%; external source links 1,Yes,Recommendation only; no remediation performed.
https://echobuddha.com/learn/dhammapada-reflections/better-than-a-thousand-empty-words/,learn detail,Dhammapada,https://echobuddha.com/learn/dhammapada-reflections/,62,HUMAN REVIEW,OWNER / EXPERT REVIEW,Medium,Built 2026-08-11T02:17:46.273Z; 290 words; 12 content headings; authored route; nearest /learn/dhammapada-reflections/hatred-is-not-ended-by-hatred/ combined overlap 54.0%; external source links 1,Yes,Recommendation only; no remediation performed.
https://echobuddha.com/learn/dhammapada-reflections/hatred-is-not-ended-by-hatred/,learn detail,Dhammapada,https://echobuddha.com/learn/dhammapada-reflections/,62,HUMAN REVIEW,OWNER / EXPERT REVIEW,Medium,Built 2026-08-11T02:17:46.273Z; 276 words; 12 content headings; authored route; nearest /learn/dhammapada-reflections/better-than-a-thousand-empty-words/ combined overlap 54.0%; external source links 1,Yes,Recommendation only; no remediation performed.
https://echobuddha.com/learn/dhammapada-reflections/,learn hub,Dhammapada,https://echobuddha.com/learn/dhammapada-reflections/,69,IMPROVE,P2,Medium,Built 2026-08-11T02:17:46.273Z; 221 words; 3 content headings; authored route; nearest /learn/sutta-for-daily-life/ combined overlap 32.3%; external source links 2,Yes,Recommendation only; no remediation performed.
https://echobuddha.com/learn/dhammapada-reflections/peace-comes-from-a-trained-mind/,learn detail,Dhammapada,https://echobuddha.com/learn/dhammapada-reflections/,61,HUMAN REVIEW,OWNER / EXPERT REVIEW,Medium,Built 2026-08-11T02:17:46.273Z; 276 words; 12 content headings; authored route; nearest /learn/dhammapada-reflections/the-mind-leads-all-things/ combined overlap 51.4%; external source links 1,Yes,Recommendation only; no remediation performed.
https://echobuddha.com/learn/dhammapada-reflections/the-mind-leads-all-things/,learn detail,Dhammapada,https://echobuddha.com/learn/dhammapada-reflections/,61,HUMAN REVIEW,OWNER / EXPERT REVIEW,Medium,Built 2026-08-11T02:17:46.273Z; 288 words; 12 content headings; authored route; nearest /learn/dhammapada-reflections/peace-comes-from-a-trained-mind/ combined overlap 51.4%; external source links 1,Yes,Recommendation only; no remediation performed.
https://echobuddha.com/learn/eightfold-path/,learn hub,Noble Eightfold Path,https://echobuddha.com/learn/eightfold-path/,70,IMPROVE,P2,Medium,Built 2026-08-11T02:17:46.273Z; 342 words; 9 content headings; authored route; nearest /learn/four-noble-truths/ combined overlap 26.3%; external source links 2,No,Recommendation only; no remediation performed.
https://echobuddha.com/learn/four-noble-truths/,learn hub,Four Noble Truths,https://echobuddha.com/learn/four-noble-truths/,70,IMPROVE,P2,Medium,Built 2026-08-11T02:17:46.273Z; 259 words; 8 content headings; authored route; nearest /learn/eightfold-path/ combined overlap 26.3%; external source links 2,No,Recommendation only; no remediation performed.
https://echobuddha.com/learn/,hub/utility,Unclustered / page-specific,https://echobuddha.com/learn/,71,IMPROVE,P2,Medium,Built 2026-08-11T02:17:46.273Z; 593 words; 17 content headings; authored route; nearest /start-here/ combined overlap 22.8%; external source links 0,No,Recommendation only; no remediation performed.
https://echobuddha.com/learn/questions-about-buddhism/,learn hub,Unclustered / page-specific,https://echobuddha.com/learn/questions-about-buddhism/,70,IMPROVE,P2,Medium,Built 2026-08-11T02:17:46.273Z; 804 words; 1 content headings; authored route; nearest /learn/buddhism-for-beginners/ combined overlap 14.1%; external source links 0,No,Recommendation only; no remediation performed.
https://echobuddha.com/learn/sutta-for-daily-life/buddhas-teaching-on-patience/,learn detail,Patience,https://echobuddha.com/articles/three-ways-to-practice-patience/,61,IMPROVE,P2,Medium,Built 2026-08-11T02:17:46.273Z; 259 words; 12 content headings; authored route; nearest /learn/sutta-for-daily-life/right-speech-in-daily-life/ combined overlap 52.3%; external source links 1,Yes,Recommendation only; no remediation performed.
https://echobuddha.com/learn/sutta-for-daily-life/dhammacakkappavattana-sutta-four-noble-truths/,learn detail,Four Noble Truths,https://echobuddha.com/learn/four-noble-truths/,64,IMPROVE,P2,Medium,Built 2026-08-11T02:17:46.273Z; 379 words; 9 content headings; authored route; nearest /learn/sutta-for-daily-life/magga-vibhanga-sutta-eightfold-path/ combined overlap 54.7%; external source links 2,Yes,Recommendation only; no remediation performed.
https://echobuddha.com/learn/sutta-for-daily-life/,learn hub,Sutta study,https://echobuddha.com/learn/sutta-for-daily-life/,69,IMPROVE,P2,Medium,Built 2026-08-11T02:17:46.273Z; 283 words; 3 content headings; authored route; nearest /learn/dhammapada-reflections/ combined overlap 32.3%; external source links 2,Yes,Recommendation only; no remediation performed.
https://echobuddha.com/learn/sutta-for-daily-life/kalama-sutta-and-wise-thinking/,learn detail,Sutta study,https://echobuddha.com/learn/sutta-for-daily-life/,62,HUMAN REVIEW,OWNER / EXPERT REVIEW,Medium,Built 2026-08-11T02:17:46.273Z; 289 words; 12 content headings; authored route; nearest /learn/sutta-for-daily-life/buddhas-teaching-on-patience/ combined overlap 51.8%; external source links 1,Yes,Recommendation only; no remediation performed.
https://echobuddha.com/learn/sutta-for-daily-life/magga-vibhanga-sutta-eightfold-path/,learn detail,Noble Eightfold Path,https://echobuddha.com/learn/eightfold-path/,63,IMPROVE,P2,Medium,Built 2026-08-11T02:17:46.273Z; 375 words; 9 content headings; authored route; nearest /learn/sutta-for-daily-life/dhammacakkappavattana-sutta-four-noble-truths/ combined overlap 54.7%; external source links 2,Yes,Recommendation only; no remediation performed.
https://echobuddha.com/learn/sutta-for-daily-life/metta-sutta-explained-for-daily-life/,learn detail,Loving-kindness and metta,https://echobuddha.com/learn/buddhist-dictionary/metta/,61,IMPROVE,P2,Medium,Built 2026-08-11T02:17:46.273Z; 296 words; 12 content headings; authored route; nearest /learn/sutta-for-daily-life/buddhas-teaching-on-patience/ combined overlap 50.4%; external source links 1,Yes,Recommendation only; no remediation performed.
https://echobuddha.com/learn/sutta-for-daily-life/mindfulness-of-breathing-explained-simply/,learn detail,Sutta study,https://echobuddha.com/learn/sutta-for-daily-life/,62,HUMAN REVIEW,OWNER / EXPERT REVIEW,Medium,Built 2026-08-11T02:17:46.273Z; 258 words; 12 content headings; authored route; nearest /learn/sutta-for-daily-life/buddhas-teaching-on-patience/ combined overlap 50.7%; external source links 1,Yes,Recommendation only; no remediation performed.
https://echobuddha.com/learn/sutta-for-daily-life/right-speech-in-daily-life/,learn detail,Right Speech,https://echobuddha.com/articles/right-speech-buddhism/,61,IMPROVE,P2,Medium,Built 2026-08-11T02:17:46.273Z; 313 words; 12 content headings; authored route; nearest /learn/sutta-for-daily-life/buddhas-teaching-on-patience/ combined overlap 52.3%; external source links 1,Yes,Recommendation only; no remediation performed.
https://echobuddha.com/meditation-guide/,other,Meditation,https://echobuddha.com/meditation/,78,IMPROVE,P3,Medium,Built 2026-08-11T02:17:46.273Z; 1267 words; 23 content headings; authored route; nearest /articles/how-to-meditate-for-anxiety/ combined overlap 19.0%; external source links 3,No,Recommendation only; no remediation performed.
https://echobuddha.com/meditation-safety/,trust/policy,Meditation,https://echobuddha.com/meditation/,70,IMPROVE,P2,Medium,Built 2026-08-11T02:17:46.273Z; 254 words; 6 content headings; authored route; nearest /disclaimer/ combined overlap 18.0%; external source links 0,No,Recommendation only; no remediation performed.
https://echobuddha.com/meditation/10-minute-meditation-practice/,meditation detail,Meditation,https://echobuddha.com/meditation/,63,IMPROVE,P2,Medium,Built 2026-08-11T02:17:46.273Z; 462 words; 11 content headings; authored route; nearest /meditation/when-meditation-feels-hard/ combined overlap 49.3%; external source links 3,No,Recommendation only; no remediation performed.
https://echobuddha.com/meditation/5-minute-meditation-practice/,meditation detail,Meditation,https://echobuddha.com/meditation/,58,IMPROVE,P2,Medium,Built 2026-08-11T02:17:46.273Z; 373 words; 14 content headings; authored route; nearest /meditation/breathing-meditation/ combined overlap 64.6%; external source links 1,No,Recommendation only; no remediation performed.
https://echobuddha.com/meditation/breathing-meditation/,meditation detail,Meditation,https://echobuddha.com/meditation/,58,IMPROVE,P2,Medium,Built 2026-08-11T02:17:46.273Z; 392 words; 14 content headings; authored route; nearest /meditation/loving-kindness-meditation/ combined overlap 66.8%; external source links 1,No,Recommendation only; no remediation performed.
https://echobuddha.com/meditation/,hub/utility,Mindfulness,https://echobuddha.com/learn/buddhism-101/what-is-mindfulness/,71,IMPROVE,P2,Medium,Built 2026-08-11T02:17:46.273Z; 387 words; 10 content headings; authored route; nearest /meditation/mindfulness-in-daily-life/ combined overlap 15.1%; external source links 2,No,Recommendation only; no remediation performed.
https://echobuddha.com/meditation/loving-kindness-meditation/,meditation detail,Compassion,https://echobuddha.com/learn/buddhist-dictionary/compassion/,58,IMPROVE,P2,Medium,Built 2026-08-11T02:17:46.273Z; 395 words; 14 content headings; authored route; nearest /meditation/breathing-meditation/ combined overlap 66.8%; external source links 1,No,Recommendation only; no remediation performed.
https://echobuddha.com/meditation/meditation-for-beginners/,meditation detail,Meditation,https://echobuddha.com/meditation/,63,IMPROVE,P2,Medium,Built 2026-08-11T02:17:46.273Z; 418 words; 14 content headings; authored route; nearest /meditation/5-minute-meditation-practice/ combined overlap 61.4%; external source links 1,No,Recommendation only; no remediation performed.
https://echobuddha.com/meditation/meditation-posture-for-beginners/,meditation detail,Meditation,https://echobuddha.com/meditation/,63,IMPROVE,P2,Medium,Built 2026-08-11T02:17:46.273Z; 466 words; 11 content headings; authored route; nearest /meditation/10-minute-meditation-practice/ combined overlap 48.4%; external source links 2,No,Recommendation only; no remediation performed.
https://echobuddha.com/meditation/mindfulness-in-daily-life/,meditation detail,Mindfulness,https://echobuddha.com/learn/buddhism-101/what-is-mindfulness/,58,IMPROVE,P2,Medium,Built 2026-08-11T02:17:46.273Z; 386 words; 14 content headings; authored route; nearest /meditation/walking-meditation/ combined overlap 66.0%; external source links 1,No,Recommendation only; no remediation performed.
https://echobuddha.com/meditation/walking-meditation/,meditation detail,Meditation,https://echobuddha.com/meditation/,58,IMPROVE,P2,Medium,Built 2026-08-11T02:17:46.273Z; 379 words; 14 content headings; authored route; nearest /meditation/breathing-meditation/ combined overlap 66.8%; external source links 1,No,Recommendation only; no remediation performed.
https://echobuddha.com/meditation/when-meditation-feels-hard/,meditation detail,Meditation,https://echobuddha.com/meditation/,63,IMPROVE,P2,Medium,Built 2026-08-11T02:17:46.273Z; 471 words; 11 content headings; authored route; nearest /meditation/10-minute-meditation-practice/ combined overlap 49.3%; external source links 3,No,Recommendation only; no remediation performed.
https://echobuddha.com/mindful-living/,hub/utility,Mindfulness,https://echobuddha.com/learn/buddhism-101/what-is-mindfulness/,70,IMPROVE,P2,Medium,Built 2026-08-11T02:17:46.273Z; 559 words; 16 content headings; authored route; nearest /articles/ combined overlap 25.5%; external source links 0,No,Recommendation only; no remediation performed.
https://echobuddha.com/privacy-policy/,trust/policy,Unclustered / page-specific,https://echobuddha.com/privacy-policy/,69,IMPROVE,P2,Medium,Built 2026-08-11T02:17:46.273Z; 383 words; 8 content headings; authored route; nearest /editorial-policy/ combined overlap 9.5%; external source links 1,No,Recommendation only; no remediation performed.
https://echobuddha.com/quote-attribution-policy/,trust/policy,Unclustered / page-specific,https://echobuddha.com/quote-attribution-policy/,72,IMPROVE,P2,Medium,Built 2026-08-11T02:17:46.273Z; 248 words; 5 content headings; authored route; nearest /buddhist-sources-and-citations/ combined overlap 20.6%; external source links 0,No,Recommendation only; no remediation performed.
https://echobuddha.com/quotes/awareness/acceptance-before-next-step/,quote story,Mindfulness,https://echobuddha.com/learn/buddhism-101/what-is-mindfulness/,56,IMPROVE,P2,High,Built 2026-08-11T02:17:46.273Z; 666 words; 17 content headings; individually authored story; nearest /quotes/awareness/feelings-without-the-wheel/ combined overlap 65.8%; external source links 0,No,Recommendation only; no remediation performed.
https://echobuddha.com/quotes/awareness/anger-asks-for-speed-awareness-asks-for-one-more/,quote story,Anger,https://echobuddha.com/articles/buddhist-approach-to-anger/,46,NOINDEX,P1,High,Built 2026-08-11T02:17:46.273Z; 680 words; 17 content headings; generated story; nearest /quotes/awareness/the-body-often-knows-you-are-overwhelmed-before-the/ combined overlap 86.0%; external source links 0,No,Recommendation only; preserve URL and follow links unless Phase 2+ review approves a change.
https://echobuddha.com/quotes/awareness/awareness-does-not-remove-the-storm-it-keeps-you/,quote story,Unclustered / page-specific,https://echobuddha.com/quotes/awareness/awareness-does-not-remove-the-storm-it-keeps-you/,46,NOINDEX,P1,High,Built 2026-08-11T02:17:46.273Z; 706 words; 17 content headings; generated story; nearest /quotes/awareness/small-acts-of-attention-can-turn-an-ordinary-day/ combined overlap 85.2%; external source links 0,No,Recommendation only; preserve URL and follow links unless Phase 2+ review approves a change.
https://echobuddha.com/quotes/awareness/feelings-without-the-wheel/,quote story,Unclustered / page-specific,https://echobuddha.com/quotes/awareness/feelings-without-the-wheel/,56,IMPROVE,P2,High,Built 2026-08-11T02:17:46.273Z; 640 words; 17 content headings; individually authored story; nearest /quotes/awareness/one-breath-before-anger-replies/ combined overlap 68.2%; external source links 0,No,Recommendation only; no remediation performed.
https://echobuddha.com/quotes/awareness/,quote category,Unclustered / page-specific,https://echobuddha.com/quotes/awareness/,64,SUBSTANTIAL REWRITE,P1,Medium,Built 2026-08-11T02:17:46.273Z; 456 words; 7 content headings; authored route; nearest /quotes/mindfulness/ combined overlap 49.1%; external source links 0,No,Recommendation only; no remediation performed.
https://echobuddha.com/quotes/awareness/look-beneath-the-reaction-and-you-may-find-a/,quote story,Unclustered / page-specific,https://echobuddha.com/quotes/awareness/look-beneath-the-reaction-and-you-may-find-a/,46,NOINDEX,P1,High,Built 2026-08-11T02:17:46.273Z; 685 words; 17 content headings; generated story; nearest /quotes/awareness/small-acts-of-attention-can-turn-an-ordinary-day/ combined overlap 86.5%; external source links 0,No,Recommendation only; preserve URL and follow links unless Phase 2+ review approves a change.
https://echobuddha.com/quotes/awareness/name-the-feeling-gently-and-it-may-stop-speaking/,quote story,Unclustered / page-specific,https://echobuddha.com/quotes/awareness/name-the-feeling-gently-and-it-may-stop-speaking/,46,NOINDEX,P1,High,Built 2026-08-11T02:17:46.273Z; 700 words; 17 content headings; generated story; nearest /quotes/awareness/the-body-often-knows-you-are-overwhelmed-before-the/ combined overlap 87.5%; external source links 0,No,Recommendation only; preserve URL and follow links unless Phase 2+ review approves a change.
https://echobuddha.com/quotes/awareness/one-breath-before-anger-replies/,quote story,Anger,https://echobuddha.com/articles/buddhist-approach-to-anger/,56,IMPROVE,P2,High,Built 2026-08-11T02:17:46.273Z; 670 words; 17 content headings; individually authored story; nearest /quotes/awareness/feelings-without-the-wheel/ combined overlap 68.2%; external source links 0,No,Recommendation only; no remediation performed.
https://echobuddha.com/quotes/awareness/small-acts-of-attention-can-turn-an-ordinary-day/,quote story,Unclustered / page-specific,https://echobuddha.com/quotes/awareness/small-acts-of-attention-can-turn-an-ordinary-day/,51,NOINDEX,P1,High,Built 2026-08-11T02:17:46.273Z; 657 words; 17 content headings; generated story; nearest /quotes/awareness/look-beneath-the-reaction-and-you-may-find-a/ combined overlap 86.5%; external source links 0,No,Recommendation only; preserve URL and follow links unless Phase 2+ review approves a change.
https://echobuddha.com/quotes/awareness/the-body-often-knows-you-are-overwhelmed-before-the/,quote story,Unclustered / page-specific,https://echobuddha.com/quotes/awareness/the-body-often-knows-you-are-overwhelmed-before-the/,46,NOINDEX,P1,High,Built 2026-08-11T02:17:46.273Z; 710 words; 17 content headings; generated story; nearest /quotes/awareness/name-the-feeling-gently-and-it-may-stop-speaking/ combined overlap 87.5%; external source links 0,No,Recommendation only; preserve URL and follow links unless Phase 2+ review approves a change.
https://echobuddha.com/quotes/awareness/thoughts-are-visitors/,quote story,Anxiety-related meditation,https://echobuddha.com/articles/how-to-meditate-for-anxiety/,56,IMPROVE,P2,High,Built 2026-08-11T02:17:46.273Z; 655 words; 17 content headings; individually authored story; nearest /quotes/awareness/thoughts-pass-without-commanding-you/ combined overlap 67.9%; external source links 0,No,Recommendation only; no remediation performed.
https://echobuddha.com/quotes/awareness/thoughts-pass-without-commanding-you/,quote story,Unclustered / page-specific,https://echobuddha.com/quotes/awareness/thoughts-pass-without-commanding-you/,56,IMPROVE,P2,High,Built 2026-08-11T02:17:46.273Z; 665 words; 17 content headings; individually authored story; nearest /quotes/awareness/thoughts-are-visitors/ combined overlap 67.9%; external source links 0,No,Recommendation only; no remediation performed.
https://echobuddha.com/quotes/compassion/a-gentle-response-can-end-suffering-that-anger-would/,quote story,Compassion,https://echobuddha.com/learn/buddhist-dictionary/compassion/,46,NOINDEX,P1,High,Built 2026-08-11T02:17:46.273Z; 670 words; 17 content headings; generated story; nearest /quotes/compassion/let-kindness-be-the-echo-you-leave-in-every/ combined overlap 83.7%; external source links 0,No,Recommendation only; preserve URL and follow links unless Phase 2+ review approves a change.
https://echobuddha.com/quotes/compassion/before-judging-another-life-remember-how-much-of-your/,quote story,Compassion,https://echobuddha.com/learn/buddhist-dictionary/compassion/,46,NOINDEX,P1,High,Built 2026-08-11T02:17:46.273Z; 687 words; 17 content headings; generated story; nearest /quotes/compassion/let-kindness-be-the-echo-you-leave-in-every/ combined overlap 88.2%; external source links 0,No,Recommendation only; preserve URL and follow links unless Phase 2+ review approves a change.
https://echobuddha.com/quotes/compassion/compassion-asks-what-hurts-before-it-asks-who-is/,quote story,Compassion,https://echobuddha.com/learn/buddhist-dictionary/compassion/,46,NOINDEX,P1,High,Built 2026-08-11T02:17:46.273Z; 666 words; 17 content headings; generated story; nearest /quotes/compassion/kindness-does-not-need-an-audience-to-become-meaningful/ combined overlap 86.1%; external source links 0,No,Recommendation only; preserve URL and follow links unless Phase 2+ review approves a change.
https://echobuddha.com/quotes/compassion/compassion-grows-where-judgment-loosens-its-grip/,quote story,Compassion,https://echobuddha.com/learn/buddhist-dictionary/compassion/,46,NOINDEX,P1,High,Built 2026-08-11T02:17:46.273Z; 637 words; 17 content headings; generated story; nearest /quotes/compassion/let-kindness-be-the-echo-you-leave-in-every/ combined overlap 85.4%; external source links 0,No,Recommendation only; preserve URL and follow links unless Phase 2+ review approves a change.
https://echobuddha.com/quotes/compassion/compassion-sees-pain-clearly/,quote story,Compassion,https://echobuddha.com/learn/buddhist-dictionary/compassion/,56,IMPROVE,P2,High,Built 2026-08-11T02:17:46.273Z; 643 words; 17 content headings; individually authored story; nearest /quotes/compassion/gentle-self-compassion/ combined overlap 65.3%; external source links 0,No,Recommendation only; no remediation performed.
https://echobuddha.com/quotes/compassion/gentle-self-compassion/,quote story,Compassion,https://echobuddha.com/learn/buddhist-dictionary/compassion/,56,IMPROVE,P2,High,Built 2026-08-11T02:17:46.273Z; 617 words; 17 content headings; individually authored story; nearest /quotes/compassion/loving-kindness-without-harm/ combined overlap 65.4%; external source links 0,No,Recommendation only; no remediation performed.
https://echobuddha.com/quotes/compassion/,quote category,Compassion,https://echobuddha.com/learn/buddhist-dictionary/compassion/,64,SUBSTANTIAL REWRITE,P1,Medium,Built 2026-08-11T02:17:46.273Z; 426 words; 7 content headings; authored route; nearest /quotes/impermanence/ combined overlap 48.5%; external source links 0,No,Recommendation only; no remediation performed.
https://echobuddha.com/quotes/compassion/kindness-as-quiet-practice/,quote story,Compassion,https://echobuddha.com/learn/buddhist-dictionary/compassion/,56,IMPROVE,P2,High,Built 2026-08-11T02:17:46.273Z; 623 words; 17 content headings; individually authored story; nearest /quotes/compassion/loving-kindness-without-harm/ combined overlap 65.6%; external source links 0,No,Recommendation only; no remediation performed.
https://echobuddha.com/quotes/compassion/kindness-does-not-need-an-audience-to-become-meaningful/,quote story,Compassion,https://echobuddha.com/learn/buddhist-dictionary/compassion/,46,NOINDEX,P1,High,Built 2026-08-11T02:17:46.273Z; 633 words; 17 content headings; generated story; nearest /quotes/compassion/compassion-asks-what-hurts-before-it-asks-who-is/ combined overlap 86.1%; external source links 0,No,Recommendation only; preserve URL and follow links unless Phase 2+ review approves a change.
https://echobuddha.com/quotes/compassion/let-kindness-be-the-echo-you-leave-in-every/,quote story,Compassion,https://echobuddha.com/learn/buddhist-dictionary/compassion/,51,NOINDEX,P1,High,Built 2026-08-11T02:17:46.273Z; 643 words; 17 content headings; generated story; nearest /quotes/compassion/before-judging-another-life-remember-how-much-of-your/ combined overlap 88.2%; external source links 0,No,Recommendation only; preserve URL and follow links unless Phase 2+ review approves a change.
https://echobuddha.com/quotes/compassion/loving-kindness-without-harm/,quote story,Compassion,https://echobuddha.com/learn/buddhist-dictionary/compassion/,56,IMPROVE,P2,High,Built 2026-08-11T02:17:46.273Z; 634 words; 17 content headings; individually authored story; nearest /quotes/compassion/kindness-as-quiet-practice/ combined overlap 65.6%; external source links 0,No,Recommendation only; no remediation performed.
https://echobuddha.com/quotes/impermanence/because-this-moment-will-pass-meet-it-while-it/,quote story,Impermanence,https://echobuddha.com/learn/buddhism-101/what-is-impermanence/,46,NOINDEX,P1,High,Built 2026-08-11T02:17:46.273Z; 656 words; 17 content headings; generated story; nearest /quotes/impermanence/change-takes-nothing-personally-it-simply-continues/ combined overlap 84.0%; external source links 0,No,Recommendation only; preserve URL and follow links unless Phase 2+ review approves a change.
https://echobuddha.com/quotes/impermanence/change-is-how-life-continues/,quote story,Impermanence,https://echobuddha.com/learn/buddhism-101/what-is-impermanence/,56,IMPROVE,P2,High,Built 2026-08-11T02:17:46.273Z; 618 words; 17 content headings; individually authored story; nearest /quotes/impermanence/meet-change-softly/ combined overlap 66.0%; external source links 0,No,Recommendation only; no remediation performed.
https://echobuddha.com/quotes/impermanence/change-takes-nothing-personally-it-simply-continues/,quote story,Impermanence,https://echobuddha.com/learn/buddhism-101/what-is-impermanence/,46,NOINDEX,P1,High,Built 2026-08-11T02:17:46.273Z; 620 words; 17 content headings; generated story; nearest /quotes/impermanence/everything-changes-including-the-part-of-you-that-fears/ combined overlap 86.7%; external source links 0,No,Recommendation only; preserve URL and follow links unless Phase 2+ review approves a change.
https://echobuddha.com/quotes/impermanence/everything-changes-including-the-part-of-you-that-fears/,quote story,Impermanence,https://echobuddha.com/learn/buddhism-101/what-is-impermanence/,51,NOINDEX,P1,High,Built 2026-08-11T02:17:46.273Z; 650 words; 17 content headings; generated story; nearest /quotes/impermanence/change-takes-nothing-personally-it-simply-continues/ combined overlap 86.7%; external source links 0,No,Recommendation only; preserve URL and follow links unless Phase 2+ review approves a change.
https://echobuddha.com/quotes/impermanence/,quote category,Impermanence,https://echobuddha.com/learn/buddhism-101/what-is-impermanence/,63,SUBSTANTIAL REWRITE,P1,Medium,Built 2026-08-11T02:17:46.273Z; 356 words; 7 content headings; authored route; nearest /quotes/compassion/ combined overlap 48.5%; external source links 0,No,Recommendation only; no remediation performed.
https://echobuddha.com/quotes/impermanence/meet-change-softly/,quote story,Impermanence,https://echobuddha.com/learn/buddhism-101/what-is-impermanence/,56,IMPROVE,P2,High,Built 2026-08-11T02:17:46.273Z; 624 words; 17 content headings; individually authored story; nearest /quotes/impermanence/change-is-how-life-continues/ combined overlap 66.0%; external source links 0,No,Recommendation only; no remediation performed.
https://echobuddha.com/quotes/impermanence/the-fading-flower-does-not-make-its-blooming-less/,quote story,Impermanence,https://echobuddha.com/learn/buddhism-101/what-is-impermanence/,46,NOINDEX,P1,High,Built 2026-08-11T02:17:46.273Z; 656 words; 17 content headings; generated story; nearest /quotes/impermanence/change-takes-nothing-personally-it-simply-continues/ combined overlap 85.5%; external source links 0,No,Recommendation only; preserve URL and follow links unless Phase 2+ review approves a change.
https://echobuddha.com/quotes/impermanence/the-passing-of-joy-teaches-gratitude-the-passing-of/,quote story,Impermanence,https://echobuddha.com/learn/buddhism-101/what-is-impermanence/,46,NOINDEX,P1,High,Built 2026-08-11T02:17:46.273Z; 654 words; 17 content headings; generated story; nearest /quotes/impermanence/everything-changes-including-the-part-of-you-that-fears/ combined overlap 84.6%; external source links 0,No,Recommendation only; preserve URL and follow links unless Phase 2+ review approves a change.
https://echobuddha.com/quotes/impermanence/todays-certainty-may-become-tomorrows-lesson-in-humility/,quote story,Impermanence,https://echobuddha.com/learn/buddhism-101/what-is-impermanence/,46,NOINDEX,P1,High,Built 2026-08-11T02:17:46.273Z; 620 words; 17 content headings; generated story; nearest /quotes/impermanence/the-passing-of-joy-teaches-gratitude-the-passing-of/ combined overlap 83.6%; external source links 0,No,Recommendation only; preserve URL and follow links unless Phase 2+ review approves a change.
https://echobuddha.com/quotes/,hub/utility,Unclustered / page-specific,https://echobuddha.com/quotes/,71,IMPROVE,P2,Medium,Built 2026-08-11T02:17:46.273Z; 2325 words; 5 content headings; authored route; nearest /daily-reflections/ combined overlap 20.6%; external source links 0,No,Recommendation only; no remediation performed.
https://echobuddha.com/quotes/letting-go/an-open-hand-can-care-for-what-a-clenched/,quote story,Attachment and letting go,https://echobuddha.com/articles/how-to-let-go-of-attachment-in-buddhism/,46,NOINDEX,P1,High,Built 2026-08-11T02:17:46.273Z; 655 words; 17 content headings; generated story; nearest /quotes/letting-go/you-can-honor-the-past-without-asking-it-to/ combined overlap 84.0%; external source links 0,No,Recommendation only; preserve URL and follow links unless Phase 2+ review approves a change.
https://echobuddha.com/quotes/letting-go/caring-without-clinging/,quote story,Attachment and letting go,https://echobuddha.com/articles/how-to-let-go-of-attachment-in-buddhism/,56,IMPROVE,P2,High,Built 2026-08-11T02:17:46.273Z; 638 words; 17 content headings; individually authored story; nearest /quotes/letting-go/where-attachment-begins/ combined overlap 67.8%; external source links 0,No,Recommendation only; no remediation performed.
https://echobuddha.com/quotes/letting-go/forgiveness-without-approving-harm/,quote story,Attachment and letting go,https://echobuddha.com/articles/how-to-let-go-of-attachment-in-buddhism/,56,IMPROVE,P2,High,Built 2026-08-11T02:17:46.273Z; 627 words; 17 content headings; individually authored story; nearest /quotes/letting-go/soften-around-stress/ combined overlap 66.9%; external source links 0,No,Recommendation only; no remediation performed.
https://echobuddha.com/quotes/letting-go/,quote category,Attachment and letting go,https://echobuddha.com/articles/how-to-let-go-of-attachment-in-buddhism/,64,SUBSTANTIAL REWRITE,P1,Medium,Built 2026-08-11T02:17:46.273Z; 468 words; 7 content headings; authored route; nearest /quotes/renewal/ combined overlap 48.0%; external source links 0,No,Recommendation only; no remediation performed.
https://echobuddha.com/quotes/letting-go/letting-go-begins-by-admitting-how-tightly-you-are/,quote story,Attachment and letting go,https://echobuddha.com/articles/how-to-let-go-of-attachment-in-buddhism/,46,NOINDEX,P1,High,Built 2026-08-11T02:17:46.273Z; 640 words; 17 content headings; generated story; nearest /quotes/letting-go/you-do-not-need-to-carry-every-thought-that/ combined overlap 87.6%; external source links 0,No,Recommendation only; preserve URL and follow links unless Phase 2+ review approves a change.
https://echobuddha.com/quotes/letting-go/open-hands-non-attachment/,quote story,Attachment and letting go,https://echobuddha.com/articles/how-to-let-go-of-attachment-in-buddhism/,56,IMPROVE,P2,High,Built 2026-08-11T02:17:46.273Z; 628 words; 17 content headings; individually authored story; nearest /quotes/letting-go/where-attachment-begins/ combined overlap 67.7%; external source links 0,No,Recommendation only; no remediation performed.
https://echobuddha.com/quotes/letting-go/peace-enters-when-control-is-no-longer-the-price/,quote story,Attachment and letting go,https://echobuddha.com/articles/how-to-let-go-of-attachment-in-buddhism/,46,NOINDEX,P1,High,Built 2026-08-11T02:17:46.273Z; 669 words; 17 content headings; generated story; nearest /quotes/letting-go/you-do-not-need-to-carry-every-thought-that/ combined overlap 85.7%; external source links 0,No,Recommendation only; preserve URL and follow links unless Phase 2+ review approves a change.
https://echobuddha.com/quotes/letting-go/release-the-need-to-replay-what-can-no-longer/,quote story,Attachment and letting go,https://echobuddha.com/articles/how-to-let-go-of-attachment-in-buddhism/,46,NOINDEX,P1,High,Built 2026-08-11T02:17:46.273Z; 638 words; 17 content headings; generated story; nearest /quotes/letting-go/you-do-not-need-to-carry-every-thought-that/ combined overlap 85.7%; external source links 0,No,Recommendation only; preserve URL and follow links unless Phase 2+ review approves a change.
https://echobuddha.com/quotes/letting-go/soften-around-stress/,quote story,Attachment and letting go,https://echobuddha.com/articles/how-to-let-go-of-attachment-in-buddhism/,56,IMPROVE,P2,High,Built 2026-08-11T02:17:46.273Z; 639 words; 17 content headings; individually authored story; nearest /quotes/letting-go/caring-without-clinging/ combined overlap 67.6%; external source links 0,No,Recommendation only; no remediation performed.
https://echobuddha.com/quotes/letting-go/where-attachment-begins/,quote story,Attachment and letting go,https://echobuddha.com/articles/how-to-let-go-of-attachment-in-buddhism/,56,IMPROVE,P2,High,Built 2026-08-11T02:17:46.273Z; 602 words; 17 content headings; individually authored story; nearest /quotes/letting-go/caring-without-clinging/ combined overlap 67.8%; external source links 0,No,Recommendation only; no remediation performed.
https://echobuddha.com/quotes/letting-go/you-can-honor-the-past-without-asking-it-to/,quote story,Attachment and letting go,https://echobuddha.com/articles/how-to-let-go-of-attachment-in-buddhism/,46,NOINDEX,P1,High,Built 2026-08-11T02:17:46.273Z; 672 words; 17 content headings; generated story; nearest /quotes/letting-go/you-do-not-need-to-carry-every-thought-that/ combined overlap 85.4%; external source links 0,No,Recommendation only; preserve URL and follow links unless Phase 2+ review approves a change.
https://echobuddha.com/quotes/letting-go/you-do-not-need-to-carry-every-thought-that/,quote story,Attachment and letting go,https://echobuddha.com/articles/how-to-let-go-of-attachment-in-buddhism/,51,NOINDEX,P1,High,Built 2026-08-11T02:17:46.273Z; 646 words; 17 content headings; generated story; nearest /quotes/letting-go/letting-go-begins-by-admitting-how-tightly-you-are/ combined overlap 87.6%; external source links 0,No,Recommendation only; preserve URL and follow links unless Phase 2+ review approves a change.
https://echobuddha.com/quotes/meditation/a-short-sincere-practice-can-steady-a-long-and/,quote story,Meditation,https://echobuddha.com/meditation/,46,NOINDEX,P1,High,Built 2026-08-11T02:17:46.273Z; 669 words; 17 content headings; generated story; nearest /quotes/meditation/silence-is-not-empty-when-the-heart-is-listening/ combined overlap 85.9%; external source links 0,No,Recommendation only; preserve URL and follow links unless Phase 2+ review approves a change.
https://echobuddha.com/quotes/meditation/few-quiet-minutes/,quote story,Meditation,https://echobuddha.com/meditation/,56,IMPROVE,P2,High,Built 2026-08-11T02:17:46.273Z; 666 words; 17 content headings; individually authored story; nearest /quotes/meditation/one-honest-breath/ combined overlap 65.3%; external source links 0,No,Recommendation only; no remediation performed.
https://echobuddha.com/quotes/meditation/follow-the-breath-lightly-as-you-would-listen-to/,quote story,Meditation,https://echobuddha.com/meditation/,46,NOINDEX,P1,High,Built 2026-08-11T02:17:46.273Z; 638 words; 17 content headings; generated story; nearest /quotes/meditation/silence-is-not-empty-when-the-heart-is-listening/ combined overlap 85.8%; external source links 0,No,Recommendation only; preserve URL and follow links unless Phase 2+ review approves a change.
https://echobuddha.com/quotes/meditation/,quote category,Meditation,https://echobuddha.com/meditation/,71,IMPROVE,P2,Medium,Built 2026-08-11T02:17:46.273Z; 385 words; 7 content headings; authored route; nearest /quotes/mindfulness/ combined overlap 27.1%; external source links 0,No,Recommendation only; no remediation performed.
https://echobuddha.com/quotes/meditation/meditation-is-not-leaving-life-it-is-learning-how/,quote story,Meditation,https://echobuddha.com/meditation/,46,NOINDEX,P1,High,Built 2026-08-11T02:17:46.273Z; 627 words; 17 content headings; generated story; nearest /quotes/meditation/silence-is-not-empty-when-the-heart-is-listening/ combined overlap 85.1%; external source links 0,No,Recommendation only; preserve URL and follow links unless Phase 2+ review approves a change.
https://echobuddha.com/quotes/meditation/meditation-is-returning/,quote story,Meditation,https://echobuddha.com/meditation/,56,IMPROVE,P2,High,Built 2026-08-11T02:17:46.273Z; 646 words; 17 content headings; individually authored story; nearest /quotes/meditation/one-honest-breath/ combined overlap 66.1%; external source links 0,No,Recommendation only; no remediation performed.
https://echobuddha.com/quotes/meditation/one-honest-breath/,quote story,Mindfulness,https://echobuddha.com/learn/buddhism-101/what-is-mindfulness/,56,IMPROVE,P2,High,Built 2026-08-11T02:17:46.273Z; 670 words; 17 content headings; individually authored story; nearest /quotes/meditation/meditation-is-returning/ combined overlap 66.1%; external source links 0,No,Recommendation only; no remediation performed.
https://echobuddha.com/quotes/meditation/silence-is-not-empty-when-the-heart-is-listening/,quote story,Meditation,https://echobuddha.com/meditation/,51,NOINDEX,P1,High,Built 2026-08-11T02:17:46.273Z; 621 words; 17 content headings; generated story; nearest /quotes/meditation/a-short-sincere-practice-can-steady-a-long-and/ combined overlap 85.9%; external source links 0,No,Recommendation only; preserve URL and follow links unless Phase 2+ review approves a change.
https://echobuddha.com/quotes/meditation/sit-without-demanding-silence-and-the-mind-will-teach/,quote story,Meditation,https://echobuddha.com/meditation/,46,NOINDEX,P1,High,Built 2026-08-11T02:17:46.273Z; 676 words; 17 content headings; generated story; nearest /quotes/meditation/silence-is-not-empty-when-the-heart-is-listening/ combined overlap 85.3%; external source links 0,No,Recommendation only; preserve URL and follow links unless Phase 2+ review approves a change.
https://echobuddha.com/quotes/meditation/the-cushion-is-a-place-to-practice-returning-not/,quote story,Meditation,https://echobuddha.com/meditation/,46,NOINDEX,P1,High,Built 2026-08-11T02:17:46.273Z; 652 words; 17 content headings; generated story; nearest /quotes/meditation/silence-is-not-empty-when-the-heart-is-listening/ combined overlap 85.6%; external source links 0,No,Recommendation only; preserve URL and follow links unless Phase 2+ review approves a change.
https://echobuddha.com/quotes/mindfulness/a-peaceful-mind-begins-with-one-honest-breath/,quote story,Mindfulness,https://echobuddha.com/learn/buddhism-101/what-is-mindfulness/,51,NOINDEX,P1,High,Built 2026-08-11T02:17:46.273Z; 658 words; 17 content headings; generated story; nearest /quotes/mindfulness/the-present-moment-asks-for-your-attention-not-your/ combined overlap 85.9%; external source links 0,No,Recommendation only; preserve URL and follow links unless Phase 2+ review approves a change.
https://echobuddha.com/quotes/mindfulness/begin-the-day-with-awareness/,quote story,Mindfulness,https://echobuddha.com/learn/buddhism-101/what-is-mindfulness/,56,IMPROVE,P2,High,Built 2026-08-11T02:17:46.273Z; 723 words; 17 content headings; individually authored story; nearest /quotes/mindfulness/listen-before-answering/ combined overlap 65.7%; external source links 0,No,Recommendation only; no remediation performed.
https://echobuddha.com/quotes/mindfulness/gratitude-notices-enough/,quote story,Mindfulness,https://echobuddha.com/learn/buddhism-101/what-is-mindfulness/,56,IMPROVE,P2,High,Built 2026-08-11T02:17:46.273Z; 631 words; 17 content headings; individually authored story; nearest /quotes/mindfulness/peace-begins-with-attention/ combined overlap 67.0%; external source links 0,No,Recommendation only; no remediation performed.
https://echobuddha.com/quotes/mindfulness/ground-yourself-gently/,quote story,Mindfulness,https://echobuddha.com/learn/buddhism-101/what-is-mindfulness/,56,IMPROVE,P2,High,Built 2026-08-11T02:17:46.273Z; 656 words; 17 content headings; individually authored story; nearest /quotes/mindfulness/peace-begins-with-attention/ combined overlap 66.7%; external source links 0,No,Recommendation only; no remediation performed.
https://echobuddha.com/quotes/mindfulness/,quote category,Mindfulness,https://echobuddha.com/learn/buddhism-101/what-is-mindfulness/,64,SUBSTANTIAL REWRITE,P1,Medium,Built 2026-08-11T02:17:46.273Z; 452 words; 7 content headings; authored route; nearest /quotes/awareness/ combined overlap 49.1%; external source links 0,No,Recommendation only; no remediation performed.
https://echobuddha.com/quotes/mindfulness/listen-before-answering/,quote story,Right Speech,https://echobuddha.com/articles/right-speech-buddhism/,56,IMPROVE,P2,High,Built 2026-08-11T02:17:46.273Z; 656 words; 17 content headings; individually authored story; nearest /quotes/mindfulness/peace-begins-with-attention/ combined overlap 66.9%; external source links 0,No,Recommendation only; no remediation performed.
https://echobuddha.com/quotes/mindfulness/notice-what-is-here-before-deciding-what-it-means/,quote story,Mindfulness,https://echobuddha.com/learn/buddhism-101/what-is-mindfulness/,46,NOINDEX,P1,High,Built 2026-08-11T02:17:46.273Z; 630 words; 17 content headings; generated story; nearest /quotes/mindfulness/peace-grows-when-attention-stops-running-ahead-of-the/ combined overlap 86.2%; external source links 0,No,Recommendation only; preserve URL and follow links unless Phase 2+ review approves a change.
https://echobuddha.com/quotes/mindfulness/one-mindful-pause-can-change-the-direction-of-an/,quote story,Mindfulness,https://echobuddha.com/learn/buddhism-101/what-is-mindfulness/,46,NOINDEX,P1,High,Built 2026-08-11T02:17:46.273Z; 651 words; 17 content headings; generated story; nearest /quotes/mindfulness/the-present-moment-asks-for-your-attention-not-your/ combined overlap 86.3%; external source links 0,No,Recommendation only; preserve URL and follow links unless Phase 2+ review approves a change.
https://echobuddha.com/quotes/mindfulness/peace-begins-with-attention/,quote story,Mindfulness,https://echobuddha.com/learn/buddhism-101/what-is-mindfulness/,56,IMPROVE,P2,High,Built 2026-08-11T02:17:46.273Z; 677 words; 17 content headings; individually authored story; nearest /quotes/mindfulness/gratitude-notices-enough/ combined overlap 67.0%; external source links 0,No,Recommendation only; no remediation performed.
https://echobuddha.com/quotes/mindfulness/peace-grows-when-attention-stops-running-ahead-of-the/,quote story,Mindfulness,https://echobuddha.com/learn/buddhism-101/what-is-mindfulness/,46,NOINDEX,P1,High,Built 2026-08-11T02:17:46.273Z; 650 words; 17 content headings; generated story; nearest /quotes/mindfulness/notice-what-is-here-before-deciding-what-it-means/ combined overlap 86.2%; external source links 0,No,Recommendation only; preserve URL and follow links unless Phase 2+ review approves a change.
https://echobuddha.com/quotes/mindfulness/present-moment-one-step/,quote story,Mindfulness,https://echobuddha.com/learn/buddhism-101/what-is-mindfulness/,56,IMPROVE,P2,High,Built 2026-08-11T02:17:46.273Z; 659 words; 17 content headings; individually authored story; nearest /quotes/mindfulness/gratitude-notices-enough/ combined overlap 66.5%; external source links 0,No,Recommendation only; no remediation performed.
https://echobuddha.com/quotes/mindfulness/return-to-the-breath-before-you-return-to-the/,quote story,Mindfulness,https://echobuddha.com/learn/buddhism-101/what-is-mindfulness/,46,NOINDEX,P1,High,Built 2026-08-11T02:17:46.273Z; 654 words; 17 content headings; generated story; nearest /quotes/mindfulness/peace-grows-when-attention-stops-running-ahead-of-the/ combined overlap 85.0%; external source links 0,No,Recommendation only; preserve URL and follow links unless Phase 2+ review approves a change.
https://echobuddha.com/quotes/mindfulness/the-present-moment-asks-for-your-attention-not-your/,quote story,Mindfulness,https://echobuddha.com/learn/buddhism-101/what-is-mindfulness/,46,NOINDEX,P1,High,Built 2026-08-11T02:17:46.273Z; 676 words; 17 content headings; generated story; nearest /quotes/mindfulness/one-mindful-pause-can-change-the-direction-of-an/ combined overlap 86.3%; external source links 0,No,Recommendation only; preserve URL and follow links unless Phase 2+ review approves a change.
https://echobuddha.com/quotes/patience/be-patient-with-the-part-of-you-that-is/,quote story,Patience,https://echobuddha.com/articles/three-ways-to-practice-patience/,46,NOINDEX,P1,High,Built 2026-08-11T02:17:46.273Z; 696 words; 17 content headings; generated story; nearest /quotes/patience/when-anger-rises-pause-long-enough-to-see-the/ combined overlap 87.0%; external source links 0,No,Recommendation only; preserve URL and follow links unless Phase 2+ review approves a change.
https://echobuddha.com/quotes/patience/family-kindness-and-patience/,quote story,Compassion,https://echobuddha.com/learn/buddhist-dictionary/compassion/,56,IMPROVE,P2,High,Built 2026-08-11T02:17:46.273Z; 665 words; 17 content headings; individually authored story; nearest /quotes/patience/patience-softens-the-wait/ combined overlap 65.0%; external source links 0,No,Recommendation only; no remediation performed.
https://echobuddha.com/quotes/patience/growth-is-quiet-work-often-invisible-until-the-season/,quote story,Patience,https://echobuddha.com/articles/three-ways-to-practice-patience/,46,NOINDEX,P1,High,Built 2026-08-11T02:17:46.273Z; 665 words; 17 content headings; generated story; nearest /quotes/patience/not-every-delay-is-an-obstacle-some-are-invitations/ combined overlap 84.2%; external source links 0,No,Recommendation only; preserve URL and follow links unless Phase 2+ review approves a change.
https://echobuddha.com/quotes/patience/,quote category,Patience,https://echobuddha.com/articles/three-ways-to-practice-patience/,68,IMPROVE,P2,Medium,Built 2026-08-11T02:17:46.273Z; 461 words; 7 content headings; authored route; nearest /quotes/practice/ combined overlap 47.6%; external source links 0,No,Recommendation only; no remediation performed.
https://echobuddha.com/quotes/patience/not-every-delay-is-an-obstacle-some-are-invitations/,quote story,Patience,https://echobuddha.com/articles/three-ways-to-practice-patience/,46,NOINDEX,P1,High,Built 2026-08-11T02:17:46.273Z; 663 words; 17 content headings; generated story; nearest /quotes/patience/patience-is-the-strength-to-remain-present-while-life/ combined overlap 87.5%; external source links 0,No,Recommendation only; preserve URL and follow links unless Phase 2+ review approves a change.
https://echobuddha.com/quotes/patience/patience-is-the-strength-to-remain-present-while-life/,quote story,Patience,https://echobuddha.com/articles/three-ways-to-practice-patience/,46,NOINDEX,P1,High,Built 2026-08-11T02:17:46.273Z; 700 words; 17 content headings; generated story; nearest /quotes/patience/not-every-delay-is-an-obstacle-some-are-invitations/ combined overlap 87.5%; external source links 0,No,Recommendation only; preserve URL and follow links unless Phase 2+ review approves a change.
https://echobuddha.com/quotes/patience/patience-softens-the-wait/,quote story,Patience,https://echobuddha.com/articles/three-ways-to-practice-patience/,56,IMPROVE,P2,High,Built 2026-08-11T02:17:46.273Z; 652 words; 17 content headings; individually authored story; nearest /quotes/patience/family-kindness-and-patience/ combined overlap 65.0%; external source links 0,No,Recommendation only; no remediation performed.
https://echobuddha.com/quotes/patience/wait-long-enough-for-the-first-reaction-to-become/,quote story,Patience,https://echobuddha.com/articles/three-ways-to-practice-patience/,46,NOINDEX,P1,High,Built 2026-08-11T02:17:46.273Z; 680 words; 17 content headings; generated story; nearest /quotes/patience/not-every-delay-is-an-obstacle-some-are-invitations/ combined overlap 86.4%; external source links 0,No,Recommendation only; preserve URL and follow links unless Phase 2+ review approves a change.
https://echobuddha.com/quotes/patience/when-anger-rises-pause-long-enough-to-see-the/,quote story,Patience,https://echobuddha.com/articles/three-ways-to-practice-patience/,51,NOINDEX,P1,High,Built 2026-08-11T02:17:46.273Z; 681 words; 17 content headings; generated story; nearest /quotes/patience/be-patient-with-the-part-of-you-that-is/ combined overlap 87.0%; external source links 0,No,Recommendation only; preserve URL and follow links unless Phase 2+ review approves a change.
https://echobuddha.com/quotes/practice/do-not-wait-to-feel-ready-before-choosing-what/,quote story,Unclustered / page-specific,https://echobuddha.com/quotes/practice/do-not-wait-to-feel-ready-before-choosing-what/,46,NOINDEX,P1,High,Built 2026-08-11T02:17:46.273Z; 641 words; 17 content headings; generated story; nearest /quotes/practice/your-next-response-is-always-part-of-the-path/ combined overlap 84.2%; external source links 0,No,Recommendation only; preserve URL and follow links unless Phase 2+ review approves a change.
https://echobuddha.com/quotes/practice/eightfold-path-daily-choices/,quote story,Noble Eightfold Path,https://echobuddha.com/learn/eightfold-path/,56,IMPROVE,P2,High,Built 2026-08-11T02:17:46.273Z; 639 words; 17 content headings; individually authored story; nearest /quotes/practice/mindfulness-at-work-breath/ combined overlap 69.1%; external source links 0,No,Recommendation only; no remediation performed.
https://echobuddha.com/quotes/practice/,quote category,Unclustered / page-specific,https://echobuddha.com/quotes/practice/,68,IMPROVE,P2,Medium,Built 2026-08-11T02:17:46.273Z; 420 words; 7 content headings; authored route; nearest /quotes/patience/ combined overlap 47.6%; external source links 0,No,Recommendation only; no remediation performed.
https://echobuddha.com/quotes/practice/mindfulness-at-work-breath/,quote story,Mindfulness,https://echobuddha.com/learn/buddhism-101/what-is-mindfulness/,56,IMPROVE,P2,High,Built 2026-08-11T02:17:46.273Z; 641 words; 17 content headings; individually authored story; nearest /quotes/practice/eightfold-path-daily-choices/ combined overlap 69.1%; external source links 0,No,Recommendation only; no remediation performed.
https://echobuddha.com/quotes/practice/practice-becomes-real-when-it-enters-your-speech-and/,quote story,Unclustered / page-specific,https://echobuddha.com/quotes/practice/practice-becomes-real-when-it-enters-your-speech-and/,46,NOINDEX,P1,High,Built 2026-08-11T02:17:46.273Z; 656 words; 17 content headings; generated story; nearest /quotes/practice/the-path-is-not-far-away-it-is-the/ combined overlap 87.6%; external source links 0,No,Recommendation only; preserve URL and follow links unless Phase 2+ review approves a change.
https://echobuddha.com/quotes/practice/right-intention-turns-the-heart/,quote story,Unclustered / page-specific,https://echobuddha.com/quotes/practice/right-intention-turns-the-heart/,56,IMPROVE,P2,High,Built 2026-08-11T02:17:46.273Z; 644 words; 17 content headings; individually authored story; nearest /quotes/practice/eightfold-path-daily-choices/ combined overlap 68.7%; external source links 0,No,Recommendation only; no remediation performed.
https://echobuddha.com/quotes/practice/small-actions-shape-the-mind/,quote story,Unclustered / page-specific,https://echobuddha.com/quotes/practice/small-actions-shape-the-mind/,56,IMPROVE,P2,High,Built 2026-08-11T02:17:46.273Z; 660 words; 17 content headings; individually authored story; nearest /quotes/practice/eightfold-path-daily-choices/ combined overlap 68.8%; external source links 0,No,Recommendation only; no remediation performed.
https://echobuddha.com/quotes/practice/the-path-is-not-far-away-it-is-the/,quote story,Unclustered / page-specific,https://echobuddha.com/quotes/practice/the-path-is-not-far-away-it-is-the/,51,NOINDEX,P1,High,Built 2026-08-11T02:17:46.273Z; 655 words; 17 content headings; generated story; nearest /quotes/practice/practice-becomes-real-when-it-enters-your-speech-and/ combined overlap 87.6%; external source links 0,No,Recommendation only; preserve URL and follow links unless Phase 2+ review approves a change.
https://echobuddha.com/quotes/practice/the-smallest-wholesome-action-is-larger-than-the-finest/,quote story,Unclustered / page-specific,https://echobuddha.com/quotes/practice/the-smallest-wholesome-action-is-larger-than-the-finest/,46,NOINDEX,P1,High,Built 2026-08-11T02:17:46.273Z; 661 words; 17 content headings; generated story; nearest /quotes/practice/practice-becomes-real-when-it-enters-your-speech-and/ combined overlap 86.6%; external source links 0,No,Recommendation only; preserve URL and follow links unless Phase 2+ review approves a change.
https://echobuddha.com/quotes/practice/walk-slowly-enough-to-notice-where-your-life-is/,quote story,Unclustered / page-specific,https://echobuddha.com/quotes/practice/walk-slowly-enough-to-notice-where-your-life-is/,46,NOINDEX,P1,High,Built 2026-08-11T02:17:46.273Z; 673 words; 17 content headings; generated story; nearest /quotes/practice/practice-becomes-real-when-it-enters-your-speech-and/ combined overlap 87.2%; external source links 0,No,Recommendation only; preserve URL and follow links unless Phase 2+ review approves a change.
https://echobuddha.com/quotes/practice/your-next-response-is-always-part-of-the-path/,quote story,Unclustered / page-specific,https://echobuddha.com/quotes/practice/your-next-response-is-always-part-of-the-path/,46,NOINDEX,P1,High,Built 2026-08-11T02:17:46.273Z; 623 words; 17 content headings; generated story; nearest /quotes/practice/the-path-is-not-far-away-it-is-the/ combined overlap 86.7%; external source links 0,No,Recommendation only; preserve URL and follow links unless Phase 2+ review approves a change.
https://echobuddha.com/quotes/renewal/a-new-direction-can-start-with-one-different-choice/,quote story,Unclustered / page-specific,https://echobuddha.com/quotes/renewal/a-new-direction-can-start-with-one-different-choice/,46,NOINDEX,P1,High,Built 2026-08-11T02:17:46.273Z; 627 words; 17 content headings; generated story; nearest /quotes/renewal/the-path-welcomes-your-return-more-often-than-pride/ combined overlap 85.2%; external source links 0,No,Recommendation only; preserve URL and follow links unless Phase 2+ review approves a change.
https://echobuddha.com/quotes/renewal/begin-again-gently-the-breath-is-always-willing/,quote story,Meditation,https://echobuddha.com/meditation/,51,NOINDEX,P1,High,Built 2026-08-11T02:17:46.273Z; 629 words; 17 content headings; generated story; nearest /quotes/renewal/the-path-welcomes-your-return-more-often-than-pride/ combined overlap 88.2%; external source links 0,No,Recommendation only; preserve URL and follow links unless Phase 2+ review approves a change.
https://echobuddha.com/quotes/renewal/begin-again-without-shame/,quote story,Mindfulness,https://echobuddha.com/learn/buddhism-101/what-is-mindfulness/,56,IMPROVE,P2,High,Built 2026-08-11T02:17:46.273Z; 614 words; 17 content headings; individually authored story; nearest /quotes/renewal/one-calm-morning-intention/ combined overlap 67.2%; external source links 0,No,Recommendation only; no remediation performed.
https://echobuddha.com/quotes/renewal/begin-again-without-turning-yesterday-into-a-sentence/,quote story,Unclustered / page-specific,https://echobuddha.com/quotes/renewal/begin-again-without-turning-yesterday-into-a-sentence/,46,NOINDEX,P1,High,Built 2026-08-11T02:17:46.273Z; 616 words; 17 content headings; generated story; nearest /quotes/renewal/begin-again-gently-the-breath-is-always-willing/ combined overlap 85.6%; external source links 0,No,Recommendation only; preserve URL and follow links unless Phase 2+ review approves a change.
https://echobuddha.com/quotes/renewal/evening-release-reflection/,quote story,Attachment and letting go,https://echobuddha.com/articles/how-to-let-go-of-attachment-in-buddhism/,56,IMPROVE,P2,High,Built 2026-08-11T02:17:46.273Z; 638 words; 17 content headings; individually authored story; nearest /quotes/renewal/one-calm-morning-intention/ combined overlap 67.6%; external source links 0,No,Recommendation only; no remediation performed.
https://echobuddha.com/quotes/renewal/gentle-hope-keeps-walking/,quote story,Unclustered / page-specific,https://echobuddha.com/quotes/renewal/gentle-hope-keeps-walking/,56,IMPROVE,P2,High,Built 2026-08-11T02:17:46.273Z; 619 words; 17 content headings; individually authored story; nearest /quotes/renewal/one-calm-morning-intention/ combined overlap 67.2%; external source links 0,No,Recommendation only; no remediation performed.
https://echobuddha.com/quotes/renewal/,quote category,Unclustered / page-specific,https://echobuddha.com/quotes/renewal/,64,SUBSTANTIAL REWRITE,P1,Medium,Built 2026-08-11T02:17:46.273Z; 400 words; 7 content headings; authored route; nearest /quotes/letting-go/ combined overlap 48.0%; external source links 0,No,Recommendation only; no remediation performed.
https://echobuddha.com/quotes/renewal/morning-is-not-the-only-time-a-life-can/,quote story,Unclustered / page-specific,https://echobuddha.com/quotes/renewal/morning-is-not-the-only-time-a-life-can/,46,NOINDEX,P1,High,Built 2026-08-11T02:17:46.273Z; 640 words; 17 content headings; generated story; nearest /quotes/renewal/begin-again-gently-the-breath-is-always-willing/ combined overlap 86.5%; external source links 0,No,Recommendation only; preserve URL and follow links unless Phase 2+ review approves a change.
https://echobuddha.com/quotes/renewal/one-calm-morning-intention/,quote story,Unclustered / page-specific,https://echobuddha.com/quotes/renewal/one-calm-morning-intention/,56,IMPROVE,P2,High,Built 2026-08-11T02:17:46.273Z; 645 words; 17 content headings; individually authored story; nearest /quotes/renewal/evening-release-reflection/ combined overlap 67.6%; external source links 0,No,Recommendation only; no remediation performed.
https://echobuddha.com/quotes/renewal/the-path-welcomes-your-return-more-often-than-pride/,quote story,Unclustered / page-specific,https://echobuddha.com/quotes/renewal/the-path-welcomes-your-return-more-often-than-pride/,46,NOINDEX,P1,High,Built 2026-08-11T02:17:46.273Z; 638 words; 17 content headings; generated story; nearest /quotes/renewal/begin-again-gently-the-breath-is-always-willing/ combined overlap 88.2%; external source links 0,No,Recommendation only; preserve URL and follow links unless Phase 2+ review approves a change.
https://echobuddha.com/quotes/renewal/you-are-allowed-to-learn-slowly-and-still-be/,quote story,Unclustered / page-specific,https://echobuddha.com/quotes/renewal/you-are-allowed-to-learn-slowly-and-still-be/,46,NOINDEX,P1,High,Built 2026-08-11T02:17:46.273Z; 630 words; 17 content headings; generated story; nearest /quotes/renewal/begin-again-without-turning-yesterday-into-a-sentence/ combined overlap 83.9%; external source links 0,No,Recommendation only; preserve URL and follow links unless Phase 2+ review approves a change.
https://echobuddha.com/quotes/wisdom/a-clear-mind-can-hold-two-truths-without-rushing/,quote story,Unclustered / page-specific,https://echobuddha.com/quotes/wisdom/a-clear-mind-can-hold-two-truths-without-rushing/,46,NOINDEX,P1,High,Built 2026-08-11T02:17:46.273Z; 680 words; 17 content headings; generated story; nearest /quotes/wisdom/knowing-when-not-to-speak-is-also-a-form/ combined overlap 85.4%; external source links 0,No,Recommendation only; preserve URL and follow links unless Phase 2+ review approves a change.
https://echobuddha.com/quotes/wisdom/contentment-with-what-is-here/,quote story,Unclustered / page-specific,https://echobuddha.com/quotes/wisdom/contentment-with-what-is-here/,56,IMPROVE,P2,High,Built 2026-08-11T02:17:46.273Z; 629 words; 17 content headings; individually authored story; nearest /quotes/wisdom/understanding-suffering-honestly/ combined overlap 66.5%; external source links 0,No,Recommendation only; no remediation performed.
https://echobuddha.com/quotes/wisdom/difficult-people-and-boundaries/,quote story,Unclustered / page-specific,https://echobuddha.com/quotes/wisdom/difficult-people-and-boundaries/,56,IMPROVE,P2,High,Built 2026-08-11T02:17:46.273Z; 615 words; 17 content headings; individually authored story; nearest /quotes/wisdom/wisdom-sees-clearly/ combined overlap 67.6%; external source links 0,No,Recommendation only; no remediation performed.
https://echobuddha.com/quotes/wisdom/,quote category,Unclustered / page-specific,https://echobuddha.com/quotes/wisdom/,68,IMPROVE,P2,Medium,Built 2026-08-11T02:17:46.273Z; 469 words; 7 content headings; authored route; nearest /quotes/impermanence/ combined overlap 46.8%; external source links 0,No,Recommendation only; no remediation performed.
https://echobuddha.com/quotes/wisdom/karma-begins-in-intention/,quote story,Karma,https://echobuddha.com/learn/buddhism-101/what-is-karma-in-buddhism/,56,IMPROVE,P2,High,Built 2026-08-11T02:17:46.273Z; 612 words; 17 content headings; individually authored story; nearest /quotes/wisdom/wise-silence/ combined overlap 67.7%; external source links 0,No,Recommendation only; no remediation performed.
https://echobuddha.com/quotes/wisdom/knowing-when-not-to-speak-is-also-a-form/,quote story,Unclustered / page-specific,https://echobuddha.com/quotes/wisdom/knowing-when-not-to-speak-is-also-a-form/,46,NOINDEX,P1,High,Built 2026-08-11T02:17:46.273Z; 644 words; 17 content headings; generated story; nearest /quotes/wisdom/a-clear-mind-can-hold-two-truths-without-rushing/ combined overlap 85.4%; external source links 0,No,Recommendation only; preserve URL and follow links unless Phase 2+ review approves a change.
https://echobuddha.com/quotes/wisdom/right-speech-with-kindness/,quote story,Compassion,https://echobuddha.com/learn/buddhist-dictionary/compassion/,56,IMPROVE,P2,High,Built 2026-08-11T02:17:46.273Z; 659 words; 17 content headings; individually authored story; nearest /quotes/wisdom/karma-begins-in-intention/ combined overlap 67.6%; external source links 0,No,Recommendation only; no remediation performed.
https://echobuddha.com/quotes/wisdom/simplicity-clears-the-room/,quote story,Unclustered / page-specific,https://echobuddha.com/quotes/wisdom/simplicity-clears-the-room/,56,IMPROVE,P2,High,Built 2026-08-11T02:17:46.273Z; 650 words; 17 content headings; individually authored story; nearest /quotes/wisdom/wise-silence/ combined overlap 66.7%; external source links 0,No,Recommendation only; no remediation performed.
https://echobuddha.com/quotes/wisdom/the-lesson-repeats-until-attention-replaces-habit/,quote story,Unclustered / page-specific,https://echobuddha.com/quotes/wisdom/the-lesson-repeats-until-attention-replaces-habit/,46,NOINDEX,P1,High,Built 2026-08-11T02:17:46.273Z; 650 words; 17 content headings; generated story; nearest /quotes/wisdom/wisdom-is-the-art-of-meeting-life-without-adding/ combined overlap 85.2%; external source links 0,No,Recommendation only; preserve URL and follow links unless Phase 2+ review approves a change.
https://echobuddha.com/quotes/wisdom/understanding-suffering-honestly/,quote story,Unclustered / page-specific,https://echobuddha.com/quotes/wisdom/understanding-suffering-honestly/,56,IMPROVE,P2,High,Built 2026-08-11T02:17:46.273Z; 626 words; 17 content headings; individually authored story; nearest /quotes/wisdom/wisdom-sees-clearly/ combined overlap 67.5%; external source links 0,No,Recommendation only; no remediation performed.
https://echobuddha.com/quotes/wisdom/what-feels-urgent-is-not-always-what-matters-most/,quote story,Unclustered / page-specific,https://echobuddha.com/quotes/wisdom/what-feels-urgent-is-not-always-what-matters-most/,46,NOINDEX,P1,High,Built 2026-08-11T02:17:46.273Z; 651 words; 17 content headings; generated story; nearest /quotes/wisdom/wisdom-is-the-art-of-meeting-life-without-adding/ combined overlap 85.3%; external source links 0,No,Recommendation only; preserve URL and follow links unless Phase 2+ review approves a change.
https://echobuddha.com/quotes/wisdom/wisdom-is-the-art-of-meeting-life-without-adding/,quote story,Unclustered / page-specific,https://echobuddha.com/quotes/wisdom/wisdom-is-the-art-of-meeting-life-without-adding/,51,NOINDEX,P1,High,Built 2026-08-11T02:17:46.273Z; 651 words; 17 content headings; generated story; nearest /quotes/wisdom/what-feels-urgent-is-not-always-what-matters-most/ combined overlap 85.3%; external source links 0,No,Recommendation only; preserve URL and follow links unless Phase 2+ review approves a change.
https://echobuddha.com/quotes/wisdom/wisdom-sees-clearly/,quote story,Unclustered / page-specific,https://echobuddha.com/quotes/wisdom/wisdom-sees-clearly/,56,IMPROVE,P2,High,Built 2026-08-11T02:17:46.273Z; 621 words; 17 content headings; individually authored story; nearest /quotes/wisdom/wise-silence/ combined overlap 67.8%; external source links 0,No,Recommendation only; no remediation performed.
https://echobuddha.com/quotes/wisdom/wisdom-sees-the-whole-fire-not-only-the-spark/,quote story,Unclustered / page-specific,https://echobuddha.com/quotes/wisdom/wisdom-sees-the-whole-fire-not-only-the-spark/,46,NOINDEX,P1,High,Built 2026-08-11T02:17:46.273Z; 669 words; 17 content headings; generated story; nearest /quotes/wisdom/wisdom-is-the-art-of-meeting-life-without-adding/ combined overlap 84.5%; external source links 0,No,Recommendation only; preserve URL and follow links unless Phase 2+ review approves a change.
https://echobuddha.com/quotes/wisdom/wise-silence/,quote story,Right Speech,https://echobuddha.com/articles/right-speech-buddhism/,56,IMPROVE,P2,High,Built 2026-08-11T02:17:46.273Z; 640 words; 17 content headings; individually authored story; nearest /quotes/wisdom/wisdom-sees-clearly/ combined overlap 67.8%; external source links 0,No,Recommendation only; no remediation performed.
https://echobuddha.com/start-here/,hub/utility,Mindfulness,https://echobuddha.com/learn/buddhism-101/what-is-mindfulness/,70,IMPROVE,P2,Medium,Built 2026-08-11T02:17:46.273Z; 495 words; 18 content headings; authored route; nearest /learn/ combined overlap 22.8%; external source links 0,No,Recommendation only; no remediation performed.
https://echobuddha.com/terms-of-use/,trust/policy,Unclustered / page-specific,https://echobuddha.com/terms-of-use/,68,IMPROVE,P2,Medium,Built 2026-08-11T02:17:46.273Z; 104 words; 5 content headings; authored route; nearest /disclaimer/ combined overlap 9.5%; external source links 0,No,Recommendation only; no remediation performed.
https://echobuddha.com/tools/,hub/utility,Mindfulness,https://echobuddha.com/learn/buddhism-101/what-is-mindfulness/,70,IMPROVE,P2,Medium,Built 2026-08-11T02:17:46.273Z; 450 words; 10 content headings; authored route; nearest /start-here/ combined overlap 15.8%; external source links 0,No,Recommendation only; no remediation performed.
