Topic cluster,Primary owner URL,Page URL,Page role,Relationship level,Link direction,Protected role,Future action,Evidence
Trust / Policy,https://echobuddha.com/about/,https://echobuddha.com/about/,TRUST_POLICY,LEVEL 1,Owner → best support pages,Yes,HUMAN_REVIEW,"Phase 1: Built 2026-08-11T02:17:46.273Z; 304 words; 5 content headings; authored route; nearest /how-echo-buddha-creates-content/ combined overlap 18.6%; external source links 0; role review: TRUST_POLICY; owner selection: About anchors publisher identity while each policy page retains a protected, non-SEO trust function."
Mindfulness,https://echobuddha.com/learn/buddhism-101/what-is-mindfulness/,https://echobuddha.com/articles/beginning-a-daily-mindfulness-practice/,PRACTICAL_APPLICATION,LEVEL 3,PRACTICAL_APPLICATION → primary owner,No,IMPROVE,"Phase 1: Built 2026-08-11T02:17:46.273Z; 1171 words; 26 content headings; authored route; nearest /articles/creating-a-peaceful-corner-at-home/ combined overlap 41.9%; external source links 0; role review: PRACTICAL_APPLICATION; owner selection: The lesson owns Buddhist mindfulness meaning; dictionary, comparison, and routine pages remain narrower."
Beginner Buddhism,https://echobuddha.com/learn/buddhism-for-beginners/,https://echobuddha.com/articles/buddhism-for-beginners-simple-guide/,BEGINNER_FOUNDATION,LEVEL 2,BEGINNER_FOUNDATION → primary owner,No,CONSOLIDATE_REVIEW,Phase 1: Built 2026-08-11T02:17:46.273Z; 1426 words; 28 content headings; authored route; nearest /articles/eightfold-path-explained-daily-life/ combined overlap 39.6%; external source links 2; role review: BEGINNER_FOUNDATION; owner selection: The strongest structured entry into basic Buddhist teaching and practice.
Anger,https://echobuddha.com/articles/buddhist-approach-to-anger/,https://echobuddha.com/articles/buddhist-approach-to-anger/,PRIMARY_PILLAR,LEVEL 1,Owner → best support pages,Yes,KEEP,Phase 1: Built 2026-08-11T02:17:46.273Z; 1258 words; 28 content headings; authored route; nearest /articles/compassion-as-a-daily-discipline/ combined overlap 39.7%; external source links 1; role review: PRIMARY_PILLAR; owner selection: It is the dedicated Buddhist response-to-anger guide and can link upward to the Three Poisons.
Gratitude,https://echobuddha.com/articles/buddhist-gratitude-practice/,https://echobuddha.com/articles/buddhist-gratitude-practice/,PRACTICAL_APPLICATION,LEVEL 1,Owner → best support pages,Yes,KEEP,Phase 1: Built 2026-08-11T02:17:46.273Z; 1364 words; 21 content headings; authored route; nearest /articles/how-to-practice-non-attachment/ combined overlap 32.8%; external source links 2; role review: PRACTICAL_APPLICATION; owner selection: It is the dedicated Buddhist gratitude practice and explicitly distinguishes appreciation from forced positivity and clinging.
Forgiveness,https://echobuddha.com/articles/buddhist-teachings-on-forgiveness/,https://echobuddha.com/articles/buddhist-teachings-on-forgiveness/,PRIMARY_PILLAR,LEVEL 1,Owner → best support pages,Yes,KEEP,Phase 1: Built 2026-08-11T02:17:46.273Z; 1367 words; 27 content headings; authored route; nearest /articles/non-attachment-in-relationships/ combined overlap 34.3%; external source links 1; role review: PRIMARY_PILLAR; owner selection: It uniquely distinguishes release from approval and protects boundaries.
Impermanence,https://echobuddha.com/learn/buddhism-101/what-is-impermanence/,https://echobuddha.com/articles/buddhist-teachings-on-impermanence/,SUPPORTING_EXPLANATION,LEVEL 2,SUPPORTING_EXPLANATION → primary owner,No,IMPROVE,Phase 1: Built 2026-08-11T02:17:46.273Z; 1267 words; 28 content headings; authored route; nearest /articles/impermanence-in-buddhism-letting-go/ combined overlap 43.9%; external source links 1; role review: SUPPORTING_EXPLANATION; owner selection: The lesson is the clearest broad beginner owner; anicca definitions and change applications remain subordinate.
Anxiety / Overthinking,https://echobuddha.com/articles/how-to-meditate-for-anxiety/,https://echobuddha.com/articles/buddhist-wisdom-for-overthinking/,SCENARIO_GUIDE,LEVEL 3,SCENARIO_GUIDE → primary owner,No,HUMAN_REVIEW,Phase 1: Built 2026-08-11T02:17:46.273Z; 1366 words; 26 content headings; authored route; nearest /articles/mindfulness-for-better-sleep/ combined overlap 36.0%; external source links 0; role review: SCENARIO_GUIDE; owner selection: It owns the anxiety-specific gentle practice; overthinking remains a related but distinct thought-loop scenario.
Article Discovery,https://echobuddha.com/articles/,https://echobuddha.com/articles/category/buddhist-wisdom/,CATEGORY,LEVEL 3,CATEGORY → primary owner,No,IMPROVE,"Phase 1: Built 2026-08-11T02:17:46.273Z; 685 words; 23 content headings; authored route; nearest /articles/category/practice/ combined overlap 19.7%; external source links 0; role review: CATEGORY; owner selection: The publication index owns article discovery, not any individual Buddhist teaching."
Article Discovery,https://echobuddha.com/articles/,https://echobuddha.com/articles/category/meditation/,CATEGORY,LEVEL 3,CATEGORY → primary owner,No,IMPROVE,"Phase 1: Built 2026-08-11T02:17:46.273Z; 354 words; 12 content headings; authored route; nearest /quotes/meditation/ combined overlap 25.1%; external source links 0; role review: CATEGORY; owner selection: The publication index owns article discovery, not any individual Buddhist teaching."
Article Discovery,https://echobuddha.com/articles/,https://echobuddha.com/articles/category/mindfulness/,CATEGORY,LEVEL 3,CATEGORY → primary owner,No,IMPROVE,"Phase 1: Built 2026-08-11T02:17:46.273Z; 253 words; 8 content headings; authored route; nearest /quotes/mindfulness/ combined overlap 31.0%; external source links 0; role review: CATEGORY; owner selection: The publication index owns article discovery, not any individual Buddhist teaching."
Buddhist Practice,https://echobuddha.com/articles/category/practice/,https://echobuddha.com/articles/category/practice/,CATEGORY,LEVEL 1,Owner → best support pages,Yes,KEEP,Phase 1: Built 2026-08-11T02:17:46.273Z; 317 words; 10 content headings; authored route; nearest /articles/category/mindfulness/ combined overlap 20.4%; external source links 0; role review: CATEGORY; owner selection: The category organizes practical articles without owning their underlying Buddhist doctrines.
Article Discovery,https://echobuddha.com/articles/,https://echobuddha.com/articles/category/reflection/,CATEGORY,LEVEL 3,CATEGORY → primary owner,No,IMPROVE,"Phase 1: Built 2026-08-11T02:17:46.273Z; 342 words; 12 content headings; authored route; nearest /articles/category/mindfulness/ combined overlap 19.7%; external source links 0; role review: CATEGORY; owner selection: The publication index owns article discovery, not any individual Buddhist teaching."
Compassion,https://echobuddha.com/articles/compassion-in-buddhism-beginner-guide/,https://echobuddha.com/articles/compassion-as-a-daily-discipline/,PRACTICAL_APPLICATION,LEVEL 3,PRACTICAL_APPLICATION → primary owner,No,IMPROVE,"Phase 1: Built 2026-08-11T02:17:46.273Z; 1220 words; 28 content headings; authored route; nearest /articles/compassion-in-buddhism-beginner-guide/ combined overlap 40.4%; external source links 1; role review: PRACTICAL_APPLICATION; owner selection: It provides the broad Buddhist frame; dictionary terms, boundaries, and daily discipline have narrower jobs."
Compassion,https://echobuddha.com/articles/compassion-in-buddhism-beginner-guide/,https://echobuddha.com/articles/compassion-in-buddhism-beginner-guide/,PRIMARY_PILLAR,LEVEL 1,Owner → best support pages,Yes,KEEP,"Phase 1: Built 2026-08-11T02:17:46.273Z; 1195 words; 26 content headings; authored route; nearest /articles/compassion-with-boundaries/ combined overlap 42.0%; external source links 1; role review: PRIMARY_PILLAR; owner selection: It provides the broad Buddhist frame; dictionary terms, boundaries, and daily discipline have narrower jobs."
Compassion,https://echobuddha.com/articles/compassion-in-buddhism-beginner-guide/,https://echobuddha.com/articles/compassion-with-boundaries/,SCENARIO_GUIDE,LEVEL 3,SCENARIO_GUIDE → primary owner,No,IMPROVE,"Phase 1: Built 2026-08-11T02:17:46.273Z; 735 words; 20 content headings; authored route; nearest /articles/compassion-in-buddhism-beginner-guide/ combined overlap 42.0%; external source links 2; role review: SCENARIO_GUIDE; owner selection: It provides the broad Buddhist frame; dictionary terms, boundaries, and daily discipline have narrower jobs."
Meditation,https://echobuddha.com/meditation/,https://echobuddha.com/articles/creating-a-peaceful-corner-at-home/,SCENARIO_GUIDE,LEVEL 3,SCENARIO_GUIDE → primary owner,No,IMPROVE,Phase 1: Built 2026-08-11T02:17:46.273Z; 1154 words; 26 content headings; authored route; nearest /articles/beginning-a-daily-mindfulness-practice/ combined overlap 41.9%; external source links 0; role review: SCENARIO_GUIDE; owner selection: It organizes practice choices and routes readers without pretending to be every meditation method.
Dhamma / Dharma,https://echobuddha.com/learn/buddhist-dictionary/dhamma/,https://echobuddha.com/articles/dhamma-vs-dharma/,COMPARISON_PAGE,LEVEL 3,COMPARISON_PAGE → primary owner,No,IMPROVE,Phase 1: Built 2026-08-11T02:17:46.273Z; 875 words; 21 content headings; authored route; nearest /articles/visiting-a-buddhist-temple-respectfully/ combined overlap 45.2%; external source links 3; role review: COMPARISON_PAGE; owner selection: The dictionary page owns meaning and linguistic context; the article owns the comparison question.
Dhammapada,https://echobuddha.com/learn/dhammapada-reflections/,https://echobuddha.com/articles/dhammapada-reflection-trained-mind/,SOURCE_STUDY,LEVEL 3,SOURCE_STUDY → primary owner,Yes,IMPROVE,"Phase 1: Built 2026-08-11T02:17:46.273Z; 1193 words; 26 content headings; authored route; nearest /articles/dhammapada-reflection-what-we-think/ combined overlap 39.5%; external source links 0; role review: SOURCE_STUDY; owner selection: The source-aware hub organizes verse study and clearly separates translation, paraphrase, and reflection."
Dhammapada,https://echobuddha.com/learn/dhammapada-reflections/,https://echobuddha.com/articles/dhammapada-reflection-what-we-think/,SOURCE_STUDY,LEVEL 3,SOURCE_STUDY → primary owner,Yes,IMPROVE,"Phase 1: Built 2026-08-11T02:17:46.273Z; 1395 words; 29 content headings; authored route; nearest /articles/dhammapada-verse-1-meaning/ combined overlap 46.6%; external source links 1; role review: SOURCE_STUDY; owner selection: The source-aware hub organizes verse study and clearly separates translation, paraphrase, and reflection."
Dhammapada,https://echobuddha.com/learn/dhammapada-reflections/,https://echobuddha.com/articles/dhammapada-verse-1-meaning/,SOURCE_STUDY,LEVEL 3,SOURCE_STUDY → primary owner,Yes,IMPROVE,"Phase 1: Built 2026-08-11T02:17:46.273Z; 835 words; 21 content headings; authored route; nearest /articles/dhammapada-reflection-what-we-think/ combined overlap 46.6%; external source links 2; role review: SOURCE_STUDY; owner selection: The source-aware hub organizes verse study and clearly separates translation, paraphrase, and reflection."
Noble Eightfold Path,https://echobuddha.com/learn/eightfold-path/,https://echobuddha.com/articles/eightfold-path-explained-daily-life/,PRACTICAL_APPLICATION,LEVEL 3,PRACTICAL_APPLICATION → primary owner,No,CONSOLIDATE_REVIEW,"Phase 1: Built 2026-08-11T02:17:46.273Z; 1413 words; 28 content headings; authored route; nearest /articles/eightfold-path-explained/ combined overlap 40.1%; external source links 1; role review: PRACTICAL_APPLICATION; owner selection: The dedicated Learn page owns the whole-path framework and can route readers to factors, sources, and practice."
Noble Eightfold Path,https://echobuddha.com/learn/eightfold-path/,https://echobuddha.com/articles/eightfold-path-explained/,BEGINNER_FOUNDATION,LEVEL 2,BEGINNER_FOUNDATION → primary owner,No,IMPROVE,"Phase 1: Built 2026-08-11T02:17:46.273Z; 1533 words; 29 content headings; authored route; nearest /articles/eightfold-path-explained-daily-life/ combined overlap 40.1%; external source links 1; role review: BEGINNER_FOUNDATION; owner selection: The dedicated Learn page owns the whole-path framework and can route readers to factors, sources, and practice."
Equanimity,https://echobuddha.com/articles/equanimity-in-buddhism/,https://echobuddha.com/articles/equanimity-in-buddhism/,PRIMARY_PILLAR,LEVEL 1,Owner → best support pages,Yes,KEEP,Phase 1: Built 2026-08-11T02:17:46.273Z; 1489 words; 21 content headings; authored route; nearest /articles/compassion-with-boundaries/ combined overlap 32.9%; external source links 1; role review: PRIMARY_PILLAR; owner selection: It is the dedicated explanation of balanced care without numbness.
Beginner Buddhism,https://echobuddha.com/learn/buddhism-for-beginners/,https://echobuddha.com/articles/first-week-buddhist-practice/,PRACTICAL_APPLICATION,LEVEL 3,PRACTICAL_APPLICATION → primary owner,No,IMPROVE,Phase 1: Built 2026-08-11T02:17:46.273Z; 869 words; 21 content headings; authored route; nearest /articles/right-speech-examples/ combined overlap 44.0%; external source links 3; role review: PRACTICAL_APPLICATION; owner selection: The strongest structured entry into basic Buddhist teaching and practice.
Five Precepts,https://echobuddha.com/learn/buddhism-101/five-precepts-buddhism/,https://echobuddha.com/articles/five-precepts-in-daily-life/,PRACTICAL_APPLICATION,LEVEL 3,PRACTICAL_APPLICATION → primary owner,No,IMPROVE,Phase 1: Built 2026-08-11T02:17:46.273Z; 1952 words; 27 content headings; authored route; nearest /articles/three-poisons-buddhism-explained/ combined overlap 34.2%; external source links 2; role review: PRACTICAL_APPLICATION; owner selection: The lesson owns the ethical framework; practical articles show application without redefining it.
Four Noble Truths,https://echobuddha.com/learn/four-noble-truths/,https://echobuddha.com/articles/four-noble-truths-explained-simply/,BEGINNER_FOUNDATION,LEVEL 2,BEGINNER_FOUNDATION → primary owner,No,CONSOLIDATE_REVIEW,Phase 1: Built 2026-08-11T02:17:46.273Z; 1318 words; 26 content headings; authored route; nearest /articles/what-is-buddhism-beginner-guide/ combined overlap 42.5%; external source links 1; role review: BEGINNER_FOUNDATION; owner selection: The dedicated Learn page provides the clearest broad doctrinal route and parent for source and application pages.
Four Noble Truths,https://echobuddha.com/learn/four-noble-truths/,https://echobuddha.com/articles/four-noble-truths-explained/,SUPPORTING_EXPLANATION,LEVEL 2,SUPPORTING_EXPLANATION → primary owner,No,IMPROVE,Phase 1: Built 2026-08-11T02:17:46.273Z; 1448 words; 28 content headings; authored route; nearest /articles/four-noble-truths-explained-simply/ combined overlap 39.2%; external source links 2; role review: SUPPORTING_EXPLANATION; owner selection: The dedicated Learn page provides the clearest broad doctrinal route and parent for source and application pages.
Attachment / Non-Attachment / Letting Go,https://echobuddha.com/articles/how-to-let-go-of-attachment-in-buddhism/,https://echobuddha.com/articles/how-to-let-go-of-attachment-in-buddhism/,PRIMARY_PILLAR,LEVEL 1,Owner → best support pages,Yes,KEEP,Phase 1: Built 2026-08-11T02:17:46.273Z; 1422 words; 27 content headings; authored route; nearest /articles/non-attachment-in-relationships/ combined overlap 40.6%; external source links 0; role review: PRIMARY_PILLAR; owner selection: It most clearly distinguishes clinging from care and anchors the practical release cluster.
Anxiety / Overthinking,https://echobuddha.com/articles/how-to-meditate-for-anxiety/,https://echobuddha.com/articles/how-to-meditate-for-anxiety/,SCENARIO_GUIDE,LEVEL 1,Owner → best support pages,Yes,HUMAN_REVIEW,Phase 1: Built 2026-08-11T02:17:46.273Z; 1410 words; 28 content headings; authored route; nearest /articles/mindfulness-for-better-sleep/ combined overlap 43.5%; external source links 1; role review: SCENARIO_GUIDE; owner selection: It owns the anxiety-specific gentle practice; overthinking remains a related but distinct thought-loop scenario.
Meditation,https://echobuddha.com/meditation/,https://echobuddha.com/articles/how-to-meditate-for-beginners/,PRACTICE_GUIDE,LEVEL 3,PRACTICE_GUIDE → primary owner,Yes,IMPROVE,Phase 1: Built 2026-08-11T02:17:46.273Z; 1327 words; 28 content headings; authored route; nearest /articles/mindfulness-of-breathing-guide/ combined overlap 41.6%; external source links 2; role review: PRACTICE_GUIDE; owner selection: It organizes practice choices and routes readers without pretending to be every meditation method.
Attachment / Non-Attachment / Letting Go,https://echobuddha.com/articles/how-to-let-go-of-attachment-in-buddhism/,https://echobuddha.com/articles/how-to-practice-non-attachment/,PRACTICAL_APPLICATION,LEVEL 3,PRACTICAL_APPLICATION → primary owner,No,IMPROVE,Phase 1: Built 2026-08-11T02:17:46.273Z; 1199 words; 27 content headings; authored route; nearest /articles/letting-go-without-giving-up/ combined overlap 47.2%; external source links 0; role review: PRACTICAL_APPLICATION; owner selection: It most clearly distinguishes clinging from care and anchors the practical release cluster.
Impermanence,https://echobuddha.com/learn/buddhism-101/what-is-impermanence/,https://echobuddha.com/articles/impermanence-in-buddhism-letting-go/,PRACTICAL_APPLICATION,LEVEL 3,PRACTICAL_APPLICATION → primary owner,No,CONSOLIDATE_REVIEW,Phase 1: Built 2026-08-11T02:17:46.273Z; 1286 words; 27 content headings; authored route; nearest /articles/buddhist-teachings-on-impermanence/ combined overlap 43.9%; external source links 1; role review: PRACTICAL_APPLICATION; owner selection: The lesson is the clearest broad beginner owner; anicca definitions and change applications remain subordinate.
Impermanence,https://echobuddha.com/learn/buddhism-101/what-is-impermanence/,https://echobuddha.com/articles/impermanence-in-buddhism/,SUPPORTING_EXPLANATION,LEVEL 2,SUPPORTING_EXPLANATION → primary owner,No,CONSOLIDATE_REVIEW,Phase 1: Built 2026-08-11T02:17:46.273Z; 1441 words; 34 content headings; authored route; nearest /articles/buddhist-teachings-on-impermanence/ combined overlap 42.2%; external source links 1; role review: SUPPORTING_EXPLANATION; owner selection: The lesson is the clearest broad beginner owner; anicca definitions and change applications remain subordinate.
Article Discovery,https://echobuddha.com/articles/,https://echobuddha.com/articles/,HUB,LEVEL 1,Owner → best support pages,Yes,KEEP,"Phase 1: Built 2026-08-11T02:17:46.273Z; 1490 words; 55 content headings; authored route; nearest /mindful-living/ combined overlap 25.5%; external source links 0; role review: HUB; owner selection: The publication index owns article discovery, not any individual Buddhist teaching."
Attachment / Non-Attachment / Letting Go,https://echobuddha.com/articles/how-to-let-go-of-attachment-in-buddhism/,https://echobuddha.com/articles/letting-go-without-giving-up/,PRACTICAL_APPLICATION,LEVEL 3,PRACTICAL_APPLICATION → primary owner,No,IMPROVE,Phase 1: Built 2026-08-11T02:17:46.273Z; 1210 words; 28 content headings; authored route; nearest /articles/how-to-practice-non-attachment/ combined overlap 47.2%; external source links 0; role review: PRACTICAL_APPLICATION; owner selection: It most clearly distinguishes clinging from care and anchors the practical release cluster.
Loving-Kindness / Metta,https://echobuddha.com/learn/buddhist-dictionary/metta/,https://echobuddha.com/articles/loving-kindness-meditation-beginners/,BEGINNER_FOUNDATION,LEVEL 2,BEGINNER_FOUNDATION → primary owner,No,CONSOLIDATE_REVIEW,Phase 1: Built 2026-08-11T02:17:46.273Z; 1359 words; 29 content headings; authored route; nearest /articles/metta-meditation-script/ combined overlap 44.0%; external source links 2; role review: BEGINNER_FOUNDATION; owner selection: The term page should own metta meaning while meditation pages own practices and scripts.
Loving-Kindness / Metta,https://echobuddha.com/learn/buddhist-dictionary/metta/,https://echobuddha.com/articles/loving-kindness-meditation-guide/,BEGINNER_FOUNDATION,LEVEL 2,BEGINNER_FOUNDATION → primary owner,No,IMPROVE,Phase 1: Built 2026-08-11T02:17:46.273Z; 1316 words; 28 content headings; authored route; nearest /articles/loving-kindness-meditation-beginners/ combined overlap 42.1%; external source links 2; role review: BEGINNER_FOUNDATION; owner selection: The term page should own metta meaning while meditation pages own practices and scripts.
Loving-Kindness / Metta,https://echobuddha.com/learn/buddhist-dictionary/metta/,https://echobuddha.com/articles/metta-meditation-script/,PRACTICE_GUIDE,LEVEL 3,PRACTICE_GUIDE → primary owner,Yes,IMPROVE,Phase 1: Built 2026-08-11T02:17:46.273Z; 1606 words; 30 content headings; authored route; nearest /articles/loving-kindness-meditation-beginners/ combined overlap 44.0%; external source links 2; role review: PRACTICE_GUIDE; owner selection: The term page should own metta meaning while meditation pages own practices and scripts.
Right Speech,https://echobuddha.com/articles/right-speech-buddhism/,https://echobuddha.com/articles/mindful-email-and-texting/,SCENARIO_GUIDE,LEVEL 3,SCENARIO_GUIDE → primary owner,No,IMPROVE,"Phase 1: Built 2026-08-11T02:17:46.273Z; 845 words; 21 content headings; authored route; nearest /articles/right-speech-examples/ combined overlap 46.6%; external source links 2; role review: SCENARIO_GUIDE; owner selection: It combines meaning, ethical criteria, examples, and practice; other pages can specialize by source or scenario."
Right Speech,https://echobuddha.com/articles/right-speech-buddhism/,https://echobuddha.com/articles/mindful-listening-in-everyday-life/,SCENARIO_GUIDE,LEVEL 3,SCENARIO_GUIDE → primary owner,No,IMPROVE,"Phase 1: Built 2026-08-11T02:17:46.273Z; 1161 words; 27 content headings; authored route; nearest /articles/three-ways-to-practice-patience/ combined overlap 41.8%; external source links 0; role review: SCENARIO_GUIDE; owner selection: It combines meaning, ethical criteria, examples, and practice; other pages can specialize by source or scenario."
Sleep,https://echobuddha.com/articles/mindfulness-for-better-sleep/,https://echobuddha.com/articles/mindfulness-for-better-sleep/,SCENARIO_GUIDE,LEVEL 1,Owner → best support pages,Yes,HUMAN_REVIEW,Phase 1: Built 2026-08-11T02:17:46.273Z; 1277 words; 28 content headings; authored route; nearest /articles/how-to-meditate-for-anxiety/ combined overlap 43.5%; external source links 1; role review: SCENARIO_GUIDE; owner selection: It is the only sleep-specific mindfulness guide and must retain wellbeing boundaries.
Mindfulness,https://echobuddha.com/learn/buddhism-101/what-is-mindfulness/,https://echobuddha.com/articles/mindfulness-morning-routine/,PRACTICAL_APPLICATION,LEVEL 3,PRACTICAL_APPLICATION → primary owner,No,IMPROVE,"Phase 1: Built 2026-08-11T02:17:46.273Z; 1223 words; 26 content headings; authored route; nearest /articles/beginning-a-daily-mindfulness-practice/ combined overlap 40.3%; external source links 0; role review: PRACTICAL_APPLICATION; owner selection: The lesson owns Buddhist mindfulness meaning; dictionary, comparison, and routine pages remain narrower."
Breath / Mindfulness of Breathing,https://echobuddha.com/articles/mindfulness-of-breathing-guide/,https://echobuddha.com/articles/mindfulness-of-breathing-guide/,PRIMARY_PILLAR,LEVEL 1,Owner → best support pages,Yes,KEEP,Phase 1: Built 2026-08-11T02:17:46.273Z; 1306 words; 28 content headings; authored route; nearest /articles/how-to-meditate-for-beginners/ combined overlap 41.6%; external source links 2; role review: PRIMARY_PILLAR; owner selection: It owns the fuller breath-method explanation; practice and source pages keep distinct roles.
Mindfulness,https://echobuddha.com/learn/buddhism-101/what-is-mindfulness/,https://echobuddha.com/articles/mindfulness-vs-meditation/,COMPARISON_PAGE,LEVEL 3,COMPARISON_PAGE → primary owner,No,IMPROVE,"Phase 1: Built 2026-08-11T02:17:46.273Z; 1514 words; 29 content headings; authored route; nearest /articles/mindfulness-of-breathing-guide/ combined overlap 37.5%; external source links 2; role review: COMPARISON_PAGE; owner selection: The lesson owns Buddhist mindfulness meaning; dictionary, comparison, and routine pages remain narrower."
Noble Eightfold Path,https://echobuddha.com/learn/eightfold-path/,https://echobuddha.com/articles/noble-eightfold-path-practical-guide/,PRACTICAL_APPLICATION,LEVEL 3,PRACTICAL_APPLICATION → primary owner,No,CONSOLIDATE_REVIEW,"Phase 1: Built 2026-08-11T02:17:46.273Z; 1207 words; 27 content headings; authored route; nearest /articles/eightfold-path-explained-daily-life/ combined overlap 38.9%; external source links 1; role review: PRACTICAL_APPLICATION; owner selection: The dedicated Learn page owns the whole-path framework and can route readers to factors, sources, and practice."
Attachment / Non-Attachment / Letting Go,https://echobuddha.com/articles/how-to-let-go-of-attachment-in-buddhism/,https://echobuddha.com/articles/non-attachment-in-relationships/,SCENARIO_GUIDE,LEVEL 3,SCENARIO_GUIDE → primary owner,No,IMPROVE,Phase 1: Built 2026-08-11T02:17:46.273Z; 831 words; 22 content headings; authored route; nearest /articles/letting-go-without-giving-up/ combined overlap 42.5%; external source links 2; role review: SCENARIO_GUIDE; owner selection: It most clearly distinguishes clinging from care and anchors the practical release cluster.
Right Livelihood,https://echobuddha.com/learn/buddhism-101/right-livelihood-buddhism/,https://echobuddha.com/articles/right-livelihood-modern-life/,PRACTICAL_APPLICATION,LEVEL 3,PRACTICAL_APPLICATION → primary owner,No,IMPROVE,Phase 1: Built 2026-08-11T02:17:46.273Z; 1809 words; 23 content headings; authored route; nearest /articles/five-precepts-in-daily-life/ combined overlap 31.9%; external source links 2; role review: PRACTICAL_APPLICATION; owner selection: The lesson owns the path-factor meaning; the article owns modern-work application.
Right Speech,https://echobuddha.com/articles/right-speech-buddhism/,https://echobuddha.com/articles/right-speech-buddhism/,PRIMARY_PILLAR,LEVEL 1,Owner → best support pages,Yes,KEEP,"Phase 1: Built 2026-08-11T02:17:46.273Z; 1430 words; 31 content headings; authored route; nearest /articles/right-speech-examples/ combined overlap 43.9%; external source links 2; role review: PRIMARY_PILLAR; owner selection: It combines meaning, ethical criteria, examples, and practice; other pages can specialize by source or scenario."
Right Speech,https://echobuddha.com/articles/right-speech-buddhism/,https://echobuddha.com/articles/right-speech-examples/,SUPPORTING_EXPLANATION,LEVEL 2,SUPPORTING_EXPLANATION → primary owner,No,IMPROVE,"Phase 1: Built 2026-08-11T02:17:46.273Z; 784 words; 21 content headings; authored route; nearest /articles/mindful-email-and-texting/ combined overlap 46.6%; external source links 2; role review: SUPPORTING_EXPLANATION; owner selection: It combines meaning, ethical criteria, examples, and practice; other pages can specialize by source or scenario."
Three Poisons,https://echobuddha.com/articles/three-poisons-buddhism-explained/,https://echobuddha.com/articles/three-poisons-buddhism-explained/,PRIMARY_PILLAR,LEVEL 1,Owner → best support pages,Yes,KEEP,"Phase 1: Built 2026-08-11T02:17:46.273Z; 1803 words; 24 content headings; authored route; nearest /articles/five-precepts-in-daily-life/ combined overlap 34.2%; external source links 2; role review: PRIMARY_PILLAR; owner selection: It is the only substantial broad explainer of greed, aversion, and delusion."
Patience,https://echobuddha.com/articles/three-ways-to-practice-patience/,https://echobuddha.com/articles/three-ways-to-practice-patience/,PRIMARY_PILLAR,LEVEL 1,Owner → best support pages,Yes,KEEP,Phase 1: Built 2026-08-11T02:17:46.273Z; 1188 words; 27 content headings; authored route; nearest /articles/mindful-listening-in-everyday-life/ combined overlap 41.8%; external source links 0; role review: PRIMARY_PILLAR; owner selection: It is the broad practical owner; source study and recurring reflections remain narrow.
Sangha,https://echobuddha.com/articles/what-is-sangha-buddhist-community/,https://echobuddha.com/articles/visiting-a-buddhist-temple-respectfully/,SCENARIO_GUIDE,LEVEL 3,SCENARIO_GUIDE → primary owner,No,IMPROVE,Phase 1: Built 2026-08-11T02:17:46.273Z; 888 words; 21 content headings; authored route; nearest /articles/what-is-sangha-buddhist-community/ combined overlap 46.8%; external source links 4; role review: SCENARIO_GUIDE; owner selection: It provides the fuller community explanation; the dictionary and temple guide have narrower roles.
Walking Meditation,https://echobuddha.com/meditation/walking-meditation/,https://echobuddha.com/articles/walking-meditation-step-by-step/,PRACTICE_GUIDE,LEVEL 3,PRACTICE_GUIDE → primary owner,Yes,IMPROVE,Phase 1: Built 2026-08-11T02:17:46.273Z; 1239 words; 26 content headings; authored route; nearest /articles/beginning-a-daily-mindfulness-practice/ combined overlap 41.8%; external source links 0; role review: PRACTICE_GUIDE; owner selection: The meditation route should own the repeatable walking practice; the article must add depth or be reviewed for consolidation.
Beginner Buddhism,https://echobuddha.com/learn/buddhism-for-beginners/,https://echobuddha.com/articles/what-is-buddhism-beginner-guide/,BEGINNER_FOUNDATION,LEVEL 2,BEGINNER_FOUNDATION → primary owner,No,IMPROVE,Phase 1: Built 2026-08-11T02:17:46.273Z; 1384 words; 26 content headings; authored route; nearest /articles/four-noble-truths-explained-simply/ combined overlap 42.5%; external source links 2; role review: BEGINNER_FOUNDATION; owner selection: The strongest structured entry into basic Buddhist teaching and practice.
Karma,https://echobuddha.com/learn/buddhism-101/what-is-karma-in-buddhism/,https://echobuddha.com/articles/what-is-karma-in-buddhism/,PRACTICAL_APPLICATION,LEVEL 3,PRACTICAL_APPLICATION → primary owner,No,IMPROVE,Phase 1: Built 2026-08-11T02:17:46.273Z; 1445 words; 28 content headings; authored route; nearest /articles/eightfold-path-explained/ combined overlap 34.8%; external source links 1; role review: PRACTICAL_APPLICATION; owner selection: The lesson owns the broad Buddhist meaning; the article applies intention and consequence to daily choices.
Sangha,https://echobuddha.com/articles/what-is-sangha-buddhist-community/,https://echobuddha.com/articles/what-is-sangha-buddhist-community/,PRIMARY_PILLAR,LEVEL 1,Owner → best support pages,Yes,KEEP,Phase 1: Built 2026-08-11T02:17:46.273Z; 1759 words; 25 content headings; authored route; nearest /articles/visiting-a-buddhist-temple-respectfully/ combined overlap 46.8%; external source links 3; role review: PRIMARY_PILLAR; owner selection: It provides the fuller community explanation; the dictionary and temple guide have narrower roles.
Trust / Policy,https://echobuddha.com/about/,https://echobuddha.com/authors/echo-buddha-editorial/,TRUST_POLICY,LEVEL 3,TRUST_POLICY → primary owner,Yes,HUMAN_REVIEW,"Phase 1: Built 2026-08-11T02:17:46.273Z; 268 words; 9 content headings; authored route; nearest n/a combined overlap 0.0%; external source links 0; role review: TRUST_POLICY; owner selection: About anchors publisher identity while each policy page retains a protected, non-SEO trust function."
Trust / Policy,https://echobuddha.com/about/,https://echobuddha.com/buddhist-sources-and-citations/,TRUST_POLICY,LEVEL 3,TRUST_POLICY → primary owner,Yes,IMPROVE,"Phase 1: Built 2026-08-11T02:17:46.273Z; 295 words; 6 content headings; authored route; nearest /quote-attribution-policy/ combined overlap 20.6%; external source links 0; role review: TRUST_POLICY; owner selection: About anchors publisher identity while each policy page retains a protected, non-SEO trust function."
Trust / Policy,https://echobuddha.com/about/,https://echobuddha.com/contact/,TRUST_POLICY,LEVEL 3,TRUST_POLICY → primary owner,Yes,IMPROVE,"Phase 1: Built 2026-08-11T02:17:46.273Z; 120 words; 4 content headings; authored route; nearest /corrections/ combined overlap 15.5%; external source links 0; role review: TRUST_POLICY; owner selection: About anchors publisher identity while each policy page retains a protected, non-SEO trust function."
Trust / Policy,https://echobuddha.com/about/,https://echobuddha.com/corrections/,TRUST_POLICY,LEVEL 3,TRUST_POLICY → primary owner,Yes,IMPROVE,"Phase 1: Built 2026-08-11T02:17:46.273Z; 215 words; 7 content headings; authored route; nearest /contact/ combined overlap 15.5%; external source links 0; role review: TRUST_POLICY; owner selection: About anchors publisher identity while each policy page retains a protected, non-SEO trust function."
Daily Reflections,https://echobuddha.com/daily-reflections/,https://echobuddha.com/daily-reflections/anger-as-a-signal/,RECURRING_USER_CONTENT,LEVEL 4,RECURRING_USER_CONTENT → primary owner,No,NOINDEX_REVIEW,Phase 1: Built 2026-08-11T02:17:46.273Z; 310 words; 12 content headings; authored route; nearest /daily-reflections/kindness-with-boundaries/ combined overlap 73.7%; external source links 0; role review: RECURRING_USER_CONTENT; owner selection: The hub owns the returning reflection experience; detail pages do not own broad teaching queries.
Daily Reflections,https://echobuddha.com/daily-reflections/,https://echobuddha.com/daily-reflections/begin-again-without-shame/,RECURRING_USER_CONTENT,LEVEL 4,RECURRING_USER_CONTENT → primary owner,No,NOINDEX_REVIEW,Phase 1: Built 2026-08-11T02:17:46.273Z; 307 words; 12 content headings; authored route; nearest /daily-reflections/morning-intention/ combined overlap 73.8%; external source links 0; role review: RECURRING_USER_CONTENT; owner selection: The hub owns the returning reflection experience; detail pages do not own broad teaching queries.
Daily Reflections,https://echobuddha.com/daily-reflections/,https://echobuddha.com/daily-reflections/compassion-begins-nearby/,RECURRING_USER_CONTENT,LEVEL 4,RECURRING_USER_CONTENT → primary owner,No,NOINDEX_REVIEW,Phase 1: Built 2026-08-11T02:17:46.273Z; 306 words; 12 content headings; authored route; nearest /daily-reflections/kindness-with-boundaries/ combined overlap 74.5%; external source links 0; role review: RECURRING_USER_CONTENT; owner selection: The hub owns the returning reflection experience; detail pages do not own broad teaching queries.
Daily Reflections,https://echobuddha.com/daily-reflections/,https://echobuddha.com/daily-reflections/enough-for-this-moment/,RECURRING_USER_CONTENT,LEVEL 4,RECURRING_USER_CONTENT → primary owner,No,NOINDEX_REVIEW,Phase 1: Built 2026-08-11T02:17:46.273Z; 298 words; 12 content headings; authored route; nearest /daily-reflections/gratitude-notices-enough/ combined overlap 74.1%; external source links 0; role review: RECURRING_USER_CONTENT; owner selection: The hub owns the returning reflection experience; detail pages do not own broad teaching queries.
Daily Reflections,https://echobuddha.com/daily-reflections/,https://echobuddha.com/daily-reflections/evening-release/,RECURRING_USER_CONTENT,LEVEL 4,RECURRING_USER_CONTENT → primary owner,No,NOINDEX_REVIEW,Phase 1: Built 2026-08-11T02:17:46.273Z; 314 words; 12 content headings; authored route; nearest /daily-reflections/morning-intention/ combined overlap 73.7%; external source links 0; role review: RECURRING_USER_CONTENT; owner selection: The hub owns the returning reflection experience; detail pages do not own broad teaching queries.
Daily Reflections,https://echobuddha.com/daily-reflections/,https://echobuddha.com/daily-reflections/family-patience/,RECURRING_USER_CONTENT,LEVEL 4,RECURRING_USER_CONTENT → primary owner,No,NOINDEX_REVIEW,Phase 1: Built 2026-08-11T02:17:46.273Z; 300 words; 12 content headings; authored route; nearest /daily-reflections/simple-goodwill/ combined overlap 74.1%; external source links 0; role review: RECURRING_USER_CONTENT; owner selection: The hub owns the returning reflection experience; detail pages do not own broad teaching queries.
Daily Reflections,https://echobuddha.com/daily-reflections/,https://echobuddha.com/daily-reflections/forgiveness-without-approval/,RECURRING_USER_CONTENT,LEVEL 4,RECURRING_USER_CONTENT → primary owner,No,NOINDEX_REVIEW,Phase 1: Built 2026-08-11T02:17:46.273Z; 303 words; 12 content headings; authored route; nearest /daily-reflections/metta-for-a-difficult-person/ combined overlap 75.8%; external source links 0; role review: RECURRING_USER_CONTENT; owner selection: The hub owns the returning reflection experience; detail pages do not own broad teaching queries.
Daily Reflections,https://echobuddha.com/daily-reflections/,https://echobuddha.com/daily-reflections/gratitude-for-change/,RECURRING_USER_CONTENT,LEVEL 4,RECURRING_USER_CONTENT → primary owner,No,NOINDEX_REVIEW,Phase 1: Built 2026-08-11T02:17:46.273Z; 290 words; 12 content headings; authored route; nearest /daily-reflections/impermanence-softens-clinging/ combined overlap 73.8%; external source links 0; role review: RECURRING_USER_CONTENT; owner selection: The hub owns the returning reflection experience; detail pages do not own broad teaching queries.
Daily Reflections,https://echobuddha.com/daily-reflections/,https://echobuddha.com/daily-reflections/gratitude-notices-enough/,RECURRING_USER_CONTENT,LEVEL 4,RECURRING_USER_CONTENT → primary owner,No,NOINDEX_REVIEW,Phase 1: Built 2026-08-11T02:17:46.273Z; 297 words; 12 content headings; authored route; nearest /daily-reflections/soften-the-inner-argument/ combined overlap 74.3%; external source links 0; role review: RECURRING_USER_CONTENT; owner selection: The hub owns the returning reflection experience; detail pages do not own broad teaching queries.
Daily Reflections,https://echobuddha.com/daily-reflections/,https://echobuddha.com/daily-reflections/impermanence-softens-clinging/,RECURRING_USER_CONTENT,LEVEL 4,RECURRING_USER_CONTENT → primary owner,No,NOINDEX_REVIEW,Phase 1: Built 2026-08-11T02:17:46.273Z; 297 words; 12 content headings; authored route; nearest /daily-reflections/gratitude-for-change/ combined overlap 73.8%; external source links 0; role review: RECURRING_USER_CONTENT; owner selection: The hub owns the returning reflection experience; detail pages do not own broad teaching queries.
Daily Reflections,https://echobuddha.com/daily-reflections/,https://echobuddha.com/daily-reflections/,HUB,LEVEL 1,Owner → best support pages,Yes,KEEP,Phase 1: Built 2026-08-11T02:17:46.273Z; 1782 words; 36 content headings; authored route; nearest /quotes/ combined overlap 20.6%; external source links 0; role review: HUB; owner selection: The hub owns the returning reflection experience; detail pages do not own broad teaching queries.
Daily Reflections,https://echobuddha.com/daily-reflections/,https://echobuddha.com/daily-reflections/kindness-with-boundaries/,RECURRING_USER_CONTENT,LEVEL 4,RECURRING_USER_CONTENT → primary owner,No,NOINDEX_REVIEW,Phase 1: Built 2026-08-11T02:17:46.273Z; 302 words; 12 content headings; authored route; nearest /daily-reflections/rest-without-escape/ combined overlap 76.0%; external source links 0; role review: RECURRING_USER_CONTENT; owner selection: The hub owns the returning reflection experience; detail pages do not own broad teaching queries.
Daily Reflections,https://echobuddha.com/daily-reflections/,https://echobuddha.com/daily-reflections/let-the-feeling-pass/,RECURRING_USER_CONTENT,LEVEL 4,RECURRING_USER_CONTENT → primary owner,No,NOINDEX_REVIEW,Phase 1: Built 2026-08-11T02:17:46.273Z; 318 words; 12 content headings; authored route; nearest /daily-reflections/simple-goodwill/ combined overlap 73.4%; external source links 0; role review: RECURRING_USER_CONTENT; owner selection: The hub owns the returning reflection experience; detail pages do not own broad teaching queries.
Daily Reflections,https://echobuddha.com/daily-reflections/,https://echobuddha.com/daily-reflections/letting-go-keeps-care/,RECURRING_USER_CONTENT,LEVEL 4,RECURRING_USER_CONTENT → primary owner,No,NOINDEX_REVIEW,Phase 1: Built 2026-08-11T02:17:46.273Z; 298 words; 12 content headings; authored route; nearest /daily-reflections/forgiveness-without-approval/ combined overlap 73.2%; external source links 0; role review: RECURRING_USER_CONTENT; owner selection: The hub owns the returning reflection experience; detail pages do not own broad teaching queries.
Daily Reflections,https://echobuddha.com/daily-reflections/,https://echobuddha.com/daily-reflections/listen-before-answering/,RECURRING_USER_CONTENT,LEVEL 4,RECURRING_USER_CONTENT → primary owner,No,NOINDEX_REVIEW,Phase 1: Built 2026-08-11T02:17:46.273Z; 303 words; 12 content headings; authored route; nearest /daily-reflections/speech-can-reduce-suffering/ combined overlap 74.9%; external source links 0; role review: RECURRING_USER_CONTENT; owner selection: The hub owns the returning reflection experience; detail pages do not own broad teaching queries.
Daily Reflections,https://echobuddha.com/daily-reflections/,https://echobuddha.com/daily-reflections/metta-for-a-difficult-person/,RECURRING_USER_CONTENT,LEVEL 4,RECURRING_USER_CONTENT → primary owner,No,NOINDEX_REVIEW,Phase 1: Built 2026-08-11T02:17:46.273Z; 304 words; 12 content headings; authored route; nearest /daily-reflections/forgiveness-without-approval/ combined overlap 75.8%; external source links 0; role review: RECURRING_USER_CONTENT; owner selection: The hub owns the returning reflection experience; detail pages do not own broad teaching queries.
Daily Reflections,https://echobuddha.com/daily-reflections/,https://echobuddha.com/daily-reflections/mindful-work/,RECURRING_USER_CONTENT,LEVEL 4,RECURRING_USER_CONTENT → primary owner,No,NOINDEX_REVIEW,Phase 1: Built 2026-08-11T02:17:46.273Z; 304 words; 12 content headings; authored route; nearest /daily-reflections/one-step-on-the-path/ combined overlap 77.9%; external source links 0; role review: RECURRING_USER_CONTENT; owner selection: The hub owns the returning reflection experience; detail pages do not own broad teaching queries.
Daily Reflections,https://echobuddha.com/daily-reflections/,https://echobuddha.com/daily-reflections/morning-intention/,RECURRING_USER_CONTENT,LEVEL 4,RECURRING_USER_CONTENT → primary owner,No,NOINDEX_REVIEW,Phase 1: Built 2026-08-11T02:17:46.273Z; 300 words; 12 content headings; authored route; nearest /daily-reflections/one-step-on-the-path/ combined overlap 75.7%; external source links 0; role review: RECURRING_USER_CONTENT; owner selection: The hub owns the returning reflection experience; detail pages do not own broad teaching queries.
Daily Reflections,https://echobuddha.com/daily-reflections/,https://echobuddha.com/daily-reflections/notice-before-fixing/,RECURRING_USER_CONTENT,LEVEL 4,RECURRING_USER_CONTENT → primary owner,No,NOINDEX_REVIEW,Phase 1: Built 2026-08-11T02:17:46.273Z; 300 words; 12 content headings; authored route; nearest /daily-reflections/morning-intention/ combined overlap 73.9%; external source links 0; role review: RECURRING_USER_CONTENT; owner selection: The hub owns the returning reflection experience; detail pages do not own broad teaching queries.
Daily Reflections,https://echobuddha.com/daily-reflections/,https://echobuddha.com/daily-reflections/one-honest-breath/,RECURRING_USER_CONTENT,LEVEL 4,RECURRING_USER_CONTENT → primary owner,No,NOINDEX_REVIEW,Phase 1: Built 2026-08-11T02:17:46.273Z; 314 words; 12 content headings; authored route; nearest /daily-reflections/evening-release/ combined overlap 73.5%; external source links 0; role review: RECURRING_USER_CONTENT; owner selection: The hub owns the returning reflection experience; detail pages do not own broad teaching queries.
Daily Reflections,https://echobuddha.com/daily-reflections/,https://echobuddha.com/daily-reflections/one-step-on-the-path/,RECURRING_USER_CONTENT,LEVEL 4,RECURRING_USER_CONTENT → primary owner,No,NOINDEX_REVIEW,Phase 1: Built 2026-08-11T02:17:46.273Z; 314 words; 12 content headings; authored route; nearest /daily-reflections/mindful-work/ combined overlap 77.9%; external source links 0; role review: RECURRING_USER_CONTENT; owner selection: The hub owns the returning reflection experience; detail pages do not own broad teaching queries.
Daily Reflections,https://echobuddha.com/daily-reflections/,https://echobuddha.com/daily-reflections/patience-before-anger-speaks/,RECURRING_USER_CONTENT,LEVEL 4,RECURRING_USER_CONTENT → primary owner,No,NOINDEX_REVIEW,Phase 1: Built 2026-08-11T02:17:46.273Z; 333 words; 12 content headings; authored route; nearest /daily-reflections/speech-can-reduce-suffering/ combined overlap 72.9%; external source links 0; role review: RECURRING_USER_CONTENT; owner selection: The hub owns the returning reflection experience; detail pages do not own broad teaching queries.
Daily Reflections,https://echobuddha.com/daily-reflections/,https://echobuddha.com/daily-reflections/rest-without-escape/,RECURRING_USER_CONTENT,LEVEL 4,RECURRING_USER_CONTENT → primary owner,No,NOINDEX_REVIEW,Phase 1: Built 2026-08-11T02:17:46.273Z; 311 words; 12 content headings; authored route; nearest /daily-reflections/kindness-with-boundaries/ combined overlap 76.0%; external source links 0; role review: RECURRING_USER_CONTENT; owner selection: The hub owns the returning reflection experience; detail pages do not own broad teaching queries.
Daily Reflections,https://echobuddha.com/daily-reflections/,https://echobuddha.com/daily-reflections/see-the-conditions/,RECURRING_USER_CONTENT,LEVEL 4,RECURRING_USER_CONTENT → primary owner,No,NOINDEX_REVIEW,Phase 1: Built 2026-08-11T02:17:46.273Z; 303 words; 12 content headings; authored route; nearest /daily-reflections/soften-the-inner-argument/ combined overlap 73.5%; external source links 0; role review: RECURRING_USER_CONTENT; owner selection: The hub owns the returning reflection experience; detail pages do not own broad teaching queries.
Daily Reflections,https://echobuddha.com/daily-reflections/,https://echobuddha.com/daily-reflections/simple-goodwill/,RECURRING_USER_CONTENT,LEVEL 4,RECURRING_USER_CONTENT → primary owner,No,NOINDEX_REVIEW,Phase 1: Built 2026-08-11T02:17:46.273Z; 292 words; 12 content headings; authored route; nearest /daily-reflections/family-patience/ combined overlap 74.1%; external source links 0; role review: RECURRING_USER_CONTENT; owner selection: The hub owns the returning reflection experience; detail pages do not own broad teaching queries.
Daily Reflections,https://echobuddha.com/daily-reflections/,https://echobuddha.com/daily-reflections/small-actions-shape-the-mind/,RECURRING_USER_CONTENT,LEVEL 4,RECURRING_USER_CONTENT → primary owner,No,NOINDEX_REVIEW,Phase 1: Built 2026-08-11T02:17:46.273Z; 306 words; 12 content headings; authored route; nearest /daily-reflections/one-step-on-the-path/ combined overlap 75.7%; external source links 0; role review: RECURRING_USER_CONTENT; owner selection: The hub owns the returning reflection experience; detail pages do not own broad teaching queries.
Daily Reflections,https://echobuddha.com/daily-reflections/,https://echobuddha.com/daily-reflections/soften-the-inner-argument/,RECURRING_USER_CONTENT,LEVEL 4,RECURRING_USER_CONTENT → primary owner,No,NOINDEX_REVIEW,Phase 1: Built 2026-08-11T02:17:46.273Z; 303 words; 12 content headings; authored route; nearest /daily-reflections/gratitude-notices-enough/ combined overlap 74.3%; external source links 0; role review: RECURRING_USER_CONTENT; owner selection: The hub owns the returning reflection experience; detail pages do not own broad teaching queries.
Daily Reflections,https://echobuddha.com/daily-reflections/,https://echobuddha.com/daily-reflections/speech-can-reduce-suffering/,RECURRING_USER_CONTENT,LEVEL 4,RECURRING_USER_CONTENT → primary owner,No,NOINDEX_REVIEW,Phase 1: Built 2026-08-11T02:17:46.273Z; 299 words; 12 content headings; authored route; nearest /daily-reflections/kindness-with-boundaries/ combined overlap 75.6%; external source links 0; role review: RECURRING_USER_CONTENT; owner selection: The hub owns the returning reflection experience; detail pages do not own broad teaching queries.
Daily Reflections,https://echobuddha.com/daily-reflections/,https://echobuddha.com/daily-reflections/the-first-truth-is-kind/,RECURRING_USER_CONTENT,LEVEL 4,RECURRING_USER_CONTENT → primary owner,No,NOINDEX_REVIEW,Phase 1: Built 2026-08-11T02:17:46.273Z; 303 words; 12 content headings; authored route; nearest /daily-reflections/gratitude-notices-enough/ combined overlap 73.8%; external source links 0; role review: RECURRING_USER_CONTENT; owner selection: The hub owns the returning reflection experience; detail pages do not own broad teaching queries.
Daily Reflections,https://echobuddha.com/daily-reflections/,https://echobuddha.com/daily-reflections/thoughts-are-visitors/,RECURRING_USER_CONTENT,LEVEL 4,RECURRING_USER_CONTENT → primary owner,No,NOINDEX_REVIEW,Phase 1: Built 2026-08-11T02:17:46.273Z; 305 words; 12 content headings; authored route; nearest /daily-reflections/let-the-feeling-pass/ combined overlap 72.0%; external source links 0; role review: RECURRING_USER_CONTENT; owner selection: The hub owns the returning reflection experience; detail pages do not own broad teaching queries.
Daily Reflections,https://echobuddha.com/daily-reflections/,https://echobuddha.com/daily-reflections/walking-as-practice/,RECURRING_USER_CONTENT,LEVEL 4,RECURRING_USER_CONTENT → primary owner,No,NOINDEX_REVIEW,Phase 1: Built 2026-08-11T02:17:46.273Z; 305 words; 12 content headings; authored route; nearest /daily-reflections/compassion-begins-nearby/ combined overlap 72.1%; external source links 0; role review: RECURRING_USER_CONTENT; owner selection: The hub owns the returning reflection experience; detail pages do not own broad teaching queries.
Trust / Policy,https://echobuddha.com/about/,https://echobuddha.com/disclaimer/,TRUST_POLICY,LEVEL 3,TRUST_POLICY → primary owner,Yes,IMPROVE,"Phase 1: Built 2026-08-11T02:17:46.273Z; 221 words; 6 content headings; authored route; nearest /meditation-safety/ combined overlap 18.0%; external source links 0; role review: TRUST_POLICY; owner selection: About anchors publisher identity while each policy page retains a protected, non-SEO trust function."
Trust / Policy,https://echobuddha.com/about/,https://echobuddha.com/editorial-policy/,TRUST_POLICY,LEVEL 3,TRUST_POLICY → primary owner,Yes,IMPROVE,"Phase 1: Built 2026-08-11T02:17:46.273Z; 576 words; 10 content headings; authored route; nearest /how-echo-buddha-creates-content/ combined overlap 19.4%; external source links 0; role review: TRUST_POLICY; owner selection: About anchors publisher identity while each policy page retains a protected, non-SEO trust function."
Trust / Policy,https://echobuddha.com/about/,https://echobuddha.com/how-echo-buddha-creates-content/,TRUST_POLICY,LEVEL 3,TRUST_POLICY → primary owner,Yes,IMPROVE,"Phase 1: Built 2026-08-11T02:17:46.273Z; 347 words; 7 content headings; authored route; nearest /editorial-policy/ combined overlap 19.4%; external source links 0; role review: TRUST_POLICY; owner selection: About anchors publisher identity while each policy page retains a protected, non-SEO trust function."
Site Discovery,https://echobuddha.com/,https://echobuddha.com/,HUB,LEVEL 1,Owner → best support pages,Yes,KEEP,Phase 1: Built 2026-08-11T02:17:46.273Z; 1002 words; 26 content headings; authored route; nearest n/a combined overlap 0.0%; external source links 0; role review: HUB; owner selection: The homepage introduces the publication and routes readers to clear owners without becoming a doctrine pillar.
Beginner Buddhism,https://echobuddha.com/learn/buddhism-for-beginners/,https://echobuddha.com/learn/buddhism-101/a-simple-daily-buddhist-practice/,PRACTICAL_APPLICATION,LEVEL 3,PRACTICAL_APPLICATION → primary owner,No,IMPROVE,Phase 1: Built 2026-08-11T02:17:46.273Z; 312 words; 12 content headings; authored route; nearest /learn/buddhism-101/how-to-practice-buddhism-at-home/ combined overlap 40.7%; external source links 1; role review: PRACTICAL_APPLICATION; owner selection: The strongest structured entry into basic Buddhist teaching and practice.
Buddhist Foundations,https://echobuddha.com/learn/buddhism-101/,https://echobuddha.com/learn/buddhism-101/dependent-origination-explained/,BEGINNER_FOUNDATION,LEVEL 2,BEGINNER_FOUNDATION → primary owner,No,IMPROVE,Phase 1: Built 2026-08-11T02:17:46.273Z; 941 words; 18 content headings; authored route; nearest /learn/buddhism-101/three-marks-of-existence/ combined overlap 32.4%; external source links 1; role review: BEGINNER_FOUNDATION; owner selection: The hub organizes foundational lessons whose individual concepts may have their own owners.
Buddhist Foundations,https://echobuddha.com/learn/buddhism-101/,https://echobuddha.com/learn/buddhism-101/five-aggregates-buddhism/,SUPPORTING_EXPLANATION,LEVEL 2,SUPPORTING_EXPLANATION → primary owner,No,IMPROVE,Phase 1: Built 2026-08-11T02:17:46.273Z; 938 words; 19 content headings; authored route; nearest /learn/buddhism-101/three-marks-of-existence/ combined overlap 34.5%; external source links 1; role review: SUPPORTING_EXPLANATION; owner selection: The hub organizes foundational lessons whose individual concepts may have their own owners.
Buddhist Foundations,https://echobuddha.com/learn/buddhism-101/,https://echobuddha.com/learn/buddhism-101/five-hindrances-in-buddhism/,BEGINNER_FOUNDATION,LEVEL 2,BEGINNER_FOUNDATION → primary owner,No,IMPROVE,Phase 1: Built 2026-08-11T02:17:46.273Z; 364 words; 9 content headings; authored route; nearest /learn/sutta-for-daily-life/magga-vibhanga-sutta-eightfold-path/ combined overlap 32.3%; external source links 1; role review: BEGINNER_FOUNDATION; owner selection: The hub organizes foundational lessons whose individual concepts may have their own owners.
Five Precepts,https://echobuddha.com/learn/buddhism-101/five-precepts-buddhism/,https://echobuddha.com/learn/buddhism-101/five-precepts-buddhism/,PRIMARY_PILLAR,LEVEL 1,Owner → best support pages,Yes,KEEP,Phase 1: Built 2026-08-11T02:17:46.273Z; 1244 words; 20 content headings; authored route; nearest /learn/buddhism-101/right-livelihood-buddhism/ combined overlap 33.8%; external source links 1; role review: PRIMARY_PILLAR; owner selection: The lesson owns the ethical framework; practical articles show application without redefining it.
Brahmaviharas,https://echobuddha.com/learn/buddhism-101/four-brahmaviharas/,https://echobuddha.com/learn/buddhism-101/four-brahmaviharas/,PRIMARY_PILLAR,LEVEL 1,Owner → best support pages,Yes,KEEP,"Phase 1: Built 2026-08-11T02:17:46.273Z; 367 words; 9 content headings; authored route; nearest /learn/buddhism-101/threefold-training-sila-samadhi-panna/ combined overlap 37.9%; external source links 2; role review: PRIMARY_PILLAR; owner selection: The lesson owns the four-quality overview while compassion, metta, and equanimity pages own individual topics."
Beginner Buddhism,https://echobuddha.com/learn/buddhism-for-beginners/,https://echobuddha.com/learn/buddhism-101/how-to-practice-buddhism-at-home/,PRACTICAL_APPLICATION,LEVEL 3,PRACTICAL_APPLICATION → primary owner,No,IMPROVE,Phase 1: Built 2026-08-11T02:17:46.273Z; 343 words; 12 content headings; authored route; nearest /learn/buddhism-101/what-is-buddhism/ combined overlap 44.4%; external source links 1; role review: PRACTICAL_APPLICATION; owner selection: The strongest structured entry into basic Buddhist teaching and practice.
Buddhist Foundations,https://echobuddha.com/learn/buddhism-101/,https://echobuddha.com/learn/buddhism-101/,HUB,LEVEL 1,Owner → best support pages,Yes,KEEP,Phase 1: Built 2026-08-11T02:17:46.273Z; 612 words; 3 content headings; authored route; nearest /learn/buddhist-dictionary/ combined overlap 17.3%; external source links 2; role review: HUB; owner selection: The hub organizes foundational lessons whose individual concepts may have their own owners.
Buddhist Foundations,https://echobuddha.com/learn/buddhism-101/,https://echobuddha.com/learn/buddhism-101/middle-way-explained-for-beginners/,BEGINNER_FOUNDATION,LEVEL 2,BEGINNER_FOUNDATION → primary owner,No,IMPROVE,Phase 1: Built 2026-08-11T02:17:46.273Z; 384 words; 9 content headings; authored route; nearest /learn/buddhism-101/threefold-training-sila-samadhi-panna/ combined overlap 38.5%; external source links 1; role review: BEGINNER_FOUNDATION; owner selection: The hub organizes foundational lessons whose individual concepts may have their own owners.
Right Livelihood,https://echobuddha.com/learn/buddhism-101/right-livelihood-buddhism/,https://echobuddha.com/learn/buddhism-101/right-livelihood-buddhism/,PRIMARY_PILLAR,LEVEL 1,Owner → best support pages,Yes,KEEP,Phase 1: Built 2026-08-11T02:17:46.273Z; 1088 words; 19 content headings; authored route; nearest /learn/buddhism-101/five-precepts-buddhism/ combined overlap 33.8%; external source links 2; role review: PRIMARY_PILLAR; owner selection: The lesson owns the path-factor meaning; the article owns modern-work application.
Four Noble Truths,https://echobuddha.com/learn/four-noble-truths/,https://echobuddha.com/learn/buddhism-101/the-four-noble-truths-explained/,SUPPORTING_EXPLANATION,LEVEL 2,SUPPORTING_EXPLANATION → primary owner,No,IMPROVE,Phase 1: Built 2026-08-11T02:17:46.273Z; 368 words; 12 content headings; authored route; nearest /learn/buddhism-101/what-is-impermanence/ combined overlap 45.9%; external source links 1; role review: SUPPORTING_EXPLANATION; owner selection: The dedicated Learn page provides the clearest broad doctrinal route and parent for source and application pages.
Noble Eightfold Path,https://echobuddha.com/learn/eightfold-path/,https://echobuddha.com/learn/buddhism-101/the-noble-eightfold-path-explained/,SUPPORTING_EXPLANATION,LEVEL 2,SUPPORTING_EXPLANATION → primary owner,No,IMPROVE,"Phase 1: Built 2026-08-11T02:17:46.273Z; 392 words; 12 content headings; authored route; nearest /learn/buddhism-101/the-three-jewels-explained/ combined overlap 46.5%; external source links 1; role review: SUPPORTING_EXPLANATION; owner selection: The dedicated Learn page owns the whole-path framework and can route readers to factors, sources, and practice."
Sangha,https://echobuddha.com/articles/what-is-sangha-buddhist-community/,https://echobuddha.com/learn/buddhism-101/the-three-jewels-explained/,SUPPORTING_EXPLANATION,LEVEL 2,SUPPORTING_EXPLANATION → primary owner,No,IMPROVE,Phase 1: Built 2026-08-11T02:17:46.273Z; 366 words; 12 content headings; authored route; nearest /learn/buddhism-101/the-noble-eightfold-path-explained/ combined overlap 46.5%; external source links 1; role review: SUPPORTING_EXPLANATION; owner selection: It provides the fuller community explanation; the dictionary and temple guide have narrower roles.
Buddhist Foundations,https://echobuddha.com/learn/buddhism-101/,https://echobuddha.com/learn/buddhism-101/three-marks-of-existence/,SUPPORTING_EXPLANATION,LEVEL 2,SUPPORTING_EXPLANATION → primary owner,No,IMPROVE,Phase 1: Built 2026-08-11T02:17:46.273Z; 945 words; 18 content headings; authored route; nearest /learn/buddhism-101/what-is-impermanence/ combined overlap 35.4%; external source links 2; role review: SUPPORTING_EXPLANATION; owner selection: The hub organizes foundational lessons whose individual concepts may have their own owners.
Noble Eightfold Path,https://echobuddha.com/learn/eightfold-path/,https://echobuddha.com/learn/buddhism-101/threefold-training-sila-samadhi-panna/,SUPPORTING_EXPLANATION,LEVEL 2,SUPPORTING_EXPLANATION → primary owner,No,IMPROVE,"Phase 1: Built 2026-08-11T02:17:46.273Z; 403 words; 9 content headings; authored route; nearest /learn/buddhist-dictionary/sutta/ combined overlap 39.6%; external source links 2; role review: SUPPORTING_EXPLANATION; owner selection: The dedicated Learn page owns the whole-path framework and can route readers to factors, sources, and practice."
Beginner Buddhism,https://echobuddha.com/learn/buddhism-for-beginners/,https://echobuddha.com/learn/buddhism-101/what-is-buddhism/,BEGINNER_FOUNDATION,LEVEL 2,BEGINNER_FOUNDATION → primary owner,No,IMPROVE,Phase 1: Built 2026-08-11T02:17:46.273Z; 393 words; 12 content headings; authored route; nearest /learn/buddhism-101/how-to-practice-buddhism-at-home/ combined overlap 44.4%; external source links 2; role review: BEGINNER_FOUNDATION; owner selection: The strongest structured entry into basic Buddhist teaching and practice.
Impermanence,https://echobuddha.com/learn/buddhism-101/what-is-impermanence/,https://echobuddha.com/learn/buddhism-101/what-is-impermanence/,PRIMARY_PILLAR,LEVEL 1,Owner → best support pages,Yes,KEEP,Phase 1: Built 2026-08-11T02:17:46.273Z; 352 words; 12 content headings; authored route; nearest /learn/buddhist-dictionary/anicca/ combined overlap 49.1%; external source links 1; role review: PRIMARY_PILLAR; owner selection: The lesson is the clearest broad beginner owner; anicca definitions and change applications remain subordinate.
Karma,https://echobuddha.com/learn/buddhism-101/what-is-karma-in-buddhism/,https://echobuddha.com/learn/buddhism-101/what-is-karma-in-buddhism/,PRIMARY_PILLAR,LEVEL 1,Owner → best support pages,Yes,KEEP,Phase 1: Built 2026-08-11T02:17:46.273Z; 351 words; 12 content headings; authored route; nearest /learn/buddhist-dictionary/karma/ combined overlap 46.0%; external source links 1; role review: PRIMARY_PILLAR; owner selection: The lesson owns the broad Buddhist meaning; the article applies intention and consequence to daily choices.
Mindfulness,https://echobuddha.com/learn/buddhism-101/what-is-mindfulness/,https://echobuddha.com/learn/buddhism-101/what-is-mindfulness/,PRIMARY_PILLAR,LEVEL 1,Owner → best support pages,Yes,KEEP,"Phase 1: Built 2026-08-11T02:17:46.273Z; 351 words; 12 content headings; authored route; nearest /learn/buddhism-101/what-is-impermanence/ combined overlap 48.0%; external source links 1; role review: PRIMARY_PILLAR; owner selection: The lesson owns Buddhist mindfulness meaning; dictionary, comparison, and routine pages remain narrower."
Buddhist Foundations,https://echobuddha.com/learn/buddhism-101/,https://echobuddha.com/learn/buddhism-101/who-was-the-buddha/,BEGINNER_FOUNDATION,LEVEL 2,BEGINNER_FOUNDATION → primary owner,No,IMPROVE,Phase 1: Built 2026-08-11T02:17:46.273Z; 442 words; 12 content headings; authored route; nearest /learn/buddhism-101/the-three-jewels-explained/ combined overlap 43.2%; external source links 1; role review: BEGINNER_FOUNDATION; owner selection: The hub organizes foundational lessons whose individual concepts may have their own owners.
Beginner Buddhism,https://echobuddha.com/learn/buddhism-for-beginners/,https://echobuddha.com/learn/buddhism-for-beginners/,PRIMARY_PILLAR,LEVEL 1,Owner → best support pages,Yes,KEEP,Phase 1: Built 2026-08-11T02:17:46.273Z; 404 words; 4 content headings; authored route; nearest /articles/first-week-buddhist-practice/ combined overlap 17.7%; external source links 0; role review: PRIMARY_PILLAR; owner selection: The strongest structured entry into basic Buddhist teaching and practice.
Buddhist Dictionary,https://echobuddha.com/learn/buddhist-dictionary/,https://echobuddha.com/learn/buddhist-dictionary/anatta/,DICTIONARY_DEFINITION,LEVEL 3,DICTIONARY_DEFINITION → primary owner,No,IMPROVE,Phase 1: Built 2026-08-11T02:17:46.273Z; 293 words; 12 content headings; authored route; nearest /learn/buddhist-dictionary/anicca/ combined overlap 54.8%; external source links 1; role review: DICTIONARY_DEFINITION; owner selection: The hub organizes term definitions; it does not own every broad doctrinal topic represented by its entries.
Impermanence,https://echobuddha.com/learn/buddhism-101/what-is-impermanence/,https://echobuddha.com/learn/buddhist-dictionary/anicca/,DICTIONARY_DEFINITION,LEVEL 3,DICTIONARY_DEFINITION → primary owner,No,IMPROVE,Phase 1: Built 2026-08-11T02:17:46.273Z; 275 words; 12 content headings; authored route; nearest /learn/buddhist-dictionary/dukkha/ combined overlap 55.2%; external source links 1; role review: DICTIONARY_DEFINITION; owner selection: The lesson is the clearest broad beginner owner; anicca definitions and change applications remain subordinate.
Compassion,https://echobuddha.com/articles/compassion-in-buddhism-beginner-guide/,https://echobuddha.com/learn/buddhist-dictionary/compassion/,DICTIONARY_DEFINITION,LEVEL 3,DICTIONARY_DEFINITION → primary owner,No,IMPROVE,"Phase 1: Built 2026-08-11T02:17:46.273Z; 260 words; 12 content headings; authored route; nearest /learn/buddhist-dictionary/karuna/ combined overlap 61.9%; external source links 1; role review: DICTIONARY_DEFINITION; owner selection: It provides the broad Buddhist frame; dictionary terms, boundaries, and daily discipline have narrower jobs."
Dhamma / Dharma,https://echobuddha.com/learn/buddhist-dictionary/dhamma/,https://echobuddha.com/learn/buddhist-dictionary/dhamma/,PRIMARY_PILLAR,LEVEL 1,Owner → best support pages,Yes,KEEP,Phase 1: Built 2026-08-11T02:17:46.273Z; 573 words; 14 content headings; authored route; nearest /learn/buddhist-dictionary/sangha/ combined overlap 40.2%; external source links 2; role review: PRIMARY_PILLAR; owner selection: The dictionary page owns meaning and linguistic context; the article owns the comparison question.
Four Noble Truths,https://echobuddha.com/learn/four-noble-truths/,https://echobuddha.com/learn/buddhist-dictionary/dukkha/,DICTIONARY_DEFINITION,LEVEL 3,DICTIONARY_DEFINITION → primary owner,No,IMPROVE,Phase 1: Built 2026-08-11T02:17:46.273Z; 284 words; 12 content headings; authored route; nearest /learn/buddhist-dictionary/anicca/ combined overlap 55.2%; external source links 1; role review: DICTIONARY_DEFINITION; owner selection: The dedicated Learn page provides the clearest broad doctrinal route and parent for source and application pages.
Buddhist Dictionary,https://echobuddha.com/learn/buddhist-dictionary/,https://echobuddha.com/learn/buddhist-dictionary/,HUB,LEVEL 1,Owner → best support pages,Yes,KEEP,Phase 1: Built 2026-08-11T02:17:46.273Z; 326 words; 2 content headings; authored route; nearest /learn/buddhism-101/ combined overlap 17.3%; external source links 2; role review: HUB; owner selection: The hub organizes term definitions; it does not own every broad doctrinal topic represented by its entries.
Karma,https://echobuddha.com/learn/buddhism-101/what-is-karma-in-buddhism/,https://echobuddha.com/learn/buddhist-dictionary/karma/,DICTIONARY_DEFINITION,LEVEL 3,DICTIONARY_DEFINITION → primary owner,No,IMPROVE,Phase 1: Built 2026-08-11T02:17:46.273Z; 277 words; 12 content headings; authored route; nearest /learn/buddhist-dictionary/mindfulness/ combined overlap 55.4%; external source links 1; role review: DICTIONARY_DEFINITION; owner selection: The lesson owns the broad Buddhist meaning; the article applies intention and consequence to daily choices.
Compassion,https://echobuddha.com/articles/compassion-in-buddhism-beginner-guide/,https://echobuddha.com/learn/buddhist-dictionary/karuna/,DICTIONARY_DEFINITION,LEVEL 3,DICTIONARY_DEFINITION → primary owner,No,IMPROVE,"Phase 1: Built 2026-08-11T02:17:46.273Z; 309 words; 12 content headings; authored route; nearest /learn/buddhist-dictionary/compassion/ combined overlap 61.9%; external source links 1; role review: DICTIONARY_DEFINITION; owner selection: It provides the broad Buddhist frame; dictionary terms, boundaries, and daily discipline have narrower jobs."
Loving-Kindness / Metta,https://echobuddha.com/learn/buddhist-dictionary/metta/,https://echobuddha.com/learn/buddhist-dictionary/metta/,PRIMARY_PILLAR,LEVEL 1,Owner → best support pages,Yes,IMPROVE,Phase 1: Built 2026-08-11T02:17:46.273Z; 315 words; 12 content headings; authored route; nearest /learn/buddhist-dictionary/karuna/ combined overlap 59.7%; external source links 1; role review: PRIMARY_PILLAR; owner selection: The term page should own metta meaning while meditation pages own practices and scripts.
Mindfulness,https://echobuddha.com/learn/buddhism-101/what-is-mindfulness/,https://echobuddha.com/learn/buddhist-dictionary/mindfulness/,DICTIONARY_DEFINITION,LEVEL 3,DICTIONARY_DEFINITION → primary owner,No,IMPROVE,"Phase 1: Built 2026-08-11T02:17:46.273Z; 244 words; 12 content headings; authored route; nearest /learn/buddhist-dictionary/sati/ combined overlap 61.9%; external source links 1; role review: DICTIONARY_DEFINITION; owner selection: The lesson owns Buddhist mindfulness meaning; dictionary, comparison, and routine pages remain narrower."
Buddhist Dictionary,https://echobuddha.com/learn/buddhist-dictionary/,https://echobuddha.com/learn/buddhist-dictionary/nirvana/,DICTIONARY_DEFINITION,LEVEL 3,DICTIONARY_DEFINITION → primary owner,No,IMPROVE,Phase 1: Built 2026-08-11T02:17:46.273Z; 272 words; 12 content headings; authored route; nearest /learn/buddhist-dictionary/mindfulness/ combined overlap 54.5%; external source links 1; role review: DICTIONARY_DEFINITION; owner selection: The hub organizes term definitions; it does not own every broad doctrinal topic represented by its entries.
Sutta Study,https://echobuddha.com/learn/sutta-for-daily-life/,https://echobuddha.com/learn/buddhist-dictionary/pali-canon/,DICTIONARY_DEFINITION,LEVEL 3,DICTIONARY_DEFINITION → primary owner,No,HUMAN_REVIEW,Phase 1: Built 2026-08-11T02:17:46.273Z; 368 words; 9 content headings; authored route; nearest /learn/buddhist-dictionary/sutta/ combined overlap 61.0%; external source links 4; role review: DICTIONARY_DEFINITION; owner selection: The hub owns navigation into specific canonical-text studies; doctrine pillars own general explanations.
Sangha,https://echobuddha.com/articles/what-is-sangha-buddhist-community/,https://echobuddha.com/learn/buddhist-dictionary/sangha/,DICTIONARY_DEFINITION,LEVEL 3,DICTIONARY_DEFINITION → primary owner,No,IMPROVE,Phase 1: Built 2026-08-11T02:17:46.273Z; 357 words; 12 content headings; authored route; nearest /learn/buddhist-dictionary/karuna/ combined overlap 56.3%; external source links 2; role review: DICTIONARY_DEFINITION; owner selection: It provides the fuller community explanation; the dictionary and temple guide have narrower roles.
Mindfulness,https://echobuddha.com/learn/buddhism-101/what-is-mindfulness/,https://echobuddha.com/learn/buddhist-dictionary/sati/,DICTIONARY_DEFINITION,LEVEL 3,DICTIONARY_DEFINITION → primary owner,No,IMPROVE,"Phase 1: Built 2026-08-11T02:17:46.273Z; 257 words; 12 content headings; authored route; nearest /learn/buddhist-dictionary/mindfulness/ combined overlap 61.9%; external source links 1; role review: DICTIONARY_DEFINITION; owner selection: The lesson owns Buddhist mindfulness meaning; dictionary, comparison, and routine pages remain narrower."
Sutta Study,https://echobuddha.com/learn/sutta-for-daily-life/,https://echobuddha.com/learn/buddhist-dictionary/sutta/,DICTIONARY_DEFINITION,LEVEL 3,DICTIONARY_DEFINITION → primary owner,No,HUMAN_REVIEW,Phase 1: Built 2026-08-11T02:17:46.273Z; 323 words; 9 content headings; authored route; nearest /learn/buddhist-dictionary/pali-canon/ combined overlap 61.0%; external source links 2; role review: DICTIONARY_DEFINITION; owner selection: The hub owns navigation into specific canonical-text studies; doctrine pillars own general explanations.
Learn Navigation,https://echobuddha.com/learn/,https://echobuddha.com/learn/buddhist-resources/,HUB,LEVEL 3,HUB → primary owner,No,IMPROVE,"Phase 1: Built 2026-08-11T02:17:46.273Z; 465 words; 9 content headings; authored route; nearest /learn/dhammapada-reflections/ combined overlap 13.4%; external source links 12; role review: HUB; owner selection: The Learn hub owns structured learning navigation across doctrine, dictionary, Dhammapada, and sutta paths."
Dhammapada,https://echobuddha.com/learn/dhammapada-reflections/,https://echobuddha.com/learn/dhammapada-reflections/avoid-evil-do-good-purify-the-mind/,SOURCE_STUDY,LEVEL 3,SOURCE_STUDY → primary owner,Yes,HUMAN_REVIEW,"Phase 1: Built 2026-08-11T02:17:46.273Z; 334 words; 12 content headings; authored route; nearest /learn/dhammapada-reflections/hatred-is-not-ended-by-hatred/ combined overlap 51.2%; external source links 1; role review: SOURCE_STUDY; owner selection: The source-aware hub organizes verse study and clearly separates translation, paraphrase, and reflection."
Dhammapada,https://echobuddha.com/learn/dhammapada-reflections/,https://echobuddha.com/learn/dhammapada-reflections/better-than-a-thousand-empty-words/,SOURCE_STUDY,LEVEL 3,SOURCE_STUDY → primary owner,Yes,HUMAN_REVIEW,"Phase 1: Built 2026-08-11T02:17:46.273Z; 290 words; 12 content headings; authored route; nearest /learn/dhammapada-reflections/hatred-is-not-ended-by-hatred/ combined overlap 54.0%; external source links 1; role review: SOURCE_STUDY; owner selection: The source-aware hub organizes verse study and clearly separates translation, paraphrase, and reflection."
Dhammapada,https://echobuddha.com/learn/dhammapada-reflections/,https://echobuddha.com/learn/dhammapada-reflections/hatred-is-not-ended-by-hatred/,SOURCE_STUDY,LEVEL 3,SOURCE_STUDY → primary owner,Yes,HUMAN_REVIEW,"Phase 1: Built 2026-08-11T02:17:46.273Z; 276 words; 12 content headings; authored route; nearest /learn/dhammapada-reflections/better-than-a-thousand-empty-words/ combined overlap 54.0%; external source links 1; role review: SOURCE_STUDY; owner selection: The source-aware hub organizes verse study and clearly separates translation, paraphrase, and reflection."
Dhammapada,https://echobuddha.com/learn/dhammapada-reflections/,https://echobuddha.com/learn/dhammapada-reflections/,HUB,LEVEL 1,Owner → best support pages,Yes,KEEP,"Phase 1: Built 2026-08-11T02:17:46.273Z; 221 words; 3 content headings; authored route; nearest /learn/sutta-for-daily-life/ combined overlap 32.3%; external source links 2; role review: HUB; owner selection: The source-aware hub organizes verse study and clearly separates translation, paraphrase, and reflection."
Dhammapada,https://echobuddha.com/learn/dhammapada-reflections/,https://echobuddha.com/learn/dhammapada-reflections/peace-comes-from-a-trained-mind/,SOURCE_STUDY,LEVEL 3,SOURCE_STUDY → primary owner,Yes,HUMAN_REVIEW,"Phase 1: Built 2026-08-11T02:17:46.273Z; 276 words; 12 content headings; authored route; nearest /learn/dhammapada-reflections/the-mind-leads-all-things/ combined overlap 51.4%; external source links 1; role review: SOURCE_STUDY; owner selection: The source-aware hub organizes verse study and clearly separates translation, paraphrase, and reflection."
Dhammapada,https://echobuddha.com/learn/dhammapada-reflections/,https://echobuddha.com/learn/dhammapada-reflections/the-mind-leads-all-things/,SOURCE_STUDY,LEVEL 3,SOURCE_STUDY → primary owner,Yes,HUMAN_REVIEW,"Phase 1: Built 2026-08-11T02:17:46.273Z; 288 words; 12 content headings; authored route; nearest /learn/dhammapada-reflections/peace-comes-from-a-trained-mind/ combined overlap 51.4%; external source links 1; role review: SOURCE_STUDY; owner selection: The source-aware hub organizes verse study and clearly separates translation, paraphrase, and reflection."
Noble Eightfold Path,https://echobuddha.com/learn/eightfold-path/,https://echobuddha.com/learn/eightfold-path/,PRIMARY_PILLAR,LEVEL 1,Owner → best support pages,Yes,KEEP,"Phase 1: Built 2026-08-11T02:17:46.273Z; 342 words; 9 content headings; authored route; nearest /learn/four-noble-truths/ combined overlap 26.3%; external source links 2; role review: PRIMARY_PILLAR; owner selection: The dedicated Learn page owns the whole-path framework and can route readers to factors, sources, and practice."
Four Noble Truths,https://echobuddha.com/learn/four-noble-truths/,https://echobuddha.com/learn/four-noble-truths/,PRIMARY_PILLAR,LEVEL 1,Owner → best support pages,Yes,KEEP,Phase 1: Built 2026-08-11T02:17:46.273Z; 259 words; 8 content headings; authored route; nearest /learn/eightfold-path/ combined overlap 26.3%; external source links 2; role review: PRIMARY_PILLAR; owner selection: The dedicated Learn page provides the clearest broad doctrinal route and parent for source and application pages.
Learn Navigation,https://echobuddha.com/learn/,https://echobuddha.com/learn/,HUB,LEVEL 1,Owner → best support pages,Yes,KEEP,"Phase 1: Built 2026-08-11T02:17:46.273Z; 593 words; 17 content headings; authored route; nearest /start-here/ combined overlap 22.8%; external source links 0; role review: HUB; owner selection: The Learn hub owns structured learning navigation across doctrine, dictionary, Dhammapada, and sutta paths."
Learn Navigation,https://echobuddha.com/learn/,https://echobuddha.com/learn/questions-about-buddhism/,HUB,LEVEL 3,HUB → primary owner,No,IMPROVE,"Phase 1: Built 2026-08-11T02:17:46.273Z; 804 words; 1 content headings; authored route; nearest /learn/buddhism-for-beginners/ combined overlap 14.1%; external source links 0; role review: HUB; owner selection: The Learn hub owns structured learning navigation across doctrine, dictionary, Dhammapada, and sutta paths."
Patience,https://echobuddha.com/articles/three-ways-to-practice-patience/,https://echobuddha.com/learn/sutta-for-daily-life/buddhas-teaching-on-patience/,SOURCE_STUDY,LEVEL 3,SOURCE_STUDY → primary owner,Yes,IMPROVE,Phase 1: Built 2026-08-11T02:17:46.273Z; 259 words; 12 content headings; authored route; nearest /learn/sutta-for-daily-life/right-speech-in-daily-life/ combined overlap 52.3%; external source links 1; role review: SOURCE_STUDY; owner selection: It is the broad practical owner; source study and recurring reflections remain narrow.
Four Noble Truths,https://echobuddha.com/learn/four-noble-truths/,https://echobuddha.com/learn/sutta-for-daily-life/dhammacakkappavattana-sutta-four-noble-truths/,SOURCE_STUDY,LEVEL 3,SOURCE_STUDY → primary owner,Yes,IMPROVE,Phase 1: Built 2026-08-11T02:17:46.273Z; 379 words; 9 content headings; authored route; nearest /learn/sutta-for-daily-life/magga-vibhanga-sutta-eightfold-path/ combined overlap 54.7%; external source links 2; role review: SOURCE_STUDY; owner selection: The dedicated Learn page provides the clearest broad doctrinal route and parent for source and application pages.
Sutta Study,https://echobuddha.com/learn/sutta-for-daily-life/,https://echobuddha.com/learn/sutta-for-daily-life/,HUB,LEVEL 1,Owner → best support pages,Yes,KEEP,Phase 1: Built 2026-08-11T02:17:46.273Z; 283 words; 3 content headings; authored route; nearest /learn/dhammapada-reflections/ combined overlap 32.3%; external source links 2; role review: HUB; owner selection: The hub owns navigation into specific canonical-text studies; doctrine pillars own general explanations.
Sutta Study,https://echobuddha.com/learn/sutta-for-daily-life/,https://echobuddha.com/learn/sutta-for-daily-life/kalama-sutta-and-wise-thinking/,SOURCE_STUDY,LEVEL 3,SOURCE_STUDY → primary owner,Yes,HUMAN_REVIEW,Phase 1: Built 2026-08-11T02:17:46.273Z; 289 words; 12 content headings; authored route; nearest /learn/sutta-for-daily-life/buddhas-teaching-on-patience/ combined overlap 51.8%; external source links 1; role review: SOURCE_STUDY; owner selection: The hub owns navigation into specific canonical-text studies; doctrine pillars own general explanations.
Noble Eightfold Path,https://echobuddha.com/learn/eightfold-path/,https://echobuddha.com/learn/sutta-for-daily-life/magga-vibhanga-sutta-eightfold-path/,SOURCE_STUDY,LEVEL 3,SOURCE_STUDY → primary owner,Yes,IMPROVE,"Phase 1: Built 2026-08-11T02:17:46.273Z; 375 words; 9 content headings; authored route; nearest /learn/sutta-for-daily-life/dhammacakkappavattana-sutta-four-noble-truths/ combined overlap 54.7%; external source links 2; role review: SOURCE_STUDY; owner selection: The dedicated Learn page owns the whole-path framework and can route readers to factors, sources, and practice."
Loving-Kindness / Metta,https://echobuddha.com/learn/buddhist-dictionary/metta/,https://echobuddha.com/learn/sutta-for-daily-life/metta-sutta-explained-for-daily-life/,SOURCE_STUDY,LEVEL 3,SOURCE_STUDY → primary owner,Yes,IMPROVE,Phase 1: Built 2026-08-11T02:17:46.273Z; 296 words; 12 content headings; authored route; nearest /learn/sutta-for-daily-life/buddhas-teaching-on-patience/ combined overlap 50.4%; external source links 1; role review: SOURCE_STUDY; owner selection: The term page should own metta meaning while meditation pages own practices and scripts.
Breath / Mindfulness of Breathing,https://echobuddha.com/articles/mindfulness-of-breathing-guide/,https://echobuddha.com/learn/sutta-for-daily-life/mindfulness-of-breathing-explained-simply/,SOURCE_STUDY,LEVEL 3,SOURCE_STUDY → primary owner,Yes,HUMAN_REVIEW,Phase 1: Built 2026-08-11T02:17:46.273Z; 258 words; 12 content headings; authored route; nearest /learn/sutta-for-daily-life/buddhas-teaching-on-patience/ combined overlap 50.7%; external source links 1; role review: SOURCE_STUDY; owner selection: It owns the fuller breath-method explanation; practice and source pages keep distinct roles.
Right Speech,https://echobuddha.com/articles/right-speech-buddhism/,https://echobuddha.com/learn/sutta-for-daily-life/right-speech-in-daily-life/,SOURCE_STUDY,LEVEL 3,SOURCE_STUDY → primary owner,Yes,IMPROVE,"Phase 1: Built 2026-08-11T02:17:46.273Z; 313 words; 12 content headings; authored route; nearest /learn/sutta-for-daily-life/buddhas-teaching-on-patience/ combined overlap 52.3%; external source links 1; role review: SOURCE_STUDY; owner selection: It combines meaning, ethical criteria, examples, and practice; other pages can specialize by source or scenario."
Meditation,https://echobuddha.com/meditation/,https://echobuddha.com/meditation-guide/,PRACTICE_GUIDE,LEVEL 3,PRACTICE_GUIDE → primary owner,Yes,IMPROVE,Phase 1: Built 2026-08-11T02:17:46.273Z; 1267 words; 23 content headings; authored route; nearest /articles/how-to-meditate-for-anxiety/ combined overlap 19.0%; external source links 3; role review: PRACTICE_GUIDE; owner selection: It organizes practice choices and routes readers without pretending to be every meditation method.
Trust / Policy,https://echobuddha.com/about/,https://echobuddha.com/meditation-safety/,TRUST_POLICY,LEVEL 3,TRUST_POLICY → primary owner,Yes,IMPROVE,"Phase 1: Built 2026-08-11T02:17:46.273Z; 254 words; 6 content headings; authored route; nearest /disclaimer/ combined overlap 18.0%; external source links 0; role review: TRUST_POLICY; owner selection: About anchors publisher identity while each policy page retains a protected, non-SEO trust function."
Meditation,https://echobuddha.com/meditation/,https://echobuddha.com/meditation/10-minute-meditation-practice/,PRACTICE_GUIDE,LEVEL 3,PRACTICE_GUIDE → primary owner,Yes,IMPROVE,Phase 1: Built 2026-08-11T02:17:46.273Z; 462 words; 11 content headings; authored route; nearest /meditation/when-meditation-feels-hard/ combined overlap 49.3%; external source links 3; role review: PRACTICE_GUIDE; owner selection: It organizes practice choices and routes readers without pretending to be every meditation method.
Meditation,https://echobuddha.com/meditation/,https://echobuddha.com/meditation/5-minute-meditation-practice/,PRACTICE_GUIDE,LEVEL 3,PRACTICE_GUIDE → primary owner,Yes,IMPROVE,Phase 1: Built 2026-08-11T02:17:46.273Z; 373 words; 14 content headings; authored route; nearest /meditation/breathing-meditation/ combined overlap 64.6%; external source links 1; role review: PRACTICE_GUIDE; owner selection: It organizes practice choices and routes readers without pretending to be every meditation method.
Breath / Mindfulness of Breathing,https://echobuddha.com/articles/mindfulness-of-breathing-guide/,https://echobuddha.com/meditation/breathing-meditation/,PRACTICE_GUIDE,LEVEL 3,PRACTICE_GUIDE → primary owner,Yes,IMPROVE,Phase 1: Built 2026-08-11T02:17:46.273Z; 392 words; 14 content headings; authored route; nearest /meditation/loving-kindness-meditation/ combined overlap 66.8%; external source links 1; role review: PRACTICE_GUIDE; owner selection: It owns the fuller breath-method explanation; practice and source pages keep distinct roles.
Meditation,https://echobuddha.com/meditation/,https://echobuddha.com/meditation/,HUB,LEVEL 1,Owner → best support pages,Yes,KEEP,Phase 1: Built 2026-08-11T02:17:46.273Z; 387 words; 10 content headings; authored route; nearest /meditation/mindfulness-in-daily-life/ combined overlap 15.1%; external source links 2; role review: HUB; owner selection: It organizes practice choices and routes readers without pretending to be every meditation method.
Loving-Kindness / Metta,https://echobuddha.com/learn/buddhist-dictionary/metta/,https://echobuddha.com/meditation/loving-kindness-meditation/,PRACTICE_GUIDE,LEVEL 3,PRACTICE_GUIDE → primary owner,Yes,IMPROVE,Phase 1: Built 2026-08-11T02:17:46.273Z; 395 words; 14 content headings; authored route; nearest /meditation/breathing-meditation/ combined overlap 66.8%; external source links 1; role review: PRACTICE_GUIDE; owner selection: The term page should own metta meaning while meditation pages own practices and scripts.
Meditation,https://echobuddha.com/meditation/,https://echobuddha.com/meditation/meditation-for-beginners/,PRACTICE_GUIDE,LEVEL 3,PRACTICE_GUIDE → primary owner,Yes,IMPROVE,Phase 1: Built 2026-08-11T02:17:46.273Z; 418 words; 14 content headings; authored route; nearest /meditation/5-minute-meditation-practice/ combined overlap 61.4%; external source links 1; role review: PRACTICE_GUIDE; owner selection: It organizes practice choices and routes readers without pretending to be every meditation method.
Meditation,https://echobuddha.com/meditation/,https://echobuddha.com/meditation/meditation-posture-for-beginners/,PRACTICE_GUIDE,LEVEL 3,PRACTICE_GUIDE → primary owner,Yes,IMPROVE,Phase 1: Built 2026-08-11T02:17:46.273Z; 466 words; 11 content headings; authored route; nearest /meditation/10-minute-meditation-practice/ combined overlap 48.4%; external source links 2; role review: PRACTICE_GUIDE; owner selection: It organizes practice choices and routes readers without pretending to be every meditation method.
Mindfulness,https://echobuddha.com/learn/buddhism-101/what-is-mindfulness/,https://echobuddha.com/meditation/mindfulness-in-daily-life/,PRACTICE_GUIDE,LEVEL 3,PRACTICE_GUIDE → primary owner,Yes,IMPROVE,"Phase 1: Built 2026-08-11T02:17:46.273Z; 386 words; 14 content headings; authored route; nearest /meditation/walking-meditation/ combined overlap 66.0%; external source links 1; role review: PRACTICE_GUIDE; owner selection: The lesson owns Buddhist mindfulness meaning; dictionary, comparison, and routine pages remain narrower."
Walking Meditation,https://echobuddha.com/meditation/walking-meditation/,https://echobuddha.com/meditation/walking-meditation/,PRACTICE_GUIDE,LEVEL 1,Owner → best support pages,Yes,KEEP,Phase 1: Built 2026-08-11T02:17:46.273Z; 379 words; 14 content headings; authored route; nearest /meditation/breathing-meditation/ combined overlap 66.8%; external source links 1; role review: PRACTICE_GUIDE; owner selection: The meditation route should own the repeatable walking practice; the article must add depth or be reviewed for consolidation.
Meditation,https://echobuddha.com/meditation/,https://echobuddha.com/meditation/when-meditation-feels-hard/,PRACTICE_GUIDE,LEVEL 3,PRACTICE_GUIDE → primary owner,Yes,IMPROVE,Phase 1: Built 2026-08-11T02:17:46.273Z; 471 words; 11 content headings; authored route; nearest /meditation/10-minute-meditation-practice/ combined overlap 49.3%; external source links 3; role review: PRACTICE_GUIDE; owner selection: It organizes practice choices and routes readers without pretending to be every meditation method.
Mindful Living,https://echobuddha.com/mindful-living/,https://echobuddha.com/mindful-living/,HUB,LEVEL 1,Owner → best support pages,Yes,KEEP,Phase 1: Built 2026-08-11T02:17:46.273Z; 559 words; 16 content headings; authored route; nearest /articles/ combined overlap 25.5%; external source links 0; role review: HUB; owner selection: The hub organizes daily-life applications while doctrine remains owned by Learn or dedicated articles.
Trust / Policy,https://echobuddha.com/about/,https://echobuddha.com/privacy-policy/,TRUST_POLICY,LEVEL 3,TRUST_POLICY → primary owner,Yes,IMPROVE,"Phase 1: Built 2026-08-11T02:17:46.273Z; 383 words; 8 content headings; authored route; nearest /editorial-policy/ combined overlap 9.5%; external source links 1; role review: TRUST_POLICY; owner selection: About anchors publisher identity while each policy page retains a protected, non-SEO trust function."
Trust / Policy,https://echobuddha.com/about/,https://echobuddha.com/quote-attribution-policy/,TRUST_POLICY,LEVEL 3,TRUST_POLICY → primary owner,Yes,IMPROVE,"Phase 1: Built 2026-08-11T02:17:46.273Z; 248 words; 5 content headings; authored route; nearest /buddhist-sources-and-citations/ combined overlap 20.6%; external source links 0; role review: TRUST_POLICY; owner selection: About anchors publisher identity while each policy page retains a protected, non-SEO trust function."
Quotes,https://echobuddha.com/quotes/,https://echobuddha.com/quotes/awareness/acceptance-before-next-step/,QUOTE_REFLECTION,LEVEL 4,QUOTE_REFLECTION → primary owner,No,IMPROVE,Phase 1: Built 2026-08-11T02:17:46.273Z; 666 words; 17 content headings; individually authored story; nearest /quotes/awareness/feelings-without-the-wheel/ combined overlap 65.8%; external source links 0; role review: QUOTE_REFLECTION; owner selection: The hub owns discovery of clearly labeled original Echo Buddha quote reflections.
Quotes,https://echobuddha.com/quotes/,https://echobuddha.com/quotes/awareness/anger-asks-for-speed-awareness-asks-for-one-more/,QUOTE_REFLECTION,LEVEL 4,QUOTE_REFLECTION → primary owner,No,NOINDEX_REVIEW,Phase 1: Built 2026-08-11T02:17:46.273Z; 680 words; 17 content headings; generated story; nearest /quotes/awareness/the-body-often-knows-you-are-overwhelmed-before-the/ combined overlap 86.0%; external source links 0; role review: QUOTE_REFLECTION; owner selection: The hub owns discovery of clearly labeled original Echo Buddha quote reflections.
Quotes,https://echobuddha.com/quotes/,https://echobuddha.com/quotes/awareness/awareness-does-not-remove-the-storm-it-keeps-you/,QUOTE_REFLECTION,LEVEL 4,QUOTE_REFLECTION → primary owner,No,NOINDEX_REVIEW,Phase 1: Built 2026-08-11T02:17:46.273Z; 706 words; 17 content headings; generated story; nearest /quotes/awareness/small-acts-of-attention-can-turn-an-ordinary-day/ combined overlap 85.2%; external source links 0; role review: QUOTE_REFLECTION; owner selection: The hub owns discovery of clearly labeled original Echo Buddha quote reflections.
Quotes,https://echobuddha.com/quotes/,https://echobuddha.com/quotes/awareness/feelings-without-the-wheel/,QUOTE_REFLECTION,LEVEL 4,QUOTE_REFLECTION → primary owner,No,IMPROVE,Phase 1: Built 2026-08-11T02:17:46.273Z; 640 words; 17 content headings; individually authored story; nearest /quotes/awareness/one-breath-before-anger-replies/ combined overlap 68.2%; external source links 0; role review: QUOTE_REFLECTION; owner selection: The hub owns discovery of clearly labeled original Echo Buddha quote reflections.
Quotes,https://echobuddha.com/quotes/,https://echobuddha.com/quotes/awareness/,CATEGORY,LEVEL 3,CATEGORY → primary owner,No,IMPROVE,Phase 1: Built 2026-08-11T02:17:46.273Z; 456 words; 7 content headings; authored route; nearest /quotes/mindfulness/ combined overlap 49.1%; external source links 0; role review: CATEGORY; owner selection: The hub owns discovery of clearly labeled original Echo Buddha quote reflections.
Quotes,https://echobuddha.com/quotes/,https://echobuddha.com/quotes/awareness/look-beneath-the-reaction-and-you-may-find-a/,QUOTE_REFLECTION,LEVEL 4,QUOTE_REFLECTION → primary owner,No,NOINDEX_REVIEW,Phase 1: Built 2026-08-11T02:17:46.273Z; 685 words; 17 content headings; generated story; nearest /quotes/awareness/small-acts-of-attention-can-turn-an-ordinary-day/ combined overlap 86.5%; external source links 0; role review: QUOTE_REFLECTION; owner selection: The hub owns discovery of clearly labeled original Echo Buddha quote reflections.
Quotes,https://echobuddha.com/quotes/,https://echobuddha.com/quotes/awareness/name-the-feeling-gently-and-it-may-stop-speaking/,QUOTE_REFLECTION,LEVEL 4,QUOTE_REFLECTION → primary owner,No,NOINDEX_REVIEW,Phase 1: Built 2026-08-11T02:17:46.273Z; 700 words; 17 content headings; generated story; nearest /quotes/awareness/the-body-often-knows-you-are-overwhelmed-before-the/ combined overlap 87.5%; external source links 0; role review: QUOTE_REFLECTION; owner selection: The hub owns discovery of clearly labeled original Echo Buddha quote reflections.
Quotes,https://echobuddha.com/quotes/,https://echobuddha.com/quotes/awareness/one-breath-before-anger-replies/,QUOTE_REFLECTION,LEVEL 4,QUOTE_REFLECTION → primary owner,No,IMPROVE,Phase 1: Built 2026-08-11T02:17:46.273Z; 670 words; 17 content headings; individually authored story; nearest /quotes/awareness/feelings-without-the-wheel/ combined overlap 68.2%; external source links 0; role review: QUOTE_REFLECTION; owner selection: The hub owns discovery of clearly labeled original Echo Buddha quote reflections.
Quotes,https://echobuddha.com/quotes/,https://echobuddha.com/quotes/awareness/small-acts-of-attention-can-turn-an-ordinary-day/,QUOTE_REFLECTION,LEVEL 4,QUOTE_REFLECTION → primary owner,No,NOINDEX_REVIEW,Phase 1: Built 2026-08-11T02:17:46.273Z; 657 words; 17 content headings; generated story; nearest /quotes/awareness/look-beneath-the-reaction-and-you-may-find-a/ combined overlap 86.5%; external source links 0; role review: QUOTE_REFLECTION; owner selection: The hub owns discovery of clearly labeled original Echo Buddha quote reflections.
Quotes,https://echobuddha.com/quotes/,https://echobuddha.com/quotes/awareness/the-body-often-knows-you-are-overwhelmed-before-the/,QUOTE_REFLECTION,LEVEL 4,QUOTE_REFLECTION → primary owner,No,NOINDEX_REVIEW,Phase 1: Built 2026-08-11T02:17:46.273Z; 710 words; 17 content headings; generated story; nearest /quotes/awareness/name-the-feeling-gently-and-it-may-stop-speaking/ combined overlap 87.5%; external source links 0; role review: QUOTE_REFLECTION; owner selection: The hub owns discovery of clearly labeled original Echo Buddha quote reflections.
Quotes,https://echobuddha.com/quotes/,https://echobuddha.com/quotes/awareness/thoughts-are-visitors/,QUOTE_REFLECTION,LEVEL 4,QUOTE_REFLECTION → primary owner,No,IMPROVE,Phase 1: Built 2026-08-11T02:17:46.273Z; 655 words; 17 content headings; individually authored story; nearest /quotes/awareness/thoughts-pass-without-commanding-you/ combined overlap 67.9%; external source links 0; role review: QUOTE_REFLECTION; owner selection: The hub owns discovery of clearly labeled original Echo Buddha quote reflections.
Quotes,https://echobuddha.com/quotes/,https://echobuddha.com/quotes/awareness/thoughts-pass-without-commanding-you/,QUOTE_REFLECTION,LEVEL 4,QUOTE_REFLECTION → primary owner,No,IMPROVE,Phase 1: Built 2026-08-11T02:17:46.273Z; 665 words; 17 content headings; individually authored story; nearest /quotes/awareness/thoughts-are-visitors/ combined overlap 67.9%; external source links 0; role review: QUOTE_REFLECTION; owner selection: The hub owns discovery of clearly labeled original Echo Buddha quote reflections.
Quotes,https://echobuddha.com/quotes/,https://echobuddha.com/quotes/compassion/a-gentle-response-can-end-suffering-that-anger-would/,QUOTE_REFLECTION,LEVEL 4,QUOTE_REFLECTION → primary owner,No,NOINDEX_REVIEW,Phase 1: Built 2026-08-11T02:17:46.273Z; 670 words; 17 content headings; generated story; nearest /quotes/compassion/let-kindness-be-the-echo-you-leave-in-every/ combined overlap 83.7%; external source links 0; role review: QUOTE_REFLECTION; owner selection: The hub owns discovery of clearly labeled original Echo Buddha quote reflections.
Quotes,https://echobuddha.com/quotes/,https://echobuddha.com/quotes/compassion/before-judging-another-life-remember-how-much-of-your/,QUOTE_REFLECTION,LEVEL 4,QUOTE_REFLECTION → primary owner,No,NOINDEX_REVIEW,Phase 1: Built 2026-08-11T02:17:46.273Z; 687 words; 17 content headings; generated story; nearest /quotes/compassion/let-kindness-be-the-echo-you-leave-in-every/ combined overlap 88.2%; external source links 0; role review: QUOTE_REFLECTION; owner selection: The hub owns discovery of clearly labeled original Echo Buddha quote reflections.
Quotes,https://echobuddha.com/quotes/,https://echobuddha.com/quotes/compassion/compassion-asks-what-hurts-before-it-asks-who-is/,QUOTE_REFLECTION,LEVEL 4,QUOTE_REFLECTION → primary owner,No,NOINDEX_REVIEW,Phase 1: Built 2026-08-11T02:17:46.273Z; 666 words; 17 content headings; generated story; nearest /quotes/compassion/kindness-does-not-need-an-audience-to-become-meaningful/ combined overlap 86.1%; external source links 0; role review: QUOTE_REFLECTION; owner selection: The hub owns discovery of clearly labeled original Echo Buddha quote reflections.
Quotes,https://echobuddha.com/quotes/,https://echobuddha.com/quotes/compassion/compassion-grows-where-judgment-loosens-its-grip/,QUOTE_REFLECTION,LEVEL 4,QUOTE_REFLECTION → primary owner,No,NOINDEX_REVIEW,Phase 1: Built 2026-08-11T02:17:46.273Z; 637 words; 17 content headings; generated story; nearest /quotes/compassion/let-kindness-be-the-echo-you-leave-in-every/ combined overlap 85.4%; external source links 0; role review: QUOTE_REFLECTION; owner selection: The hub owns discovery of clearly labeled original Echo Buddha quote reflections.
Quotes,https://echobuddha.com/quotes/,https://echobuddha.com/quotes/compassion/compassion-sees-pain-clearly/,QUOTE_REFLECTION,LEVEL 4,QUOTE_REFLECTION → primary owner,No,IMPROVE,Phase 1: Built 2026-08-11T02:17:46.273Z; 643 words; 17 content headings; individually authored story; nearest /quotes/compassion/gentle-self-compassion/ combined overlap 65.3%; external source links 0; role review: QUOTE_REFLECTION; owner selection: The hub owns discovery of clearly labeled original Echo Buddha quote reflections.
Quotes,https://echobuddha.com/quotes/,https://echobuddha.com/quotes/compassion/gentle-self-compassion/,QUOTE_REFLECTION,LEVEL 4,QUOTE_REFLECTION → primary owner,No,IMPROVE,Phase 1: Built 2026-08-11T02:17:46.273Z; 617 words; 17 content headings; individually authored story; nearest /quotes/compassion/loving-kindness-without-harm/ combined overlap 65.4%; external source links 0; role review: QUOTE_REFLECTION; owner selection: The hub owns discovery of clearly labeled original Echo Buddha quote reflections.
Quotes,https://echobuddha.com/quotes/,https://echobuddha.com/quotes/compassion/,CATEGORY,LEVEL 3,CATEGORY → primary owner,No,IMPROVE,Phase 1: Built 2026-08-11T02:17:46.273Z; 426 words; 7 content headings; authored route; nearest /quotes/impermanence/ combined overlap 48.5%; external source links 0; role review: CATEGORY; owner selection: The hub owns discovery of clearly labeled original Echo Buddha quote reflections.
Quotes,https://echobuddha.com/quotes/,https://echobuddha.com/quotes/compassion/kindness-as-quiet-practice/,QUOTE_REFLECTION,LEVEL 4,QUOTE_REFLECTION → primary owner,No,IMPROVE,Phase 1: Built 2026-08-11T02:17:46.273Z; 623 words; 17 content headings; individually authored story; nearest /quotes/compassion/loving-kindness-without-harm/ combined overlap 65.6%; external source links 0; role review: QUOTE_REFLECTION; owner selection: The hub owns discovery of clearly labeled original Echo Buddha quote reflections.
Quotes,https://echobuddha.com/quotes/,https://echobuddha.com/quotes/compassion/kindness-does-not-need-an-audience-to-become-meaningful/,QUOTE_REFLECTION,LEVEL 4,QUOTE_REFLECTION → primary owner,No,NOINDEX_REVIEW,Phase 1: Built 2026-08-11T02:17:46.273Z; 633 words; 17 content headings; generated story; nearest /quotes/compassion/compassion-asks-what-hurts-before-it-asks-who-is/ combined overlap 86.1%; external source links 0; role review: QUOTE_REFLECTION; owner selection: The hub owns discovery of clearly labeled original Echo Buddha quote reflections.
Quotes,https://echobuddha.com/quotes/,https://echobuddha.com/quotes/compassion/let-kindness-be-the-echo-you-leave-in-every/,QUOTE_REFLECTION,LEVEL 4,QUOTE_REFLECTION → primary owner,No,NOINDEX_REVIEW,Phase 1: Built 2026-08-11T02:17:46.273Z; 643 words; 17 content headings; generated story; nearest /quotes/compassion/before-judging-another-life-remember-how-much-of-your/ combined overlap 88.2%; external source links 0; role review: QUOTE_REFLECTION; owner selection: The hub owns discovery of clearly labeled original Echo Buddha quote reflections.
Quotes,https://echobuddha.com/quotes/,https://echobuddha.com/quotes/compassion/loving-kindness-without-harm/,QUOTE_REFLECTION,LEVEL 4,QUOTE_REFLECTION → primary owner,No,IMPROVE,Phase 1: Built 2026-08-11T02:17:46.273Z; 634 words; 17 content headings; individually authored story; nearest /quotes/compassion/kindness-as-quiet-practice/ combined overlap 65.6%; external source links 0; role review: QUOTE_REFLECTION; owner selection: The hub owns discovery of clearly labeled original Echo Buddha quote reflections.
Quotes,https://echobuddha.com/quotes/,https://echobuddha.com/quotes/impermanence/because-this-moment-will-pass-meet-it-while-it/,QUOTE_REFLECTION,LEVEL 4,QUOTE_REFLECTION → primary owner,No,NOINDEX_REVIEW,Phase 1: Built 2026-08-11T02:17:46.273Z; 656 words; 17 content headings; generated story; nearest /quotes/impermanence/change-takes-nothing-personally-it-simply-continues/ combined overlap 84.0%; external source links 0; role review: QUOTE_REFLECTION; owner selection: The hub owns discovery of clearly labeled original Echo Buddha quote reflections.
Quotes,https://echobuddha.com/quotes/,https://echobuddha.com/quotes/impermanence/change-is-how-life-continues/,QUOTE_REFLECTION,LEVEL 4,QUOTE_REFLECTION → primary owner,No,IMPROVE,Phase 1: Built 2026-08-11T02:17:46.273Z; 618 words; 17 content headings; individually authored story; nearest /quotes/impermanence/meet-change-softly/ combined overlap 66.0%; external source links 0; role review: QUOTE_REFLECTION; owner selection: The hub owns discovery of clearly labeled original Echo Buddha quote reflections.
Quotes,https://echobuddha.com/quotes/,https://echobuddha.com/quotes/impermanence/change-takes-nothing-personally-it-simply-continues/,QUOTE_REFLECTION,LEVEL 4,QUOTE_REFLECTION → primary owner,No,NOINDEX_REVIEW,Phase 1: Built 2026-08-11T02:17:46.273Z; 620 words; 17 content headings; generated story; nearest /quotes/impermanence/everything-changes-including-the-part-of-you-that-fears/ combined overlap 86.7%; external source links 0; role review: QUOTE_REFLECTION; owner selection: The hub owns discovery of clearly labeled original Echo Buddha quote reflections.
Quotes,https://echobuddha.com/quotes/,https://echobuddha.com/quotes/impermanence/everything-changes-including-the-part-of-you-that-fears/,QUOTE_REFLECTION,LEVEL 4,QUOTE_REFLECTION → primary owner,No,NOINDEX_REVIEW,Phase 1: Built 2026-08-11T02:17:46.273Z; 650 words; 17 content headings; generated story; nearest /quotes/impermanence/change-takes-nothing-personally-it-simply-continues/ combined overlap 86.7%; external source links 0; role review: QUOTE_REFLECTION; owner selection: The hub owns discovery of clearly labeled original Echo Buddha quote reflections.
Quotes,https://echobuddha.com/quotes/,https://echobuddha.com/quotes/impermanence/,CATEGORY,LEVEL 3,CATEGORY → primary owner,No,IMPROVE,Phase 1: Built 2026-08-11T02:17:46.273Z; 356 words; 7 content headings; authored route; nearest /quotes/compassion/ combined overlap 48.5%; external source links 0; role review: CATEGORY; owner selection: The hub owns discovery of clearly labeled original Echo Buddha quote reflections.
Quotes,https://echobuddha.com/quotes/,https://echobuddha.com/quotes/impermanence/meet-change-softly/,QUOTE_REFLECTION,LEVEL 4,QUOTE_REFLECTION → primary owner,No,IMPROVE,Phase 1: Built 2026-08-11T02:17:46.273Z; 624 words; 17 content headings; individually authored story; nearest /quotes/impermanence/change-is-how-life-continues/ combined overlap 66.0%; external source links 0; role review: QUOTE_REFLECTION; owner selection: The hub owns discovery of clearly labeled original Echo Buddha quote reflections.
Quotes,https://echobuddha.com/quotes/,https://echobuddha.com/quotes/impermanence/the-fading-flower-does-not-make-its-blooming-less/,QUOTE_REFLECTION,LEVEL 4,QUOTE_REFLECTION → primary owner,No,NOINDEX_REVIEW,Phase 1: Built 2026-08-11T02:17:46.273Z; 656 words; 17 content headings; generated story; nearest /quotes/impermanence/change-takes-nothing-personally-it-simply-continues/ combined overlap 85.5%; external source links 0; role review: QUOTE_REFLECTION; owner selection: The hub owns discovery of clearly labeled original Echo Buddha quote reflections.
Quotes,https://echobuddha.com/quotes/,https://echobuddha.com/quotes/impermanence/the-passing-of-joy-teaches-gratitude-the-passing-of/,QUOTE_REFLECTION,LEVEL 4,QUOTE_REFLECTION → primary owner,No,NOINDEX_REVIEW,Phase 1: Built 2026-08-11T02:17:46.273Z; 654 words; 17 content headings; generated story; nearest /quotes/impermanence/everything-changes-including-the-part-of-you-that-fears/ combined overlap 84.6%; external source links 0; role review: QUOTE_REFLECTION; owner selection: The hub owns discovery of clearly labeled original Echo Buddha quote reflections.
Quotes,https://echobuddha.com/quotes/,https://echobuddha.com/quotes/impermanence/todays-certainty-may-become-tomorrows-lesson-in-humility/,QUOTE_REFLECTION,LEVEL 4,QUOTE_REFLECTION → primary owner,No,NOINDEX_REVIEW,Phase 1: Built 2026-08-11T02:17:46.273Z; 620 words; 17 content headings; generated story; nearest /quotes/impermanence/the-passing-of-joy-teaches-gratitude-the-passing-of/ combined overlap 83.6%; external source links 0; role review: QUOTE_REFLECTION; owner selection: The hub owns discovery of clearly labeled original Echo Buddha quote reflections.
Quotes,https://echobuddha.com/quotes/,https://echobuddha.com/quotes/,HUB,LEVEL 1,Owner → best support pages,Yes,KEEP,Phase 1: Built 2026-08-11T02:17:46.273Z; 2325 words; 5 content headings; authored route; nearest /daily-reflections/ combined overlap 20.6%; external source links 0; role review: HUB; owner selection: The hub owns discovery of clearly labeled original Echo Buddha quote reflections.
Quotes,https://echobuddha.com/quotes/,https://echobuddha.com/quotes/letting-go/an-open-hand-can-care-for-what-a-clenched/,QUOTE_REFLECTION,LEVEL 4,QUOTE_REFLECTION → primary owner,No,NOINDEX_REVIEW,Phase 1: Built 2026-08-11T02:17:46.273Z; 655 words; 17 content headings; generated story; nearest /quotes/letting-go/you-can-honor-the-past-without-asking-it-to/ combined overlap 84.0%; external source links 0; role review: QUOTE_REFLECTION; owner selection: The hub owns discovery of clearly labeled original Echo Buddha quote reflections.
Quotes,https://echobuddha.com/quotes/,https://echobuddha.com/quotes/letting-go/caring-without-clinging/,QUOTE_REFLECTION,LEVEL 4,QUOTE_REFLECTION → primary owner,No,IMPROVE,Phase 1: Built 2026-08-11T02:17:46.273Z; 638 words; 17 content headings; individually authored story; nearest /quotes/letting-go/where-attachment-begins/ combined overlap 67.8%; external source links 0; role review: QUOTE_REFLECTION; owner selection: The hub owns discovery of clearly labeled original Echo Buddha quote reflections.
Quotes,https://echobuddha.com/quotes/,https://echobuddha.com/quotes/letting-go/forgiveness-without-approving-harm/,QUOTE_REFLECTION,LEVEL 4,QUOTE_REFLECTION → primary owner,No,IMPROVE,Phase 1: Built 2026-08-11T02:17:46.273Z; 627 words; 17 content headings; individually authored story; nearest /quotes/letting-go/soften-around-stress/ combined overlap 66.9%; external source links 0; role review: QUOTE_REFLECTION; owner selection: The hub owns discovery of clearly labeled original Echo Buddha quote reflections.
Quotes,https://echobuddha.com/quotes/,https://echobuddha.com/quotes/letting-go/,CATEGORY,LEVEL 3,CATEGORY → primary owner,No,IMPROVE,Phase 1: Built 2026-08-11T02:17:46.273Z; 468 words; 7 content headings; authored route; nearest /quotes/renewal/ combined overlap 48.0%; external source links 0; role review: CATEGORY; owner selection: The hub owns discovery of clearly labeled original Echo Buddha quote reflections.
Quotes,https://echobuddha.com/quotes/,https://echobuddha.com/quotes/letting-go/letting-go-begins-by-admitting-how-tightly-you-are/,QUOTE_REFLECTION,LEVEL 4,QUOTE_REFLECTION → primary owner,No,NOINDEX_REVIEW,Phase 1: Built 2026-08-11T02:17:46.273Z; 640 words; 17 content headings; generated story; nearest /quotes/letting-go/you-do-not-need-to-carry-every-thought-that/ combined overlap 87.6%; external source links 0; role review: QUOTE_REFLECTION; owner selection: The hub owns discovery of clearly labeled original Echo Buddha quote reflections.
Quotes,https://echobuddha.com/quotes/,https://echobuddha.com/quotes/letting-go/open-hands-non-attachment/,QUOTE_REFLECTION,LEVEL 4,QUOTE_REFLECTION → primary owner,No,IMPROVE,Phase 1: Built 2026-08-11T02:17:46.273Z; 628 words; 17 content headings; individually authored story; nearest /quotes/letting-go/where-attachment-begins/ combined overlap 67.7%; external source links 0; role review: QUOTE_REFLECTION; owner selection: The hub owns discovery of clearly labeled original Echo Buddha quote reflections.
Quotes,https://echobuddha.com/quotes/,https://echobuddha.com/quotes/letting-go/peace-enters-when-control-is-no-longer-the-price/,QUOTE_REFLECTION,LEVEL 4,QUOTE_REFLECTION → primary owner,No,NOINDEX_REVIEW,Phase 1: Built 2026-08-11T02:17:46.273Z; 669 words; 17 content headings; generated story; nearest /quotes/letting-go/you-do-not-need-to-carry-every-thought-that/ combined overlap 85.7%; external source links 0; role review: QUOTE_REFLECTION; owner selection: The hub owns discovery of clearly labeled original Echo Buddha quote reflections.
Quotes,https://echobuddha.com/quotes/,https://echobuddha.com/quotes/letting-go/release-the-need-to-replay-what-can-no-longer/,QUOTE_REFLECTION,LEVEL 4,QUOTE_REFLECTION → primary owner,No,NOINDEX_REVIEW,Phase 1: Built 2026-08-11T02:17:46.273Z; 638 words; 17 content headings; generated story; nearest /quotes/letting-go/you-do-not-need-to-carry-every-thought-that/ combined overlap 85.7%; external source links 0; role review: QUOTE_REFLECTION; owner selection: The hub owns discovery of clearly labeled original Echo Buddha quote reflections.
Quotes,https://echobuddha.com/quotes/,https://echobuddha.com/quotes/letting-go/soften-around-stress/,QUOTE_REFLECTION,LEVEL 4,QUOTE_REFLECTION → primary owner,No,IMPROVE,Phase 1: Built 2026-08-11T02:17:46.273Z; 639 words; 17 content headings; individually authored story; nearest /quotes/letting-go/caring-without-clinging/ combined overlap 67.6%; external source links 0; role review: QUOTE_REFLECTION; owner selection: The hub owns discovery of clearly labeled original Echo Buddha quote reflections.
Quotes,https://echobuddha.com/quotes/,https://echobuddha.com/quotes/letting-go/where-attachment-begins/,QUOTE_REFLECTION,LEVEL 4,QUOTE_REFLECTION → primary owner,No,IMPROVE,Phase 1: Built 2026-08-11T02:17:46.273Z; 602 words; 17 content headings; individually authored story; nearest /quotes/letting-go/caring-without-clinging/ combined overlap 67.8%; external source links 0; role review: QUOTE_REFLECTION; owner selection: The hub owns discovery of clearly labeled original Echo Buddha quote reflections.
Quotes,https://echobuddha.com/quotes/,https://echobuddha.com/quotes/letting-go/you-can-honor-the-past-without-asking-it-to/,QUOTE_REFLECTION,LEVEL 4,QUOTE_REFLECTION → primary owner,No,NOINDEX_REVIEW,Phase 1: Built 2026-08-11T02:17:46.273Z; 672 words; 17 content headings; generated story; nearest /quotes/letting-go/you-do-not-need-to-carry-every-thought-that/ combined overlap 85.4%; external source links 0; role review: QUOTE_REFLECTION; owner selection: The hub owns discovery of clearly labeled original Echo Buddha quote reflections.
Quotes,https://echobuddha.com/quotes/,https://echobuddha.com/quotes/letting-go/you-do-not-need-to-carry-every-thought-that/,QUOTE_REFLECTION,LEVEL 4,QUOTE_REFLECTION → primary owner,No,NOINDEX_REVIEW,Phase 1: Built 2026-08-11T02:17:46.273Z; 646 words; 17 content headings; generated story; nearest /quotes/letting-go/letting-go-begins-by-admitting-how-tightly-you-are/ combined overlap 87.6%; external source links 0; role review: QUOTE_REFLECTION; owner selection: The hub owns discovery of clearly labeled original Echo Buddha quote reflections.
Quotes,https://echobuddha.com/quotes/,https://echobuddha.com/quotes/meditation/a-short-sincere-practice-can-steady-a-long-and/,QUOTE_REFLECTION,LEVEL 4,QUOTE_REFLECTION → primary owner,No,NOINDEX_REVIEW,Phase 1: Built 2026-08-11T02:17:46.273Z; 669 words; 17 content headings; generated story; nearest /quotes/meditation/silence-is-not-empty-when-the-heart-is-listening/ combined overlap 85.9%; external source links 0; role review: QUOTE_REFLECTION; owner selection: The hub owns discovery of clearly labeled original Echo Buddha quote reflections.
Quotes,https://echobuddha.com/quotes/,https://echobuddha.com/quotes/meditation/few-quiet-minutes/,QUOTE_REFLECTION,LEVEL 4,QUOTE_REFLECTION → primary owner,No,IMPROVE,Phase 1: Built 2026-08-11T02:17:46.273Z; 666 words; 17 content headings; individually authored story; nearest /quotes/meditation/one-honest-breath/ combined overlap 65.3%; external source links 0; role review: QUOTE_REFLECTION; owner selection: The hub owns discovery of clearly labeled original Echo Buddha quote reflections.
Quotes,https://echobuddha.com/quotes/,https://echobuddha.com/quotes/meditation/follow-the-breath-lightly-as-you-would-listen-to/,QUOTE_REFLECTION,LEVEL 4,QUOTE_REFLECTION → primary owner,No,NOINDEX_REVIEW,Phase 1: Built 2026-08-11T02:17:46.273Z; 638 words; 17 content headings; generated story; nearest /quotes/meditation/silence-is-not-empty-when-the-heart-is-listening/ combined overlap 85.8%; external source links 0; role review: QUOTE_REFLECTION; owner selection: The hub owns discovery of clearly labeled original Echo Buddha quote reflections.
Quotes,https://echobuddha.com/quotes/,https://echobuddha.com/quotes/meditation/,CATEGORY,LEVEL 3,CATEGORY → primary owner,No,IMPROVE,Phase 1: Built 2026-08-11T02:17:46.273Z; 385 words; 7 content headings; authored route; nearest /quotes/mindfulness/ combined overlap 27.1%; external source links 0; role review: CATEGORY; owner selection: The hub owns discovery of clearly labeled original Echo Buddha quote reflections.
Quotes,https://echobuddha.com/quotes/,https://echobuddha.com/quotes/meditation/meditation-is-not-leaving-life-it-is-learning-how/,QUOTE_REFLECTION,LEVEL 4,QUOTE_REFLECTION → primary owner,No,NOINDEX_REVIEW,Phase 1: Built 2026-08-11T02:17:46.273Z; 627 words; 17 content headings; generated story; nearest /quotes/meditation/silence-is-not-empty-when-the-heart-is-listening/ combined overlap 85.1%; external source links 0; role review: QUOTE_REFLECTION; owner selection: The hub owns discovery of clearly labeled original Echo Buddha quote reflections.
Quotes,https://echobuddha.com/quotes/,https://echobuddha.com/quotes/meditation/meditation-is-returning/,QUOTE_REFLECTION,LEVEL 4,QUOTE_REFLECTION → primary owner,No,IMPROVE,Phase 1: Built 2026-08-11T02:17:46.273Z; 646 words; 17 content headings; individually authored story; nearest /quotes/meditation/one-honest-breath/ combined overlap 66.1%; external source links 0; role review: QUOTE_REFLECTION; owner selection: The hub owns discovery of clearly labeled original Echo Buddha quote reflections.
Quotes,https://echobuddha.com/quotes/,https://echobuddha.com/quotes/meditation/one-honest-breath/,QUOTE_REFLECTION,LEVEL 4,QUOTE_REFLECTION → primary owner,No,IMPROVE,Phase 1: Built 2026-08-11T02:17:46.273Z; 670 words; 17 content headings; individually authored story; nearest /quotes/meditation/meditation-is-returning/ combined overlap 66.1%; external source links 0; role review: QUOTE_REFLECTION; owner selection: The hub owns discovery of clearly labeled original Echo Buddha quote reflections.
Quotes,https://echobuddha.com/quotes/,https://echobuddha.com/quotes/meditation/silence-is-not-empty-when-the-heart-is-listening/,QUOTE_REFLECTION,LEVEL 4,QUOTE_REFLECTION → primary owner,No,NOINDEX_REVIEW,Phase 1: Built 2026-08-11T02:17:46.273Z; 621 words; 17 content headings; generated story; nearest /quotes/meditation/a-short-sincere-practice-can-steady-a-long-and/ combined overlap 85.9%; external source links 0; role review: QUOTE_REFLECTION; owner selection: The hub owns discovery of clearly labeled original Echo Buddha quote reflections.
Quotes,https://echobuddha.com/quotes/,https://echobuddha.com/quotes/meditation/sit-without-demanding-silence-and-the-mind-will-teach/,QUOTE_REFLECTION,LEVEL 4,QUOTE_REFLECTION → primary owner,No,NOINDEX_REVIEW,Phase 1: Built 2026-08-11T02:17:46.273Z; 676 words; 17 content headings; generated story; nearest /quotes/meditation/silence-is-not-empty-when-the-heart-is-listening/ combined overlap 85.3%; external source links 0; role review: QUOTE_REFLECTION; owner selection: The hub owns discovery of clearly labeled original Echo Buddha quote reflections.
Quotes,https://echobuddha.com/quotes/,https://echobuddha.com/quotes/meditation/the-cushion-is-a-place-to-practice-returning-not/,QUOTE_REFLECTION,LEVEL 4,QUOTE_REFLECTION → primary owner,No,NOINDEX_REVIEW,Phase 1: Built 2026-08-11T02:17:46.273Z; 652 words; 17 content headings; generated story; nearest /quotes/meditation/silence-is-not-empty-when-the-heart-is-listening/ combined overlap 85.6%; external source links 0; role review: QUOTE_REFLECTION; owner selection: The hub owns discovery of clearly labeled original Echo Buddha quote reflections.
Quotes,https://echobuddha.com/quotes/,https://echobuddha.com/quotes/mindfulness/a-peaceful-mind-begins-with-one-honest-breath/,QUOTE_REFLECTION,LEVEL 4,QUOTE_REFLECTION → primary owner,No,NOINDEX_REVIEW,Phase 1: Built 2026-08-11T02:17:46.273Z; 658 words; 17 content headings; generated story; nearest /quotes/mindfulness/the-present-moment-asks-for-your-attention-not-your/ combined overlap 85.9%; external source links 0; role review: QUOTE_REFLECTION; owner selection: The hub owns discovery of clearly labeled original Echo Buddha quote reflections.
Quotes,https://echobuddha.com/quotes/,https://echobuddha.com/quotes/mindfulness/begin-the-day-with-awareness/,QUOTE_REFLECTION,LEVEL 4,QUOTE_REFLECTION → primary owner,No,IMPROVE,Phase 1: Built 2026-08-11T02:17:46.273Z; 723 words; 17 content headings; individually authored story; nearest /quotes/mindfulness/listen-before-answering/ combined overlap 65.7%; external source links 0; role review: QUOTE_REFLECTION; owner selection: The hub owns discovery of clearly labeled original Echo Buddha quote reflections.
Quotes,https://echobuddha.com/quotes/,https://echobuddha.com/quotes/mindfulness/gratitude-notices-enough/,QUOTE_REFLECTION,LEVEL 4,QUOTE_REFLECTION → primary owner,No,IMPROVE,Phase 1: Built 2026-08-11T02:17:46.273Z; 631 words; 17 content headings; individually authored story; nearest /quotes/mindfulness/peace-begins-with-attention/ combined overlap 67.0%; external source links 0; role review: QUOTE_REFLECTION; owner selection: The hub owns discovery of clearly labeled original Echo Buddha quote reflections.
Quotes,https://echobuddha.com/quotes/,https://echobuddha.com/quotes/mindfulness/ground-yourself-gently/,QUOTE_REFLECTION,LEVEL 4,QUOTE_REFLECTION → primary owner,No,IMPROVE,Phase 1: Built 2026-08-11T02:17:46.273Z; 656 words; 17 content headings; individually authored story; nearest /quotes/mindfulness/peace-begins-with-attention/ combined overlap 66.7%; external source links 0; role review: QUOTE_REFLECTION; owner selection: The hub owns discovery of clearly labeled original Echo Buddha quote reflections.
Quotes,https://echobuddha.com/quotes/,https://echobuddha.com/quotes/mindfulness/,CATEGORY,LEVEL 3,CATEGORY → primary owner,No,IMPROVE,Phase 1: Built 2026-08-11T02:17:46.273Z; 452 words; 7 content headings; authored route; nearest /quotes/awareness/ combined overlap 49.1%; external source links 0; role review: CATEGORY; owner selection: The hub owns discovery of clearly labeled original Echo Buddha quote reflections.
Quotes,https://echobuddha.com/quotes/,https://echobuddha.com/quotes/mindfulness/listen-before-answering/,QUOTE_REFLECTION,LEVEL 4,QUOTE_REFLECTION → primary owner,No,IMPROVE,Phase 1: Built 2026-08-11T02:17:46.273Z; 656 words; 17 content headings; individually authored story; nearest /quotes/mindfulness/peace-begins-with-attention/ combined overlap 66.9%; external source links 0; role review: QUOTE_REFLECTION; owner selection: The hub owns discovery of clearly labeled original Echo Buddha quote reflections.
Quotes,https://echobuddha.com/quotes/,https://echobuddha.com/quotes/mindfulness/notice-what-is-here-before-deciding-what-it-means/,QUOTE_REFLECTION,LEVEL 4,QUOTE_REFLECTION → primary owner,No,NOINDEX_REVIEW,Phase 1: Built 2026-08-11T02:17:46.273Z; 630 words; 17 content headings; generated story; nearest /quotes/mindfulness/peace-grows-when-attention-stops-running-ahead-of-the/ combined overlap 86.2%; external source links 0; role review: QUOTE_REFLECTION; owner selection: The hub owns discovery of clearly labeled original Echo Buddha quote reflections.
Quotes,https://echobuddha.com/quotes/,https://echobuddha.com/quotes/mindfulness/one-mindful-pause-can-change-the-direction-of-an/,QUOTE_REFLECTION,LEVEL 4,QUOTE_REFLECTION → primary owner,No,NOINDEX_REVIEW,Phase 1: Built 2026-08-11T02:17:46.273Z; 651 words; 17 content headings; generated story; nearest /quotes/mindfulness/the-present-moment-asks-for-your-attention-not-your/ combined overlap 86.3%; external source links 0; role review: QUOTE_REFLECTION; owner selection: The hub owns discovery of clearly labeled original Echo Buddha quote reflections.
Quotes,https://echobuddha.com/quotes/,https://echobuddha.com/quotes/mindfulness/peace-begins-with-attention/,QUOTE_REFLECTION,LEVEL 4,QUOTE_REFLECTION → primary owner,No,IMPROVE,Phase 1: Built 2026-08-11T02:17:46.273Z; 677 words; 17 content headings; individually authored story; nearest /quotes/mindfulness/gratitude-notices-enough/ combined overlap 67.0%; external source links 0; role review: QUOTE_REFLECTION; owner selection: The hub owns discovery of clearly labeled original Echo Buddha quote reflections.
Quotes,https://echobuddha.com/quotes/,https://echobuddha.com/quotes/mindfulness/peace-grows-when-attention-stops-running-ahead-of-the/,QUOTE_REFLECTION,LEVEL 4,QUOTE_REFLECTION → primary owner,No,NOINDEX_REVIEW,Phase 1: Built 2026-08-11T02:17:46.273Z; 650 words; 17 content headings; generated story; nearest /quotes/mindfulness/notice-what-is-here-before-deciding-what-it-means/ combined overlap 86.2%; external source links 0; role review: QUOTE_REFLECTION; owner selection: The hub owns discovery of clearly labeled original Echo Buddha quote reflections.
Quotes,https://echobuddha.com/quotes/,https://echobuddha.com/quotes/mindfulness/present-moment-one-step/,QUOTE_REFLECTION,LEVEL 4,QUOTE_REFLECTION → primary owner,No,IMPROVE,Phase 1: Built 2026-08-11T02:17:46.273Z; 659 words; 17 content headings; individually authored story; nearest /quotes/mindfulness/gratitude-notices-enough/ combined overlap 66.5%; external source links 0; role review: QUOTE_REFLECTION; owner selection: The hub owns discovery of clearly labeled original Echo Buddha quote reflections.
Quotes,https://echobuddha.com/quotes/,https://echobuddha.com/quotes/mindfulness/return-to-the-breath-before-you-return-to-the/,QUOTE_REFLECTION,LEVEL 4,QUOTE_REFLECTION → primary owner,No,NOINDEX_REVIEW,Phase 1: Built 2026-08-11T02:17:46.273Z; 654 words; 17 content headings; generated story; nearest /quotes/mindfulness/peace-grows-when-attention-stops-running-ahead-of-the/ combined overlap 85.0%; external source links 0; role review: QUOTE_REFLECTION; owner selection: The hub owns discovery of clearly labeled original Echo Buddha quote reflections.
Quotes,https://echobuddha.com/quotes/,https://echobuddha.com/quotes/mindfulness/the-present-moment-asks-for-your-attention-not-your/,QUOTE_REFLECTION,LEVEL 4,QUOTE_REFLECTION → primary owner,No,NOINDEX_REVIEW,Phase 1: Built 2026-08-11T02:17:46.273Z; 676 words; 17 content headings; generated story; nearest /quotes/mindfulness/one-mindful-pause-can-change-the-direction-of-an/ combined overlap 86.3%; external source links 0; role review: QUOTE_REFLECTION; owner selection: The hub owns discovery of clearly labeled original Echo Buddha quote reflections.
Quotes,https://echobuddha.com/quotes/,https://echobuddha.com/quotes/patience/be-patient-with-the-part-of-you-that-is/,QUOTE_REFLECTION,LEVEL 4,QUOTE_REFLECTION → primary owner,No,NOINDEX_REVIEW,Phase 1: Built 2026-08-11T02:17:46.273Z; 696 words; 17 content headings; generated story; nearest /quotes/patience/when-anger-rises-pause-long-enough-to-see-the/ combined overlap 87.0%; external source links 0; role review: QUOTE_REFLECTION; owner selection: The hub owns discovery of clearly labeled original Echo Buddha quote reflections.
Quotes,https://echobuddha.com/quotes/,https://echobuddha.com/quotes/patience/family-kindness-and-patience/,QUOTE_REFLECTION,LEVEL 4,QUOTE_REFLECTION → primary owner,No,IMPROVE,Phase 1: Built 2026-08-11T02:17:46.273Z; 665 words; 17 content headings; individually authored story; nearest /quotes/patience/patience-softens-the-wait/ combined overlap 65.0%; external source links 0; role review: QUOTE_REFLECTION; owner selection: The hub owns discovery of clearly labeled original Echo Buddha quote reflections.
Quotes,https://echobuddha.com/quotes/,https://echobuddha.com/quotes/patience/growth-is-quiet-work-often-invisible-until-the-season/,QUOTE_REFLECTION,LEVEL 4,QUOTE_REFLECTION → primary owner,No,NOINDEX_REVIEW,Phase 1: Built 2026-08-11T02:17:46.273Z; 665 words; 17 content headings; generated story; nearest /quotes/patience/not-every-delay-is-an-obstacle-some-are-invitations/ combined overlap 84.2%; external source links 0; role review: QUOTE_REFLECTION; owner selection: The hub owns discovery of clearly labeled original Echo Buddha quote reflections.
Quotes,https://echobuddha.com/quotes/,https://echobuddha.com/quotes/patience/,CATEGORY,LEVEL 3,CATEGORY → primary owner,No,IMPROVE,Phase 1: Built 2026-08-11T02:17:46.273Z; 461 words; 7 content headings; authored route; nearest /quotes/practice/ combined overlap 47.6%; external source links 0; role review: CATEGORY; owner selection: The hub owns discovery of clearly labeled original Echo Buddha quote reflections.
Quotes,https://echobuddha.com/quotes/,https://echobuddha.com/quotes/patience/not-every-delay-is-an-obstacle-some-are-invitations/,QUOTE_REFLECTION,LEVEL 4,QUOTE_REFLECTION → primary owner,No,NOINDEX_REVIEW,Phase 1: Built 2026-08-11T02:17:46.273Z; 663 words; 17 content headings; generated story; nearest /quotes/patience/patience-is-the-strength-to-remain-present-while-life/ combined overlap 87.5%; external source links 0; role review: QUOTE_REFLECTION; owner selection: The hub owns discovery of clearly labeled original Echo Buddha quote reflections.
Quotes,https://echobuddha.com/quotes/,https://echobuddha.com/quotes/patience/patience-is-the-strength-to-remain-present-while-life/,QUOTE_REFLECTION,LEVEL 4,QUOTE_REFLECTION → primary owner,No,NOINDEX_REVIEW,Phase 1: Built 2026-08-11T02:17:46.273Z; 700 words; 17 content headings; generated story; nearest /quotes/patience/not-every-delay-is-an-obstacle-some-are-invitations/ combined overlap 87.5%; external source links 0; role review: QUOTE_REFLECTION; owner selection: The hub owns discovery of clearly labeled original Echo Buddha quote reflections.
Quotes,https://echobuddha.com/quotes/,https://echobuddha.com/quotes/patience/patience-softens-the-wait/,QUOTE_REFLECTION,LEVEL 4,QUOTE_REFLECTION → primary owner,No,IMPROVE,Phase 1: Built 2026-08-11T02:17:46.273Z; 652 words; 17 content headings; individually authored story; nearest /quotes/patience/family-kindness-and-patience/ combined overlap 65.0%; external source links 0; role review: QUOTE_REFLECTION; owner selection: The hub owns discovery of clearly labeled original Echo Buddha quote reflections.
Quotes,https://echobuddha.com/quotes/,https://echobuddha.com/quotes/patience/wait-long-enough-for-the-first-reaction-to-become/,QUOTE_REFLECTION,LEVEL 4,QUOTE_REFLECTION → primary owner,No,NOINDEX_REVIEW,Phase 1: Built 2026-08-11T02:17:46.273Z; 680 words; 17 content headings; generated story; nearest /quotes/patience/not-every-delay-is-an-obstacle-some-are-invitations/ combined overlap 86.4%; external source links 0; role review: QUOTE_REFLECTION; owner selection: The hub owns discovery of clearly labeled original Echo Buddha quote reflections.
Quotes,https://echobuddha.com/quotes/,https://echobuddha.com/quotes/patience/when-anger-rises-pause-long-enough-to-see-the/,QUOTE_REFLECTION,LEVEL 4,QUOTE_REFLECTION → primary owner,No,NOINDEX_REVIEW,Phase 1: Built 2026-08-11T02:17:46.273Z; 681 words; 17 content headings; generated story; nearest /quotes/patience/be-patient-with-the-part-of-you-that-is/ combined overlap 87.0%; external source links 0; role review: QUOTE_REFLECTION; owner selection: The hub owns discovery of clearly labeled original Echo Buddha quote reflections.
Quotes,https://echobuddha.com/quotes/,https://echobuddha.com/quotes/practice/do-not-wait-to-feel-ready-before-choosing-what/,QUOTE_REFLECTION,LEVEL 4,QUOTE_REFLECTION → primary owner,No,NOINDEX_REVIEW,Phase 1: Built 2026-08-11T02:17:46.273Z; 641 words; 17 content headings; generated story; nearest /quotes/practice/your-next-response-is-always-part-of-the-path/ combined overlap 84.2%; external source links 0; role review: QUOTE_REFLECTION; owner selection: The hub owns discovery of clearly labeled original Echo Buddha quote reflections.
Quotes,https://echobuddha.com/quotes/,https://echobuddha.com/quotes/practice/eightfold-path-daily-choices/,QUOTE_REFLECTION,LEVEL 4,QUOTE_REFLECTION → primary owner,No,IMPROVE,Phase 1: Built 2026-08-11T02:17:46.273Z; 639 words; 17 content headings; individually authored story; nearest /quotes/practice/mindfulness-at-work-breath/ combined overlap 69.1%; external source links 0; role review: QUOTE_REFLECTION; owner selection: The hub owns discovery of clearly labeled original Echo Buddha quote reflections.
Quotes,https://echobuddha.com/quotes/,https://echobuddha.com/quotes/practice/,CATEGORY,LEVEL 3,CATEGORY → primary owner,No,IMPROVE,Phase 1: Built 2026-08-11T02:17:46.273Z; 420 words; 7 content headings; authored route; nearest /quotes/patience/ combined overlap 47.6%; external source links 0; role review: CATEGORY; owner selection: The hub owns discovery of clearly labeled original Echo Buddha quote reflections.
Quotes,https://echobuddha.com/quotes/,https://echobuddha.com/quotes/practice/mindfulness-at-work-breath/,QUOTE_REFLECTION,LEVEL 4,QUOTE_REFLECTION → primary owner,No,IMPROVE,Phase 1: Built 2026-08-11T02:17:46.273Z; 641 words; 17 content headings; individually authored story; nearest /quotes/practice/eightfold-path-daily-choices/ combined overlap 69.1%; external source links 0; role review: QUOTE_REFLECTION; owner selection: The hub owns discovery of clearly labeled original Echo Buddha quote reflections.
Quotes,https://echobuddha.com/quotes/,https://echobuddha.com/quotes/practice/practice-becomes-real-when-it-enters-your-speech-and/,QUOTE_REFLECTION,LEVEL 4,QUOTE_REFLECTION → primary owner,No,NOINDEX_REVIEW,Phase 1: Built 2026-08-11T02:17:46.273Z; 656 words; 17 content headings; generated story; nearest /quotes/practice/the-path-is-not-far-away-it-is-the/ combined overlap 87.6%; external source links 0; role review: QUOTE_REFLECTION; owner selection: The hub owns discovery of clearly labeled original Echo Buddha quote reflections.
Quotes,https://echobuddha.com/quotes/,https://echobuddha.com/quotes/practice/right-intention-turns-the-heart/,QUOTE_REFLECTION,LEVEL 4,QUOTE_REFLECTION → primary owner,No,IMPROVE,Phase 1: Built 2026-08-11T02:17:46.273Z; 644 words; 17 content headings; individually authored story; nearest /quotes/practice/eightfold-path-daily-choices/ combined overlap 68.7%; external source links 0; role review: QUOTE_REFLECTION; owner selection: The hub owns discovery of clearly labeled original Echo Buddha quote reflections.
Quotes,https://echobuddha.com/quotes/,https://echobuddha.com/quotes/practice/small-actions-shape-the-mind/,QUOTE_REFLECTION,LEVEL 4,QUOTE_REFLECTION → primary owner,No,IMPROVE,Phase 1: Built 2026-08-11T02:17:46.273Z; 660 words; 17 content headings; individually authored story; nearest /quotes/practice/eightfold-path-daily-choices/ combined overlap 68.8%; external source links 0; role review: QUOTE_REFLECTION; owner selection: The hub owns discovery of clearly labeled original Echo Buddha quote reflections.
Quotes,https://echobuddha.com/quotes/,https://echobuddha.com/quotes/practice/the-path-is-not-far-away-it-is-the/,QUOTE_REFLECTION,LEVEL 4,QUOTE_REFLECTION → primary owner,No,NOINDEX_REVIEW,Phase 1: Built 2026-08-11T02:17:46.273Z; 655 words; 17 content headings; generated story; nearest /quotes/practice/practice-becomes-real-when-it-enters-your-speech-and/ combined overlap 87.6%; external source links 0; role review: QUOTE_REFLECTION; owner selection: The hub owns discovery of clearly labeled original Echo Buddha quote reflections.
Quotes,https://echobuddha.com/quotes/,https://echobuddha.com/quotes/practice/the-smallest-wholesome-action-is-larger-than-the-finest/,QUOTE_REFLECTION,LEVEL 4,QUOTE_REFLECTION → primary owner,No,NOINDEX_REVIEW,Phase 1: Built 2026-08-11T02:17:46.273Z; 661 words; 17 content headings; generated story; nearest /quotes/practice/practice-becomes-real-when-it-enters-your-speech-and/ combined overlap 86.6%; external source links 0; role review: QUOTE_REFLECTION; owner selection: The hub owns discovery of clearly labeled original Echo Buddha quote reflections.
Quotes,https://echobuddha.com/quotes/,https://echobuddha.com/quotes/practice/walk-slowly-enough-to-notice-where-your-life-is/,QUOTE_REFLECTION,LEVEL 4,QUOTE_REFLECTION → primary owner,No,NOINDEX_REVIEW,Phase 1: Built 2026-08-11T02:17:46.273Z; 673 words; 17 content headings; generated story; nearest /quotes/practice/practice-becomes-real-when-it-enters-your-speech-and/ combined overlap 87.2%; external source links 0; role review: QUOTE_REFLECTION; owner selection: The hub owns discovery of clearly labeled original Echo Buddha quote reflections.
Quotes,https://echobuddha.com/quotes/,https://echobuddha.com/quotes/practice/your-next-response-is-always-part-of-the-path/,QUOTE_REFLECTION,LEVEL 4,QUOTE_REFLECTION → primary owner,No,NOINDEX_REVIEW,Phase 1: Built 2026-08-11T02:17:46.273Z; 623 words; 17 content headings; generated story; nearest /quotes/practice/the-path-is-not-far-away-it-is-the/ combined overlap 86.7%; external source links 0; role review: QUOTE_REFLECTION; owner selection: The hub owns discovery of clearly labeled original Echo Buddha quote reflections.
Quotes,https://echobuddha.com/quotes/,https://echobuddha.com/quotes/renewal/a-new-direction-can-start-with-one-different-choice/,QUOTE_REFLECTION,LEVEL 4,QUOTE_REFLECTION → primary owner,No,NOINDEX_REVIEW,Phase 1: Built 2026-08-11T02:17:46.273Z; 627 words; 17 content headings; generated story; nearest /quotes/renewal/the-path-welcomes-your-return-more-often-than-pride/ combined overlap 85.2%; external source links 0; role review: QUOTE_REFLECTION; owner selection: The hub owns discovery of clearly labeled original Echo Buddha quote reflections.
Quotes,https://echobuddha.com/quotes/,https://echobuddha.com/quotes/renewal/begin-again-gently-the-breath-is-always-willing/,QUOTE_REFLECTION,LEVEL 4,QUOTE_REFLECTION → primary owner,No,NOINDEX_REVIEW,Phase 1: Built 2026-08-11T02:17:46.273Z; 629 words; 17 content headings; generated story; nearest /quotes/renewal/the-path-welcomes-your-return-more-often-than-pride/ combined overlap 88.2%; external source links 0; role review: QUOTE_REFLECTION; owner selection: The hub owns discovery of clearly labeled original Echo Buddha quote reflections.
Quotes,https://echobuddha.com/quotes/,https://echobuddha.com/quotes/renewal/begin-again-without-shame/,QUOTE_REFLECTION,LEVEL 4,QUOTE_REFLECTION → primary owner,No,IMPROVE,Phase 1: Built 2026-08-11T02:17:46.273Z; 614 words; 17 content headings; individually authored story; nearest /quotes/renewal/one-calm-morning-intention/ combined overlap 67.2%; external source links 0; role review: QUOTE_REFLECTION; owner selection: The hub owns discovery of clearly labeled original Echo Buddha quote reflections.
Quotes,https://echobuddha.com/quotes/,https://echobuddha.com/quotes/renewal/begin-again-without-turning-yesterday-into-a-sentence/,QUOTE_REFLECTION,LEVEL 4,QUOTE_REFLECTION → primary owner,No,NOINDEX_REVIEW,Phase 1: Built 2026-08-11T02:17:46.273Z; 616 words; 17 content headings; generated story; nearest /quotes/renewal/begin-again-gently-the-breath-is-always-willing/ combined overlap 85.6%; external source links 0; role review: QUOTE_REFLECTION; owner selection: The hub owns discovery of clearly labeled original Echo Buddha quote reflections.
Quotes,https://echobuddha.com/quotes/,https://echobuddha.com/quotes/renewal/evening-release-reflection/,QUOTE_REFLECTION,LEVEL 4,QUOTE_REFLECTION → primary owner,No,IMPROVE,Phase 1: Built 2026-08-11T02:17:46.273Z; 638 words; 17 content headings; individually authored story; nearest /quotes/renewal/one-calm-morning-intention/ combined overlap 67.6%; external source links 0; role review: QUOTE_REFLECTION; owner selection: The hub owns discovery of clearly labeled original Echo Buddha quote reflections.
Quotes,https://echobuddha.com/quotes/,https://echobuddha.com/quotes/renewal/gentle-hope-keeps-walking/,QUOTE_REFLECTION,LEVEL 4,QUOTE_REFLECTION → primary owner,No,IMPROVE,Phase 1: Built 2026-08-11T02:17:46.273Z; 619 words; 17 content headings; individually authored story; nearest /quotes/renewal/one-calm-morning-intention/ combined overlap 67.2%; external source links 0; role review: QUOTE_REFLECTION; owner selection: The hub owns discovery of clearly labeled original Echo Buddha quote reflections.
Quotes,https://echobuddha.com/quotes/,https://echobuddha.com/quotes/renewal/,CATEGORY,LEVEL 3,CATEGORY → primary owner,No,IMPROVE,Phase 1: Built 2026-08-11T02:17:46.273Z; 400 words; 7 content headings; authored route; nearest /quotes/letting-go/ combined overlap 48.0%; external source links 0; role review: CATEGORY; owner selection: The hub owns discovery of clearly labeled original Echo Buddha quote reflections.
Quotes,https://echobuddha.com/quotes/,https://echobuddha.com/quotes/renewal/morning-is-not-the-only-time-a-life-can/,QUOTE_REFLECTION,LEVEL 4,QUOTE_REFLECTION → primary owner,No,NOINDEX_REVIEW,Phase 1: Built 2026-08-11T02:17:46.273Z; 640 words; 17 content headings; generated story; nearest /quotes/renewal/begin-again-gently-the-breath-is-always-willing/ combined overlap 86.5%; external source links 0; role review: QUOTE_REFLECTION; owner selection: The hub owns discovery of clearly labeled original Echo Buddha quote reflections.
Quotes,https://echobuddha.com/quotes/,https://echobuddha.com/quotes/renewal/one-calm-morning-intention/,QUOTE_REFLECTION,LEVEL 4,QUOTE_REFLECTION → primary owner,No,IMPROVE,Phase 1: Built 2026-08-11T02:17:46.273Z; 645 words; 17 content headings; individually authored story; nearest /quotes/renewal/evening-release-reflection/ combined overlap 67.6%; external source links 0; role review: QUOTE_REFLECTION; owner selection: The hub owns discovery of clearly labeled original Echo Buddha quote reflections.
Quotes,https://echobuddha.com/quotes/,https://echobuddha.com/quotes/renewal/the-path-welcomes-your-return-more-often-than-pride/,QUOTE_REFLECTION,LEVEL 4,QUOTE_REFLECTION → primary owner,No,NOINDEX_REVIEW,Phase 1: Built 2026-08-11T02:17:46.273Z; 638 words; 17 content headings; generated story; nearest /quotes/renewal/begin-again-gently-the-breath-is-always-willing/ combined overlap 88.2%; external source links 0; role review: QUOTE_REFLECTION; owner selection: The hub owns discovery of clearly labeled original Echo Buddha quote reflections.
Quotes,https://echobuddha.com/quotes/,https://echobuddha.com/quotes/renewal/you-are-allowed-to-learn-slowly-and-still-be/,QUOTE_REFLECTION,LEVEL 4,QUOTE_REFLECTION → primary owner,No,NOINDEX_REVIEW,Phase 1: Built 2026-08-11T02:17:46.273Z; 630 words; 17 content headings; generated story; nearest /quotes/renewal/begin-again-without-turning-yesterday-into-a-sentence/ combined overlap 83.9%; external source links 0; role review: QUOTE_REFLECTION; owner selection: The hub owns discovery of clearly labeled original Echo Buddha quote reflections.
Quotes,https://echobuddha.com/quotes/,https://echobuddha.com/quotes/wisdom/a-clear-mind-can-hold-two-truths-without-rushing/,QUOTE_REFLECTION,LEVEL 4,QUOTE_REFLECTION → primary owner,No,NOINDEX_REVIEW,Phase 1: Built 2026-08-11T02:17:46.273Z; 680 words; 17 content headings; generated story; nearest /quotes/wisdom/knowing-when-not-to-speak-is-also-a-form/ combined overlap 85.4%; external source links 0; role review: QUOTE_REFLECTION; owner selection: The hub owns discovery of clearly labeled original Echo Buddha quote reflections.
Quotes,https://echobuddha.com/quotes/,https://echobuddha.com/quotes/wisdom/contentment-with-what-is-here/,QUOTE_REFLECTION,LEVEL 4,QUOTE_REFLECTION → primary owner,No,IMPROVE,Phase 1: Built 2026-08-11T02:17:46.273Z; 629 words; 17 content headings; individually authored story; nearest /quotes/wisdom/understanding-suffering-honestly/ combined overlap 66.5%; external source links 0; role review: QUOTE_REFLECTION; owner selection: The hub owns discovery of clearly labeled original Echo Buddha quote reflections.
Quotes,https://echobuddha.com/quotes/,https://echobuddha.com/quotes/wisdom/difficult-people-and-boundaries/,QUOTE_REFLECTION,LEVEL 4,QUOTE_REFLECTION → primary owner,No,IMPROVE,Phase 1: Built 2026-08-11T02:17:46.273Z; 615 words; 17 content headings; individually authored story; nearest /quotes/wisdom/wisdom-sees-clearly/ combined overlap 67.6%; external source links 0; role review: QUOTE_REFLECTION; owner selection: The hub owns discovery of clearly labeled original Echo Buddha quote reflections.
Quotes,https://echobuddha.com/quotes/,https://echobuddha.com/quotes/wisdom/,CATEGORY,LEVEL 3,CATEGORY → primary owner,No,IMPROVE,Phase 1: Built 2026-08-11T02:17:46.273Z; 469 words; 7 content headings; authored route; nearest /quotes/impermanence/ combined overlap 46.8%; external source links 0; role review: CATEGORY; owner selection: The hub owns discovery of clearly labeled original Echo Buddha quote reflections.
Quotes,https://echobuddha.com/quotes/,https://echobuddha.com/quotes/wisdom/karma-begins-in-intention/,QUOTE_REFLECTION,LEVEL 4,QUOTE_REFLECTION → primary owner,No,IMPROVE,Phase 1: Built 2026-08-11T02:17:46.273Z; 612 words; 17 content headings; individually authored story; nearest /quotes/wisdom/wise-silence/ combined overlap 67.7%; external source links 0; role review: QUOTE_REFLECTION; owner selection: The hub owns discovery of clearly labeled original Echo Buddha quote reflections.
Quotes,https://echobuddha.com/quotes/,https://echobuddha.com/quotes/wisdom/knowing-when-not-to-speak-is-also-a-form/,QUOTE_REFLECTION,LEVEL 4,QUOTE_REFLECTION → primary owner,No,NOINDEX_REVIEW,Phase 1: Built 2026-08-11T02:17:46.273Z; 644 words; 17 content headings; generated story; nearest /quotes/wisdom/a-clear-mind-can-hold-two-truths-without-rushing/ combined overlap 85.4%; external source links 0; role review: QUOTE_REFLECTION; owner selection: The hub owns discovery of clearly labeled original Echo Buddha quote reflections.
Quotes,https://echobuddha.com/quotes/,https://echobuddha.com/quotes/wisdom/right-speech-with-kindness/,QUOTE_REFLECTION,LEVEL 4,QUOTE_REFLECTION → primary owner,No,IMPROVE,Phase 1: Built 2026-08-11T02:17:46.273Z; 659 words; 17 content headings; individually authored story; nearest /quotes/wisdom/karma-begins-in-intention/ combined overlap 67.6%; external source links 0; role review: QUOTE_REFLECTION; owner selection: The hub owns discovery of clearly labeled original Echo Buddha quote reflections.
Quotes,https://echobuddha.com/quotes/,https://echobuddha.com/quotes/wisdom/simplicity-clears-the-room/,QUOTE_REFLECTION,LEVEL 4,QUOTE_REFLECTION → primary owner,No,IMPROVE,Phase 1: Built 2026-08-11T02:17:46.273Z; 650 words; 17 content headings; individually authored story; nearest /quotes/wisdom/wise-silence/ combined overlap 66.7%; external source links 0; role review: QUOTE_REFLECTION; owner selection: The hub owns discovery of clearly labeled original Echo Buddha quote reflections.
Quotes,https://echobuddha.com/quotes/,https://echobuddha.com/quotes/wisdom/the-lesson-repeats-until-attention-replaces-habit/,QUOTE_REFLECTION,LEVEL 4,QUOTE_REFLECTION → primary owner,No,NOINDEX_REVIEW,Phase 1: Built 2026-08-11T02:17:46.273Z; 650 words; 17 content headings; generated story; nearest /quotes/wisdom/wisdom-is-the-art-of-meeting-life-without-adding/ combined overlap 85.2%; external source links 0; role review: QUOTE_REFLECTION; owner selection: The hub owns discovery of clearly labeled original Echo Buddha quote reflections.
Quotes,https://echobuddha.com/quotes/,https://echobuddha.com/quotes/wisdom/understanding-suffering-honestly/,QUOTE_REFLECTION,LEVEL 4,QUOTE_REFLECTION → primary owner,No,IMPROVE,Phase 1: Built 2026-08-11T02:17:46.273Z; 626 words; 17 content headings; individually authored story; nearest /quotes/wisdom/wisdom-sees-clearly/ combined overlap 67.5%; external source links 0; role review: QUOTE_REFLECTION; owner selection: The hub owns discovery of clearly labeled original Echo Buddha quote reflections.
Quotes,https://echobuddha.com/quotes/,https://echobuddha.com/quotes/wisdom/what-feels-urgent-is-not-always-what-matters-most/,QUOTE_REFLECTION,LEVEL 4,QUOTE_REFLECTION → primary owner,No,NOINDEX_REVIEW,Phase 1: Built 2026-08-11T02:17:46.273Z; 651 words; 17 content headings; generated story; nearest /quotes/wisdom/wisdom-is-the-art-of-meeting-life-without-adding/ combined overlap 85.3%; external source links 0; role review: QUOTE_REFLECTION; owner selection: The hub owns discovery of clearly labeled original Echo Buddha quote reflections.
Quotes,https://echobuddha.com/quotes/,https://echobuddha.com/quotes/wisdom/wisdom-is-the-art-of-meeting-life-without-adding/,QUOTE_REFLECTION,LEVEL 4,QUOTE_REFLECTION → primary owner,No,NOINDEX_REVIEW,Phase 1: Built 2026-08-11T02:17:46.273Z; 651 words; 17 content headings; generated story; nearest /quotes/wisdom/what-feels-urgent-is-not-always-what-matters-most/ combined overlap 85.3%; external source links 0; role review: QUOTE_REFLECTION; owner selection: The hub owns discovery of clearly labeled original Echo Buddha quote reflections.
Quotes,https://echobuddha.com/quotes/,https://echobuddha.com/quotes/wisdom/wisdom-sees-clearly/,QUOTE_REFLECTION,LEVEL 4,QUOTE_REFLECTION → primary owner,No,IMPROVE,Phase 1: Built 2026-08-11T02:17:46.273Z; 621 words; 17 content headings; individually authored story; nearest /quotes/wisdom/wise-silence/ combined overlap 67.8%; external source links 0; role review: QUOTE_REFLECTION; owner selection: The hub owns discovery of clearly labeled original Echo Buddha quote reflections.
Quotes,https://echobuddha.com/quotes/,https://echobuddha.com/quotes/wisdom/wisdom-sees-the-whole-fire-not-only-the-spark/,QUOTE_REFLECTION,LEVEL 4,QUOTE_REFLECTION → primary owner,No,NOINDEX_REVIEW,Phase 1: Built 2026-08-11T02:17:46.273Z; 669 words; 17 content headings; generated story; nearest /quotes/wisdom/wisdom-is-the-art-of-meeting-life-without-adding/ combined overlap 84.5%; external source links 0; role review: QUOTE_REFLECTION; owner selection: The hub owns discovery of clearly labeled original Echo Buddha quote reflections.
Quotes,https://echobuddha.com/quotes/,https://echobuddha.com/quotes/wisdom/wise-silence/,QUOTE_REFLECTION,LEVEL 4,QUOTE_REFLECTION → primary owner,No,IMPROVE,Phase 1: Built 2026-08-11T02:17:46.273Z; 640 words; 17 content headings; individually authored story; nearest /quotes/wisdom/wisdom-sees-clearly/ combined overlap 67.8%; external source links 0; role review: QUOTE_REFLECTION; owner selection: The hub owns discovery of clearly labeled original Echo Buddha quote reflections.
Newcomer Orientation,https://echobuddha.com/start-here/,https://echobuddha.com/start-here/,HUB,LEVEL 1,Owner → best support pages,Yes,KEEP,Phase 1: Built 2026-08-11T02:17:46.273Z; 495 words; 18 content headings; authored route; nearest /learn/ combined overlap 22.8%; external source links 0; role review: HUB; owner selection: Start Here helps a new visitor choose a route; it does not own the broad definition of Buddhism.
Trust / Policy,https://echobuddha.com/about/,https://echobuddha.com/terms-of-use/,TRUST_POLICY,LEVEL 3,TRUST_POLICY → primary owner,Yes,IMPROVE,"Phase 1: Built 2026-08-11T02:17:46.273Z; 104 words; 5 content headings; authored route; nearest /disclaimer/ combined overlap 9.5%; external source links 0; role review: TRUST_POLICY; owner selection: About anchors publisher identity while each policy page retains a protected, non-SEO trust function."
Utility,https://echobuddha.com/tools/,https://echobuddha.com/tools/,UTILITY,LEVEL 1,Owner → best support pages,Yes,KEEP,Phase 1: Built 2026-08-11T02:17:46.273Z; 450 words; 10 content headings; authored route; nearest /start-here/ combined overlap 15.8%; external source links 0; role review: UTILITY; owner selection: The tools hub owns functional practice utilities and does not own Buddhist teaching queries.
