Item / URL,Protected publisher identity,Protected authorship model,Protected source claims,Protected attribution,Protected correction language,Protected content-process claims,Protected safety language,Protected structured-data entity,Protected ownership,Protected index state,Phase 7 allowed changes,Phase 7 prohibited changes,Validation required
https://echobuddha.com/404.html,Echo Buddha Organization,Echo Buddha Editorial organizational byline where authorship is meaningful,NOT_CRITICAL,No unsupported attribution,Site-level correction path,AI/tool assistance bounded; publisher accountable,NO_CRITICAL_ISSUE,Echo Buddha publisher; Echo Buddha Editorial Organization author where applicable,PREEXISTING_NOINDEX_OR_ERROR_ROLE,"noindex, follow",UX/navigation/discoverability/presentation only with trust meaning preserved,"No invented person/team/reviewer/credential/source; no source, attribution, safety, owner, URL, canonical, or index change",Build; custom Phase 6 gate; ownership/index/source/safety/schema parity; browser QA
https://echobuddha.com/about/,Echo Buddha Organization,Echo Buddha Editorial organizational byline where authorship is meaningful,Medium,No unsupported attribution,Real publisher email and materiality workflow,AI/tool assistance bounded; publisher accountable,NO_CRITICAL_ISSUE,Echo Buddha publisher; Echo Buddha Editorial Organization author where applicable,TRUST_POLICY,indexable,UX/navigation/discoverability/presentation only with trust meaning preserved,"No invented person/team/reviewer/credential/source; no source, attribution, safety, owner, URL, canonical, or index change",Build; custom Phase 6 gate; ownership/index/source/safety/schema parity; browser QA
https://echobuddha.com/articles/beginning-a-daily-mindfulness-practice/,Echo Buddha Organization,Echo Buddha Editorial organizational byline where authorship is meaningful,Medium,No unsupported attribution,Site-level correction path,AI/tool assistance bounded; publisher accountable,NO_CRITICAL_ISSUE,Echo Buddha publisher; Echo Buddha Editorial Organization author where applicable,PRACTICAL_APPLICATION,indexable,UX/navigation/discoverability/presentation only with trust meaning preserved,"No invented person/team/reviewer/credential/source; no source, attribution, safety, owner, URL, canonical, or index change",Build; custom Phase 6 gate; ownership/index/source/safety/schema parity; browser QA
https://echobuddha.com/articles/buddhism-for-beginners-simple-guide/,Echo Buddha Organization,Echo Buddha Editorial organizational byline where authorship is meaningful,https://suttacentral.net/sn56.11/en/sujato | https://www.dhammatalks.org/suttas/SN/SN45_8.html,No unsupported attribution,Site-level correction path,AI/tool assistance bounded; publisher accountable,NO_CRITICAL_ISSUE,Echo Buddha publisher; Echo Buddha Editorial Organization author where applicable,BEGINNER_FOUNDATION,indexable,UX/navigation/discoverability/presentation only with trust meaning preserved,"No invented person/team/reviewer/credential/source; no source, attribution, safety, owner, URL, canonical, or index change",Build; custom Phase 6 gate; ownership/index/source/safety/schema parity; browser QA
https://echobuddha.com/articles/buddhist-approach-to-anger/,Echo Buddha Organization,Echo Buddha Editorial organizational byline where authorship is meaningful,https://suttacentral.net/dhp1-20/en/sujato | https://www.accesstoinsight.org/tipitaka/kn/dhp/dhp.01.budd.html,No unsupported attribution,Site-level correction path,AI/tool assistance bounded; publisher accountable,NO_CRITICAL_ISSUE,Echo Buddha publisher; Echo Buddha Editorial Organization author where applicable,PRIMARY_PILLAR,indexable,UX/navigation/discoverability/presentation only with trust meaning preserved,"No invented person/team/reviewer/credential/source; no source, attribution, safety, owner, URL, canonical, or index change",Build; custom Phase 6 gate; ownership/index/source/safety/schema parity; browser QA
https://echobuddha.com/articles/buddhist-gratitude-practice/,Echo Buddha Organization,Echo Buddha Editorial organizational byline where authorship is meaningful,https://www.dhammatalks.org/suttas/KN/Khp/khp5.html | https://www.dhammatalks.org/suttas/AN/AN4_28.html,No unsupported attribution,Site-level correction path,AI/tool assistance bounded; publisher accountable,NO_CRITICAL_ISSUE,Echo Buddha publisher; Echo Buddha Editorial Organization author where applicable,PRACTICAL_APPLICATION,indexable,UX/navigation/discoverability/presentation only with trust meaning preserved,"No invented person/team/reviewer/credential/source; no source, attribution, safety, owner, URL, canonical, or index change",Build; custom Phase 6 gate; ownership/index/source/safety/schema parity; browser QA
https://echobuddha.com/articles/buddhist-teachings-on-forgiveness/,Echo Buddha Organization,Echo Buddha Editorial organizational byline where authorship is meaningful,https://www.accesstoinsight.org/tipitaka/kn/dhp/dhp.01.budd.html,No unsupported attribution,Site-level correction path,AI/tool assistance bounded; publisher accountable,NO_CRITICAL_ISSUE,Echo Buddha publisher; Echo Buddha Editorial Organization author where applicable,PRIMARY_PILLAR,indexable,UX/navigation/discoverability/presentation only with trust meaning preserved,"No invented person/team/reviewer/credential/source; no source, attribution, safety, owner, URL, canonical, or index change",Build; custom Phase 6 gate; ownership/index/source/safety/schema parity; browser QA
https://echobuddha.com/articles/buddhist-teachings-on-impermanence/,Echo Buddha Organization,Echo Buddha Editorial organizational byline where authorship is meaningful,https://www.accesstoinsight.org/tipitaka/kn/dhp/dhp.20.budd.html,No unsupported attribution,Site-level correction path,AI/tool assistance bounded; publisher accountable,NO_CRITICAL_ISSUE,Echo Buddha publisher; Echo Buddha Editorial Organization author where applicable,SUPPORTING_EXPLANATION,indexable,UX/navigation/discoverability/presentation only with trust meaning preserved,"No invented person/team/reviewer/credential/source; no source, attribution, safety, owner, URL, canonical, or index change",Build; custom Phase 6 gate; ownership/index/source/safety/schema parity; browser QA
https://echobuddha.com/articles/buddhist-wisdom-for-overthinking/,Echo Buddha Organization,Echo Buddha Editorial organizational byline where authorship is meaningful,Medium,No unsupported attribution,Site-level correction path,AI/tool assistance bounded; publisher accountable,NO_CRITICAL_ISSUE,Echo Buddha publisher; Echo Buddha Editorial Organization author where applicable,SCENARIO_GUIDE,indexable,UX/navigation/discoverability/presentation only with trust meaning preserved,"No invented person/team/reviewer/credential/source; no source, attribution, safety, owner, URL, canonical, or index change",Build; custom Phase 6 gate; ownership/index/source/safety/schema parity; browser QA
https://echobuddha.com/articles/category/buddhist-wisdom/,Echo Buddha Organization,Echo Buddha Editorial organizational byline where authorship is meaningful,Medium,No unsupported attribution,Site-level correction path,AI/tool assistance bounded; publisher accountable,NO_CRITICAL_ISSUE,Echo Buddha publisher; Echo Buddha Editorial Organization author where applicable,CATEGORY,indexable,UX/navigation/discoverability/presentation only with trust meaning preserved,"No invented person/team/reviewer/credential/source; no source, attribution, safety, owner, URL, canonical, or index change",Build; custom Phase 6 gate; ownership/index/source/safety/schema parity; browser QA
https://echobuddha.com/articles/category/meditation/,Echo Buddha Organization,Echo Buddha Editorial organizational byline where authorship is meaningful,Medium,No unsupported attribution,Site-level correction path,AI/tool assistance bounded; publisher accountable,NO_CRITICAL_ISSUE,Echo Buddha publisher; Echo Buddha Editorial Organization author where applicable,CATEGORY,indexable,UX/navigation/discoverability/presentation only with trust meaning preserved,"No invented person/team/reviewer/credential/source; no source, attribution, safety, owner, URL, canonical, or index change",Build; custom Phase 6 gate; ownership/index/source/safety/schema parity; browser QA
https://echobuddha.com/articles/category/mindfulness/,Echo Buddha Organization,Echo Buddha Editorial organizational byline where authorship is meaningful,Medium,No unsupported attribution,Site-level correction path,AI/tool assistance bounded; publisher accountable,NO_CRITICAL_ISSUE,Echo Buddha publisher; Echo Buddha Editorial Organization author where applicable,CATEGORY,indexable,UX/navigation/discoverability/presentation only with trust meaning preserved,"No invented person/team/reviewer/credential/source; no source, attribution, safety, owner, URL, canonical, or index change",Build; custom Phase 6 gate; ownership/index/source/safety/schema parity; browser QA
https://echobuddha.com/articles/category/practice/,Echo Buddha Organization,Echo Buddha Editorial organizational byline where authorship is meaningful,Medium,No unsupported attribution,Site-level correction path,AI/tool assistance bounded; publisher accountable,NO_CRITICAL_ISSUE,Echo Buddha publisher; Echo Buddha Editorial Organization author where applicable,CATEGORY,indexable,UX/navigation/discoverability/presentation only with trust meaning preserved,"No invented person/team/reviewer/credential/source; no source, attribution, safety, owner, URL, canonical, or index change",Build; custom Phase 6 gate; ownership/index/source/safety/schema parity; browser QA
https://echobuddha.com/articles/category/reflection/,Echo Buddha Organization,Echo Buddha Editorial organizational byline where authorship is meaningful,Medium,No unsupported attribution,Site-level correction path,AI/tool assistance bounded; publisher accountable,NO_CRITICAL_ISSUE,Echo Buddha publisher; Echo Buddha Editorial Organization author where applicable,CATEGORY,indexable,UX/navigation/discoverability/presentation only with trust meaning preserved,"No invented person/team/reviewer/credential/source; no source, attribution, safety, owner, URL, canonical, or index change",Build; custom Phase 6 gate; ownership/index/source/safety/schema parity; browser QA
https://echobuddha.com/articles/compassion-as-a-daily-discipline/,Echo Buddha Organization,Echo Buddha Editorial organizational byline where authorship is meaningful,https://www.accesstoinsight.org/tipitaka/kn/snp/snp.1.08.than.html,No unsupported attribution,Site-level correction path,AI/tool assistance bounded; publisher accountable,NO_CRITICAL_ISSUE,Echo Buddha publisher; Echo Buddha Editorial Organization author where applicable,PRACTICAL_APPLICATION,indexable,UX/navigation/discoverability/presentation only with trust meaning preserved,"No invented person/team/reviewer/credential/source; no source, attribution, safety, owner, URL, canonical, or index change",Build; custom Phase 6 gate; ownership/index/source/safety/schema parity; browser QA
https://echobuddha.com/articles/compassion-in-buddhism-beginner-guide/,Echo Buddha Organization,Echo Buddha Editorial organizational byline where authorship is meaningful,https://www.accesstoinsight.org/tipitaka/kn/snp/snp.1.08.than.html,No unsupported attribution,Site-level correction path,AI/tool assistance bounded; publisher accountable,NO_CRITICAL_ISSUE,Echo Buddha publisher; Echo Buddha Editorial Organization author where applicable,PRIMARY_PILLAR,indexable,UX/navigation/discoverability/presentation only with trust meaning preserved,"No invented person/team/reviewer/credential/source; no source, attribution, safety, owner, URL, canonical, or index change",Build; custom Phase 6 gate; ownership/index/source/safety/schema parity; browser QA
https://echobuddha.com/articles/compassion-with-boundaries/,Echo Buddha Organization,Echo Buddha Editorial organizational byline where authorship is meaningful,https://www.accesstoinsight.org/tipitaka/kn/snp/snp.1.08.than.html | https://www.accesstoinsight.org/lib/authors/nyanaponika/wheel006.html,No unsupported attribution,Site-level correction path,AI/tool assistance bounded; publisher accountable,NO_CRITICAL_ISSUE,Echo Buddha publisher; Echo Buddha Editorial Organization author where applicable,SCENARIO_GUIDE,indexable,UX/navigation/discoverability/presentation only with trust meaning preserved,"No invented person/team/reviewer/credential/source; no source, attribution, safety, owner, URL, canonical, or index change",Build; custom Phase 6 gate; ownership/index/source/safety/schema parity; browser QA
https://echobuddha.com/articles/creating-a-peaceful-corner-at-home/,Echo Buddha Organization,Echo Buddha Editorial organizational byline where authorship is meaningful,Medium,No unsupported attribution,Site-level correction path,AI/tool assistance bounded; publisher accountable,NO_CRITICAL_ISSUE,Echo Buddha publisher; Echo Buddha Editorial Organization author where applicable,SCENARIO_GUIDE,indexable,UX/navigation/discoverability/presentation only with trust meaning preserved,"No invented person/team/reviewer/credential/source; no source, attribution, safety, owner, URL, canonical, or index change",Build; custom Phase 6 gate; ownership/index/source/safety/schema parity; browser QA
https://echobuddha.com/articles/dhamma-vs-dharma/,Echo Buddha Organization,Echo Buddha Editorial organizational byline where authorship is meaningful,https://suttacentral.net/define/dhamma | https://www.accesstoinsight.org/tipitaka/kn/dhp/dhp.14.budd.html | https://www.dhammatalks.org/suttas/SN/SN45_8.html,No unsupported attribution,Site-level correction path,AI/tool assistance bounded; publisher accountable,NO_CRITICAL_ISSUE,Echo Buddha publisher; Echo Buddha Editorial Organization author where applicable,COMPARISON_PAGE,indexable,UX/navigation/discoverability/presentation only with trust meaning preserved,"No invented person/team/reviewer/credential/source; no source, attribution, safety, owner, URL, canonical, or index change",Build; custom Phase 6 gate; ownership/index/source/safety/schema parity; browser QA
https://echobuddha.com/articles/dhammapada-reflection-trained-mind/,Echo Buddha Organization,Echo Buddha Editorial organizational byline where authorship is meaningful,High,Translation/paraphrase/editorial application separated,Site-level correction path,AI/tool assistance bounded; publisher accountable,NO_CRITICAL_ISSUE,Echo Buddha publisher; Echo Buddha Editorial Organization author where applicable,SOURCE_STUDY,indexable,UX/navigation/discoverability/presentation only with trust meaning preserved,"No invented person/team/reviewer/credential/source; no source, attribution, safety, owner, URL, canonical, or index change",Build; custom Phase 6 gate; ownership/index/source/safety/schema parity; browser QA
https://echobuddha.com/articles/dhammapada-reflection-what-we-think/,Echo Buddha Organization,Echo Buddha Editorial organizational byline where authorship is meaningful,https://www.accesstoinsight.org/tipitaka/kn/dhp/dhp.01.budd.html,Translation/paraphrase/editorial application separated,Site-level correction path,AI/tool assistance bounded; publisher accountable,NO_CRITICAL_ISSUE,Echo Buddha publisher; Echo Buddha Editorial Organization author where applicable,SOURCE_STUDY,indexable,UX/navigation/discoverability/presentation only with trust meaning preserved,"No invented person/team/reviewer/credential/source; no source, attribution, safety, owner, URL, canonical, or index change",Build; custom Phase 6 gate; ownership/index/source/safety/schema parity; browser QA
https://echobuddha.com/articles/dhammapada-verse-1-meaning/,Echo Buddha Organization,Echo Buddha Editorial organizational byline where authorship is meaningful,https://www.accesstoinsight.org/tipitaka/kn/dhp/dhp.01.budd.html | https://suttacentral.net/edition/dhp/en/sujato/introduction,Translation/paraphrase/editorial application separated,Site-level correction path,AI/tool assistance bounded; publisher accountable,NO_CRITICAL_ISSUE,Echo Buddha publisher; Echo Buddha Editorial Organization author where applicable,SOURCE_STUDY,indexable,UX/navigation/discoverability/presentation only with trust meaning preserved,"No invented person/team/reviewer/credential/source; no source, attribution, safety, owner, URL, canonical, or index change",Build; custom Phase 6 gate; ownership/index/source/safety/schema parity; browser QA
https://echobuddha.com/articles/eightfold-path-explained-daily-life/,Echo Buddha Organization,Echo Buddha Editorial organizational byline where authorship is meaningful,https://www.dhammatalks.org/suttas/SN/SN45_8.html,No unsupported attribution,Site-level correction path,AI/tool assistance bounded; publisher accountable,NO_CRITICAL_ISSUE,Echo Buddha publisher; Echo Buddha Editorial Organization author where applicable,PRACTICAL_APPLICATION,indexable,UX/navigation/discoverability/presentation only with trust meaning preserved,"No invented person/team/reviewer/credential/source; no source, attribution, safety, owner, URL, canonical, or index change",Build; custom Phase 6 gate; ownership/index/source/safety/schema parity; browser QA
https://echobuddha.com/articles/eightfold-path-explained/,Echo Buddha Organization,Echo Buddha Editorial organizational byline where authorship is meaningful,https://www.dhammatalks.org/suttas/SN/SN45_8.html,No unsupported attribution,Site-level correction path,AI/tool assistance bounded; publisher accountable,NO_CRITICAL_ISSUE,Echo Buddha publisher; Echo Buddha Editorial Organization author where applicable,BEGINNER_FOUNDATION,indexable,UX/navigation/discoverability/presentation only with trust meaning preserved,"No invented person/team/reviewer/credential/source; no source, attribution, safety, owner, URL, canonical, or index change",Build; custom Phase 6 gate; ownership/index/source/safety/schema parity; browser QA
https://echobuddha.com/articles/equanimity-in-buddhism/,Echo Buddha Organization,Echo Buddha Editorial organizational byline where authorship is meaningful,https://www.dhammatalks.org/suttas/AN/AN8_6.html,No unsupported attribution,Site-level correction path,AI/tool assistance bounded; publisher accountable,NO_CRITICAL_ISSUE,Echo Buddha publisher; Echo Buddha Editorial Organization author where applicable,PRIMARY_PILLAR,indexable,UX/navigation/discoverability/presentation only with trust meaning preserved,"No invented person/team/reviewer/credential/source; no source, attribution, safety, owner, URL, canonical, or index change",Build; custom Phase 6 gate; ownership/index/source/safety/schema parity; browser QA
https://echobuddha.com/articles/first-week-buddhist-practice/,Echo Buddha Organization,Echo Buddha Editorial organizational byline where authorship is meaningful,https://suttacentral.net/sn56.11/en/sujato | https://www.dhammatalks.org/suttas/SN/SN45_8.html | https://www.accesstoinsight.org/ptf/dhamma/sila/pancasila.html,No unsupported attribution,Site-level correction path,AI/tool assistance bounded; publisher accountable,NO_CRITICAL_ISSUE,Echo Buddha publisher; Echo Buddha Editorial Organization author where applicable,PRACTICAL_APPLICATION,indexable,UX/navigation/discoverability/presentation only with trust meaning preserved,"No invented person/team/reviewer/credential/source; no source, attribution, safety, owner, URL, canonical, or index change",Build; custom Phase 6 gate; ownership/index/source/safety/schema parity; browser QA
https://echobuddha.com/articles/five-precepts-in-daily-life/,Echo Buddha Organization,Echo Buddha Editorial organizational byline where authorship is meaningful,https://www.accesstoinsight.org/ptf/dhamma/sila/pancasila.html,No unsupported attribution,Site-level correction path,AI/tool assistance bounded; publisher accountable,NO_CRITICAL_ISSUE,Echo Buddha publisher; Echo Buddha Editorial Organization author where applicable,PRACTICAL_APPLICATION,indexable,UX/navigation/discoverability/presentation only with trust meaning preserved,"No invented person/team/reviewer/credential/source; no source, attribution, safety, owner, URL, canonical, or index change",Build; custom Phase 6 gate; ownership/index/source/safety/schema parity; browser QA
https://echobuddha.com/articles/four-noble-truths-explained-simply/,Echo Buddha Organization,Echo Buddha Editorial organizational byline where authorship is meaningful,https://suttacentral.net/sn56.11/en/sujato,No unsupported attribution,Site-level correction path,AI/tool assistance bounded; publisher accountable,NO_CRITICAL_ISSUE,Echo Buddha publisher; Echo Buddha Editorial Organization author where applicable,BEGINNER_FOUNDATION,indexable,UX/navigation/discoverability/presentation only with trust meaning preserved,"No invented person/team/reviewer/credential/source; no source, attribution, safety, owner, URL, canonical, or index change",Build; custom Phase 6 gate; ownership/index/source/safety/schema parity; browser QA
https://echobuddha.com/articles/four-noble-truths-explained/,Echo Buddha Organization,Echo Buddha Editorial organizational byline where authorship is meaningful,https://suttacentral.net/sn56.11/en/sujato | https://www.accesstoinsight.org/tipitaka/sn/sn56/sn56.011.than.html,No unsupported attribution,Site-level correction path,AI/tool assistance bounded; publisher accountable,NO_CRITICAL_ISSUE,Echo Buddha publisher; Echo Buddha Editorial Organization author where applicable,SUPPORTING_EXPLANATION,indexable,UX/navigation/discoverability/presentation only with trust meaning preserved,"No invented person/team/reviewer/credential/source; no source, attribution, safety, owner, URL, canonical, or index change",Build; custom Phase 6 gate; ownership/index/source/safety/schema parity; browser QA
https://echobuddha.com/articles/how-to-let-go-of-attachment-in-buddhism/,Echo Buddha Organization,Echo Buddha Editorial organizational byline where authorship is meaningful,Medium,No unsupported attribution,Site-level correction path,AI/tool assistance bounded; publisher accountable,NO_CRITICAL_ISSUE,Echo Buddha publisher; Echo Buddha Editorial Organization author where applicable,PRIMARY_PILLAR,indexable,UX/navigation/discoverability/presentation only with trust meaning preserved,"No invented person/team/reviewer/credential/source; no source, attribution, safety, owner, URL, canonical, or index change",Build; custom Phase 6 gate; ownership/index/source/safety/schema parity; browser QA
https://echobuddha.com/articles/how-to-meditate-for-anxiety/,Echo Buddha Organization,Echo Buddha Editorial organizational byline where authorship is meaningful,https://www.nccih.nih.gov/health/meditation-and-mindfulness-effectiveness-and-safety,No unsupported attribution,Site-level correction path,AI/tool assistance bounded; publisher accountable,NO_CRITICAL_ISSUE,Echo Buddha publisher; Echo Buddha Editorial Organization author where applicable,SCENARIO_GUIDE,indexable,UX/navigation/discoverability/presentation only with trust meaning preserved,"No invented person/team/reviewer/credential/source; no source, attribution, safety, owner, URL, canonical, or index change",Build; custom Phase 6 gate; ownership/index/source/safety/schema parity; browser QA
https://echobuddha.com/articles/how-to-meditate-for-beginners/,Echo Buddha Organization,Echo Buddha Editorial organizational byline where authorship is meaningful,https://www.accesstoinsight.org/tipitaka/mn/mn.118.than.html | https://www.nccih.nih.gov/health/meditation-and-mindfulness-effectiveness-and-safety,No unsupported attribution,Site-level correction path,AI/tool assistance bounded; publisher accountable,NO_CRITICAL_ISSUE,Echo Buddha publisher; Echo Buddha Editorial Organization author where applicable,PRACTICE_GUIDE,indexable,UX/navigation/discoverability/presentation only with trust meaning preserved,"No invented person/team/reviewer/credential/source; no source, attribution, safety, owner, URL, canonical, or index change",Build; custom Phase 6 gate; ownership/index/source/safety/schema parity; browser QA
https://echobuddha.com/articles/how-to-practice-non-attachment/,Echo Buddha Organization,Echo Buddha Editorial organizational byline where authorship is meaningful,Medium,No unsupported attribution,Site-level correction path,AI/tool assistance bounded; publisher accountable,NO_CRITICAL_ISSUE,Echo Buddha publisher; Echo Buddha Editorial Organization author where applicable,PRACTICAL_APPLICATION,indexable,UX/navigation/discoverability/presentation only with trust meaning preserved,"No invented person/team/reviewer/credential/source; no source, attribution, safety, owner, URL, canonical, or index change",Build; custom Phase 6 gate; ownership/index/source/safety/schema parity; browser QA
https://echobuddha.com/articles/impermanence-in-buddhism-letting-go/,Echo Buddha Organization,Echo Buddha Editorial organizational byline where authorship is meaningful,https://www.accesstoinsight.org/tipitaka/kn/dhp/dhp.20.budd.html,No unsupported attribution,Site-level correction path,AI/tool assistance bounded; publisher accountable,NO_CRITICAL_ISSUE,Echo Buddha publisher; Echo Buddha Editorial Organization author where applicable,PRACTICAL_APPLICATION,indexable,UX/navigation/discoverability/presentation only with trust meaning preserved,"No invented person/team/reviewer/credential/source; no source, attribution, safety, owner, URL, canonical, or index change",Build; custom Phase 6 gate; ownership/index/source/safety/schema parity; browser QA
https://echobuddha.com/articles/impermanence-in-buddhism/,Echo Buddha Organization,Echo Buddha Editorial organizational byline where authorship is meaningful,https://www.accesstoinsight.org/tipitaka/kn/dhp/dhp.20.budd.html,No unsupported attribution,Site-level correction path,AI/tool assistance bounded; publisher accountable,NO_CRITICAL_ISSUE,Echo Buddha publisher; Echo Buddha Editorial Organization author where applicable,SUPPORTING_EXPLANATION,indexable,UX/navigation/discoverability/presentation only with trust meaning preserved,"No invented person/team/reviewer/credential/source; no source, attribution, safety, owner, URL, canonical, or index change",Build; custom Phase 6 gate; ownership/index/source/safety/schema parity; browser QA
https://echobuddha.com/articles/,Echo Buddha Organization,Echo Buddha Editorial organizational byline where authorship is meaningful,Medium,No unsupported attribution,Site-level correction path,AI/tool assistance bounded; publisher accountable,NO_CRITICAL_ISSUE,Echo Buddha publisher; Echo Buddha Editorial Organization author where applicable,HUB,indexable,UX/navigation/discoverability/presentation only with trust meaning preserved,"No invented person/team/reviewer/credential/source; no source, attribution, safety, owner, URL, canonical, or index change",Build; custom Phase 6 gate; ownership/index/source/safety/schema parity; browser QA
https://echobuddha.com/articles/letting-go-without-giving-up/,Echo Buddha Organization,Echo Buddha Editorial organizational byline where authorship is meaningful,Medium,No unsupported attribution,Site-level correction path,AI/tool assistance bounded; publisher accountable,NO_CRITICAL_ISSUE,Echo Buddha publisher; Echo Buddha Editorial Organization author where applicable,PRACTICAL_APPLICATION,indexable,UX/navigation/discoverability/presentation only with trust meaning preserved,"No invented person/team/reviewer/credential/source; no source, attribution, safety, owner, URL, canonical, or index change",Build; custom Phase 6 gate; ownership/index/source/safety/schema parity; browser QA
https://echobuddha.com/articles/loving-kindness-meditation-beginners/,Echo Buddha Organization,Echo Buddha Editorial organizational byline where authorship is meaningful,https://www.accesstoinsight.org/tipitaka/kn/snp/snp.1.08.than.html | https://www.nccih.nih.gov/health/meditation-and-mindfulness-effectiveness-and-safety,No unsupported attribution,Site-level correction path,AI/tool assistance bounded; publisher accountable,NO_CRITICAL_ISSUE,Echo Buddha publisher; Echo Buddha Editorial Organization author where applicable,BEGINNER_FOUNDATION,indexable,UX/navigation/discoverability/presentation only with trust meaning preserved,"No invented person/team/reviewer/credential/source; no source, attribution, safety, owner, URL, canonical, or index change",Build; custom Phase 6 gate; ownership/index/source/safety/schema parity; browser QA
https://echobuddha.com/articles/loving-kindness-meditation-guide/,Echo Buddha Organization,Echo Buddha Editorial organizational byline where authorship is meaningful,https://www.accesstoinsight.org/tipitaka/kn/snp/snp.1.08.than.html | https://www.nccih.nih.gov/health/meditation-and-mindfulness-effectiveness-and-safety,No unsupported attribution,Site-level correction path,AI/tool assistance bounded; publisher accountable,NO_CRITICAL_ISSUE,Echo Buddha publisher; Echo Buddha Editorial Organization author where applicable,BEGINNER_FOUNDATION,indexable,UX/navigation/discoverability/presentation only with trust meaning preserved,"No invented person/team/reviewer/credential/source; no source, attribution, safety, owner, URL, canonical, or index change",Build; custom Phase 6 gate; ownership/index/source/safety/schema parity; browser QA
https://echobuddha.com/articles/metta-meditation-script/,Echo Buddha Organization,Echo Buddha Editorial organizational byline where authorship is meaningful,https://www.accesstoinsight.org/tipitaka/kn/snp/snp.1.08.than.html | https://www.nccih.nih.gov/health/meditation-and-mindfulness-effectiveness-and-safety,No unsupported attribution,Site-level correction path,AI/tool assistance bounded; publisher accountable,NO_CRITICAL_ISSUE,Echo Buddha publisher; Echo Buddha Editorial Organization author where applicable,PRACTICE_GUIDE,indexable,UX/navigation/discoverability/presentation only with trust meaning preserved,"No invented person/team/reviewer/credential/source; no source, attribution, safety, owner, URL, canonical, or index change",Build; custom Phase 6 gate; ownership/index/source/safety/schema parity; browser QA
https://echobuddha.com/articles/mindful-email-and-texting/,Echo Buddha Organization,Echo Buddha Editorial organizational byline where authorship is meaningful,https://www.accesstoinsight.org/ptf/dhamma/sacca/sacca4/samma-vaca/index.html | https://www.dhammatalks.org/suttas/SN/SN45_8.html,No unsupported attribution,Site-level correction path,AI/tool assistance bounded; publisher accountable,NO_CRITICAL_ISSUE,Echo Buddha publisher; Echo Buddha Editorial Organization author where applicable,SCENARIO_GUIDE,indexable,UX/navigation/discoverability/presentation only with trust meaning preserved,"No invented person/team/reviewer/credential/source; no source, attribution, safety, owner, URL, canonical, or index change",Build; custom Phase 6 gate; ownership/index/source/safety/schema parity; browser QA
https://echobuddha.com/articles/mindful-listening-in-everyday-life/,Echo Buddha Organization,Echo Buddha Editorial organizational byline where authorship is meaningful,Medium,No unsupported attribution,Site-level correction path,AI/tool assistance bounded; publisher accountable,NO_CRITICAL_ISSUE,Echo Buddha publisher; Echo Buddha Editorial Organization author where applicable,SCENARIO_GUIDE,indexable,UX/navigation/discoverability/presentation only with trust meaning preserved,"No invented person/team/reviewer/credential/source; no source, attribution, safety, owner, URL, canonical, or index change",Build; custom Phase 6 gate; ownership/index/source/safety/schema parity; browser QA
https://echobuddha.com/articles/mindfulness-for-better-sleep/,Echo Buddha Organization,Echo Buddha Editorial organizational byline where authorship is meaningful,https://www.nccih.nih.gov/health/meditation-and-mindfulness-effectiveness-and-safety,No unsupported attribution,Site-level correction path,AI/tool assistance bounded; publisher accountable,NO_CRITICAL_ISSUE,Echo Buddha publisher; Echo Buddha Editorial Organization author where applicable,SCENARIO_GUIDE,indexable,UX/navigation/discoverability/presentation only with trust meaning preserved,"No invented person/team/reviewer/credential/source; no source, attribution, safety, owner, URL, canonical, or index change",Build; custom Phase 6 gate; ownership/index/source/safety/schema parity; browser QA
https://echobuddha.com/articles/mindfulness-morning-routine/,Echo Buddha Organization,Echo Buddha Editorial organizational byline where authorship is meaningful,Medium,No unsupported attribution,Site-level correction path,AI/tool assistance bounded; publisher accountable,NO_CRITICAL_ISSUE,Echo Buddha publisher; Echo Buddha Editorial Organization author where applicable,PRACTICAL_APPLICATION,indexable,UX/navigation/discoverability/presentation only with trust meaning preserved,"No invented person/team/reviewer/credential/source; no source, attribution, safety, owner, URL, canonical, or index change",Build; custom Phase 6 gate; ownership/index/source/safety/schema parity; browser QA
https://echobuddha.com/articles/mindfulness-of-breathing-guide/,Echo Buddha Organization,Echo Buddha Editorial organizational byline where authorship is meaningful,https://www.accesstoinsight.org/tipitaka/mn/mn.118.than.html | https://www.nccih.nih.gov/health/meditation-and-mindfulness-effectiveness-and-safety,No unsupported attribution,Site-level correction path,AI/tool assistance bounded; publisher accountable,NO_CRITICAL_ISSUE,Echo Buddha publisher; Echo Buddha Editorial Organization author where applicable,PRIMARY_PILLAR,indexable,UX/navigation/discoverability/presentation only with trust meaning preserved,"No invented person/team/reviewer/credential/source; no source, attribution, safety, owner, URL, canonical, or index change",Build; custom Phase 6 gate; ownership/index/source/safety/schema parity; browser QA
https://echobuddha.com/articles/mindfulness-vs-meditation/,Echo Buddha Organization,Echo Buddha Editorial organizational byline where authorship is meaningful,https://www.accesstoinsight.org/tipitaka/dn/dn.22.0.than.html | https://www.nccih.nih.gov/health/meditation-and-mindfulness-effectiveness-and-safety,No unsupported attribution,Site-level correction path,AI/tool assistance bounded; publisher accountable,NO_CRITICAL_ISSUE,Echo Buddha publisher; Echo Buddha Editorial Organization author where applicable,COMPARISON_PAGE,indexable,UX/navigation/discoverability/presentation only with trust meaning preserved,"No invented person/team/reviewer/credential/source; no source, attribution, safety, owner, URL, canonical, or index change",Build; custom Phase 6 gate; ownership/index/source/safety/schema parity; browser QA
https://echobuddha.com/articles/noble-eightfold-path-practical-guide/,Echo Buddha Organization,Echo Buddha Editorial organizational byline where authorship is meaningful,https://www.dhammatalks.org/suttas/SN/SN45_8.html,No unsupported attribution,Site-level correction path,AI/tool assistance bounded; publisher accountable,NO_CRITICAL_ISSUE,Echo Buddha publisher; Echo Buddha Editorial Organization author where applicable,PRACTICAL_APPLICATION,indexable,UX/navigation/discoverability/presentation only with trust meaning preserved,"No invented person/team/reviewer/credential/source; no source, attribution, safety, owner, URL, canonical, or index change",Build; custom Phase 6 gate; ownership/index/source/safety/schema parity; browser QA
https://echobuddha.com/articles/non-attachment-in-relationships/,Echo Buddha Organization,Echo Buddha Editorial organizational byline where authorship is meaningful,https://www.accesstoinsight.org/tipitaka/kn/dhp/dhp.20.budd.html | https://suttacentral.net/sn56.11/en/sujato,No unsupported attribution,Site-level correction path,AI/tool assistance bounded; publisher accountable,NO_CRITICAL_ISSUE,Echo Buddha publisher; Echo Buddha Editorial Organization author where applicable,SCENARIO_GUIDE,indexable,UX/navigation/discoverability/presentation only with trust meaning preserved,"No invented person/team/reviewer/credential/source; no source, attribution, safety, owner, URL, canonical, or index change",Build; custom Phase 6 gate; ownership/index/source/safety/schema parity; browser QA
https://echobuddha.com/articles/right-livelihood-modern-life/,Echo Buddha Organization,Echo Buddha Editorial organizational byline where authorship is meaningful,https://www.dhammatalks.org/suttas/SN/SN45_8.html | https://www.accesstoinsight.org/tipitaka/dn/dn.31.0.ksw0.html,No unsupported attribution,Site-level correction path,AI/tool assistance bounded; publisher accountable,NO_CRITICAL_ISSUE,Echo Buddha publisher; Echo Buddha Editorial Organization author where applicable,PRACTICAL_APPLICATION,indexable,UX/navigation/discoverability/presentation only with trust meaning preserved,"No invented person/team/reviewer/credential/source; no source, attribution, safety, owner, URL, canonical, or index change",Build; custom Phase 6 gate; ownership/index/source/safety/schema parity; browser QA
https://echobuddha.com/articles/right-speech-buddhism/,Echo Buddha Organization,Echo Buddha Editorial organizational byline where authorship is meaningful,https://suttacentral.net/sn45.8/en/sujato | https://www.accesstoinsight.org/ptf/dhamma/sacca/sacca4/samma-vaca/index.html | https://www.dhammatalks.org/suttas/SN/SN45_8.html,No unsupported attribution,Site-level correction path,AI/tool assistance bounded; publisher accountable,NO_CRITICAL_ISSUE,Echo Buddha publisher; Echo Buddha Editorial Organization author where applicable,PRIMARY_PILLAR,indexable,UX/navigation/discoverability/presentation only with trust meaning preserved,"No invented person/team/reviewer/credential/source; no source, attribution, safety, owner, URL, canonical, or index change",Build; custom Phase 6 gate; ownership/index/source/safety/schema parity; browser QA
https://echobuddha.com/articles/right-speech-examples/,Echo Buddha Organization,Echo Buddha Editorial organizational byline where authorship is meaningful,https://www.accesstoinsight.org/ptf/dhamma/sacca/sacca4/samma-vaca/index.html | https://www.dhammatalks.org/suttas/SN/SN45_8.html,No unsupported attribution,Site-level correction path,AI/tool assistance bounded; publisher accountable,NO_CRITICAL_ISSUE,Echo Buddha publisher; Echo Buddha Editorial Organization author where applicable,SUPPORTING_EXPLANATION,indexable,UX/navigation/discoverability/presentation only with trust meaning preserved,"No invented person/team/reviewer/credential/source; no source, attribution, safety, owner, URL, canonical, or index change",Build; custom Phase 6 gate; ownership/index/source/safety/schema parity; browser QA
https://echobuddha.com/articles/three-poisons-buddhism-explained/,Echo Buddha Organization,Echo Buddha Editorial organizational byline where authorship is meaningful,https://www.accesstoinsight.org/tipitaka/an/an03/an03.069.than.html,No unsupported attribution,Site-level correction path,AI/tool assistance bounded; publisher accountable,NO_CRITICAL_ISSUE,Echo Buddha publisher; Echo Buddha Editorial Organization author where applicable,PRIMARY_PILLAR,indexable,UX/navigation/discoverability/presentation only with trust meaning preserved,"No invented person/team/reviewer/credential/source; no source, attribution, safety, owner, URL, canonical, or index change",Build; custom Phase 6 gate; ownership/index/source/safety/schema parity; browser QA
https://echobuddha.com/articles/three-ways-to-practice-patience/,Echo Buddha Organization,Echo Buddha Editorial organizational byline where authorship is meaningful,Medium,No unsupported attribution,Site-level correction path,AI/tool assistance bounded; publisher accountable,NO_CRITICAL_ISSUE,Echo Buddha publisher; Echo Buddha Editorial Organization author where applicable,PRIMARY_PILLAR,indexable,UX/navigation/discoverability/presentation only with trust meaning preserved,"No invented person/team/reviewer/credential/source; no source, attribution, safety, owner, URL, canonical, or index change",Build; custom Phase 6 gate; ownership/index/source/safety/schema parity; browser QA
https://echobuddha.com/articles/visiting-a-buddhist-temple-respectfully/,Echo Buddha Organization,Echo Buddha Editorial organizational byline where authorship is meaningful,https://www.accesstoinsight.org/tipitaka/kn/dhp/dhp.14.budd.html | https://www.dhammatalks.org/suttas/SN/SN45_2.html | https://amaravati.org/visiting/frequently-asked-questions/ | https://bswa.org/bswp/wp-content/uploads/2022/08/Buddhist-Etiquette-BSWA.pdf,No unsupported attribution,Site-level correction path,AI/tool assistance bounded; publisher accountable,NO_CRITICAL_ISSUE,Echo Buddha publisher; Echo Buddha Editorial Organization author where applicable,SCENARIO_GUIDE,indexable,UX/navigation/discoverability/presentation only with trust meaning preserved,"No invented person/team/reviewer/credential/source; no source, attribution, safety, owner, URL, canonical, or index change",Build; custom Phase 6 gate; ownership/index/source/safety/schema parity; browser QA
https://echobuddha.com/articles/walking-meditation-step-by-step/,Echo Buddha Organization,Echo Buddha Editorial organizational byline where authorship is meaningful,Medium,No unsupported attribution,Site-level correction path,AI/tool assistance bounded; publisher accountable,NO_CRITICAL_ISSUE,Echo Buddha publisher; Echo Buddha Editorial Organization author where applicable,PRACTICE_GUIDE,indexable,UX/navigation/discoverability/presentation only with trust meaning preserved,"No invented person/team/reviewer/credential/source; no source, attribution, safety, owner, URL, canonical, or index change",Build; custom Phase 6 gate; ownership/index/source/safety/schema parity; browser QA
https://echobuddha.com/articles/what-is-buddhism-beginner-guide/,Echo Buddha Organization,Echo Buddha Editorial organizational byline where authorship is meaningful,https://suttacentral.net/sn56.11/en/sujato | https://www.dhammatalks.org/suttas/SN/SN45_8.html,No unsupported attribution,Site-level correction path,AI/tool assistance bounded; publisher accountable,NO_CRITICAL_ISSUE,Echo Buddha publisher; Echo Buddha Editorial Organization author where applicable,BEGINNER_FOUNDATION,indexable,UX/navigation/discoverability/presentation only with trust meaning preserved,"No invented person/team/reviewer/credential/source; no source, attribution, safety, owner, URL, canonical, or index change",Build; custom Phase 6 gate; ownership/index/source/safety/schema parity; browser QA
https://echobuddha.com/articles/what-is-karma-in-buddhism/,Echo Buddha Organization,Echo Buddha Editorial organizational byline where authorship is meaningful,https://suttacentral.net/an6.63/en/sujato,No unsupported attribution,Site-level correction path,AI/tool assistance bounded; publisher accountable,NO_CRITICAL_ISSUE,Echo Buddha publisher; Echo Buddha Editorial Organization author where applicable,PRACTICAL_APPLICATION,indexable,UX/navigation/discoverability/presentation only with trust meaning preserved,"No invented person/team/reviewer/credential/source; no source, attribution, safety, owner, URL, canonical, or index change",Build; custom Phase 6 gate; ownership/index/source/safety/schema parity; browser QA
https://echobuddha.com/articles/what-is-sangha-buddhist-community/,Echo Buddha Organization,Echo Buddha Editorial organizational byline where authorship is meaningful,https://www.dhammatalks.org/suttas/SN/SN45_2.html | https://www.accesstoinsight.org/tipitaka/kn/dhp/dhp.14.budd.html,No unsupported attribution,Site-level correction path,AI/tool assistance bounded; publisher accountable,NO_CRITICAL_ISSUE,Echo Buddha publisher; Echo Buddha Editorial Organization author where applicable,PRIMARY_PILLAR,indexable,UX/navigation/discoverability/presentation only with trust meaning preserved,"No invented person/team/reviewer/credential/source; no source, attribution, safety, owner, URL, canonical, or index change",Build; custom Phase 6 gate; ownership/index/source/safety/schema parity; browser QA
https://echobuddha.com/authors/echo-buddha-editorial/,Echo Buddha Organization,Echo Buddha Editorial organizational byline where authorship is meaningful,Medium,No unsupported attribution,Real publisher email and materiality workflow,AI/tool assistance bounded; publisher accountable,NO_CRITICAL_ISSUE,Echo Buddha publisher; Echo Buddha Editorial Organization author where applicable,TRUST_POLICY,indexable,UX/navigation/discoverability/presentation only with trust meaning preserved,"No invented person/team/reviewer/credential/source; no source, attribution, safety, owner, URL, canonical, or index change",Build; custom Phase 6 gate; ownership/index/source/safety/schema parity; browser QA
https://echobuddha.com/buddhist-sources-and-citations/,Echo Buddha Organization,Echo Buddha Editorial organizational byline where authorship is meaningful,Medium,No unsupported attribution,Real publisher email and materiality workflow,AI/tool assistance bounded; publisher accountable,NO_CRITICAL_ISSUE,Echo Buddha publisher; Echo Buddha Editorial Organization author where applicable,TRUST_POLICY,indexable,UX/navigation/discoverability/presentation only with trust meaning preserved,"No invented person/team/reviewer/credential/source; no source, attribution, safety, owner, URL, canonical, or index change",Build; custom Phase 6 gate; ownership/index/source/safety/schema parity; browser QA
https://echobuddha.com/contact/,Echo Buddha Organization,Echo Buddha Editorial organizational byline where authorship is meaningful,Medium,No unsupported attribution,Real publisher email and materiality workflow,AI/tool assistance bounded; publisher accountable,NO_CRITICAL_ISSUE,Echo Buddha publisher; Echo Buddha Editorial Organization author where applicable,TRUST_POLICY,indexable,UX/navigation/discoverability/presentation only with trust meaning preserved,"No invented person/team/reviewer/credential/source; no source, attribution, safety, owner, URL, canonical, or index change",Build; custom Phase 6 gate; ownership/index/source/safety/schema parity; browser QA
https://echobuddha.com/corrections/,Echo Buddha Organization,Echo Buddha Editorial organizational byline where authorship is meaningful,Medium,No unsupported attribution,Real publisher email and materiality workflow,AI/tool assistance bounded; publisher accountable,NO_CRITICAL_ISSUE,Echo Buddha publisher; Echo Buddha Editorial Organization author where applicable,TRUST_POLICY,indexable,UX/navigation/discoverability/presentation only with trust meaning preserved,"No invented person/team/reviewer/credential/source; no source, attribution, safety, owner, URL, canonical, or index change",Build; custom Phase 6 gate; ownership/index/source/safety/schema parity; browser QA
https://echobuddha.com/daily-reflections/anger-as-a-signal/,Echo Buddha Organization,Echo Buddha Editorial organizational byline where authorship is meaningful,Medium,No unsupported attribution,Site-level correction path,AI/tool assistance bounded; publisher accountable,NO_CRITICAL_ISSUE,Echo Buddha publisher; Echo Buddha Editorial Organization author where applicable,RECURRING_USER_CONTENT,"noindex, follow",UX/navigation/discoverability/presentation only with trust meaning preserved,"No invented person/team/reviewer/credential/source; no source, attribution, safety, owner, URL, canonical, or index change",Build; custom Phase 6 gate; ownership/index/source/safety/schema parity; browser QA
https://echobuddha.com/daily-reflections/begin-again-without-shame/,Echo Buddha Organization,Echo Buddha Editorial organizational byline where authorship is meaningful,Medium,No unsupported attribution,Site-level correction path,AI/tool assistance bounded; publisher accountable,NO_CRITICAL_ISSUE,Echo Buddha publisher; Echo Buddha Editorial Organization author where applicable,RECURRING_USER_CONTENT,"noindex, follow",UX/navigation/discoverability/presentation only with trust meaning preserved,"No invented person/team/reviewer/credential/source; no source, attribution, safety, owner, URL, canonical, or index change",Build; custom Phase 6 gate; ownership/index/source/safety/schema parity; browser QA
https://echobuddha.com/daily-reflections/compassion-begins-nearby/,Echo Buddha Organization,Echo Buddha Editorial organizational byline where authorship is meaningful,Medium,No unsupported attribution,Site-level correction path,AI/tool assistance bounded; publisher accountable,NO_CRITICAL_ISSUE,Echo Buddha publisher; Echo Buddha Editorial Organization author where applicable,RECURRING_USER_CONTENT,"noindex, follow",UX/navigation/discoverability/presentation only with trust meaning preserved,"No invented person/team/reviewer/credential/source; no source, attribution, safety, owner, URL, canonical, or index change",Build; custom Phase 6 gate; ownership/index/source/safety/schema parity; browser QA
https://echobuddha.com/daily-reflections/enough-for-this-moment/,Echo Buddha Organization,Echo Buddha Editorial organizational byline where authorship is meaningful,Medium,No unsupported attribution,Site-level correction path,AI/tool assistance bounded; publisher accountable,NO_CRITICAL_ISSUE,Echo Buddha publisher; Echo Buddha Editorial Organization author where applicable,RECURRING_USER_CONTENT,"noindex, follow",UX/navigation/discoverability/presentation only with trust meaning preserved,"No invented person/team/reviewer/credential/source; no source, attribution, safety, owner, URL, canonical, or index change",Build; custom Phase 6 gate; ownership/index/source/safety/schema parity; browser QA
https://echobuddha.com/daily-reflections/evening-release/,Echo Buddha Organization,Echo Buddha Editorial organizational byline where authorship is meaningful,Medium,No unsupported attribution,Site-level correction path,AI/tool assistance bounded; publisher accountable,NO_CRITICAL_ISSUE,Echo Buddha publisher; Echo Buddha Editorial Organization author where applicable,RECURRING_USER_CONTENT,"noindex, follow",UX/navigation/discoverability/presentation only with trust meaning preserved,"No invented person/team/reviewer/credential/source; no source, attribution, safety, owner, URL, canonical, or index change",Build; custom Phase 6 gate; ownership/index/source/safety/schema parity; browser QA
https://echobuddha.com/daily-reflections/family-patience/,Echo Buddha Organization,Echo Buddha Editorial organizational byline where authorship is meaningful,Medium,No unsupported attribution,Site-level correction path,AI/tool assistance bounded; publisher accountable,NO_CRITICAL_ISSUE,Echo Buddha publisher; Echo Buddha Editorial Organization author where applicable,RECURRING_USER_CONTENT,"noindex, follow",UX/navigation/discoverability/presentation only with trust meaning preserved,"No invented person/team/reviewer/credential/source; no source, attribution, safety, owner, URL, canonical, or index change",Build; custom Phase 6 gate; ownership/index/source/safety/schema parity; browser QA
https://echobuddha.com/daily-reflections/forgiveness-without-approval/,Echo Buddha Organization,Echo Buddha Editorial organizational byline where authorship is meaningful,Medium,No unsupported attribution,Site-level correction path,AI/tool assistance bounded; publisher accountable,NO_CRITICAL_ISSUE,Echo Buddha publisher; Echo Buddha Editorial Organization author where applicable,RECURRING_USER_CONTENT,"noindex, follow",UX/navigation/discoverability/presentation only with trust meaning preserved,"No invented person/team/reviewer/credential/source; no source, attribution, safety, owner, URL, canonical, or index change",Build; custom Phase 6 gate; ownership/index/source/safety/schema parity; browser QA
https://echobuddha.com/daily-reflections/gratitude-for-change/,Echo Buddha Organization,Echo Buddha Editorial organizational byline where authorship is meaningful,Medium,No unsupported attribution,Site-level correction path,AI/tool assistance bounded; publisher accountable,NO_CRITICAL_ISSUE,Echo Buddha publisher; Echo Buddha Editorial Organization author where applicable,RECURRING_USER_CONTENT,"noindex, follow",UX/navigation/discoverability/presentation only with trust meaning preserved,"No invented person/team/reviewer/credential/source; no source, attribution, safety, owner, URL, canonical, or index change",Build; custom Phase 6 gate; ownership/index/source/safety/schema parity; browser QA
https://echobuddha.com/daily-reflections/gratitude-notices-enough/,Echo Buddha Organization,Echo Buddha Editorial organizational byline where authorship is meaningful,Medium,No unsupported attribution,Site-level correction path,AI/tool assistance bounded; publisher accountable,NO_CRITICAL_ISSUE,Echo Buddha publisher; Echo Buddha Editorial Organization author where applicable,RECURRING_USER_CONTENT,"noindex, follow",UX/navigation/discoverability/presentation only with trust meaning preserved,"No invented person/team/reviewer/credential/source; no source, attribution, safety, owner, URL, canonical, or index change",Build; custom Phase 6 gate; ownership/index/source/safety/schema parity; browser QA
https://echobuddha.com/daily-reflections/impermanence-softens-clinging/,Echo Buddha Organization,Echo Buddha Editorial organizational byline where authorship is meaningful,Medium,No unsupported attribution,Site-level correction path,AI/tool assistance bounded; publisher accountable,NO_CRITICAL_ISSUE,Echo Buddha publisher; Echo Buddha Editorial Organization author where applicable,RECURRING_USER_CONTENT,"noindex, follow",UX/navigation/discoverability/presentation only with trust meaning preserved,"No invented person/team/reviewer/credential/source; no source, attribution, safety, owner, URL, canonical, or index change",Build; custom Phase 6 gate; ownership/index/source/safety/schema parity; browser QA
https://echobuddha.com/daily-reflections/,Echo Buddha Organization,Echo Buddha Editorial organizational byline where authorship is meaningful,Medium,No unsupported attribution,Site-level correction path,AI/tool assistance bounded; publisher accountable,NO_CRITICAL_ISSUE,Echo Buddha publisher; Echo Buddha Editorial Organization author where applicable,HUB,indexable,UX/navigation/discoverability/presentation only with trust meaning preserved,"No invented person/team/reviewer/credential/source; no source, attribution, safety, owner, URL, canonical, or index change",Build; custom Phase 6 gate; ownership/index/source/safety/schema parity; browser QA
https://echobuddha.com/daily-reflections/kindness-with-boundaries/,Echo Buddha Organization,Echo Buddha Editorial organizational byline where authorship is meaningful,Medium,No unsupported attribution,Site-level correction path,AI/tool assistance bounded; publisher accountable,NO_CRITICAL_ISSUE,Echo Buddha publisher; Echo Buddha Editorial Organization author where applicable,RECURRING_USER_CONTENT,"noindex, follow",UX/navigation/discoverability/presentation only with trust meaning preserved,"No invented person/team/reviewer/credential/source; no source, attribution, safety, owner, URL, canonical, or index change",Build; custom Phase 6 gate; ownership/index/source/safety/schema parity; browser QA
https://echobuddha.com/daily-reflections/let-the-feeling-pass/,Echo Buddha Organization,Echo Buddha Editorial organizational byline where authorship is meaningful,Medium,No unsupported attribution,Site-level correction path,AI/tool assistance bounded; publisher accountable,NO_CRITICAL_ISSUE,Echo Buddha publisher; Echo Buddha Editorial Organization author where applicable,RECURRING_USER_CONTENT,"noindex, follow",UX/navigation/discoverability/presentation only with trust meaning preserved,"No invented person/team/reviewer/credential/source; no source, attribution, safety, owner, URL, canonical, or index change",Build; custom Phase 6 gate; ownership/index/source/safety/schema parity; browser QA
https://echobuddha.com/daily-reflections/letting-go-keeps-care/,Echo Buddha Organization,Echo Buddha Editorial organizational byline where authorship is meaningful,Medium,No unsupported attribution,Site-level correction path,AI/tool assistance bounded; publisher accountable,NO_CRITICAL_ISSUE,Echo Buddha publisher; Echo Buddha Editorial Organization author where applicable,RECURRING_USER_CONTENT,"noindex, follow",UX/navigation/discoverability/presentation only with trust meaning preserved,"No invented person/team/reviewer/credential/source; no source, attribution, safety, owner, URL, canonical, or index change",Build; custom Phase 6 gate; ownership/index/source/safety/schema parity; browser QA
https://echobuddha.com/daily-reflections/listen-before-answering/,Echo Buddha Organization,Echo Buddha Editorial organizational byline where authorship is meaningful,Medium,No unsupported attribution,Site-level correction path,AI/tool assistance bounded; publisher accountable,NO_CRITICAL_ISSUE,Echo Buddha publisher; Echo Buddha Editorial Organization author where applicable,RECURRING_USER_CONTENT,"noindex, follow",UX/navigation/discoverability/presentation only with trust meaning preserved,"No invented person/team/reviewer/credential/source; no source, attribution, safety, owner, URL, canonical, or index change",Build; custom Phase 6 gate; ownership/index/source/safety/schema parity; browser QA
https://echobuddha.com/daily-reflections/metta-for-a-difficult-person/,Echo Buddha Organization,Echo Buddha Editorial organizational byline where authorship is meaningful,Medium,No unsupported attribution,Site-level correction path,AI/tool assistance bounded; publisher accountable,NO_CRITICAL_ISSUE,Echo Buddha publisher; Echo Buddha Editorial Organization author where applicable,RECURRING_USER_CONTENT,"noindex, follow",UX/navigation/discoverability/presentation only with trust meaning preserved,"No invented person/team/reviewer/credential/source; no source, attribution, safety, owner, URL, canonical, or index change",Build; custom Phase 6 gate; ownership/index/source/safety/schema parity; browser QA
https://echobuddha.com/daily-reflections/mindful-work/,Echo Buddha Organization,Echo Buddha Editorial organizational byline where authorship is meaningful,Medium,No unsupported attribution,Site-level correction path,AI/tool assistance bounded; publisher accountable,NO_CRITICAL_ISSUE,Echo Buddha publisher; Echo Buddha Editorial Organization author where applicable,RECURRING_USER_CONTENT,"noindex, follow",UX/navigation/discoverability/presentation only with trust meaning preserved,"No invented person/team/reviewer/credential/source; no source, attribution, safety, owner, URL, canonical, or index change",Build; custom Phase 6 gate; ownership/index/source/safety/schema parity; browser QA
https://echobuddha.com/daily-reflections/morning-intention/,Echo Buddha Organization,Echo Buddha Editorial organizational byline where authorship is meaningful,Medium,No unsupported attribution,Site-level correction path,AI/tool assistance bounded; publisher accountable,NO_CRITICAL_ISSUE,Echo Buddha publisher; Echo Buddha Editorial Organization author where applicable,RECURRING_USER_CONTENT,"noindex, follow",UX/navigation/discoverability/presentation only with trust meaning preserved,"No invented person/team/reviewer/credential/source; no source, attribution, safety, owner, URL, canonical, or index change",Build; custom Phase 6 gate; ownership/index/source/safety/schema parity; browser QA
https://echobuddha.com/daily-reflections/notice-before-fixing/,Echo Buddha Organization,Echo Buddha Editorial organizational byline where authorship is meaningful,Medium,No unsupported attribution,Site-level correction path,AI/tool assistance bounded; publisher accountable,NO_CRITICAL_ISSUE,Echo Buddha publisher; Echo Buddha Editorial Organization author where applicable,RECURRING_USER_CONTENT,"noindex, follow",UX/navigation/discoverability/presentation only with trust meaning preserved,"No invented person/team/reviewer/credential/source; no source, attribution, safety, owner, URL, canonical, or index change",Build; custom Phase 6 gate; ownership/index/source/safety/schema parity; browser QA
https://echobuddha.com/daily-reflections/one-honest-breath/,Echo Buddha Organization,Echo Buddha Editorial organizational byline where authorship is meaningful,Medium,No unsupported attribution,Site-level correction path,AI/tool assistance bounded; publisher accountable,NO_CRITICAL_ISSUE,Echo Buddha publisher; Echo Buddha Editorial Organization author where applicable,RECURRING_USER_CONTENT,"noindex, follow",UX/navigation/discoverability/presentation only with trust meaning preserved,"No invented person/team/reviewer/credential/source; no source, attribution, safety, owner, URL, canonical, or index change",Build; custom Phase 6 gate; ownership/index/source/safety/schema parity; browser QA
https://echobuddha.com/daily-reflections/one-step-on-the-path/,Echo Buddha Organization,Echo Buddha Editorial organizational byline where authorship is meaningful,Medium,No unsupported attribution,Site-level correction path,AI/tool assistance bounded; publisher accountable,NO_CRITICAL_ISSUE,Echo Buddha publisher; Echo Buddha Editorial Organization author where applicable,RECURRING_USER_CONTENT,"noindex, follow",UX/navigation/discoverability/presentation only with trust meaning preserved,"No invented person/team/reviewer/credential/source; no source, attribution, safety, owner, URL, canonical, or index change",Build; custom Phase 6 gate; ownership/index/source/safety/schema parity; browser QA
https://echobuddha.com/daily-reflections/patience-before-anger-speaks/,Echo Buddha Organization,Echo Buddha Editorial organizational byline where authorship is meaningful,Medium,No unsupported attribution,Site-level correction path,AI/tool assistance bounded; publisher accountable,NO_CRITICAL_ISSUE,Echo Buddha publisher; Echo Buddha Editorial Organization author where applicable,RECURRING_USER_CONTENT,"noindex, follow",UX/navigation/discoverability/presentation only with trust meaning preserved,"No invented person/team/reviewer/credential/source; no source, attribution, safety, owner, URL, canonical, or index change",Build; custom Phase 6 gate; ownership/index/source/safety/schema parity; browser QA
https://echobuddha.com/daily-reflections/rest-without-escape/,Echo Buddha Organization,Echo Buddha Editorial organizational byline where authorship is meaningful,Medium,No unsupported attribution,Site-level correction path,AI/tool assistance bounded; publisher accountable,NO_CRITICAL_ISSUE,Echo Buddha publisher; Echo Buddha Editorial Organization author where applicable,RECURRING_USER_CONTENT,"noindex, follow",UX/navigation/discoverability/presentation only with trust meaning preserved,"No invented person/team/reviewer/credential/source; no source, attribution, safety, owner, URL, canonical, or index change",Build; custom Phase 6 gate; ownership/index/source/safety/schema parity; browser QA
https://echobuddha.com/daily-reflections/see-the-conditions/,Echo Buddha Organization,Echo Buddha Editorial organizational byline where authorship is meaningful,Medium,No unsupported attribution,Site-level correction path,AI/tool assistance bounded; publisher accountable,NO_CRITICAL_ISSUE,Echo Buddha publisher; Echo Buddha Editorial Organization author where applicable,RECURRING_USER_CONTENT,"noindex, follow",UX/navigation/discoverability/presentation only with trust meaning preserved,"No invented person/team/reviewer/credential/source; no source, attribution, safety, owner, URL, canonical, or index change",Build; custom Phase 6 gate; ownership/index/source/safety/schema parity; browser QA
https://echobuddha.com/daily-reflections/simple-goodwill/,Echo Buddha Organization,Echo Buddha Editorial organizational byline where authorship is meaningful,Medium,No unsupported attribution,Site-level correction path,AI/tool assistance bounded; publisher accountable,NO_CRITICAL_ISSUE,Echo Buddha publisher; Echo Buddha Editorial Organization author where applicable,RECURRING_USER_CONTENT,"noindex, follow",UX/navigation/discoverability/presentation only with trust meaning preserved,"No invented person/team/reviewer/credential/source; no source, attribution, safety, owner, URL, canonical, or index change",Build; custom Phase 6 gate; ownership/index/source/safety/schema parity; browser QA
https://echobuddha.com/daily-reflections/small-actions-shape-the-mind/,Echo Buddha Organization,Echo Buddha Editorial organizational byline where authorship is meaningful,Medium,No unsupported attribution,Site-level correction path,AI/tool assistance bounded; publisher accountable,NO_CRITICAL_ISSUE,Echo Buddha publisher; Echo Buddha Editorial Organization author where applicable,RECURRING_USER_CONTENT,"noindex, follow",UX/navigation/discoverability/presentation only with trust meaning preserved,"No invented person/team/reviewer/credential/source; no source, attribution, safety, owner, URL, canonical, or index change",Build; custom Phase 6 gate; ownership/index/source/safety/schema parity; browser QA
https://echobuddha.com/daily-reflections/soften-the-inner-argument/,Echo Buddha Organization,Echo Buddha Editorial organizational byline where authorship is meaningful,Medium,No unsupported attribution,Site-level correction path,AI/tool assistance bounded; publisher accountable,NO_CRITICAL_ISSUE,Echo Buddha publisher; Echo Buddha Editorial Organization author where applicable,RECURRING_USER_CONTENT,"noindex, follow",UX/navigation/discoverability/presentation only with trust meaning preserved,"No invented person/team/reviewer/credential/source; no source, attribution, safety, owner, URL, canonical, or index change",Build; custom Phase 6 gate; ownership/index/source/safety/schema parity; browser QA
https://echobuddha.com/daily-reflections/speech-can-reduce-suffering/,Echo Buddha Organization,Echo Buddha Editorial organizational byline where authorship is meaningful,Medium,No unsupported attribution,Site-level correction path,AI/tool assistance bounded; publisher accountable,NO_CRITICAL_ISSUE,Echo Buddha publisher; Echo Buddha Editorial Organization author where applicable,RECURRING_USER_CONTENT,"noindex, follow",UX/navigation/discoverability/presentation only with trust meaning preserved,"No invented person/team/reviewer/credential/source; no source, attribution, safety, owner, URL, canonical, or index change",Build; custom Phase 6 gate; ownership/index/source/safety/schema parity; browser QA
https://echobuddha.com/daily-reflections/the-first-truth-is-kind/,Echo Buddha Organization,Echo Buddha Editorial organizational byline where authorship is meaningful,Medium,No unsupported attribution,Site-level correction path,AI/tool assistance bounded; publisher accountable,NO_CRITICAL_ISSUE,Echo Buddha publisher; Echo Buddha Editorial Organization author where applicable,RECURRING_USER_CONTENT,"noindex, follow",UX/navigation/discoverability/presentation only with trust meaning preserved,"No invented person/team/reviewer/credential/source; no source, attribution, safety, owner, URL, canonical, or index change",Build; custom Phase 6 gate; ownership/index/source/safety/schema parity; browser QA
https://echobuddha.com/daily-reflections/thoughts-are-visitors/,Echo Buddha Organization,Echo Buddha Editorial organizational byline where authorship is meaningful,Medium,No unsupported attribution,Site-level correction path,AI/tool assistance bounded; publisher accountable,NO_CRITICAL_ISSUE,Echo Buddha publisher; Echo Buddha Editorial Organization author where applicable,RECURRING_USER_CONTENT,"noindex, follow",UX/navigation/discoverability/presentation only with trust meaning preserved,"No invented person/team/reviewer/credential/source; no source, attribution, safety, owner, URL, canonical, or index change",Build; custom Phase 6 gate; ownership/index/source/safety/schema parity; browser QA
https://echobuddha.com/daily-reflections/today/,Echo Buddha Organization,Echo Buddha Editorial organizational byline where authorship is meaningful,NOT_CRITICAL,No unsupported attribution,Site-level correction path,AI/tool assistance bounded; publisher accountable,NO_CRITICAL_ISSUE,Echo Buddha publisher; Echo Buddha Editorial Organization author where applicable,PREEXISTING_NOINDEX_OR_ERROR_ROLE,"noindex, follow",UX/navigation/discoverability/presentation only with trust meaning preserved,"No invented person/team/reviewer/credential/source; no source, attribution, safety, owner, URL, canonical, or index change",Build; custom Phase 6 gate; ownership/index/source/safety/schema parity; browser QA
https://echobuddha.com/daily-reflections/walking-as-practice/,Echo Buddha Organization,Echo Buddha Editorial organizational byline where authorship is meaningful,Medium,No unsupported attribution,Site-level correction path,AI/tool assistance bounded; publisher accountable,NO_CRITICAL_ISSUE,Echo Buddha publisher; Echo Buddha Editorial Organization author where applicable,RECURRING_USER_CONTENT,"noindex, follow",UX/navigation/discoverability/presentation only with trust meaning preserved,"No invented person/team/reviewer/credential/source; no source, attribution, safety, owner, URL, canonical, or index change",Build; custom Phase 6 gate; ownership/index/source/safety/schema parity; browser QA
https://echobuddha.com/disclaimer/,Echo Buddha Organization,Echo Buddha Editorial organizational byline where authorship is meaningful,Medium,No unsupported attribution,Real publisher email and materiality workflow,AI/tool assistance bounded; publisher accountable,NO_CRITICAL_ISSUE,Echo Buddha publisher; Echo Buddha Editorial Organization author where applicable,TRUST_POLICY,indexable,UX/navigation/discoverability/presentation only with trust meaning preserved,"No invented person/team/reviewer/credential/source; no source, attribution, safety, owner, URL, canonical, or index change",Build; custom Phase 6 gate; ownership/index/source/safety/schema parity; browser QA
https://echobuddha.com/editorial-policy/,Echo Buddha Organization,Echo Buddha Editorial organizational byline where authorship is meaningful,Medium,No unsupported attribution,Real publisher email and materiality workflow,AI/tool assistance bounded; publisher accountable,NO_CRITICAL_ISSUE,Echo Buddha publisher; Echo Buddha Editorial Organization author where applicable,TRUST_POLICY,indexable,UX/navigation/discoverability/presentation only with trust meaning preserved,"No invented person/team/reviewer/credential/source; no source, attribution, safety, owner, URL, canonical, or index change",Build; custom Phase 6 gate; ownership/index/source/safety/schema parity; browser QA
https://echobuddha.com/how-echo-buddha-creates-content/,Echo Buddha Organization,Echo Buddha Editorial organizational byline where authorship is meaningful,Medium,No unsupported attribution,Real publisher email and materiality workflow,AI/tool assistance bounded; publisher accountable,NO_CRITICAL_ISSUE,Echo Buddha publisher; Echo Buddha Editorial Organization author where applicable,TRUST_POLICY,indexable,UX/navigation/discoverability/presentation only with trust meaning preserved,"No invented person/team/reviewer/credential/source; no source, attribution, safety, owner, URL, canonical, or index change",Build; custom Phase 6 gate; ownership/index/source/safety/schema parity; browser QA
https://echobuddha.com/,Echo Buddha Organization,Echo Buddha Editorial organizational byline where authorship is meaningful,Medium,No unsupported attribution,Site-level correction path,AI/tool assistance bounded; publisher accountable,NO_CRITICAL_ISSUE,Echo Buddha publisher; Echo Buddha Editorial Organization author where applicable,HUB,indexable,UX/navigation/discoverability/presentation only with trust meaning preserved,"No invented person/team/reviewer/credential/source; no source, attribution, safety, owner, URL, canonical, or index change",Build; custom Phase 6 gate; ownership/index/source/safety/schema parity; browser QA
https://echobuddha.com/learn/buddhism-101/a-simple-daily-buddhist-practice/,Echo Buddha Organization,Echo Buddha Editorial organizational byline where authorship is meaningful,https://www.accesstoinsight.org/tipitaka/sn/sn45/sn45.008.than.html,No unsupported attribution,Site-level correction path,AI/tool assistance bounded; publisher accountable,NO_CRITICAL_ISSUE,Echo Buddha publisher; Echo Buddha Editorial Organization author where applicable,PRACTICAL_APPLICATION,indexable,UX/navigation/discoverability/presentation only with trust meaning preserved,"No invented person/team/reviewer/credential/source; no source, attribution, safety, owner, URL, canonical, or index change",Build; custom Phase 6 gate; ownership/index/source/safety/schema parity; browser QA
https://echobuddha.com/learn/buddhism-101/dependent-origination-explained/,Echo Buddha Organization,Echo Buddha Editorial organizational byline where authorship is meaningful,https://www.accesstoinsight.org/tipitaka/sn/sn12/sn12.002.than.html,No unsupported attribution,Site-level correction path,AI/tool assistance bounded; publisher accountable,NO_CRITICAL_ISSUE,Echo Buddha publisher; Echo Buddha Editorial Organization author where applicable,BEGINNER_FOUNDATION,indexable,UX/navigation/discoverability/presentation only with trust meaning preserved,"No invented person/team/reviewer/credential/source; no source, attribution, safety, owner, URL, canonical, or index change",Build; custom Phase 6 gate; ownership/index/source/safety/schema parity; browser QA
https://echobuddha.com/learn/buddhism-101/five-aggregates-buddhism/,Echo Buddha Organization,Echo Buddha Editorial organizational byline where authorship is meaningful,https://www.accesstoinsight.org/tipitaka/sn/sn22/sn22.048.than.html,No unsupported attribution,Site-level correction path,AI/tool assistance bounded; publisher accountable,NO_CRITICAL_ISSUE,Echo Buddha publisher; Echo Buddha Editorial Organization author where applicable,SUPPORTING_EXPLANATION,indexable,UX/navigation/discoverability/presentation only with trust meaning preserved,"No invented person/team/reviewer/credential/source; no source, attribution, safety, owner, URL, canonical, or index change",Build; custom Phase 6 gate; ownership/index/source/safety/schema parity; browser QA
https://echobuddha.com/learn/buddhism-101/five-hindrances-in-buddhism/,Echo Buddha Organization,Echo Buddha Editorial organizational byline where authorship is meaningful,https://www.accesstoinsight.org/lib/authors/nyanaponika/wheel026.html,No unsupported attribution,Site-level correction path,AI/tool assistance bounded; publisher accountable,NO_CRITICAL_ISSUE,Echo Buddha publisher; Echo Buddha Editorial Organization author where applicable,BEGINNER_FOUNDATION,indexable,UX/navigation/discoverability/presentation only with trust meaning preserved,"No invented person/team/reviewer/credential/source; no source, attribution, safety, owner, URL, canonical, or index change",Build; custom Phase 6 gate; ownership/index/source/safety/schema parity; browser QA
https://echobuddha.com/learn/buddhism-101/five-precepts-buddhism/,Echo Buddha Organization,Echo Buddha Editorial organizational byline where authorship is meaningful,https://www.accesstoinsight.org/ptf/dhamma/sila/pancasila.html,No unsupported attribution,Site-level correction path,AI/tool assistance bounded; publisher accountable,NO_CRITICAL_ISSUE,Echo Buddha publisher; Echo Buddha Editorial Organization author where applicable,PRIMARY_PILLAR,indexable,UX/navigation/discoverability/presentation only with trust meaning preserved,"No invented person/team/reviewer/credential/source; no source, attribution, safety, owner, URL, canonical, or index change",Build; custom Phase 6 gate; ownership/index/source/safety/schema parity; browser QA
https://echobuddha.com/learn/buddhism-101/four-brahmaviharas/,Echo Buddha Organization,Echo Buddha Editorial organizational byline where authorship is meaningful,https://www.accesstoinsight.org/lib/authors/nyanaponika/wheel006.html | https://www.accesstoinsight.org/tipitaka/kn/snp/snp.1.08.than.html,No unsupported attribution,Site-level correction path,AI/tool assistance bounded; publisher accountable,NO_CRITICAL_ISSUE,Echo Buddha publisher; Echo Buddha Editorial Organization author where applicable,PRIMARY_PILLAR,indexable,UX/navigation/discoverability/presentation only with trust meaning preserved,"No invented person/team/reviewer/credential/source; no source, attribution, safety, owner, URL, canonical, or index change",Build; custom Phase 6 gate; ownership/index/source/safety/schema parity; browser QA
https://echobuddha.com/learn/buddhism-101/how-to-practice-buddhism-at-home/,Echo Buddha Organization,Echo Buddha Editorial organizational byline where authorship is meaningful,https://www.accesstoinsight.org/ptf/dhamma/sila/pancasila.html,No unsupported attribution,Site-level correction path,AI/tool assistance bounded; publisher accountable,NO_CRITICAL_ISSUE,Echo Buddha publisher; Echo Buddha Editorial Organization author where applicable,PRACTICAL_APPLICATION,indexable,UX/navigation/discoverability/presentation only with trust meaning preserved,"No invented person/team/reviewer/credential/source; no source, attribution, safety, owner, URL, canonical, or index change",Build; custom Phase 6 gate; ownership/index/source/safety/schema parity; browser QA
https://echobuddha.com/learn/buddhism-101/,Echo Buddha Organization,Echo Buddha Editorial organizational byline where authorship is meaningful,https://www.accesstoinsight.org/tipitaka/sn/sn56/sn56.011.than.html | https://www.accesstoinsight.org/tipitaka/sn/sn45/sn45.008.than.html,No unsupported attribution,Site-level correction path,AI/tool assistance bounded; publisher accountable,NO_CRITICAL_ISSUE,Echo Buddha publisher; Echo Buddha Editorial Organization author where applicable,HUB,indexable,UX/navigation/discoverability/presentation only with trust meaning preserved,"No invented person/team/reviewer/credential/source; no source, attribution, safety, owner, URL, canonical, or index change",Build; custom Phase 6 gate; ownership/index/source/safety/schema parity; browser QA
https://echobuddha.com/learn/buddhism-101/middle-way-explained-for-beginners/,Echo Buddha Organization,Echo Buddha Editorial organizational byline where authorship is meaningful,https://www.accesstoinsight.org/tipitaka/sn/sn56/sn56.011.than.html,No unsupported attribution,Site-level correction path,AI/tool assistance bounded; publisher accountable,NO_CRITICAL_ISSUE,Echo Buddha publisher; Echo Buddha Editorial Organization author where applicable,BEGINNER_FOUNDATION,indexable,UX/navigation/discoverability/presentation only with trust meaning preserved,"No invented person/team/reviewer/credential/source; no source, attribution, safety, owner, URL, canonical, or index change",Build; custom Phase 6 gate; ownership/index/source/safety/schema parity; browser QA
https://echobuddha.com/learn/buddhism-101/right-livelihood-buddhism/,Echo Buddha Organization,Echo Buddha Editorial organizational byline where authorship is meaningful,https://www.accesstoinsight.org/ptf/dhamma/sacca/sacca4/samma-ajivo/index.html | https://www.accesstoinsight.org/tipitaka/an/an05/an05.177.than.html,No unsupported attribution,Site-level correction path,AI/tool assistance bounded; publisher accountable,NO_CRITICAL_ISSUE,Echo Buddha publisher; Echo Buddha Editorial Organization author where applicable,PRIMARY_PILLAR,indexable,UX/navigation/discoverability/presentation only with trust meaning preserved,"No invented person/team/reviewer/credential/source; no source, attribution, safety, owner, URL, canonical, or index change",Build; custom Phase 6 gate; ownership/index/source/safety/schema parity; browser QA
https://echobuddha.com/learn/buddhism-101/the-four-noble-truths-explained/,Echo Buddha Organization,Echo Buddha Editorial organizational byline where authorship is meaningful,https://www.accesstoinsight.org/tipitaka/sn/sn56/sn56.011.than.html,No unsupported attribution,Site-level correction path,AI/tool assistance bounded; publisher accountable,NO_CRITICAL_ISSUE,Echo Buddha publisher; Echo Buddha Editorial Organization author where applicable,SUPPORTING_EXPLANATION,indexable,UX/navigation/discoverability/presentation only with trust meaning preserved,"No invented person/team/reviewer/credential/source; no source, attribution, safety, owner, URL, canonical, or index change",Build; custom Phase 6 gate; ownership/index/source/safety/schema parity; browser QA
https://echobuddha.com/learn/buddhism-101/the-noble-eightfold-path-explained/,Echo Buddha Organization,Echo Buddha Editorial organizational byline where authorship is meaningful,https://www.accesstoinsight.org/tipitaka/sn/sn45/sn45.008.than.html,No unsupported attribution,Site-level correction path,AI/tool assistance bounded; publisher accountable,NO_CRITICAL_ISSUE,Echo Buddha publisher; Echo Buddha Editorial Organization author where applicable,SUPPORTING_EXPLANATION,indexable,UX/navigation/discoverability/presentation only with trust meaning preserved,"No invented person/team/reviewer/credential/source; no source, attribution, safety, owner, URL, canonical, or index change",Build; custom Phase 6 gate; ownership/index/source/safety/schema parity; browser QA
https://echobuddha.com/learn/buddhism-101/the-three-jewels-explained/,Echo Buddha Organization,Echo Buddha Editorial organizational byline where authorship is meaningful,https://www.accesstoinsight.org/tipitaka/kn/dhp/dhp.14.budd.html,No unsupported attribution,Site-level correction path,AI/tool assistance bounded; publisher accountable,NO_CRITICAL_ISSUE,Echo Buddha publisher; Echo Buddha Editorial Organization author where applicable,SUPPORTING_EXPLANATION,indexable,UX/navigation/discoverability/presentation only with trust meaning preserved,"No invented person/team/reviewer/credential/source; no source, attribution, safety, owner, URL, canonical, or index change",Build; custom Phase 6 gate; ownership/index/source/safety/schema parity; browser QA
https://echobuddha.com/learn/buddhism-101/three-marks-of-existence/,Echo Buddha Organization,Echo Buddha Editorial organizational byline where authorship is meaningful,https://www.accesstoinsight.org/tipitaka/sn/sn22/sn22.059.than.html | https://www.accesstoinsight.org/tipitaka/kn/dhp/dhp.20.budd.html,No unsupported attribution,Site-level correction path,AI/tool assistance bounded; publisher accountable,NO_CRITICAL_ISSUE,Echo Buddha publisher; Echo Buddha Editorial Organization author where applicable,SUPPORTING_EXPLANATION,indexable,UX/navigation/discoverability/presentation only with trust meaning preserved,"No invented person/team/reviewer/credential/source; no source, attribution, safety, owner, URL, canonical, or index change",Build; custom Phase 6 gate; ownership/index/source/safety/schema parity; browser QA
https://echobuddha.com/learn/buddhism-101/threefold-training-sila-samadhi-panna/,Echo Buddha Organization,Echo Buddha Editorial organizational byline where authorship is meaningful,https://www.accesstoinsight.org/tipitaka/sn/sn45/sn45.008.than.html | https://www.accesstoinsight.org/lib/authors/nyanasatta/wheel019.html,No unsupported attribution,Site-level correction path,AI/tool assistance bounded; publisher accountable,NO_CRITICAL_ISSUE,Echo Buddha publisher; Echo Buddha Editorial Organization author where applicable,SUPPORTING_EXPLANATION,indexable,UX/navigation/discoverability/presentation only with trust meaning preserved,"No invented person/team/reviewer/credential/source; no source, attribution, safety, owner, URL, canonical, or index change",Build; custom Phase 6 gate; ownership/index/source/safety/schema parity; browser QA
https://echobuddha.com/learn/buddhism-101/what-is-buddhism/,Echo Buddha Organization,Echo Buddha Editorial organizational byline where authorship is meaningful,https://suttacentral.net/sn56.11/en/sujato | https://suttacentral.net/sn45.8/en/sujato,No unsupported attribution,Site-level correction path,AI/tool assistance bounded; publisher accountable,NO_CRITICAL_ISSUE,Echo Buddha publisher; Echo Buddha Editorial Organization author where applicable,BEGINNER_FOUNDATION,indexable,UX/navigation/discoverability/presentation only with trust meaning preserved,"No invented person/team/reviewer/credential/source; no source, attribution, safety, owner, URL, canonical, or index change",Build; custom Phase 6 gate; ownership/index/source/safety/schema parity; browser QA
https://echobuddha.com/learn/buddhism-101/what-is-impermanence/,Echo Buddha Organization,Echo Buddha Editorial organizational byline where authorship is meaningful,https://suttacentral.net/dhp273-289/en/sujato,No unsupported attribution,Site-level correction path,AI/tool assistance bounded; publisher accountable,NO_CRITICAL_ISSUE,Echo Buddha publisher; Echo Buddha Editorial Organization author where applicable,PRIMARY_PILLAR,indexable,UX/navigation/discoverability/presentation only with trust meaning preserved,"No invented person/team/reviewer/credential/source; no source, attribution, safety, owner, URL, canonical, or index change",Build; custom Phase 6 gate; ownership/index/source/safety/schema parity; browser QA
https://echobuddha.com/learn/buddhism-101/what-is-karma-in-buddhism/,Echo Buddha Organization,Echo Buddha Editorial organizational byline where authorship is meaningful,https://suttacentral.net/an6.63/en/sujato,No unsupported attribution,Site-level correction path,AI/tool assistance bounded; publisher accountable,NO_CRITICAL_ISSUE,Echo Buddha publisher; Echo Buddha Editorial Organization author where applicable,PRIMARY_PILLAR,indexable,UX/navigation/discoverability/presentation only with trust meaning preserved,"No invented person/team/reviewer/credential/source; no source, attribution, safety, owner, URL, canonical, or index change",Build; custom Phase 6 gate; ownership/index/source/safety/schema parity; browser QA
https://echobuddha.com/learn/buddhism-101/what-is-mindfulness/,Echo Buddha Organization,Echo Buddha Editorial organizational byline where authorship is meaningful,https://www.accesstoinsight.org/tipitaka/dn/dn.22.0.than.html,No unsupported attribution,Site-level correction path,AI/tool assistance bounded; publisher accountable,NO_CRITICAL_ISSUE,Echo Buddha publisher; Echo Buddha Editorial Organization author where applicable,PRIMARY_PILLAR,indexable,UX/navigation/discoverability/presentation only with trust meaning preserved,"No invented person/team/reviewer/credential/source; no source, attribution, safety, owner, URL, canonical, or index change",Build; custom Phase 6 gate; ownership/index/source/safety/schema parity; browser QA
https://echobuddha.com/learn/buddhism-101/who-was-the-buddha/,Echo Buddha Organization,Echo Buddha Editorial organizational byline where authorship is meaningful,https://www.accesstoinsight.org/tipitaka/sn/sn56/sn56.011.than.html,No unsupported attribution,Site-level correction path,AI/tool assistance bounded; publisher accountable,NO_CRITICAL_ISSUE,Echo Buddha publisher; Echo Buddha Editorial Organization author where applicable,BEGINNER_FOUNDATION,indexable,UX/navigation/discoverability/presentation only with trust meaning preserved,"No invented person/team/reviewer/credential/source; no source, attribution, safety, owner, URL, canonical, or index change",Build; custom Phase 6 gate; ownership/index/source/safety/schema parity; browser QA
https://echobuddha.com/learn/buddhism-for-beginners/,Echo Buddha Organization,Echo Buddha Editorial organizational byline where authorship is meaningful,https://suttacentral.net/sn56.11/en/sujato | https://suttacentral.net/sn45.8/en/sujato,No unsupported attribution,Site-level correction path,AI/tool assistance bounded; publisher accountable,NO_CRITICAL_ISSUE,Echo Buddha publisher; Echo Buddha Editorial Organization author where applicable,PRIMARY_PILLAR,indexable,UX/navigation/discoverability/presentation only with trust meaning preserved,"No invented person/team/reviewer/credential/source; no source, attribution, safety, owner, URL, canonical, or index change",Build; custom Phase 6 gate; ownership/index/source/safety/schema parity; browser QA
https://echobuddha.com/learn/buddhist-dictionary/anatta/,Echo Buddha Organization,Echo Buddha Editorial organizational byline where authorship is meaningful,https://www.accesstoinsight.org/tipitaka/sn/sn22/sn22.059.than.html,No unsupported attribution,Site-level correction path,AI/tool assistance bounded; publisher accountable,NO_CRITICAL_ISSUE,Echo Buddha publisher; Echo Buddha Editorial Organization author where applicable,DICTIONARY_DEFINITION,indexable,UX/navigation/discoverability/presentation only with trust meaning preserved,"No invented person/team/reviewer/credential/source; no source, attribution, safety, owner, URL, canonical, or index change",Build; custom Phase 6 gate; ownership/index/source/safety/schema parity; browser QA
https://echobuddha.com/learn/buddhist-dictionary/anicca/,Echo Buddha Organization,Echo Buddha Editorial organizational byline where authorship is meaningful,https://www.accesstoinsight.org/tipitaka/kn/dhp/dhp.20.budd.html,No unsupported attribution,Site-level correction path,AI/tool assistance bounded; publisher accountable,NO_CRITICAL_ISSUE,Echo Buddha publisher; Echo Buddha Editorial Organization author where applicable,DICTIONARY_DEFINITION,indexable,UX/navigation/discoverability/presentation only with trust meaning preserved,"No invented person/team/reviewer/credential/source; no source, attribution, safety, owner, URL, canonical, or index change",Build; custom Phase 6 gate; ownership/index/source/safety/schema parity; browser QA
https://echobuddha.com/learn/buddhist-dictionary/compassion/,Echo Buddha Organization,Echo Buddha Editorial organizational byline where authorship is meaningful,https://www.accesstoinsight.org/tipitaka/kn/snp/snp.1.08.than.html,No unsupported attribution,Site-level correction path,AI/tool assistance bounded; publisher accountable,NO_CRITICAL_ISSUE,Echo Buddha publisher; Echo Buddha Editorial Organization author where applicable,DICTIONARY_DEFINITION,indexable,UX/navigation/discoverability/presentation only with trust meaning preserved,"No invented person/team/reviewer/credential/source; no source, attribution, safety, owner, URL, canonical, or index change",Build; custom Phase 6 gate; ownership/index/source/safety/schema parity; browser QA
https://echobuddha.com/learn/buddhist-dictionary/dhamma/,Echo Buddha Organization,Echo Buddha Editorial organizational byline where authorship is meaningful,https://www.accesstoinsight.org/tipitaka/kn/dhp/dhp.14.budd.html | https://www.accesstoinsight.org/tipitaka/sn/sn45/sn45.008.than.html,No unsupported attribution,Site-level correction path,AI/tool assistance bounded; publisher accountable,NO_CRITICAL_ISSUE,Echo Buddha publisher; Echo Buddha Editorial Organization author where applicable,PRIMARY_PILLAR,indexable,UX/navigation/discoverability/presentation only with trust meaning preserved,"No invented person/team/reviewer/credential/source; no source, attribution, safety, owner, URL, canonical, or index change",Build; custom Phase 6 gate; ownership/index/source/safety/schema parity; browser QA
https://echobuddha.com/learn/buddhist-dictionary/dukkha/,Echo Buddha Organization,Echo Buddha Editorial organizational byline where authorship is meaningful,https://www.accesstoinsight.org/tipitaka/sn/sn56/sn56.011.than.html,No unsupported attribution,Site-level correction path,AI/tool assistance bounded; publisher accountable,NO_CRITICAL_ISSUE,Echo Buddha publisher; Echo Buddha Editorial Organization author where applicable,DICTIONARY_DEFINITION,indexable,UX/navigation/discoverability/presentation only with trust meaning preserved,"No invented person/team/reviewer/credential/source; no source, attribution, safety, owner, URL, canonical, or index change",Build; custom Phase 6 gate; ownership/index/source/safety/schema parity; browser QA
https://echobuddha.com/learn/buddhist-dictionary/,Echo Buddha Organization,Echo Buddha Editorial organizational byline where authorship is meaningful,https://www.accesstoinsight.org/glossary.html | https://www.accesstoinsight.org/tipitaka/kn/dhp/dhp.20.budd.html,No unsupported attribution,Site-level correction path,AI/tool assistance bounded; publisher accountable,NO_CRITICAL_ISSUE,Echo Buddha publisher; Echo Buddha Editorial Organization author where applicable,HUB,indexable,UX/navigation/discoverability/presentation only with trust meaning preserved,"No invented person/team/reviewer/credential/source; no source, attribution, safety, owner, URL, canonical, or index change",Build; custom Phase 6 gate; ownership/index/source/safety/schema parity; browser QA
https://echobuddha.com/learn/buddhist-dictionary/karma/,Echo Buddha Organization,Echo Buddha Editorial organizational byline where authorship is meaningful,https://suttacentral.net/an6.63/en/sujato,No unsupported attribution,Site-level correction path,AI/tool assistance bounded; publisher accountable,NO_CRITICAL_ISSUE,Echo Buddha publisher; Echo Buddha Editorial Organization author where applicable,DICTIONARY_DEFINITION,indexable,UX/navigation/discoverability/presentation only with trust meaning preserved,"No invented person/team/reviewer/credential/source; no source, attribution, safety, owner, URL, canonical, or index change",Build; custom Phase 6 gate; ownership/index/source/safety/schema parity; browser QA
https://echobuddha.com/learn/buddhist-dictionary/karuna/,Echo Buddha Organization,Echo Buddha Editorial organizational byline where authorship is meaningful,https://www.accesstoinsight.org/tipitaka/kn/dhp/dhp.01.budd.html,No unsupported attribution,Site-level correction path,AI/tool assistance bounded; publisher accountable,NO_CRITICAL_ISSUE,Echo Buddha publisher; Echo Buddha Editorial Organization author where applicable,DICTIONARY_DEFINITION,indexable,UX/navigation/discoverability/presentation only with trust meaning preserved,"No invented person/team/reviewer/credential/source; no source, attribution, safety, owner, URL, canonical, or index change",Build; custom Phase 6 gate; ownership/index/source/safety/schema parity; browser QA
https://echobuddha.com/learn/buddhist-dictionary/metta/,Echo Buddha Organization,Echo Buddha Editorial organizational byline where authorship is meaningful,https://suttacentral.net/snp1.8/en/sujato,No unsupported attribution,Site-level correction path,AI/tool assistance bounded; publisher accountable,NO_CRITICAL_ISSUE,Echo Buddha publisher; Echo Buddha Editorial Organization author where applicable,PRIMARY_PILLAR,indexable,UX/navigation/discoverability/presentation only with trust meaning preserved,"No invented person/team/reviewer/credential/source; no source, attribution, safety, owner, URL, canonical, or index change",Build; custom Phase 6 gate; ownership/index/source/safety/schema parity; browser QA
https://echobuddha.com/learn/buddhist-dictionary/mindfulness/,Echo Buddha Organization,Echo Buddha Editorial organizational byline where authorship is meaningful,https://www.accesstoinsight.org/tipitaka/dn/dn.22.0.than.html,No unsupported attribution,Site-level correction path,AI/tool assistance bounded; publisher accountable,NO_CRITICAL_ISSUE,Echo Buddha publisher; Echo Buddha Editorial Organization author where applicable,DICTIONARY_DEFINITION,indexable,UX/navigation/discoverability/presentation only with trust meaning preserved,"No invented person/team/reviewer/credential/source; no source, attribution, safety, owner, URL, canonical, or index change",Build; custom Phase 6 gate; ownership/index/source/safety/schema parity; browser QA
https://echobuddha.com/learn/buddhist-dictionary/nirvana/,Echo Buddha Organization,Echo Buddha Editorial organizational byline where authorship is meaningful,https://www.accesstoinsight.org/tipitaka/sn/sn56/sn56.011.than.html,No unsupported attribution,Site-level correction path,AI/tool assistance bounded; publisher accountable,NO_CRITICAL_ISSUE,Echo Buddha publisher; Echo Buddha Editorial Organization author where applicable,DICTIONARY_DEFINITION,indexable,UX/navigation/discoverability/presentation only with trust meaning preserved,"No invented person/team/reviewer/credential/source; no source, attribution, safety, owner, URL, canonical, or index change",Build; custom Phase 6 gate; ownership/index/source/safety/schema parity; browser QA
https://echobuddha.com/learn/buddhist-dictionary/pali-canon/,Echo Buddha Organization,Echo Buddha Editorial organizational byline where authorship is meaningful,https://www.accesstoinsight.org/tipitaka/index.html | https://www.accesstoinsight.org/tipitaka/sutta.html | https://www.accesstoinsight.org/tipitaka/vin/ | https://www.accesstoinsight.org/tipitaka/abhi/index.html,No unsupported attribution,Site-level correction path,AI/tool assistance bounded; publisher accountable,NO_CRITICAL_ISSUE,Echo Buddha publisher; Echo Buddha Editorial Organization author where applicable,DICTIONARY_DEFINITION,indexable,UX/navigation/discoverability/presentation only with trust meaning preserved,"No invented person/team/reviewer/credential/source; no source, attribution, safety, owner, URL, canonical, or index change",Build; custom Phase 6 gate; ownership/index/source/safety/schema parity; browser QA
https://echobuddha.com/learn/buddhist-dictionary/sangha/,Echo Buddha Organization,Echo Buddha Editorial organizational byline where authorship is meaningful,https://www.accesstoinsight.org/tipitaka/kn/dhp/dhp.14.budd.html | https://www.dhammatalks.org/suttas/SN/SN45_2.html,No unsupported attribution,Site-level correction path,AI/tool assistance bounded; publisher accountable,NO_CRITICAL_ISSUE,Echo Buddha publisher; Echo Buddha Editorial Organization author where applicable,DICTIONARY_DEFINITION,indexable,UX/navigation/discoverability/presentation only with trust meaning preserved,"No invented person/team/reviewer/credential/source; no source, attribution, safety, owner, URL, canonical, or index change",Build; custom Phase 6 gate; ownership/index/source/safety/schema parity; browser QA
https://echobuddha.com/learn/buddhist-dictionary/sati/,Echo Buddha Organization,Echo Buddha Editorial organizational byline where authorship is meaningful,https://www.accesstoinsight.org/tipitaka/dn/dn.22.0.than.html,No unsupported attribution,Site-level correction path,AI/tool assistance bounded; publisher accountable,NO_CRITICAL_ISSUE,Echo Buddha publisher; Echo Buddha Editorial Organization author where applicable,DICTIONARY_DEFINITION,indexable,UX/navigation/discoverability/presentation only with trust meaning preserved,"No invented person/team/reviewer/credential/source; no source, attribution, safety, owner, URL, canonical, or index change",Build; custom Phase 6 gate; ownership/index/source/safety/schema parity; browser QA
https://echobuddha.com/learn/buddhist-dictionary/sutta/,Echo Buddha Organization,Echo Buddha Editorial organizational byline where authorship is meaningful,https://suttacentral.net/define/sutta | https://www.accesstoinsight.org/tipitaka/sutta.html,Translation/paraphrase/editorial application separated,Site-level correction path,AI/tool assistance bounded; publisher accountable,NO_CRITICAL_ISSUE,Echo Buddha publisher; Echo Buddha Editorial Organization author where applicable,DICTIONARY_DEFINITION,indexable,UX/navigation/discoverability/presentation only with trust meaning preserved,"No invented person/team/reviewer/credential/source; no source, attribution, safety, owner, URL, canonical, or index change",Build; custom Phase 6 gate; ownership/index/source/safety/schema parity; browser QA
https://echobuddha.com/learn/buddhist-resources/,Echo Buddha Organization,Echo Buddha Editorial organizational byline where authorship is meaningful,https://suttacentral.net/ | https://www.accesstoinsight.org/ | https://palitextsociety.org/ | https://www.bps.lk/ | https://www.bpu.ac.lk/ | https://84000.co/,No unsupported attribution,Site-level correction path,AI/tool assistance bounded; publisher accountable,NO_CRITICAL_ISSUE,Echo Buddha publisher; Echo Buddha Editorial Organization author where applicable,HUB,indexable,UX/navigation/discoverability/presentation only with trust meaning preserved,"No invented person/team/reviewer/credential/source; no source, attribution, safety, owner, URL, canonical, or index change",Build; custom Phase 6 gate; ownership/index/source/safety/schema parity; browser QA
https://echobuddha.com/learn/dhammapada-reflections/avoid-evil-do-good-purify-the-mind/,Echo Buddha Organization,Echo Buddha Editorial organizational byline where authorship is meaningful,https://www.accesstoinsight.org/tipitaka/kn/dhp/dhp.14.budd.html,Translation/paraphrase/editorial application separated,Site-level correction path,AI/tool assistance bounded; publisher accountable,NO_CRITICAL_ISSUE,Echo Buddha publisher; Echo Buddha Editorial Organization author where applicable,SOURCE_STUDY,indexable,UX/navigation/discoverability/presentation only with trust meaning preserved,"No invented person/team/reviewer/credential/source; no source, attribution, safety, owner, URL, canonical, or index change",Build; custom Phase 6 gate; ownership/index/source/safety/schema parity; browser QA
https://echobuddha.com/learn/dhammapada-reflections/better-than-a-thousand-empty-words/,Echo Buddha Organization,Echo Buddha Editorial organizational byline where authorship is meaningful,https://www.accesstoinsight.org/tipitaka/kn/dhp/dhp.08.budd.html,Translation/paraphrase/editorial application separated,Site-level correction path,AI/tool assistance bounded; publisher accountable,NO_CRITICAL_ISSUE,Echo Buddha publisher; Echo Buddha Editorial Organization author where applicable,SOURCE_STUDY,indexable,UX/navigation/discoverability/presentation only with trust meaning preserved,"No invented person/team/reviewer/credential/source; no source, attribution, safety, owner, URL, canonical, or index change",Build; custom Phase 6 gate; ownership/index/source/safety/schema parity; browser QA
https://echobuddha.com/learn/dhammapada-reflections/hatred-is-not-ended-by-hatred/,Echo Buddha Organization,Echo Buddha Editorial organizational byline where authorship is meaningful,https://www.accesstoinsight.org/tipitaka/kn/dhp/dhp.01.budd.html,Translation/paraphrase/editorial application separated,Site-level correction path,AI/tool assistance bounded; publisher accountable,NO_CRITICAL_ISSUE,Echo Buddha publisher; Echo Buddha Editorial Organization author where applicable,SOURCE_STUDY,indexable,UX/navigation/discoverability/presentation only with trust meaning preserved,"No invented person/team/reviewer/credential/source; no source, attribution, safety, owner, URL, canonical, or index change",Build; custom Phase 6 gate; ownership/index/source/safety/schema parity; browser QA
https://echobuddha.com/learn/dhammapada-reflections/,Echo Buddha Organization,Echo Buddha Editorial organizational byline where authorship is meaningful,https://www.accesstoinsight.org/tipitaka/kn/dhp/dhp.01.budd.html | https://www.accesstoinsight.org/tipitaka/kn/dhp/dhp.14.budd.html,Translation/paraphrase/editorial application separated,Site-level correction path,AI/tool assistance bounded; publisher accountable,NO_CRITICAL_ISSUE,Echo Buddha publisher; Echo Buddha Editorial Organization author where applicable,HUB,indexable,UX/navigation/discoverability/presentation only with trust meaning preserved,"No invented person/team/reviewer/credential/source; no source, attribution, safety, owner, URL, canonical, or index change",Build; custom Phase 6 gate; ownership/index/source/safety/schema parity; browser QA
https://echobuddha.com/learn/dhammapada-reflections/peace-comes-from-a-trained-mind/,Echo Buddha Organization,Echo Buddha Editorial organizational byline where authorship is meaningful,https://www.accesstoinsight.org/tipitaka/kn/dhp/dhp.03.budd.html,Translation/paraphrase/editorial application separated,Site-level correction path,AI/tool assistance bounded; publisher accountable,NO_CRITICAL_ISSUE,Echo Buddha publisher; Echo Buddha Editorial Organization author where applicable,SOURCE_STUDY,indexable,UX/navigation/discoverability/presentation only with trust meaning preserved,"No invented person/team/reviewer/credential/source; no source, attribution, safety, owner, URL, canonical, or index change",Build; custom Phase 6 gate; ownership/index/source/safety/schema parity; browser QA
https://echobuddha.com/learn/dhammapada-reflections/the-mind-leads-all-things/,Echo Buddha Organization,Echo Buddha Editorial organizational byline where authorship is meaningful,https://www.accesstoinsight.org/tipitaka/kn/dhp/dhp.01.budd.html,Translation/paraphrase/editorial application separated,Site-level correction path,AI/tool assistance bounded; publisher accountable,NO_CRITICAL_ISSUE,Echo Buddha publisher; Echo Buddha Editorial Organization author where applicable,SOURCE_STUDY,indexable,UX/navigation/discoverability/presentation only with trust meaning preserved,"No invented person/team/reviewer/credential/source; no source, attribution, safety, owner, URL, canonical, or index change",Build; custom Phase 6 gate; ownership/index/source/safety/schema parity; browser QA
https://echobuddha.com/learn/eightfold-path/,Echo Buddha Organization,Echo Buddha Editorial organizational byline where authorship is meaningful,https://suttacentral.net/sn45.8/en/sujato | https://www.accesstoinsight.org/ptf/dhamma/sacca/sacca4/samma-ajivo/index.html,No unsupported attribution,Site-level correction path,AI/tool assistance bounded; publisher accountable,NO_CRITICAL_ISSUE,Echo Buddha publisher; Echo Buddha Editorial Organization author where applicable,PRIMARY_PILLAR,indexable,UX/navigation/discoverability/presentation only with trust meaning preserved,"No invented person/team/reviewer/credential/source; no source, attribution, safety, owner, URL, canonical, or index change",Build; custom Phase 6 gate; ownership/index/source/safety/schema parity; browser QA
https://echobuddha.com/learn/four-noble-truths/,Echo Buddha Organization,Echo Buddha Editorial organizational byline where authorship is meaningful,https://suttacentral.net/sn56.11/en/sujato | https://suttacentral.net/sn45.8/en/sujato,No unsupported attribution,Site-level correction path,AI/tool assistance bounded; publisher accountable,NO_CRITICAL_ISSUE,Echo Buddha publisher; Echo Buddha Editorial Organization author where applicable,PRIMARY_PILLAR,indexable,UX/navigation/discoverability/presentation only with trust meaning preserved,"No invented person/team/reviewer/credential/source; no source, attribution, safety, owner, URL, canonical, or index change",Build; custom Phase 6 gate; ownership/index/source/safety/schema parity; browser QA
https://echobuddha.com/learn/,Echo Buddha Organization,Echo Buddha Editorial organizational byline where authorship is meaningful,Medium,No unsupported attribution,Site-level correction path,AI/tool assistance bounded; publisher accountable,NO_CRITICAL_ISSUE,Echo Buddha publisher; Echo Buddha Editorial Organization author where applicable,HUB,indexable,UX/navigation/discoverability/presentation only with trust meaning preserved,"No invented person/team/reviewer/credential/source; no source, attribution, safety, owner, URL, canonical, or index change",Build; custom Phase 6 gate; ownership/index/source/safety/schema parity; browser QA
https://echobuddha.com/learn/questions-about-buddhism/,Echo Buddha Organization,Echo Buddha Editorial organizational byline where authorship is meaningful,Medium,No unsupported attribution,Site-level correction path,AI/tool assistance bounded; publisher accountable,NO_CRITICAL_ISSUE,Echo Buddha publisher; Echo Buddha Editorial Organization author where applicable,HUB,indexable,UX/navigation/discoverability/presentation only with trust meaning preserved,"No invented person/team/reviewer/credential/source; no source, attribution, safety, owner, URL, canonical, or index change",Build; custom Phase 6 gate; ownership/index/source/safety/schema parity; browser QA
https://echobuddha.com/learn/sutta-for-daily-life/buddhas-teaching-on-patience/,Echo Buddha Organization,Echo Buddha Editorial organizational byline where authorship is meaningful,https://www.accesstoinsight.org/tipitaka/kn/dhp/dhp.14.budd.html,Translation/paraphrase/editorial application separated,Site-level correction path,AI/tool assistance bounded; publisher accountable,NO_CRITICAL_ISSUE,Echo Buddha publisher; Echo Buddha Editorial Organization author where applicable,SOURCE_STUDY,indexable,UX/navigation/discoverability/presentation only with trust meaning preserved,"No invented person/team/reviewer/credential/source; no source, attribution, safety, owner, URL, canonical, or index change",Build; custom Phase 6 gate; ownership/index/source/safety/schema parity; browser QA
https://echobuddha.com/learn/sutta-for-daily-life/dhammacakkappavattana-sutta-four-noble-truths/,Echo Buddha Organization,Echo Buddha Editorial organizational byline where authorship is meaningful,https://suttacentral.net/sn56.11/en/sujato,Translation/paraphrase/editorial application separated,Site-level correction path,AI/tool assistance bounded; publisher accountable,NO_CRITICAL_ISSUE,Echo Buddha publisher; Echo Buddha Editorial Organization author where applicable,SOURCE_STUDY,indexable,UX/navigation/discoverability/presentation only with trust meaning preserved,"No invented person/team/reviewer/credential/source; no source, attribution, safety, owner, URL, canonical, or index change",Build; custom Phase 6 gate; ownership/index/source/safety/schema parity; browser QA
https://echobuddha.com/learn/sutta-for-daily-life/,Echo Buddha Organization,Echo Buddha Editorial organizational byline where authorship is meaningful,https://www.accesstoinsight.org/tipitaka/kn/snp/snp.1.08.than.html | https://www.accesstoinsight.org/tipitaka/an/an03/an03.065.than.html,Translation/paraphrase/editorial application separated,Site-level correction path,AI/tool assistance bounded; publisher accountable,NO_CRITICAL_ISSUE,Echo Buddha publisher; Echo Buddha Editorial Organization author where applicable,HUB,indexable,UX/navigation/discoverability/presentation only with trust meaning preserved,"No invented person/team/reviewer/credential/source; no source, attribution, safety, owner, URL, canonical, or index change",Build; custom Phase 6 gate; ownership/index/source/safety/schema parity; browser QA
https://echobuddha.com/learn/sutta-for-daily-life/kalama-sutta-and-wise-thinking/,Echo Buddha Organization,Echo Buddha Editorial organizational byline where authorship is meaningful,https://www.accesstoinsight.org/tipitaka/an/an03/an03.065.than.html,Translation/paraphrase/editorial application separated,Site-level correction path,AI/tool assistance bounded; publisher accountable,NO_CRITICAL_ISSUE,Echo Buddha publisher; Echo Buddha Editorial Organization author where applicable,SOURCE_STUDY,indexable,UX/navigation/discoverability/presentation only with trust meaning preserved,"No invented person/team/reviewer/credential/source; no source, attribution, safety, owner, URL, canonical, or index change",Build; custom Phase 6 gate; ownership/index/source/safety/schema parity; browser QA
https://echobuddha.com/learn/sutta-for-daily-life/magga-vibhanga-sutta-eightfold-path/,Echo Buddha Organization,Echo Buddha Editorial organizational byline where authorship is meaningful,https://suttacentral.net/sn45.8/en/sujato,Translation/paraphrase/editorial application separated,Site-level correction path,AI/tool assistance bounded; publisher accountable,NO_CRITICAL_ISSUE,Echo Buddha publisher; Echo Buddha Editorial Organization author where applicable,SOURCE_STUDY,indexable,UX/navigation/discoverability/presentation only with trust meaning preserved,"No invented person/team/reviewer/credential/source; no source, attribution, safety, owner, URL, canonical, or index change",Build; custom Phase 6 gate; ownership/index/source/safety/schema parity; browser QA
https://echobuddha.com/learn/sutta-for-daily-life/metta-sutta-explained-for-daily-life/,Echo Buddha Organization,Echo Buddha Editorial organizational byline where authorship is meaningful,https://suttacentral.net/snp1.8/en/sujato,Translation/paraphrase/editorial application separated,Site-level correction path,AI/tool assistance bounded; publisher accountable,NO_CRITICAL_ISSUE,Echo Buddha publisher; Echo Buddha Editorial Organization author where applicable,SOURCE_STUDY,indexable,UX/navigation/discoverability/presentation only with trust meaning preserved,"No invented person/team/reviewer/credential/source; no source, attribution, safety, owner, URL, canonical, or index change",Build; custom Phase 6 gate; ownership/index/source/safety/schema parity; browser QA
https://echobuddha.com/learn/sutta-for-daily-life/mindfulness-of-breathing-explained-simply/,Echo Buddha Organization,Echo Buddha Editorial organizational byline where authorship is meaningful,https://www.accesstoinsight.org/tipitaka/mn/mn.118.than.html,Translation/paraphrase/editorial application separated,Site-level correction path,AI/tool assistance bounded; publisher accountable,NO_CRITICAL_ISSUE,Echo Buddha publisher; Echo Buddha Editorial Organization author where applicable,SOURCE_STUDY,indexable,UX/navigation/discoverability/presentation only with trust meaning preserved,"No invented person/team/reviewer/credential/source; no source, attribution, safety, owner, URL, canonical, or index change",Build; custom Phase 6 gate; ownership/index/source/safety/schema parity; browser QA
https://echobuddha.com/learn/sutta-for-daily-life/right-speech-in-daily-life/,Echo Buddha Organization,Echo Buddha Editorial organizational byline where authorship is meaningful,https://www.accesstoinsight.org/ptf/dhamma/sacca/sacca4/samma-vaca/index.html,Translation/paraphrase/editorial application separated,Site-level correction path,AI/tool assistance bounded; publisher accountable,NO_CRITICAL_ISSUE,Echo Buddha publisher; Echo Buddha Editorial Organization author where applicable,SOURCE_STUDY,indexable,UX/navigation/discoverability/presentation only with trust meaning preserved,"No invented person/team/reviewer/credential/source; no source, attribution, safety, owner, URL, canonical, or index change",Build; custom Phase 6 gate; ownership/index/source/safety/schema parity; browser QA
https://echobuddha.com/meditation-guide/,Echo Buddha Organization,Echo Buddha Editorial organizational byline where authorship is meaningful,https://www.accesstoinsight.org/tipitaka/mn/mn.118.than.html | https://www.accesstoinsight.org/tipitaka/dn/dn.22.0.than.html | https://www.accesstoinsight.org/tipitaka/kn/snp/snp.1.08.than.html,No unsupported attribution,Site-level correction path,AI/tool assistance bounded; publisher accountable,NO_CRITICAL_ISSUE,Echo Buddha publisher; Echo Buddha Editorial Organization author where applicable,PRACTICE_GUIDE,indexable,UX/navigation/discoverability/presentation only with trust meaning preserved,"No invented person/team/reviewer/credential/source; no source, attribution, safety, owner, URL, canonical, or index change",Build; custom Phase 6 gate; ownership/index/source/safety/schema parity; browser QA
https://echobuddha.com/meditation-safety/,Echo Buddha Organization,Echo Buddha Editorial organizational byline where authorship is meaningful,Medium,No unsupported attribution,Real publisher email and materiality workflow,AI/tool assistance bounded; publisher accountable,NO_CRITICAL_ISSUE,Echo Buddha publisher; Echo Buddha Editorial Organization author where applicable,TRUST_POLICY,indexable,UX/navigation/discoverability/presentation only with trust meaning preserved,"No invented person/team/reviewer/credential/source; no source, attribution, safety, owner, URL, canonical, or index change",Build; custom Phase 6 gate; ownership/index/source/safety/schema parity; browser QA
https://echobuddha.com/meditation/10-minute-meditation-practice/,Echo Buddha Organization,Echo Buddha Editorial organizational byline where authorship is meaningful,https://www.accesstoinsight.org/tipitaka/mn/mn.118.than.html | https://www.nccih.nih.gov/health/meditation-and-mindfulness-effectiveness-and-safety | https://www.nhs.uk/mental-health/self-help/tips-and-support/mindfulness/,No unsupported attribution,Site-level correction path,AI/tool assistance bounded; publisher accountable,NO_CRITICAL_ISSUE,Echo Buddha publisher; Echo Buddha Editorial Organization author where applicable,PRACTICE_GUIDE,indexable,UX/navigation/discoverability/presentation only with trust meaning preserved,"No invented person/team/reviewer/credential/source; no source, attribution, safety, owner, URL, canonical, or index change",Build; custom Phase 6 gate; ownership/index/source/safety/schema parity; browser QA
https://echobuddha.com/meditation/5-minute-meditation-practice/,Echo Buddha Organization,Echo Buddha Editorial organizational byline where authorship is meaningful,https://www.accesstoinsight.org/tipitaka/mn/mn.118.than.html,No unsupported attribution,Site-level correction path,AI/tool assistance bounded; publisher accountable,NO_CRITICAL_ISSUE,Echo Buddha publisher; Echo Buddha Editorial Organization author where applicable,PRACTICE_GUIDE,indexable,UX/navigation/discoverability/presentation only with trust meaning preserved,"No invented person/team/reviewer/credential/source; no source, attribution, safety, owner, URL, canonical, or index change",Build; custom Phase 6 gate; ownership/index/source/safety/schema parity; browser QA
https://echobuddha.com/meditation/breathing-meditation/,Echo Buddha Organization,Echo Buddha Editorial organizational byline where authorship is meaningful,https://suttacentral.net/mn118/en/sujato | https://www.nccih.nih.gov/health/meditation-and-mindfulness-effectiveness-and-safety,No unsupported attribution,Site-level correction path,AI/tool assistance bounded; publisher accountable,NO_CRITICAL_ISSUE,Echo Buddha publisher; Echo Buddha Editorial Organization author where applicable,PRACTICE_GUIDE,indexable,UX/navigation/discoverability/presentation only with trust meaning preserved,"No invented person/team/reviewer/credential/source; no source, attribution, safety, owner, URL, canonical, or index change",Build; custom Phase 6 gate; ownership/index/source/safety/schema parity; browser QA
https://echobuddha.com/meditation/,Echo Buddha Organization,Echo Buddha Editorial organizational byline where authorship is meaningful,https://www.accesstoinsight.org/tipitaka/mn/mn.118.than.html | https://www.accesstoinsight.org/tipitaka/dn/dn.22.0.than.html,No unsupported attribution,Site-level correction path,AI/tool assistance bounded; publisher accountable,NO_CRITICAL_ISSUE,Echo Buddha publisher; Echo Buddha Editorial Organization author where applicable,HUB,indexable,UX/navigation/discoverability/presentation only with trust meaning preserved,"No invented person/team/reviewer/credential/source; no source, attribution, safety, owner, URL, canonical, or index change",Build; custom Phase 6 gate; ownership/index/source/safety/schema parity; browser QA
https://echobuddha.com/meditation/loving-kindness-meditation/,Echo Buddha Organization,Echo Buddha Editorial organizational byline where authorship is meaningful,https://suttacentral.net/snp1.8/en/sujato | https://www.nccih.nih.gov/health/meditation-and-mindfulness-effectiveness-and-safety,No unsupported attribution,Site-level correction path,AI/tool assistance bounded; publisher accountable,NO_CRITICAL_ISSUE,Echo Buddha publisher; Echo Buddha Editorial Organization author where applicable,PRACTICE_GUIDE,indexable,UX/navigation/discoverability/presentation only with trust meaning preserved,"No invented person/team/reviewer/credential/source; no source, attribution, safety, owner, URL, canonical, or index change",Build; custom Phase 6 gate; ownership/index/source/safety/schema parity; browser QA
https://echobuddha.com/meditation/meditation-for-beginners/,Echo Buddha Organization,Echo Buddha Editorial organizational byline where authorship is meaningful,https://www.accesstoinsight.org/tipitaka/mn/mn.118.than.html,No unsupported attribution,Site-level correction path,AI/tool assistance bounded; publisher accountable,NO_CRITICAL_ISSUE,Echo Buddha publisher; Echo Buddha Editorial Organization author where applicable,PRACTICE_GUIDE,indexable,UX/navigation/discoverability/presentation only with trust meaning preserved,"No invented person/team/reviewer/credential/source; no source, attribution, safety, owner, URL, canonical, or index change",Build; custom Phase 6 gate; ownership/index/source/safety/schema parity; browser QA
https://echobuddha.com/meditation/meditation-posture-for-beginners/,Echo Buddha Organization,Echo Buddha Editorial organizational byline where authorship is meaningful,https://www.accesstoinsight.org/tipitaka/dn/dn.22.0.than.html | https://www.nccih.nih.gov/health/meditation-and-mindfulness-effectiveness-and-safety,No unsupported attribution,Site-level correction path,AI/tool assistance bounded; publisher accountable,NO_CRITICAL_ISSUE,Echo Buddha publisher; Echo Buddha Editorial Organization author where applicable,PRACTICE_GUIDE,indexable,UX/navigation/discoverability/presentation only with trust meaning preserved,"No invented person/team/reviewer/credential/source; no source, attribution, safety, owner, URL, canonical, or index change",Build; custom Phase 6 gate; ownership/index/source/safety/schema parity; browser QA
https://echobuddha.com/meditation/mindfulness-in-daily-life/,Echo Buddha Organization,Echo Buddha Editorial organizational byline where authorship is meaningful,https://www.accesstoinsight.org/tipitaka/dn/dn.22.0.than.html,No unsupported attribution,Site-level correction path,AI/tool assistance bounded; publisher accountable,NO_CRITICAL_ISSUE,Echo Buddha publisher; Echo Buddha Editorial Organization author where applicable,PRACTICE_GUIDE,indexable,UX/navigation/discoverability/presentation only with trust meaning preserved,"No invented person/team/reviewer/credential/source; no source, attribution, safety, owner, URL, canonical, or index change",Build; custom Phase 6 gate; ownership/index/source/safety/schema parity; browser QA
https://echobuddha.com/meditation/walking-meditation/,Echo Buddha Organization,Echo Buddha Editorial organizational byline where authorship is meaningful,https://suttacentral.net/an5.29/en/bodhi | https://suttacentral.net/mn10/en/sujato,No unsupported attribution,Site-level correction path,AI/tool assistance bounded; publisher accountable,NO_CRITICAL_ISSUE,Echo Buddha publisher; Echo Buddha Editorial Organization author where applicable,PRACTICE_GUIDE,indexable,UX/navigation/discoverability/presentation only with trust meaning preserved,"No invented person/team/reviewer/credential/source; no source, attribution, safety, owner, URL, canonical, or index change",Build; custom Phase 6 gate; ownership/index/source/safety/schema parity; browser QA
https://echobuddha.com/meditation/when-meditation-feels-hard/,Echo Buddha Organization,Echo Buddha Editorial organizational byline where authorship is meaningful,https://suttacentral.net/mn118/en/sujato | https://www.nccih.nih.gov/health/meditation-and-mindfulness-effectiveness-and-safety | https://www.nhs.uk/mental-health/self-help/tips-and-support/mindfulness/,No unsupported attribution,Site-level correction path,AI/tool assistance bounded; publisher accountable,NO_CRITICAL_ISSUE,Echo Buddha publisher; Echo Buddha Editorial Organization author where applicable,PRACTICE_GUIDE,indexable,UX/navigation/discoverability/presentation only with trust meaning preserved,"No invented person/team/reviewer/credential/source; no source, attribution, safety, owner, URL, canonical, or index change",Build; custom Phase 6 gate; ownership/index/source/safety/schema parity; browser QA
https://echobuddha.com/mindful-living/,Echo Buddha Organization,Echo Buddha Editorial organizational byline where authorship is meaningful,Medium,No unsupported attribution,Site-level correction path,AI/tool assistance bounded; publisher accountable,NO_CRITICAL_ISSUE,Echo Buddha publisher; Echo Buddha Editorial Organization author where applicable,HUB,indexable,UX/navigation/discoverability/presentation only with trust meaning preserved,"No invented person/team/reviewer/credential/source; no source, attribution, safety, owner, URL, canonical, or index change",Build; custom Phase 6 gate; ownership/index/source/safety/schema parity; browser QA
https://echobuddha.com/privacy-policy/,Echo Buddha Organization,Echo Buddha Editorial organizational byline where authorship is meaningful,Low,No unsupported attribution,Real publisher email and materiality workflow,AI/tool assistance bounded; publisher accountable,NO_CRITICAL_ISSUE,Echo Buddha publisher; Echo Buddha Editorial Organization author where applicable,TRUST_POLICY,indexable,UX/navigation/discoverability/presentation only with trust meaning preserved,"No invented person/team/reviewer/credential/source; no source, attribution, safety, owner, URL, canonical, or index change",Build; custom Phase 6 gate; ownership/index/source/safety/schema parity; browser QA
https://echobuddha.com/quote-attribution-policy/,Echo Buddha Organization,Echo Buddha Editorial organizational byline where authorship is meaningful,Medium,No unsupported attribution,Real publisher email and materiality workflow,AI/tool assistance bounded; publisher accountable,NO_CRITICAL_ISSUE,Echo Buddha publisher; Echo Buddha Editorial Organization author where applicable,TRUST_POLICY,indexable,UX/navigation/discoverability/presentation only with trust meaning preserved,"No invented person/team/reviewer/credential/source; no source, attribution, safety, owner, URL, canonical, or index change",Build; custom Phase 6 gate; ownership/index/source/safety/schema parity; browser QA
https://echobuddha.com/quotes/awareness/acceptance-before-next-step/,Echo Buddha Organization,Echo Buddha Editorial organizational byline where authorship is meaningful,Medium,Original Echo Buddha unless verified otherwise,Site-level correction path,AI/tool assistance bounded; publisher accountable,NO_CRITICAL_ISSUE,Echo Buddha publisher; Echo Buddha Editorial Organization author where applicable,QUOTE_REFLECTION,indexable,UX/navigation/discoverability/presentation only with trust meaning preserved,"No invented person/team/reviewer/credential/source; no source, attribution, safety, owner, URL, canonical, or index change",Build; custom Phase 6 gate; ownership/index/source/safety/schema parity; browser QA
https://echobuddha.com/quotes/awareness/anger-asks-for-speed-awareness-asks-for-one-more/,Echo Buddha Organization,Echo Buddha Editorial organizational byline where authorship is meaningful,Medium,Original Echo Buddha unless verified otherwise,Site-level correction path,AI/tool assistance bounded; publisher accountable,NO_CRITICAL_ISSUE,Echo Buddha publisher; Echo Buddha Editorial Organization author where applicable,QUOTE_REFLECTION,"noindex, follow",UX/navigation/discoverability/presentation only with trust meaning preserved,"No invented person/team/reviewer/credential/source; no source, attribution, safety, owner, URL, canonical, or index change",Build; custom Phase 6 gate; ownership/index/source/safety/schema parity; browser QA
https://echobuddha.com/quotes/awareness/awareness-does-not-remove-the-storm-it-keeps-you/,Echo Buddha Organization,Echo Buddha Editorial organizational byline where authorship is meaningful,Medium,Original Echo Buddha unless verified otherwise,Site-level correction path,AI/tool assistance bounded; publisher accountable,NO_CRITICAL_ISSUE,Echo Buddha publisher; Echo Buddha Editorial Organization author where applicable,QUOTE_REFLECTION,"noindex, follow",UX/navigation/discoverability/presentation only with trust meaning preserved,"No invented person/team/reviewer/credential/source; no source, attribution, safety, owner, URL, canonical, or index change",Build; custom Phase 6 gate; ownership/index/source/safety/schema parity; browser QA
https://echobuddha.com/quotes/awareness/clear-seeing-begins-with-the-courage-to-stop-looking/,Echo Buddha Organization,Echo Buddha Editorial organizational byline where authorship is meaningful,NOT_CRITICAL,Original Echo Buddha unless verified otherwise,Site-level correction path,AI/tool assistance bounded; publisher accountable,NO_CRITICAL_ISSUE,Echo Buddha publisher; Echo Buddha Editorial Organization author where applicable,PREEXISTING_NOINDEX_OR_ERROR_ROLE,"noindex, follow",UX/navigation/discoverability/presentation only with trust meaning preserved,"No invented person/team/reviewer/credential/source; no source, attribution, safety, owner, URL, canonical, or index change",Build; custom Phase 6 gate; ownership/index/source/safety/schema parity; browser QA
https://echobuddha.com/quotes/awareness/feelings-are-honest-about-their-presence-not-always-about/,Echo Buddha Organization,Echo Buddha Editorial organizational byline where authorship is meaningful,NOT_CRITICAL,Original Echo Buddha unless verified otherwise,Site-level correction path,AI/tool assistance bounded; publisher accountable,NO_CRITICAL_ISSUE,Echo Buddha publisher; Echo Buddha Editorial Organization author where applicable,PREEXISTING_NOINDEX_OR_ERROR_ROLE,"noindex, follow",UX/navigation/discoverability/presentation only with trust meaning preserved,"No invented person/team/reviewer/credential/source; no source, attribution, safety, owner, URL, canonical, or index change",Build; custom Phase 6 gate; ownership/index/source/safety/schema parity; browser QA
https://echobuddha.com/quotes/awareness/feelings-without-the-wheel/,Echo Buddha Organization,Echo Buddha Editorial organizational byline where authorship is meaningful,Medium,Original Echo Buddha unless verified otherwise,Site-level correction path,AI/tool assistance bounded; publisher accountable,NO_CRITICAL_ISSUE,Echo Buddha publisher; Echo Buddha Editorial Organization author where applicable,QUOTE_REFLECTION,indexable,UX/navigation/discoverability/presentation only with trust meaning preserved,"No invented person/team/reviewer/credential/source; no source, attribution, safety, owner, URL, canonical, or index change",Build; custom Phase 6 gate; ownership/index/source/safety/schema parity; browser QA
https://echobuddha.com/quotes/awareness/,Echo Buddha Organization,Echo Buddha Editorial organizational byline where authorship is meaningful,Medium,Original Echo Buddha unless verified otherwise,Site-level correction path,AI/tool assistance bounded; publisher accountable,NO_CRITICAL_ISSUE,Echo Buddha publisher; Echo Buddha Editorial Organization author where applicable,CATEGORY,indexable,UX/navigation/discoverability/presentation only with trust meaning preserved,"No invented person/team/reviewer/credential/source; no source, attribution, safety, owner, URL, canonical, or index change",Build; custom Phase 6 gate; ownership/index/source/safety/schema parity; browser QA
https://echobuddha.com/quotes/awareness/look-beneath-the-reaction-and-you-may-find-a/,Echo Buddha Organization,Echo Buddha Editorial organizational byline where authorship is meaningful,Medium,Original Echo Buddha unless verified otherwise,Site-level correction path,AI/tool assistance bounded; publisher accountable,NO_CRITICAL_ISSUE,Echo Buddha publisher; Echo Buddha Editorial Organization author where applicable,QUOTE_REFLECTION,"noindex, follow",UX/navigation/discoverability/presentation only with trust meaning preserved,"No invented person/team/reviewer/credential/source; no source, attribution, safety, owner, URL, canonical, or index change",Build; custom Phase 6 gate; ownership/index/source/safety/schema parity; browser QA
https://echobuddha.com/quotes/awareness/name-the-feeling-gently-and-it-may-stop-speaking/,Echo Buddha Organization,Echo Buddha Editorial organizational byline where authorship is meaningful,Medium,Original Echo Buddha unless verified otherwise,Site-level correction path,AI/tool assistance bounded; publisher accountable,NO_CRITICAL_ISSUE,Echo Buddha publisher; Echo Buddha Editorial Organization author where applicable,QUOTE_REFLECTION,"noindex, follow",UX/navigation/discoverability/presentation only with trust meaning preserved,"No invented person/team/reviewer/credential/source; no source, attribution, safety, owner, URL, canonical, or index change",Build; custom Phase 6 gate; ownership/index/source/safety/schema parity; browser QA
https://echobuddha.com/quotes/awareness/notice-the-habit-before-trying-to-become-someone-without/,Echo Buddha Organization,Echo Buddha Editorial organizational byline where authorship is meaningful,NOT_CRITICAL,Original Echo Buddha unless verified otherwise,Site-level correction path,AI/tool assistance bounded; publisher accountable,NO_CRITICAL_ISSUE,Echo Buddha publisher; Echo Buddha Editorial Organization author where applicable,PREEXISTING_NOINDEX_OR_ERROR_ROLE,"noindex, follow",UX/navigation/discoverability/presentation only with trust meaning preserved,"No invented person/team/reviewer/credential/source; no source, attribution, safety, owner, URL, canonical, or index change",Build; custom Phase 6 gate; ownership/index/source/safety/schema parity; browser QA
https://echobuddha.com/quotes/awareness/one-breath-before-anger-replies/,Echo Buddha Organization,Echo Buddha Editorial organizational byline where authorship is meaningful,Medium,Original Echo Buddha unless verified otherwise,Site-level correction path,AI/tool assistance bounded; publisher accountable,NO_CRITICAL_ISSUE,Echo Buddha publisher; Echo Buddha Editorial Organization author where applicable,QUOTE_REFLECTION,indexable,UX/navigation/discoverability/presentation only with trust meaning preserved,"No invented person/team/reviewer/credential/source; no source, attribution, safety, owner, URL, canonical, or index change",Build; custom Phase 6 gate; ownership/index/source/safety/schema parity; browser QA
https://echobuddha.com/quotes/awareness/small-acts-of-attention-can-turn-an-ordinary-day/,Echo Buddha Organization,Echo Buddha Editorial organizational byline where authorship is meaningful,Medium,Original Echo Buddha unless verified otherwise,Site-level correction path,AI/tool assistance bounded; publisher accountable,NO_CRITICAL_ISSUE,Echo Buddha publisher; Echo Buddha Editorial Organization author where applicable,QUOTE_REFLECTION,"noindex, follow",UX/navigation/discoverability/presentation only with trust meaning preserved,"No invented person/team/reviewer/credential/source; no source, attribution, safety, owner, URL, canonical, or index change",Build; custom Phase 6 gate; ownership/index/source/safety/schema parity; browser QA
https://echobuddha.com/quotes/awareness/the-body-often-knows-you-are-overwhelmed-before-the/,Echo Buddha Organization,Echo Buddha Editorial organizational byline where authorship is meaningful,Medium,Original Echo Buddha unless verified otherwise,Site-level correction path,AI/tool assistance bounded; publisher accountable,NO_CRITICAL_ISSUE,Echo Buddha publisher; Echo Buddha Editorial Organization author where applicable,QUOTE_REFLECTION,"noindex, follow",UX/navigation/discoverability/presentation only with trust meaning preserved,"No invented person/team/reviewer/credential/source; no source, attribution, safety, owner, URL, canonical, or index change",Build; custom Phase 6 gate; ownership/index/source/safety/schema parity; browser QA
https://echobuddha.com/quotes/awareness/thoughts-are-visitors/,Echo Buddha Organization,Echo Buddha Editorial organizational byline where authorship is meaningful,Medium,Original Echo Buddha unless verified otherwise,Site-level correction path,AI/tool assistance bounded; publisher accountable,NO_CRITICAL_ISSUE,Echo Buddha publisher; Echo Buddha Editorial Organization author where applicable,QUOTE_REFLECTION,indexable,UX/navigation/discoverability/presentation only with trust meaning preserved,"No invented person/team/reviewer/credential/source; no source, attribution, safety, owner, URL, canonical, or index change",Build; custom Phase 6 gate; ownership/index/source/safety/schema parity; browser QA
https://echobuddha.com/quotes/awareness/thoughts-pass-without-commanding-you/,Echo Buddha Organization,Echo Buddha Editorial organizational byline where authorship is meaningful,Medium,Original Echo Buddha unless verified otherwise,Site-level correction path,AI/tool assistance bounded; publisher accountable,NO_CRITICAL_ISSUE,Echo Buddha publisher; Echo Buddha Editorial Organization author where applicable,QUOTE_REFLECTION,indexable,UX/navigation/discoverability/presentation only with trust meaning preserved,"No invented person/team/reviewer/credential/source; no source, attribution, safety, owner, URL, canonical, or index change",Build; custom Phase 6 gate; ownership/index/source/safety/schema parity; browser QA
https://echobuddha.com/quotes/awareness/what-you-can-observe-clearly-no-longer-controls-you/,Echo Buddha Organization,Echo Buddha Editorial organizational byline where authorship is meaningful,NOT_CRITICAL,Original Echo Buddha unless verified otherwise,Site-level correction path,AI/tool assistance bounded; publisher accountable,NO_CRITICAL_ISSUE,Echo Buddha publisher; Echo Buddha Editorial Organization author where applicable,PREEXISTING_NOINDEX_OR_ERROR_ROLE,"noindex, follow",UX/navigation/discoverability/presentation only with trust meaning preserved,"No invented person/team/reviewer/credential/source; no source, attribution, safety, owner, URL, canonical, or index change",Build; custom Phase 6 gate; ownership/index/source/safety/schema parity; browser QA
https://echobuddha.com/quotes/awareness/when-the-mind-tightens-let-the-body-be-your/,Echo Buddha Organization,Echo Buddha Editorial organizational byline where authorship is meaningful,NOT_CRITICAL,Original Echo Buddha unless verified otherwise,Site-level correction path,AI/tool assistance bounded; publisher accountable,NO_CRITICAL_ISSUE,Echo Buddha publisher; Echo Buddha Editorial Organization author where applicable,PREEXISTING_NOINDEX_OR_ERROR_ROLE,"noindex, follow",UX/navigation/discoverability/presentation only with trust meaning preserved,"No invented person/team/reviewer/credential/source; no source, attribution, safety, owner, URL, canonical, or index change",Build; custom Phase 6 gate; ownership/index/source/safety/schema parity; browser QA
https://echobuddha.com/quotes/compassion/a-gentle-response-can-end-suffering-that-anger-would/,Echo Buddha Organization,Echo Buddha Editorial organizational byline where authorship is meaningful,Medium,Original Echo Buddha unless verified otherwise,Site-level correction path,AI/tool assistance bounded; publisher accountable,NO_CRITICAL_ISSUE,Echo Buddha publisher; Echo Buddha Editorial Organization author where applicable,QUOTE_REFLECTION,"noindex, follow",UX/navigation/discoverability/presentation only with trust meaning preserved,"No invented person/team/reviewer/credential/source; no source, attribution, safety, owner, URL, canonical, or index change",Build; custom Phase 6 gate; ownership/index/source/safety/schema parity; browser QA
https://echobuddha.com/quotes/compassion/before-judging-another-life-remember-how-much-of-your/,Echo Buddha Organization,Echo Buddha Editorial organizational byline where authorship is meaningful,Medium,Original Echo Buddha unless verified otherwise,Site-level correction path,AI/tool assistance bounded; publisher accountable,NO_CRITICAL_ISSUE,Echo Buddha publisher; Echo Buddha Editorial Organization author where applicable,QUOTE_REFLECTION,"noindex, follow",UX/navigation/discoverability/presentation only with trust meaning preserved,"No invented person/team/reviewer/credential/source; no source, attribution, safety, owner, URL, canonical, or index change",Build; custom Phase 6 gate; ownership/index/source/safety/schema parity; browser QA
https://echobuddha.com/quotes/compassion/compassion-asks-what-hurts-before-it-asks-who-is/,Echo Buddha Organization,Echo Buddha Editorial organizational byline where authorship is meaningful,Medium,Original Echo Buddha unless verified otherwise,Site-level correction path,AI/tool assistance bounded; publisher accountable,NO_CRITICAL_ISSUE,Echo Buddha publisher; Echo Buddha Editorial Organization author where applicable,QUOTE_REFLECTION,"noindex, follow",UX/navigation/discoverability/presentation only with trust meaning preserved,"No invented person/team/reviewer/credential/source; no source, attribution, safety, owner, URL, canonical, or index change",Build; custom Phase 6 gate; ownership/index/source/safety/schema parity; browser QA
https://echobuddha.com/quotes/compassion/compassion-grows-where-judgment-loosens-its-grip/,Echo Buddha Organization,Echo Buddha Editorial organizational byline where authorship is meaningful,Medium,Original Echo Buddha unless verified otherwise,Site-level correction path,AI/tool assistance bounded; publisher accountable,NO_CRITICAL_ISSUE,Echo Buddha publisher; Echo Buddha Editorial Organization author where applicable,QUOTE_REFLECTION,"noindex, follow",UX/navigation/discoverability/presentation only with trust meaning preserved,"No invented person/team/reviewer/credential/source; no source, attribution, safety, owner, URL, canonical, or index change",Build; custom Phase 6 gate; ownership/index/source/safety/schema parity; browser QA
https://echobuddha.com/quotes/compassion/compassion-sees-pain-clearly/,Echo Buddha Organization,Echo Buddha Editorial organizational byline where authorship is meaningful,Medium,Original Echo Buddha unless verified otherwise,Site-level correction path,AI/tool assistance bounded; publisher accountable,NO_CRITICAL_ISSUE,Echo Buddha publisher; Echo Buddha Editorial Organization author where applicable,QUOTE_REFLECTION,indexable,UX/navigation/discoverability/presentation only with trust meaning preserved,"No invented person/team/reviewer/credential/source; no source, attribution, safety, owner, URL, canonical, or index change",Build; custom Phase 6 gate; ownership/index/source/safety/schema parity; browser QA
https://echobuddha.com/quotes/compassion/gentle-self-compassion/,Echo Buddha Organization,Echo Buddha Editorial organizational byline where authorship is meaningful,Medium,Original Echo Buddha unless verified otherwise,Site-level correction path,AI/tool assistance bounded; publisher accountable,NO_CRITICAL_ISSUE,Echo Buddha publisher; Echo Buddha Editorial Organization author where applicable,QUOTE_REFLECTION,indexable,UX/navigation/discoverability/presentation only with trust meaning preserved,"No invented person/team/reviewer/credential/source; no source, attribution, safety, owner, URL, canonical, or index change",Build; custom Phase 6 gate; ownership/index/source/safety/schema parity; browser QA
https://echobuddha.com/quotes/compassion/,Echo Buddha Organization,Echo Buddha Editorial organizational byline where authorship is meaningful,Medium,Original Echo Buddha unless verified otherwise,Site-level correction path,AI/tool assistance bounded; publisher accountable,NO_CRITICAL_ISSUE,Echo Buddha publisher; Echo Buddha Editorial Organization author where applicable,CATEGORY,indexable,UX/navigation/discoverability/presentation only with trust meaning preserved,"No invented person/team/reviewer/credential/source; no source, attribution, safety, owner, URL, canonical, or index change",Build; custom Phase 6 gate; ownership/index/source/safety/schema parity; browser QA
https://echobuddha.com/quotes/compassion/kindness-as-quiet-practice/,Echo Buddha Organization,Echo Buddha Editorial organizational byline where authorship is meaningful,Medium,Original Echo Buddha unless verified otherwise,Site-level correction path,AI/tool assistance bounded; publisher accountable,NO_CRITICAL_ISSUE,Echo Buddha publisher; Echo Buddha Editorial Organization author where applicable,QUOTE_REFLECTION,indexable,UX/navigation/discoverability/presentation only with trust meaning preserved,"No invented person/team/reviewer/credential/source; no source, attribution, safety, owner, URL, canonical, or index change",Build; custom Phase 6 gate; ownership/index/source/safety/schema parity; browser QA
https://echobuddha.com/quotes/compassion/kindness-does-not-need-an-audience-to-become-meaningful/,Echo Buddha Organization,Echo Buddha Editorial organizational byline where authorship is meaningful,Medium,Original Echo Buddha unless verified otherwise,Site-level correction path,AI/tool assistance bounded; publisher accountable,NO_CRITICAL_ISSUE,Echo Buddha publisher; Echo Buddha Editorial Organization author where applicable,QUOTE_REFLECTION,"noindex, follow",UX/navigation/discoverability/presentation only with trust meaning preserved,"No invented person/team/reviewer/credential/source; no source, attribution, safety, owner, URL, canonical, or index change",Build; custom Phase 6 gate; ownership/index/source/safety/schema parity; browser QA
https://echobuddha.com/quotes/compassion/let-kindness-be-the-echo-you-leave-in-every/,Echo Buddha Organization,Echo Buddha Editorial organizational byline where authorship is meaningful,Medium,Original Echo Buddha unless verified otherwise,Site-level correction path,AI/tool assistance bounded; publisher accountable,NO_CRITICAL_ISSUE,Echo Buddha publisher; Echo Buddha Editorial Organization author where applicable,QUOTE_REFLECTION,"noindex, follow",UX/navigation/discoverability/presentation only with trust meaning preserved,"No invented person/team/reviewer/credential/source; no source, attribution, safety, owner, URL, canonical, or index change",Build; custom Phase 6 gate; ownership/index/source/safety/schema parity; browser QA
https://echobuddha.com/quotes/compassion/let-your-boundaries-be-clear-and-your-heart-remain/,Echo Buddha Organization,Echo Buddha Editorial organizational byline where authorship is meaningful,NOT_CRITICAL,Original Echo Buddha unless verified otherwise,Site-level correction path,AI/tool assistance bounded; publisher accountable,NO_CRITICAL_ISSUE,Echo Buddha publisher; Echo Buddha Editorial Organization author where applicable,PREEXISTING_NOINDEX_OR_ERROR_ROLE,"noindex, follow",UX/navigation/discoverability/presentation only with trust meaning preserved,"No invented person/team/reviewer/credential/source; no source, attribution, safety, owner, URL, canonical, or index change",Build; custom Phase 6 gate; ownership/index/source/safety/schema parity; browser QA
https://echobuddha.com/quotes/compassion/loving-kindness-without-harm/,Echo Buddha Organization,Echo Buddha Editorial organizational byline where authorship is meaningful,Medium,Original Echo Buddha unless verified otherwise,Site-level correction path,AI/tool assistance bounded; publisher accountable,NO_CRITICAL_ISSUE,Echo Buddha publisher; Echo Buddha Editorial Organization author where applicable,QUOTE_REFLECTION,indexable,UX/navigation/discoverability/presentation only with trust meaning preserved,"No invented person/team/reviewer/credential/source; no source, attribution, safety, owner, URL, canonical, or index change",Build; custom Phase 6 gate; ownership/index/source/safety/schema parity; browser QA
https://echobuddha.com/quotes/compassion/offer-others-the-patience-you-hope-to-receive-on/,Echo Buddha Organization,Echo Buddha Editorial organizational byline where authorship is meaningful,NOT_CRITICAL,Original Echo Buddha unless verified otherwise,Site-level correction path,AI/tool assistance bounded; publisher accountable,NO_CRITICAL_ISSUE,Echo Buddha publisher; Echo Buddha Editorial Organization author where applicable,PREEXISTING_NOINDEX_OR_ERROR_ROLE,"noindex, follow",UX/navigation/discoverability/presentation only with trust meaning preserved,"No invented person/team/reviewer/credential/source; no source, attribution, safety, owner, URL, canonical, or index change",Build; custom Phase 6 gate; ownership/index/source/safety/schema parity; browser QA
https://echobuddha.com/quotes/compassion/small-kindnesses-often-reach-places-that-advice-cannot/,Echo Buddha Organization,Echo Buddha Editorial organizational byline where authorship is meaningful,NOT_CRITICAL,Original Echo Buddha unless verified otherwise,Site-level correction path,AI/tool assistance bounded; publisher accountable,NO_CRITICAL_ISSUE,Echo Buddha publisher; Echo Buddha Editorial Organization author where applicable,PREEXISTING_NOINDEX_OR_ERROR_ROLE,"noindex, follow",UX/navigation/discoverability/presentation only with trust meaning preserved,"No invented person/team/reviewer/credential/source; no source, attribution, safety, owner, URL, canonical, or index change",Build; custom Phase 6 gate; ownership/index/source/safety/schema parity; browser QA
https://echobuddha.com/quotes/compassion/the-heart-becomes-spacious-each-time-it-chooses-care/,Echo Buddha Organization,Echo Buddha Editorial organizational byline where authorship is meaningful,NOT_CRITICAL,Original Echo Buddha unless verified otherwise,Site-level correction path,AI/tool assistance bounded; publisher accountable,NO_CRITICAL_ISSUE,Echo Buddha publisher; Echo Buddha Editorial Organization author where applicable,PREEXISTING_NOINDEX_OR_ERROR_ROLE,"noindex, follow",UX/navigation/discoverability/presentation only with trust meaning preserved,"No invented person/team/reviewer/credential/source; no source, attribution, safety, owner, URL, canonical, or index change",Build; custom Phase 6 gate; ownership/index/source/safety/schema parity; browser QA
https://echobuddha.com/quotes/compassion/to-understand-someone-is-not-to-excuse-harm-it/,Echo Buddha Organization,Echo Buddha Editorial organizational byline where authorship is meaningful,NOT_CRITICAL,Original Echo Buddha unless verified otherwise,Site-level correction path,AI/tool assistance bounded; publisher accountable,NO_CRITICAL_ISSUE,Echo Buddha publisher; Echo Buddha Editorial Organization author where applicable,PREEXISTING_NOINDEX_OR_ERROR_ROLE,"noindex, follow",UX/navigation/discoverability/presentation only with trust meaning preserved,"No invented person/team/reviewer/credential/source; no source, attribution, safety, owner, URL, canonical, or index change",Build; custom Phase 6 gate; ownership/index/source/safety/schema parity; browser QA
https://echobuddha.com/quotes/compassion/when-you-cannot-remove-anothers-burden-do-not-add/,Echo Buddha Organization,Echo Buddha Editorial organizational byline where authorship is meaningful,NOT_CRITICAL,Original Echo Buddha unless verified otherwise,Site-level correction path,AI/tool assistance bounded; publisher accountable,NO_CRITICAL_ISSUE,Echo Buddha publisher; Echo Buddha Editorial Organization author where applicable,PREEXISTING_NOINDEX_OR_ERROR_ROLE,"noindex, follow",UX/navigation/discoverability/presentation only with trust meaning preserved,"No invented person/team/reviewer/credential/source; no source, attribution, safety, owner, URL, canonical, or index change",Build; custom Phase 6 gate; ownership/index/source/safety/schema parity; browser QA
https://echobuddha.com/quotes/impermanence/acceptance-begins-where-the-argument-with-change-ends/,Echo Buddha Organization,Echo Buddha Editorial organizational byline where authorship is meaningful,NOT_CRITICAL,Original Echo Buddha unless verified otherwise,Site-level correction path,AI/tool assistance bounded; publisher accountable,NO_CRITICAL_ISSUE,Echo Buddha publisher; Echo Buddha Editorial Organization author where applicable,PREEXISTING_NOINDEX_OR_ERROR_ROLE,"noindex, follow",UX/navigation/discoverability/presentation only with trust meaning preserved,"No invented person/team/reviewer/credential/source; no source, attribution, safety, owner, URL, canonical, or index change",Build; custom Phase 6 gate; ownership/index/source/safety/schema parity; browser QA
https://echobuddha.com/quotes/impermanence/because-this-moment-will-pass-meet-it-while-it/,Echo Buddha Organization,Echo Buddha Editorial organizational byline where authorship is meaningful,Medium,Original Echo Buddha unless verified otherwise,Site-level correction path,AI/tool assistance bounded; publisher accountable,NO_CRITICAL_ISSUE,Echo Buddha publisher; Echo Buddha Editorial Organization author where applicable,QUOTE_REFLECTION,"noindex, follow",UX/navigation/discoverability/presentation only with trust meaning preserved,"No invented person/team/reviewer/credential/source; no source, attribution, safety, owner, URL, canonical, or index change",Build; custom Phase 6 gate; ownership/index/source/safety/schema parity; browser QA
https://echobuddha.com/quotes/impermanence/change-is-how-life-continues/,Echo Buddha Organization,Echo Buddha Editorial organizational byline where authorship is meaningful,Medium,Original Echo Buddha unless verified otherwise,Site-level correction path,AI/tool assistance bounded; publisher accountable,NO_CRITICAL_ISSUE,Echo Buddha publisher; Echo Buddha Editorial Organization author where applicable,QUOTE_REFLECTION,indexable,UX/navigation/discoverability/presentation only with trust meaning preserved,"No invented person/team/reviewer/credential/source; no source, attribution, safety, owner, URL, canonical, or index change",Build; custom Phase 6 gate; ownership/index/source/safety/schema parity; browser QA
https://echobuddha.com/quotes/impermanence/change-takes-nothing-personally-it-simply-continues/,Echo Buddha Organization,Echo Buddha Editorial organizational byline where authorship is meaningful,Medium,Original Echo Buddha unless verified otherwise,Site-level correction path,AI/tool assistance bounded; publisher accountable,NO_CRITICAL_ISSUE,Echo Buddha publisher; Echo Buddha Editorial Organization author where applicable,QUOTE_REFLECTION,"noindex, follow",UX/navigation/discoverability/presentation only with trust meaning preserved,"No invented person/team/reviewer/credential/source; no source, attribution, safety, owner, URL, canonical, or index change",Build; custom Phase 6 gate; ownership/index/source/safety/schema parity; browser QA
https://echobuddha.com/quotes/impermanence/everything-changes-including-the-part-of-you-that-fears/,Echo Buddha Organization,Echo Buddha Editorial organizational byline where authorship is meaningful,Medium,Original Echo Buddha unless verified otherwise,Site-level correction path,AI/tool assistance bounded; publisher accountable,NO_CRITICAL_ISSUE,Echo Buddha publisher; Echo Buddha Editorial Organization author where applicable,QUOTE_REFLECTION,"noindex, follow",UX/navigation/discoverability/presentation only with trust meaning preserved,"No invented person/team/reviewer/credential/source; no source, attribution, safety, owner, URL, canonical, or index change",Build; custom Phase 6 gate; ownership/index/source/safety/schema parity; browser QA
https://echobuddha.com/quotes/impermanence/hold-each-day-carefully-knowing-it-cannot-be-held/,Echo Buddha Organization,Echo Buddha Editorial organizational byline where authorship is meaningful,NOT_CRITICAL,Original Echo Buddha unless verified otherwise,Site-level correction path,AI/tool assistance bounded; publisher accountable,NO_CRITICAL_ISSUE,Echo Buddha publisher; Echo Buddha Editorial Organization author where applicable,PREEXISTING_NOINDEX_OR_ERROR_ROLE,"noindex, follow",UX/navigation/discoverability/presentation only with trust meaning preserved,"No invented person/team/reviewer/credential/source; no source, attribution, safety, owner, URL, canonical, or index change",Build; custom Phase 6 gate; ownership/index/source/safety/schema parity; browser QA
https://echobuddha.com/quotes/impermanence/,Echo Buddha Organization,Echo Buddha Editorial organizational byline where authorship is meaningful,Medium,Original Echo Buddha unless verified otherwise,Site-level correction path,AI/tool assistance bounded; publisher accountable,NO_CRITICAL_ISSUE,Echo Buddha publisher; Echo Buddha Editorial Organization author where applicable,CATEGORY,indexable,UX/navigation/discoverability/presentation only with trust meaning preserved,"No invented person/team/reviewer/credential/source; no source, attribution, safety, owner, URL, canonical, or index change",Build; custom Phase 6 gate; ownership/index/source/safety/schema parity; browser QA
https://echobuddha.com/quotes/impermanence/meet-change-softly/,Echo Buddha Organization,Echo Buddha Editorial organizational byline where authorship is meaningful,Medium,Original Echo Buddha unless verified otherwise,Site-level correction path,AI/tool assistance bounded; publisher accountable,NO_CRITICAL_ISSUE,Echo Buddha publisher; Echo Buddha Editorial Organization author where applicable,QUOTE_REFLECTION,indexable,UX/navigation/discoverability/presentation only with trust meaning preserved,"No invented person/team/reviewer/credential/source; no source, attribution, safety, owner, URL, canonical, or index change",Build; custom Phase 6 gate; ownership/index/source/safety/schema parity; browser QA
https://echobuddha.com/quotes/impermanence/no-season-is-asked-to-remain-in-order-to/,Echo Buddha Organization,Echo Buddha Editorial organizational byline where authorship is meaningful,NOT_CRITICAL,Original Echo Buddha unless verified otherwise,Site-level correction path,AI/tool assistance bounded; publisher accountable,NO_CRITICAL_ISSUE,Echo Buddha publisher; Echo Buddha Editorial Organization author where applicable,PREEXISTING_NOINDEX_OR_ERROR_ROLE,"noindex, follow",UX/navigation/discoverability/presentation only with trust meaning preserved,"No invented person/team/reviewer/credential/source; no source, attribution, safety, owner, URL, canonical, or index change",Build; custom Phase 6 gate; ownership/index/source/safety/schema parity; browser QA
https://echobuddha.com/quotes/impermanence/the-fading-flower-does-not-make-its-blooming-less/,Echo Buddha Organization,Echo Buddha Editorial organizational byline where authorship is meaningful,Medium,Original Echo Buddha unless verified otherwise,Site-level correction path,AI/tool assistance bounded; publisher accountable,NO_CRITICAL_ISSUE,Echo Buddha publisher; Echo Buddha Editorial Organization author where applicable,QUOTE_REFLECTION,"noindex, follow",UX/navigation/discoverability/presentation only with trust meaning preserved,"No invented person/team/reviewer/credential/source; no source, attribution, safety, owner, URL, canonical, or index change",Build; custom Phase 6 gate; ownership/index/source/safety/schema parity; browser QA
https://echobuddha.com/quotes/impermanence/the-passing-of-joy-teaches-gratitude-the-passing-of/,Echo Buddha Organization,Echo Buddha Editorial organizational byline where authorship is meaningful,Medium,Original Echo Buddha unless verified otherwise,Site-level correction path,AI/tool assistance bounded; publisher accountable,NO_CRITICAL_ISSUE,Echo Buddha publisher; Echo Buddha Editorial Organization author where applicable,QUOTE_REFLECTION,"noindex, follow",UX/navigation/discoverability/presentation only with trust meaning preserved,"No invented person/team/reviewer/credential/source; no source, attribution, safety, owner, URL, canonical, or index change",Build; custom Phase 6 gate; ownership/index/source/safety/schema parity; browser QA
https://echobuddha.com/quotes/impermanence/todays-certainty-may-become-tomorrows-lesson-in-humility/,Echo Buddha Organization,Echo Buddha Editorial organizational byline where authorship is meaningful,Medium,Original Echo Buddha unless verified otherwise,Site-level correction path,AI/tool assistance bounded; publisher accountable,NO_CRITICAL_ISSUE,Echo Buddha publisher; Echo Buddha Editorial Organization author where applicable,QUOTE_REFLECTION,"noindex, follow",UX/navigation/discoverability/presentation only with trust meaning preserved,"No invented person/team/reviewer/credential/source; no source, attribution, safety, owner, URL, canonical, or index change",Build; custom Phase 6 gate; ownership/index/source/safety/schema parity; browser QA
https://echobuddha.com/quotes/impermanence/what-changes-is-not-always-lost-sometimes-it-is/,Echo Buddha Organization,Echo Buddha Editorial organizational byline where authorship is meaningful,NOT_CRITICAL,Original Echo Buddha unless verified otherwise,Site-level correction path,AI/tool assistance bounded; publisher accountable,NO_CRITICAL_ISSUE,Echo Buddha publisher; Echo Buddha Editorial Organization author where applicable,PREEXISTING_NOINDEX_OR_ERROR_ROLE,"noindex, follow",UX/navigation/discoverability/presentation only with trust meaning preserved,"No invented person/team/reviewer/credential/source; no source, attribution, safety, owner, URL, canonical, or index change",Build; custom Phase 6 gate; ownership/index/source/safety/schema parity; browser QA
https://echobuddha.com/quotes/,Echo Buddha Organization,Echo Buddha Editorial organizational byline where authorship is meaningful,Medium,Original Echo Buddha unless verified otherwise,Site-level correction path,AI/tool assistance bounded; publisher accountable,NO_CRITICAL_ISSUE,Echo Buddha publisher; Echo Buddha Editorial Organization author where applicable,HUB,indexable,UX/navigation/discoverability/presentation only with trust meaning preserved,"No invented person/team/reviewer/credential/source; no source, attribution, safety, owner, URL, canonical, or index change",Build; custom Phase 6 gate; ownership/index/source/safety/schema parity; browser QA
https://echobuddha.com/quotes/letting-go/an-open-hand-can-care-for-what-a-clenched/,Echo Buddha Organization,Echo Buddha Editorial organizational byline where authorship is meaningful,Medium,Original Echo Buddha unless verified otherwise,Site-level correction path,AI/tool assistance bounded; publisher accountable,NO_CRITICAL_ISSUE,Echo Buddha publisher; Echo Buddha Editorial Organization author where applicable,QUOTE_REFLECTION,"noindex, follow",UX/navigation/discoverability/presentation only with trust meaning preserved,"No invented person/team/reviewer/credential/source; no source, attribution, safety, owner, URL, canonical, or index change",Build; custom Phase 6 gate; ownership/index/source/safety/schema parity; browser QA
https://echobuddha.com/quotes/letting-go/caring-without-clinging/,Echo Buddha Organization,Echo Buddha Editorial organizational byline where authorship is meaningful,Medium,Original Echo Buddha unless verified otherwise,Site-level correction path,AI/tool assistance bounded; publisher accountable,NO_CRITICAL_ISSUE,Echo Buddha publisher; Echo Buddha Editorial Organization author where applicable,QUOTE_REFLECTION,indexable,UX/navigation/discoverability/presentation only with trust meaning preserved,"No invented person/team/reviewer/credential/source; no source, attribution, safety, owner, URL, canonical, or index change",Build; custom Phase 6 gate; ownership/index/source/safety/schema parity; browser QA
https://echobuddha.com/quotes/letting-go/forgiveness-without-approving-harm/,Echo Buddha Organization,Echo Buddha Editorial organizational byline where authorship is meaningful,Medium,Original Echo Buddha unless verified otherwise,Site-level correction path,AI/tool assistance bounded; publisher accountable,NO_CRITICAL_ISSUE,Echo Buddha publisher; Echo Buddha Editorial Organization author where applicable,QUOTE_REFLECTION,indexable,UX/navigation/discoverability/presentation only with trust meaning preserved,"No invented person/team/reviewer/credential/source; no source, attribution, safety, owner, URL, canonical, or index change",Build; custom Phase 6 gate; ownership/index/source/safety/schema parity; browser QA
https://echobuddha.com/quotes/letting-go/freedom-often-sounds-like-the-quiet-end-of-an/,Echo Buddha Organization,Echo Buddha Editorial organizational byline where authorship is meaningful,NOT_CRITICAL,Original Echo Buddha unless verified otherwise,Site-level correction path,AI/tool assistance bounded; publisher accountable,NO_CRITICAL_ISSUE,Echo Buddha publisher; Echo Buddha Editorial Organization author where applicable,PREEXISTING_NOINDEX_OR_ERROR_ROLE,"noindex, follow",UX/navigation/discoverability/presentation only with trust meaning preserved,"No invented person/team/reviewer/credential/source; no source, attribution, safety, owner, URL, canonical, or index change",Build; custom Phase 6 gate; ownership/index/source/safety/schema parity; browser QA
https://echobuddha.com/quotes/letting-go/,Echo Buddha Organization,Echo Buddha Editorial organizational byline where authorship is meaningful,Medium,Original Echo Buddha unless verified otherwise,Site-level correction path,AI/tool assistance bounded; publisher accountable,NO_CRITICAL_ISSUE,Echo Buddha publisher; Echo Buddha Editorial Organization author where applicable,CATEGORY,indexable,UX/navigation/discoverability/presentation only with trust meaning preserved,"No invented person/team/reviewer/credential/source; no source, attribution, safety, owner, URL, canonical, or index change",Build; custom Phase 6 gate; ownership/index/source/safety/schema parity; browser QA
https://echobuddha.com/quotes/letting-go/let-the-feeling-pass-through-without-building-it-a/,Echo Buddha Organization,Echo Buddha Editorial organizational byline where authorship is meaningful,NOT_CRITICAL,Original Echo Buddha unless verified otherwise,Site-level correction path,AI/tool assistance bounded; publisher accountable,NO_CRITICAL_ISSUE,Echo Buddha publisher; Echo Buddha Editorial Organization author where applicable,PREEXISTING_NOINDEX_OR_ERROR_ROLE,"noindex, follow",UX/navigation/discoverability/presentation only with trust meaning preserved,"No invented person/team/reviewer/credential/source; no source, attribution, safety, owner, URL, canonical, or index change",Build; custom Phase 6 gate; ownership/index/source/safety/schema parity; browser QA
https://echobuddha.com/quotes/letting-go/letting-go-begins-by-admitting-how-tightly-you-are/,Echo Buddha Organization,Echo Buddha Editorial organizational byline where authorship is meaningful,Medium,Original Echo Buddha unless verified otherwise,Site-level correction path,AI/tool assistance bounded; publisher accountable,NO_CRITICAL_ISSUE,Echo Buddha publisher; Echo Buddha Editorial Organization author where applicable,QUOTE_REFLECTION,"noindex, follow",UX/navigation/discoverability/presentation only with trust meaning preserved,"No invented person/team/reviewer/credential/source; no source, attribution, safety, owner, URL, canonical, or index change",Build; custom Phase 6 gate; ownership/index/source/safety/schema parity; browser QA
https://echobuddha.com/quotes/letting-go/open-hands-non-attachment/,Echo Buddha Organization,Echo Buddha Editorial organizational byline where authorship is meaningful,Medium,Original Echo Buddha unless verified otherwise,Site-level correction path,AI/tool assistance bounded; publisher accountable,NO_CRITICAL_ISSUE,Echo Buddha publisher; Echo Buddha Editorial Organization author where applicable,QUOTE_REFLECTION,indexable,UX/navigation/discoverability/presentation only with trust meaning preserved,"No invented person/team/reviewer/credential/source; no source, attribution, safety, owner, URL, canonical, or index change",Build; custom Phase 6 gate; ownership/index/source/safety/schema parity; browser QA
https://echobuddha.com/quotes/letting-go/peace-enters-when-control-is-no-longer-the-price/,Echo Buddha Organization,Echo Buddha Editorial organizational byline where authorship is meaningful,Medium,Original Echo Buddha unless verified otherwise,Site-level correction path,AI/tool assistance bounded; publisher accountable,NO_CRITICAL_ISSUE,Echo Buddha publisher; Echo Buddha Editorial Organization author where applicable,QUOTE_REFLECTION,"noindex, follow",UX/navigation/discoverability/presentation only with trust meaning preserved,"No invented person/team/reviewer/credential/source; no source, attribution, safety, owner, URL, canonical, or index change",Build; custom Phase 6 gate; ownership/index/source/safety/schema parity; browser QA
https://echobuddha.com/quotes/letting-go/release-the-need-to-replay-what-can-no-longer/,Echo Buddha Organization,Echo Buddha Editorial organizational byline where authorship is meaningful,Medium,Original Echo Buddha unless verified otherwise,Site-level correction path,AI/tool assistance bounded; publisher accountable,NO_CRITICAL_ISSUE,Echo Buddha publisher; Echo Buddha Editorial Organization author where applicable,QUOTE_REFLECTION,"noindex, follow",UX/navigation/discoverability/presentation only with trust meaning preserved,"No invented person/team/reviewer/credential/source; no source, attribution, safety, owner, URL, canonical, or index change",Build; custom Phase 6 gate; ownership/index/source/safety/schema parity; browser QA
https://echobuddha.com/quotes/letting-go/release-the-outcome-but-keep-the-care-you-bring/,Echo Buddha Organization,Echo Buddha Editorial organizational byline where authorship is meaningful,NOT_CRITICAL,Original Echo Buddha unless verified otherwise,Site-level correction path,AI/tool assistance bounded; publisher accountable,NO_CRITICAL_ISSUE,Echo Buddha publisher; Echo Buddha Editorial Organization author where applicable,PREEXISTING_NOINDEX_OR_ERROR_ROLE,"noindex, follow",UX/navigation/discoverability/presentation only with trust meaning preserved,"No invented person/team/reviewer/credential/source; no source, attribution, safety, owner, URL, canonical, or index change",Build; custom Phase 6 gate; ownership/index/source/safety/schema parity; browser QA
https://echobuddha.com/quotes/letting-go/soften-around-stress/,Echo Buddha Organization,Echo Buddha Editorial organizational byline where authorship is meaningful,Medium,Original Echo Buddha unless verified otherwise,Site-level correction path,AI/tool assistance bounded; publisher accountable,NO_CRITICAL_ISSUE,Echo Buddha publisher; Echo Buddha Editorial Organization author where applicable,QUOTE_REFLECTION,indexable,UX/navigation/discoverability/presentation only with trust meaning preserved,"No invented person/team/reviewer/credential/source; no source, attribution, safety, owner, URL, canonical, or index change",Build; custom Phase 6 gate; ownership/index/source/safety/schema parity; browser QA
https://echobuddha.com/quotes/letting-go/what-leaves-your-life-may-still-leave-wisdom-behind/,Echo Buddha Organization,Echo Buddha Editorial organizational byline where authorship is meaningful,NOT_CRITICAL,Original Echo Buddha unless verified otherwise,Site-level correction path,AI/tool assistance bounded; publisher accountable,NO_CRITICAL_ISSUE,Echo Buddha publisher; Echo Buddha Editorial Organization author where applicable,PREEXISTING_NOINDEX_OR_ERROR_ROLE,"noindex, follow",UX/navigation/discoverability/presentation only with trust meaning preserved,"No invented person/team/reviewer/credential/source; no source, attribution, safety, owner, URL, canonical, or index change",Build; custom Phase 6 gate; ownership/index/source/safety/schema parity; browser QA
https://echobuddha.com/quotes/letting-go/where-attachment-begins/,Echo Buddha Organization,Echo Buddha Editorial organizational byline where authorship is meaningful,Medium,Original Echo Buddha unless verified otherwise,Site-level correction path,AI/tool assistance bounded; publisher accountable,NO_CRITICAL_ISSUE,Echo Buddha publisher; Echo Buddha Editorial Organization author where applicable,QUOTE_REFLECTION,indexable,UX/navigation/discoverability/presentation only with trust meaning preserved,"No invented person/team/reviewer/credential/source; no source, attribution, safety, owner, URL, canonical, or index change",Build; custom Phase 6 gate; ownership/index/source/safety/schema parity; browser QA
https://echobuddha.com/quotes/letting-go/you-can-honor-the-past-without-asking-it-to/,Echo Buddha Organization,Echo Buddha Editorial organizational byline where authorship is meaningful,Medium,Original Echo Buddha unless verified otherwise,Site-level correction path,AI/tool assistance bounded; publisher accountable,NO_CRITICAL_ISSUE,Echo Buddha publisher; Echo Buddha Editorial Organization author where applicable,QUOTE_REFLECTION,"noindex, follow",UX/navigation/discoverability/presentation only with trust meaning preserved,"No invented person/team/reviewer/credential/source; no source, attribution, safety, owner, URL, canonical, or index change",Build; custom Phase 6 gate; ownership/index/source/safety/schema parity; browser QA
https://echobuddha.com/quotes/letting-go/you-do-not-betray-a-memory-by-allowing-yourself/,Echo Buddha Organization,Echo Buddha Editorial organizational byline where authorship is meaningful,NOT_CRITICAL,Original Echo Buddha unless verified otherwise,Site-level correction path,AI/tool assistance bounded; publisher accountable,NO_CRITICAL_ISSUE,Echo Buddha publisher; Echo Buddha Editorial Organization author where applicable,PREEXISTING_NOINDEX_OR_ERROR_ROLE,"noindex, follow",UX/navigation/discoverability/presentation only with trust meaning preserved,"No invented person/team/reviewer/credential/source; no source, attribution, safety, owner, URL, canonical, or index change",Build; custom Phase 6 gate; ownership/index/source/safety/schema parity; browser QA
https://echobuddha.com/quotes/letting-go/you-do-not-need-to-carry-every-thought-that/,Echo Buddha Organization,Echo Buddha Editorial organizational byline where authorship is meaningful,Medium,Original Echo Buddha unless verified otherwise,Site-level correction path,AI/tool assistance bounded; publisher accountable,NO_CRITICAL_ISSUE,Echo Buddha publisher; Echo Buddha Editorial Organization author where applicable,QUOTE_REFLECTION,"noindex, follow",UX/navigation/discoverability/presentation only with trust meaning preserved,"No invented person/team/reviewer/credential/source; no source, attribution, safety, owner, URL, canonical, or index change",Build; custom Phase 6 gate; ownership/index/source/safety/schema parity; browser QA
https://echobuddha.com/quotes/meditation/a-short-sincere-practice-can-steady-a-long-and/,Echo Buddha Organization,Echo Buddha Editorial organizational byline where authorship is meaningful,Medium,Original Echo Buddha unless verified otherwise,Site-level correction path,AI/tool assistance bounded; publisher accountable,NO_CRITICAL_ISSUE,Echo Buddha publisher; Echo Buddha Editorial Organization author where applicable,QUOTE_REFLECTION,"noindex, follow",UX/navigation/discoverability/presentation only with trust meaning preserved,"No invented person/team/reviewer/credential/source; no source, attribution, safety, owner, URL, canonical, or index change",Build; custom Phase 6 gate; ownership/index/source/safety/schema parity; browser QA
https://echobuddha.com/quotes/meditation/do-not-search-meditation-for-a-special-self-notice/,Echo Buddha Organization,Echo Buddha Editorial organizational byline where authorship is meaningful,NOT_CRITICAL,Original Echo Buddha unless verified otherwise,Site-level correction path,AI/tool assistance bounded; publisher accountable,NO_CRITICAL_ISSUE,Echo Buddha publisher; Echo Buddha Editorial Organization author where applicable,PREEXISTING_NOINDEX_OR_ERROR_ROLE,"noindex, follow",UX/navigation/discoverability/presentation only with trust meaning preserved,"No invented person/team/reviewer/credential/source; no source, attribution, safety, owner, URL, canonical, or index change",Build; custom Phase 6 gate; ownership/index/source/safety/schema parity; browser QA
https://echobuddha.com/quotes/meditation/every-return-from-distraction-strengthens-the-path-home/,Echo Buddha Organization,Echo Buddha Editorial organizational byline where authorship is meaningful,NOT_CRITICAL,Original Echo Buddha unless verified otherwise,Site-level correction path,AI/tool assistance bounded; publisher accountable,NO_CRITICAL_ISSUE,Echo Buddha publisher; Echo Buddha Editorial Organization author where applicable,PREEXISTING_NOINDEX_OR_ERROR_ROLE,"noindex, follow",UX/navigation/discoverability/presentation only with trust meaning preserved,"No invented person/team/reviewer/credential/source; no source, attribution, safety, owner, URL, canonical, or index change",Build; custom Phase 6 gate; ownership/index/source/safety/schema parity; browser QA
https://echobuddha.com/quotes/meditation/few-quiet-minutes/,Echo Buddha Organization,Echo Buddha Editorial organizational byline where authorship is meaningful,Medium,Original Echo Buddha unless verified otherwise,Site-level correction path,AI/tool assistance bounded; publisher accountable,NO_CRITICAL_ISSUE,Echo Buddha publisher; Echo Buddha Editorial Organization author where applicable,QUOTE_REFLECTION,indexable,UX/navigation/discoverability/presentation only with trust meaning preserved,"No invented person/team/reviewer/credential/source; no source, attribution, safety, owner, URL, canonical, or index change",Build; custom Phase 6 gate; ownership/index/source/safety/schema parity; browser QA
https://echobuddha.com/quotes/meditation/follow-the-breath-lightly-as-you-would-listen-to/,Echo Buddha Organization,Echo Buddha Editorial organizational byline where authorship is meaningful,Medium,Original Echo Buddha unless verified otherwise,Site-level correction path,AI/tool assistance bounded; publisher accountable,NO_CRITICAL_ISSUE,Echo Buddha publisher; Echo Buddha Editorial Organization author where applicable,QUOTE_REFLECTION,"noindex, follow",UX/navigation/discoverability/presentation only with trust meaning preserved,"No invented person/team/reviewer/credential/source; no source, attribution, safety, owner, URL, canonical, or index change",Build; custom Phase 6 gate; ownership/index/source/safety/schema parity; browser QA
https://echobuddha.com/quotes/meditation/,Echo Buddha Organization,Echo Buddha Editorial organizational byline where authorship is meaningful,Medium,Original Echo Buddha unless verified otherwise,Site-level correction path,AI/tool assistance bounded; publisher accountable,NO_CRITICAL_ISSUE,Echo Buddha publisher; Echo Buddha Editorial Organization author where applicable,CATEGORY,indexable,UX/navigation/discoverability/presentation only with trust meaning preserved,"No invented person/team/reviewer/credential/source; no source, attribution, safety, owner, URL, canonical, or index change",Build; custom Phase 6 gate; ownership/index/source/safety/schema parity; browser QA
https://echobuddha.com/quotes/meditation/meditation-is-not-leaving-life-it-is-learning-how/,Echo Buddha Organization,Echo Buddha Editorial organizational byline where authorship is meaningful,Medium,Original Echo Buddha unless verified otherwise,Site-level correction path,AI/tool assistance bounded; publisher accountable,NO_CRITICAL_ISSUE,Echo Buddha publisher; Echo Buddha Editorial Organization author where applicable,QUOTE_REFLECTION,"noindex, follow",UX/navigation/discoverability/presentation only with trust meaning preserved,"No invented person/team/reviewer/credential/source; no source, attribution, safety, owner, URL, canonical, or index change",Build; custom Phase 6 gate; ownership/index/source/safety/schema parity; browser QA
https://echobuddha.com/quotes/meditation/meditation-is-returning/,Echo Buddha Organization,Echo Buddha Editorial organizational byline where authorship is meaningful,Medium,Original Echo Buddha unless verified otherwise,Site-level correction path,AI/tool assistance bounded; publisher accountable,NO_CRITICAL_ISSUE,Echo Buddha publisher; Echo Buddha Editorial Organization author where applicable,QUOTE_REFLECTION,indexable,UX/navigation/discoverability/presentation only with trust meaning preserved,"No invented person/team/reviewer/credential/source; no source, attribution, safety, owner, URL, canonical, or index change",Build; custom Phase 6 gate; ownership/index/source/safety/schema parity; browser QA
https://echobuddha.com/quotes/meditation/one-honest-breath/,Echo Buddha Organization,Echo Buddha Editorial organizational byline where authorship is meaningful,Medium,Original Echo Buddha unless verified otherwise,Site-level correction path,AI/tool assistance bounded; publisher accountable,NO_CRITICAL_ISSUE,Echo Buddha publisher; Echo Buddha Editorial Organization author where applicable,QUOTE_REFLECTION,indexable,UX/navigation/discoverability/presentation only with trust meaning preserved,"No invented person/team/reviewer/credential/source; no source, attribution, safety, owner, URL, canonical, or index change",Build; custom Phase 6 gate; ownership/index/source/safety/schema parity; browser QA
https://echobuddha.com/quotes/meditation/silence-is-not-empty-when-the-heart-is-listening/,Echo Buddha Organization,Echo Buddha Editorial organizational byline where authorship is meaningful,Medium,Original Echo Buddha unless verified otherwise,Site-level correction path,AI/tool assistance bounded; publisher accountable,NO_CRITICAL_ISSUE,Echo Buddha publisher; Echo Buddha Editorial Organization author where applicable,QUOTE_REFLECTION,"noindex, follow",UX/navigation/discoverability/presentation only with trust meaning preserved,"No invented person/team/reviewer/credential/source; no source, attribution, safety, owner, URL, canonical, or index change",Build; custom Phase 6 gate; ownership/index/source/safety/schema parity; browser QA
https://echobuddha.com/quotes/meditation/sit-with-the-day-as-it-is-before-asking/,Echo Buddha Organization,Echo Buddha Editorial organizational byline where authorship is meaningful,NOT_CRITICAL,Original Echo Buddha unless verified otherwise,Site-level correction path,AI/tool assistance bounded; publisher accountable,NO_CRITICAL_ISSUE,Echo Buddha publisher; Echo Buddha Editorial Organization author where applicable,PREEXISTING_NOINDEX_OR_ERROR_ROLE,"noindex, follow",UX/navigation/discoverability/presentation only with trust meaning preserved,"No invented person/team/reviewer/credential/source; no source, attribution, safety, owner, URL, canonical, or index change",Build; custom Phase 6 gate; ownership/index/source/safety/schema parity; browser QA
https://echobuddha.com/quotes/meditation/sit-without-demanding-silence-and-the-mind-will-teach/,Echo Buddha Organization,Echo Buddha Editorial organizational byline where authorship is meaningful,Medium,Original Echo Buddha unless verified otherwise,Site-level correction path,AI/tool assistance bounded; publisher accountable,NO_CRITICAL_ISSUE,Echo Buddha publisher; Echo Buddha Editorial Organization author where applicable,QUOTE_REFLECTION,"noindex, follow",UX/navigation/discoverability/presentation only with trust meaning preserved,"No invented person/team/reviewer/credential/source; no source, attribution, safety, owner, URL, canonical, or index change",Build; custom Phase 6 gate; ownership/index/source/safety/schema parity; browser QA
https://echobuddha.com/quotes/meditation/the-bell-fades-but-careful-listening-can-continue/,Echo Buddha Organization,Echo Buddha Editorial organizational byline where authorship is meaningful,NOT_CRITICAL,Original Echo Buddha unless verified otherwise,Site-level correction path,AI/tool assistance bounded; publisher accountable,NO_CRITICAL_ISSUE,Echo Buddha publisher; Echo Buddha Editorial Organization author where applicable,PREEXISTING_NOINDEX_OR_ERROR_ROLE,"noindex, follow",UX/navigation/discoverability/presentation only with trust meaning preserved,"No invented person/team/reviewer/credential/source; no source, attribution, safety, owner, URL, canonical, or index change",Build; custom Phase 6 gate; ownership/index/source/safety/schema parity; browser QA
https://echobuddha.com/quotes/meditation/the-cushion-is-a-place-to-practice-returning-not/,Echo Buddha Organization,Echo Buddha Editorial organizational byline where authorship is meaningful,Medium,Original Echo Buddha unless verified otherwise,Site-level correction path,AI/tool assistance bounded; publisher accountable,NO_CRITICAL_ISSUE,Echo Buddha publisher; Echo Buddha Editorial Organization author where applicable,QUOTE_REFLECTION,"noindex, follow",UX/navigation/discoverability/presentation only with trust meaning preserved,"No invented person/team/reviewer/credential/source; no source, attribution, safety, owner, URL, canonical, or index change",Build; custom Phase 6 gate; ownership/index/source/safety/schema parity; browser QA
https://echobuddha.com/quotes/meditation/when-stillness-feels-impossible-begin-by-noticing-the-restlessness/,Echo Buddha Organization,Echo Buddha Editorial organizational byline where authorship is meaningful,NOT_CRITICAL,Original Echo Buddha unless verified otherwise,Site-level correction path,AI/tool assistance bounded; publisher accountable,NO_CRITICAL_ISSUE,Echo Buddha publisher; Echo Buddha Editorial Organization author where applicable,PREEXISTING_NOINDEX_OR_ERROR_ROLE,"noindex, follow",UX/navigation/discoverability/presentation only with trust meaning preserved,"No invented person/team/reviewer/credential/source; no source, attribution, safety, owner, URL, canonical, or index change",Build; custom Phase 6 gate; ownership/index/source/safety/schema parity; browser QA
https://echobuddha.com/quotes/mindfulness/a-peaceful-mind-begins-with-one-honest-breath/,Echo Buddha Organization,Echo Buddha Editorial organizational byline where authorship is meaningful,Medium,Original Echo Buddha unless verified otherwise,Site-level correction path,AI/tool assistance bounded; publisher accountable,NO_CRITICAL_ISSUE,Echo Buddha publisher; Echo Buddha Editorial Organization author where applicable,QUOTE_REFLECTION,"noindex, follow",UX/navigation/discoverability/presentation only with trust meaning preserved,"No invented person/team/reviewer/credential/source; no source, attribution, safety, owner, URL, canonical, or index change",Build; custom Phase 6 gate; ownership/index/source/safety/schema parity; browser QA
https://echobuddha.com/quotes/mindfulness/a-wandering-mind-is-not-a-failed-mind-it/,Echo Buddha Organization,Echo Buddha Editorial organizational byline where authorship is meaningful,NOT_CRITICAL,Original Echo Buddha unless verified otherwise,Site-level correction path,AI/tool assistance bounded; publisher accountable,NO_CRITICAL_ISSUE,Echo Buddha publisher; Echo Buddha Editorial Organization author where applicable,PREEXISTING_NOINDEX_OR_ERROR_ROLE,"noindex, follow",UX/navigation/discoverability/presentation only with trust meaning preserved,"No invented person/team/reviewer/credential/source; no source, attribution, safety, owner, URL, canonical, or index change",Build; custom Phase 6 gate; ownership/index/source/safety/schema parity; browser QA
https://echobuddha.com/quotes/mindfulness/awareness-begins-when-hurry-loosens-its-hold/,Echo Buddha Organization,Echo Buddha Editorial organizational byline where authorship is meaningful,NOT_CRITICAL,Original Echo Buddha unless verified otherwise,Site-level correction path,AI/tool assistance bounded; publisher accountable,NO_CRITICAL_ISSUE,Echo Buddha publisher; Echo Buddha Editorial Organization author where applicable,PREEXISTING_NOINDEX_OR_ERROR_ROLE,"noindex, follow",UX/navigation/discoverability/presentation only with trust meaning preserved,"No invented person/team/reviewer/credential/source; no source, attribution, safety, owner, URL, canonical, or index change",Build; custom Phase 6 gate; ownership/index/source/safety/schema parity; browser QA
https://echobuddha.com/quotes/mindfulness/begin-the-day-with-awareness/,Echo Buddha Organization,Echo Buddha Editorial organizational byline where authorship is meaningful,Medium,Original Echo Buddha unless verified otherwise,Site-level correction path,AI/tool assistance bounded; publisher accountable,NO_CRITICAL_ISSUE,Echo Buddha publisher; Echo Buddha Editorial Organization author where applicable,QUOTE_REFLECTION,indexable,UX/navigation/discoverability/presentation only with trust meaning preserved,"No invented person/team/reviewer/credential/source; no source, attribution, safety, owner, URL, canonical, or index change",Build; custom Phase 6 gate; ownership/index/source/safety/schema parity; browser QA
https://echobuddha.com/quotes/mindfulness/give-one-ordinary-task-the-dignity-of-your-full/,Echo Buddha Organization,Echo Buddha Editorial organizational byline where authorship is meaningful,NOT_CRITICAL,Original Echo Buddha unless verified otherwise,Site-level correction path,AI/tool assistance bounded; publisher accountable,NO_CRITICAL_ISSUE,Echo Buddha publisher; Echo Buddha Editorial Organization author where applicable,PREEXISTING_NOINDEX_OR_ERROR_ROLE,"noindex, follow",UX/navigation/discoverability/presentation only with trust meaning preserved,"No invented person/team/reviewer/credential/source; no source, attribution, safety, owner, URL, canonical, or index change",Build; custom Phase 6 gate; ownership/index/source/safety/schema parity; browser QA
https://echobuddha.com/quotes/mindfulness/gratitude-notices-enough/,Echo Buddha Organization,Echo Buddha Editorial organizational byline where authorship is meaningful,Medium,Original Echo Buddha unless verified otherwise,Site-level correction path,AI/tool assistance bounded; publisher accountable,NO_CRITICAL_ISSUE,Echo Buddha publisher; Echo Buddha Editorial Organization author where applicable,QUOTE_REFLECTION,indexable,UX/navigation/discoverability/presentation only with trust meaning preserved,"No invented person/team/reviewer/credential/source; no source, attribution, safety, owner, URL, canonical, or index change",Build; custom Phase 6 gate; ownership/index/source/safety/schema parity; browser QA
https://echobuddha.com/quotes/mindfulness/ground-yourself-gently/,Echo Buddha Organization,Echo Buddha Editorial organizational byline where authorship is meaningful,Medium,Original Echo Buddha unless verified otherwise,Site-level correction path,AI/tool assistance bounded; publisher accountable,NO_CRITICAL_ISSUE,Echo Buddha publisher; Echo Buddha Editorial Organization author where applicable,QUOTE_REFLECTION,indexable,UX/navigation/discoverability/presentation only with trust meaning preserved,"No invented person/team/reviewer/credential/source; no source, attribution, safety, owner, URL, canonical, or index change",Build; custom Phase 6 gate; ownership/index/source/safety/schema parity; browser QA
https://echobuddha.com/quotes/mindfulness/,Echo Buddha Organization,Echo Buddha Editorial organizational byline where authorship is meaningful,Medium,Original Echo Buddha unless verified otherwise,Site-level correction path,AI/tool assistance bounded; publisher accountable,NO_CRITICAL_ISSUE,Echo Buddha publisher; Echo Buddha Editorial Organization author where applicable,CATEGORY,indexable,UX/navigation/discoverability/presentation only with trust meaning preserved,"No invented person/team/reviewer/credential/source; no source, attribution, safety, owner, URL, canonical, or index change",Build; custom Phase 6 gate; ownership/index/source/safety/schema parity; browser QA
https://echobuddha.com/quotes/mindfulness/listen-before-answering/,Echo Buddha Organization,Echo Buddha Editorial organizational byline where authorship is meaningful,Medium,Original Echo Buddha unless verified otherwise,Site-level correction path,AI/tool assistance bounded; publisher accountable,NO_CRITICAL_ISSUE,Echo Buddha publisher; Echo Buddha Editorial Organization author where applicable,QUOTE_REFLECTION,indexable,UX/navigation/discoverability/presentation only with trust meaning preserved,"No invented person/team/reviewer/credential/source; no source, attribution, safety, owner, URL, canonical, or index change",Build; custom Phase 6 gate; ownership/index/source/safety/schema parity; browser QA
https://echobuddha.com/quotes/mindfulness/listen-to-the-moment-before-filling-it-with-your/,Echo Buddha Organization,Echo Buddha Editorial organizational byline where authorship is meaningful,NOT_CRITICAL,Original Echo Buddha unless verified otherwise,Site-level correction path,AI/tool assistance bounded; publisher accountable,NO_CRITICAL_ISSUE,Echo Buddha publisher; Echo Buddha Editorial Organization author where applicable,PREEXISTING_NOINDEX_OR_ERROR_ROLE,"noindex, follow",UX/navigation/discoverability/presentation only with trust meaning preserved,"No invented person/team/reviewer/credential/source; no source, attribution, safety, owner, URL, canonical, or index change",Build; custom Phase 6 gate; ownership/index/source/safety/schema parity; browser QA
https://echobuddha.com/quotes/mindfulness/notice-what-is-here-before-deciding-what-it-means/,Echo Buddha Organization,Echo Buddha Editorial organizational byline where authorship is meaningful,Medium,Original Echo Buddha unless verified otherwise,Site-level correction path,AI/tool assistance bounded; publisher accountable,NO_CRITICAL_ISSUE,Echo Buddha publisher; Echo Buddha Editorial Organization author where applicable,QUOTE_REFLECTION,"noindex, follow",UX/navigation/discoverability/presentation only with trust meaning preserved,"No invented person/team/reviewer/credential/source; no source, attribution, safety, owner, URL, canonical, or index change",Build; custom Phase 6 gate; ownership/index/source/safety/schema parity; browser QA
https://echobuddha.com/quotes/mindfulness/one-mindful-pause-can-change-the-direction-of-an/,Echo Buddha Organization,Echo Buddha Editorial organizational byline where authorship is meaningful,Medium,Original Echo Buddha unless verified otherwise,Site-level correction path,AI/tool assistance bounded; publisher accountable,NO_CRITICAL_ISSUE,Echo Buddha publisher; Echo Buddha Editorial Organization author where applicable,QUOTE_REFLECTION,"noindex, follow",UX/navigation/discoverability/presentation only with trust meaning preserved,"No invented person/team/reviewer/credential/source; no source, attribution, safety, owner, URL, canonical, or index change",Build; custom Phase 6 gate; ownership/index/source/safety/schema parity; browser QA
https://echobuddha.com/quotes/mindfulness/peace-begins-with-attention/,Echo Buddha Organization,Echo Buddha Editorial organizational byline where authorship is meaningful,Medium,Original Echo Buddha unless verified otherwise,Site-level correction path,AI/tool assistance bounded; publisher accountable,NO_CRITICAL_ISSUE,Echo Buddha publisher; Echo Buddha Editorial Organization author where applicable,QUOTE_REFLECTION,indexable,UX/navigation/discoverability/presentation only with trust meaning preserved,"No invented person/team/reviewer/credential/source; no source, attribution, safety, owner, URL, canonical, or index change",Build; custom Phase 6 gate; ownership/index/source/safety/schema parity; browser QA
https://echobuddha.com/quotes/mindfulness/peace-grows-when-attention-stops-running-ahead-of-the/,Echo Buddha Organization,Echo Buddha Editorial organizational byline where authorship is meaningful,Medium,Original Echo Buddha unless verified otherwise,Site-level correction path,AI/tool assistance bounded; publisher accountable,NO_CRITICAL_ISSUE,Echo Buddha publisher; Echo Buddha Editorial Organization author where applicable,QUOTE_REFLECTION,"noindex, follow",UX/navigation/discoverability/presentation only with trust meaning preserved,"No invented person/team/reviewer/credential/source; no source, attribution, safety, owner, URL, canonical, or index change",Build; custom Phase 6 gate; ownership/index/source/safety/schema parity; browser QA
https://echobuddha.com/quotes/mindfulness/present-moment-one-step/,Echo Buddha Organization,Echo Buddha Editorial organizational byline where authorship is meaningful,Medium,Original Echo Buddha unless verified otherwise,Site-level correction path,AI/tool assistance bounded; publisher accountable,NO_CRITICAL_ISSUE,Echo Buddha publisher; Echo Buddha Editorial Organization author where applicable,QUOTE_REFLECTION,indexable,UX/navigation/discoverability/presentation only with trust meaning preserved,"No invented person/team/reviewer/credential/source; no source, attribution, safety, owner, URL, canonical, or index change",Build; custom Phase 6 gate; ownership/index/source/safety/schema parity; browser QA
https://echobuddha.com/quotes/mindfulness/return-to-the-breath-before-you-return-to-the/,Echo Buddha Organization,Echo Buddha Editorial organizational byline where authorship is meaningful,Medium,Original Echo Buddha unless verified otherwise,Site-level correction path,AI/tool assistance bounded; publisher accountable,NO_CRITICAL_ISSUE,Echo Buddha publisher; Echo Buddha Editorial Organization author where applicable,QUOTE_REFLECTION,"noindex, follow",UX/navigation/discoverability/presentation only with trust meaning preserved,"No invented person/team/reviewer/credential/source; no source, attribution, safety, owner, URL, canonical, or index change",Build; custom Phase 6 gate; ownership/index/source/safety/schema parity; browser QA
https://echobuddha.com/quotes/mindfulness/the-more-clearly-you-notice-life-the-less-carelessly/,Echo Buddha Organization,Echo Buddha Editorial organizational byline where authorship is meaningful,NOT_CRITICAL,Original Echo Buddha unless verified otherwise,Site-level correction path,AI/tool assistance bounded; publisher accountable,NO_CRITICAL_ISSUE,Echo Buddha publisher; Echo Buddha Editorial Organization author where applicable,PREEXISTING_NOINDEX_OR_ERROR_ROLE,"noindex, follow",UX/navigation/discoverability/presentation only with trust meaning preserved,"No invented person/team/reviewer/credential/source; no source, attribution, safety, owner, URL, canonical, or index change",Build; custom Phase 6 gate; ownership/index/source/safety/schema parity; browser QA
https://echobuddha.com/quotes/mindfulness/the-present-moment-asks-for-your-attention-not-your/,Echo Buddha Organization,Echo Buddha Editorial organizational byline where authorship is meaningful,Medium,Original Echo Buddha unless verified otherwise,Site-level correction path,AI/tool assistance bounded; publisher accountable,NO_CRITICAL_ISSUE,Echo Buddha publisher; Echo Buddha Editorial Organization author where applicable,QUOTE_REFLECTION,"noindex, follow",UX/navigation/discoverability/presentation only with trust meaning preserved,"No invented person/team/reviewer/credential/source; no source, attribution, safety, owner, URL, canonical, or index change",Build; custom Phase 6 gate; ownership/index/source/safety/schema parity; browser QA
https://echobuddha.com/quotes/patience/a-difficult-moment-becomes-heavier-when-we-demand-that/,Echo Buddha Organization,Echo Buddha Editorial organizational byline where authorship is meaningful,NOT_CRITICAL,Original Echo Buddha unless verified otherwise,Site-level correction path,AI/tool assistance bounded; publisher accountable,NO_CRITICAL_ISSUE,Echo Buddha publisher; Echo Buddha Editorial Organization author where applicable,PREEXISTING_NOINDEX_OR_ERROR_ROLE,"noindex, follow",UX/navigation/discoverability/presentation only with trust meaning preserved,"No invented person/team/reviewer/credential/source; no source, attribution, safety, owner, URL, canonical, or index change",Build; custom Phase 6 gate; ownership/index/source/safety/schema parity; browser QA
https://echobuddha.com/quotes/patience/be-patient-with-the-part-of-you-that-is/,Echo Buddha Organization,Echo Buddha Editorial organizational byline where authorship is meaningful,Medium,Original Echo Buddha unless verified otherwise,Site-level correction path,AI/tool assistance bounded; publisher accountable,NO_CRITICAL_ISSUE,Echo Buddha publisher; Echo Buddha Editorial Organization author where applicable,QUOTE_REFLECTION,"noindex, follow",UX/navigation/discoverability/presentation only with trust meaning preserved,"No invented person/team/reviewer/credential/source; no source, attribution, safety, owner, URL, canonical, or index change",Build; custom Phase 6 gate; ownership/index/source/safety/schema parity; browser QA
https://echobuddha.com/quotes/patience/family-kindness-and-patience/,Echo Buddha Organization,Echo Buddha Editorial organizational byline where authorship is meaningful,Medium,Original Echo Buddha unless verified otherwise,Site-level correction path,AI/tool assistance bounded; publisher accountable,NO_CRITICAL_ISSUE,Echo Buddha publisher; Echo Buddha Editorial Organization author where applicable,QUOTE_REFLECTION,indexable,UX/navigation/discoverability/presentation only with trust meaning preserved,"No invented person/team/reviewer/credential/source; no source, attribution, safety, owner, URL, canonical, or index change",Build; custom Phase 6 gate; ownership/index/source/safety/schema parity; browser QA
https://echobuddha.com/quotes/patience/growth-is-quiet-work-often-invisible-until-the-season/,Echo Buddha Organization,Echo Buddha Editorial organizational byline where authorship is meaningful,Medium,Original Echo Buddha unless verified otherwise,Site-level correction path,AI/tool assistance bounded; publisher accountable,NO_CRITICAL_ISSUE,Echo Buddha publisher; Echo Buddha Editorial Organization author where applicable,QUOTE_REFLECTION,"noindex, follow",UX/navigation/discoverability/presentation only with trust meaning preserved,"No invented person/team/reviewer/credential/source; no source, attribution, safety, owner, URL, canonical, or index change",Build; custom Phase 6 gate; ownership/index/source/safety/schema parity; browser QA
https://echobuddha.com/quotes/patience/,Echo Buddha Organization,Echo Buddha Editorial organizational byline where authorship is meaningful,Medium,Original Echo Buddha unless verified otherwise,Site-level correction path,AI/tool assistance bounded; publisher accountable,NO_CRITICAL_ISSUE,Echo Buddha publisher; Echo Buddha Editorial Organization author where applicable,CATEGORY,indexable,UX/navigation/discoverability/presentation only with trust meaning preserved,"No invented person/team/reviewer/credential/source; no source, attribution, safety, owner, URL, canonical, or index change",Build; custom Phase 6 gate; ownership/index/source/safety/schema parity; browser QA
https://echobuddha.com/quotes/patience/not-every-delay-is-an-obstacle-some-are-invitations/,Echo Buddha Organization,Echo Buddha Editorial organizational byline where authorship is meaningful,Medium,Original Echo Buddha unless verified otherwise,Site-level correction path,AI/tool assistance bounded; publisher accountable,NO_CRITICAL_ISSUE,Echo Buddha publisher; Echo Buddha Editorial Organization author where applicable,QUOTE_REFLECTION,"noindex, follow",UX/navigation/discoverability/presentation only with trust meaning preserved,"No invented person/team/reviewer/credential/source; no source, attribution, safety, owner, URL, canonical, or index change",Build; custom Phase 6 gate; ownership/index/source/safety/schema parity; browser QA
https://echobuddha.com/quotes/patience/patience-is-the-strength-to-remain-present-while-life/,Echo Buddha Organization,Echo Buddha Editorial organizational byline where authorship is meaningful,Medium,Original Echo Buddha unless verified otherwise,Site-level correction path,AI/tool assistance bounded; publisher accountable,NO_CRITICAL_ISSUE,Echo Buddha publisher; Echo Buddha Editorial Organization author where applicable,QUOTE_REFLECTION,"noindex, follow",UX/navigation/discoverability/presentation only with trust meaning preserved,"No invented person/team/reviewer/credential/source; no source, attribution, safety, owner, URL, canonical, or index change",Build; custom Phase 6 gate; ownership/index/source/safety/schema parity; browser QA
https://echobuddha.com/quotes/patience/patience-makes-room-for-truth-to-arrive-without-force/,Echo Buddha Organization,Echo Buddha Editorial organizational byline where authorship is meaningful,NOT_CRITICAL,Original Echo Buddha unless verified otherwise,Site-level correction path,AI/tool assistance bounded; publisher accountable,NO_CRITICAL_ISSUE,Echo Buddha publisher; Echo Buddha Editorial Organization author where applicable,PREEXISTING_NOINDEX_OR_ERROR_ROLE,"noindex, follow",UX/navigation/discoverability/presentation only with trust meaning preserved,"No invented person/team/reviewer/credential/source; no source, attribution, safety, owner, URL, canonical, or index change",Build; custom Phase 6 gate; ownership/index/source/safety/schema parity; browser QA
https://echobuddha.com/quotes/patience/patience-softens-the-wait/,Echo Buddha Organization,Echo Buddha Editorial organizational byline where authorship is meaningful,Medium,Original Echo Buddha unless verified otherwise,Site-level correction path,AI/tool assistance bounded; publisher accountable,NO_CRITICAL_ISSUE,Echo Buddha publisher; Echo Buddha Editorial Organization author where applicable,QUOTE_REFLECTION,indexable,UX/navigation/discoverability/presentation only with trust meaning preserved,"No invented person/team/reviewer/credential/source; no source, attribution, safety, owner, URL, canonical, or index change",Build; custom Phase 6 gate; ownership/index/source/safety/schema parity; browser QA
https://echobuddha.com/quotes/patience/some-answers-become-clear-only-after-the-mind-stops/,Echo Buddha Organization,Echo Buddha Editorial organizational byline where authorship is meaningful,NOT_CRITICAL,Original Echo Buddha unless verified otherwise,Site-level correction path,AI/tool assistance bounded; publisher accountable,NO_CRITICAL_ISSUE,Echo Buddha publisher; Echo Buddha Editorial Organization author where applicable,PREEXISTING_NOINDEX_OR_ERROR_ROLE,"noindex, follow",UX/navigation/discoverability/presentation only with trust meaning preserved,"No invented person/team/reviewer/credential/source; no source, attribution, safety, owner, URL, canonical, or index change",Build; custom Phase 6 gate; ownership/index/source/safety/schema parity; browser QA
https://echobuddha.com/quotes/patience/stay-gentle-with-beginnings-they-are-carrying-more-than/,Echo Buddha Organization,Echo Buddha Editorial organizational byline where authorship is meaningful,NOT_CRITICAL,Original Echo Buddha unless verified otherwise,Site-level correction path,AI/tool assistance bounded; publisher accountable,NO_CRITICAL_ISSUE,Echo Buddha publisher; Echo Buddha Editorial Organization author where applicable,PREEXISTING_NOINDEX_OR_ERROR_ROLE,"noindex, follow",UX/navigation/discoverability/presentation only with trust meaning preserved,"No invented person/team/reviewer/credential/source; no source, attribution, safety, owner, URL, canonical, or index change",Build; custom Phase 6 gate; ownership/index/source/safety/schema parity; browser QA
https://echobuddha.com/quotes/patience/the-path-unfolds-at-the-pace-of-sincere-practice/,Echo Buddha Organization,Echo Buddha Editorial organizational byline where authorship is meaningful,NOT_CRITICAL,Original Echo Buddha unless verified otherwise,Site-level correction path,AI/tool assistance bounded; publisher accountable,NO_CRITICAL_ISSUE,Echo Buddha publisher; Echo Buddha Editorial Organization author where applicable,PREEXISTING_NOINDEX_OR_ERROR_ROLE,"noindex, follow",UX/navigation/discoverability/presentation only with trust meaning preserved,"No invented person/team/reviewer/credential/source; no source, attribution, safety, owner, URL, canonical, or index change",Build; custom Phase 6 gate; ownership/index/source/safety/schema parity; browser QA
https://echobuddha.com/quotes/patience/wait-long-enough-for-the-first-reaction-to-become/,Echo Buddha Organization,Echo Buddha Editorial organizational byline where authorship is meaningful,Medium,Original Echo Buddha unless verified otherwise,Site-level correction path,AI/tool assistance bounded; publisher accountable,NO_CRITICAL_ISSUE,Echo Buddha publisher; Echo Buddha Editorial Organization author where applicable,QUOTE_REFLECTION,"noindex, follow",UX/navigation/discoverability/presentation only with trust meaning preserved,"No invented person/team/reviewer/credential/source; no source, attribution, safety, owner, URL, canonical, or index change",Build; custom Phase 6 gate; ownership/index/source/safety/schema parity; browser QA
https://echobuddha.com/quotes/patience/when-anger-rises-pause-long-enough-to-see-the/,Echo Buddha Organization,Echo Buddha Editorial organizational byline where authorship is meaningful,Medium,Original Echo Buddha unless verified otherwise,Site-level correction path,AI/tool assistance bounded; publisher accountable,NO_CRITICAL_ISSUE,Echo Buddha publisher; Echo Buddha Editorial Organization author where applicable,QUOTE_REFLECTION,"noindex, follow",UX/navigation/discoverability/presentation only with trust meaning preserved,"No invented person/team/reviewer/credential/source; no source, attribution, safety, owner, URL, canonical, or index change",Build; custom Phase 6 gate; ownership/index/source/safety/schema parity; browser QA
https://echobuddha.com/quotes/practice/a-peaceful-life-is-built-from-peaceful-moments-practiced/,Echo Buddha Organization,Echo Buddha Editorial organizational byline where authorship is meaningful,NOT_CRITICAL,Original Echo Buddha unless verified otherwise,Site-level correction path,AI/tool assistance bounded; publisher accountable,NO_CRITICAL_ISSUE,Echo Buddha publisher; Echo Buddha Editorial Organization author where applicable,PREEXISTING_NOINDEX_OR_ERROR_ROLE,"noindex, follow",UX/navigation/discoverability/presentation only with trust meaning preserved,"No invented person/team/reviewer/credential/source; no source, attribution, safety, owner, URL, canonical, or index change",Build; custom Phase 6 gate; ownership/index/source/safety/schema parity; browser QA
https://echobuddha.com/quotes/practice/begin-with-what-is-possible-then-return-tomorrow/,Echo Buddha Organization,Echo Buddha Editorial organizational byline where authorship is meaningful,NOT_CRITICAL,Original Echo Buddha unless verified otherwise,Site-level correction path,AI/tool assistance bounded; publisher accountable,NO_CRITICAL_ISSUE,Echo Buddha publisher; Echo Buddha Editorial Organization author where applicable,PREEXISTING_NOINDEX_OR_ERROR_ROLE,"noindex, follow",UX/navigation/discoverability/presentation only with trust meaning preserved,"No invented person/team/reviewer/credential/source; no source, attribution, safety, owner, URL, canonical, or index change",Build; custom Phase 6 gate; ownership/index/source/safety/schema parity; browser QA
https://echobuddha.com/quotes/practice/bring-the-teaching-into-the-place-where-you-are/,Echo Buddha Organization,Echo Buddha Editorial organizational byline where authorship is meaningful,NOT_CRITICAL,Original Echo Buddha unless verified otherwise,Site-level correction path,AI/tool assistance bounded; publisher accountable,NO_CRITICAL_ISSUE,Echo Buddha publisher; Echo Buddha Editorial Organization author where applicable,PREEXISTING_NOINDEX_OR_ERROR_ROLE,"noindex, follow",UX/navigation/discoverability/presentation only with trust meaning preserved,"No invented person/team/reviewer/credential/source; no source, attribution, safety, owner, URL, canonical, or index change",Build; custom Phase 6 gate; ownership/index/source/safety/schema parity; browser QA
https://echobuddha.com/quotes/practice/daily-practice-turns-understanding-from-an-idea-into-a/,Echo Buddha Organization,Echo Buddha Editorial organizational byline where authorship is meaningful,NOT_CRITICAL,Original Echo Buddha unless verified otherwise,Site-level correction path,AI/tool assistance bounded; publisher accountable,NO_CRITICAL_ISSUE,Echo Buddha publisher; Echo Buddha Editorial Organization author where applicable,PREEXISTING_NOINDEX_OR_ERROR_ROLE,"noindex, follow",UX/navigation/discoverability/presentation only with trust meaning preserved,"No invented person/team/reviewer/credential/source; no source, attribution, safety, owner, URL, canonical, or index change",Build; custom Phase 6 gate; ownership/index/source/safety/schema parity; browser QA
https://echobuddha.com/quotes/practice/do-not-wait-to-feel-ready-before-choosing-what/,Echo Buddha Organization,Echo Buddha Editorial organizational byline where authorship is meaningful,Medium,Original Echo Buddha unless verified otherwise,Site-level correction path,AI/tool assistance bounded; publisher accountable,NO_CRITICAL_ISSUE,Echo Buddha publisher; Echo Buddha Editorial Organization author where applicable,QUOTE_REFLECTION,"noindex, follow",UX/navigation/discoverability/presentation only with trust meaning preserved,"No invented person/team/reviewer/credential/source; no source, attribution, safety, owner, URL, canonical, or index change",Build; custom Phase 6 gate; ownership/index/source/safety/schema parity; browser QA
https://echobuddha.com/quotes/practice/eightfold-path-daily-choices/,Echo Buddha Organization,Echo Buddha Editorial organizational byline where authorship is meaningful,Medium,Original Echo Buddha unless verified otherwise,Site-level correction path,AI/tool assistance bounded; publisher accountable,NO_CRITICAL_ISSUE,Echo Buddha publisher; Echo Buddha Editorial Organization author where applicable,QUOTE_REFLECTION,indexable,UX/navigation/discoverability/presentation only with trust meaning preserved,"No invented person/team/reviewer/credential/source; no source, attribution, safety, owner, URL, canonical, or index change",Build; custom Phase 6 gate; ownership/index/source/safety/schema parity; browser QA
https://echobuddha.com/quotes/practice/,Echo Buddha Organization,Echo Buddha Editorial organizational byline where authorship is meaningful,Medium,Original Echo Buddha unless verified otherwise,Site-level correction path,AI/tool assistance bounded; publisher accountable,NO_CRITICAL_ISSUE,Echo Buddha publisher; Echo Buddha Editorial Organization author where applicable,CATEGORY,indexable,UX/navigation/discoverability/presentation only with trust meaning preserved,"No invented person/team/reviewer/credential/source; no source, attribution, safety, owner, URL, canonical, or index change",Build; custom Phase 6 gate; ownership/index/source/safety/schema parity; browser QA
https://echobuddha.com/quotes/practice/mindfulness-at-work-breath/,Echo Buddha Organization,Echo Buddha Editorial organizational byline where authorship is meaningful,Medium,Original Echo Buddha unless verified otherwise,Site-level correction path,AI/tool assistance bounded; publisher accountable,NO_CRITICAL_ISSUE,Echo Buddha publisher; Echo Buddha Editorial Organization author where applicable,QUOTE_REFLECTION,indexable,UX/navigation/discoverability/presentation only with trust meaning preserved,"No invented person/team/reviewer/credential/source; no source, attribution, safety, owner, URL, canonical, or index change",Build; custom Phase 6 gate; ownership/index/source/safety/schema parity; browser QA
https://echobuddha.com/quotes/practice/practice-becomes-real-when-it-enters-your-speech-and/,Echo Buddha Organization,Echo Buddha Editorial organizational byline where authorship is meaningful,Medium,Original Echo Buddha unless verified otherwise,Site-level correction path,AI/tool assistance bounded; publisher accountable,NO_CRITICAL_ISSUE,Echo Buddha publisher; Echo Buddha Editorial Organization author where applicable,QUOTE_REFLECTION,"noindex, follow",UX/navigation/discoverability/presentation only with trust meaning preserved,"No invented person/team/reviewer/credential/source; no source, attribution, safety, owner, URL, canonical, or index change",Build; custom Phase 6 gate; ownership/index/source/safety/schema parity; browser QA
https://echobuddha.com/quotes/practice/right-intention-turns-the-heart/,Echo Buddha Organization,Echo Buddha Editorial organizational byline where authorship is meaningful,Medium,Original Echo Buddha unless verified otherwise,Site-level correction path,AI/tool assistance bounded; publisher accountable,NO_CRITICAL_ISSUE,Echo Buddha publisher; Echo Buddha Editorial Organization author where applicable,QUOTE_REFLECTION,indexable,UX/navigation/discoverability/presentation only with trust meaning preserved,"No invented person/team/reviewer/credential/source; no source, attribution, safety, owner, URL, canonical, or index change",Build; custom Phase 6 gate; ownership/index/source/safety/schema parity; browser QA
https://echobuddha.com/quotes/practice/small-actions-shape-the-mind/,Echo Buddha Organization,Echo Buddha Editorial organizational byline where authorship is meaningful,Medium,Original Echo Buddha unless verified otherwise,Site-level correction path,AI/tool assistance bounded; publisher accountable,NO_CRITICAL_ISSUE,Echo Buddha publisher; Echo Buddha Editorial Organization author where applicable,QUOTE_REFLECTION,indexable,UX/navigation/discoverability/presentation only with trust meaning preserved,"No invented person/team/reviewer/credential/source; no source, attribution, safety, owner, URL, canonical, or index change",Build; custom Phase 6 gate; ownership/index/source/safety/schema parity; browser QA
https://echobuddha.com/quotes/practice/the-path-is-not-far-away-it-is-the/,Echo Buddha Organization,Echo Buddha Editorial organizational byline where authorship is meaningful,Medium,Original Echo Buddha unless verified otherwise,Site-level correction path,AI/tool assistance bounded; publisher accountable,NO_CRITICAL_ISSUE,Echo Buddha publisher; Echo Buddha Editorial Organization author where applicable,QUOTE_REFLECTION,"noindex, follow",UX/navigation/discoverability/presentation only with trust meaning preserved,"No invented person/team/reviewer/credential/source; no source, attribution, safety, owner, URL, canonical, or index change",Build; custom Phase 6 gate; ownership/index/source/safety/schema parity; browser QA
https://echobuddha.com/quotes/practice/the-path-is-shaped-by-what-you-repeat-when/,Echo Buddha Organization,Echo Buddha Editorial organizational byline where authorship is meaningful,NOT_CRITICAL,Original Echo Buddha unless verified otherwise,Site-level correction path,AI/tool assistance bounded; publisher accountable,NO_CRITICAL_ISSUE,Echo Buddha publisher; Echo Buddha Editorial Organization author where applicable,PREEXISTING_NOINDEX_OR_ERROR_ROLE,"noindex, follow",UX/navigation/discoverability/presentation only with trust meaning preserved,"No invented person/team/reviewer/credential/source; no source, attribution, safety, owner, URL, canonical, or index change",Build; custom Phase 6 gate; ownership/index/source/safety/schema parity; browser QA
https://echobuddha.com/quotes/practice/the-smallest-wholesome-action-is-larger-than-the-finest/,Echo Buddha Organization,Echo Buddha Editorial organizational byline where authorship is meaningful,Medium,Original Echo Buddha unless verified otherwise,Site-level correction path,AI/tool assistance bounded; publisher accountable,NO_CRITICAL_ISSUE,Echo Buddha publisher; Echo Buddha Editorial Organization author where applicable,QUOTE_REFLECTION,"noindex, follow",UX/navigation/discoverability/presentation only with trust meaning preserved,"No invented person/team/reviewer/credential/source; no source, attribution, safety, owner, URL, canonical, or index change",Build; custom Phase 6 gate; ownership/index/source/safety/schema parity; browser QA
https://echobuddha.com/quotes/practice/walk-slowly-enough-to-notice-where-your-life-is/,Echo Buddha Organization,Echo Buddha Editorial organizational byline where authorship is meaningful,Medium,Original Echo Buddha unless verified otherwise,Site-level correction path,AI/tool assistance bounded; publisher accountable,NO_CRITICAL_ISSUE,Echo Buddha publisher; Echo Buddha Editorial Organization author where applicable,QUOTE_REFLECTION,"noindex, follow",UX/navigation/discoverability/presentation only with trust meaning preserved,"No invented person/team/reviewer/credential/source; no source, attribution, safety, owner, URL, canonical, or index change",Build; custom Phase 6 gate; ownership/index/source/safety/schema parity; browser QA
https://echobuddha.com/quotes/practice/your-next-response-is-always-part-of-the-path/,Echo Buddha Organization,Echo Buddha Editorial organizational byline where authorship is meaningful,Medium,Original Echo Buddha unless verified otherwise,Site-level correction path,AI/tool assistance bounded; publisher accountable,NO_CRITICAL_ISSUE,Echo Buddha publisher; Echo Buddha Editorial Organization author where applicable,QUOTE_REFLECTION,"noindex, follow",UX/navigation/discoverability/presentation only with trust meaning preserved,"No invented person/team/reviewer/credential/source; no source, attribution, safety, owner, URL, canonical, or index change",Build; custom Phase 6 gate; ownership/index/source/safety/schema parity; browser QA
https://echobuddha.com/quotes/renewal/a-mistake-becomes-a-teacher-when-honesty-enters-the/,Echo Buddha Organization,Echo Buddha Editorial organizational byline where authorship is meaningful,NOT_CRITICAL,Original Echo Buddha unless verified otherwise,Site-level correction path,AI/tool assistance bounded; publisher accountable,NO_CRITICAL_ISSUE,Echo Buddha publisher; Echo Buddha Editorial Organization author where applicable,PREEXISTING_NOINDEX_OR_ERROR_ROLE,"noindex, follow",UX/navigation/discoverability/presentation only with trust meaning preserved,"No invented person/team/reviewer/credential/source; no source, attribution, safety, owner, URL, canonical, or index change",Build; custom Phase 6 gate; ownership/index/source/safety/schema parity; browser QA
https://echobuddha.com/quotes/renewal/a-new-direction-can-start-with-one-different-choice/,Echo Buddha Organization,Echo Buddha Editorial organizational byline where authorship is meaningful,Medium,Original Echo Buddha unless verified otherwise,Site-level correction path,AI/tool assistance bounded; publisher accountable,NO_CRITICAL_ISSUE,Echo Buddha publisher; Echo Buddha Editorial Organization author where applicable,QUOTE_REFLECTION,"noindex, follow",UX/navigation/discoverability/presentation only with trust meaning preserved,"No invented person/team/reviewer/credential/source; no source, attribution, safety, owner, URL, canonical, or index change",Build; custom Phase 6 gate; ownership/index/source/safety/schema parity; browser QA
https://echobuddha.com/quotes/renewal/begin-again-gently-the-breath-is-always-willing/,Echo Buddha Organization,Echo Buddha Editorial organizational byline where authorship is meaningful,Medium,Original Echo Buddha unless verified otherwise,Site-level correction path,AI/tool assistance bounded; publisher accountable,NO_CRITICAL_ISSUE,Echo Buddha publisher; Echo Buddha Editorial Organization author where applicable,QUOTE_REFLECTION,"noindex, follow",UX/navigation/discoverability/presentation only with trust meaning preserved,"No invented person/team/reviewer/credential/source; no source, attribution, safety, owner, URL, canonical, or index change",Build; custom Phase 6 gate; ownership/index/source/safety/schema parity; browser QA
https://echobuddha.com/quotes/renewal/begin-again-without-shame/,Echo Buddha Organization,Echo Buddha Editorial organizational byline where authorship is meaningful,Medium,Original Echo Buddha unless verified otherwise,Site-level correction path,AI/tool assistance bounded; publisher accountable,NO_CRITICAL_ISSUE,Echo Buddha publisher; Echo Buddha Editorial Organization author where applicable,QUOTE_REFLECTION,indexable,UX/navigation/discoverability/presentation only with trust meaning preserved,"No invented person/team/reviewer/credential/source; no source, attribution, safety, owner, URL, canonical, or index change",Build; custom Phase 6 gate; ownership/index/source/safety/schema parity; browser QA
https://echobuddha.com/quotes/renewal/begin-again-without-turning-yesterday-into-a-sentence/,Echo Buddha Organization,Echo Buddha Editorial organizational byline where authorship is meaningful,Medium,Original Echo Buddha unless verified otherwise,Site-level correction path,AI/tool assistance bounded; publisher accountable,NO_CRITICAL_ISSUE,Echo Buddha publisher; Echo Buddha Editorial Organization author where applicable,QUOTE_REFLECTION,"noindex, follow",UX/navigation/discoverability/presentation only with trust meaning preserved,"No invented person/team/reviewer/credential/source; no source, attribution, safety, owner, URL, canonical, or index change",Build; custom Phase 6 gate; ownership/index/source/safety/schema parity; browser QA
https://echobuddha.com/quotes/renewal/do-not-confuse-an-old-pattern-with-an-unchangeable/,Echo Buddha Organization,Echo Buddha Editorial organizational byline where authorship is meaningful,NOT_CRITICAL,Original Echo Buddha unless verified otherwise,Site-level correction path,AI/tool assistance bounded; publisher accountable,NO_CRITICAL_ISSUE,Echo Buddha publisher; Echo Buddha Editorial Organization author where applicable,PREEXISTING_NOINDEX_OR_ERROR_ROLE,"noindex, follow",UX/navigation/discoverability/presentation only with trust meaning preserved,"No invented person/team/reviewer/credential/source; no source, attribution, safety, owner, URL, canonical, or index change",Build; custom Phase 6 gate; ownership/index/source/safety/schema parity; browser QA
https://echobuddha.com/quotes/renewal/each-conscious-breath-is-a-small-vote-for-beginning/,Echo Buddha Organization,Echo Buddha Editorial organizational byline where authorship is meaningful,NOT_CRITICAL,Original Echo Buddha unless verified otherwise,Site-level correction path,AI/tool assistance bounded; publisher accountable,NO_CRITICAL_ISSUE,Echo Buddha publisher; Echo Buddha Editorial Organization author where applicable,PREEXISTING_NOINDEX_OR_ERROR_ROLE,"noindex, follow",UX/navigation/discoverability/presentation only with trust meaning preserved,"No invented person/team/reviewer/credential/source; no source, attribution, safety, owner, URL, canonical, or index change",Build; custom Phase 6 gate; ownership/index/source/safety/schema parity; browser QA
https://echobuddha.com/quotes/renewal/evening-release-reflection/,Echo Buddha Organization,Echo Buddha Editorial organizational byline where authorship is meaningful,Medium,Original Echo Buddha unless verified otherwise,Site-level correction path,AI/tool assistance bounded; publisher accountable,NO_CRITICAL_ISSUE,Echo Buddha publisher; Echo Buddha Editorial Organization author where applicable,QUOTE_REFLECTION,indexable,UX/navigation/discoverability/presentation only with trust meaning preserved,"No invented person/team/reviewer/credential/source; no source, attribution, safety, owner, URL, canonical, or index change",Build; custom Phase 6 gate; ownership/index/source/safety/schema parity; browser QA
https://echobuddha.com/quotes/renewal/gentle-hope-keeps-walking/,Echo Buddha Organization,Echo Buddha Editorial organizational byline where authorship is meaningful,Medium,Original Echo Buddha unless verified otherwise,Site-level correction path,AI/tool assistance bounded; publisher accountable,NO_CRITICAL_ISSUE,Echo Buddha publisher; Echo Buddha Editorial Organization author where applicable,QUOTE_REFLECTION,indexable,UX/navigation/discoverability/presentation only with trust meaning preserved,"No invented person/team/reviewer/credential/source; no source, attribution, safety, owner, URL, canonical, or index change",Build; custom Phase 6 gate; ownership/index/source/safety/schema parity; browser QA
https://echobuddha.com/quotes/renewal/hope-can-be-quiet-and-still-keep-walking/,Echo Buddha Organization,Echo Buddha Editorial organizational byline where authorship is meaningful,NOT_CRITICAL,Original Echo Buddha unless verified otherwise,Site-level correction path,AI/tool assistance bounded; publisher accountable,NO_CRITICAL_ISSUE,Echo Buddha publisher; Echo Buddha Editorial Organization author where applicable,PREEXISTING_NOINDEX_OR_ERROR_ROLE,"noindex, follow",UX/navigation/discoverability/presentation only with trust meaning preserved,"No invented person/team/reviewer/credential/source; no source, attribution, safety, owner, URL, canonical, or index change",Build; custom Phase 6 gate; ownership/index/source/safety/schema parity; browser QA
https://echobuddha.com/quotes/renewal/,Echo Buddha Organization,Echo Buddha Editorial organizational byline where authorship is meaningful,Medium,Original Echo Buddha unless verified otherwise,Site-level correction path,AI/tool assistance bounded; publisher accountable,NO_CRITICAL_ISSUE,Echo Buddha publisher; Echo Buddha Editorial Organization author where applicable,CATEGORY,indexable,UX/navigation/discoverability/presentation only with trust meaning preserved,"No invented person/team/reviewer/credential/source; no source, attribution, safety, owner, URL, canonical, or index change",Build; custom Phase 6 gate; ownership/index/source/safety/schema parity; browser QA
https://echobuddha.com/quotes/renewal/morning-is-not-the-only-time-a-life-can/,Echo Buddha Organization,Echo Buddha Editorial organizational byline where authorship is meaningful,Medium,Original Echo Buddha unless verified otherwise,Site-level correction path,AI/tool assistance bounded; publisher accountable,NO_CRITICAL_ISSUE,Echo Buddha publisher; Echo Buddha Editorial Organization author where applicable,QUOTE_REFLECTION,"noindex, follow",UX/navigation/discoverability/presentation only with trust meaning preserved,"No invented person/team/reviewer/credential/source; no source, attribution, safety, owner, URL, canonical, or index change",Build; custom Phase 6 gate; ownership/index/source/safety/schema parity; browser QA
https://echobuddha.com/quotes/renewal/one-calm-morning-intention/,Echo Buddha Organization,Echo Buddha Editorial organizational byline where authorship is meaningful,Medium,Original Echo Buddha unless verified otherwise,Site-level correction path,AI/tool assistance bounded; publisher accountable,NO_CRITICAL_ISSUE,Echo Buddha publisher; Echo Buddha Editorial Organization author where applicable,QUOTE_REFLECTION,indexable,UX/navigation/discoverability/presentation only with trust meaning preserved,"No invented person/team/reviewer/credential/source; no source, attribution, safety, owner, URL, canonical, or index change",Build; custom Phase 6 gate; ownership/index/source/safety/schema parity; browser QA
https://echobuddha.com/quotes/renewal/repair-what-you-can-forgive-what-you-cannot-redo/,Echo Buddha Organization,Echo Buddha Editorial organizational byline where authorship is meaningful,NOT_CRITICAL,Original Echo Buddha unless verified otherwise,Site-level correction path,AI/tool assistance bounded; publisher accountable,NO_CRITICAL_ISSUE,Echo Buddha publisher; Echo Buddha Editorial Organization author where applicable,PREEXISTING_NOINDEX_OR_ERROR_ROLE,"noindex, follow",UX/navigation/discoverability/presentation only with trust meaning preserved,"No invented person/team/reviewer/credential/source; no source, attribution, safety, owner, URL, canonical, or index change",Build; custom Phase 6 gate; ownership/index/source/safety/schema parity; browser QA
https://echobuddha.com/quotes/renewal/the-path-welcomes-your-return-more-often-than-pride/,Echo Buddha Organization,Echo Buddha Editorial organizational byline where authorship is meaningful,Medium,Original Echo Buddha unless verified otherwise,Site-level correction path,AI/tool assistance bounded; publisher accountable,NO_CRITICAL_ISSUE,Echo Buddha publisher; Echo Buddha Editorial Organization author where applicable,QUOTE_REFLECTION,"noindex, follow",UX/navigation/discoverability/presentation only with trust meaning preserved,"No invented person/team/reviewer/credential/source; no source, attribution, safety, owner, URL, canonical, or index change",Build; custom Phase 6 gate; ownership/index/source/safety/schema parity; browser QA
https://echobuddha.com/quotes/renewal/you-are-allowed-to-learn-slowly-and-still-be/,Echo Buddha Organization,Echo Buddha Editorial organizational byline where authorship is meaningful,Medium,Original Echo Buddha unless verified otherwise,Site-level correction path,AI/tool assistance bounded; publisher accountable,NO_CRITICAL_ISSUE,Echo Buddha publisher; Echo Buddha Editorial Organization author where applicable,QUOTE_REFLECTION,"noindex, follow",UX/navigation/discoverability/presentation only with trust meaning preserved,"No invented person/team/reviewer/credential/source; no source, attribution, safety, owner, URL, canonical, or index change",Build; custom Phase 6 gate; ownership/index/source/safety/schema parity; browser QA
https://echobuddha.com/quotes/wisdom/a-clear-mind-can-hold-two-truths-without-rushing/,Echo Buddha Organization,Echo Buddha Editorial organizational byline where authorship is meaningful,Medium,Original Echo Buddha unless verified otherwise,Site-level correction path,AI/tool assistance bounded; publisher accountable,NO_CRITICAL_ISSUE,Echo Buddha publisher; Echo Buddha Editorial Organization author where applicable,QUOTE_REFLECTION,"noindex, follow",UX/navigation/discoverability/presentation only with trust meaning preserved,"No invented person/team/reviewer/credential/source; no source, attribution, safety, owner, URL, canonical, or index change",Build; custom Phase 6 gate; ownership/index/source/safety/schema parity; browser QA
https://echobuddha.com/quotes/wisdom/a-useful-truth-is-carried-with-humility-not-used/,Echo Buddha Organization,Echo Buddha Editorial organizational byline where authorship is meaningful,NOT_CRITICAL,Original Echo Buddha unless verified otherwise,Site-level correction path,AI/tool assistance bounded; publisher accountable,NO_CRITICAL_ISSUE,Echo Buddha publisher; Echo Buddha Editorial Organization author where applicable,PREEXISTING_NOINDEX_OR_ERROR_ROLE,"noindex, follow",UX/navigation/discoverability/presentation only with trust meaning preserved,"No invented person/team/reviewer/credential/source; no source, attribution, safety, owner, URL, canonical, or index change",Build; custom Phase 6 gate; ownership/index/source/safety/schema parity; browser QA
https://echobuddha.com/quotes/wisdom/contentment-with-what-is-here/,Echo Buddha Organization,Echo Buddha Editorial organizational byline where authorship is meaningful,Medium,Original Echo Buddha unless verified otherwise,Site-level correction path,AI/tool assistance bounded; publisher accountable,NO_CRITICAL_ISSUE,Echo Buddha publisher; Echo Buddha Editorial Organization author where applicable,QUOTE_REFLECTION,indexable,UX/navigation/discoverability/presentation only with trust meaning preserved,"No invented person/team/reviewer/credential/source; no source, attribution, safety, owner, URL, canonical, or index change",Build; custom Phase 6 gate; ownership/index/source/safety/schema parity; browser QA
https://echobuddha.com/quotes/wisdom/difficult-people-and-boundaries/,Echo Buddha Organization,Echo Buddha Editorial organizational byline where authorship is meaningful,Medium,Original Echo Buddha unless verified otherwise,Site-level correction path,AI/tool assistance bounded; publisher accountable,NO_CRITICAL_ISSUE,Echo Buddha publisher; Echo Buddha Editorial Organization author where applicable,QUOTE_REFLECTION,indexable,UX/navigation/discoverability/presentation only with trust meaning preserved,"No invented person/team/reviewer/credential/source; no source, attribution, safety, owner, URL, canonical, or index change",Build; custom Phase 6 gate; ownership/index/source/safety/schema parity; browser QA
https://echobuddha.com/quotes/wisdom/,Echo Buddha Organization,Echo Buddha Editorial organizational byline where authorship is meaningful,Medium,Original Echo Buddha unless verified otherwise,Site-level correction path,AI/tool assistance bounded; publisher accountable,NO_CRITICAL_ISSUE,Echo Buddha publisher; Echo Buddha Editorial Organization author where applicable,CATEGORY,indexable,UX/navigation/discoverability/presentation only with trust meaning preserved,"No invented person/team/reviewer/credential/source; no source, attribution, safety, owner, URL, canonical, or index change",Build; custom Phase 6 gate; ownership/index/source/safety/schema parity; browser QA
https://echobuddha.com/quotes/wisdom/karma-begins-in-intention/,Echo Buddha Organization,Echo Buddha Editorial organizational byline where authorship is meaningful,Medium,Original Echo Buddha unless verified otherwise,Site-level correction path,AI/tool assistance bounded; publisher accountable,NO_CRITICAL_ISSUE,Echo Buddha publisher; Echo Buddha Editorial Organization author where applicable,QUOTE_REFLECTION,indexable,UX/navigation/discoverability/presentation only with trust meaning preserved,"No invented person/team/reviewer/credential/source; no source, attribution, safety, owner, URL, canonical, or index change",Build; custom Phase 6 gate; ownership/index/source/safety/schema parity; browser QA
https://echobuddha.com/quotes/wisdom/knowing-when-not-to-speak-is-also-a-form/,Echo Buddha Organization,Echo Buddha Editorial organizational byline where authorship is meaningful,Medium,Original Echo Buddha unless verified otherwise,Site-level correction path,AI/tool assistance bounded; publisher accountable,NO_CRITICAL_ISSUE,Echo Buddha publisher; Echo Buddha Editorial Organization author where applicable,QUOTE_REFLECTION,"noindex, follow",UX/navigation/discoverability/presentation only with trust meaning preserved,"No invented person/team/reviewer/credential/source; no source, attribution, safety, owner, URL, canonical, or index change",Build; custom Phase 6 gate; ownership/index/source/safety/schema parity; browser QA
https://echobuddha.com/quotes/wisdom/learn-from-discomfort-without-turning-suffering-into-an-identity/,Echo Buddha Organization,Echo Buddha Editorial organizational byline where authorship is meaningful,NOT_CRITICAL,Original Echo Buddha unless verified otherwise,Site-level correction path,AI/tool assistance bounded; publisher accountable,NO_CRITICAL_ISSUE,Echo Buddha publisher; Echo Buddha Editorial Organization author where applicable,PREEXISTING_NOINDEX_OR_ERROR_ROLE,"noindex, follow",UX/navigation/discoverability/presentation only with trust meaning preserved,"No invented person/team/reviewer/credential/source; no source, attribution, safety, owner, URL, canonical, or index change",Build; custom Phase 6 gate; ownership/index/source/safety/schema parity; browser QA
https://echobuddha.com/quotes/wisdom/right-speech-with-kindness/,Echo Buddha Organization,Echo Buddha Editorial organizational byline where authorship is meaningful,Medium,Original Echo Buddha unless verified otherwise,Site-level correction path,AI/tool assistance bounded; publisher accountable,NO_CRITICAL_ISSUE,Echo Buddha publisher; Echo Buddha Editorial Organization author where applicable,QUOTE_REFLECTION,indexable,UX/navigation/discoverability/presentation only with trust meaning preserved,"No invented person/team/reviewer/credential/source; no source, attribution, safety, owner, URL, canonical, or index change",Build; custom Phase 6 gate; ownership/index/source/safety/schema parity; browser QA
https://echobuddha.com/quotes/wisdom/see-the-conditions-behind-an-action-and-blame-may/,Echo Buddha Organization,Echo Buddha Editorial organizational byline where authorship is meaningful,NOT_CRITICAL,Original Echo Buddha unless verified otherwise,Site-level correction path,AI/tool assistance bounded; publisher accountable,NO_CRITICAL_ISSUE,Echo Buddha publisher; Echo Buddha Editorial Organization author where applicable,PREEXISTING_NOINDEX_OR_ERROR_ROLE,"noindex, follow",UX/navigation/discoverability/presentation only with trust meaning preserved,"No invented person/team/reviewer/credential/source; no source, attribution, safety, owner, URL, canonical, or index change",Build; custom Phase 6 gate; ownership/index/source/safety/schema parity; browser QA
https://echobuddha.com/quotes/wisdom/simplicity-clears-the-room/,Echo Buddha Organization,Echo Buddha Editorial organizational byline where authorship is meaningful,Medium,Original Echo Buddha unless verified otherwise,Site-level correction path,AI/tool assistance bounded; publisher accountable,NO_CRITICAL_ISSUE,Echo Buddha publisher; Echo Buddha Editorial Organization author where applicable,QUOTE_REFLECTION,indexable,UX/navigation/discoverability/presentation only with trust meaning preserved,"No invented person/team/reviewer/credential/source; no source, attribution, safety, owner, URL, canonical, or index change",Build; custom Phase 6 gate; ownership/index/source/safety/schema parity; browser QA
https://echobuddha.com/quotes/wisdom/the-lesson-repeats-until-attention-replaces-habit/,Echo Buddha Organization,Echo Buddha Editorial organizational byline where authorship is meaningful,Medium,Original Echo Buddha unless verified otherwise,Site-level correction path,AI/tool assistance bounded; publisher accountable,NO_CRITICAL_ISSUE,Echo Buddha publisher; Echo Buddha Editorial Organization author where applicable,QUOTE_REFLECTION,"noindex, follow",UX/navigation/discoverability/presentation only with trust meaning preserved,"No invented person/team/reviewer/credential/source; no source, attribution, safety, owner, URL, canonical, or index change",Build; custom Phase 6 gate; ownership/index/source/safety/schema parity; browser QA
https://echobuddha.com/quotes/wisdom/the-wise-heart-changes-course-when-clearer-seeing-arrives/,Echo Buddha Organization,Echo Buddha Editorial organizational byline where authorship is meaningful,NOT_CRITICAL,Original Echo Buddha unless verified otherwise,Site-level correction path,AI/tool assistance bounded; publisher accountable,NO_CRITICAL_ISSUE,Echo Buddha publisher; Echo Buddha Editorial Organization author where applicable,PREEXISTING_NOINDEX_OR_ERROR_ROLE,"noindex, follow",UX/navigation/discoverability/presentation only with trust meaning preserved,"No invented person/team/reviewer/credential/source; no source, attribution, safety, owner, URL, canonical, or index change",Build; custom Phase 6 gate; ownership/index/source/safety/schema parity; browser QA
https://echobuddha.com/quotes/wisdom/understanding-suffering-honestly/,Echo Buddha Organization,Echo Buddha Editorial organizational byline where authorship is meaningful,Medium,Original Echo Buddha unless verified otherwise,Site-level correction path,AI/tool assistance bounded; publisher accountable,NO_CRITICAL_ISSUE,Echo Buddha publisher; Echo Buddha Editorial Organization author where applicable,QUOTE_REFLECTION,indexable,UX/navigation/discoverability/presentation only with trust meaning preserved,"No invented person/team/reviewer/credential/source; no source, attribution, safety, owner, URL, canonical, or index change",Build; custom Phase 6 gate; ownership/index/source/safety/schema parity; browser QA
https://echobuddha.com/quotes/wisdom/what-feels-urgent-is-not-always-what-matters-most/,Echo Buddha Organization,Echo Buddha Editorial organizational byline where authorship is meaningful,Medium,Original Echo Buddha unless verified otherwise,Site-level correction path,AI/tool assistance bounded; publisher accountable,NO_CRITICAL_ISSUE,Echo Buddha publisher; Echo Buddha Editorial Organization author where applicable,QUOTE_REFLECTION,"noindex, follow",UX/navigation/discoverability/presentation only with trust meaning preserved,"No invented person/team/reviewer/credential/source; no source, attribution, safety, owner, URL, canonical, or index change",Build; custom Phase 6 gate; ownership/index/source/safety/schema parity; browser QA
https://echobuddha.com/quotes/wisdom/wisdom-is-less-interested-in-winning-than-in-ending/,Echo Buddha Organization,Echo Buddha Editorial organizational byline where authorship is meaningful,NOT_CRITICAL,Original Echo Buddha unless verified otherwise,Site-level correction path,AI/tool assistance bounded; publisher accountable,NO_CRITICAL_ISSUE,Echo Buddha publisher; Echo Buddha Editorial Organization author where applicable,PREEXISTING_NOINDEX_OR_ERROR_ROLE,"noindex, follow",UX/navigation/discoverability/presentation only with trust meaning preserved,"No invented person/team/reviewer/credential/source; no source, attribution, safety, owner, URL, canonical, or index change",Build; custom Phase 6 gate; ownership/index/source/safety/schema parity; browser QA
https://echobuddha.com/quotes/wisdom/wisdom-is-the-art-of-meeting-life-without-adding/,Echo Buddha Organization,Echo Buddha Editorial organizational byline where authorship is meaningful,Medium,Original Echo Buddha unless verified otherwise,Site-level correction path,AI/tool assistance bounded; publisher accountable,NO_CRITICAL_ISSUE,Echo Buddha publisher; Echo Buddha Editorial Organization author where applicable,QUOTE_REFLECTION,"noindex, follow",UX/navigation/discoverability/presentation only with trust meaning preserved,"No invented person/team/reviewer/credential/source; no source, attribution, safety, owner, URL, canonical, or index change",Build; custom Phase 6 gate; ownership/index/source/safety/schema parity; browser QA
https://echobuddha.com/quotes/wisdom/wisdom-sees-clearly/,Echo Buddha Organization,Echo Buddha Editorial organizational byline where authorship is meaningful,Medium,Original Echo Buddha unless verified otherwise,Site-level correction path,AI/tool assistance bounded; publisher accountable,NO_CRITICAL_ISSUE,Echo Buddha publisher; Echo Buddha Editorial Organization author where applicable,QUOTE_REFLECTION,indexable,UX/navigation/discoverability/presentation only with trust meaning preserved,"No invented person/team/reviewer/credential/source; no source, attribution, safety, owner, URL, canonical, or index change",Build; custom Phase 6 gate; ownership/index/source/safety/schema parity; browser QA
https://echobuddha.com/quotes/wisdom/wisdom-sees-the-whole-fire-not-only-the-spark/,Echo Buddha Organization,Echo Buddha Editorial organizational byline where authorship is meaningful,Medium,Original Echo Buddha unless verified otherwise,Site-level correction path,AI/tool assistance bounded; publisher accountable,NO_CRITICAL_ISSUE,Echo Buddha publisher; Echo Buddha Editorial Organization author where applicable,QUOTE_REFLECTION,"noindex, follow",UX/navigation/discoverability/presentation only with trust meaning preserved,"No invented person/team/reviewer/credential/source; no source, attribution, safety, owner, URL, canonical, or index change",Build; custom Phase 6 gate; ownership/index/source/safety/schema parity; browser QA
https://echobuddha.com/quotes/wisdom/wise-silence/,Echo Buddha Organization,Echo Buddha Editorial organizational byline where authorship is meaningful,Medium,Original Echo Buddha unless verified otherwise,Site-level correction path,AI/tool assistance bounded; publisher accountable,NO_CRITICAL_ISSUE,Echo Buddha publisher; Echo Buddha Editorial Organization author where applicable,QUOTE_REFLECTION,indexable,UX/navigation/discoverability/presentation only with trust meaning preserved,"No invented person/team/reviewer/credential/source; no source, attribution, safety, owner, URL, canonical, or index change",Build; custom Phase 6 gate; ownership/index/source/safety/schema parity; browser QA
https://echobuddha.com/search/,Echo Buddha Organization,Echo Buddha Editorial organizational byline where authorship is meaningful,NOT_CRITICAL,No unsupported attribution,Site-level correction path,AI/tool assistance bounded; publisher accountable,NO_CRITICAL_ISSUE,Echo Buddha publisher; Echo Buddha Editorial Organization author where applicable,PREEXISTING_NOINDEX_OR_ERROR_ROLE,"noindex, follow",UX/navigation/discoverability/presentation only with trust meaning preserved,"No invented person/team/reviewer/credential/source; no source, attribution, safety, owner, URL, canonical, or index change",Build; custom Phase 6 gate; ownership/index/source/safety/schema parity; browser QA
https://echobuddha.com/start-here/,Echo Buddha Organization,Echo Buddha Editorial organizational byline where authorship is meaningful,Medium,No unsupported attribution,Site-level correction path,AI/tool assistance bounded; publisher accountable,NO_CRITICAL_ISSUE,Echo Buddha publisher; Echo Buddha Editorial Organization author where applicable,HUB,indexable,UX/navigation/discoverability/presentation only with trust meaning preserved,"No invented person/team/reviewer/credential/source; no source, attribution, safety, owner, URL, canonical, or index change",Build; custom Phase 6 gate; ownership/index/source/safety/schema parity; browser QA
https://echobuddha.com/terms-of-use/,Echo Buddha Organization,Echo Buddha Editorial organizational byline where authorship is meaningful,Medium,No unsupported attribution,Real publisher email and materiality workflow,AI/tool assistance bounded; publisher accountable,NO_CRITICAL_ISSUE,Echo Buddha publisher; Echo Buddha Editorial Organization author where applicable,TRUST_POLICY,indexable,UX/navigation/discoverability/presentation only with trust meaning preserved,"No invented person/team/reviewer/credential/source; no source, attribution, safety, owner, URL, canonical, or index change",Build; custom Phase 6 gate; ownership/index/source/safety/schema parity; browser QA
https://echobuddha.com/tools/,Echo Buddha Organization,Echo Buddha Editorial organizational byline where authorship is meaningful,Medium,No unsupported attribution,Site-level correction path,AI/tool assistance bounded; publisher accountable,NO_CRITICAL_ISSUE,Echo Buddha publisher; Echo Buddha Editorial Organization author where applicable,UTILITY,indexable,UX/navigation/discoverability/presentation only with trust meaning preserved,"No invented person/team/reviewer/credential/source; no source, attribution, safety, owner, URL, canonical, or index change",Build; custom Phase 6 gate; ownership/index/source/safety/schema parity; browser QA
