URL,Claim / claim group,Claim category,Current wording summary,Source ID,Source title,Source type,Primary source?,Claim supported?,Direct quote?,Paraphrase?,Editorial interpretation?,Tradition-specific?,Historical,Linguistic,Wellbeing,Translation risk?,Copyright risk?,Correction required?,Final action,Human review?
https://echobuddha.com/articles/buddhism-for-beginners-simple-guide/,"Page-specific teaching, terminology, practice, or safety context",Buddhist source/context,Original beginner explanation with a bounded further-reading/source note,URL-1,/sn56.11/en/sujato,Canonical text / translation archive,Primary text context or hosted translation,Yes at the identified claim-group level,No material exact quotation identified,Yes / where applicable,Yes,Potentially; qualified,No unsupported historical claim,No,No,Managed by translation/paraphrase boundary,No long reproduced passage observed,No,Retain bounded source note,Completed; future exact quotation requires renewed review
https://echobuddha.com/articles/buddhism-for-beginners-simple-guide/,"Page-specific teaching, terminology, practice, or safety context",Buddhist source/context,Original beginner explanation with a bounded further-reading/source note,URL-2,/suttas/SN/SN45_8.html,Canonical text / translation archive,Primary text context or hosted translation,Yes at the identified claim-group level,No material exact quotation identified,Yes / where applicable,Yes,Potentially; qualified,No unsupported historical claim,No,No,Managed by translation/paraphrase boundary,No long reproduced passage observed,No,Retain bounded source note,Completed; future exact quotation requires renewed review
https://echobuddha.com/articles/buddhist-approach-to-anger/,"Page-specific teaching, terminology, practice, or safety context",Buddhist source/context,Original beginner explanation with a bounded further-reading/source note,URL-3,/dhp1-20/en/sujato,Canonical text / translation archive,Primary text context or hosted translation,Yes at the identified claim-group level,No material exact quotation identified,Yes / where applicable,Yes,Potentially; qualified,No unsupported historical claim,No,No,Managed by translation/paraphrase boundary,No long reproduced passage observed,No,Retain bounded source note,Completed; future exact quotation requires renewed review
https://echobuddha.com/articles/buddhist-approach-to-anger/,"Page-specific teaching, terminology, practice, or safety context",Buddhist source/context,Original beginner explanation with a bounded further-reading/source note,URL-4,/tipitaka/kn/dhp/dhp.01.budd.html,Canonical text / translation archive,Primary text context or hosted translation,Yes at the identified claim-group level,No material exact quotation identified,Yes / where applicable,Yes,Potentially; qualified,No unsupported historical claim,No,No,Managed by translation/paraphrase boundary,No long reproduced passage observed,No,Retain bounded source note,Completed; future exact quotation requires renewed review
https://echobuddha.com/articles/buddhist-gratitude-practice/,"Page-specific teaching, terminology, practice, or safety context",Buddhist source/context,Original beginner explanation with a bounded further-reading/source note,URL-5,/suttas/KN/Khp/khp5.html,Canonical text / translation archive,Primary text context or hosted translation,Yes at the identified claim-group level,No material exact quotation identified,Yes / where applicable,Yes,Potentially; qualified,No unsupported historical claim,No,No,Managed by translation/paraphrase boundary,No long reproduced passage observed,No,Retain bounded source note,Completed; future exact quotation requires renewed review
https://echobuddha.com/articles/buddhist-gratitude-practice/,"Page-specific teaching, terminology, practice, or safety context",Buddhist source/context,Original beginner explanation with a bounded further-reading/source note,URL-6,/suttas/AN/AN4_28.html,Canonical text / translation archive,Primary text context or hosted translation,Yes at the identified claim-group level,No material exact quotation identified,Yes / where applicable,Yes,Potentially; qualified,No unsupported historical claim,No,No,Managed by translation/paraphrase boundary,No long reproduced passage observed,No,Retain bounded source note,Completed; future exact quotation requires renewed review
https://echobuddha.com/articles/buddhist-teachings-on-forgiveness/,"Page-specific teaching, terminology, practice, or safety context",Buddhist source/context,Original beginner explanation with a bounded further-reading/source note,URL-7,/tipitaka/kn/dhp/dhp.01.budd.html,Canonical text / translation archive,Primary text context or hosted translation,Yes at the identified claim-group level,No material exact quotation identified,Yes / where applicable,Yes,Potentially; qualified,No unsupported historical claim,No,No,Managed by translation/paraphrase boundary,No long reproduced passage observed,No,Retain bounded source note,Completed; future exact quotation requires renewed review
https://echobuddha.com/articles/buddhist-teachings-on-impermanence/,"Page-specific teaching, terminology, practice, or safety context",Buddhist source/context,Original beginner explanation with a bounded further-reading/source note,URL-8,/tipitaka/kn/dhp/dhp.20.budd.html,Canonical text / translation archive,Primary text context or hosted translation,Yes at the identified claim-group level,No material exact quotation identified,Yes / where applicable,Yes,Potentially; qualified,No unsupported historical claim,No,No,Managed by translation/paraphrase boundary,No long reproduced passage observed,No,Retain bounded source note,Completed; future exact quotation requires renewed review
https://echobuddha.com/articles/compassion-as-a-daily-discipline/,"Page-specific teaching, terminology, practice, or safety context",Buddhist source/context,Original beginner explanation with a bounded further-reading/source note,URL-9,/tipitaka/kn/snp/snp.1.08.than.html,Canonical text / translation archive,Primary text context or hosted translation,Yes at the identified claim-group level,No material exact quotation identified,Yes / where applicable,Yes,Potentially; qualified,No unsupported historical claim,No,No,Managed by translation/paraphrase boundary,No long reproduced passage observed,No,Retain bounded source note,Completed; future exact quotation requires renewed review
https://echobuddha.com/articles/compassion-in-buddhism-beginner-guide/,"Page-specific teaching, terminology, practice, or safety context",Buddhist source/context,Original beginner explanation with a bounded further-reading/source note,URL-10,/tipitaka/kn/snp/snp.1.08.than.html,Canonical text / translation archive,Primary text context or hosted translation,Yes at the identified claim-group level,No material exact quotation identified,Yes / where applicable,Yes,Potentially; qualified,No unsupported historical claim,No,No,Managed by translation/paraphrase boundary,No long reproduced passage observed,No,Retain bounded source note,Completed; future exact quotation requires renewed review
https://echobuddha.com/articles/compassion-with-boundaries/,"Page-specific teaching, terminology, practice, or safety context",Buddhist source/context,Original beginner explanation with a bounded further-reading/source note,URL-11,/tipitaka/kn/snp/snp.1.08.than.html,Canonical text / translation archive,Primary text context or hosted translation,Yes at the identified claim-group level,No material exact quotation identified,Yes / where applicable,Yes,Potentially; qualified,No unsupported historical claim,No,No,Managed by translation/paraphrase boundary,No long reproduced passage observed,No,Retain bounded source note,Completed; future exact quotation requires renewed review
https://echobuddha.com/articles/compassion-with-boundaries/,"Page-specific teaching, terminology, practice, or safety context",Buddhist source/context,Original beginner explanation with a bounded further-reading/source note,URL-12,/lib/authors/nyanaponika/wheel006.html,Canonical text / translation archive,Primary text context or hosted translation,Yes at the identified claim-group level,No material exact quotation identified,Yes / where applicable,Yes,Potentially; qualified,No unsupported historical claim,No,No,Managed by translation/paraphrase boundary,No long reproduced passage observed,No,Retain bounded source note,Completed; future exact quotation requires renewed review
https://echobuddha.com/articles/dhamma-vs-dharma/,"Page-specific teaching, terminology, practice, or safety context",Buddhist source/context,Original beginner explanation with a bounded further-reading/source note,URL-13,/define/dhamma,Canonical text / translation archive,Primary text context or hosted translation,Yes at the identified claim-group level,No material exact quotation identified,Yes / where applicable,Yes,Potentially; qualified,No unsupported historical claim,No,No,Managed by translation/paraphrase boundary,No long reproduced passage observed,No,Retain bounded source note,Completed; future exact quotation requires renewed review
https://echobuddha.com/articles/dhamma-vs-dharma/,"Page-specific teaching, terminology, practice, or safety context",Buddhist source/context,Original beginner explanation with a bounded further-reading/source note,URL-14,/tipitaka/kn/dhp/dhp.14.budd.html,Canonical text / translation archive,Primary text context or hosted translation,Yes at the identified claim-group level,No material exact quotation identified,Yes / where applicable,Yes,Potentially; qualified,No unsupported historical claim,No,No,Managed by translation/paraphrase boundary,No long reproduced passage observed,No,Retain bounded source note,Completed; future exact quotation requires renewed review
https://echobuddha.com/articles/dhamma-vs-dharma/,"Page-specific teaching, terminology, practice, or safety context",Buddhist source/context,Original beginner explanation with a bounded further-reading/source note,URL-15,/suttas/SN/SN45_8.html,Canonical text / translation archive,Primary text context or hosted translation,Yes at the identified claim-group level,No material exact quotation identified,Yes / where applicable,Yes,Potentially; qualified,No unsupported historical claim,No,No,Managed by translation/paraphrase boundary,No long reproduced passage observed,No,Retain bounded source note,Completed; future exact quotation requires renewed review
https://echobuddha.com/articles/dhammapada-reflection-what-we-think/,"Page-specific teaching, terminology, practice, or safety context",Buddhist source/context,Original beginner explanation with a bounded further-reading/source note,URL-16,/tipitaka/kn/dhp/dhp.01.budd.html,Canonical text / translation archive,Primary text context or hosted translation,Yes at the identified claim-group level,No material exact quotation identified,Yes / where applicable,Yes,Potentially; qualified,No unsupported historical claim,No,No,Managed by translation/paraphrase boundary,No long reproduced passage observed,No,Retain bounded source note,Completed; future exact quotation requires renewed review
https://echobuddha.com/articles/dhammapada-verse-1-meaning/,"Page-specific teaching, terminology, practice, or safety context",Buddhist source/context,Original beginner explanation with a bounded further-reading/source note,URL-17,/tipitaka/kn/dhp/dhp.01.budd.html,Canonical text / translation archive,Primary text context or hosted translation,Yes at the identified claim-group level,No material exact quotation identified,Yes / where applicable,Yes,Potentially; qualified,No unsupported historical claim,No,No,Managed by translation/paraphrase boundary,No long reproduced passage observed,No,Retain bounded source note,Completed; future exact quotation requires renewed review
https://echobuddha.com/articles/dhammapada-verse-1-meaning/,"Page-specific teaching, terminology, practice, or safety context",Buddhist source/context,Original beginner explanation with a bounded further-reading/source note,URL-18,/edition/dhp/en/sujato/introduction,Canonical text / translation archive,Primary text context or hosted translation,Yes at the identified claim-group level,No material exact quotation identified,Yes / where applicable,Yes,Potentially; qualified,No unsupported historical claim,No,No,Managed by translation/paraphrase boundary,No long reproduced passage observed,No,Retain bounded source note,Completed; future exact quotation requires renewed review
https://echobuddha.com/articles/eightfold-path-explained-daily-life/,"Page-specific teaching, terminology, practice, or safety context",Buddhist source/context,Original beginner explanation with a bounded further-reading/source note,URL-19,/suttas/SN/SN45_8.html,Canonical text / translation archive,Primary text context or hosted translation,Yes at the identified claim-group level,No material exact quotation identified,Yes / where applicable,Yes,Potentially; qualified,No unsupported historical claim,No,No,Managed by translation/paraphrase boundary,No long reproduced passage observed,No,Retain bounded source note,Completed; future exact quotation requires renewed review
https://echobuddha.com/articles/eightfold-path-explained/,"Page-specific teaching, terminology, practice, or safety context",Buddhist source/context,Original beginner explanation with a bounded further-reading/source note,URL-20,/suttas/SN/SN45_8.html,Canonical text / translation archive,Primary text context or hosted translation,Yes at the identified claim-group level,No material exact quotation identified,Yes / where applicable,Yes,Potentially; qualified,No unsupported historical claim,No,No,Managed by translation/paraphrase boundary,No long reproduced passage observed,No,Retain bounded source note,Completed; future exact quotation requires renewed review
https://echobuddha.com/articles/equanimity-in-buddhism/,"Page-specific teaching, terminology, practice, or safety context",Buddhist source/context,Original beginner explanation with a bounded further-reading/source note,URL-21,/suttas/AN/AN8_6.html,Canonical text / translation archive,Primary text context or hosted translation,Yes at the identified claim-group level,No material exact quotation identified,Yes / where applicable,Yes,Potentially; qualified,No unsupported historical claim,No,No,Managed by translation/paraphrase boundary,No long reproduced passage observed,No,Retain bounded source note,Completed; future exact quotation requires renewed review
https://echobuddha.com/articles/first-week-buddhist-practice/,"Page-specific teaching, terminology, practice, or safety context",Buddhist source/context,Original beginner explanation with a bounded further-reading/source note,URL-22,/sn56.11/en/sujato,Canonical text / translation archive,Primary text context or hosted translation,Yes at the identified claim-group level,No material exact quotation identified,Yes / where applicable,Yes,Potentially; qualified,No unsupported historical claim,No,No,Managed by translation/paraphrase boundary,No long reproduced passage observed,No,Retain bounded source note,Completed; future exact quotation requires renewed review
https://echobuddha.com/articles/first-week-buddhist-practice/,"Page-specific teaching, terminology, practice, or safety context",Buddhist source/context,Original beginner explanation with a bounded further-reading/source note,URL-23,/suttas/SN/SN45_8.html,Canonical text / translation archive,Primary text context or hosted translation,Yes at the identified claim-group level,No material exact quotation identified,Yes / where applicable,Yes,Potentially; qualified,No unsupported historical claim,No,No,Managed by translation/paraphrase boundary,No long reproduced passage observed,No,Retain bounded source note,Completed; future exact quotation requires renewed review
https://echobuddha.com/articles/first-week-buddhist-practice/,"Page-specific teaching, terminology, practice, or safety context",Buddhist source/context,Original beginner explanation with a bounded further-reading/source note,URL-24,/ptf/dhamma/sila/pancasila.html,Canonical text / translation archive,Primary text context or hosted translation,Yes at the identified claim-group level,No material exact quotation identified,Yes / where applicable,Yes,Potentially; qualified,No unsupported historical claim,No,No,Managed by translation/paraphrase boundary,No long reproduced passage observed,No,Retain bounded source note,Completed; future exact quotation requires renewed review
https://echobuddha.com/articles/five-precepts-in-daily-life/,"Page-specific teaching, terminology, practice, or safety context",Buddhist source/context,Original beginner explanation with a bounded further-reading/source note,URL-25,/ptf/dhamma/sila/pancasila.html,Canonical text / translation archive,Primary text context or hosted translation,Yes at the identified claim-group level,No material exact quotation identified,Yes / where applicable,Yes,Potentially; qualified,No unsupported historical claim,No,No,Managed by translation/paraphrase boundary,No long reproduced passage observed,No,Retain bounded source note,Completed; future exact quotation requires renewed review
https://echobuddha.com/articles/four-noble-truths-explained-simply/,"Page-specific teaching, terminology, practice, or safety context",Buddhist source/context,Original beginner explanation with a bounded further-reading/source note,URL-26,/sn56.11/en/sujato,Canonical text / translation archive,Primary text context or hosted translation,Yes at the identified claim-group level,No material exact quotation identified,Yes / where applicable,Yes,Potentially; qualified,No unsupported historical claim,No,No,Managed by translation/paraphrase boundary,No long reproduced passage observed,No,Retain bounded source note,Completed; future exact quotation requires renewed review
https://echobuddha.com/articles/four-noble-truths-explained/,"Page-specific teaching, terminology, practice, or safety context",Buddhist source/context,Original beginner explanation with a bounded further-reading/source note,URL-27,/sn56.11/en/sujato,Canonical text / translation archive,Primary text context or hosted translation,Yes at the identified claim-group level,No material exact quotation identified,Yes / where applicable,Yes,Potentially; qualified,No unsupported historical claim,No,No,Managed by translation/paraphrase boundary,No long reproduced passage observed,No,Retain bounded source note,Completed; future exact quotation requires renewed review
https://echobuddha.com/articles/four-noble-truths-explained/,"Page-specific teaching, terminology, practice, or safety context",Buddhist source/context,Original beginner explanation with a bounded further-reading/source note,URL-28,/tipitaka/sn/sn56/sn56.011.than.html,Canonical text / translation archive,Primary text context or hosted translation,Yes at the identified claim-group level,No material exact quotation identified,Yes / where applicable,Yes,Potentially; qualified,No unsupported historical claim,No,No,Managed by translation/paraphrase boundary,No long reproduced passage observed,No,Retain bounded source note,Completed; future exact quotation requires renewed review
https://echobuddha.com/articles/how-to-meditate-for-anxiety/,"Page-specific teaching, terminology, practice, or safety context",Wellbeing,Original beginner explanation with a bounded further-reading/source note,URL-29,/health/meditation-and-mindfulness-effectiveness-and-safety,Public health context,No,Yes at the identified claim-group level,No material exact quotation identified,Yes / where applicable,Yes,Potentially; qualified,No unsupported historical claim,No,Yes,No,No long reproduced passage observed,No,Retain bounded source note,Completed; future exact quotation requires renewed review
https://echobuddha.com/articles/how-to-meditate-for-beginners/,"Page-specific teaching, terminology, practice, or safety context",Buddhist source/context,Original beginner explanation with a bounded further-reading/source note,URL-30,/tipitaka/mn/mn.118.than.html,Canonical text / translation archive,Primary text context or hosted translation,Yes at the identified claim-group level,No material exact quotation identified,Yes / where applicable,Yes,Potentially; qualified,No unsupported historical claim,No,No,Managed by translation/paraphrase boundary,No long reproduced passage observed,No,Retain bounded source note,Completed; future exact quotation requires renewed review
https://echobuddha.com/articles/how-to-meditate-for-beginners/,"Page-specific teaching, terminology, practice, or safety context",Wellbeing,Original beginner explanation with a bounded further-reading/source note,URL-31,/health/meditation-and-mindfulness-effectiveness-and-safety,Public health context,No,Yes at the identified claim-group level,No material exact quotation identified,Yes / where applicable,Yes,Potentially; qualified,No unsupported historical claim,No,Yes,No,No long reproduced passage observed,No,Retain bounded source note,Completed; future exact quotation requires renewed review
https://echobuddha.com/articles/impermanence-in-buddhism-letting-go/,"Page-specific teaching, terminology, practice, or safety context",Buddhist source/context,Original beginner explanation with a bounded further-reading/source note,URL-32,/tipitaka/kn/dhp/dhp.20.budd.html,Canonical text / translation archive,Primary text context or hosted translation,Yes at the identified claim-group level,No material exact quotation identified,Yes / where applicable,Yes,Potentially; qualified,No unsupported historical claim,No,No,Managed by translation/paraphrase boundary,No long reproduced passage observed,No,Retain bounded source note,Completed; future exact quotation requires renewed review
https://echobuddha.com/articles/impermanence-in-buddhism/,"Page-specific teaching, terminology, practice, or safety context",Buddhist source/context,Original beginner explanation with a bounded further-reading/source note,URL-33,/tipitaka/kn/dhp/dhp.20.budd.html,Canonical text / translation archive,Primary text context or hosted translation,Yes at the identified claim-group level,No material exact quotation identified,Yes / where applicable,Yes,Potentially; qualified,No unsupported historical claim,No,No,Managed by translation/paraphrase boundary,No long reproduced passage observed,No,Retain bounded source note,Completed; future exact quotation requires renewed review
https://echobuddha.com/articles/loving-kindness-meditation-beginners/,"Page-specific teaching, terminology, practice, or safety context",Buddhist source/context,Original beginner explanation with a bounded further-reading/source note,URL-34,/tipitaka/kn/snp/snp.1.08.than.html,Canonical text / translation archive,Primary text context or hosted translation,Yes at the identified claim-group level,No material exact quotation identified,Yes / where applicable,Yes,Potentially; qualified,No unsupported historical claim,No,No,Managed by translation/paraphrase boundary,No long reproduced passage observed,No,Retain bounded source note,Completed; future exact quotation requires renewed review
https://echobuddha.com/articles/loving-kindness-meditation-beginners/,"Page-specific teaching, terminology, practice, or safety context",Wellbeing,Original beginner explanation with a bounded further-reading/source note,URL-35,/health/meditation-and-mindfulness-effectiveness-and-safety,Public health context,No,Yes at the identified claim-group level,No material exact quotation identified,Yes / where applicable,Yes,Potentially; qualified,No unsupported historical claim,No,Yes,No,No long reproduced passage observed,No,Retain bounded source note,Completed; future exact quotation requires renewed review
https://echobuddha.com/articles/loving-kindness-meditation-guide/,"Page-specific teaching, terminology, practice, or safety context",Buddhist source/context,Original beginner explanation with a bounded further-reading/source note,URL-36,/tipitaka/kn/snp/snp.1.08.than.html,Canonical text / translation archive,Primary text context or hosted translation,Yes at the identified claim-group level,No material exact quotation identified,Yes / where applicable,Yes,Potentially; qualified,No unsupported historical claim,No,No,Managed by translation/paraphrase boundary,No long reproduced passage observed,No,Retain bounded source note,Completed; future exact quotation requires renewed review
https://echobuddha.com/articles/loving-kindness-meditation-guide/,"Page-specific teaching, terminology, practice, or safety context",Wellbeing,Original beginner explanation with a bounded further-reading/source note,URL-37,/health/meditation-and-mindfulness-effectiveness-and-safety,Public health context,No,Yes at the identified claim-group level,No material exact quotation identified,Yes / where applicable,Yes,Potentially; qualified,No unsupported historical claim,No,Yes,No,No long reproduced passage observed,No,Retain bounded source note,Completed; future exact quotation requires renewed review
https://echobuddha.com/articles/metta-meditation-script/,"Page-specific teaching, terminology, practice, or safety context",Buddhist source/context,Original beginner explanation with a bounded further-reading/source note,URL-38,/tipitaka/kn/snp/snp.1.08.than.html,Canonical text / translation archive,Primary text context or hosted translation,Yes at the identified claim-group level,No material exact quotation identified,Yes / where applicable,Yes,Potentially; qualified,No unsupported historical claim,No,No,Managed by translation/paraphrase boundary,No long reproduced passage observed,No,Retain bounded source note,Completed; future exact quotation requires renewed review
https://echobuddha.com/articles/metta-meditation-script/,"Page-specific teaching, terminology, practice, or safety context",Wellbeing,Original beginner explanation with a bounded further-reading/source note,URL-39,/health/meditation-and-mindfulness-effectiveness-and-safety,Public health context,No,Yes at the identified claim-group level,No material exact quotation identified,Yes / where applicable,Yes,Potentially; qualified,No unsupported historical claim,No,Yes,No,No long reproduced passage observed,No,Retain bounded source note,Completed; future exact quotation requires renewed review
https://echobuddha.com/articles/mindful-email-and-texting/,"Page-specific teaching, terminology, practice, or safety context",Buddhist source/context,Original beginner explanation with a bounded further-reading/source note,URL-40,/ptf/dhamma/sacca/sacca4/samma-vaca/index.html,Canonical text / translation archive,Primary text context or hosted translation,Yes at the identified claim-group level,No material exact quotation identified,Yes / where applicable,Yes,Potentially; qualified,No unsupported historical claim,No,No,Managed by translation/paraphrase boundary,No long reproduced passage observed,No,Retain bounded source note,Completed; future exact quotation requires renewed review
https://echobuddha.com/articles/mindful-email-and-texting/,"Page-specific teaching, terminology, practice, or safety context",Buddhist source/context,Original beginner explanation with a bounded further-reading/source note,URL-41,/suttas/SN/SN45_8.html,Canonical text / translation archive,Primary text context or hosted translation,Yes at the identified claim-group level,No material exact quotation identified,Yes / where applicable,Yes,Potentially; qualified,No unsupported historical claim,No,No,Managed by translation/paraphrase boundary,No long reproduced passage observed,No,Retain bounded source note,Completed; future exact quotation requires renewed review
https://echobuddha.com/articles/mindfulness-for-better-sleep/,"Page-specific teaching, terminology, practice, or safety context",Wellbeing,Original beginner explanation with a bounded further-reading/source note,URL-42,/health/meditation-and-mindfulness-effectiveness-and-safety,Public health context,No,Yes at the identified claim-group level,No material exact quotation identified,Yes / where applicable,Yes,Potentially; qualified,No unsupported historical claim,No,Yes,No,No long reproduced passage observed,No,Retain bounded source note,Completed; future exact quotation requires renewed review
https://echobuddha.com/articles/mindfulness-of-breathing-guide/,"Page-specific teaching, terminology, practice, or safety context",Buddhist source/context,Original beginner explanation with a bounded further-reading/source note,URL-43,/tipitaka/mn/mn.118.than.html,Canonical text / translation archive,Primary text context or hosted translation,Yes at the identified claim-group level,No material exact quotation identified,Yes / where applicable,Yes,Potentially; qualified,No unsupported historical claim,No,No,Managed by translation/paraphrase boundary,No long reproduced passage observed,No,Retain bounded source note,Completed; future exact quotation requires renewed review
https://echobuddha.com/articles/mindfulness-of-breathing-guide/,"Page-specific teaching, terminology, practice, or safety context",Wellbeing,Original beginner explanation with a bounded further-reading/source note,URL-44,/health/meditation-and-mindfulness-effectiveness-and-safety,Public health context,No,Yes at the identified claim-group level,No material exact quotation identified,Yes / where applicable,Yes,Potentially; qualified,No unsupported historical claim,No,Yes,No,No long reproduced passage observed,No,Retain bounded source note,Completed; future exact quotation requires renewed review
https://echobuddha.com/articles/mindfulness-vs-meditation/,"Page-specific teaching, terminology, practice, or safety context",Buddhist source/context,Original beginner explanation with a bounded further-reading/source note,URL-45,/tipitaka/dn/dn.22.0.than.html,Canonical text / translation archive,Primary text context or hosted translation,Yes at the identified claim-group level,No material exact quotation identified,Yes / where applicable,Yes,Potentially; qualified,No unsupported historical claim,No,No,Managed by translation/paraphrase boundary,No long reproduced passage observed,No,Retain bounded source note,Completed; future exact quotation requires renewed review
https://echobuddha.com/articles/mindfulness-vs-meditation/,"Page-specific teaching, terminology, practice, or safety context",Wellbeing,Original beginner explanation with a bounded further-reading/source note,URL-46,/health/meditation-and-mindfulness-effectiveness-and-safety,Public health context,No,Yes at the identified claim-group level,No material exact quotation identified,Yes / where applicable,Yes,Potentially; qualified,No unsupported historical claim,No,Yes,No,No long reproduced passage observed,No,Retain bounded source note,Completed; future exact quotation requires renewed review
https://echobuddha.com/articles/noble-eightfold-path-practical-guide/,"Page-specific teaching, terminology, practice, or safety context",Buddhist source/context,Original beginner explanation with a bounded further-reading/source note,URL-47,/suttas/SN/SN45_8.html,Canonical text / translation archive,Primary text context or hosted translation,Yes at the identified claim-group level,No material exact quotation identified,Yes / where applicable,Yes,Potentially; qualified,No unsupported historical claim,No,No,Managed by translation/paraphrase boundary,No long reproduced passage observed,No,Retain bounded source note,Completed; future exact quotation requires renewed review
https://echobuddha.com/articles/non-attachment-in-relationships/,"Page-specific teaching, terminology, practice, or safety context",Buddhist source/context,Original beginner explanation with a bounded further-reading/source note,URL-48,/tipitaka/kn/dhp/dhp.20.budd.html,Canonical text / translation archive,Primary text context or hosted translation,Yes at the identified claim-group level,No material exact quotation identified,Yes / where applicable,Yes,Potentially; qualified,No unsupported historical claim,No,No,Managed by translation/paraphrase boundary,No long reproduced passage observed,No,Retain bounded source note,Completed; future exact quotation requires renewed review
https://echobuddha.com/articles/non-attachment-in-relationships/,"Page-specific teaching, terminology, practice, or safety context",Buddhist source/context,Original beginner explanation with a bounded further-reading/source note,URL-49,/sn56.11/en/sujato,Canonical text / translation archive,Primary text context or hosted translation,Yes at the identified claim-group level,No material exact quotation identified,Yes / where applicable,Yes,Potentially; qualified,No unsupported historical claim,No,No,Managed by translation/paraphrase boundary,No long reproduced passage observed,No,Retain bounded source note,Completed; future exact quotation requires renewed review
https://echobuddha.com/articles/right-livelihood-modern-life/,"Page-specific teaching, terminology, practice, or safety context",Buddhist source/context,Original beginner explanation with a bounded further-reading/source note,URL-50,/suttas/SN/SN45_8.html,Canonical text / translation archive,Primary text context or hosted translation,Yes at the identified claim-group level,No material exact quotation identified,Yes / where applicable,Yes,Potentially; qualified,No unsupported historical claim,No,No,Managed by translation/paraphrase boundary,No long reproduced passage observed,No,Retain bounded source note,Completed; future exact quotation requires renewed review
https://echobuddha.com/articles/right-livelihood-modern-life/,"Page-specific teaching, terminology, practice, or safety context",Buddhist source/context,Original beginner explanation with a bounded further-reading/source note,URL-51,/tipitaka/dn/dn.31.0.ksw0.html,Canonical text / translation archive,Primary text context or hosted translation,Yes at the identified claim-group level,No material exact quotation identified,Yes / where applicable,Yes,Potentially; qualified,No unsupported historical claim,No,No,Managed by translation/paraphrase boundary,No long reproduced passage observed,No,Retain bounded source note,Completed; future exact quotation requires renewed review
https://echobuddha.com/articles/right-speech-buddhism/,"Page-specific teaching, terminology, practice, or safety context",Buddhist source/context,Original beginner explanation with a bounded further-reading/source note,URL-52,/sn45.8/en/sujato,Canonical text / translation archive,Primary text context or hosted translation,Yes at the identified claim-group level,No material exact quotation identified,Yes / where applicable,Yes,Potentially; qualified,No unsupported historical claim,No,No,Managed by translation/paraphrase boundary,No long reproduced passage observed,No,Retain bounded source note,Completed; future exact quotation requires renewed review
https://echobuddha.com/articles/right-speech-buddhism/,"Page-specific teaching, terminology, practice, or safety context",Buddhist source/context,Original beginner explanation with a bounded further-reading/source note,URL-53,/ptf/dhamma/sacca/sacca4/samma-vaca/index.html,Canonical text / translation archive,Primary text context or hosted translation,Yes at the identified claim-group level,No material exact quotation identified,Yes / where applicable,Yes,Potentially; qualified,No unsupported historical claim,No,No,Managed by translation/paraphrase boundary,No long reproduced passage observed,No,Retain bounded source note,Completed; future exact quotation requires renewed review
https://echobuddha.com/articles/right-speech-buddhism/,"Page-specific teaching, terminology, practice, or safety context",Buddhist source/context,Original beginner explanation with a bounded further-reading/source note,URL-54,/suttas/SN/SN45_8.html,Canonical text / translation archive,Primary text context or hosted translation,Yes at the identified claim-group level,No material exact quotation identified,Yes / where applicable,Yes,Potentially; qualified,No unsupported historical claim,No,No,Managed by translation/paraphrase boundary,No long reproduced passage observed,No,Retain bounded source note,Completed; future exact quotation requires renewed review
https://echobuddha.com/articles/right-speech-examples/,"Page-specific teaching, terminology, practice, or safety context",Buddhist source/context,Original beginner explanation with a bounded further-reading/source note,URL-55,/ptf/dhamma/sacca/sacca4/samma-vaca/index.html,Canonical text / translation archive,Primary text context or hosted translation,Yes at the identified claim-group level,No material exact quotation identified,Yes / where applicable,Yes,Potentially; qualified,No unsupported historical claim,No,No,Managed by translation/paraphrase boundary,No long reproduced passage observed,No,Retain bounded source note,Completed; future exact quotation requires renewed review
https://echobuddha.com/articles/right-speech-examples/,"Page-specific teaching, terminology, practice, or safety context",Buddhist source/context,Original beginner explanation with a bounded further-reading/source note,URL-56,/suttas/SN/SN45_8.html,Canonical text / translation archive,Primary text context or hosted translation,Yes at the identified claim-group level,No material exact quotation identified,Yes / where applicable,Yes,Potentially; qualified,No unsupported historical claim,No,No,Managed by translation/paraphrase boundary,No long reproduced passage observed,No,Retain bounded source note,Completed; future exact quotation requires renewed review
https://echobuddha.com/articles/three-poisons-buddhism-explained/,"Page-specific teaching, terminology, practice, or safety context",Buddhist source/context,Original beginner explanation with a bounded further-reading/source note,URL-57,/tipitaka/an/an03/an03.069.than.html,Canonical text / translation archive,Primary text context or hosted translation,Yes at the identified claim-group level,No material exact quotation identified,Yes / where applicable,Yes,Potentially; qualified,No unsupported historical claim,No,No,Managed by translation/paraphrase boundary,No long reproduced passage observed,No,Retain bounded source note,Completed; future exact quotation requires renewed review
https://echobuddha.com/articles/visiting-a-buddhist-temple-respectfully/,"Page-specific teaching, terminology, practice, or safety context",Buddhist source/context,Original beginner explanation with a bounded further-reading/source note,URL-58,/tipitaka/kn/dhp/dhp.14.budd.html,Canonical text / translation archive,Primary text context or hosted translation,Yes at the identified claim-group level,No material exact quotation identified,Yes / where applicable,Yes,Potentially; qualified,No unsupported historical claim,No,No,Managed by translation/paraphrase boundary,No long reproduced passage observed,No,Retain bounded source note,Completed; future exact quotation requires renewed review
https://echobuddha.com/articles/visiting-a-buddhist-temple-respectfully/,"Page-specific teaching, terminology, practice, or safety context",Buddhist source/context,Original beginner explanation with a bounded further-reading/source note,URL-59,/suttas/SN/SN45_2.html,Canonical text / translation archive,Primary text context or hosted translation,Yes at the identified claim-group level,No material exact quotation identified,Yes / where applicable,Yes,Potentially; qualified,No unsupported historical claim,No,No,Managed by translation/paraphrase boundary,No long reproduced passage observed,No,Retain bounded source note,Completed; future exact quotation requires renewed review
https://echobuddha.com/articles/visiting-a-buddhist-temple-respectfully/,"Page-specific teaching, terminology, practice, or safety context",Buddhist source/context,Original beginner explanation with a bounded further-reading/source note,URL-60,/visiting/frequently-asked-questions/,Institution/context,No,Yes at the identified claim-group level,No material exact quotation identified,Yes / where applicable,Yes,Potentially; qualified,No unsupported historical claim,No,No,No,No long reproduced passage observed,No,Retain bounded source note,Completed; future exact quotation requires renewed review
https://echobuddha.com/articles/visiting-a-buddhist-temple-respectfully/,"Page-specific teaching, terminology, practice, or safety context",Buddhist source/context,Original beginner explanation with a bounded further-reading/source note,URL-61,/bswp/wp-content/uploads/2022/08/Buddhist-Etiquette-BSWA.pdf,Institution/context,No,Yes at the identified claim-group level,No material exact quotation identified,Yes / where applicable,Yes,Potentially; qualified,No unsupported historical claim,No,No,No,No long reproduced passage observed,No,Retain bounded source note,Completed; future exact quotation requires renewed review
https://echobuddha.com/articles/what-is-buddhism-beginner-guide/,"Page-specific teaching, terminology, practice, or safety context",Buddhist source/context,Original beginner explanation with a bounded further-reading/source note,URL-62,/sn56.11/en/sujato,Canonical text / translation archive,Primary text context or hosted translation,Yes at the identified claim-group level,No material exact quotation identified,Yes / where applicable,Yes,Potentially; qualified,No unsupported historical claim,No,No,Managed by translation/paraphrase boundary,No long reproduced passage observed,No,Retain bounded source note,Completed; future exact quotation requires renewed review
https://echobuddha.com/articles/what-is-buddhism-beginner-guide/,"Page-specific teaching, terminology, practice, or safety context",Buddhist source/context,Original beginner explanation with a bounded further-reading/source note,URL-63,/suttas/SN/SN45_8.html,Canonical text / translation archive,Primary text context or hosted translation,Yes at the identified claim-group level,No material exact quotation identified,Yes / where applicable,Yes,Potentially; qualified,No unsupported historical claim,No,No,Managed by translation/paraphrase boundary,No long reproduced passage observed,No,Retain bounded source note,Completed; future exact quotation requires renewed review
https://echobuddha.com/articles/what-is-karma-in-buddhism/,Intention/kamma definition,Buddhist source/context,Original beginner explanation with a bounded further-reading/source note,URL-64,/an6.63/en/sujato,Canonical text / translation archive,Primary text context or hosted translation,Yes at the identified claim-group level,No material exact quotation identified,Yes / where applicable,Yes,Potentially; qualified,No unsupported historical claim,No,No,Managed by translation/paraphrase boundary,No long reproduced passage observed,Resolved in Phase 6,Retain bounded source note,Completed; future exact quotation requires renewed review
https://echobuddha.com/articles/what-is-sangha-buddhist-community/,"Page-specific teaching, terminology, practice, or safety context",Buddhist source/context,Original beginner explanation with a bounded further-reading/source note,URL-65,/suttas/SN/SN45_2.html,Canonical text / translation archive,Primary text context or hosted translation,Yes at the identified claim-group level,No material exact quotation identified,Yes / where applicable,Yes,Potentially; qualified,No unsupported historical claim,No,No,Managed by translation/paraphrase boundary,No long reproduced passage observed,No,Retain bounded source note,Completed; future exact quotation requires renewed review
https://echobuddha.com/articles/what-is-sangha-buddhist-community/,"Page-specific teaching, terminology, practice, or safety context",Buddhist source/context,Original beginner explanation with a bounded further-reading/source note,URL-66,/tipitaka/kn/dhp/dhp.14.budd.html,Canonical text / translation archive,Primary text context or hosted translation,Yes at the identified claim-group level,No material exact quotation identified,Yes / where applicable,Yes,Potentially; qualified,No unsupported historical claim,No,No,Managed by translation/paraphrase boundary,No long reproduced passage observed,No,Retain bounded source note,Completed; future exact quotation requires renewed review
https://echobuddha.com/learn/buddhism-101/a-simple-daily-buddhist-practice/,"Page-specific teaching, terminology, practice, or safety context",Buddhist source/context,Original beginner explanation with a bounded further-reading/source note,URL-67,/tipitaka/sn/sn45/sn45.008.than.html,Canonical text / translation archive,Primary text context or hosted translation,Yes at the identified claim-group level,No material exact quotation identified,Yes / where applicable,Yes,Potentially; qualified,No unsupported historical claim,No,No,Managed by translation/paraphrase boundary,No long reproduced passage observed,No,Retain bounded source note,Completed; future exact quotation requires renewed review
https://echobuddha.com/learn/buddhism-101/dependent-origination-explained/,"Page-specific teaching, terminology, practice, or safety context",Buddhist source/context,Original beginner explanation with a bounded further-reading/source note,URL-68,/tipitaka/sn/sn12/sn12.002.than.html,Canonical text / translation archive,Primary text context or hosted translation,Yes at the identified claim-group level,No material exact quotation identified,Yes / where applicable,Yes,Potentially; qualified,No unsupported historical claim,No,No,Managed by translation/paraphrase boundary,No long reproduced passage observed,No,Retain bounded source note,Completed; future exact quotation requires renewed review
https://echobuddha.com/learn/buddhism-101/five-aggregates-buddhism/,"Page-specific teaching, terminology, practice, or safety context",Buddhist source/context,Original beginner explanation with a bounded further-reading/source note,URL-69,/tipitaka/sn/sn22/sn22.048.than.html,Canonical text / translation archive,Primary text context or hosted translation,Yes at the identified claim-group level,No material exact quotation identified,Yes / where applicable,Yes,Potentially; qualified,No unsupported historical claim,No,No,Managed by translation/paraphrase boundary,No long reproduced passage observed,No,Retain bounded source note,Completed; future exact quotation requires renewed review
https://echobuddha.com/learn/buddhism-101/five-hindrances-in-buddhism/,"Page-specific teaching, terminology, practice, or safety context",Buddhist source/context,Original beginner explanation with a bounded further-reading/source note,URL-70,/lib/authors/nyanaponika/wheel026.html,Canonical text / translation archive,Primary text context or hosted translation,Yes at the identified claim-group level,No material exact quotation identified,Yes / where applicable,Yes,Potentially; qualified,No unsupported historical claim,No,No,Managed by translation/paraphrase boundary,No long reproduced passage observed,No,Retain bounded source note,Completed; future exact quotation requires renewed review
https://echobuddha.com/learn/buddhism-101/five-precepts-buddhism/,"Page-specific teaching, terminology, practice, or safety context",Buddhist source/context,Original beginner explanation with a bounded further-reading/source note,URL-71,/ptf/dhamma/sila/pancasila.html,Canonical text / translation archive,Primary text context or hosted translation,Yes at the identified claim-group level,No material exact quotation identified,Yes / where applicable,Yes,Potentially; qualified,No unsupported historical claim,No,No,Managed by translation/paraphrase boundary,No long reproduced passage observed,No,Retain bounded source note,Completed; future exact quotation requires renewed review
https://echobuddha.com/learn/buddhism-101/four-brahmaviharas/,"Page-specific teaching, terminology, practice, or safety context",Buddhist source/context,Original beginner explanation with a bounded further-reading/source note,URL-72,/lib/authors/nyanaponika/wheel006.html,Canonical text / translation archive,Primary text context or hosted translation,Yes at the identified claim-group level,No material exact quotation identified,Yes / where applicable,Yes,Potentially; qualified,No unsupported historical claim,No,No,Managed by translation/paraphrase boundary,No long reproduced passage observed,No,Retain bounded source note,Completed; future exact quotation requires renewed review
https://echobuddha.com/learn/buddhism-101/four-brahmaviharas/,"Page-specific teaching, terminology, practice, or safety context",Buddhist source/context,Original beginner explanation with a bounded further-reading/source note,URL-73,/tipitaka/kn/snp/snp.1.08.than.html,Canonical text / translation archive,Primary text context or hosted translation,Yes at the identified claim-group level,No material exact quotation identified,Yes / where applicable,Yes,Potentially; qualified,No unsupported historical claim,No,No,Managed by translation/paraphrase boundary,No long reproduced passage observed,No,Retain bounded source note,Completed; future exact quotation requires renewed review
https://echobuddha.com/learn/buddhism-101/how-to-practice-buddhism-at-home/,"Page-specific teaching, terminology, practice, or safety context",Buddhist source/context,Original beginner explanation with a bounded further-reading/source note,URL-74,/ptf/dhamma/sila/pancasila.html,Canonical text / translation archive,Primary text context or hosted translation,Yes at the identified claim-group level,No material exact quotation identified,Yes / where applicable,Yes,Potentially; qualified,No unsupported historical claim,No,No,Managed by translation/paraphrase boundary,No long reproduced passage observed,No,Retain bounded source note,Completed; future exact quotation requires renewed review
https://echobuddha.com/learn/buddhism-101/,"Page-specific teaching, terminology, practice, or safety context",Buddhist source/context,Original beginner explanation with a bounded further-reading/source note,URL-75,/tipitaka/sn/sn56/sn56.011.than.html,Canonical text / translation archive,Primary text context or hosted translation,Yes at the identified claim-group level,No material exact quotation identified,Yes / where applicable,Yes,Potentially; qualified,No unsupported historical claim,No,No,Managed by translation/paraphrase boundary,No long reproduced passage observed,No,Retain bounded source note,Completed; future exact quotation requires renewed review
https://echobuddha.com/learn/buddhism-101/,"Page-specific teaching, terminology, practice, or safety context",Buddhist source/context,Original beginner explanation with a bounded further-reading/source note,URL-76,/tipitaka/sn/sn45/sn45.008.than.html,Canonical text / translation archive,Primary text context or hosted translation,Yes at the identified claim-group level,No material exact quotation identified,Yes / where applicable,Yes,Potentially; qualified,No unsupported historical claim,No,No,Managed by translation/paraphrase boundary,No long reproduced passage observed,No,Retain bounded source note,Completed; future exact quotation requires renewed review
https://echobuddha.com/learn/buddhism-101/middle-way-explained-for-beginners/,"Page-specific teaching, terminology, practice, or safety context",Buddhist source/context,Original beginner explanation with a bounded further-reading/source note,URL-77,/tipitaka/sn/sn56/sn56.011.than.html,Canonical text / translation archive,Primary text context or hosted translation,Yes at the identified claim-group level,No material exact quotation identified,Yes / where applicable,Yes,Potentially; qualified,No unsupported historical claim,No,No,Managed by translation/paraphrase boundary,No long reproduced passage observed,No,Retain bounded source note,Completed; future exact quotation requires renewed review
https://echobuddha.com/learn/buddhism-101/right-livelihood-buddhism/,"Page-specific teaching, terminology, practice, or safety context",Buddhist source/context,Original beginner explanation with a bounded further-reading/source note,URL-78,/ptf/dhamma/sacca/sacca4/samma-ajivo/index.html,Canonical text / translation archive,Primary text context or hosted translation,Yes at the identified claim-group level,No material exact quotation identified,Yes / where applicable,Yes,Potentially; qualified,No unsupported historical claim,No,No,Managed by translation/paraphrase boundary,No long reproduced passage observed,No,Retain bounded source note,Completed; future exact quotation requires renewed review
https://echobuddha.com/learn/buddhism-101/right-livelihood-buddhism/,"Page-specific teaching, terminology, practice, or safety context",Buddhist source/context,Original beginner explanation with a bounded further-reading/source note,URL-79,/tipitaka/an/an05/an05.177.than.html,Canonical text / translation archive,Primary text context or hosted translation,Yes at the identified claim-group level,No material exact quotation identified,Yes / where applicable,Yes,Potentially; qualified,No unsupported historical claim,No,No,Managed by translation/paraphrase boundary,No long reproduced passage observed,No,Retain bounded source note,Completed; future exact quotation requires renewed review
https://echobuddha.com/learn/buddhism-101/the-four-noble-truths-explained/,"Page-specific teaching, terminology, practice, or safety context",Buddhist source/context,Original beginner explanation with a bounded further-reading/source note,URL-80,/tipitaka/sn/sn56/sn56.011.than.html,Canonical text / translation archive,Primary text context or hosted translation,Yes at the identified claim-group level,No material exact quotation identified,Yes / where applicable,Yes,Potentially; qualified,No unsupported historical claim,No,No,Managed by translation/paraphrase boundary,No long reproduced passage observed,No,Retain bounded source note,Completed; future exact quotation requires renewed review
https://echobuddha.com/learn/buddhism-101/the-noble-eightfold-path-explained/,"Page-specific teaching, terminology, practice, or safety context",Buddhist source/context,Original beginner explanation with a bounded further-reading/source note,URL-81,/tipitaka/sn/sn45/sn45.008.than.html,Canonical text / translation archive,Primary text context or hosted translation,Yes at the identified claim-group level,No material exact quotation identified,Yes / where applicable,Yes,Potentially; qualified,No unsupported historical claim,No,No,Managed by translation/paraphrase boundary,No long reproduced passage observed,No,Retain bounded source note,Completed; future exact quotation requires renewed review
https://echobuddha.com/learn/buddhism-101/the-three-jewels-explained/,"Page-specific teaching, terminology, practice, or safety context",Buddhist source/context,Original beginner explanation with a bounded further-reading/source note,URL-82,/tipitaka/kn/dhp/dhp.14.budd.html,Canonical text / translation archive,Primary text context or hosted translation,Yes at the identified claim-group level,No material exact quotation identified,Yes / where applicable,Yes,Potentially; qualified,No unsupported historical claim,No,No,Managed by translation/paraphrase boundary,No long reproduced passage observed,No,Retain bounded source note,Completed; future exact quotation requires renewed review
https://echobuddha.com/learn/buddhism-101/three-marks-of-existence/,"Page-specific teaching, terminology, practice, or safety context",Buddhist source/context,Original beginner explanation with a bounded further-reading/source note,URL-83,/tipitaka/sn/sn22/sn22.059.than.html,Canonical text / translation archive,Primary text context or hosted translation,Yes at the identified claim-group level,No material exact quotation identified,Yes / where applicable,Yes,Potentially; qualified,No unsupported historical claim,No,No,Managed by translation/paraphrase boundary,No long reproduced passage observed,No,Retain bounded source note,Completed; future exact quotation requires renewed review
https://echobuddha.com/learn/buddhism-101/three-marks-of-existence/,"Page-specific teaching, terminology, practice, or safety context",Buddhist source/context,Original beginner explanation with a bounded further-reading/source note,URL-84,/tipitaka/kn/dhp/dhp.20.budd.html,Canonical text / translation archive,Primary text context or hosted translation,Yes at the identified claim-group level,No material exact quotation identified,Yes / where applicable,Yes,Potentially; qualified,No unsupported historical claim,No,No,Managed by translation/paraphrase boundary,No long reproduced passage observed,No,Retain bounded source note,Completed; future exact quotation requires renewed review
https://echobuddha.com/learn/buddhism-101/threefold-training-sila-samadhi-panna/,"Page-specific teaching, terminology, practice, or safety context",Buddhist source/context,Original beginner explanation with a bounded further-reading/source note,URL-85,/tipitaka/sn/sn45/sn45.008.than.html,Canonical text / translation archive,Primary text context or hosted translation,Yes at the identified claim-group level,No material exact quotation identified,Yes / where applicable,Yes,Potentially; qualified,No unsupported historical claim,No,No,Managed by translation/paraphrase boundary,No long reproduced passage observed,No,Retain bounded source note,Completed; future exact quotation requires renewed review
https://echobuddha.com/learn/buddhism-101/threefold-training-sila-samadhi-panna/,"Page-specific teaching, terminology, practice, or safety context",Buddhist source/context,Original beginner explanation with a bounded further-reading/source note,URL-86,/lib/authors/nyanasatta/wheel019.html,Canonical text / translation archive,Primary text context or hosted translation,Yes at the identified claim-group level,No material exact quotation identified,Yes / where applicable,Yes,Potentially; qualified,No unsupported historical claim,No,No,Managed by translation/paraphrase boundary,No long reproduced passage observed,No,Retain bounded source note,Completed; future exact quotation requires renewed review
https://echobuddha.com/learn/buddhism-101/what-is-buddhism/,"Page-specific teaching, terminology, practice, or safety context",Buddhist source/context,Original beginner explanation with a bounded further-reading/source note,URL-87,/sn56.11/en/sujato,Canonical text / translation archive,Primary text context or hosted translation,Yes at the identified claim-group level,No material exact quotation identified,Yes / where applicable,Yes,Potentially; qualified,No unsupported historical claim,No,No,Managed by translation/paraphrase boundary,No long reproduced passage observed,No,Retain bounded source note,Completed; future exact quotation requires renewed review
https://echobuddha.com/learn/buddhism-101/what-is-buddhism/,"Page-specific teaching, terminology, practice, or safety context",Buddhist source/context,Original beginner explanation with a bounded further-reading/source note,URL-88,/sn45.8/en/sujato,Canonical text / translation archive,Primary text context or hosted translation,Yes at the identified claim-group level,No material exact quotation identified,Yes / where applicable,Yes,Potentially; qualified,No unsupported historical claim,No,No,Managed by translation/paraphrase boundary,No long reproduced passage observed,No,Retain bounded source note,Completed; future exact quotation requires renewed review
https://echobuddha.com/learn/buddhism-101/what-is-impermanence/,"Page-specific teaching, terminology, practice, or safety context",Buddhist source/context,Original beginner explanation with a bounded further-reading/source note,URL-89,/dhp273-289/en/sujato,Canonical text / translation archive,Primary text context or hosted translation,Yes at the identified claim-group level,No material exact quotation identified,Yes / where applicable,Yes,Potentially; qualified,No unsupported historical claim,No,No,Managed by translation/paraphrase boundary,No long reproduced passage observed,No,Retain bounded source note,Completed; future exact quotation requires renewed review
https://echobuddha.com/learn/buddhism-101/what-is-karma-in-buddhism/,Intention/kamma definition,Buddhist source/context,Original beginner explanation with a bounded further-reading/source note,URL-90,/an6.63/en/sujato,Canonical text / translation archive,Primary text context or hosted translation,Yes at the identified claim-group level,No material exact quotation identified,Yes / where applicable,Yes,Potentially; qualified,No unsupported historical claim,No,No,Managed by translation/paraphrase boundary,No long reproduced passage observed,Resolved in Phase 6,Retain bounded source note,Completed; future exact quotation requires renewed review
https://echobuddha.com/learn/buddhism-101/what-is-mindfulness/,"Page-specific teaching, terminology, practice, or safety context",Buddhist source/context,Original beginner explanation with a bounded further-reading/source note,URL-91,/tipitaka/dn/dn.22.0.than.html,Canonical text / translation archive,Primary text context or hosted translation,Yes at the identified claim-group level,No material exact quotation identified,Yes / where applicable,Yes,Potentially; qualified,No unsupported historical claim,No,No,Managed by translation/paraphrase boundary,No long reproduced passage observed,No,Retain bounded source note,Completed; future exact quotation requires renewed review
https://echobuddha.com/learn/buddhism-101/who-was-the-buddha/,"Page-specific teaching, terminology, practice, or safety context",Buddhist source/context,Original beginner explanation with a bounded further-reading/source note,URL-92,/tipitaka/sn/sn56/sn56.011.than.html,Canonical text / translation archive,Primary text context or hosted translation,Yes at the identified claim-group level,No material exact quotation identified,Yes / where applicable,Yes,Potentially; qualified,No unsupported historical claim,No,No,Managed by translation/paraphrase boundary,No long reproduced passage observed,No,Retain bounded source note,Completed; future exact quotation requires renewed review
https://echobuddha.com/learn/buddhism-for-beginners/,"Page-specific teaching, terminology, practice, or safety context",Buddhist source/context,Original beginner explanation with a bounded further-reading/source note,URL-93,/sn56.11/en/sujato,Canonical text / translation archive,Primary text context or hosted translation,Yes at the identified claim-group level,No material exact quotation identified,Yes / where applicable,Yes,Potentially; qualified,No unsupported historical claim,No,No,Managed by translation/paraphrase boundary,No long reproduced passage observed,No,Retain bounded source note,Completed; future exact quotation requires renewed review
https://echobuddha.com/learn/buddhism-for-beginners/,"Page-specific teaching, terminology, practice, or safety context",Buddhist source/context,Original beginner explanation with a bounded further-reading/source note,URL-94,/sn45.8/en/sujato,Canonical text / translation archive,Primary text context or hosted translation,Yes at the identified claim-group level,No material exact quotation identified,Yes / where applicable,Yes,Potentially; qualified,No unsupported historical claim,No,No,Managed by translation/paraphrase boundary,No long reproduced passage observed,No,Retain bounded source note,Completed; future exact quotation requires renewed review
https://echobuddha.com/learn/buddhist-dictionary/anatta/,"Page-specific teaching, terminology, practice, or safety context",Buddhist source/context,Original beginner explanation with a bounded further-reading/source note,URL-95,/tipitaka/sn/sn22/sn22.059.than.html,Canonical text / translation archive,Primary text context or hosted translation,Yes at the identified claim-group level,No material exact quotation identified,Yes / where applicable,Yes,Potentially; qualified,No unsupported historical claim,Simplified terminology,No,Managed by translation/paraphrase boundary,No long reproduced passage observed,No,Retain bounded source note,Completed; future exact quotation requires renewed review
https://echobuddha.com/learn/buddhist-dictionary/anicca/,"Page-specific teaching, terminology, practice, or safety context",Buddhist source/context,Original beginner explanation with a bounded further-reading/source note,URL-96,/tipitaka/kn/dhp/dhp.20.budd.html,Canonical text / translation archive,Primary text context or hosted translation,Yes at the identified claim-group level,No material exact quotation identified,Yes / where applicable,Yes,Potentially; qualified,No unsupported historical claim,Simplified terminology,No,Managed by translation/paraphrase boundary,No long reproduced passage observed,No,Retain bounded source note,Completed; future exact quotation requires renewed review
https://echobuddha.com/learn/buddhist-dictionary/compassion/,"Page-specific teaching, terminology, practice, or safety context",Buddhist source/context,Original beginner explanation with a bounded further-reading/source note,URL-97,/tipitaka/kn/snp/snp.1.08.than.html,Canonical text / translation archive,Primary text context or hosted translation,Yes at the identified claim-group level,No material exact quotation identified,Yes / where applicable,Yes,Potentially; qualified,No unsupported historical claim,Simplified terminology,No,Managed by translation/paraphrase boundary,No long reproduced passage observed,No,Retain bounded source note,Completed; future exact quotation requires renewed review
https://echobuddha.com/learn/buddhist-dictionary/dhamma/,"Page-specific teaching, terminology, practice, or safety context",Buddhist source/context,Original beginner explanation with a bounded further-reading/source note,URL-98,/tipitaka/kn/dhp/dhp.14.budd.html,Canonical text / translation archive,Primary text context or hosted translation,Yes at the identified claim-group level,No material exact quotation identified,Yes / where applicable,Yes,Potentially; qualified,No unsupported historical claim,Simplified terminology,No,Managed by translation/paraphrase boundary,No long reproduced passage observed,No,Retain bounded source note,Completed; future exact quotation requires renewed review
https://echobuddha.com/learn/buddhist-dictionary/dhamma/,"Page-specific teaching, terminology, practice, or safety context",Buddhist source/context,Original beginner explanation with a bounded further-reading/source note,URL-99,/tipitaka/sn/sn45/sn45.008.than.html,Canonical text / translation archive,Primary text context or hosted translation,Yes at the identified claim-group level,No material exact quotation identified,Yes / where applicable,Yes,Potentially; qualified,No unsupported historical claim,Simplified terminology,No,Managed by translation/paraphrase boundary,No long reproduced passage observed,No,Retain bounded source note,Completed; future exact quotation requires renewed review
https://echobuddha.com/learn/buddhist-dictionary/dukkha/,"Page-specific teaching, terminology, practice, or safety context",Buddhist source/context,Original beginner explanation with a bounded further-reading/source note,URL-100,/tipitaka/sn/sn56/sn56.011.than.html,Canonical text / translation archive,Primary text context or hosted translation,Yes at the identified claim-group level,No material exact quotation identified,Yes / where applicable,Yes,Potentially; qualified,No unsupported historical claim,Simplified terminology,No,Managed by translation/paraphrase boundary,No long reproduced passage observed,No,Retain bounded source note,Completed; future exact quotation requires renewed review
https://echobuddha.com/learn/buddhist-dictionary/,"Page-specific teaching, terminology, practice, or safety context",Buddhist source/context,Original beginner explanation with a bounded further-reading/source note,URL-101,/glossary.html,Canonical text / translation archive,Primary text context or hosted translation,Yes at the identified claim-group level,No material exact quotation identified,Yes / where applicable,Yes,Potentially; qualified,No unsupported historical claim,Simplified terminology,No,Managed by translation/paraphrase boundary,No long reproduced passage observed,No,Retain bounded source note,Completed; future exact quotation requires renewed review
https://echobuddha.com/learn/buddhist-dictionary/,"Page-specific teaching, terminology, practice, or safety context",Buddhist source/context,Original beginner explanation with a bounded further-reading/source note,URL-102,/tipitaka/kn/dhp/dhp.20.budd.html,Canonical text / translation archive,Primary text context or hosted translation,Yes at the identified claim-group level,No material exact quotation identified,Yes / where applicable,Yes,Potentially; qualified,No unsupported historical claim,Simplified terminology,No,Managed by translation/paraphrase boundary,No long reproduced passage observed,No,Retain bounded source note,Completed; future exact quotation requires renewed review
https://echobuddha.com/learn/buddhist-dictionary/karma/,Intention/kamma definition,Buddhist source/context,Original beginner explanation with a bounded further-reading/source note,URL-103,/an6.63/en/sujato,Canonical text / translation archive,Primary text context or hosted translation,Yes at the identified claim-group level,No material exact quotation identified,Yes / where applicable,Yes,Potentially; qualified,No unsupported historical claim,Simplified terminology,No,Managed by translation/paraphrase boundary,No long reproduced passage observed,Resolved in Phase 6,Retain bounded source note,Completed; future exact quotation requires renewed review
https://echobuddha.com/learn/buddhist-dictionary/karuna/,"Page-specific teaching, terminology, practice, or safety context",Buddhist source/context,Original beginner explanation with a bounded further-reading/source note,URL-104,/tipitaka/kn/dhp/dhp.01.budd.html,Canonical text / translation archive,Primary text context or hosted translation,Yes at the identified claim-group level,No material exact quotation identified,Yes / where applicable,Yes,Potentially; qualified,No unsupported historical claim,Simplified terminology,No,Managed by translation/paraphrase boundary,No long reproduced passage observed,No,Retain bounded source note,Completed; future exact quotation requires renewed review
https://echobuddha.com/learn/buddhist-dictionary/metta/,"Page-specific teaching, terminology, practice, or safety context",Buddhist source/context,Original beginner explanation with a bounded further-reading/source note,URL-105,/snp1.8/en/sujato,Canonical text / translation archive,Primary text context or hosted translation,Yes at the identified claim-group level,No material exact quotation identified,Yes / where applicable,Yes,Potentially; qualified,No unsupported historical claim,Simplified terminology,No,Managed by translation/paraphrase boundary,No long reproduced passage observed,No,Retain bounded source note,Completed; future exact quotation requires renewed review
https://echobuddha.com/learn/buddhist-dictionary/mindfulness/,"Page-specific teaching, terminology, practice, or safety context",Buddhist source/context,Original beginner explanation with a bounded further-reading/source note,URL-106,/tipitaka/dn/dn.22.0.than.html,Canonical text / translation archive,Primary text context or hosted translation,Yes at the identified claim-group level,No material exact quotation identified,Yes / where applicable,Yes,Potentially; qualified,No unsupported historical claim,Simplified terminology,No,Managed by translation/paraphrase boundary,No long reproduced passage observed,No,Retain bounded source note,Completed; future exact quotation requires renewed review
https://echobuddha.com/learn/buddhist-dictionary/nirvana/,"Page-specific teaching, terminology, practice, or safety context",Buddhist source/context,Original beginner explanation with a bounded further-reading/source note,URL-107,/tipitaka/sn/sn56/sn56.011.than.html,Canonical text / translation archive,Primary text context or hosted translation,Yes at the identified claim-group level,No material exact quotation identified,Yes / where applicable,Yes,Potentially; qualified,No unsupported historical claim,Simplified terminology,No,Managed by translation/paraphrase boundary,No long reproduced passage observed,No,Retain bounded source note,Completed; future exact quotation requires renewed review
https://echobuddha.com/learn/buddhist-dictionary/pali-canon/,"Page-specific teaching, terminology, practice, or safety context",Buddhist source/context,Original beginner explanation with a bounded further-reading/source note,URL-108,/tipitaka/index.html,Canonical text / translation archive,Primary text context or hosted translation,Yes at the identified claim-group level,No material exact quotation identified,Yes / where applicable,Yes,Potentially; qualified,No unsupported historical claim,Simplified terminology,No,Managed by translation/paraphrase boundary,No long reproduced passage observed,No,Retain bounded source note,Completed; future exact quotation requires renewed review
https://echobuddha.com/learn/buddhist-dictionary/pali-canon/,"Page-specific teaching, terminology, practice, or safety context",Buddhist source/context,Original beginner explanation with a bounded further-reading/source note,URL-109,/tipitaka/sutta.html,Canonical text / translation archive,Primary text context or hosted translation,Yes at the identified claim-group level,No material exact quotation identified,Yes / where applicable,Yes,Potentially; qualified,No unsupported historical claim,Simplified terminology,No,Managed by translation/paraphrase boundary,No long reproduced passage observed,No,Retain bounded source note,Completed; future exact quotation requires renewed review
https://echobuddha.com/learn/buddhist-dictionary/pali-canon/,"Page-specific teaching, terminology, practice, or safety context",Buddhist source/context,Original beginner explanation with a bounded further-reading/source note,URL-110,/tipitaka/vin/,Canonical text / translation archive,Primary text context or hosted translation,Yes at the identified claim-group level,No material exact quotation identified,Yes / where applicable,Yes,Potentially; qualified,No unsupported historical claim,Simplified terminology,No,Managed by translation/paraphrase boundary,No long reproduced passage observed,No,Retain bounded source note,Completed; future exact quotation requires renewed review
https://echobuddha.com/learn/buddhist-dictionary/pali-canon/,"Page-specific teaching, terminology, practice, or safety context",Buddhist source/context,Original beginner explanation with a bounded further-reading/source note,URL-111,/tipitaka/abhi/index.html,Canonical text / translation archive,Primary text context or hosted translation,Yes at the identified claim-group level,No material exact quotation identified,Yes / where applicable,Yes,Potentially; qualified,No unsupported historical claim,Simplified terminology,No,Managed by translation/paraphrase boundary,No long reproduced passage observed,No,Retain bounded source note,Completed; future exact quotation requires renewed review
https://echobuddha.com/learn/buddhist-dictionary/sangha/,"Page-specific teaching, terminology, practice, or safety context",Buddhist source/context,Original beginner explanation with a bounded further-reading/source note,URL-112,/tipitaka/kn/dhp/dhp.14.budd.html,Canonical text / translation archive,Primary text context or hosted translation,Yes at the identified claim-group level,No material exact quotation identified,Yes / where applicable,Yes,Potentially; qualified,No unsupported historical claim,Simplified terminology,No,Managed by translation/paraphrase boundary,No long reproduced passage observed,No,Retain bounded source note,Completed; future exact quotation requires renewed review
https://echobuddha.com/learn/buddhist-dictionary/sangha/,"Page-specific teaching, terminology, practice, or safety context",Buddhist source/context,Original beginner explanation with a bounded further-reading/source note,URL-113,/suttas/SN/SN45_2.html,Canonical text / translation archive,Primary text context or hosted translation,Yes at the identified claim-group level,No material exact quotation identified,Yes / where applicable,Yes,Potentially; qualified,No unsupported historical claim,Simplified terminology,No,Managed by translation/paraphrase boundary,No long reproduced passage observed,No,Retain bounded source note,Completed; future exact quotation requires renewed review
https://echobuddha.com/learn/buddhist-dictionary/sati/,"Page-specific teaching, terminology, practice, or safety context",Buddhist source/context,Original beginner explanation with a bounded further-reading/source note,URL-114,/tipitaka/dn/dn.22.0.than.html,Canonical text / translation archive,Primary text context or hosted translation,Yes at the identified claim-group level,No material exact quotation identified,Yes / where applicable,Yes,Potentially; qualified,No unsupported historical claim,Simplified terminology,No,Managed by translation/paraphrase boundary,No long reproduced passage observed,No,Retain bounded source note,Completed; future exact quotation requires renewed review
https://echobuddha.com/learn/buddhist-dictionary/sutta/,"Page-specific teaching, terminology, practice, or safety context",Buddhist source/context,Original beginner explanation with a bounded further-reading/source note,URL-115,/define/sutta,Canonical text / translation archive,Primary text context or hosted translation,Yes at the identified claim-group level,No material exact quotation identified,Yes / where applicable,Yes,Potentially; qualified,No unsupported historical claim,Simplified terminology,No,Managed by translation/paraphrase boundary,No long reproduced passage observed,No,Retain bounded source note,Completed; future exact quotation requires renewed review
https://echobuddha.com/learn/buddhist-dictionary/sutta/,"Page-specific teaching, terminology, practice, or safety context",Buddhist source/context,Original beginner explanation with a bounded further-reading/source note,URL-116,/tipitaka/sutta.html,Canonical text / translation archive,Primary text context or hosted translation,Yes at the identified claim-group level,No material exact quotation identified,Yes / where applicable,Yes,Potentially; qualified,No unsupported historical claim,Simplified terminology,No,Managed by translation/paraphrase boundary,No long reproduced passage observed,No,Retain bounded source note,Completed; future exact quotation requires renewed review
https://echobuddha.com/learn/buddhist-resources/,"Page-specific teaching, terminology, practice, or safety context",Buddhist source/context,Original beginner explanation with a bounded further-reading/source note,URL-117,/,Canonical text / translation archive,Primary text context or hosted translation,Yes at the identified claim-group level,No material exact quotation identified,Yes / where applicable,Yes,Potentially; qualified,No unsupported historical claim,No,No,Managed by translation/paraphrase boundary,No long reproduced passage observed,No,Retain bounded source note,Completed; future exact quotation requires renewed review
https://echobuddha.com/learn/buddhist-resources/,"Page-specific teaching, terminology, practice, or safety context",Buddhist source/context,Original beginner explanation with a bounded further-reading/source note,URL-118,/,Canonical text / translation archive,Primary text context or hosted translation,Yes at the identified claim-group level,No material exact quotation identified,Yes / where applicable,Yes,Potentially; qualified,No unsupported historical claim,No,No,Managed by translation/paraphrase boundary,No long reproduced passage observed,No,Retain bounded source note,Completed; future exact quotation requires renewed review
https://echobuddha.com/learn/buddhist-resources/,"Page-specific teaching, terminology, practice, or safety context",Buddhist source/context,Original beginner explanation with a bounded further-reading/source note,URL-119,/,Institution/context,No,Yes at the identified claim-group level,No material exact quotation identified,Yes / where applicable,Yes,Potentially; qualified,No unsupported historical claim,No,No,No,No long reproduced passage observed,No,Retain bounded source note,Completed; future exact quotation requires renewed review
https://echobuddha.com/learn/buddhist-resources/,"Page-specific teaching, terminology, practice, or safety context",Buddhist source/context,Original beginner explanation with a bounded further-reading/source note,URL-120,/,Institution/context,No,Yes at the identified claim-group level,No material exact quotation identified,Yes / where applicable,Yes,Potentially; qualified,No unsupported historical claim,No,No,No,No long reproduced passage observed,No,Retain bounded source note,Completed; future exact quotation requires renewed review
https://echobuddha.com/learn/buddhist-resources/,"Page-specific teaching, terminology, practice, or safety context",Buddhist source/context,Original beginner explanation with a bounded further-reading/source note,URL-121,/,Institution/context,No,Yes at the identified claim-group level,No material exact quotation identified,Yes / where applicable,Yes,Potentially; qualified,No unsupported historical claim,No,No,No,No long reproduced passage observed,No,Retain bounded source note,Completed; future exact quotation requires renewed review
https://echobuddha.com/learn/buddhist-resources/,"Page-specific teaching, terminology, practice, or safety context",Buddhist source/context,Original beginner explanation with a bounded further-reading/source note,URL-122,/,Institution/context,No,Yes at the identified claim-group level,No material exact quotation identified,Yes / where applicable,Yes,Potentially; qualified,No unsupported historical claim,No,No,No,No long reproduced passage observed,No,Retain bounded source note,Completed; future exact quotation requires renewed review
https://echobuddha.com/learn/dhammapada-reflections/avoid-evil-do-good-purify-the-mind/,Dhammapada passage/source context,Buddhist source/context,Original beginner explanation with a bounded further-reading/source note,URL-123,/tipitaka/kn/dhp/dhp.14.budd.html,Canonical text / translation archive,Primary text context or hosted translation,Yes at the identified claim-group level,No material exact quotation identified,Yes / where applicable,Yes,Potentially; qualified,No unsupported historical claim,No,No,Managed by translation/paraphrase boundary,No long reproduced passage observed,No,Retain bounded source note,Completed; future exact quotation requires renewed review
https://echobuddha.com/learn/dhammapada-reflections/better-than-a-thousand-empty-words/,Dhammapada passage/source context,Buddhist source/context,Original beginner explanation with a bounded further-reading/source note,URL-124,/tipitaka/kn/dhp/dhp.08.budd.html,Canonical text / translation archive,Primary text context or hosted translation,Yes at the identified claim-group level,No material exact quotation identified,Yes / where applicable,Yes,Potentially; qualified,No unsupported historical claim,No,No,Managed by translation/paraphrase boundary,No long reproduced passage observed,No,Retain bounded source note,Completed; future exact quotation requires renewed review
https://echobuddha.com/learn/dhammapada-reflections/hatred-is-not-ended-by-hatred/,Dhammapada passage/source context,Buddhist source/context,Original beginner explanation with a bounded further-reading/source note,URL-125,/tipitaka/kn/dhp/dhp.01.budd.html,Canonical text / translation archive,Primary text context or hosted translation,Yes at the identified claim-group level,No material exact quotation identified,Yes / where applicable,Yes,Potentially; qualified,No unsupported historical claim,No,No,Managed by translation/paraphrase boundary,No long reproduced passage observed,No,Retain bounded source note,Completed; future exact quotation requires renewed review
https://echobuddha.com/learn/dhammapada-reflections/,Dhammapada passage/source context,Buddhist source/context,Original beginner explanation with a bounded further-reading/source note,URL-126,/tipitaka/kn/dhp/dhp.01.budd.html,Canonical text / translation archive,Primary text context or hosted translation,Yes at the identified claim-group level,No material exact quotation identified,Yes / where applicable,Yes,Potentially; qualified,No unsupported historical claim,No,No,Managed by translation/paraphrase boundary,No long reproduced passage observed,No,Retain bounded source note,Completed; future exact quotation requires renewed review
https://echobuddha.com/learn/dhammapada-reflections/,Dhammapada passage/source context,Buddhist source/context,Original beginner explanation with a bounded further-reading/source note,URL-127,/tipitaka/kn/dhp/dhp.14.budd.html,Canonical text / translation archive,Primary text context or hosted translation,Yes at the identified claim-group level,No material exact quotation identified,Yes / where applicable,Yes,Potentially; qualified,No unsupported historical claim,No,No,Managed by translation/paraphrase boundary,No long reproduced passage observed,No,Retain bounded source note,Completed; future exact quotation requires renewed review
https://echobuddha.com/learn/dhammapada-reflections/peace-comes-from-a-trained-mind/,Dhammapada passage/source context,Buddhist source/context,Original beginner explanation with a bounded further-reading/source note,URL-128,/tipitaka/kn/dhp/dhp.03.budd.html,Canonical text / translation archive,Primary text context or hosted translation,Yes at the identified claim-group level,No material exact quotation identified,Yes / where applicable,Yes,Potentially; qualified,No unsupported historical claim,No,No,Managed by translation/paraphrase boundary,No long reproduced passage observed,No,Retain bounded source note,Completed; future exact quotation requires renewed review
https://echobuddha.com/learn/dhammapada-reflections/the-mind-leads-all-things/,Dhammapada passage/source context,Buddhist source/context,Original beginner explanation with a bounded further-reading/source note,URL-129,/tipitaka/kn/dhp/dhp.01.budd.html,Canonical text / translation archive,Primary text context or hosted translation,Yes at the identified claim-group level,No material exact quotation identified,Yes / where applicable,Yes,Potentially; qualified,No unsupported historical claim,No,No,Managed by translation/paraphrase boundary,No long reproduced passage observed,No,Retain bounded source note,Completed; future exact quotation requires renewed review
https://echobuddha.com/learn/eightfold-path/,"Page-specific teaching, terminology, practice, or safety context",Buddhist source/context,Original beginner explanation with a bounded further-reading/source note,URL-130,/sn45.8/en/sujato,Canonical text / translation archive,Primary text context or hosted translation,Yes at the identified claim-group level,No material exact quotation identified,Yes / where applicable,Yes,Potentially; qualified,No unsupported historical claim,No,No,Managed by translation/paraphrase boundary,No long reproduced passage observed,No,Retain bounded source note,Completed; future exact quotation requires renewed review
https://echobuddha.com/learn/eightfold-path/,"Page-specific teaching, terminology, practice, or safety context",Buddhist source/context,Original beginner explanation with a bounded further-reading/source note,URL-131,/ptf/dhamma/sacca/sacca4/samma-ajivo/index.html,Canonical text / translation archive,Primary text context or hosted translation,Yes at the identified claim-group level,No material exact quotation identified,Yes / where applicable,Yes,Potentially; qualified,No unsupported historical claim,No,No,Managed by translation/paraphrase boundary,No long reproduced passage observed,No,Retain bounded source note,Completed; future exact quotation requires renewed review
https://echobuddha.com/learn/four-noble-truths/,"Page-specific teaching, terminology, practice, or safety context",Buddhist source/context,Original beginner explanation with a bounded further-reading/source note,URL-132,/sn56.11/en/sujato,Canonical text / translation archive,Primary text context or hosted translation,Yes at the identified claim-group level,No material exact quotation identified,Yes / where applicable,Yes,Potentially; qualified,No unsupported historical claim,No,No,Managed by translation/paraphrase boundary,No long reproduced passage observed,No,Retain bounded source note,Completed; future exact quotation requires renewed review
https://echobuddha.com/learn/four-noble-truths/,"Page-specific teaching, terminology, practice, or safety context",Buddhist source/context,Original beginner explanation with a bounded further-reading/source note,URL-133,/sn45.8/en/sujato,Canonical text / translation archive,Primary text context or hosted translation,Yes at the identified claim-group level,No material exact quotation identified,Yes / where applicable,Yes,Potentially; qualified,No unsupported historical claim,No,No,Managed by translation/paraphrase boundary,No long reproduced passage observed,No,Retain bounded source note,Completed; future exact quotation requires renewed review
https://echobuddha.com/learn/sutta-for-daily-life/buddhas-teaching-on-patience/,Named discourse/source context,Buddhist source/context,Original beginner explanation with a bounded further-reading/source note,URL-134,/tipitaka/kn/dhp/dhp.14.budd.html,Canonical text / translation archive,Primary text context or hosted translation,Yes at the identified claim-group level,No material exact quotation identified,Yes / where applicable,Yes,Potentially; qualified,No unsupported historical claim,No,No,Managed by translation/paraphrase boundary,No long reproduced passage observed,No,Retain bounded source note,Completed; future exact quotation requires renewed review
https://echobuddha.com/learn/sutta-for-daily-life/dhammacakkappavattana-sutta-four-noble-truths/,Named discourse/source context,Buddhist source/context,Original beginner explanation with a bounded further-reading/source note,URL-135,/sn56.11/en/sujato,Canonical text / translation archive,Primary text context or hosted translation,Yes at the identified claim-group level,No material exact quotation identified,Yes / where applicable,Yes,Potentially; qualified,No unsupported historical claim,No,No,Managed by translation/paraphrase boundary,No long reproduced passage observed,No,Retain bounded source note,Completed; future exact quotation requires renewed review
https://echobuddha.com/learn/sutta-for-daily-life/,Named discourse/source context,Buddhist source/context,Original beginner explanation with a bounded further-reading/source note,URL-136,/tipitaka/kn/snp/snp.1.08.than.html,Canonical text / translation archive,Primary text context or hosted translation,Yes at the identified claim-group level,No material exact quotation identified,Yes / where applicable,Yes,Potentially; qualified,No unsupported historical claim,No,No,Managed by translation/paraphrase boundary,No long reproduced passage observed,No,Retain bounded source note,Completed; future exact quotation requires renewed review
https://echobuddha.com/learn/sutta-for-daily-life/,Named discourse/source context,Buddhist source/context,Original beginner explanation with a bounded further-reading/source note,URL-137,/tipitaka/an/an03/an03.065.than.html,Canonical text / translation archive,Primary text context or hosted translation,Yes at the identified claim-group level,No material exact quotation identified,Yes / where applicable,Yes,Potentially; qualified,No unsupported historical claim,No,No,Managed by translation/paraphrase boundary,No long reproduced passage observed,No,Retain bounded source note,Completed; future exact quotation requires renewed review
https://echobuddha.com/learn/sutta-for-daily-life/kalama-sutta-and-wise-thinking/,Named discourse/source context,Buddhist source/context,Original beginner explanation with a bounded further-reading/source note,URL-138,/tipitaka/an/an03/an03.065.than.html,Canonical text / translation archive,Primary text context or hosted translation,Yes at the identified claim-group level,No material exact quotation identified,Yes / where applicable,Yes,Potentially; qualified,No unsupported historical claim,No,No,Managed by translation/paraphrase boundary,No long reproduced passage observed,No,Retain bounded source note,Completed; future exact quotation requires renewed review
https://echobuddha.com/learn/sutta-for-daily-life/magga-vibhanga-sutta-eightfold-path/,Named discourse/source context,Buddhist source/context,Original beginner explanation with a bounded further-reading/source note,URL-139,/sn45.8/en/sujato,Canonical text / translation archive,Primary text context or hosted translation,Yes at the identified claim-group level,No material exact quotation identified,Yes / where applicable,Yes,Potentially; qualified,No unsupported historical claim,No,No,Managed by translation/paraphrase boundary,No long reproduced passage observed,No,Retain bounded source note,Completed; future exact quotation requires renewed review
https://echobuddha.com/learn/sutta-for-daily-life/metta-sutta-explained-for-daily-life/,Named discourse/source context,Buddhist source/context,Original beginner explanation with a bounded further-reading/source note,URL-140,/snp1.8/en/sujato,Canonical text / translation archive,Primary text context or hosted translation,Yes at the identified claim-group level,No material exact quotation identified,Yes / where applicable,Yes,Potentially; qualified,No unsupported historical claim,No,No,Managed by translation/paraphrase boundary,No long reproduced passage observed,No,Retain bounded source note,Completed; future exact quotation requires renewed review
https://echobuddha.com/learn/sutta-for-daily-life/mindfulness-of-breathing-explained-simply/,Named discourse/source context,Buddhist source/context,Original beginner explanation with a bounded further-reading/source note,URL-141,/tipitaka/mn/mn.118.than.html,Canonical text / translation archive,Primary text context or hosted translation,Yes at the identified claim-group level,No material exact quotation identified,Yes / where applicable,Yes,Potentially; qualified,No unsupported historical claim,No,No,Managed by translation/paraphrase boundary,No long reproduced passage observed,No,Retain bounded source note,Completed; future exact quotation requires renewed review
https://echobuddha.com/learn/sutta-for-daily-life/right-speech-in-daily-life/,Named discourse/source context,Buddhist source/context,Original beginner explanation with a bounded further-reading/source note,URL-142,/ptf/dhamma/sacca/sacca4/samma-vaca/index.html,Canonical text / translation archive,Primary text context or hosted translation,Yes at the identified claim-group level,No material exact quotation identified,Yes / where applicable,Yes,Potentially; qualified,No unsupported historical claim,No,No,Managed by translation/paraphrase boundary,No long reproduced passage observed,No,Retain bounded source note,Completed; future exact quotation requires renewed review
https://echobuddha.com/meditation-guide/,"Page-specific teaching, terminology, practice, or safety context",Buddhist source/context,Original beginner explanation with a bounded further-reading/source note,URL-143,/tipitaka/mn/mn.118.than.html,Canonical text / translation archive,Primary text context or hosted translation,Yes at the identified claim-group level,No material exact quotation identified,Yes / where applicable,Yes,Potentially; qualified,No unsupported historical claim,No,No,Managed by translation/paraphrase boundary,No long reproduced passage observed,No,Retain bounded source note,Completed; future exact quotation requires renewed review
https://echobuddha.com/meditation-guide/,"Page-specific teaching, terminology, practice, or safety context",Buddhist source/context,Original beginner explanation with a bounded further-reading/source note,URL-144,/tipitaka/dn/dn.22.0.than.html,Canonical text / translation archive,Primary text context or hosted translation,Yes at the identified claim-group level,No material exact quotation identified,Yes / where applicable,Yes,Potentially; qualified,No unsupported historical claim,No,No,Managed by translation/paraphrase boundary,No long reproduced passage observed,No,Retain bounded source note,Completed; future exact quotation requires renewed review
https://echobuddha.com/meditation-guide/,"Page-specific teaching, terminology, practice, or safety context",Buddhist source/context,Original beginner explanation with a bounded further-reading/source note,URL-145,/tipitaka/kn/snp/snp.1.08.than.html,Canonical text / translation archive,Primary text context or hosted translation,Yes at the identified claim-group level,No material exact quotation identified,Yes / where applicable,Yes,Potentially; qualified,No unsupported historical claim,No,No,Managed by translation/paraphrase boundary,No long reproduced passage observed,No,Retain bounded source note,Completed; future exact quotation requires renewed review
https://echobuddha.com/meditation/10-minute-meditation-practice/,"Page-specific teaching, terminology, practice, or safety context",Buddhist source/context,Original beginner explanation with a bounded further-reading/source note,URL-146,/tipitaka/mn/mn.118.than.html,Canonical text / translation archive,Primary text context or hosted translation,Yes at the identified claim-group level,No material exact quotation identified,Yes / where applicable,Yes,Potentially; qualified,No unsupported historical claim,No,No,Managed by translation/paraphrase boundary,No long reproduced passage observed,No,Retain bounded source note,Completed; future exact quotation requires renewed review
https://echobuddha.com/meditation/10-minute-meditation-practice/,"Page-specific teaching, terminology, practice, or safety context",Wellbeing,Original beginner explanation with a bounded further-reading/source note,URL-147,/health/meditation-and-mindfulness-effectiveness-and-safety,Public health context,No,Yes at the identified claim-group level,No material exact quotation identified,Yes / where applicable,Yes,Potentially; qualified,No unsupported historical claim,No,Yes,No,No long reproduced passage observed,No,Retain bounded source note,Completed; future exact quotation requires renewed review
https://echobuddha.com/meditation/10-minute-meditation-practice/,"Page-specific teaching, terminology, practice, or safety context",Wellbeing,Original beginner explanation with a bounded further-reading/source note,URL-148,/mental-health/self-help/tips-and-support/mindfulness/,Public health context,No,Yes at the identified claim-group level,No material exact quotation identified,Yes / where applicable,Yes,Potentially; qualified,No unsupported historical claim,No,Yes,No,No long reproduced passage observed,No,Retain bounded source note,Completed; future exact quotation requires renewed review
https://echobuddha.com/meditation/5-minute-meditation-practice/,"Page-specific teaching, terminology, practice, or safety context",Buddhist source/context,Original beginner explanation with a bounded further-reading/source note,URL-149,/tipitaka/mn/mn.118.than.html,Canonical text / translation archive,Primary text context or hosted translation,Yes at the identified claim-group level,No material exact quotation identified,Yes / where applicable,Yes,Potentially; qualified,No unsupported historical claim,No,No,Managed by translation/paraphrase boundary,No long reproduced passage observed,No,Retain bounded source note,Completed; future exact quotation requires renewed review
https://echobuddha.com/meditation/breathing-meditation/,"Page-specific teaching, terminology, practice, or safety context",Buddhist source/context,Original beginner explanation with a bounded further-reading/source note,URL-150,/mn118/en/sujato,Canonical text / translation archive,Primary text context or hosted translation,Yes at the identified claim-group level,No material exact quotation identified,Yes / where applicable,Yes,Potentially; qualified,No unsupported historical claim,No,No,Managed by translation/paraphrase boundary,No long reproduced passage observed,No,Retain bounded source note,Completed; future exact quotation requires renewed review
https://echobuddha.com/meditation/breathing-meditation/,"Page-specific teaching, terminology, practice, or safety context",Wellbeing,Original beginner explanation with a bounded further-reading/source note,URL-151,/health/meditation-and-mindfulness-effectiveness-and-safety,Public health context,No,Yes at the identified claim-group level,No material exact quotation identified,Yes / where applicable,Yes,Potentially; qualified,No unsupported historical claim,No,Yes,No,No long reproduced passage observed,No,Retain bounded source note,Completed; future exact quotation requires renewed review
https://echobuddha.com/meditation/,"Page-specific teaching, terminology, practice, or safety context",Buddhist source/context,Original beginner explanation with a bounded further-reading/source note,URL-152,/tipitaka/mn/mn.118.than.html,Canonical text / translation archive,Primary text context or hosted translation,Yes at the identified claim-group level,No material exact quotation identified,Yes / where applicable,Yes,Potentially; qualified,No unsupported historical claim,No,No,Managed by translation/paraphrase boundary,No long reproduced passage observed,No,Retain bounded source note,Completed; future exact quotation requires renewed review
https://echobuddha.com/meditation/,"Page-specific teaching, terminology, practice, or safety context",Buddhist source/context,Original beginner explanation with a bounded further-reading/source note,URL-153,/tipitaka/dn/dn.22.0.than.html,Canonical text / translation archive,Primary text context or hosted translation,Yes at the identified claim-group level,No material exact quotation identified,Yes / where applicable,Yes,Potentially; qualified,No unsupported historical claim,No,No,Managed by translation/paraphrase boundary,No long reproduced passage observed,No,Retain bounded source note,Completed; future exact quotation requires renewed review
https://echobuddha.com/meditation/loving-kindness-meditation/,"Page-specific teaching, terminology, practice, or safety context",Buddhist source/context,Original beginner explanation with a bounded further-reading/source note,URL-154,/snp1.8/en/sujato,Canonical text / translation archive,Primary text context or hosted translation,Yes at the identified claim-group level,No material exact quotation identified,Yes / where applicable,Yes,Potentially; qualified,No unsupported historical claim,No,No,Managed by translation/paraphrase boundary,No long reproduced passage observed,No,Retain bounded source note,Completed; future exact quotation requires renewed review
https://echobuddha.com/meditation/loving-kindness-meditation/,"Page-specific teaching, terminology, practice, or safety context",Wellbeing,Original beginner explanation with a bounded further-reading/source note,URL-155,/health/meditation-and-mindfulness-effectiveness-and-safety,Public health context,No,Yes at the identified claim-group level,No material exact quotation identified,Yes / where applicable,Yes,Potentially; qualified,No unsupported historical claim,No,Yes,No,No long reproduced passage observed,No,Retain bounded source note,Completed; future exact quotation requires renewed review
https://echobuddha.com/meditation/meditation-for-beginners/,"Page-specific teaching, terminology, practice, or safety context",Buddhist source/context,Original beginner explanation with a bounded further-reading/source note,URL-156,/tipitaka/mn/mn.118.than.html,Canonical text / translation archive,Primary text context or hosted translation,Yes at the identified claim-group level,No material exact quotation identified,Yes / where applicable,Yes,Potentially; qualified,No unsupported historical claim,No,No,Managed by translation/paraphrase boundary,No long reproduced passage observed,No,Retain bounded source note,Completed; future exact quotation requires renewed review
https://echobuddha.com/meditation/meditation-posture-for-beginners/,"Page-specific teaching, terminology, practice, or safety context",Buddhist source/context,Original beginner explanation with a bounded further-reading/source note,URL-157,/tipitaka/dn/dn.22.0.than.html,Canonical text / translation archive,Primary text context or hosted translation,Yes at the identified claim-group level,No material exact quotation identified,Yes / where applicable,Yes,Potentially; qualified,No unsupported historical claim,No,No,Managed by translation/paraphrase boundary,No long reproduced passage observed,No,Retain bounded source note,Completed; future exact quotation requires renewed review
https://echobuddha.com/meditation/meditation-posture-for-beginners/,"Page-specific teaching, terminology, practice, or safety context",Wellbeing,Original beginner explanation with a bounded further-reading/source note,URL-158,/health/meditation-and-mindfulness-effectiveness-and-safety,Public health context,No,Yes at the identified claim-group level,No material exact quotation identified,Yes / where applicable,Yes,Potentially; qualified,No unsupported historical claim,No,Yes,No,No long reproduced passage observed,No,Retain bounded source note,Completed; future exact quotation requires renewed review
https://echobuddha.com/meditation/mindfulness-in-daily-life/,"Page-specific teaching, terminology, practice, or safety context",Buddhist source/context,Original beginner explanation with a bounded further-reading/source note,URL-159,/tipitaka/dn/dn.22.0.than.html,Canonical text / translation archive,Primary text context or hosted translation,Yes at the identified claim-group level,No material exact quotation identified,Yes / where applicable,Yes,Potentially; qualified,No unsupported historical claim,No,No,Managed by translation/paraphrase boundary,No long reproduced passage observed,No,Retain bounded source note,Completed; future exact quotation requires renewed review
https://echobuddha.com/meditation/walking-meditation/,"Page-specific teaching, terminology, practice, or safety context",Buddhist source/context,Original beginner explanation with a bounded further-reading/source note,URL-160,/an5.29/en/bodhi,Canonical text / translation archive,Primary text context or hosted translation,Yes at the identified claim-group level,No material exact quotation identified,Yes / where applicable,Yes,Potentially; qualified,No unsupported historical claim,No,No,Managed by translation/paraphrase boundary,No long reproduced passage observed,No,Retain bounded source note,Completed; future exact quotation requires renewed review
https://echobuddha.com/meditation/walking-meditation/,"Page-specific teaching, terminology, practice, or safety context",Buddhist source/context,Original beginner explanation with a bounded further-reading/source note,URL-161,/mn10/en/sujato,Canonical text / translation archive,Primary text context or hosted translation,Yes at the identified claim-group level,No material exact quotation identified,Yes / where applicable,Yes,Potentially; qualified,No unsupported historical claim,No,No,Managed by translation/paraphrase boundary,No long reproduced passage observed,No,Retain bounded source note,Completed; future exact quotation requires renewed review
https://echobuddha.com/meditation/when-meditation-feels-hard/,"Page-specific teaching, terminology, practice, or safety context",Buddhist source/context,Original beginner explanation with a bounded further-reading/source note,URL-162,/mn118/en/sujato,Canonical text / translation archive,Primary text context or hosted translation,Yes at the identified claim-group level,No material exact quotation identified,Yes / where applicable,Yes,Potentially; qualified,No unsupported historical claim,No,No,Managed by translation/paraphrase boundary,No long reproduced passage observed,No,Retain bounded source note,Completed; future exact quotation requires renewed review
https://echobuddha.com/meditation/when-meditation-feels-hard/,"Page-specific teaching, terminology, practice, or safety context",Wellbeing,Original beginner explanation with a bounded further-reading/source note,URL-163,/health/meditation-and-mindfulness-effectiveness-and-safety,Public health context,No,Yes at the identified claim-group level,No material exact quotation identified,Yes / where applicable,Yes,Potentially; qualified,No unsupported historical claim,No,Yes,No,No long reproduced passage observed,No,Retain bounded source note,Completed; future exact quotation requires renewed review
https://echobuddha.com/meditation/when-meditation-feels-hard/,"Page-specific teaching, terminology, practice, or safety context",Wellbeing,Original beginner explanation with a bounded further-reading/source note,URL-164,/mental-health/self-help/tips-and-support/mindfulness/,Public health context,No,Yes at the identified claim-group level,No material exact quotation identified,Yes / where applicable,Yes,Potentially; qualified,No unsupported historical claim,No,Yes,No,No long reproduced passage observed,No,Retain bounded source note,Completed; future exact quotation requires renewed review
