URL,Page family,Title,H1,Rendered words,Robots,Indexable,Canonical,In sitemap,HTML SHA-256,Evidence class,Evidence locator
https://echobuddha.com/404.html,error utility,Page Not Found | Echo Buddha,Page Not Found,163,"noindex, follow",No,,No,bd2b931f7c5bf43df4ca8495200b8b7da4262328e2861f37302d9c39ac9e9b12,PRIMARY_REPOSITORY_EVIDENCE,Git commit a1cd457345587670133bfc58af1cafd80d038e6e; isolated reproducible build
https://echobuddha.com/about/,trust/policy,About Echo Buddha | Echo Buddha,About Echo Buddha,483,"index, follow (implicit)",Yes,https://echobuddha.com/about/,Yes,a63af22ce78cdfa2762a33187218138f4ba7547c0c3ec19065998a8d55dc8cbd,PRIMARY_REPOSITORY_EVIDENCE,Git commit a1cd457345587670133bfc58af1cafd80d038e6e; isolated reproducible build
https://echobuddha.com/articles/beginning-a-daily-mindfulness-practice/,articles,Daily Mindfulness Practice for Beginners | Echo Buddha,Beginning a Daily Mindfulness Practice,1533,"index, follow (implicit)",Yes,https://echobuddha.com/articles/beginning-a-daily-mindfulness-practice/,Yes,3df051d962a34ed09c288224d56affbd404c0df83b8edbba59ec571bd5bbafc3,PRIMARY_REPOSITORY_EVIDENCE,Git commit a1cd457345587670133bfc58af1cafd80d038e6e; isolated reproducible build
https://echobuddha.com/articles/buddhism-for-beginners-simple-guide/,articles,Buddhism for Beginners: A Simple Guide | Echo Buddha,Buddhism for Beginners: A Simple Guide to the Path,1825,"index, follow (implicit)",Yes,https://echobuddha.com/articles/buddhism-for-beginners-simple-guide/,Yes,73f1c6bfb3b96b01cfba2196a9f68c4112a281874ea15b9cd1306c95ebc99e3a,PRIMARY_REPOSITORY_EVIDENCE,Git commit a1cd457345587670133bfc58af1cafd80d038e6e; isolated reproducible build
https://echobuddha.com/articles/buddhist-approach-to-anger/,articles,A Buddhist Approach to Anger | Echo Buddha,"A Buddhist Approach to Anger: Pause, Understand, Respond",1614,"index, follow (implicit)",Yes,https://echobuddha.com/articles/buddhist-approach-to-anger/,Yes,5158cf0e49d3e4bab0022f76b2807cfefe41960dcaaf89606c305f4cc8e0c77d,PRIMARY_REPOSITORY_EVIDENCE,Git commit a1cd457345587670133bfc58af1cafd80d038e6e; isolated reproducible build
https://echobuddha.com/articles/buddhist-gratitude-practice/,articles,Buddhist Gratitude Practice Without Forced Positivity | Echo Buddha,Buddhist Gratitude Practice: Appreciating Life Without Clinging,1805,"index, follow (implicit)",Yes,https://echobuddha.com/articles/buddhist-gratitude-practice/,Yes,e681b04d80910c310d8ee36a6aa39941b09595dc64d866ffe63305e7ceca2564,PRIMARY_REPOSITORY_EVIDENCE,Git commit a1cd457345587670133bfc58af1cafd80d038e6e; isolated reproducible build
https://echobuddha.com/articles/buddhist-teachings-on-forgiveness/,articles,Buddhist Teachings on Forgiveness and Letting Go | Echo Buddha,Buddhist Teachings on Forgiveness: Letting Go Without Excusing Harm,1757,"index, follow (implicit)",Yes,https://echobuddha.com/articles/buddhist-teachings-on-forgiveness/,Yes,2ef8ce23e9a473476387a0dafb60a5f11079e252ecd048e0b63a41115ade09e2,PRIMARY_REPOSITORY_EVIDENCE,Git commit a1cd457345587670133bfc58af1cafd80d038e6e; isolated reproducible build
https://echobuddha.com/articles/buddhist-teachings-on-impermanence/,articles,Buddhist Teachings on Impermanence | Echo Buddha,Buddhist Teachings on Impermanence and Change,1665,"index, follow (implicit)",Yes,https://echobuddha.com/articles/buddhist-teachings-on-impermanence/,Yes,7f1e7cfd4e3d2f492fb4702b0cc1841f286439980b3a22e558aed86f72bf88ac,PRIMARY_REPOSITORY_EVIDENCE,Git commit a1cd457345587670133bfc58af1cafd80d038e6e; isolated reproducible build
https://echobuddha.com/articles/buddhist-wisdom-for-overthinking/,articles,Buddhist Wisdom for Overthinking and a Busy Mind | Echo Buddha,Buddhist Wisdom for Overthinking: How to Calm a Busy Mind,1772,"index, follow (implicit)",Yes,https://echobuddha.com/articles/buddhist-wisdom-for-overthinking/,Yes,23a48163015366e688e63fa623618004faf43cb62441e46c2068cff071539a0a,PRIMARY_REPOSITORY_EVIDENCE,Git commit a1cd457345587670133bfc58af1cafd80d038e6e; isolated reproducible build
https://echobuddha.com/articles/category/buddhist-wisdom/,articles,Buddhist Wisdom Articles | Echo Buddha,Buddhist Wisdom Articles,941,"index, follow (implicit)",Yes,https://echobuddha.com/articles/category/buddhist-wisdom/,Yes,500874b83955bf28350345c53326ddeeeabe41f9f8a32fb4267ae82fd7a916e7,PRIMARY_REPOSITORY_EVIDENCE,Git commit a1cd457345587670133bfc58af1cafd80d038e6e; isolated reproducible build
https://echobuddha.com/articles/category/meditation/,articles,Meditation Articles | Echo Buddha,Meditation Articles,538,"index, follow (implicit)",Yes,https://echobuddha.com/articles/category/meditation/,Yes,bbcacc15b13b2f1ab01839dc7fe3a1c30b4f18f423056d396252dd60cea0c7f4,PRIMARY_REPOSITORY_EVIDENCE,Git commit a1cd457345587670133bfc58af1cafd80d038e6e; isolated reproducible build
https://echobuddha.com/articles/category/mindfulness/,articles,Mindfulness Articles | Echo Buddha,Mindfulness Articles,425,"index, follow (implicit)",Yes,https://echobuddha.com/articles/category/mindfulness/,Yes,8c2adae6156a9d046634a93389143a042f9db8e82026060875213c54181cde41,PRIMARY_REPOSITORY_EVIDENCE,Git commit a1cd457345587670133bfc58af1cafd80d038e6e; isolated reproducible build
https://echobuddha.com/articles/category/practice/,articles,Practice Articles | Echo Buddha,Practice Articles,487,"index, follow (implicit)",Yes,https://echobuddha.com/articles/category/practice/,Yes,342004ab11fd71ae28a911bd26b147201b323a585206287521c4b01b9ea01ae7,PRIMARY_REPOSITORY_EVIDENCE,Git commit a1cd457345587670133bfc58af1cafd80d038e6e; isolated reproducible build
https://echobuddha.com/articles/category/reflection/,articles,Reflection Articles | Echo Buddha,Reflection Articles,545,"index, follow (implicit)",Yes,https://echobuddha.com/articles/category/reflection/,Yes,9b44bc4190396f7a0fab5a15e0b259b8950346650676335b695ce4efbbb93434,PRIMARY_REPOSITORY_EVIDENCE,Git commit a1cd457345587670133bfc58af1cafd80d038e6e; isolated reproducible build
https://echobuddha.com/articles/compassion-as-a-daily-discipline/,articles,Compassion as a Daily Buddhist Practice | Echo Buddha,Compassion as a Daily Discipline,1582,"index, follow (implicit)",Yes,https://echobuddha.com/articles/compassion-as-a-daily-discipline/,Yes,3f879387d0d5ff700de786cefa8d82420f9a4e1ac00a5f85365c1de3ec15aa01,PRIMARY_REPOSITORY_EVIDENCE,Git commit a1cd457345587670133bfc58af1cafd80d038e6e; isolated reproducible build
https://echobuddha.com/articles/compassion-in-buddhism-beginner-guide/,articles,Compassion in Buddhism: Beginner Guide and Daily Practice | Echo Buddha,Compassion in Buddhism: A Beginner's Guide,1576,"index, follow (implicit)",Yes,https://echobuddha.com/articles/compassion-in-buddhism-beginner-guide/,Yes,4c636de52db55ce828dce4821967b0fb1b39352d905ebe899fb9404ca5d3ec73,PRIMARY_REPOSITORY_EVIDENCE,Git commit a1cd457345587670133bfc58af1cafd80d038e6e; isolated reproducible build
https://echobuddha.com/articles/compassion-with-boundaries/,articles,Compassion With Boundaries in Buddhist Practice | Echo Buddha,Compassion With Boundaries,991,"index, follow (implicit)",Yes,https://echobuddha.com/articles/compassion-with-boundaries/,Yes,8e6c7a40d6bc8ed3f7698caf337b891bd22485009f53940cc56f20068ce4d3b7,PRIMARY_REPOSITORY_EVIDENCE,Git commit a1cd457345587670133bfc58af1cafd80d038e6e; isolated reproducible build
https://echobuddha.com/articles/creating-a-peaceful-corner-at-home/,articles,Create a Peaceful Meditation Corner | Echo Buddha,Creating a Peaceful Corner at Home,1556,"index, follow (implicit)",Yes,https://echobuddha.com/articles/creating-a-peaceful-corner-at-home/,Yes,92a2fa9cc990e6e0b982df191e613d6229276a6602469b9dee4a733200c5078c,PRIMARY_REPOSITORY_EVIDENCE,Git commit a1cd457345587670133bfc58af1cafd80d038e6e; isolated reproducible build
https://echobuddha.com/articles/dhamma-vs-dharma/,articles,Dhamma vs Dharma: Buddhist Meaning and Spelling | Echo Buddha,Dhamma vs Dharma: What Is the Difference?,1148,"index, follow (implicit)",Yes,https://echobuddha.com/articles/dhamma-vs-dharma/,Yes,def43aace75e2e645e5977df05f1d479f13ad9f3683a0042ebc48ea9f67cd231,PRIMARY_REPOSITORY_EVIDENCE,Git commit a1cd457345587670133bfc58af1cafd80d038e6e; isolated reproducible build
https://echobuddha.com/articles/dhammapada-reflection-trained-mind/,articles,Dhammapada Reflection on a Trained Mind and Peace | Echo Buddha,Dhammapada Reflection: A Trained Mind Brings Peace,1573,"index, follow (implicit)",Yes,https://echobuddha.com/articles/dhammapada-reflection-trained-mind/,Yes,b7677aefb2a32757a70459a3f74600e296fdf28fb3781423ff988aac2c61c9aa,PRIMARY_REPOSITORY_EVIDENCE,Git commit a1cd457345587670133bfc58af1cafd80d038e6e; isolated reproducible build
https://echobuddha.com/articles/dhammapada-reflection-what-we-think/,articles,"Dhammapada What We Think: Translation, Paraphrase, Reflection | Echo Buddha","Dhammapada Reflection: What We Think, We Become",1803,"index, follow (implicit)",Yes,https://echobuddha.com/articles/dhammapada-reflection-what-we-think/,Yes,7e616cb34d2cd1b3bc937e32e0e8872528f77a44861a9557d0a0db339c255ca9,PRIMARY_REPOSITORY_EVIDENCE,Git commit a1cd457345587670133bfc58af1cafd80d038e6e; isolated reproducible build
https://echobuddha.com/articles/dhammapada-verse-1-meaning/,articles,Dhammapada Verse 1 Meaning and Translation Caution | Echo Buddha,Dhammapada Verse 1 Meaning and Translation Caution,1177,"index, follow (implicit)",Yes,https://echobuddha.com/articles/dhammapada-verse-1-meaning/,Yes,ccb7a03b73670a7c63301cb38e9af5ab58088598311692b79a872c90d34e1eed,PRIMARY_REPOSITORY_EVIDENCE,Git commit a1cd457345587670133bfc58af1cafd80d038e6e; isolated reproducible build
https://echobuddha.com/articles/eightfold-path-explained-daily-life/,articles,Eightfold Path in Daily Life | Echo Buddha,The Noble Eightfold Path Explained for Daily Life,1804,"index, follow (implicit)",Yes,https://echobuddha.com/articles/eightfold-path-explained-daily-life/,Yes,5e2e0a3a79e7d286b6bf5894fb7a499e7d67a75041677d512f789e33b6727cb8,PRIMARY_REPOSITORY_EVIDENCE,Git commit a1cd457345587670133bfc58af1cafd80d038e6e; isolated reproducible build
https://echobuddha.com/articles/eightfold-path-explained/,articles,The Noble Eightfold Path Explained for Beginners | Echo Buddha,The Noble Eightfold Path Explained for Beginners,1919,"index, follow (implicit)",Yes,https://echobuddha.com/articles/eightfold-path-explained/,Yes,41627a62fa1c6a73f43d201826fc27331c31e91e4964475c00598df09381eba0,PRIMARY_REPOSITORY_EVIDENCE,Git commit a1cd457345587670133bfc58af1cafd80d038e6e; isolated reproducible build
https://echobuddha.com/articles/equanimity-in-buddhism/,articles,Equanimity in Buddhism: Balanced Care Without Numbness | Echo Buddha,Equanimity in Buddhism: Calm Without Indifference,1923,"index, follow (implicit)",Yes,https://echobuddha.com/articles/equanimity-in-buddhism/,Yes,8d2c4ff006a77fe0503cd5bad802b07092e740c88ba50b9d890a6fbd02bc866d,PRIMARY_REPOSITORY_EVIDENCE,Git commit a1cd457345587670133bfc58af1cafd80d038e6e; isolated reproducible build
https://echobuddha.com/articles/first-week-buddhist-practice/,articles,First Week Buddhist Practice for Beginners | Echo Buddha,First Week Buddhist Practice for Beginners,1173,"index, follow (implicit)",Yes,https://echobuddha.com/articles/first-week-buddhist-practice/,Yes,23848808acf59246dbfe7ef7638085ae7d690b6fcf54e6e5299cdfe18feb4c0e,PRIMARY_REPOSITORY_EVIDENCE,Git commit a1cd457345587670133bfc58af1cafd80d038e6e; isolated reproducible build
https://echobuddha.com/articles/five-precepts-in-daily-life/,articles,Five Precepts in Daily Life: Buddhist Ethics for Beginners | Echo Buddha,The Five Precepts in Daily Life: A Beginner's Guide to Buddhist Ethics,2409,"index, follow (implicit)",Yes,https://echobuddha.com/articles/five-precepts-in-daily-life/,Yes,319cba0335db1ef67d778313610a90b8cd93d431c928a5a512b58393318ac3e9,PRIMARY_REPOSITORY_EVIDENCE,Git commit a1cd457345587670133bfc58af1cafd80d038e6e; isolated reproducible build
https://echobuddha.com/articles/four-noble-truths-explained-simply/,articles,Four Noble Truths Explained Simply for Beginners | Echo Buddha,The Four Noble Truths Explained Simply,1697,"index, follow (implicit)",Yes,https://echobuddha.com/articles/four-noble-truths-explained-simply/,Yes,3f0b7065411fb88c70c6152fd7949721fad447ae8defeb59397a1f9c1ae97291,PRIMARY_REPOSITORY_EVIDENCE,Git commit a1cd457345587670133bfc58af1cafd80d038e6e; isolated reproducible build
https://echobuddha.com/articles/four-noble-truths-explained/,articles,The Four Noble Truths Explained Simply | Echo Buddha,The Four Noble Truths Explained in Simple Everyday Language,1839,"index, follow (implicit)",Yes,https://echobuddha.com/articles/four-noble-truths-explained/,Yes,1b1953bdc1245ad2ed92f9dd50dbea89e1bf1a2814707adf8f2373b56ad29702,PRIMARY_REPOSITORY_EVIDENCE,Git commit a1cd457345587670133bfc58af1cafd80d038e6e; isolated reproducible build
https://echobuddha.com/articles/how-to-let-go-of-attachment-in-buddhism/,articles,How to Let Go of Attachment in Buddhism | Echo Buddha,How to Let Go of Attachment in Buddhism,1880,"index, follow (implicit)",Yes,https://echobuddha.com/articles/how-to-let-go-of-attachment-in-buddhism/,Yes,f2d7426f203103a269c3b132ca8363d285f92662f4df4d6962bfb18d22a3a921,PRIMARY_REPOSITORY_EVIDENCE,Git commit a1cd457345587670133bfc58af1cafd80d038e6e; isolated reproducible build
https://echobuddha.com/articles/how-to-meditate-for-anxiety/,articles,How to Meditate for Anxiety Gently | Echo Buddha,How to Meditate for Anxiety Without Fighting Your Mind,1831,"index, follow (implicit)",Yes,https://echobuddha.com/articles/how-to-meditate-for-anxiety/,Yes,58c702c5be348040e5750951a39e62950dbfbdef190e31401105c8188f50c355,PRIMARY_REPOSITORY_EVIDENCE,Git commit a1cd457345587670133bfc58af1cafd80d038e6e; isolated reproducible build
https://echobuddha.com/articles/how-to-meditate-for-beginners/,articles,How to Meditate for Beginners: Simple Buddhist Guide | Echo Buddha,How to Meditate for Beginners: A Simple Buddhist Guide,1743,"index, follow (implicit)",Yes,https://echobuddha.com/articles/how-to-meditate-for-beginners/,Yes,ce6bd685811489f7f1fa12101622eb9be586c78ffbf808105d7fda7de210e24d,PRIMARY_REPOSITORY_EVIDENCE,Git commit a1cd457345587670133bfc58af1cafd80d038e6e; isolated reproducible build
https://echobuddha.com/articles/how-to-practice-non-attachment/,articles,How to Practice Non-Attachment | Echo Buddha,How to Practice Non-Attachment in Everyday Life,1593,"index, follow (implicit)",Yes,https://echobuddha.com/articles/how-to-practice-non-attachment/,Yes,47e158a9d2ea527935c797fcfe4dbb172c20bf68d1ebdb1577047d59c173cc71,PRIMARY_REPOSITORY_EVIDENCE,Git commit a1cd457345587670133bfc58af1cafd80d038e6e; isolated reproducible build
https://echobuddha.com/articles/impermanence-in-buddhism-letting-go/,articles,Impermanence in Buddhism and How to Let Go Gently | Echo Buddha,Impermanence in Buddhism: Learning to Let Go Gently,1663,"index, follow (implicit)",Yes,https://echobuddha.com/articles/impermanence-in-buddhism-letting-go/,Yes,445f8da08b70f9da0f7577618e33b07e700001865410452ceab1a212c2f9cc72,PRIMARY_REPOSITORY_EVIDENCE,Git commit a1cd457345587670133bfc58af1cafd80d038e6e; isolated reproducible build
https://echobuddha.com/articles/impermanence-in-buddhism/,articles,Impermanence in Buddhism: Accepting Change Peacefully | Echo Buddha,Impermanence in Buddhism: Learning to Accept Change Peacefully,1858,"index, follow (implicit)",Yes,https://echobuddha.com/articles/impermanence-in-buddhism/,Yes,582d6e6e1bad575ba0a71ddd709d65ea10f922d774f523cd84adf2e622679239,PRIMARY_REPOSITORY_EVIDENCE,Git commit a1cd457345587670133bfc58af1cafd80d038e6e; isolated reproducible build
https://echobuddha.com/articles/,articles,Articles and Blog | Echo Buddha,Articles and Blog,1902,"index, follow (implicit)",Yes,https://echobuddha.com/articles/,Yes,247d0845e2e86cb4efd7d06bdb3841ca8d41358df343ed52a80be2fc2835272d,PRIMARY_REPOSITORY_EVIDENCE,Git commit a1cd457345587670133bfc58af1cafd80d038e6e; isolated reproducible build
https://echobuddha.com/articles/letting-go-without-giving-up/,articles,Letting Go Without Giving Up | Echo Buddha,Letting Go Without Giving Up,1610,"index, follow (implicit)",Yes,https://echobuddha.com/articles/letting-go-without-giving-up/,Yes,74c94a973fbc6bf5d515f5d5ff782b474e78e39c46b86b0788a5d0fb01838ef2,PRIMARY_REPOSITORY_EVIDENCE,Git commit a1cd457345587670133bfc58af1cafd80d038e6e; isolated reproducible build
https://echobuddha.com/articles/loving-kindness-meditation-beginners/,articles,Loving-Kindness Meditation for Beginners | Echo Buddha,Loving-Kindness Meditation for Beginners,1778,"index, follow (implicit)",Yes,https://echobuddha.com/articles/loving-kindness-meditation-beginners/,Yes,4038543b729d82471fa931e88881caa8932bea7a49469156708c47c201dfc835,PRIMARY_REPOSITORY_EVIDENCE,Git commit a1cd457345587670133bfc58af1cafd80d038e6e; isolated reproducible build
https://echobuddha.com/articles/loving-kindness-meditation-guide/,articles,Loving-Kindness Meditation Guide for Beginners | Echo Buddha,Loving-Kindness Meditation: A Gentle Practice Guide,1708,"index, follow (implicit)",Yes,https://echobuddha.com/articles/loving-kindness-meditation-guide/,Yes,9ee18c93b37332d873b13adea04411d3ea30cca809f3f421971cc11c41c58ae9,PRIMARY_REPOSITORY_EVIDENCE,Git commit a1cd457345587670133bfc58af1cafd80d038e6e; isolated reproducible build
https://echobuddha.com/articles/metta-meditation-script/,articles,Metta Meditation Script for Loving-Kindness Practice | Echo Buddha,Metta Meditation Script: A Loving-Kindness Practice for Yourself and Others,2037,"index, follow (implicit)",Yes,https://echobuddha.com/articles/metta-meditation-script/,Yes,235999610b03ed8a5e1a18fb351dfa8009bf322259e097736dd572dcdf04ef07,PRIMARY_REPOSITORY_EVIDENCE,Git commit a1cd457345587670133bfc58af1cafd80d038e6e; isolated reproducible build
https://echobuddha.com/articles/mindful-email-and-texting/,articles,Mindful Email and Texting with Buddhist Right Speech | Echo Buddha,Mindful Email and Texting,1119,"index, follow (implicit)",Yes,https://echobuddha.com/articles/mindful-email-and-texting/,Yes,d3dba1a991d902f15ed0cd2e4dd03666078d789301f8c1036f54db8eb759c75e,PRIMARY_REPOSITORY_EVIDENCE,Git commit a1cd457345587670133bfc58af1cafd80d038e6e; isolated reproducible build
https://echobuddha.com/articles/mindful-listening-in-everyday-life/,articles,Mindful Listening in Everyday Life | Echo Buddha,Mindful Listening in Everyday Life,1489,"index, follow (implicit)",Yes,https://echobuddha.com/articles/mindful-listening-in-everyday-life/,Yes,e3f9b2f2934c4091d0a6f8884c3f18b6d661d82a44d1a33e6fe976a78de48a5a,PRIMARY_REPOSITORY_EVIDENCE,Git commit a1cd457345587670133bfc58af1cafd80d038e6e; isolated reproducible build
https://echobuddha.com/articles/mindfulness-for-better-sleep/,articles,Mindfulness for Better Sleep | Echo Buddha,Mindfulness for Better Sleep: A Gentle Evening Practice,1643,"index, follow (implicit)",Yes,https://echobuddha.com/articles/mindfulness-for-better-sleep/,Yes,f0c01192f96f091620e941072200b95159d93bbfe5865f151c7f69647317e873,PRIMARY_REPOSITORY_EVIDENCE,Git commit a1cd457345587670133bfc58af1cafd80d038e6e; isolated reproducible build
https://echobuddha.com/articles/mindfulness-morning-routine/,articles,Mindful Morning Routine for Beginners | Echo Buddha,A Mindful Morning Routine for a Calmer Day,1582,"index, follow (implicit)",Yes,https://echobuddha.com/articles/mindfulness-morning-routine/,Yes,45f59aa411f3f6e1070b2a5cee13d3d96227d9034ec3f00a60a768bfda0bcf17,PRIMARY_REPOSITORY_EVIDENCE,Git commit a1cd457345587670133bfc58af1cafd80d038e6e; isolated reproducible build
https://echobuddha.com/articles/mindfulness-of-breathing-guide/,articles,Mindfulness of Breathing Guide for Calm and Clarity | Echo Buddha,Mindfulness of Breathing: A Step-by-Step Guide,1712,"index, follow (implicit)",Yes,https://echobuddha.com/articles/mindfulness-of-breathing-guide/,Yes,0ecb96ccb668725e757f9097a72387aa5988b6a614ec26cc29a437af8573e45e,PRIMARY_REPOSITORY_EVIDENCE,Git commit a1cd457345587670133bfc58af1cafd80d038e6e; isolated reproducible build
https://echobuddha.com/articles/mindfulness-vs-meditation/,articles,Mindfulness vs Meditation: Simple Beginner Guide | Echo Buddha,Mindfulness vs Meditation: What Is the Difference for Beginners?,1941,"index, follow (implicit)",Yes,https://echobuddha.com/articles/mindfulness-vs-meditation/,Yes,d7984a05507510c1aa0e34d828755ea0f9f16e53ca08270957f8b48256f1a5bd,PRIMARY_REPOSITORY_EVIDENCE,Git commit a1cd457345587670133bfc58af1cafd80d038e6e; isolated reproducible build
https://echobuddha.com/articles/noble-eightfold-path-practical-guide/,articles,Noble Eightfold Path Practical Guide for Daily Life | Echo Buddha,The Noble Eightfold Path: A Practical Guide for Daily Life,1558,"index, follow (implicit)",Yes,https://echobuddha.com/articles/noble-eightfold-path-practical-guide/,Yes,319a0cd76f87eca8cefe7e8804ee7062ff79fe0ab6ce00090e8223c3932362a0,PRIMARY_REPOSITORY_EVIDENCE,Git commit a1cd457345587670133bfc58af1cafd80d038e6e; isolated reproducible build
https://echobuddha.com/articles/non-attachment-in-relationships/,articles,Non-Attachment in Relationships Without Becoming Cold | Echo Buddha,Non-Attachment in Relationships,1140,"index, follow (implicit)",Yes,https://echobuddha.com/articles/non-attachment-in-relationships/,Yes,bc6f4819aeaedbc02b88444cdd07515220c75e23c6e71c36019b14ee18a4aee4,PRIMARY_REPOSITORY_EVIDENCE,Git commit a1cd457345587670133bfc58af1cafd80d038e6e; isolated reproducible build
https://echobuddha.com/articles/right-livelihood-modern-life/,articles,Right Livelihood in Modern Life: Buddhist Work Ethics | Echo Buddha,Right Livelihood in Modern Life: Buddhist Work Ethics Without Perfectionism,2276,"index, follow (implicit)",Yes,https://echobuddha.com/articles/right-livelihood-modern-life/,Yes,1b1b2c44c68e245bc3b933df6220311713a39f253456a9a06004c63dff49e1d4,PRIMARY_REPOSITORY_EVIDENCE,Git commit a1cd457345587670133bfc58af1cafd80d038e6e; isolated reproducible build
https://echobuddha.com/articles/right-speech-buddhism/,articles,"Right Speech in Buddhism: Meaning, Examples, and Practice | Echo Buddha",Right Speech in Buddhism: How to Speak with Kindness and Awareness,1856,"index, follow (implicit)",Yes,https://echobuddha.com/articles/right-speech-buddhism/,Yes,025fd089c12496d8ea4f09ce323aaa424488ae3eb26828ddec14432a9377fbcf,PRIMARY_REPOSITORY_EVIDENCE,Git commit a1cd457345587670133bfc58af1cafd80d038e6e; isolated reproducible build
https://echobuddha.com/articles/right-speech-examples/,articles,Right Speech Examples for Everyday Life | Echo Buddha,Right Speech Examples for Everyday Life,1063,"index, follow (implicit)",Yes,https://echobuddha.com/articles/right-speech-examples/,Yes,38813ec5154c2d71a60d5fee80b1e371c2aec7be7f6342d17f2c3fa72fcdf198,PRIMARY_REPOSITORY_EVIDENCE,Git commit a1cd457345587670133bfc58af1cafd80d038e6e; isolated reproducible build
https://echobuddha.com/articles/three-poisons-buddhism-explained/,articles,"Three Poisons in Buddhism: Greed, Aversion, and Delusion | Echo Buddha","The Three Poisons in Buddhism: Greed, Hatred, and Delusion Explained",2302,"index, follow (implicit)",Yes,https://echobuddha.com/articles/three-poisons-buddhism-explained/,Yes,c8b2e56ba076427fecf300d71eac762c15b4311bb8641e7f5765c270d3839c35,PRIMARY_REPOSITORY_EVIDENCE,Git commit a1cd457345587670133bfc58af1cafd80d038e6e; isolated reproducible build
https://echobuddha.com/articles/three-ways-to-practice-patience/,articles,Three Ways to Practice Patience | Echo Buddha,Three Ways to Practice Patience,1526,"index, follow (implicit)",Yes,https://echobuddha.com/articles/three-ways-to-practice-patience/,Yes,af13c3e319108f34d74c74c47167f92a3dc01bb7b6c1ce4b28951096f920da79,PRIMARY_REPOSITORY_EVIDENCE,Git commit a1cd457345587670133bfc58af1cafd80d038e6e; isolated reproducible build
https://echobuddha.com/articles/visiting-a-buddhist-temple-respectfully/,articles,Visiting a Buddhist Temple Respectfully: Beginner Guide | Echo Buddha,Visiting a Buddhist Temple Respectfully,1166,"index, follow (implicit)",Yes,https://echobuddha.com/articles/visiting-a-buddhist-temple-respectfully/,Yes,85b89cd914ab6265d8a2ce0b5aca79fac7dea310a52bf1b7d091d8a81acbbb5d,PRIMARY_REPOSITORY_EVIDENCE,Git commit a1cd457345587670133bfc58af1cafd80d038e6e; isolated reproducible build
https://echobuddha.com/articles/walking-meditation-step-by-step/,articles,Walking Meditation: Step-by-Step Guide | Echo Buddha,Walking Meditation: A Step-by-Step Beginner's Guide,1581,"index, follow (implicit)",Yes,https://echobuddha.com/articles/walking-meditation-step-by-step/,Yes,05f4dad80b2c685f8e18ac812fdacc6d56b90109324ce2761c1c77e408df2f87,PRIMARY_REPOSITORY_EVIDENCE,Git commit a1cd457345587670133bfc58af1cafd80d038e6e; isolated reproducible build
https://echobuddha.com/articles/what-is-buddhism-beginner-guide/,articles,What Is Buddhism? Beginner Guide to Buddhist Wisdom | Echo Buddha,What Is Buddhism? A Beginner-Friendly Guide,1786,"index, follow (implicit)",Yes,https://echobuddha.com/articles/what-is-buddhism-beginner-guide/,Yes,31072af2b988f634e2eab750c15b36a3b7f433aead5a754883237e738bd64d88,PRIMARY_REPOSITORY_EVIDENCE,Git commit a1cd457345587670133bfc58af1cafd80d038e6e; isolated reproducible build
https://echobuddha.com/articles/what-is-karma-in-buddhism/,articles,How Karma Shapes Daily Choices in Buddhist Practice | Echo Buddha,How Karma Shapes Daily Choices in Buddhist Practice,1836,"index, follow (implicit)",Yes,https://echobuddha.com/articles/what-is-karma-in-buddhism/,Yes,7170958bdeab37a1e9bc0fff91edcbc02eba1bab0e9a7456424001bdfd4fbf2f,PRIMARY_REPOSITORY_EVIDENCE,Git commit a1cd457345587670133bfc58af1cafd80d038e6e; isolated reproducible build
https://echobuddha.com/articles/what-is-sangha-buddhist-community/,articles,What Is Sangha? Buddhist Community for Beginners | Echo Buddha,What Is Sangha? Why Buddhist Community Matters for Beginners,2189,"index, follow (implicit)",Yes,https://echobuddha.com/articles/what-is-sangha-buddhist-community/,Yes,1ab73ecab31d09e81146dccc91092c2833781626afc7a351e6fd0fbfda6f1ec3,PRIMARY_REPOSITORY_EVIDENCE,Git commit a1cd457345587670133bfc58af1cafd80d038e6e; isolated reproducible build
https://echobuddha.com/authors/echo-buddha-editorial/,trust/policy,Echo Buddha Editorial | Echo Buddha,Echo Buddha Editorial,438,"index, follow (implicit)",Yes,https://echobuddha.com/authors/echo-buddha-editorial/,Yes,e9ccbf69725a8d0f916782dbf8960490cd6b2f68261ecc4509912e41a8253c40,PRIMARY_REPOSITORY_EVIDENCE,Git commit a1cd457345587670133bfc58af1cafd80d038e6e; isolated reproducible build
https://echobuddha.com/buddhist-sources-and-citations/,trust/policy,Buddhist Sources and Citations | Echo Buddha,Buddhist Sources and Citations,488,"index, follow (implicit)",Yes,https://echobuddha.com/buddhist-sources-and-citations/,Yes,10c0d486fcb887093f1e798055a83d251cd13f4fdb63c81a83dc1270529644ab,PRIMARY_REPOSITORY_EVIDENCE,Git commit a1cd457345587670133bfc58af1cafd80d038e6e; isolated reproducible build
https://echobuddha.com/contact/,trust/policy,Contact | Echo Buddha,Contact Echo Buddha,265,"index, follow (implicit)",Yes,https://echobuddha.com/contact/,Yes,3073d1e4b9f35558c484a8193c49f2eb466dd60e64f90d0c6a9172a9e34ab75a,PRIMARY_REPOSITORY_EVIDENCE,Git commit a1cd457345587670133bfc58af1cafd80d038e6e; isolated reproducible build
https://echobuddha.com/corrections/,trust/policy,Corrections and Editorial Updates | Echo Buddha,Corrections and Editorial Updates,364,"index, follow (implicit)",Yes,https://echobuddha.com/corrections/,Yes,a02325eff2f8d299228ca933fc37c5377b7f50cebcf9022c70070caa1238b986,PRIMARY_REPOSITORY_EVIDENCE,Git commit a1cd457345587670133bfc58af1cafd80d038e6e; isolated reproducible build
https://echobuddha.com/daily-reflections/anger-as-a-signal/,daily-reflections,Anger Can Become a Signal - Daily Buddhist Reflection | Echo Buddha,Anger Can Become a Signal,494,"index, follow (implicit)",Yes,https://echobuddha.com/daily-reflections/anger-as-a-signal/,Yes,ef580b2e91f2c20c251d16c6569cea637f77d691f8cf1961800607bd52bfa7de,PRIMARY_REPOSITORY_EVIDENCE,Git commit a1cd457345587670133bfc58af1cafd80d038e6e; isolated reproducible build
https://echobuddha.com/daily-reflections/begin-again-without-shame/,daily-reflections,Begin Again Without Shame - Daily Buddhist Reflection | Echo Buddha,Begin Again Without Shame,487,"index, follow (implicit)",Yes,https://echobuddha.com/daily-reflections/begin-again-without-shame/,Yes,5e734a34570ffd823ba9d415ce4ab77d1798d7b31ceea58b0de297670d2ed1fb,PRIMARY_REPOSITORY_EVIDENCE,Git commit a1cd457345587670133bfc58af1cafd80d038e6e; isolated reproducible build
https://echobuddha.com/daily-reflections/compassion-begins-nearby/,daily-reflections,Compassion Begins Nearby - Daily Buddhist Reflection | Echo Buddha,Compassion Begins Nearby,485,"index, follow (implicit)",Yes,https://echobuddha.com/daily-reflections/compassion-begins-nearby/,Yes,416d47295756bff47e1250257d7c6b0757e417547e33f0cfe72a675c68f1c65e,PRIMARY_REPOSITORY_EVIDENCE,Git commit a1cd457345587670133bfc58af1cafd80d038e6e; isolated reproducible build
https://echobuddha.com/daily-reflections/enough-for-this-moment/,daily-reflections,Enough for This Moment - Daily Buddhist Reflection | Echo Buddha,Enough for This Moment,483,"index, follow (implicit)",Yes,https://echobuddha.com/daily-reflections/enough-for-this-moment/,Yes,f8a8cf3b61f3e187983537d3bc8c0d4596fc52f1fae6765819ead66b08772f87,PRIMARY_REPOSITORY_EVIDENCE,Git commit a1cd457345587670133bfc58af1cafd80d038e6e; isolated reproducible build
https://echobuddha.com/daily-reflections/evening-release/,daily-reflections,End the Day by Releasing - Daily Buddhist Reflection | Echo Buddha,End the Day by Releasing,491,"index, follow (implicit)",Yes,https://echobuddha.com/daily-reflections/evening-release/,Yes,2b53becbdff4a8c0c194dfa76e4fe97fb751fe09a81e5519685d2e084065294e,PRIMARY_REPOSITORY_EVIDENCE,Git commit a1cd457345587670133bfc58af1cafd80d038e6e; isolated reproducible build
https://echobuddha.com/daily-reflections/family-patience/,daily-reflections,Patience at Home - Daily Buddhist Reflection | Echo Buddha,Patience at Home,477,"index, follow (implicit)",Yes,https://echobuddha.com/daily-reflections/family-patience/,Yes,9a0b0664d7febd5dd7d522376ca0c4f0397fa3a7eb54637f78b19025ce6a5620,PRIMARY_REPOSITORY_EVIDENCE,Git commit a1cd457345587670133bfc58af1cafd80d038e6e; isolated reproducible build
https://echobuddha.com/daily-reflections/forgiveness-without-approval/,daily-reflections,Forgiveness Is Not Approval - Daily Buddhist Reflection | Echo Buddha,Forgiveness Is Not Approval,479,"index, follow (implicit)",Yes,https://echobuddha.com/daily-reflections/forgiveness-without-approval/,Yes,288e5c8590a81d2f2639f04032d5e9fd654d1bd584b74f95846d1f394d237884,PRIMARY_REPOSITORY_EVIDENCE,Git commit a1cd457345587670133bfc58af1cafd80d038e6e; isolated reproducible build
https://echobuddha.com/daily-reflections/gratitude-for-change/,daily-reflections,Gratitude for Change - Daily Buddhist Reflection | Echo Buddha,Gratitude for Change,468,"index, follow (implicit)",Yes,https://echobuddha.com/daily-reflections/gratitude-for-change/,Yes,352aab026220fb071166eed494d693dac7de07f73cadf15622d2840f64845024,PRIMARY_REPOSITORY_EVIDENCE,Git commit a1cd457345587670133bfc58af1cafd80d038e6e; isolated reproducible build
https://echobuddha.com/daily-reflections/gratitude-notices-enough/,daily-reflections,Gratitude Notices Enough - Daily Buddhist Reflection | Echo Buddha,Gratitude Notices Enough,472,"index, follow (implicit)",Yes,https://echobuddha.com/daily-reflections/gratitude-notices-enough/,Yes,d082d662fa2c4ae8b2882667253d5400309354cb7794c507e0cca2b2b40a04ec,PRIMARY_REPOSITORY_EVIDENCE,Git commit a1cd457345587670133bfc58af1cafd80d038e6e; isolated reproducible build
https://echobuddha.com/daily-reflections/impermanence-softens-clinging/,daily-reflections,Impermanence Softens Clinging - Daily Buddhist Reflection | Echo Buddha,Impermanence Softens Clinging,488,"index, follow (implicit)",Yes,https://echobuddha.com/daily-reflections/impermanence-softens-clinging/,Yes,60f6a3956eebea224da22d0e1b6afb4c8372130dbdcde89621d3280a2f95598d,PRIMARY_REPOSITORY_EVIDENCE,Git commit a1cd457345587670133bfc58af1cafd80d038e6e; isolated reproducible build
https://echobuddha.com/daily-reflections/,daily-reflections,Daily Buddhist Reflections for Mindful Living | Echo Buddha,Daily Buddhist Reflections for Mindful Living,2158,"index, follow (implicit)",Yes,https://echobuddha.com/daily-reflections/,Yes,8f771b2ce626d235a7270fce6c3b053eac1ef50bb6bec1705c1c1f51aca224c6,PRIMARY_REPOSITORY_EVIDENCE,Git commit a1cd457345587670133bfc58af1cafd80d038e6e; isolated reproducible build
https://echobuddha.com/daily-reflections/kindness-with-boundaries/,daily-reflections,Kindness Can Have Boundaries - Daily Buddhist Reflection | Echo Buddha,Kindness Can Have Boundaries,480,"index, follow (implicit)",Yes,https://echobuddha.com/daily-reflections/kindness-with-boundaries/,Yes,dfeaaab2cff3581ceabfbe0712327e4cfa4894834b2e960327b92b2fc22c01a6,PRIMARY_REPOSITORY_EVIDENCE,Git commit a1cd457345587670133bfc58af1cafd80d038e6e; isolated reproducible build
https://echobuddha.com/daily-reflections/let-the-feeling-pass/,daily-reflections,Let the Feeling Pass Through - Daily Buddhist Reflection | Echo Buddha,Let the Feeling Pass Through,508,"index, follow (implicit)",Yes,https://echobuddha.com/daily-reflections/let-the-feeling-pass/,Yes,b500ad24040c91b56d07e9195eb606b3ad4281afa2c1d829bcc018344639f26b,PRIMARY_REPOSITORY_EVIDENCE,Git commit a1cd457345587670133bfc58af1cafd80d038e6e; isolated reproducible build
https://echobuddha.com/daily-reflections/letting-go-keeps-care/,daily-reflections,Letting Go Keeps the Care - Daily Buddhist Reflection | Echo Buddha,Letting Go Keeps the Care,482,"index, follow (implicit)",Yes,https://echobuddha.com/daily-reflections/letting-go-keeps-care/,Yes,a8e2f04426a15494228b6714d1d1e7a4cb42f30e535a9b557e1a712c8f678a90,PRIMARY_REPOSITORY_EVIDENCE,Git commit a1cd457345587670133bfc58af1cafd80d038e6e; isolated reproducible build
https://echobuddha.com/daily-reflections/listen-before-answering/,daily-reflections,Listen Before Answering - Daily Buddhist Reflection | Echo Buddha,Listen Before Answering,478,"index, follow (implicit)",Yes,https://echobuddha.com/daily-reflections/listen-before-answering/,Yes,a4f054a845b10db9efa07141bdc21885678f0bccecc9f9bfd49c2689fb8a165f,PRIMARY_REPOSITORY_EVIDENCE,Git commit a1cd457345587670133bfc58af1cafd80d038e6e; isolated reproducible build
https://echobuddha.com/daily-reflections/metta-for-a-difficult-person/,daily-reflections,Metta Without Pretending - Daily Buddhist Reflection | Echo Buddha,Metta Without Pretending,485,"index, follow (implicit)",Yes,https://echobuddha.com/daily-reflections/metta-for-a-difficult-person/,Yes,b3d18e8a6f53bb8ce0d7ac0e9f9fcf3c356f4d7cc62b100edb655041079e7585,PRIMARY_REPOSITORY_EVIDENCE,Git commit a1cd457345587670133bfc58af1cafd80d038e6e; isolated reproducible build
https://echobuddha.com/daily-reflections/mindful-work/,daily-reflections,Work Can Carry Practice - Daily Buddhist Reflection | Echo Buddha,Work Can Carry Practice,482,"index, follow (implicit)",Yes,https://echobuddha.com/daily-reflections/mindful-work/,Yes,740f05fdc42ca3446802479487dbb4cbd8dd3d0c4a37709834e6d7c16848b40c,PRIMARY_REPOSITORY_EVIDENCE,Git commit a1cd457345587670133bfc58af1cafd80d038e6e; isolated reproducible build
https://echobuddha.com/daily-reflections/morning-intention/,daily-reflections,Begin With Intention - Daily Buddhist Reflection | Echo Buddha,Begin With Intention,474,"index, follow (implicit)",Yes,https://echobuddha.com/daily-reflections/morning-intention/,Yes,41d591393cd199657145fa6aec6ec422613c6bba3f3c0db70ccd65aab7fb9909,PRIMARY_REPOSITORY_EVIDENCE,Git commit a1cd457345587670133bfc58af1cafd80d038e6e; isolated reproducible build
https://echobuddha.com/daily-reflections/notice-before-fixing/,daily-reflections,Notice Before Fixing - Daily Buddhist Reflection | Echo Buddha,Notice Before Fixing,479,"index, follow (implicit)",Yes,https://echobuddha.com/daily-reflections/notice-before-fixing/,Yes,a8d630307151b775b9f75d08e1e42639c554c325d075a441811511642d2c15c7,PRIMARY_REPOSITORY_EVIDENCE,Git commit a1cd457345587670133bfc58af1cafd80d038e6e; isolated reproducible build
https://echobuddha.com/daily-reflections/one-honest-breath/,daily-reflections,Return Through One Honest Breath - Daily Buddhist Reflection | Echo Buddha,Return Through One Honest Breath,499,"index, follow (implicit)",Yes,https://echobuddha.com/daily-reflections/one-honest-breath/,Yes,3f415e7684dad3a9c8694fb9639c7c612a43a8ed177ed1e40664931356b5b82c,PRIMARY_REPOSITORY_EVIDENCE,Git commit a1cd457345587670133bfc58af1cafd80d038e6e; isolated reproducible build
https://echobuddha.com/daily-reflections/one-step-on-the-path/,daily-reflections,The Path Is One Step - Daily Buddhist Reflection | Echo Buddha,The Path Is One Step,495,"index, follow (implicit)",Yes,https://echobuddha.com/daily-reflections/one-step-on-the-path/,Yes,527e57da2be13041bd34cce3164ce1b51be47189cd2619930e369cd93ca18fcb,PRIMARY_REPOSITORY_EVIDENCE,Git commit a1cd457345587670133bfc58af1cafd80d038e6e; isolated reproducible build
https://echobuddha.com/daily-reflections/patience-before-anger-speaks/,daily-reflections,Patience Begins Before Anger Speaks - Daily Buddhist Reflection | Echo Buddha,Patience Begins Before Anger Speaks,521,"index, follow (implicit)",Yes,https://echobuddha.com/daily-reflections/patience-before-anger-speaks/,Yes,7d4efdd4b6d3fd63050907e61380c491291cf8c9cfc9ae01c05acbaebdab73e7,PRIMARY_REPOSITORY_EVIDENCE,Git commit a1cd457345587670133bfc58af1cafd80d038e6e; isolated reproducible build
https://echobuddha.com/daily-reflections/rest-without-escape/,daily-reflections,Rest Without Escape - Daily Buddhist Reflection | Echo Buddha,Rest Without Escape,497,"index, follow (implicit)",Yes,https://echobuddha.com/daily-reflections/rest-without-escape/,Yes,b28129fdd4ebf8f3e8158f060bb13ffa4f90c441867e29ed0f54af5a4db52836,PRIMARY_REPOSITORY_EVIDENCE,Git commit a1cd457345587670133bfc58af1cafd80d038e6e; isolated reproducible build
https://echobuddha.com/daily-reflections/see-the-conditions/,daily-reflections,See the Conditions - Daily Buddhist Reflection | Echo Buddha,See the Conditions,476,"index, follow (implicit)",Yes,https://echobuddha.com/daily-reflections/see-the-conditions/,Yes,122152e6876ed66a65641293af0f65e2e22803f56d42f95eff7bb4ee28086c85,PRIMARY_REPOSITORY_EVIDENCE,Git commit a1cd457345587670133bfc58af1cafd80d038e6e; isolated reproducible build
https://echobuddha.com/daily-reflections/simple-goodwill/,daily-reflections,Simple Goodwill Counts - Daily Buddhist Reflection | Echo Buddha,Simple Goodwill Counts,470,"index, follow (implicit)",Yes,https://echobuddha.com/daily-reflections/simple-goodwill/,Yes,b37d1bd48716a21a0a7554e718e077c164e8fc3da301548ce36004ee52fc9d07,PRIMARY_REPOSITORY_EVIDENCE,Git commit a1cd457345587670133bfc58af1cafd80d038e6e; isolated reproducible build
https://echobuddha.com/daily-reflections/small-actions-shape-the-mind/,daily-reflections,Small Actions Shape the Mind - Daily Buddhist Reflection | Echo Buddha,Small Actions Shape the Mind,487,"index, follow (implicit)",Yes,https://echobuddha.com/daily-reflections/small-actions-shape-the-mind/,Yes,afb75e8628b998774b7f82215d344349ec0ffe7e2671805a33276314da94ede2,PRIMARY_REPOSITORY_EVIDENCE,Git commit a1cd457345587670133bfc58af1cafd80d038e6e; isolated reproducible build
https://echobuddha.com/daily-reflections/soften-the-inner-argument/,daily-reflections,Soften the Inner Argument - Daily Buddhist Reflection | Echo Buddha,Soften the Inner Argument,479,"index, follow (implicit)",Yes,https://echobuddha.com/daily-reflections/soften-the-inner-argument/,Yes,1e5449de90473426d2e0bbcd2f2b84681acddde691a5b0326cc1f42328f63e20,PRIMARY_REPOSITORY_EVIDENCE,Git commit a1cd457345587670133bfc58af1cafd80d038e6e; isolated reproducible build
https://echobuddha.com/daily-reflections/speech-can-reduce-suffering/,daily-reflections,Speech Can Reduce Suffering - Daily Buddhist Reflection | Echo Buddha,Speech Can Reduce Suffering,479,"index, follow (implicit)",Yes,https://echobuddha.com/daily-reflections/speech-can-reduce-suffering/,Yes,03f4ec0075c5dc38843c88a6f0c56aa8dcd8121c0f95fa8392bb73958abb796e,PRIMARY_REPOSITORY_EVIDENCE,Git commit a1cd457345587670133bfc58af1cafd80d038e6e; isolated reproducible build
https://echobuddha.com/daily-reflections/the-first-truth-is-kind/,daily-reflections,The First Truth Is Kind - Daily Buddhist Reflection | Echo Buddha,The First Truth Is Kind,486,"index, follow (implicit)",Yes,https://echobuddha.com/daily-reflections/the-first-truth-is-kind/,Yes,31b71ea36c340b1524a6d24e7971ae172c4995d5ebed0307569f0bc3aed68dce,PRIMARY_REPOSITORY_EVIDENCE,Git commit a1cd457345587670133bfc58af1cafd80d038e6e; isolated reproducible build
https://echobuddha.com/daily-reflections/thoughts-are-visitors/,daily-reflections,Thoughts Are Visitors - Daily Buddhist Reflection | Echo Buddha,Thoughts Are Visitors,495,"index, follow (implicit)",Yes,https://echobuddha.com/daily-reflections/thoughts-are-visitors/,Yes,1c8e1bc0e7eb12a8a1598b4566a359a66325685b88c736f646e61f4d2e5fda66,PRIMARY_REPOSITORY_EVIDENCE,Git commit a1cd457345587670133bfc58af1cafd80d038e6e; isolated reproducible build
https://echobuddha.com/daily-reflections/today/,daily-reflections,Today's Buddhist Reflection Prompt | Echo Buddha,Today's Buddhist Reflection Prompt,2194,"noindex, follow",No,https://echobuddha.com/daily-reflections/today/,No,80dd580ac3d6d3890fba27600eb41908473b86f739b797f83b6d9b0f4b60f689,PRIMARY_REPOSITORY_EVIDENCE,Git commit a1cd457345587670133bfc58af1cafd80d038e6e; isolated reproducible build
https://echobuddha.com/daily-reflections/walking-as-practice/,daily-reflections,Walking Can Be Practice - Daily Buddhist Reflection | Echo Buddha,Walking Can Be Practice,484,"index, follow (implicit)",Yes,https://echobuddha.com/daily-reflections/walking-as-practice/,Yes,2360c58d8a9f0b563d36653c3ef8a2e1b5f65277b97023e264b6e2da6ecfc32d,PRIMARY_REPOSITORY_EVIDENCE,Git commit a1cd457345587670133bfc58af1cafd80d038e6e; isolated reproducible build
https://echobuddha.com/disclaimer/,trust/policy,Disclaimer | Echo Buddha,Disclaimer,391,"index, follow (implicit)",Yes,https://echobuddha.com/disclaimer/,Yes,b9221033b0085f783f61308d12cb136c0e98a3ad616dd97863ee43ce945b7246,PRIMARY_REPOSITORY_EVIDENCE,Git commit a1cd457345587670133bfc58af1cafd80d038e6e; isolated reproducible build
https://echobuddha.com/editorial-policy/,trust/policy,Editorial Policy | Echo Buddha,Editorial Policy,760,"index, follow (implicit)",Yes,https://echobuddha.com/editorial-policy/,Yes,e483b59543840eeb51e052267c3a31ad0389ff084d1a8cab20b17c8fbdae98a3,PRIMARY_REPOSITORY_EVIDENCE,Git commit a1cd457345587670133bfc58af1cafd80d038e6e; isolated reproducible build
https://echobuddha.com/how-echo-buddha-creates-content/,trust/policy,How Echo Buddha Creates Content | Echo Buddha,How Echo Buddha Creates Content,514,"index, follow (implicit)",Yes,https://echobuddha.com/how-echo-buddha-creates-content/,Yes,10dc70a7c776b1804cf4a019f7060dd8e3ad06f40701e0213242447fadd62726,PRIMARY_REPOSITORY_EVIDENCE,Git commit a1cd457345587670133bfc58af1cafd80d038e6e; isolated reproducible build
https://echobuddha.com/,homepage,Echo Buddha - Buddhist Wisdom for a Calmer Everyday Life,Echo Buddha,1261,"index, follow (implicit)",Yes,https://echobuddha.com/,Yes,06e4792c5fb5d704e5d0bc712005b92a68b5607fbddb097c6f2699f6613153e6,PRIMARY_REPOSITORY_EVIDENCE,Git commit a1cd457345587670133bfc58af1cafd80d038e6e; isolated reproducible build
https://echobuddha.com/learn/buddhism-101/a-simple-daily-buddhist-practice/,learn,A Simple Daily Buddhist Practice | Echo Buddha,A Simple Daily Buddhist Practice,501,"index, follow (implicit)",Yes,https://echobuddha.com/learn/buddhism-101/a-simple-daily-buddhist-practice/,Yes,a6c1ab3503e43bcafbf4cc9c4882b289a0925a4194b5f0eb1ecddc211da085c0,PRIMARY_REPOSITORY_EVIDENCE,Git commit a1cd457345587670133bfc58af1cafd80d038e6e; isolated reproducible build
https://echobuddha.com/learn/buddhism-101/dependent-origination-explained/,learn,Dependent Origination in Buddhism Explained for Beginners | Echo Buddha,Dependent Origination Explained,1242,"index, follow (implicit)",Yes,https://echobuddha.com/learn/buddhism-101/dependent-origination-explained/,Yes,189ad35e5ef895ec5a4f5e47c0f987847249510e18e7d60401a521696f5b85bf,PRIMARY_REPOSITORY_EVIDENCE,Git commit a1cd457345587670133bfc58af1cafd80d038e6e; isolated reproducible build
https://echobuddha.com/learn/buddhism-101/five-aggregates-buddhism/,learn,The Five Aggregates in Buddhism Explained Simply | Echo Buddha,The Five Aggregates in Buddhism,1283,"index, follow (implicit)",Yes,https://echobuddha.com/learn/buddhism-101/five-aggregates-buddhism/,Yes,1d721d59a0bb201bad4608cfea9b028c24a3c06cce0e0ddb26af3f2c9664da93,PRIMARY_REPOSITORY_EVIDENCE,Git commit a1cd457345587670133bfc58af1cafd80d038e6e; isolated reproducible build
https://echobuddha.com/learn/buddhism-101/five-hindrances-in-buddhism/,learn,Five Hindrances in Buddhism Explained for Beginners | Echo Buddha,The Five Hindrances in Buddhism,562,"index, follow (implicit)",Yes,https://echobuddha.com/learn/buddhism-101/five-hindrances-in-buddhism/,Yes,6f749620d0c53caa992e9a83bddc2044b001c6bb9b88c419c6f27e779b03684e,PRIMARY_REPOSITORY_EVIDENCE,Git commit a1cd457345587670133bfc58af1cafd80d038e6e; isolated reproducible build
https://echobuddha.com/learn/buddhism-101/five-precepts-buddhism/,learn,The Five Precepts in Buddhism: A Beginner's Guide to Ethical Living | Echo Buddha,The Five Precepts in Buddhism,1582,"index, follow (implicit)",Yes,https://echobuddha.com/learn/buddhism-101/five-precepts-buddhism/,Yes,b6f19e8fa01ceb7ccc5c8d6d3e4219e240c9b69c93aa2c9f9c86fc9a0554addc,PRIMARY_REPOSITORY_EVIDENCE,Git commit a1cd457345587670133bfc58af1cafd80d038e6e; isolated reproducible build
https://echobuddha.com/learn/buddhism-101/four-brahmaviharas/,learn,"The Four Brahmaviharas: Loving-Kindness, Compassion, Joy, and Equanimity | Echo Buddha",The Four Brahmaviharas,565,"index, follow (implicit)",Yes,https://echobuddha.com/learn/buddhism-101/four-brahmaviharas/,Yes,debe2d0a9e13012290a64c4e85f0d19c96c7783b4c858f66ec1c73f66c680653,PRIMARY_REPOSITORY_EVIDENCE,Git commit a1cd457345587670133bfc58af1cafd80d038e6e; isolated reproducible build
https://echobuddha.com/learn/buddhism-101/how-to-practice-buddhism-at-home/,learn,How to Practice Buddhism at Home | Echo Buddha,How to Practice Buddhism at Home,528,"index, follow (implicit)",Yes,https://echobuddha.com/learn/buddhism-101/how-to-practice-buddhism-at-home/,Yes,da7e2a831f01a9d6209431a29b6bd5fefe3cafae6df66f8c88b90223ab035f1e,PRIMARY_REPOSITORY_EVIDENCE,Git commit a1cd457345587670133bfc58af1cafd80d038e6e; isolated reproducible build
https://echobuddha.com/learn/buddhism-101/,learn,Buddhism 101 | Echo Buddha,Buddhism 101,822,"index, follow (implicit)",Yes,https://echobuddha.com/learn/buddhism-101/,Yes,b732f7fad61d6c77c42714d9cbe0557b70e24f3497159300c4c76aadbfda16aa,PRIMARY_REPOSITORY_EVIDENCE,Git commit a1cd457345587670133bfc58af1cafd80d038e6e; isolated reproducible build
https://echobuddha.com/learn/buddhism-101/middle-way-explained-for-beginners/,learn,The Middle Way in Buddhism Explained for Beginners | Echo Buddha,The Middle Way Explained for Beginners,584,"index, follow (implicit)",Yes,https://echobuddha.com/learn/buddhism-101/middle-way-explained-for-beginners/,Yes,2f506d1c637d98f4d34e68cf67e4081d74dd0899d5ce97c97ac1805ca031b9ac,PRIMARY_REPOSITORY_EVIDENCE,Git commit a1cd457345587670133bfc58af1cafd80d038e6e; isolated reproducible build
https://echobuddha.com/learn/buddhism-101/right-livelihood-buddhism/,learn,Right Livelihood in Buddhism: A Beginner's Guide to Ethical Work | Echo Buddha,Right Livelihood in Buddhism,1444,"index, follow (implicit)",Yes,https://echobuddha.com/learn/buddhism-101/right-livelihood-buddhism/,Yes,d8d688133b5255ad455f0996db88c5935e4b6d136703d648b70f23dbef930e9f,PRIMARY_REPOSITORY_EVIDENCE,Git commit a1cd457345587670133bfc58af1cafd80d038e6e; isolated reproducible build
https://echobuddha.com/learn/buddhism-101/the-four-noble-truths-explained/,learn,The Four Noble Truths Explained | Echo Buddha,The Four Noble Truths Explained,580,"index, follow (implicit)",Yes,https://echobuddha.com/learn/buddhism-101/the-four-noble-truths-explained/,Yes,c20cd9ae7075937490d3e7e0a7f1a379b552b93f20ccaa8bc38b287a1392b17e,PRIMARY_REPOSITORY_EVIDENCE,Git commit a1cd457345587670133bfc58af1cafd80d038e6e; isolated reproducible build
https://echobuddha.com/learn/buddhism-101/the-noble-eightfold-path-explained/,learn,The Noble Eightfold Path Explained | Echo Buddha,The Noble Eightfold Path Explained,595,"index, follow (implicit)",Yes,https://echobuddha.com/learn/buddhism-101/the-noble-eightfold-path-explained/,Yes,c354d70da4f5dc338029026ec15d04d07c0971430a5d416986197995e12ca18a,PRIMARY_REPOSITORY_EVIDENCE,Git commit a1cd457345587670133bfc58af1cafd80d038e6e; isolated reproducible build
https://echobuddha.com/learn/buddhism-101/the-three-jewels-explained/,learn,The Three Jewels Explained | Echo Buddha,The Three Jewels Explained,554,"index, follow (implicit)",Yes,https://echobuddha.com/learn/buddhism-101/the-three-jewels-explained/,Yes,b9c8c665747e7b52cbfc4b516911bd1985440e9cbc2e54b6326eb386e218cffa,PRIMARY_REPOSITORY_EVIDENCE,Git commit a1cd457345587670133bfc58af1cafd80d038e6e; isolated reproducible build
https://echobuddha.com/learn/buddhism-101/three-marks-of-existence/,learn,The Three Marks of Existence in Buddhism Explained Simply | Echo Buddha,The Three Marks of Existence,1268,"index, follow (implicit)",Yes,https://echobuddha.com/learn/buddhism-101/three-marks-of-existence/,Yes,4bd6624eac0c45af87e2e8a350b8293b7e658e093b2d5e1ff7f76ced208933d0,PRIMARY_REPOSITORY_EVIDENCE,Git commit a1cd457345587670133bfc58af1cafd80d038e6e; isolated reproducible build
https://echobuddha.com/learn/buddhism-101/threefold-training-sila-samadhi-panna/,learn,"Threefold Training in Buddhism: Sila, Samadhi, and Panna | Echo Buddha","The Threefold Training: Sila, Samadhi, and Panna",616,"index, follow (implicit)",Yes,https://echobuddha.com/learn/buddhism-101/threefold-training-sila-samadhi-panna/,Yes,e1495857457c3642555b638412656620a398a83805040e83322bc1ed00965061,PRIMARY_REPOSITORY_EVIDENCE,Git commit a1cd457345587670133bfc58af1cafd80d038e6e; isolated reproducible build
https://echobuddha.com/learn/buddhism-101/what-is-buddhism/,learn,What Is Buddhism? A Clear Beginner's Guide | Echo Buddha,What Is Buddhism?,621,"index, follow (implicit)",Yes,https://echobuddha.com/learn/buddhism-101/what-is-buddhism/,Yes,b1de62cffd15faca59826fc2c2146f07ad65db91b3e15495542f431b07ad31d9,PRIMARY_REPOSITORY_EVIDENCE,Git commit a1cd457345587670133bfc58af1cafd80d038e6e; isolated reproducible build
https://echobuddha.com/learn/buddhism-101/what-is-impermanence/,learn,What Is Impermanence? | Echo Buddha,What Is Impermanence?,565,"index, follow (implicit)",Yes,https://echobuddha.com/learn/buddhism-101/what-is-impermanence/,Yes,be964edf22c0e3f228e42394290324dae1069e49efc05bfd04daf31050d27c06,PRIMARY_REPOSITORY_EVIDENCE,Git commit a1cd457345587670133bfc58af1cafd80d038e6e; isolated reproducible build
https://echobuddha.com/learn/buddhism-101/what-is-karma-in-buddhism/,learn,What Is Karma in Buddhism? A Beginner's Guide | Echo Buddha,What Is Karma in Buddhism?,556,"index, follow (implicit)",Yes,https://echobuddha.com/learn/buddhism-101/what-is-karma-in-buddhism/,Yes,16fb8f8676352b83d38c48131b4b76642cb5c8c9bbae9d2a26c31f7c3983f456,PRIMARY_REPOSITORY_EVIDENCE,Git commit a1cd457345587670133bfc58af1cafd80d038e6e; isolated reproducible build
https://echobuddha.com/learn/buddhism-101/what-is-mindfulness/,learn,What Is Mindfulness? | Echo Buddha,What Is Mindfulness?,561,"index, follow (implicit)",Yes,https://echobuddha.com/learn/buddhism-101/what-is-mindfulness/,Yes,171429987d1d6fa189e75eb56867a77f7abf4ae46070c051b2bb1e869904cfb9,PRIMARY_REPOSITORY_EVIDENCE,Git commit a1cd457345587670133bfc58af1cafd80d038e6e; isolated reproducible build
https://echobuddha.com/learn/buddhism-101/who-was-the-buddha/,learn,Who Was the Buddha? A Simple Beginner-Friendly Explanation | Echo Buddha,Who Was the Buddha?,657,"index, follow (implicit)",Yes,https://echobuddha.com/learn/buddhism-101/who-was-the-buddha/,Yes,d6be086f66826b431a73dfd55b491d83b27fc2c9ef3a8915260008c8d7fe7155,PRIMARY_REPOSITORY_EVIDENCE,Git commit a1cd457345587670133bfc58af1cafd80d038e6e; isolated reproducible build
https://echobuddha.com/learn/buddhism-for-beginners/,learn,Buddhism for Beginners - Simple Buddhist Teachings | Echo Buddha,Buddhism for Beginners,610,"index, follow (implicit)",Yes,https://echobuddha.com/learn/buddhism-for-beginners/,Yes,96222a35601b03959400ad4c1e3032c019e0e0cf4b86d269ab6750eba87f1587,PRIMARY_REPOSITORY_EVIDENCE,Git commit a1cd457345587670133bfc58af1cafd80d038e6e; isolated reproducible build
https://echobuddha.com/learn/buddhist-dictionary/anatta/,learn,Anatta Meaning: Non-Self in Buddhism Explained for Beginners | Echo Buddha,Anatta,494,"index, follow (implicit)",Yes,https://echobuddha.com/learn/buddhist-dictionary/anatta/,Yes,3308a6375fd370543fa65bf7258a8cfd16e7f7eaf338967f9c931fcdc5ab4a68,PRIMARY_REPOSITORY_EVIDENCE,Git commit a1cd457345587670133bfc58af1cafd80d038e6e; isolated reproducible build
https://echobuddha.com/learn/buddhist-dictionary/anicca/,learn,Anicca Meaning: Impermanence in Buddhism Explained Simply | Echo Buddha,Anicca,457,"index, follow (implicit)",Yes,https://echobuddha.com/learn/buddhist-dictionary/anicca/,Yes,821da9debdd53e06e63f75b025ad9b46bb9005e4827cd2b11eba65c000ebcc61,PRIMARY_REPOSITORY_EVIDENCE,Git commit a1cd457345587670133bfc58af1cafd80d038e6e; isolated reproducible build
https://echobuddha.com/learn/buddhist-dictionary/compassion/,learn,Compassion Meaning in Buddhist Wisdom | Echo Buddha,Compassion,435,"index, follow (implicit)",Yes,https://echobuddha.com/learn/buddhist-dictionary/compassion/,Yes,b2cc70023501d0d2a8a9a2c0900ce809821d1815870db53ea0ab4574cca0650b,PRIMARY_REPOSITORY_EVIDENCE,Git commit a1cd457345587670133bfc58af1cafd80d038e6e; isolated reproducible build
https://echobuddha.com/learn/buddhist-dictionary/dhamma/,learn,Dhamma Meaning: Buddhist Teaching and Truth | Echo Buddha,Dhamma,825,"index, follow (implicit)",Yes,https://echobuddha.com/learn/buddhist-dictionary/dhamma/,Yes,0f7ab24bb2b24a5722b673686fa73d7e85cdb957fb22a047face3887b955ef57,PRIMARY_REPOSITORY_EVIDENCE,Git commit a1cd457345587670133bfc58af1cafd80d038e6e; isolated reproducible build
https://echobuddha.com/learn/buddhist-dictionary/dukkha/,learn,Dukkha Meaning: Suffering and Unsatisfactoriness in Buddhism | Echo Buddha,Dukkha,486,"index, follow (implicit)",Yes,https://echobuddha.com/learn/buddhist-dictionary/dukkha/,Yes,1bb8b609b89506c8ce319b49358747a6b4e05bf97553d6abd085bafc3f7c6e48,PRIMARY_REPOSITORY_EVIDENCE,Git commit a1cd457345587670133bfc58af1cafd80d038e6e; isolated reproducible build
https://echobuddha.com/learn/buddhist-dictionary/,learn,Buddhist Dictionary | Echo Buddha,Buddhist Dictionary,510,"index, follow (implicit)",Yes,https://echobuddha.com/learn/buddhist-dictionary/,Yes,e509f0e6ce5d7f24db66c72cc833180ea83cbb475b8081a3b19b208f1313413b,PRIMARY_REPOSITORY_EVIDENCE,Git commit a1cd457345587670133bfc58af1cafd80d038e6e; isolated reproducible build
https://echobuddha.com/learn/buddhist-dictionary/karma/,learn,"Karma Meaning in Buddhism: Intention, Action, and Consequences | Echo Buddha",Karma,457,"index, follow (implicit)",Yes,https://echobuddha.com/learn/buddhist-dictionary/karma/,Yes,558de678a81bf99560e71e45190a1f1eb3a81964bf282c9b4f1d290308ea766d,PRIMARY_REPOSITORY_EVIDENCE,Git commit a1cd457345587670133bfc58af1cafd80d038e6e; isolated reproducible build
https://echobuddha.com/learn/buddhist-dictionary/karuna/,learn,Karuna Meaning: Compassion in Buddhism | Echo Buddha,Karuna,489,"index, follow (implicit)",Yes,https://echobuddha.com/learn/buddhist-dictionary/karuna/,Yes,eab6020b4751767a5ea3bcb45ae885afadbb426d9fcfbd9cf6809b1224942680,PRIMARY_REPOSITORY_EVIDENCE,Git commit a1cd457345587670133bfc58af1cafd80d038e6e; isolated reproducible build
https://echobuddha.com/learn/buddhist-dictionary/metta/,learn,Metta Meaning: Loving-Kindness in Buddhism | Echo Buddha,Metta,508,"index, follow (implicit)",Yes,https://echobuddha.com/learn/buddhist-dictionary/metta/,Yes,2289d6e578a4025617e0641666c6eb4b540d5c14c69dbb0668bd2f48ea819120,PRIMARY_REPOSITORY_EVIDENCE,Git commit a1cd457345587670133bfc58af1cafd80d038e6e; isolated reproducible build
https://echobuddha.com/learn/buddhist-dictionary/mindfulness/,learn,Mindfulness Meaning in Buddhist Practice | Echo Buddha,Mindfulness,431,"index, follow (implicit)",Yes,https://echobuddha.com/learn/buddhist-dictionary/mindfulness/,Yes,687863d6fed693a6615aad66b8b61f898e7839ebe5408ea6264762bb77c41baa,PRIMARY_REPOSITORY_EVIDENCE,Git commit a1cd457345587670133bfc58af1cafd80d038e6e; isolated reproducible build
https://echobuddha.com/learn/buddhist-dictionary/nirvana/,learn,Nirvana Meaning in Buddhism Explained Simply | Echo Buddha,Nirvana,462,"index, follow (implicit)",Yes,https://echobuddha.com/learn/buddhist-dictionary/nirvana/,Yes,2d5916960ebeebfa3ddc0d1636d346b7a24795046e0ec68e6c6e14e6e679b94e,PRIMARY_REPOSITORY_EVIDENCE,Git commit a1cd457345587670133bfc58af1cafd80d038e6e; isolated reproducible build
https://echobuddha.com/learn/buddhist-dictionary/pali-canon/,learn,Pali Canon Meaning for Beginners | Echo Buddha,Pali Canon,574,"index, follow (implicit)",Yes,https://echobuddha.com/learn/buddhist-dictionary/pali-canon/,Yes,330d2f7285d976854ee38f4c9ba0ba8be07cb1459d7bfbf3fe1df936ef8d93aa,PRIMARY_REPOSITORY_EVIDENCE,Git commit a1cd457345587670133bfc58af1cafd80d038e6e; isolated reproducible build
https://echobuddha.com/learn/buddhist-dictionary/sangha/,learn,Sangha Meaning: Buddhist Community Explained Simply | Echo Buddha,Sangha,554,"index, follow (implicit)",Yes,https://echobuddha.com/learn/buddhist-dictionary/sangha/,Yes,df3e59de73d18cabc7815a72340d73c1d25d5306d191d08a7034dda950550f4b,PRIMARY_REPOSITORY_EVIDENCE,Git commit a1cd457345587670133bfc58af1cafd80d038e6e; isolated reproducible build
https://echobuddha.com/learn/buddhist-dictionary/sati/,learn,Sati Meaning: Mindfulness in Buddhist Practice | Echo Buddha,Sati,451,"index, follow (implicit)",Yes,https://echobuddha.com/learn/buddhist-dictionary/sati/,Yes,54c2f17b768da386f6bb4719e2d0462766374e1bea3ae1213a93c328332d645d,PRIMARY_REPOSITORY_EVIDENCE,Git commit a1cd457345587670133bfc58af1cafd80d038e6e; isolated reproducible build
https://echobuddha.com/learn/buddhist-dictionary/sutta/,learn,Sutta Meaning in Buddhism | Echo Buddha,Sutta,520,"index, follow (implicit)",Yes,https://echobuddha.com/learn/buddhist-dictionary/sutta/,Yes,88d09d8b6c0f40027a082f928d4e1c4bc6f49df6d31630ba740a240f528eaed0,PRIMARY_REPOSITORY_EVIDENCE,Git commit a1cd457345587670133bfc58af1cafd80d038e6e; isolated reproducible build
https://echobuddha.com/learn/buddhist-resources/,learn,Buddhist Resources | Echo Buddha,Buddhist Resources,627,"index, follow (implicit)",Yes,https://echobuddha.com/learn/buddhist-resources/,Yes,e1c45ee3525eed76e13a7fc614393c2b0e4c59da10c160bf6c3fde3733080f28,PRIMARY_REPOSITORY_EVIDENCE,Git commit a1cd457345587670133bfc58af1cafd80d038e6e; isolated reproducible build
https://echobuddha.com/learn/dhammapada-reflections/avoid-evil-do-good-purify-the-mind/,learn,"Avoid Evil, Do Good, Purify the Mind | Echo Buddha","Avoid Evil, Do Good, Purify the Mind",520,"index, follow (implicit)",Yes,https://echobuddha.com/learn/dhammapada-reflections/avoid-evil-do-good-purify-the-mind/,Yes,571fa425f47604a2f105fb745dc312f8d5b3b23045de208476bb560f6fafc144,PRIMARY_REPOSITORY_EVIDENCE,Git commit a1cd457345587670133bfc58af1cafd80d038e6e; isolated reproducible build
https://echobuddha.com/learn/dhammapada-reflections/better-than-a-thousand-empty-words/,learn,Better Than a Thousand Empty Words | Echo Buddha,Better Than a Thousand Empty Words,474,"index, follow (implicit)",Yes,https://echobuddha.com/learn/dhammapada-reflections/better-than-a-thousand-empty-words/,Yes,7fea1638d4f688e6ce62595b59edd4bc096f19041912dcab578eb8e497dd6a1f,PRIMARY_REPOSITORY_EVIDENCE,Git commit a1cd457345587670133bfc58af1cafd80d038e6e; isolated reproducible build
https://echobuddha.com/learn/dhammapada-reflections/hatred-is-not-ended-by-hatred/,learn,Hatred Is Not Ended by Hatred | Echo Buddha,Hatred Is Not Ended by Hatred,457,"index, follow (implicit)",Yes,https://echobuddha.com/learn/dhammapada-reflections/hatred-is-not-ended-by-hatred/,Yes,e038d91c8cb0b8fbb1e5787a08e7ac13603a37a19c027c9396a57940b3fa7b1c,PRIMARY_REPOSITORY_EVIDENCE,Git commit a1cd457345587670133bfc58af1cafd80d038e6e; isolated reproducible build
https://echobuddha.com/learn/dhammapada-reflections/,learn,Dhammapada Reflections | Echo Buddha,Dhammapada Reflections,385,"index, follow (implicit)",Yes,https://echobuddha.com/learn/dhammapada-reflections/,Yes,d8aadc7da1fd89247aea143d1e8ae095ca5d0fedc25b4925c7fa7994637e8aa4,PRIMARY_REPOSITORY_EVIDENCE,Git commit a1cd457345587670133bfc58af1cafd80d038e6e; isolated reproducible build
https://echobuddha.com/learn/dhammapada-reflections/peace-comes-from-a-trained-mind/,learn,Peace Comes from a Trained Mind | Echo Buddha,Peace Comes from a Trained Mind,462,"index, follow (implicit)",Yes,https://echobuddha.com/learn/dhammapada-reflections/peace-comes-from-a-trained-mind/,Yes,7300e4d06061155ca4030403555ab659b1f734679aec1816349ef7bcdc5b0b02,PRIMARY_REPOSITORY_EVIDENCE,Git commit a1cd457345587670133bfc58af1cafd80d038e6e; isolated reproducible build
https://echobuddha.com/learn/dhammapada-reflections/the-mind-leads-all-things/,learn,The Mind Leads All Things | Echo Buddha,The Mind Leads All Things,472,"index, follow (implicit)",Yes,https://echobuddha.com/learn/dhammapada-reflections/the-mind-leads-all-things/,Yes,8a0b0b81765361724885db7873de4c2720fb85f2be6bf799268190ba4cd4f4df,PRIMARY_REPOSITORY_EVIDENCE,Git commit a1cd457345587670133bfc58af1cafd80d038e6e; isolated reproducible build
https://echobuddha.com/learn/eightfold-path/,learn,Noble Eightfold Path for Daily Life | Echo Buddha,The Noble Eightfold Path for Daily Life,511,"index, follow (implicit)",Yes,https://echobuddha.com/learn/eightfold-path/,Yes,417d3474de47b78b3d59fabce0684fb1e6f4b2681ba08c67a42c479934d30c17,PRIMARY_REPOSITORY_EVIDENCE,Git commit a1cd457345587670133bfc58af1cafd80d038e6e; isolated reproducible build
https://echobuddha.com/learn/four-noble-truths/,learn,Four Noble Truths Explained for Beginners | Echo Buddha,The Four Noble Truths Explained for Beginners,439,"index, follow (implicit)",Yes,https://echobuddha.com/learn/four-noble-truths/,Yes,c1372f4dfd3d380cec32e95c8368a19f59a1d32d00452a5ffae304d679d4e6ba,PRIMARY_REPOSITORY_EVIDENCE,Git commit a1cd457345587670133bfc58af1cafd80d038e6e; isolated reproducible build
https://echobuddha.com/learn/,learn,Learn Buddhist Wisdom for Daily Life | Echo Buddha,Learn Buddhist Wisdom for Daily Life,777,"index, follow (implicit)",Yes,https://echobuddha.com/learn/,Yes,e4b1ecd1d37ca27f5c026b33b9c8f43490945dbf12eef5b978003b17b7f79d31,PRIMARY_REPOSITORY_EVIDENCE,Git commit a1cd457345587670133bfc58af1cafd80d038e6e; isolated reproducible build
https://echobuddha.com/learn/questions-about-buddhism/,learn,Questions About Buddhism | Echo Buddha,Questions About Buddhism,1091,"index, follow (implicit)",Yes,https://echobuddha.com/learn/questions-about-buddhism/,Yes,893c3db68d31e0b35530ebcace6299c50e83a874ce7cb29b4dd1954148ca9e97,PRIMARY_REPOSITORY_EVIDENCE,Git commit a1cd457345587670133bfc58af1cafd80d038e6e; isolated reproducible build
https://echobuddha.com/learn/sutta-for-daily-life/buddhas-teaching-on-patience/,learn,The Buddha's Teaching on Patience | Echo Buddha,The Buddha's Teaching on Patience,437,"index, follow (implicit)",Yes,https://echobuddha.com/learn/sutta-for-daily-life/buddhas-teaching-on-patience/,Yes,ca49d6cccbb7fb01bb0136c79f1615e8080d0e4f95ce549b3af8e326abcc2fc3,PRIMARY_REPOSITORY_EVIDENCE,Git commit a1cd457345587670133bfc58af1cafd80d038e6e; isolated reproducible build
https://echobuddha.com/learn/sutta-for-daily-life/dhammacakkappavattana-sutta-four-noble-truths/,learn,Dhammacakkappavattana Sutta and the Four Noble Truths | Echo Buddha,Dhammacakkappavattana Sutta: Four Noble Truths in Context,584,"index, follow (implicit)",Yes,https://echobuddha.com/learn/sutta-for-daily-life/dhammacakkappavattana-sutta-four-noble-truths/,Yes,7a5524e6a5c24ffb6f66393b28e63c2f4cbe5d9a5e3c19ff212e733328aaf533,PRIMARY_REPOSITORY_EVIDENCE,Git commit a1cd457345587670133bfc58af1cafd80d038e6e; isolated reproducible build
https://echobuddha.com/learn/sutta-for-daily-life/,learn,Sutta for Daily Life | Echo Buddha,Sutta for Daily Life,458,"index, follow (implicit)",Yes,https://echobuddha.com/learn/sutta-for-daily-life/,Yes,31242ac047e14ddf8faf2dce37301a7090216b47ba97e78ad7d96df9ae83b21d,PRIMARY_REPOSITORY_EVIDENCE,Git commit a1cd457345587670133bfc58af1cafd80d038e6e; isolated reproducible build
https://echobuddha.com/learn/sutta-for-daily-life/kalama-sutta-and-wise-thinking/,learn,The Kalama Sutta and Wise Thinking | Echo Buddha,The Kalama Sutta and Wise Thinking,466,"index, follow (implicit)",Yes,https://echobuddha.com/learn/sutta-for-daily-life/kalama-sutta-and-wise-thinking/,Yes,683520c24647a30f13c3267a2643a2b8add38e67ce7c5a1276da65f7981bfdd2,PRIMARY_REPOSITORY_EVIDENCE,Git commit a1cd457345587670133bfc58af1cafd80d038e6e; isolated reproducible build
https://echobuddha.com/learn/sutta-for-daily-life/magga-vibhanga-sutta-eightfold-path/,learn,Magga-vibhanga Sutta and the Noble Eightfold Path | Echo Buddha,Magga-vibhanga Sutta: Eightfold Path Explained Simply,583,"index, follow (implicit)",Yes,https://echobuddha.com/learn/sutta-for-daily-life/magga-vibhanga-sutta-eightfold-path/,Yes,c9c07f5130bbb6cc37f46265bb20c8c0d1731cf6796b542b1c79e8924fbc3674,PRIMARY_REPOSITORY_EVIDENCE,Git commit a1cd457345587670133bfc58af1cafd80d038e6e; isolated reproducible build
https://echobuddha.com/learn/sutta-for-daily-life/metta-sutta-explained-for-daily-life/,learn,The Metta Sutta Explained for Daily Life | Echo Buddha,The Metta Sutta Explained for Daily Life,489,"index, follow (implicit)",Yes,https://echobuddha.com/learn/sutta-for-daily-life/metta-sutta-explained-for-daily-life/,Yes,84c9d61cefcdcf240c4855023f0abf4b9176c4cbcfcf4bf3b5ac2e032cc5f73c,PRIMARY_REPOSITORY_EVIDENCE,Git commit a1cd457345587670133bfc58af1cafd80d038e6e; isolated reproducible build
https://echobuddha.com/learn/sutta-for-daily-life/mindfulness-of-breathing-explained-simply/,learn,Mindfulness of Breathing Explained Simply | Echo Buddha,Mindfulness of Breathing Explained Simply,441,"index, follow (implicit)",Yes,https://echobuddha.com/learn/sutta-for-daily-life/mindfulness-of-breathing-explained-simply/,Yes,2c1120084de505fd34687dfa8961c6e9a817c7461a7cd0d3e2cde97b74fbb8b4,PRIMARY_REPOSITORY_EVIDENCE,Git commit a1cd457345587670133bfc58af1cafd80d038e6e; isolated reproducible build
https://echobuddha.com/learn/sutta-for-daily-life/right-speech-in-daily-life/,learn,Right Speech in Daily Life | Echo Buddha,Right Speech in Daily Life,482,"index, follow (implicit)",Yes,https://echobuddha.com/learn/sutta-for-daily-life/right-speech-in-daily-life/,Yes,05835cdde5b0dfd61cb423dc7fe0b4194879a3feb836e0ca47305c06f9cd2c3f,PRIMARY_REPOSITORY_EVIDENCE,Git commit a1cd457345587670133bfc58af1cafd80d038e6e; isolated reproducible build
https://echobuddha.com/meditation-guide/,meditation-guide,Meditation Guide for Beginners | Echo Buddha,Meditation Guide for Beginners,1663,"index, follow (implicit)",Yes,https://echobuddha.com/meditation-guide/,Yes,0027752e6d610b531f654c1148de54b0a9e6701454d95c227842fccd5c824a76,PRIMARY_REPOSITORY_EVIDENCE,Git commit a1cd457345587670133bfc58af1cafd80d038e6e; isolated reproducible build
https://echobuddha.com/meditation-safety/,trust/policy,Meditation Safety and Gentle Practice | Echo Buddha,Meditation Safety and Gentle Practice,433,"index, follow (implicit)",Yes,https://echobuddha.com/meditation-safety/,Yes,658c4cc554af1e8c40397e563d0d65d3c530619a748cf5c6c27ce4cd626c2335,PRIMARY_REPOSITORY_EVIDENCE,Git commit a1cd457345587670133bfc58af1cafd80d038e6e; isolated reproducible build
https://echobuddha.com/meditation/10-minute-meditation-practice/,meditation,10-Minute Meditation Practice | Echo Buddha,10-Minute Meditation Practice,662,"index, follow (implicit)",Yes,https://echobuddha.com/meditation/10-minute-meditation-practice/,Yes,dfab76156a2869c0b962a3c9d95d1af56cb992c059a8f749b3a4d384c912544d,PRIMARY_REPOSITORY_EVIDENCE,Git commit a1cd457345587670133bfc58af1cafd80d038e6e; isolated reproducible build
https://echobuddha.com/meditation/5-minute-meditation-practice/,meditation,5-Minute Meditation Practice | Echo Buddha,5-Minute Meditation Practice,567,"index, follow (implicit)",Yes,https://echobuddha.com/meditation/5-minute-meditation-practice/,Yes,f95c4d058e9cd4fe2da737b66207b01a3316ded30c459c0f3a3629298c25097d,PRIMARY_REPOSITORY_EVIDENCE,Git commit a1cd457345587670133bfc58af1cafd80d038e6e; isolated reproducible build
https://echobuddha.com/meditation/breathing-meditation/,meditation,Breathing Meditation | Echo Buddha,Breathing Meditation,592,"index, follow (implicit)",Yes,https://echobuddha.com/meditation/breathing-meditation/,Yes,45660974a8506c262b2b535c3cbe4b4bc3cd8691bc9e0708a3bfd7ee3becc2d4,PRIMARY_REPOSITORY_EVIDENCE,Git commit a1cd457345587670133bfc58af1cafd80d038e6e; isolated reproducible build
https://echobuddha.com/meditation/,meditation,Beginner Meditation Guides and Mindfulness Practices | Echo Buddha,Beginner Meditation Guides and Mindfulness Practices,572,"index, follow (implicit)",Yes,https://echobuddha.com/meditation/,Yes,1b3ebf2ab27e16a3f90ecb42fa400263bbb12ce0909f9e2f9aef6e4b047fb2c3,PRIMARY_REPOSITORY_EVIDENCE,Git commit a1cd457345587670133bfc58af1cafd80d038e6e; isolated reproducible build
https://echobuddha.com/meditation/loving-kindness-meditation/,meditation,Loving-Kindness Meditation | Echo Buddha,Loving-Kindness Meditation,596,"index, follow (implicit)",Yes,https://echobuddha.com/meditation/loving-kindness-meditation/,Yes,9d58a3f4abf144b2b9e88389f1c673a953d8cfb612c66985976afc63be8a31a1,PRIMARY_REPOSITORY_EVIDENCE,Git commit a1cd457345587670133bfc58af1cafd80d038e6e; isolated reproducible build
https://echobuddha.com/meditation/meditation-for-beginners/,meditation,Meditation for Beginners | Echo Buddha,Meditation for Beginners,623,"index, follow (implicit)",Yes,https://echobuddha.com/meditation/meditation-for-beginners/,Yes,88266b4d15f1427b674eda35a07ecc1408173e0342c6be49d1c15bfcad37e3c8,PRIMARY_REPOSITORY_EVIDENCE,Git commit a1cd457345587670133bfc58af1cafd80d038e6e; isolated reproducible build
https://echobuddha.com/meditation/meditation-posture-for-beginners/,meditation,Meditation Posture for Beginners | Echo Buddha,Meditation Posture for Beginners,686,"index, follow (implicit)",Yes,https://echobuddha.com/meditation/meditation-posture-for-beginners/,Yes,3f35601dc708c961a843722a59059f4d40c4365721c91877632f17733e391cdb,PRIMARY_REPOSITORY_EVIDENCE,Git commit a1cd457345587670133bfc58af1cafd80d038e6e; isolated reproducible build
https://echobuddha.com/meditation/mindfulness-in-daily-life/,meditation,Mindfulness in Daily Life | Echo Buddha,Mindfulness in Daily Life,576,"index, follow (implicit)",Yes,https://echobuddha.com/meditation/mindfulness-in-daily-life/,Yes,fb55a84df89cc1e4ad33b1f86cbc70d04fc373736a2eb01bbc5192726460b546,PRIMARY_REPOSITORY_EVIDENCE,Git commit a1cd457345587670133bfc58af1cafd80d038e6e; isolated reproducible build
https://echobuddha.com/meditation/walking-meditation/,meditation,Walking Meditation | Echo Buddha,Walking Meditation,559,"index, follow (implicit)",Yes,https://echobuddha.com/meditation/walking-meditation/,Yes,60a3951585d5aafc591843ce37fdb9e11abbe34b8bce2335f6534a2a8f466c32,PRIMARY_REPOSITORY_EVIDENCE,Git commit a1cd457345587670133bfc58af1cafd80d038e6e; isolated reproducible build
https://echobuddha.com/meditation/when-meditation-feels-hard/,meditation,What to Do When Meditation Feels Hard | Echo Buddha,What to Do When Meditation Feels Hard,694,"index, follow (implicit)",Yes,https://echobuddha.com/meditation/when-meditation-feels-hard/,Yes,d4188fec7a571328a2b48e797a59a0e594e53d409c3998659033ba97add8c1d3,PRIMARY_REPOSITORY_EVIDENCE,Git commit a1cd457345587670133bfc58af1cafd80d038e6e; isolated reproducible build
https://echobuddha.com/mindful-living/,mindful-living,Mindful Living with Buddhist Wisdom | Echo Buddha,Mindful Living with Buddhist Wisdom,758,"index, follow (implicit)",Yes,https://echobuddha.com/mindful-living/,Yes,1546f36f79214a21a2de662016d6a1d9f563830621f78b1ed145cf6ddf5bfe26,PRIMARY_REPOSITORY_EVIDENCE,Git commit a1cd457345587670133bfc58af1cafd80d038e6e; isolated reproducible build
https://echobuddha.com/privacy-policy/,trust/policy,Privacy Policy | Echo Buddha,Privacy Policy,568,"index, follow (implicit)",Yes,https://echobuddha.com/privacy-policy/,Yes,ad6ba1e7526cd76e3833aeb2e4cd223729962f457b25b5a05ee9d19b6338521f,PRIMARY_REPOSITORY_EVIDENCE,Git commit a1cd457345587670133bfc58af1cafd80d038e6e; isolated reproducible build
https://echobuddha.com/quote-attribution-policy/,trust/policy,Quote Attribution Policy | Echo Buddha,Quote Attribution Policy,431,"index, follow (implicit)",Yes,https://echobuddha.com/quote-attribution-policy/,Yes,ad37517e9ffa63ffb5150603f5616ecb5e31465b20456965948008d62813e155,PRIMARY_REPOSITORY_EVIDENCE,Git commit a1cd457345587670133bfc58af1cafd80d038e6e; isolated reproducible build
https://echobuddha.com/quotes/awareness/acceptance-before-next-step/,quotes,Acceptance Mindfulness Quote: Naming the Moment Clearly | Echo Buddha,Acceptance Mindfulness Quote: Naming the Moment Clearly,904,"index, follow (implicit)",Yes,https://echobuddha.com/quotes/awareness/acceptance-before-next-step/,Yes,d612197d4b969a0a1b6ce49c9cf788ce8759eeb3e15547473c7a67c88a4d379d,PRIMARY_REPOSITORY_EVIDENCE,Git commit a1cd457345587670133bfc58af1cafd80d038e6e; isolated reproducible build
https://echobuddha.com/quotes/awareness/anger-asks-for-speed-awareness-asks-for-one-more/,quotes,Original Awareness Reflection: Anger asks for speed; awareness... | Echo Buddha,Original Awareness Reflection: Anger asks for speed; awareness...,925,"index, follow (implicit)",Yes,https://echobuddha.com/quotes/awareness/anger-asks-for-speed-awareness-asks-for-one-more/,Yes,86615be8ce69a3c23e9a0d1b66e946589c84fb703bf9501ec1951484f8ba1128,PRIMARY_REPOSITORY_EVIDENCE,Git commit a1cd457345587670133bfc58af1cafd80d038e6e; isolated reproducible build
https://echobuddha.com/quotes/awareness/awareness-does-not-remove-the-storm-it-keeps-you/,quotes,Original Awareness Reflection: Awareness does not remove the... | Echo Buddha,Original Awareness Reflection: Awareness does not remove the...,964,"index, follow (implicit)",Yes,https://echobuddha.com/quotes/awareness/awareness-does-not-remove-the-storm-it-keeps-you/,Yes,9566e4cf2afdd00943252be15eb25b0d4a0ac47e0449e5488bb262b3bf0697f8,PRIMARY_REPOSITORY_EVIDENCE,Git commit a1cd457345587670133bfc58af1cafd80d038e6e; isolated reproducible build
https://echobuddha.com/quotes/awareness/clear-seeing-begins-with-the-courage-to-stop-looking/,quotes,Original Awareness Reflection: Clear seeing begins with the... | Echo Buddha,Original Awareness Reflection: Clear seeing begins with the...,945,"noindex, follow",No,https://echobuddha.com/quotes/awareness/clear-seeing-begins-with-the-courage-to-stop-looking/,No,ae920393b605544fa238ee85a07ffaa6da923d0efea395cacf9beb09e87ea789,PRIMARY_REPOSITORY_EVIDENCE,Git commit a1cd457345587670133bfc58af1cafd80d038e6e; isolated reproducible build
https://echobuddha.com/quotes/awareness/feelings-are-honest-about-their-presence-not-always-about/,quotes,Original Awareness Reflection: Feelings are honest about their... | Echo Buddha,Original Awareness Reflection: Feelings are honest about their...,931,"noindex, follow",No,https://echobuddha.com/quotes/awareness/feelings-are-honest-about-their-presence-not-always-about/,No,25082f6d2aec9f370b38a7c05ae7bbc633b59c0186e902542e7faa4d2a36d168,PRIMARY_REPOSITORY_EVIDENCE,Git commit a1cd457345587670133bfc58af1cafd80d038e6e; isolated reproducible build
https://echobuddha.com/quotes/awareness/feelings-without-the-wheel/,quotes,Emotional Balance Quote: Feel Deeply Without Being Ruled | Echo Buddha,Emotional Balance Quote: Feel Deeply Without Being Ruled,883,"index, follow (implicit)",Yes,https://echobuddha.com/quotes/awareness/feelings-without-the-wheel/,Yes,a6cc8bdb5e7be0ab88095a99599c9ca69f3781211c4082ea3e701bc8e0c2b770,PRIMARY_REPOSITORY_EVIDENCE,Git commit a1cd457345587670133bfc58af1cafd80d038e6e; isolated reproducible build
https://echobuddha.com/quotes/awareness/,quotes,Original Awareness Quotes Inspired by Buddhist Practice | Echo Buddha,Original Awareness Quotes,645,"index, follow (implicit)",Yes,https://echobuddha.com/quotes/awareness/,Yes,7c2884cf57b73c0904dfef7084636736bbbbf2e887ffbc2370b32eb239f9a4ee,PRIMARY_REPOSITORY_EVIDENCE,Git commit a1cd457345587670133bfc58af1cafd80d038e6e; isolated reproducible build
https://echobuddha.com/quotes/awareness/look-beneath-the-reaction-and-you-may-find-a/,quotes,Original Awareness Reflection: Look beneath the reaction and... | Echo Buddha,Original Awareness Reflection: Look beneath the reaction and...,965,"index, follow (implicit)",Yes,https://echobuddha.com/quotes/awareness/look-beneath-the-reaction-and-you-may-find-a/,Yes,4527761740f2aca847755c8d95dabb1b155acef0ac5dd118df5d66865e0c2804,PRIMARY_REPOSITORY_EVIDENCE,Git commit a1cd457345587670133bfc58af1cafd80d038e6e; isolated reproducible build
https://echobuddha.com/quotes/awareness/name-the-feeling-gently-and-it-may-stop-speaking/,quotes,"Original Awareness Reflection: Name the feeling gently, and... | Echo Buddha","Original Awareness Reflection: Name the feeling gently, and...",950,"index, follow (implicit)",Yes,https://echobuddha.com/quotes/awareness/name-the-feeling-gently-and-it-may-stop-speaking/,Yes,45f2134b5e35abb0ce6ef9fd9eb664b12303d82a4ee5b9862c6dec2edf6a6e54,PRIMARY_REPOSITORY_EVIDENCE,Git commit a1cd457345587670133bfc58af1cafd80d038e6e; isolated reproducible build
https://echobuddha.com/quotes/awareness/notice-the-habit-before-trying-to-become-someone-without/,quotes,Original Awareness Reflection: Notice the habit before trying... | Echo Buddha,Original Awareness Reflection: Notice the habit before trying...,925,"noindex, follow",No,https://echobuddha.com/quotes/awareness/notice-the-habit-before-trying-to-become-someone-without/,No,6e3f4b11eb4451772d331b53b297404966b06d42fba049e9843a15769a8fa23d,PRIMARY_REPOSITORY_EVIDENCE,Git commit a1cd457345587670133bfc58af1cafd80d038e6e; isolated reproducible build
https://echobuddha.com/quotes/awareness/one-breath-before-anger-replies/,quotes,Buddhist Quote About Anger: One Breath Before Reply | Echo Buddha,Buddhist Quote About Anger: One Breath Before Reply,903,"index, follow (implicit)",Yes,https://echobuddha.com/quotes/awareness/one-breath-before-anger-replies/,Yes,dc8032b0f8c5bf1b5129b9691e28f51ae6973952528f0deeec8556d93559c451,PRIMARY_REPOSITORY_EVIDENCE,Git commit a1cd457345587670133bfc58af1cafd80d038e6e; isolated reproducible build
https://echobuddha.com/quotes/awareness/small-acts-of-attention-can-turn-an-ordinary-day/,quotes,Original Awareness Reflection: Small acts of attention can... | Echo Buddha,Original Awareness Reflection: Small acts of attention can...,941,"index, follow (implicit)",Yes,https://echobuddha.com/quotes/awareness/small-acts-of-attention-can-turn-an-ordinary-day/,Yes,8b112ae9618625a4de0078ee01fa48eb1e73ea4a2d315967d46a3b1dc31fdf7a,PRIMARY_REPOSITORY_EVIDENCE,Git commit a1cd457345587670133bfc58af1cafd80d038e6e; isolated reproducible build
https://echobuddha.com/quotes/awareness/the-body-often-knows-you-are-overwhelmed-before-the/,quotes,Original Awareness Reflection: The body often knows you... | Echo Buddha,Original Awareness Reflection: The body often knows you...,965,"index, follow (implicit)",Yes,https://echobuddha.com/quotes/awareness/the-body-often-knows-you-are-overwhelmed-before-the/,Yes,221ee88f9fced8f9270eab7125f2833054403a714d4ba5537a0f18691fa3c142,PRIMARY_REPOSITORY_EVIDENCE,Git commit a1cd457345587670133bfc58af1cafd80d038e6e; isolated reproducible build
https://echobuddha.com/quotes/awareness/thoughts-are-visitors/,quotes,Buddhist Quote for Overthinking: Thoughts Are Visitors | Echo Buddha,Buddhist Quote for Overthinking: Thoughts Are Visitors,921,"index, follow (implicit)",Yes,https://echobuddha.com/quotes/awareness/thoughts-are-visitors/,Yes,23f87f71f525814853d07a364871f927ee4e72ae68f06e6e0f77628d8bac95b2,PRIMARY_REPOSITORY_EVIDENCE,Git commit a1cd457345587670133bfc58af1cafd80d038e6e; isolated reproducible build
https://echobuddha.com/quotes/awareness/thoughts-pass-without-commanding-you/,quotes,Calm Mind Quote: Let Thoughts Pass Without Chasing Them | Echo Buddha,Calm Mind Quote: Let Thoughts Pass Without Chasing Them,936,"index, follow (implicit)",Yes,https://echobuddha.com/quotes/awareness/thoughts-pass-without-commanding-you/,Yes,9f9979dc0b9c08add1a481fdc4f802ed7ca48c5e8cd96ded8768628cfcf0d353,PRIMARY_REPOSITORY_EVIDENCE,Git commit a1cd457345587670133bfc58af1cafd80d038e6e; isolated reproducible build
https://echobuddha.com/quotes/awareness/what-you-can-observe-clearly-no-longer-controls-you/,quotes,Original Awareness Reflection: What you can observe clearly... | Echo Buddha,Original Awareness Reflection: What you can observe clearly...,963,"noindex, follow",No,https://echobuddha.com/quotes/awareness/what-you-can-observe-clearly-no-longer-controls-you/,No,b4dde4b25cdfb9c9a9ddaadc73c9ad15b973b52abd11f7fa78af675a21beb492,PRIMARY_REPOSITORY_EVIDENCE,Git commit a1cd457345587670133bfc58af1cafd80d038e6e; isolated reproducible build
https://echobuddha.com/quotes/awareness/when-the-mind-tightens-let-the-body-be-your/,quotes,"Original Awareness Reflection: When the mind tightens, let... | Echo Buddha","Original Awareness Reflection: When the mind tightens, let...",932,"noindex, follow",No,https://echobuddha.com/quotes/awareness/when-the-mind-tightens-let-the-body-be-your/,No,28b324d036142bbb8e2302b6985e17f7952d0378647c108c3b76b5a639f3f4bb,PRIMARY_REPOSITORY_EVIDENCE,Git commit a1cd457345587670133bfc58af1cafd80d038e6e; isolated reproducible build
https://echobuddha.com/quotes/compassion/a-gentle-response-can-end-suffering-that-anger-would/,quotes,Original Compassion Reflection: A gentle response can end... | Echo Buddha,Original Compassion Reflection: A gentle response can end...,922,"index, follow (implicit)",Yes,https://echobuddha.com/quotes/compassion/a-gentle-response-can-end-suffering-that-anger-would/,Yes,0bc96a4a955aa9be7c2d1731c034aac9c83401a9c35ad6423c776f028d3438c9,PRIMARY_REPOSITORY_EVIDENCE,Git commit a1cd457345587670133bfc58af1cafd80d038e6e; isolated reproducible build
https://echobuddha.com/quotes/compassion/before-judging-another-life-remember-how-much-of-your/,quotes,"Original Compassion Reflection: Before judging another life, remember... | Echo Buddha","Original Compassion Reflection: Before judging another life, remember...",939,"index, follow (implicit)",Yes,https://echobuddha.com/quotes/compassion/before-judging-another-life-remember-how-much-of-your/,Yes,0c8eae5164f78eb351b8cf181d9da61283d58bc718854e48d0da0b7822081188,PRIMARY_REPOSITORY_EVIDENCE,Git commit a1cd457345587670133bfc58af1cafd80d038e6e; isolated reproducible build
https://echobuddha.com/quotes/compassion/compassion-asks-what-hurts-before-it-asks-who-is/,quotes,Original Compassion Reflection: Compassion asks what hurts before... | Echo Buddha,Original Compassion Reflection: Compassion asks what hurts before...,947,"index, follow (implicit)",Yes,https://echobuddha.com/quotes/compassion/compassion-asks-what-hurts-before-it-asks-who-is/,Yes,196eda8b98a800fc422e81ec1e94d6edb82baf41f796d50b55c6d475d52dec8f,PRIMARY_REPOSITORY_EVIDENCE,Git commit a1cd457345587670133bfc58af1cafd80d038e6e; isolated reproducible build
https://echobuddha.com/quotes/compassion/compassion-grows-where-judgment-loosens-its-grip/,quotes,Original Compassion Reflection: Compassion grows where judgment loosens... | Echo Buddha,Original Compassion Reflection: Compassion grows where judgment loosens...,882,"index, follow (implicit)",Yes,https://echobuddha.com/quotes/compassion/compassion-grows-where-judgment-loosens-its-grip/,Yes,c7b327ffb5a1e653254693241b7c8c0ec99eb5fd0f5dba7bcac98dedc4ab8a02,PRIMARY_REPOSITORY_EVIDENCE,Git commit a1cd457345587670133bfc58af1cafd80d038e6e; isolated reproducible build
https://echobuddha.com/quotes/compassion/compassion-sees-pain-clearly/,quotes,Compassion Buddhist Quote: Seeing Pain Behind Behavior | Echo Buddha,Compassion Buddhist Quote: Seeing Pain Behind Behavior,876,"index, follow (implicit)",Yes,https://echobuddha.com/quotes/compassion/compassion-sees-pain-clearly/,Yes,22631d37f4086c8a674f2e9b3cd6829f2caae4234729352cdb962d71da161f3e,PRIMARY_REPOSITORY_EVIDENCE,Git commit a1cd457345587670133bfc58af1cafd80d038e6e; isolated reproducible build
https://echobuddha.com/quotes/compassion/gentle-self-compassion/,quotes,Self Compassion Mindfulness Quote: Gentle Inner Speech | Echo Buddha,Self Compassion Mindfulness Quote: Gentle Inner Speech,874,"index, follow (implicit)",Yes,https://echobuddha.com/quotes/compassion/gentle-self-compassion/,Yes,da6bdbbb8c0a20aac792987dc2a440852d6629599035f6152e0a03f8360ba878,PRIMARY_REPOSITORY_EVIDENCE,Git commit a1cd457345587670133bfc58af1cafd80d038e6e; isolated reproducible build
https://echobuddha.com/quotes/compassion/,quotes,Original Compassion Quotes Inspired by Buddhist Practice | Echo Buddha,Original Compassion Quotes,618,"index, follow (implicit)",Yes,https://echobuddha.com/quotes/compassion/,Yes,629330e70e912c8243f64ba0edc5160d3f603ef5134eb8bd40462642d3556c52,PRIMARY_REPOSITORY_EVIDENCE,Git commit a1cd457345587670133bfc58af1cafd80d038e6e; isolated reproducible build
https://echobuddha.com/quotes/compassion/kindness-as-quiet-practice/,quotes,Kindness Quote for Daily Life: A Quiet Practice | Echo Buddha,Kindness Quote for Daily Life: A Quiet Practice,885,"index, follow (implicit)",Yes,https://echobuddha.com/quotes/compassion/kindness-as-quiet-practice/,Yes,87ec752c91354bd4f52d6e4eb1fcb43a69835d30218a1bdd5a80e55510bf03c3,PRIMARY_REPOSITORY_EVIDENCE,Git commit a1cd457345587670133bfc58af1cafd80d038e6e; isolated reproducible build
https://echobuddha.com/quotes/compassion/kindness-does-not-need-an-audience-to-become-meaningful/,quotes,Original Compassion Reflection: Kindness does not need an... | Echo Buddha,Original Compassion Reflection: Kindness does not need an...,902,"index, follow (implicit)",Yes,https://echobuddha.com/quotes/compassion/kindness-does-not-need-an-audience-to-become-meaningful/,Yes,909613c22b905e14ddcc229365500c9cce59ba9f97e58b615045bc7df5dbb6f3,PRIMARY_REPOSITORY_EVIDENCE,Git commit a1cd457345587670133bfc58af1cafd80d038e6e; isolated reproducible build
https://echobuddha.com/quotes/compassion/let-kindness-be-the-echo-you-leave-in-every/,quotes,Original Compassion Reflection: Let kindness be the echo... | Echo Buddha,Original Compassion Reflection: Let kindness be the echo...,910,"index, follow (implicit)",Yes,https://echobuddha.com/quotes/compassion/let-kindness-be-the-echo-you-leave-in-every/,Yes,e86c36861e12192642de25e38e9cb4b5fe0bdc5e362045c2e86d1fcadc0b5dc2,PRIMARY_REPOSITORY_EVIDENCE,Git commit a1cd457345587670133bfc58af1cafd80d038e6e; isolated reproducible build
https://echobuddha.com/quotes/compassion/let-your-boundaries-be-clear-and-your-heart-remain/,quotes,Original Compassion Reflection: Let your boundaries be clear... | Echo Buddha,Original Compassion Reflection: Let your boundaries be clear...,914,"noindex, follow",No,https://echobuddha.com/quotes/compassion/let-your-boundaries-be-clear-and-your-heart-remain/,No,727a47f7652d2232340abe813eaee981c935700fdc3f1c81da52f542af81a454,PRIMARY_REPOSITORY_EVIDENCE,Git commit a1cd457345587670133bfc58af1cafd80d038e6e; isolated reproducible build
https://echobuddha.com/quotes/compassion/loving-kindness-without-harm/,quotes,Loving Kindness Quote: Goodwill Toward Self and Others | Echo Buddha,Loving Kindness Quote: Goodwill Toward Self and Others,887,"index, follow (implicit)",Yes,https://echobuddha.com/quotes/compassion/loving-kindness-without-harm/,Yes,7eefefeb2e205540d07cd20f795fca19a8fa84f4261407be6a2aecf58833b598,PRIMARY_REPOSITORY_EVIDENCE,Git commit a1cd457345587670133bfc58af1cafd80d038e6e; isolated reproducible build
https://echobuddha.com/quotes/compassion/offer-others-the-patience-you-hope-to-receive-on/,quotes,Original Compassion Reflection: Offer others the patience you... | Echo Buddha,Original Compassion Reflection: Offer others the patience you...,946,"noindex, follow",No,https://echobuddha.com/quotes/compassion/offer-others-the-patience-you-hope-to-receive-on/,No,111bfed69f792b912321fb7321081ae0db9751f95a09265911b5edf6cc620be7,PRIMARY_REPOSITORY_EVIDENCE,Git commit a1cd457345587670133bfc58af1cafd80d038e6e; isolated reproducible build
https://echobuddha.com/quotes/compassion/small-kindnesses-often-reach-places-that-advice-cannot/,quotes,Original Compassion Reflection: Small kindnesses often reach places... | Echo Buddha,Original Compassion Reflection: Small kindnesses often reach places...,889,"noindex, follow",No,https://echobuddha.com/quotes/compassion/small-kindnesses-often-reach-places-that-advice-cannot/,No,d1095e64cc42672e68e7d140dfca103094ff9bfab9cc48f6c66bf4e84686c74c,PRIMARY_REPOSITORY_EVIDENCE,Git commit a1cd457345587670133bfc58af1cafd80d038e6e; isolated reproducible build
https://echobuddha.com/quotes/compassion/the-heart-becomes-spacious-each-time-it-chooses-care/,quotes,Original Compassion Reflection: The heart becomes spacious each... | Echo Buddha,Original Compassion Reflection: The heart becomes spacious each...,922,"noindex, follow",No,https://echobuddha.com/quotes/compassion/the-heart-becomes-spacious-each-time-it-chooses-care/,No,92268e09a0df878202e730d347bd74b76e71ccbfcec2878e12a192030aa5e0e4,PRIMARY_REPOSITORY_EVIDENCE,Git commit a1cd457345587670133bfc58af1cafd80d038e6e; isolated reproducible build
https://echobuddha.com/quotes/compassion/to-understand-someone-is-not-to-excuse-harm-it/,quotes,Original Compassion Reflection: To understand someone is not... | Echo Buddha,Original Compassion Reflection: To understand someone is not...,954,"noindex, follow",No,https://echobuddha.com/quotes/compassion/to-understand-someone-is-not-to-excuse-harm-it/,No,f2ea7bc828af7830112eaadd2c5cab4cc588032861893af87533a0126e006e27,PRIMARY_REPOSITORY_EVIDENCE,Git commit a1cd457345587670133bfc58af1cafd80d038e6e; isolated reproducible build
https://echobuddha.com/quotes/compassion/when-you-cannot-remove-anothers-burden-do-not-add/,quotes,Original Compassion Reflection: When you cannot remove another's... | Echo Buddha,Original Compassion Reflection: When you cannot remove another's...,930,"noindex, follow",No,https://echobuddha.com/quotes/compassion/when-you-cannot-remove-anothers-burden-do-not-add/,No,2a9fab58257564165f443c9d4195c140ae8a3ded4382c346ede5e00dd9449622,PRIMARY_REPOSITORY_EVIDENCE,Git commit a1cd457345587670133bfc58af1cafd80d038e6e; isolated reproducible build
https://echobuddha.com/quotes/impermanence/acceptance-begins-where-the-argument-with-change-ends/,quotes,Original Impermanence Reflection: Acceptance begins where the argument... | Echo Buddha,Original Impermanence Reflection: Acceptance begins where the argument...,897,"noindex, follow",No,https://echobuddha.com/quotes/impermanence/acceptance-begins-where-the-argument-with-change-ends/,No,7a57e3d96c272737443e47d04410ab1d2a6f926a0859df3cabf4f8a132502f08,PRIMARY_REPOSITORY_EVIDENCE,Git commit a1cd457345587670133bfc58af1cafd80d038e6e; isolated reproducible build
https://echobuddha.com/quotes/impermanence/because-this-moment-will-pass-meet-it-while-it/,quotes,"Original Impermanence Reflection: Because this moment will pass,... | Echo Buddha","Original Impermanence Reflection: Because this moment will pass,...",933,"index, follow (implicit)",Yes,https://echobuddha.com/quotes/impermanence/because-this-moment-will-pass-meet-it-while-it/,Yes,f1843c4a0b67a27b4a775b1f3b92350f472d763e63c4aa261c9e672829c6588e,PRIMARY_REPOSITORY_EVIDENCE,Git commit a1cd457345587670133bfc58af1cafd80d038e6e; isolated reproducible build
https://echobuddha.com/quotes/impermanence/change-is-how-life-continues/,quotes,Impermanence Buddhist Quote: Change Is How Life Continues | Echo Buddha,Impermanence Buddhist Quote: Change Is How Life Continues,897,"index, follow (implicit)",Yes,https://echobuddha.com/quotes/impermanence/change-is-how-life-continues/,Yes,2b837210c91cc5d59488d0ccc5c730b2a6bd985fa51306c8fdb32e3c5ce443fe,PRIMARY_REPOSITORY_EVIDENCE,Git commit a1cd457345587670133bfc58af1cafd80d038e6e; isolated reproducible build
https://echobuddha.com/quotes/impermanence/change-takes-nothing-personally-it-simply-continues/,quotes,Original Impermanence Reflection: Change takes nothing personally; it... | Echo Buddha,Original Impermanence Reflection: Change takes nothing personally; it...,877,"index, follow (implicit)",Yes,https://echobuddha.com/quotes/impermanence/change-takes-nothing-personally-it-simply-continues/,Yes,0b792f02b66ffbdf4129e74308f4ae894a8f4aef98cd782b27c44d4f73f0f3b4,PRIMARY_REPOSITORY_EVIDENCE,Git commit a1cd457345587670133bfc58af1cafd80d038e6e; isolated reproducible build
https://echobuddha.com/quotes/impermanence/everything-changes-including-the-part-of-you-that-fears/,quotes,"Original Impermanence Reflection: Everything changes, including the part... | Echo Buddha","Original Impermanence Reflection: Everything changes, including the part...",898,"index, follow (implicit)",Yes,https://echobuddha.com/quotes/impermanence/everything-changes-including-the-part-of-you-that-fears/,Yes,8b868475bea7b31da76dc660a7f7ed3c8bbb0e7ca73790e2251799ba66044259,PRIMARY_REPOSITORY_EVIDENCE,Git commit a1cd457345587670133bfc58af1cafd80d038e6e; isolated reproducible build
https://echobuddha.com/quotes/impermanence/hold-each-day-carefully-knowing-it-cannot-be-held/,quotes,"Original Impermanence Reflection: Hold each day carefully, knowing... | Echo Buddha","Original Impermanence Reflection: Hold each day carefully, knowing...",904,"noindex, follow",No,https://echobuddha.com/quotes/impermanence/hold-each-day-carefully-knowing-it-cannot-be-held/,No,c048b1e1b5b8660a3651d5163f1c2e50d6cf67fc1477e1431f2c97b4afb542ae,PRIMARY_REPOSITORY_EVIDENCE,Git commit a1cd457345587670133bfc58af1cafd80d038e6e; isolated reproducible build
https://echobuddha.com/quotes/impermanence/,quotes,Original Impermanence Quotes Inspired by Buddhist Practice | Echo Buddha,Original Impermanence Quotes,541,"index, follow (implicit)",Yes,https://echobuddha.com/quotes/impermanence/,Yes,920618ed7fdf4a5d84d173d8af8490c16d1e894c2860e767ada8c78b367db976,PRIMARY_REPOSITORY_EVIDENCE,Git commit a1cd457345587670133bfc58af1cafd80d038e6e; isolated reproducible build
https://echobuddha.com/quotes/impermanence/meet-change-softly/,quotes,Buddhist Quote About Change: Meet Change Softly | Echo Buddha,Buddhist Quote About Change: Meet Change Softly,862,"index, follow (implicit)",Yes,https://echobuddha.com/quotes/impermanence/meet-change-softly/,Yes,fd0f36d8f9240e78f0f86fd61190d54b6bd8dffd63ea8dcdde81aaa6f34069c3,PRIMARY_REPOSITORY_EVIDENCE,Git commit a1cd457345587670133bfc58af1cafd80d038e6e; isolated reproducible build
https://echobuddha.com/quotes/impermanence/no-season-is-asked-to-remain-in-order-to/,quotes,Original Impermanence Reflection: No season is asked to... | Echo Buddha,Original Impermanence Reflection: No season is asked to...,908,"noindex, follow",No,https://echobuddha.com/quotes/impermanence/no-season-is-asked-to-remain-in-order-to/,No,aa1bc683e8d6e303e28eb248a59ea65db6df6a48a41691e7d8bb26ef9421c0d6,PRIMARY_REPOSITORY_EVIDENCE,Git commit a1cd457345587670133bfc58af1cafd80d038e6e; isolated reproducible build
https://echobuddha.com/quotes/impermanence/the-fading-flower-does-not-make-its-blooming-less/,quotes,Original Impermanence Reflection: The fading flower does not... | Echo Buddha,Original Impermanence Reflection: The fading flower does not...,898,"index, follow (implicit)",Yes,https://echobuddha.com/quotes/impermanence/the-fading-flower-does-not-make-its-blooming-less/,Yes,7265c57a999faec5116387dcbf196fc9ecb84e0260c2685bce8ab2a3cfeeabb5,PRIMARY_REPOSITORY_EVIDENCE,Git commit a1cd457345587670133bfc58af1cafd80d038e6e; isolated reproducible build
https://echobuddha.com/quotes/impermanence/the-passing-of-joy-teaches-gratitude-the-passing-of/,quotes,Original Impermanence Reflection: The passing of joy teaches... | Echo Buddha,Original Impermanence Reflection: The passing of joy teaches...,919,"index, follow (implicit)",Yes,https://echobuddha.com/quotes/impermanence/the-passing-of-joy-teaches-gratitude-the-passing-of/,Yes,aee6603bac2399314aa6fd030ac34da11db064c3f98f9f354c373e2305564992,PRIMARY_REPOSITORY_EVIDENCE,Git commit a1cd457345587670133bfc58af1cafd80d038e6e; isolated reproducible build
https://echobuddha.com/quotes/impermanence/todays-certainty-may-become-tomorrows-lesson-in-humility/,quotes,Original Impermanence Reflection: Today's certainty may become tomorrow's... | Echo Buddha,Original Impermanence Reflection: Today's certainty may become tomorrow's...,875,"index, follow (implicit)",Yes,https://echobuddha.com/quotes/impermanence/todays-certainty-may-become-tomorrows-lesson-in-humility/,Yes,a7a493dfa92a44f251dfc7f3784815f296d58f4e8efe34935601a6a5bd9a4987,PRIMARY_REPOSITORY_EVIDENCE,Git commit a1cd457345587670133bfc58af1cafd80d038e6e; isolated reproducible build
https://echobuddha.com/quotes/impermanence/what-changes-is-not-always-lost-sometimes-it-is/,quotes,Original Impermanence Reflection: What changes is not always... | Echo Buddha,Original Impermanence Reflection: What changes is not always...,907,"noindex, follow",No,https://echobuddha.com/quotes/impermanence/what-changes-is-not-always-lost-sometimes-it-is/,No,5d4b4fd81d983ce24ec43daeef38222247cb2cb35db7e870c5a2c7eeba1b02e1,PRIMARY_REPOSITORY_EVIDENCE,Git commit a1cd457345587670133bfc58af1cafd80d038e6e; isolated reproducible build
https://echobuddha.com/quotes/,quotes,Original Buddhist-Inspired Quotes | Echo Buddha,Original Buddhist-Inspired Quotes,2757,"index, follow (implicit)",Yes,https://echobuddha.com/quotes/,Yes,62110fc26afe80ba28c0163d28785db53038cc40eceabdd93c6540cd7037f190,PRIMARY_REPOSITORY_EVIDENCE,Git commit a1cd457345587670133bfc58af1cafd80d038e6e; isolated reproducible build
https://echobuddha.com/quotes/letting-go/an-open-hand-can-care-for-what-a-clenched/,quotes,Original Letting Go Reflection: An open hand can care... | Echo Buddha,Original Letting Go Reflection: An open hand can care...,942,"index, follow (implicit)",Yes,https://echobuddha.com/quotes/letting-go/an-open-hand-can-care-for-what-a-clenched/,Yes,187120e6f2580cad1138bfeefb8b162bcac17422df38a27644cdbed2ea5befcf,PRIMARY_REPOSITORY_EVIDENCE,Git commit a1cd457345587670133bfc58af1cafd80d038e6e; isolated reproducible build
https://echobuddha.com/quotes/letting-go/caring-without-clinging/,quotes,Letting Go Buddhist Quote: Caring Without Clinging | Echo Buddha,Letting Go Buddhist Quote: Caring Without Clinging,909,"index, follow (implicit)",Yes,https://echobuddha.com/quotes/letting-go/caring-without-clinging/,Yes,38ccfaa2e79056ea1783489abaa66d0023e1db75b91086b1b7cacdc7890860ff,PRIMARY_REPOSITORY_EVIDENCE,Git commit a1cd457345587670133bfc58af1cafd80d038e6e; isolated reproducible build
https://echobuddha.com/quotes/letting-go/forgiveness-without-approving-harm/,quotes,Buddhist Forgiveness Quote: Release Without Approving Harm | Echo Buddha,Buddhist Forgiveness Quote: Release Without Approving Harm,882,"index, follow (implicit)",Yes,https://echobuddha.com/quotes/letting-go/forgiveness-without-approving-harm/,Yes,0064bc4b908e15ee7b5cf6ac4e5b0d375a7762301ec4cb3f18f67e2fedc623a2,PRIMARY_REPOSITORY_EVIDENCE,Git commit a1cd457345587670133bfc58af1cafd80d038e6e; isolated reproducible build
https://echobuddha.com/quotes/letting-go/freedom-often-sounds-like-the-quiet-end-of-an/,quotes,Original Letting Go Reflection: Freedom often sounds like the... | Echo Buddha,Original Letting Go Reflection: Freedom often sounds like the...,945,"noindex, follow",No,https://echobuddha.com/quotes/letting-go/freedom-often-sounds-like-the-quiet-end-of-an/,No,e80c416f63d98b437ddb1255dc9593621577a4d86016a8125c9e8b82c6f2b1b9,PRIMARY_REPOSITORY_EVIDENCE,Git commit a1cd457345587670133bfc58af1cafd80d038e6e; isolated reproducible build
https://echobuddha.com/quotes/letting-go/,quotes,Original Letting Go Quotes Inspired by Buddhist Practice | Echo Buddha,Original Letting Go Quotes,697,"index, follow (implicit)",Yes,https://echobuddha.com/quotes/letting-go/,Yes,0219aefd60ccdbd527f498c97db5d3a2dd3f129d3911dfa3df7c893e48154477,PRIMARY_REPOSITORY_EVIDENCE,Git commit a1cd457345587670133bfc58af1cafd80d038e6e; isolated reproducible build
https://echobuddha.com/quotes/letting-go/let-the-feeling-pass-through-without-building-it-a/,quotes,Original Letting Go Reflection: Let the feeling pass through... | Echo Buddha,Original Letting Go Reflection: Let the feeling pass through...,944,"noindex, follow",No,https://echobuddha.com/quotes/letting-go/let-the-feeling-pass-through-without-building-it-a/,No,7dafa9cfb426d0da312be5166f2fc604620486ad1b3ec764aa3962cb405456cb,PRIMARY_REPOSITORY_EVIDENCE,Git commit a1cd457345587670133bfc58af1cafd80d038e6e; isolated reproducible build
https://echobuddha.com/quotes/letting-go/letting-go-begins-by-admitting-how-tightly-you-are/,quotes,Original Letting Go Reflection: Letting go begins by admitting... | Echo Buddha,Original Letting Go Reflection: Letting go begins by admitting...,931,"index, follow (implicit)",Yes,https://echobuddha.com/quotes/letting-go/letting-go-begins-by-admitting-how-tightly-you-are/,Yes,8217d838575ff2bc54d533280a8eaa10360d29c415ae010e3393b7af8375ab2d,PRIMARY_REPOSITORY_EVIDENCE,Git commit a1cd457345587670133bfc58af1cafd80d038e6e; isolated reproducible build
https://echobuddha.com/quotes/letting-go/open-hands-non-attachment/,quotes,Non Attachment Quote: Hold Life With Open Hands | Echo Buddha,Non Attachment Quote: Hold Life With Open Hands,896,"index, follow (implicit)",Yes,https://echobuddha.com/quotes/letting-go/open-hands-non-attachment/,Yes,12982aa0717712cbd642a409cd58c45e3732256c05ee0b413a0f6e2937c85566,PRIMARY_REPOSITORY_EVIDENCE,Git commit a1cd457345587670133bfc58af1cafd80d038e6e; isolated reproducible build
https://echobuddha.com/quotes/letting-go/peace-enters-when-control-is-no-longer-the-price/,quotes,Original Letting Go Reflection: Peace enters when control is... | Echo Buddha,Original Letting Go Reflection: Peace enters when control is...,976,"index, follow (implicit)",Yes,https://echobuddha.com/quotes/letting-go/peace-enters-when-control-is-no-longer-the-price/,Yes,df408007c3ee0bf0aa6f90a0aac9559437badf5ce4907c633e9f51835f2efe52,PRIMARY_REPOSITORY_EVIDENCE,Git commit a1cd457345587670133bfc58af1cafd80d038e6e; isolated reproducible build
https://echobuddha.com/quotes/letting-go/release-the-need-to-replay-what-can-no-longer/,quotes,Original Letting Go Reflection: Release the need to replay... | Echo Buddha,Original Letting Go Reflection: Release the need to replay...,943,"index, follow (implicit)",Yes,https://echobuddha.com/quotes/letting-go/release-the-need-to-replay-what-can-no-longer/,Yes,93b5665f474f1dc43d250486cd50e832f769f63555769d0f72572430884781f9,PRIMARY_REPOSITORY_EVIDENCE,Git commit a1cd457345587670133bfc58af1cafd80d038e6e; isolated reproducible build
https://echobuddha.com/quotes/letting-go/release-the-outcome-but-keep-the-care-you-bring/,quotes,"Original Letting Go Reflection: Release the outcome, but keep... | Echo Buddha","Original Letting Go Reflection: Release the outcome, but keep...",966,"noindex, follow",No,https://echobuddha.com/quotes/letting-go/release-the-outcome-but-keep-the-care-you-bring/,No,53241a830d25ccb89a1e7eeb82667ae63750dc86e49859bc781cc8a9cb182990,PRIMARY_REPOSITORY_EVIDENCE,Git commit a1cd457345587670133bfc58af1cafd80d038e6e; isolated reproducible build
https://echobuddha.com/quotes/letting-go/soften-around-stress/,quotes,Buddhist Quote for Stress: Soften Around Pressure | Echo Buddha,Buddhist Quote for Stress: Soften Around Pressure,888,"index, follow (implicit)",Yes,https://echobuddha.com/quotes/letting-go/soften-around-stress/,Yes,8088ec1c5f2e3a38a5b3a1d68bc3839c57d13ad1e516f1674f8417b4a191be0c,PRIMARY_REPOSITORY_EVIDENCE,Git commit a1cd457345587670133bfc58af1cafd80d038e6e; isolated reproducible build
https://echobuddha.com/quotes/letting-go/what-leaves-your-life-may-still-leave-wisdom-behind/,quotes,Original Letting Go Reflection: What leaves your life may... | Echo Buddha,Original Letting Go Reflection: What leaves your life may...,919,"noindex, follow",No,https://echobuddha.com/quotes/letting-go/what-leaves-your-life-may-still-leave-wisdom-behind/,No,91770675d32a0449d985f8494facecfd8bf589a9fb6312157edb46fa66e2a8aa,PRIMARY_REPOSITORY_EVIDENCE,Git commit a1cd457345587670133bfc58af1cafd80d038e6e; isolated reproducible build
https://echobuddha.com/quotes/letting-go/where-attachment-begins/,quotes,Buddhist Attachment Quote: Noticing Where Clinging Begins | Echo Buddha,Buddhist Attachment Quote: Noticing Where Clinging Begins,854,"index, follow (implicit)",Yes,https://echobuddha.com/quotes/letting-go/where-attachment-begins/,Yes,66f013da194f9483b5a17d7f1bd49156190954dadd517e55c791de61988677e2,PRIMARY_REPOSITORY_EVIDENCE,Git commit a1cd457345587670133bfc58af1cafd80d038e6e; isolated reproducible build
https://echobuddha.com/quotes/letting-go/you-can-honor-the-past-without-asking-it-to/,quotes,Original Letting Go Reflection: You can honor the past... | Echo Buddha,Original Letting Go Reflection: You can honor the past...,959,"index, follow (implicit)",Yes,https://echobuddha.com/quotes/letting-go/you-can-honor-the-past-without-asking-it-to/,Yes,f2c985875b4f1e933979fc5cb0e47c9c3c299d0a350885173db19f7f6813d832,PRIMARY_REPOSITORY_EVIDENCE,Git commit a1cd457345587670133bfc58af1cafd80d038e6e; isolated reproducible build
https://echobuddha.com/quotes/letting-go/you-do-not-betray-a-memory-by-allowing-yourself/,quotes,Original Letting Go Reflection: You do not betray a... | Echo Buddha,Original Letting Go Reflection: You do not betray a...,954,"noindex, follow",No,https://echobuddha.com/quotes/letting-go/you-do-not-betray-a-memory-by-allowing-yourself/,No,16bbbe9c753307a950c61c3089418910b60d502e829d67f4f64ee8f3ac19011e,PRIMARY_REPOSITORY_EVIDENCE,Git commit a1cd457345587670133bfc58af1cafd80d038e6e; isolated reproducible build
https://echobuddha.com/quotes/letting-go/you-do-not-need-to-carry-every-thought-that/,quotes,Original Letting Go Reflection: You do not need to... | Echo Buddha,Original Letting Go Reflection: You do not need to...,940,"index, follow (implicit)",Yes,https://echobuddha.com/quotes/letting-go/you-do-not-need-to-carry-every-thought-that/,Yes,6073f7681a7d31c545f11f073cabd563e170a64dd541607a79b735b6f3b9428e,PRIMARY_REPOSITORY_EVIDENCE,Git commit a1cd457345587670133bfc58af1cafd80d038e6e; isolated reproducible build
https://echobuddha.com/quotes/meditation/a-short-sincere-practice-can-steady-a-long-and/,quotes,Original Meditation Reflection: A short sincere practice can... | Echo Buddha,Original Meditation Reflection: A short sincere practice can...,944,"index, follow (implicit)",Yes,https://echobuddha.com/quotes/meditation/a-short-sincere-practice-can-steady-a-long-and/,Yes,f6e17dd5e54b367f7fca2d8985d929d6fd963ad02c4e62694a67c752537c9509,PRIMARY_REPOSITORY_EVIDENCE,Git commit a1cd457345587670133bfc58af1cafd80d038e6e; isolated reproducible build
https://echobuddha.com/quotes/meditation/do-not-search-meditation-for-a-special-self-notice/,quotes,Original Meditation Reflection: Do not search meditation for... | Echo Buddha,Original Meditation Reflection: Do not search meditation for...,942,"noindex, follow",No,https://echobuddha.com/quotes/meditation/do-not-search-meditation-for-a-special-self-notice/,No,4b174e541b28e0b25b72dc9b3852585b0f36fbf66e456a72d157f6548f38b163,PRIMARY_REPOSITORY_EVIDENCE,Git commit a1cd457345587670133bfc58af1cafd80d038e6e; isolated reproducible build
https://echobuddha.com/quotes/meditation/every-return-from-distraction-strengthens-the-path-home/,quotes,Original Meditation Reflection: Every return from distraction strengthens... | Echo Buddha,Original Meditation Reflection: Every return from distraction strengthens...,885,"noindex, follow",No,https://echobuddha.com/quotes/meditation/every-return-from-distraction-strengthens-the-path-home/,No,a95968c8beaaed7c9bc4356117a1d772d529fb0a2099244c2bbc1ed228bcd967,PRIMARY_REPOSITORY_EVIDENCE,Git commit a1cd457345587670133bfc58af1cafd80d038e6e; isolated reproducible build
https://echobuddha.com/quotes/meditation/few-quiet-minutes/,quotes,Beginner Meditation Wisdom: A Few Quiet Minutes | Echo Buddha,Beginner Meditation Wisdom: A Few Quiet Minutes,923,"index, follow (implicit)",Yes,https://echobuddha.com/quotes/meditation/few-quiet-minutes/,Yes,a12bf33123df60fcbd14b4eeccb55117a5aa5b9435d1385305653976735e912b,PRIMARY_REPOSITORY_EVIDENCE,Git commit a1cd457345587670133bfc58af1cafd80d038e6e; isolated reproducible build
https://echobuddha.com/quotes/meditation/follow-the-breath-lightly-as-you-would-listen-to/,quotes,"Original Meditation Reflection: Follow the breath lightly, as... | Echo Buddha","Original Meditation Reflection: Follow the breath lightly, as...",907,"index, follow (implicit)",Yes,https://echobuddha.com/quotes/meditation/follow-the-breath-lightly-as-you-would-listen-to/,Yes,40cb37af1202608e1bd2585e6f5252c7e449644bed4c47c819eddafdd13fbce6,PRIMARY_REPOSITORY_EVIDENCE,Git commit a1cd457345587670133bfc58af1cafd80d038e6e; isolated reproducible build
https://echobuddha.com/quotes/meditation/,quotes,Original Meditation Quotes Inspired by Buddhist Practice | Echo Buddha,Original Meditation Quotes,577,"index, follow (implicit)",Yes,https://echobuddha.com/quotes/meditation/,Yes,fbe7e57b4d9c51ea2b43742893f936b16135904607e03e97f4820f0f7c9bf9c8,PRIMARY_REPOSITORY_EVIDENCE,Git commit a1cd457345587670133bfc58af1cafd80d038e6e; isolated reproducible build
https://echobuddha.com/quotes/meditation/meditation-is-not-leaving-life-it-is-learning-how/,quotes,Original Meditation Reflection: Meditation is not leaving life;... | Echo Buddha,Original Meditation Reflection: Meditation is not leaving life;...,931,"index, follow (implicit)",Yes,https://echobuddha.com/quotes/meditation/meditation-is-not-leaving-life-it-is-learning-how/,Yes,ea861f9b3bd6e12226bb65716ef88827b7f1edcb16258334bd27a4bb66316e75,PRIMARY_REPOSITORY_EVIDENCE,Git commit a1cd457345587670133bfc58af1cafd80d038e6e; isolated reproducible build
https://echobuddha.com/quotes/meditation/meditation-is-returning/,quotes,Meditation Quote for Beginners: Meditation Is Returning | Echo Buddha,Meditation Quote for Beginners: Meditation Is Returning,911,"index, follow (implicit)",Yes,https://echobuddha.com/quotes/meditation/meditation-is-returning/,Yes,44fe79b9741a202813762300f98e5775f84d1fb8631cbd1ca3d47a803d3510d9,PRIMARY_REPOSITORY_EVIDENCE,Git commit a1cd457345587670133bfc58af1cafd80d038e6e; isolated reproducible build
https://echobuddha.com/quotes/meditation/one-honest-breath/,quotes,Mindful Breathing Quote: One Honest Breath | Echo Buddha,Mindful Breathing Quote: One Honest Breath,924,"index, follow (implicit)",Yes,https://echobuddha.com/quotes/meditation/one-honest-breath/,Yes,afe1edddec8a11f937fe4a92b96b460ab26e4c35127296f71e3db5279014bfbd,PRIMARY_REPOSITORY_EVIDENCE,Git commit a1cd457345587670133bfc58af1cafd80d038e6e; isolated reproducible build
https://echobuddha.com/quotes/meditation/silence-is-not-empty-when-the-heart-is-listening/,quotes,Original Meditation Reflection: Silence is not empty when... | Echo Buddha,Original Meditation Reflection: Silence is not empty when...,898,"index, follow (implicit)",Yes,https://echobuddha.com/quotes/meditation/silence-is-not-empty-when-the-heart-is-listening/,Yes,902f1f438a785aad4c6c0f307a43bcbf673791cd2893d0c91393213e9bf66715,PRIMARY_REPOSITORY_EVIDENCE,Git commit a1cd457345587670133bfc58af1cafd80d038e6e; isolated reproducible build
https://echobuddha.com/quotes/meditation/sit-with-the-day-as-it-is-before-asking/,quotes,Original Meditation Reflection: Sit with the day as... | Echo Buddha,Original Meditation Reflection: Sit with the day as...,941,"noindex, follow",No,https://echobuddha.com/quotes/meditation/sit-with-the-day-as-it-is-before-asking/,No,b1475410bcc53aec71396e212e69354acf32445345dc2fb54c0423717f84168d,PRIMARY_REPOSITORY_EVIDENCE,Git commit a1cd457345587670133bfc58af1cafd80d038e6e; isolated reproducible build
https://echobuddha.com/quotes/meditation/sit-without-demanding-silence-and-the-mind-will-teach/,quotes,"Original Meditation Reflection: Sit without demanding silence, and... | Echo Buddha","Original Meditation Reflection: Sit without demanding silence, and...",941,"index, follow (implicit)",Yes,https://echobuddha.com/quotes/meditation/sit-without-demanding-silence-and-the-mind-will-teach/,Yes,70b7b52a89892e5af3ddead670e3e1064bb054945f25a73ee786f40f0267dc23,PRIMARY_REPOSITORY_EVIDENCE,Git commit a1cd457345587670133bfc58af1cafd80d038e6e; isolated reproducible build
https://echobuddha.com/quotes/meditation/the-bell-fades-but-careful-listening-can-continue/,quotes,"Original Meditation Reflection: The bell fades, but careful... | Echo Buddha","Original Meditation Reflection: The bell fades, but careful...",890,"noindex, follow",No,https://echobuddha.com/quotes/meditation/the-bell-fades-but-careful-listening-can-continue/,No,8c7130b0e923eec8935855e8f02bfaf28d9bfd61a1cc6aef66c0ff9b99a97f91,PRIMARY_REPOSITORY_EVIDENCE,Git commit a1cd457345587670133bfc58af1cafd80d038e6e; isolated reproducible build
https://echobuddha.com/quotes/meditation/the-cushion-is-a-place-to-practice-returning-not/,quotes,Original Meditation Reflection: The cushion is a place... | Echo Buddha,Original Meditation Reflection: The cushion is a place...,956,"index, follow (implicit)",Yes,https://echobuddha.com/quotes/meditation/the-cushion-is-a-place-to-practice-returning-not/,Yes,34600bb30d51d0abe306106ce2e249808a68a1a41d9ba03bb882120c1de9cd95,PRIMARY_REPOSITORY_EVIDENCE,Git commit a1cd457345587670133bfc58af1cafd80d038e6e; isolated reproducible build
https://echobuddha.com/quotes/meditation/when-stillness-feels-impossible-begin-by-noticing-the-restlessness/,quotes,"Original Meditation Reflection: When stillness feels impossible, begin... | Echo Buddha","Original Meditation Reflection: When stillness feels impossible, begin...",909,"noindex, follow",No,https://echobuddha.com/quotes/meditation/when-stillness-feels-impossible-begin-by-noticing-the-restlessness/,No,8bbab1288fec24f286c8507d096ecafe91e80931d5c1f46c79de0fd4fbb30c34,PRIMARY_REPOSITORY_EVIDENCE,Git commit a1cd457345587670133bfc58af1cafd80d038e6e; isolated reproducible build
https://echobuddha.com/quotes/mindfulness/a-peaceful-mind-begins-with-one-honest-breath/,quotes,Original Mindfulness Reflection: A peaceful mind begins with... | Echo Buddha,Original Mindfulness Reflection: A peaceful mind begins with...,915,"index, follow (implicit)",Yes,https://echobuddha.com/quotes/mindfulness/a-peaceful-mind-begins-with-one-honest-breath/,Yes,3fb1592c9df678c4fe1f852d89284abeceaa3c5d0deae2397b9e237507e36501,PRIMARY_REPOSITORY_EVIDENCE,Git commit a1cd457345587670133bfc58af1cafd80d038e6e; isolated reproducible build
https://echobuddha.com/quotes/mindfulness/a-wandering-mind-is-not-a-failed-mind-it/,quotes,Original Mindfulness Reflection: A wandering mind is not... | Echo Buddha,Original Mindfulness Reflection: A wandering mind is not...,983,"noindex, follow",No,https://echobuddha.com/quotes/mindfulness/a-wandering-mind-is-not-a-failed-mind-it/,No,8bde7abcdbf5799edd81039b17ee3e6c6ace0c3cce9e8abc24ec99017e31bebc,PRIMARY_REPOSITORY_EVIDENCE,Git commit a1cd457345587670133bfc58af1cafd80d038e6e; isolated reproducible build
https://echobuddha.com/quotes/mindfulness/awareness-begins-when-hurry-loosens-its-hold/,quotes,Original Mindfulness Reflection: Awareness begins when hurry loosens... | Echo Buddha,Original Mindfulness Reflection: Awareness begins when hurry loosens...,879,"noindex, follow",No,https://echobuddha.com/quotes/mindfulness/awareness-begins-when-hurry-loosens-its-hold/,No,ec688a5c7398803e3d4dec32307b42f56523a5c41589629e9121831d60c704c8,PRIMARY_REPOSITORY_EVIDENCE,Git commit a1cd457345587670133bfc58af1cafd80d038e6e; isolated reproducible build
https://echobuddha.com/quotes/mindfulness/begin-the-day-with-awareness/,quotes,Mindfulness Quote for Daily Life: Begin the Day With Awareness | Echo Buddha,Mindfulness Quote for Daily Life: Begin the Day With Awareness,978,"index, follow (implicit)",Yes,https://echobuddha.com/quotes/mindfulness/begin-the-day-with-awareness/,Yes,d3e52a4d509dda45f3a68b296638fbb58b4a28d98ef2bf52a9e856227d5ccbda,PRIMARY_REPOSITORY_EVIDENCE,Git commit a1cd457345587670133bfc58af1cafd80d038e6e; isolated reproducible build
https://echobuddha.com/quotes/mindfulness/give-one-ordinary-task-the-dignity-of-your-full/,quotes,Original Mindfulness Reflection: Give one ordinary task the... | Echo Buddha,Original Mindfulness Reflection: Give one ordinary task the...,908,"noindex, follow",No,https://echobuddha.com/quotes/mindfulness/give-one-ordinary-task-the-dignity-of-your-full/,No,8df0f804365b20cdab19eb83debff3c0145d039e6ef3c92a2bd2438c2a596765,PRIMARY_REPOSITORY_EVIDENCE,Git commit a1cd457345587670133bfc58af1cafd80d038e6e; isolated reproducible build
https://echobuddha.com/quotes/mindfulness/gratitude-notices-enough/,quotes,Gratitude Mindfulness Quote: Noticing Enough | Echo Buddha,Gratitude Mindfulness Quote: Noticing Enough,881,"index, follow (implicit)",Yes,https://echobuddha.com/quotes/mindfulness/gratitude-notices-enough/,Yes,b78d157f7548f7d34b32149da6a52e7550c657bd550ead9407294c6b009d12a5,PRIMARY_REPOSITORY_EVIDENCE,Git commit a1cd457345587670133bfc58af1cafd80d038e6e; isolated reproducible build
https://echobuddha.com/quotes/mindfulness/ground-yourself-gently/,quotes,Mindfulness Quote for Anxiety: Ground Yourself Gently | Echo Buddha,Mindfulness Quote for Anxiety: Ground Yourself Gently,896,"index, follow (implicit)",Yes,https://echobuddha.com/quotes/mindfulness/ground-yourself-gently/,Yes,6973d18902b3cdaea49423ec02ee53a54b365e41c3aab4b46304943612804ac3,PRIMARY_REPOSITORY_EVIDENCE,Git commit a1cd457345587670133bfc58af1cafd80d038e6e; isolated reproducible build
https://echobuddha.com/quotes/mindfulness/,quotes,Original Mindfulness Quotes Inspired by Buddhist Practice | Echo Buddha,Original Mindfulness Quotes,649,"index, follow (implicit)",Yes,https://echobuddha.com/quotes/mindfulness/,Yes,db2b810fa158e560d3ce0885188c09cd5b5f98384c61fc866cd065221107be2c,PRIMARY_REPOSITORY_EVIDENCE,Git commit a1cd457345587670133bfc58af1cafd80d038e6e; isolated reproducible build
https://echobuddha.com/quotes/mindfulness/listen-before-answering/,quotes,Mindful Listening Quote: Listen Before Answering | Echo Buddha,Mindful Listening Quote: Listen Before Answering,906,"index, follow (implicit)",Yes,https://echobuddha.com/quotes/mindfulness/listen-before-answering/,Yes,81d9be03cc936e1f0ae71d2861546730071f0a87ceed8e69b33e9ccd77b4d221,PRIMARY_REPOSITORY_EVIDENCE,Git commit a1cd457345587670133bfc58af1cafd80d038e6e; isolated reproducible build
https://echobuddha.com/quotes/mindfulness/listen-to-the-moment-before-filling-it-with-your/,quotes,Original Mindfulness Reflection: Listen to the moment before... | Echo Buddha,Original Mindfulness Reflection: Listen to the moment before...,935,"noindex, follow",No,https://echobuddha.com/quotes/mindfulness/listen-to-the-moment-before-filling-it-with-your/,No,e244b0d37781e552535bd09fb4abdb17aa05c9d32a57df69b2c358b101836c58,PRIMARY_REPOSITORY_EVIDENCE,Git commit a1cd457345587670133bfc58af1cafd80d038e6e; isolated reproducible build
https://echobuddha.com/quotes/mindfulness/notice-what-is-here-before-deciding-what-it-means/,quotes,Original Mindfulness Reflection: Notice what is here before... | Echo Buddha,Original Mindfulness Reflection: Notice what is here before...,900,"index, follow (implicit)",Yes,https://echobuddha.com/quotes/mindfulness/notice-what-is-here-before-deciding-what-it-means/,Yes,5db4144d06b18b5cc610b7343e365af976c44590d2630b9eea96d835da0db06d,PRIMARY_REPOSITORY_EVIDENCE,Git commit a1cd457345587670133bfc58af1cafd80d038e6e; isolated reproducible build
https://echobuddha.com/quotes/mindfulness/one-mindful-pause-can-change-the-direction-of-an/,quotes,Original Mindfulness Reflection: One mindful pause can change... | Echo Buddha,Original Mindfulness Reflection: One mindful pause can change...,924,"index, follow (implicit)",Yes,https://echobuddha.com/quotes/mindfulness/one-mindful-pause-can-change-the-direction-of-an/,Yes,d3c854b3d3424e4ece7217448642791bdbc322f76d3805a05a52358f417e064a,PRIMARY_REPOSITORY_EVIDENCE,Git commit a1cd457345587670133bfc58af1cafd80d038e6e; isolated reproducible build
https://echobuddha.com/quotes/mindfulness/peace-begins-with-attention/,quotes,Inner Peace Buddhist Quote: Peace Begins With Attention | Echo Buddha,Inner Peace Buddhist Quote: Peace Begins With Attention,917,"index, follow (implicit)",Yes,https://echobuddha.com/quotes/mindfulness/peace-begins-with-attention/,Yes,8251362cb39094ebd03cb6fef6bfd79bce74e8684e4e78db48922e918a737588,PRIMARY_REPOSITORY_EVIDENCE,Git commit a1cd457345587670133bfc58af1cafd80d038e6e; isolated reproducible build
https://echobuddha.com/quotes/mindfulness/peace-grows-when-attention-stops-running-ahead-of-the/,quotes,Original Mindfulness Reflection: Peace grows when attention stops... | Echo Buddha,Original Mindfulness Reflection: Peace grows when attention stops...,911,"index, follow (implicit)",Yes,https://echobuddha.com/quotes/mindfulness/peace-grows-when-attention-stops-running-ahead-of-the/,Yes,72e5a30fb6db0e990746980e1a9d20d85647ba0b15026bf58e85e63f99051ca8,PRIMARY_REPOSITORY_EVIDENCE,Git commit a1cd457345587670133bfc58af1cafd80d038e6e; isolated reproducible build
https://echobuddha.com/quotes/mindfulness/present-moment-one-step/,quotes,"Present Moment Quote: One Breath, One Sound, One Step | Echo Buddha","Present Moment Quote: One Breath, One Sound, One Step",922,"index, follow (implicit)",Yes,https://echobuddha.com/quotes/mindfulness/present-moment-one-step/,Yes,54ed2e0d8c1a05e63df87120e3d089f6da03b0d7e1a8ea8f6071e50a77c1059c,PRIMARY_REPOSITORY_EVIDENCE,Git commit a1cd457345587670133bfc58af1cafd80d038e6e; isolated reproducible build
https://echobuddha.com/quotes/mindfulness/return-to-the-breath-before-you-return-to-the/,quotes,Original Mindfulness Reflection: Return to the breath before... | Echo Buddha,Original Mindfulness Reflection: Return to the breath before...,921,"index, follow (implicit)",Yes,https://echobuddha.com/quotes/mindfulness/return-to-the-breath-before-you-return-to-the/,Yes,8a710bd665498f67af98de21081edf036d3469a711c7a4739021e9eba975525b,PRIMARY_REPOSITORY_EVIDENCE,Git commit a1cd457345587670133bfc58af1cafd80d038e6e; isolated reproducible build
https://echobuddha.com/quotes/mindfulness/the-more-clearly-you-notice-life-the-less-carelessly/,quotes,Original Mindfulness Reflection: The more clearly you notice... | Echo Buddha,Original Mindfulness Reflection: The more clearly you notice...,944,"noindex, follow",No,https://echobuddha.com/quotes/mindfulness/the-more-clearly-you-notice-life-the-less-carelessly/,No,36252e3639c126321810dc49e9c8f15f650e826e9ba583e2bda4e4b0e7f4a54e,PRIMARY_REPOSITORY_EVIDENCE,Git commit a1cd457345587670133bfc58af1cafd80d038e6e; isolated reproducible build
https://echobuddha.com/quotes/mindfulness/the-present-moment-asks-for-your-attention-not-your/,quotes,Original Mindfulness Reflection: The present moment asks for... | Echo Buddha,Original Mindfulness Reflection: The present moment asks for...,914,"index, follow (implicit)",Yes,https://echobuddha.com/quotes/mindfulness/the-present-moment-asks-for-your-attention-not-your/,Yes,e01424aec6faa1dccc4b573a741b6ab3de06c792cfff71a122170fa0a6736343,PRIMARY_REPOSITORY_EVIDENCE,Git commit a1cd457345587670133bfc58af1cafd80d038e6e; isolated reproducible build
https://echobuddha.com/quotes/patience/a-difficult-moment-becomes-heavier-when-we-demand-that/,quotes,Original Patience Reflection: A difficult moment becomes heavier... | Echo Buddha,Original Patience Reflection: A difficult moment becomes heavier...,954,"noindex, follow",No,https://echobuddha.com/quotes/patience/a-difficult-moment-becomes-heavier-when-we-demand-that/,No,32dfb5450f5cf6ca3c3454566272ecc200e923fcd026c1d7f66e4782aac9c363,PRIMARY_REPOSITORY_EVIDENCE,Git commit a1cd457345587670133bfc58af1cafd80d038e6e; isolated reproducible build
https://echobuddha.com/quotes/patience/be-patient-with-the-part-of-you-that-is/,quotes,Original Patience Reflection: Be patient with the part... | Echo Buddha,Original Patience Reflection: Be patient with the part...,980,"index, follow (implicit)",Yes,https://echobuddha.com/quotes/patience/be-patient-with-the-part-of-you-that-is/,Yes,384d9041d11f7ac60ca4ae08db78c05172278ae62f27701f20a0de465006cdbe,PRIMARY_REPOSITORY_EVIDENCE,Git commit a1cd457345587670133bfc58af1cafd80d038e6e; isolated reproducible build
https://echobuddha.com/quotes/patience/family-kindness-and-patience/,quotes,Kindness in Family Quote: Patience With People Close to Us | Echo Buddha,Kindness in Family Quote: Patience With People Close to Us,909,"index, follow (implicit)",Yes,https://echobuddha.com/quotes/patience/family-kindness-and-patience/,Yes,0392d95b5206f215b79a6ab14505e9569e25790ea71b74fdb0f12e7d847aed2c,PRIMARY_REPOSITORY_EVIDENCE,Git commit a1cd457345587670133bfc58af1cafd80d038e6e; isolated reproducible build
https://echobuddha.com/quotes/patience/growth-is-quiet-work-often-invisible-until-the-season/,quotes,"Original Patience Reflection: Growth is quiet work, often... | Echo Buddha","Original Patience Reflection: Growth is quiet work, often...",923,"index, follow (implicit)",Yes,https://echobuddha.com/quotes/patience/growth-is-quiet-work-often-invisible-until-the-season/,Yes,b868d99d24b651db5e908322313c1ad4ceb9157c1bcffe3a03d42fe6ec0f5dc1,PRIMARY_REPOSITORY_EVIDENCE,Git commit a1cd457345587670133bfc58af1cafd80d038e6e; isolated reproducible build
https://echobuddha.com/quotes/patience/,quotes,Original Patience Quotes Inspired by Buddhist Practice | Echo Buddha,Original Patience Quotes,648,"index, follow (implicit)",Yes,https://echobuddha.com/quotes/patience/,Yes,dee1b3a97a8dbfbc967201c1d37464aae76295cf7a2ff35eda91c275ac5784be,PRIMARY_REPOSITORY_EVIDENCE,Git commit a1cd457345587670133bfc58af1cafd80d038e6e; isolated reproducible build
https://echobuddha.com/quotes/patience/not-every-delay-is-an-obstacle-some-are-invitations/,quotes,Original Patience Reflection: Not every delay is an... | Echo Buddha,Original Patience Reflection: Not every delay is an...,948,"index, follow (implicit)",Yes,https://echobuddha.com/quotes/patience/not-every-delay-is-an-obstacle-some-are-invitations/,Yes,ae57d7aab5431cf48304c4a0695f363c5e31b22afc10d881b03b32a96271a398,PRIMARY_REPOSITORY_EVIDENCE,Git commit a1cd457345587670133bfc58af1cafd80d038e6e; isolated reproducible build
https://echobuddha.com/quotes/patience/patience-is-the-strength-to-remain-present-while-life/,quotes,Original Patience Reflection: Patience is the strength to... | Echo Buddha,Original Patience Reflection: Patience is the strength to...,971,"index, follow (implicit)",Yes,https://echobuddha.com/quotes/patience/patience-is-the-strength-to-remain-present-while-life/,Yes,681393df0fd9f443c5b215a8f4e0af76074fbc19a03f14ea695bcdc4b3a9cd51,PRIMARY_REPOSITORY_EVIDENCE,Git commit a1cd457345587670133bfc58af1cafd80d038e6e; isolated reproducible build
https://echobuddha.com/quotes/patience/patience-makes-room-for-truth-to-arrive-without-force/,quotes,Original Patience Reflection: Patience makes room for truth... | Echo Buddha,Original Patience Reflection: Patience makes room for truth...,915,"noindex, follow",No,https://echobuddha.com/quotes/patience/patience-makes-room-for-truth-to-arrive-without-force/,No,873a565c9f000b96bf629c8d5f85ac8fa93772172afb01eeb9893d786236ebd5,PRIMARY_REPOSITORY_EVIDENCE,Git commit a1cd457345587670133bfc58af1cafd80d038e6e; isolated reproducible build
https://echobuddha.com/quotes/patience/patience-softens-the-wait/,quotes,Patience Buddhist Quote: Softening During Delay | Echo Buddha,Patience Buddhist Quote: Softening During Delay,891,"index, follow (implicit)",Yes,https://echobuddha.com/quotes/patience/patience-softens-the-wait/,Yes,c4295d411778795285655c21c79ff8a22c6df5fd1b65912e9ccf1e053571077d,PRIMARY_REPOSITORY_EVIDENCE,Git commit a1cd457345587670133bfc58af1cafd80d038e6e; isolated reproducible build
https://echobuddha.com/quotes/patience/some-answers-become-clear-only-after-the-mind-stops/,quotes,Original Patience Reflection: Some answers become clear only... | Echo Buddha,Original Patience Reflection: Some answers become clear only...,948,"noindex, follow",No,https://echobuddha.com/quotes/patience/some-answers-become-clear-only-after-the-mind-stops/,No,f813d3fb3e449a5f9ca184314fe403796e9508726f200249c332b6454e2d94ae,PRIMARY_REPOSITORY_EVIDENCE,Git commit a1cd457345587670133bfc58af1cafd80d038e6e; isolated reproducible build
https://echobuddha.com/quotes/patience/stay-gentle-with-beginnings-they-are-carrying-more-than/,quotes,Original Patience Reflection: Stay gentle with beginnings; they... | Echo Buddha,Original Patience Reflection: Stay gentle with beginnings; they...,945,"noindex, follow",No,https://echobuddha.com/quotes/patience/stay-gentle-with-beginnings-they-are-carrying-more-than/,No,421921d9a2bd3a04deafeeeebf27e802a77080e1df529fc2a7230b3cef48a473,PRIMARY_REPOSITORY_EVIDENCE,Git commit a1cd457345587670133bfc58af1cafd80d038e6e; isolated reproducible build
https://echobuddha.com/quotes/patience/the-path-unfolds-at-the-pace-of-sincere-practice/,quotes,Original Patience Reflection: The path unfolds at the... | Echo Buddha,Original Patience Reflection: The path unfolds at the...,970,"noindex, follow",No,https://echobuddha.com/quotes/patience/the-path-unfolds-at-the-pace-of-sincere-practice/,No,3986b72dec2f52f8b2627533c3772c86e9d73b210fbadff34630f08eb1279c5b,PRIMARY_REPOSITORY_EVIDENCE,Git commit a1cd457345587670133bfc58af1cafd80d038e6e; isolated reproducible build
https://echobuddha.com/quotes/patience/wait-long-enough-for-the-first-reaction-to-become/,quotes,Original Patience Reflection: Wait long enough for the... | Echo Buddha,Original Patience Reflection: Wait long enough for the...,946,"index, follow (implicit)",Yes,https://echobuddha.com/quotes/patience/wait-long-enough-for-the-first-reaction-to-become/,Yes,46c8fffc3a3091c52291798740914a8ba978da430877f5948cfb9606c069c78c,PRIMARY_REPOSITORY_EVIDENCE,Git commit a1cd457345587670133bfc58af1cafd80d038e6e; isolated reproducible build
https://echobuddha.com/quotes/patience/when-anger-rises-pause-long-enough-to-see-the/,quotes,"Original Patience Reflection: When anger rises, pause long... | Echo Buddha","Original Patience Reflection: When anger rises, pause long...",947,"index, follow (implicit)",Yes,https://echobuddha.com/quotes/patience/when-anger-rises-pause-long-enough-to-see-the/,Yes,34c974df3816f300cf2411baf02001324ab77715ee6cc0b1658e387b9a723128,PRIMARY_REPOSITORY_EVIDENCE,Git commit a1cd457345587670133bfc58af1cafd80d038e6e; isolated reproducible build
https://echobuddha.com/quotes/practice/a-peaceful-life-is-built-from-peaceful-moments-practiced/,quotes,Original Practice Reflection: A peaceful life is built... | Echo Buddha,Original Practice Reflection: A peaceful life is built...,907,"noindex, follow",No,https://echobuddha.com/quotes/practice/a-peaceful-life-is-built-from-peaceful-moments-practiced/,No,44d8401283753e5ad58d0e64a293a272f8ccda83d3010800a7b19e812990429b,PRIMARY_REPOSITORY_EVIDENCE,Git commit a1cd457345587670133bfc58af1cafd80d038e6e; isolated reproducible build
https://echobuddha.com/quotes/practice/begin-with-what-is-possible-then-return-tomorrow/,quotes,"Original Practice Reflection: Begin with what is possible,... | Echo Buddha","Original Practice Reflection: Begin with what is possible,...",889,"noindex, follow",No,https://echobuddha.com/quotes/practice/begin-with-what-is-possible-then-return-tomorrow/,No,76035b317d22f5363bf5fa969e3b3ee49db587b658c996194034f51ea1c35033,PRIMARY_REPOSITORY_EVIDENCE,Git commit a1cd457345587670133bfc58af1cafd80d038e6e; isolated reproducible build
https://echobuddha.com/quotes/practice/bring-the-teaching-into-the-place-where-you-are/,quotes,Original Practice Reflection: Bring the teaching into the... | Echo Buddha,Original Practice Reflection: Bring the teaching into the...,923,"noindex, follow",No,https://echobuddha.com/quotes/practice/bring-the-teaching-into-the-place-where-you-are/,No,0ed63d1edd8849f43c9c1d1c8a28b506a97e18336c62d1a94b2abcff6b4616d0,PRIMARY_REPOSITORY_EVIDENCE,Git commit a1cd457345587670133bfc58af1cafd80d038e6e; isolated reproducible build
https://echobuddha.com/quotes/practice/daily-practice-turns-understanding-from-an-idea-into-a/,quotes,Original Practice Reflection: Daily practice turns understanding from... | Echo Buddha,Original Practice Reflection: Daily practice turns understanding from...,946,"noindex, follow",No,https://echobuddha.com/quotes/practice/daily-practice-turns-understanding-from-an-idea-into-a/,No,b64bbbd8946a861ab3ee367f691c06db53e6883ecdb6de4bffaf1f7a87f2cb28,PRIMARY_REPOSITORY_EVIDENCE,Git commit a1cd457345587670133bfc58af1cafd80d038e6e; isolated reproducible build
https://echobuddha.com/quotes/practice/do-not-wait-to-feel-ready-before-choosing-what/,quotes,Original Practice Reflection: Do not wait to feel... | Echo Buddha,Original Practice Reflection: Do not wait to feel...,911,"index, follow (implicit)",Yes,https://echobuddha.com/quotes/practice/do-not-wait-to-feel-ready-before-choosing-what/,Yes,250851bab0adc09b30fcbdf34624a9a5ee458d84826008b5403270a3704c4b5a,PRIMARY_REPOSITORY_EVIDENCE,Git commit a1cd457345587670133bfc58af1cafd80d038e6e; isolated reproducible build
https://echobuddha.com/quotes/practice/eightfold-path-daily-choices/,quotes,Eightfold Path Quote: Daily Practice in Small Choices | Echo Buddha,Eightfold Path Quote: Daily Practice in Small Choices,873,"index, follow (implicit)",Yes,https://echobuddha.com/quotes/practice/eightfold-path-daily-choices/,Yes,646b0bb0d96a64f9cd6bbd984783bd6ac36f808e65b7ec452bcad4563af3e327,PRIMARY_REPOSITORY_EVIDENCE,Git commit a1cd457345587670133bfc58af1cafd80d038e6e; isolated reproducible build
https://echobuddha.com/quotes/practice/,quotes,Original Practice Quotes Inspired by Buddhist Practice | Echo Buddha,Original Practice Quotes,598,"index, follow (implicit)",Yes,https://echobuddha.com/quotes/practice/,Yes,8cbc96664174a2c13a3c4579932348e8a37825db1eddd8789faf01db9a41857e,PRIMARY_REPOSITORY_EVIDENCE,Git commit a1cd457345587670133bfc58af1cafd80d038e6e; isolated reproducible build
https://echobuddha.com/quotes/practice/mindfulness-at-work-breath/,quotes,Mindfulness at Work Quote: Bring Awareness Into Daily Work | Echo Buddha,Mindfulness at Work Quote: Bring Awareness Into Daily Work,877,"index, follow (implicit)",Yes,https://echobuddha.com/quotes/practice/mindfulness-at-work-breath/,Yes,bcbe6280b7f658aac2231946c5a006faec1996b9f7b1114567b9f84bf7c4ed06,PRIMARY_REPOSITORY_EVIDENCE,Git commit a1cd457345587670133bfc58af1cafd80d038e6e; isolated reproducible build
https://echobuddha.com/quotes/practice/practice-becomes-real-when-it-enters-your-speech-and/,quotes,Original Practice Reflection: Practice becomes real when it... | Echo Buddha,Original Practice Reflection: Practice becomes real when it...,910,"index, follow (implicit)",Yes,https://echobuddha.com/quotes/practice/practice-becomes-real-when-it-enters-your-speech-and/,Yes,5055a2a658783e4469d9fc7b666234e651bf6eedb3b8d12d49f364a411efe972,PRIMARY_REPOSITORY_EVIDENCE,Git commit a1cd457345587670133bfc58af1cafd80d038e6e; isolated reproducible build
https://echobuddha.com/quotes/practice/right-intention-turns-the-heart/,quotes,Right Intention Quote: Choosing the Direction of the Heart | Echo Buddha,Right Intention Quote: Choosing the Direction of the Heart,883,"index, follow (implicit)",Yes,https://echobuddha.com/quotes/practice/right-intention-turns-the-heart/,Yes,c78dc8d9e8d95e01abe5678d5cb7f992e3533d4909a07c528a356b78b99b8f56,PRIMARY_REPOSITORY_EVIDENCE,Git commit a1cd457345587670133bfc58af1cafd80d038e6e; isolated reproducible build
https://echobuddha.com/quotes/practice/small-actions-shape-the-mind/,quotes,Daily Buddhist Practice Quote: Small Actions Shape the Mind | Echo Buddha,Daily Buddhist Practice Quote: Small Actions Shape the Mind,894,"index, follow (implicit)",Yes,https://echobuddha.com/quotes/practice/small-actions-shape-the-mind/,Yes,3519f295675b28f1e33c3734177601c1c87c52b9d90633d6d0d9465a9b4e984d,PRIMARY_REPOSITORY_EVIDENCE,Git commit a1cd457345587670133bfc58af1cafd80d038e6e; isolated reproducible build
https://echobuddha.com/quotes/practice/the-path-is-not-far-away-it-is-the/,quotes,Original Practice Reflection: The path is not far... | Echo Buddha,Original Practice Reflection: The path is not far...,922,"index, follow (implicit)",Yes,https://echobuddha.com/quotes/practice/the-path-is-not-far-away-it-is-the/,Yes,0f84546921c89747080d1ccc866ef355b8872274e1386fb1b0e35718f1caba50,PRIMARY_REPOSITORY_EVIDENCE,Git commit a1cd457345587670133bfc58af1cafd80d038e6e; isolated reproducible build
https://echobuddha.com/quotes/practice/the-path-is-shaped-by-what-you-repeat-when/,quotes,Original Practice Reflection: The path is shaped by... | Echo Buddha,Original Practice Reflection: The path is shaped by...,935,"noindex, follow",No,https://echobuddha.com/quotes/practice/the-path-is-shaped-by-what-you-repeat-when/,No,7d4f0fee4577416ab98607255d2c5fb17a85670fda5bdd92ea76042a3bb4a726,PRIMARY_REPOSITORY_EVIDENCE,Git commit a1cd457345587670133bfc58af1cafd80d038e6e; isolated reproducible build
https://echobuddha.com/quotes/practice/the-smallest-wholesome-action-is-larger-than-the-finest/,quotes,Original Practice Reflection: The smallest wholesome action is... | Echo Buddha,Original Practice Reflection: The smallest wholesome action is...,910,"index, follow (implicit)",Yes,https://echobuddha.com/quotes/practice/the-smallest-wholesome-action-is-larger-than-the-finest/,Yes,6f63c6c45a66d17d545dde9e18177b281c01910e3ba6694e6b8dacd05de2df3d,PRIMARY_REPOSITORY_EVIDENCE,Git commit a1cd457345587670133bfc58af1cafd80d038e6e; isolated reproducible build
https://echobuddha.com/quotes/practice/walk-slowly-enough-to-notice-where-your-life-is/,quotes,Original Practice Reflection: Walk slowly enough to notice... | Echo Buddha,Original Practice Reflection: Walk slowly enough to notice...,933,"index, follow (implicit)",Yes,https://echobuddha.com/quotes/practice/walk-slowly-enough-to-notice-where-your-life-is/,Yes,1b399b02e5d1a5b9da980dc79ffbef439a4e9a595a6415b23d3ff1df0552e31b,PRIMARY_REPOSITORY_EVIDENCE,Git commit a1cd457345587670133bfc58af1cafd80d038e6e; isolated reproducible build
https://echobuddha.com/quotes/practice/your-next-response-is-always-part-of-the-path/,quotes,Original Practice Reflection: Your next response is always... | Echo Buddha,Original Practice Reflection: Your next response is always...,889,"index, follow (implicit)",Yes,https://echobuddha.com/quotes/practice/your-next-response-is-always-part-of-the-path/,Yes,68e0cf5e9264ff3a5c3e419ff629f88ac2c06043da3b62c78e09058bc2a227fd,PRIMARY_REPOSITORY_EVIDENCE,Git commit a1cd457345587670133bfc58af1cafd80d038e6e; isolated reproducible build
https://echobuddha.com/quotes/renewal/a-mistake-becomes-a-teacher-when-honesty-enters-the/,quotes,Original Renewal Reflection: A mistake becomes a teacher... | Echo Buddha,Original Renewal Reflection: A mistake becomes a teacher...,903,"noindex, follow",No,https://echobuddha.com/quotes/renewal/a-mistake-becomes-a-teacher-when-honesty-enters-the/,No,384a00b42b8eec5b632c8f0543afe494c455ae26170e031ac5e02d8b26f803b7,PRIMARY_REPOSITORY_EVIDENCE,Git commit a1cd457345587670133bfc58af1cafd80d038e6e; isolated reproducible build
https://echobuddha.com/quotes/renewal/a-new-direction-can-start-with-one-different-choice/,quotes,Original Renewal Reflection: A new direction can start... | Echo Buddha,Original Renewal Reflection: A new direction can start...,884,"index, follow (implicit)",Yes,https://echobuddha.com/quotes/renewal/a-new-direction-can-start-with-one-different-choice/,Yes,5e8aad76e6b9051f225e287e411146746684e39a6e58edfaab36ca0c5bebab0d,PRIMARY_REPOSITORY_EVIDENCE,Git commit a1cd457345587670133bfc58af1cafd80d038e6e; isolated reproducible build
https://echobuddha.com/quotes/renewal/begin-again-gently-the-breath-is-always-willing/,quotes,Original Renewal Reflection: Begin again gently; the breath... | Echo Buddha,Original Renewal Reflection: Begin again gently; the breath...,883,"index, follow (implicit)",Yes,https://echobuddha.com/quotes/renewal/begin-again-gently-the-breath-is-always-willing/,Yes,cd8259d88a71cc7e30e501651a4a98f774cd6b296de13b87071a34c824ae7651,PRIMARY_REPOSITORY_EVIDENCE,Git commit a1cd457345587670133bfc58af1cafd80d038e6e; isolated reproducible build
https://echobuddha.com/quotes/renewal/begin-again-without-shame/,quotes,Renewal Mindfulness Quote: Begin Again Without Shame | Echo Buddha,Renewal Mindfulness Quote: Begin Again Without Shame,855,"index, follow (implicit)",Yes,https://echobuddha.com/quotes/renewal/begin-again-without-shame/,Yes,33ef13852bd2cd313093d200f81c48302b5ed17007431016f0c3c573c40654ae,PRIMARY_REPOSITORY_EVIDENCE,Git commit a1cd457345587670133bfc58af1cafd80d038e6e; isolated reproducible build
https://echobuddha.com/quotes/renewal/begin-again-without-turning-yesterday-into-a-sentence/,quotes,Original Renewal Reflection: Begin again without turning yesterday... | Echo Buddha,Original Renewal Reflection: Begin again without turning yesterday...,874,"index, follow (implicit)",Yes,https://echobuddha.com/quotes/renewal/begin-again-without-turning-yesterday-into-a-sentence/,Yes,4ae216182394983cdbd94797c3a603b4599b9fd90910704f2502285352662fca,PRIMARY_REPOSITORY_EVIDENCE,Git commit a1cd457345587670133bfc58af1cafd80d038e6e; isolated reproducible build
https://echobuddha.com/quotes/renewal/do-not-confuse-an-old-pattern-with-an-unchangeable/,quotes,Original Renewal Reflection: Do not confuse an old... | Echo Buddha,Original Renewal Reflection: Do not confuse an old...,894,"noindex, follow",No,https://echobuddha.com/quotes/renewal/do-not-confuse-an-old-pattern-with-an-unchangeable/,No,59e71405f7d55466ddf8bf90191248db612dd029c833e5c7b44ba42823e092ea,PRIMARY_REPOSITORY_EVIDENCE,Git commit a1cd457345587670133bfc58af1cafd80d038e6e; isolated reproducible build
https://echobuddha.com/quotes/renewal/each-conscious-breath-is-a-small-vote-for-beginning/,quotes,Original Renewal Reflection: Each conscious breath is a... | Echo Buddha,Original Renewal Reflection: Each conscious breath is a...,893,"noindex, follow",No,https://echobuddha.com/quotes/renewal/each-conscious-breath-is-a-small-vote-for-beginning/,No,8a5c415e2cd9d2db5eb056b84042606368d38fa06ae3319ecfb97cf9383c2bce,PRIMARY_REPOSITORY_EVIDENCE,Git commit a1cd457345587670133bfc58af1cafd80d038e6e; isolated reproducible build
https://echobuddha.com/quotes/renewal/evening-release-reflection/,quotes,Evening Reflection Quote: Release the Day Gently | Echo Buddha,Evening Reflection Quote: Release the Day Gently,879,"index, follow (implicit)",Yes,https://echobuddha.com/quotes/renewal/evening-release-reflection/,Yes,6f361f05b5eb81fce13dfbc6911839166d65f5ce9f81092a460f0397b80a490d,PRIMARY_REPOSITORY_EVIDENCE,Git commit a1cd457345587670133bfc58af1cafd80d038e6e; isolated reproducible build
https://echobuddha.com/quotes/renewal/gentle-hope-keeps-walking/,quotes,Buddhist Inspired Hope Quote: Gentle Hope | Echo Buddha,Buddhist Inspired Hope Quote: Gentle Hope,864,"index, follow (implicit)",Yes,https://echobuddha.com/quotes/renewal/gentle-hope-keeps-walking/,Yes,ebe14b2d30007f0af16ffcb4c9eb4486c0882c3a2e01483e530dd6f38a44633d,PRIMARY_REPOSITORY_EVIDENCE,Git commit a1cd457345587670133bfc58af1cafd80d038e6e; isolated reproducible build
https://echobuddha.com/quotes/renewal/hope-can-be-quiet-and-still-keep-walking/,quotes,Original Renewal Reflection: Hope can be quiet and... | Echo Buddha,Original Renewal Reflection: Hope can be quiet and...,869,"noindex, follow",No,https://echobuddha.com/quotes/renewal/hope-can-be-quiet-and-still-keep-walking/,No,6b33a2b5bb892081c2b88846fa14740281ae76fd4c3f749d2a9355f8f1730a7e,PRIMARY_REPOSITORY_EVIDENCE,Git commit a1cd457345587670133bfc58af1cafd80d038e6e; isolated reproducible build
https://echobuddha.com/quotes/renewal/,quotes,Original Renewal Quotes Inspired by Buddhist Practice | Echo Buddha,Original Renewal Quotes,586,"index, follow (implicit)",Yes,https://echobuddha.com/quotes/renewal/,Yes,62becf9b92f898f284e65893e925971bf4b795d1f6a510926414f24a836f9b54,PRIMARY_REPOSITORY_EVIDENCE,Git commit a1cd457345587670133bfc58af1cafd80d038e6e; isolated reproducible build
https://echobuddha.com/quotes/renewal/morning-is-not-the-only-time-a-life-can/,quotes,Original Renewal Reflection: Morning is not the only... | Echo Buddha,Original Renewal Reflection: Morning is not the only...,902,"index, follow (implicit)",Yes,https://echobuddha.com/quotes/renewal/morning-is-not-the-only-time-a-life-can/,Yes,c1fb1ca98a36a7dbe50ec859479b30a8afc61469419afd655e16256bc72e7e39,PRIMARY_REPOSITORY_EVIDENCE,Git commit a1cd457345587670133bfc58af1cafd80d038e6e; isolated reproducible build
https://echobuddha.com/quotes/renewal/one-calm-morning-intention/,quotes,Peaceful Morning Quote: One Calm Intention | Echo Buddha,Peaceful Morning Quote: One Calm Intention,885,"index, follow (implicit)",Yes,https://echobuddha.com/quotes/renewal/one-calm-morning-intention/,Yes,960aa0eea97146f5c59c7a375da3c25c71aea3d5b2b08759516fa2a29919dbb4,PRIMARY_REPOSITORY_EVIDENCE,Git commit a1cd457345587670133bfc58af1cafd80d038e6e; isolated reproducible build
https://echobuddha.com/quotes/renewal/repair-what-you-can-forgive-what-you-cannot-redo/,quotes,"Original Renewal Reflection: Repair what you can, forgive... | Echo Buddha","Original Renewal Reflection: Repair what you can, forgive...",951,"noindex, follow",No,https://echobuddha.com/quotes/renewal/repair-what-you-can-forgive-what-you-cannot-redo/,No,f8dfc96bd812dfb6e18eb88bf541a3a85a11bade4873dce7abdebb6018fa7767,PRIMARY_REPOSITORY_EVIDENCE,Git commit a1cd457345587670133bfc58af1cafd80d038e6e; isolated reproducible build
https://echobuddha.com/quotes/renewal/the-path-welcomes-your-return-more-often-than-pride/,quotes,Original Renewal Reflection: The path welcomes your return... | Echo Buddha,Original Renewal Reflection: The path welcomes your return...,892,"index, follow (implicit)",Yes,https://echobuddha.com/quotes/renewal/the-path-welcomes-your-return-more-often-than-pride/,Yes,a6760eafcea16f7c8cc196f9477d52e5b4bf582f9b7f172c80a73c506409f84f,PRIMARY_REPOSITORY_EVIDENCE,Git commit a1cd457345587670133bfc58af1cafd80d038e6e; isolated reproducible build
https://echobuddha.com/quotes/renewal/you-are-allowed-to-learn-slowly-and-still-be/,quotes,Original Renewal Reflection: You are allowed to learn... | Echo Buddha,Original Renewal Reflection: You are allowed to learn...,895,"index, follow (implicit)",Yes,https://echobuddha.com/quotes/renewal/you-are-allowed-to-learn-slowly-and-still-be/,Yes,6d8ebafe48006f51ff6eb4be86a7aca568477b720c6cb6c09cf2ab0e604365f7,PRIMARY_REPOSITORY_EVIDENCE,Git commit a1cd457345587670133bfc58af1cafd80d038e6e; isolated reproducible build
https://echobuddha.com/quotes/wisdom/a-clear-mind-can-hold-two-truths-without-rushing/,quotes,Original Wisdom Reflection: A clear mind can hold... | Echo Buddha,Original Wisdom Reflection: A clear mind can hold...,940,"index, follow (implicit)",Yes,https://echobuddha.com/quotes/wisdom/a-clear-mind-can-hold-two-truths-without-rushing/,Yes,2e16db45c3acea6374b2a6faed54a31861fcd5c849d313c2bf8b88b4e6c409e0,PRIMARY_REPOSITORY_EVIDENCE,Git commit a1cd457345587670133bfc58af1cafd80d038e6e; isolated reproducible build
https://echobuddha.com/quotes/wisdom/a-useful-truth-is-carried-with-humility-not-used/,quotes,Original Wisdom Reflection: A useful truth is carried... | Echo Buddha,Original Wisdom Reflection: A useful truth is carried...,928,"noindex, follow",No,https://echobuddha.com/quotes/wisdom/a-useful-truth-is-carried-with-humility-not-used/,No,5f335e59c303240217518667c7bb5089312bb3ca793a0e40707f9ce1ee7ace47,PRIMARY_REPOSITORY_EVIDENCE,Git commit a1cd457345587670133bfc58af1cafd80d038e6e; isolated reproducible build
https://echobuddha.com/quotes/wisdom/contentment-with-what-is-here/,quotes,Contentment Buddhist Quote: Peace With What Is Here | Echo Buddha,Contentment Buddhist Quote: Peace With What Is Here,889,"index, follow (implicit)",Yes,https://echobuddha.com/quotes/wisdom/contentment-with-what-is-here/,Yes,b8d7bb6412f4cf4704505228c1de57b781d3c13f9a815f065bd9649e796372ce,PRIMARY_REPOSITORY_EVIDENCE,Git commit a1cd457345587670133bfc58af1cafd80d038e6e; isolated reproducible build
https://echobuddha.com/quotes/wisdom/difficult-people-and-boundaries/,quotes,Buddhist Quote About Difficult People: Boundaries Without Hatred | Echo Buddha,Buddhist Quote About Difficult People: Boundaries Without Hatred,842,"index, follow (implicit)",Yes,https://echobuddha.com/quotes/wisdom/difficult-people-and-boundaries/,Yes,b39266059b216ba6a627d72105a4e63f39e62a6a3c9c7b4596af8104730b2e85,PRIMARY_REPOSITORY_EVIDENCE,Git commit a1cd457345587670133bfc58af1cafd80d038e6e; isolated reproducible build
https://echobuddha.com/quotes/wisdom/,quotes,Original Wisdom Quotes Inspired by Buddhist Practice | Echo Buddha,Original Wisdom Quotes,658,"index, follow (implicit)",Yes,https://echobuddha.com/quotes/wisdom/,Yes,cc064e87c4eb544cc06b1d4b6aab0b843b47dc338883ad8cb353a1089351dc90,PRIMARY_REPOSITORY_EVIDENCE,Git commit a1cd457345587670133bfc58af1cafd80d038e6e; isolated reproducible build
https://echobuddha.com/quotes/wisdom/karma-begins-in-intention/,quotes,Karma Buddhist Quote: Intention Shapes Action | Echo Buddha,Karma Buddhist Quote: Intention Shapes Action,863,"index, follow (implicit)",Yes,https://echobuddha.com/quotes/wisdom/karma-begins-in-intention/,Yes,fafe25ae52d9d95c29449e86f84cb8f156bb40bc23de2fdba33dfae4e952a450,PRIMARY_REPOSITORY_EVIDENCE,Git commit a1cd457345587670133bfc58af1cafd80d038e6e; isolated reproducible build
https://echobuddha.com/quotes/wisdom/knowing-when-not-to-speak-is-also-a-form/,quotes,Original Wisdom Reflection: Knowing when not to speak... | Echo Buddha,Original Wisdom Reflection: Knowing when not to speak...,926,"index, follow (implicit)",Yes,https://echobuddha.com/quotes/wisdom/knowing-when-not-to-speak-is-also-a-form/,Yes,21660210d5cfca319f202a100a1fb4faa8f6eb9caf042bd97a6c9a308edc80a2,PRIMARY_REPOSITORY_EVIDENCE,Git commit a1cd457345587670133bfc58af1cafd80d038e6e; isolated reproducible build
https://echobuddha.com/quotes/wisdom/learn-from-discomfort-without-turning-suffering-into-an-identity/,quotes,Original Wisdom Reflection: Learn from discomfort without turning... | Echo Buddha,Original Wisdom Reflection: Learn from discomfort without turning...,898,"noindex, follow",No,https://echobuddha.com/quotes/wisdom/learn-from-discomfort-without-turning-suffering-into-an-identity/,No,ce2079a0b677fbba90eb65f8aeff5e9ae9afbce296e277cde5b2996c49cd7eff,PRIMARY_REPOSITORY_EVIDENCE,Git commit a1cd457345587670133bfc58af1cafd80d038e6e; isolated reproducible build
https://echobuddha.com/quotes/wisdom/right-speech-with-kindness/,quotes,Right Speech Quote: Truth With Kindness and Timing | Echo Buddha,Right Speech Quote: Truth With Kindness and Timing,889,"index, follow (implicit)",Yes,https://echobuddha.com/quotes/wisdom/right-speech-with-kindness/,Yes,224b7c88ca9e211d39c29227cb77bcc459ee6384a9f88f33b1058a83fd0b7546,PRIMARY_REPOSITORY_EVIDENCE,Git commit a1cd457345587670133bfc58af1cafd80d038e6e; isolated reproducible build
https://echobuddha.com/quotes/wisdom/see-the-conditions-behind-an-action-and-blame-may/,quotes,Original Wisdom Reflection: See the conditions behind an... | Echo Buddha,Original Wisdom Reflection: See the conditions behind an...,927,"noindex, follow",No,https://echobuddha.com/quotes/wisdom/see-the-conditions-behind-an-action-and-blame-may/,No,26609c14bfe7828cef5229756973f3c36c5be3cfb57ef649c37aa677debe538c,PRIMARY_REPOSITORY_EVIDENCE,Git commit a1cd457345587670133bfc58af1cafd80d038e6e; isolated reproducible build
https://echobuddha.com/quotes/wisdom/simplicity-clears-the-room/,quotes,Simple Living Buddhist Quote: Needing Less to See Clearly | Echo Buddha,Simple Living Buddhist Quote: Needing Less to See Clearly,900,"index, follow (implicit)",Yes,https://echobuddha.com/quotes/wisdom/simplicity-clears-the-room/,Yes,e18e608496b06ad69f0201b6289cb2de686a51454bdd1499f828d5a4f4bd5b37,PRIMARY_REPOSITORY_EVIDENCE,Git commit a1cd457345587670133bfc58af1cafd80d038e6e; isolated reproducible build
https://echobuddha.com/quotes/wisdom/the-lesson-repeats-until-attention-replaces-habit/,quotes,Original Wisdom Reflection: The lesson repeats until attention... | Echo Buddha,Original Wisdom Reflection: The lesson repeats until attention...,894,"index, follow (implicit)",Yes,https://echobuddha.com/quotes/wisdom/the-lesson-repeats-until-attention-replaces-habit/,Yes,87e0dd05beae88211f227aea31cb46b7a7c7a2bdd2f59fcbca64dbd35789550e,PRIMARY_REPOSITORY_EVIDENCE,Git commit a1cd457345587670133bfc58af1cafd80d038e6e; isolated reproducible build
https://echobuddha.com/quotes/wisdom/the-wise-heart-changes-course-when-clearer-seeing-arrives/,quotes,Original Wisdom Reflection: The wise heart changes course... | Echo Buddha,Original Wisdom Reflection: The wise heart changes course...,892,"noindex, follow",No,https://echobuddha.com/quotes/wisdom/the-wise-heart-changes-course-when-clearer-seeing-arrives/,No,9c0e7612e2915754170130e6a2d4089156b2708e1cc5f76b05f61ae635977cba,PRIMARY_REPOSITORY_EVIDENCE,Git commit a1cd457345587670133bfc58af1cafd80d038e6e; isolated reproducible build
https://echobuddha.com/quotes/wisdom/understanding-suffering-honestly/,quotes,Four Noble Truths Quote: Understanding Suffering Honestly | Echo Buddha,Four Noble Truths Quote: Understanding Suffering Honestly,883,"index, follow (implicit)",Yes,https://echobuddha.com/quotes/wisdom/understanding-suffering-honestly/,Yes,231d9323c14bce2ab2830d1f6ee7f908045a38e747f6c38927e7c3d4ec0c8d90,PRIMARY_REPOSITORY_EVIDENCE,Git commit a1cd457345587670133bfc58af1cafd80d038e6e; isolated reproducible build
https://echobuddha.com/quotes/wisdom/what-feels-urgent-is-not-always-what-matters-most/,quotes,Original Wisdom Reflection: What feels urgent is not... | Echo Buddha,Original Wisdom Reflection: What feels urgent is not...,903,"index, follow (implicit)",Yes,https://echobuddha.com/quotes/wisdom/what-feels-urgent-is-not-always-what-matters-most/,Yes,8e108bd9f19dc127c23e88cac490b8c2d220a089a5d5e1ca56872e9def11c705,PRIMARY_REPOSITORY_EVIDENCE,Git commit a1cd457345587670133bfc58af1cafd80d038e6e; isolated reproducible build
https://echobuddha.com/quotes/wisdom/wisdom-is-less-interested-in-winning-than-in-ending/,quotes,Original Wisdom Reflection: Wisdom is less interested in... | Echo Buddha,Original Wisdom Reflection: Wisdom is less interested in...,910,"noindex, follow",No,https://echobuddha.com/quotes/wisdom/wisdom-is-less-interested-in-winning-than-in-ending/,No,1932e095670e8b8f7937a9daf4c133526fe430c7a8efba1829ebb47b5d8f25c6,PRIMARY_REPOSITORY_EVIDENCE,Git commit a1cd457345587670133bfc58af1cafd80d038e6e; isolated reproducible build
https://echobuddha.com/quotes/wisdom/wisdom-is-the-art-of-meeting-life-without-adding/,quotes,Original Wisdom Reflection: Wisdom is the art of... | Echo Buddha,Original Wisdom Reflection: Wisdom is the art of...,915,"index, follow (implicit)",Yes,https://echobuddha.com/quotes/wisdom/wisdom-is-the-art-of-meeting-life-without-adding/,Yes,65946afbdc990df5c4adfdc6fc95c74b2ad4c31f65a0434a37947bf5ca0c61ba,PRIMARY_REPOSITORY_EVIDENCE,Git commit a1cd457345587670133bfc58af1cafd80d038e6e; isolated reproducible build
https://echobuddha.com/quotes/wisdom/wisdom-sees-clearly/,quotes,Buddhist Wisdom Quote: Clear Seeing With Humility | Echo Buddha,Buddhist Wisdom Quote: Clear Seeing With Humility,867,"index, follow (implicit)",Yes,https://echobuddha.com/quotes/wisdom/wisdom-sees-clearly/,Yes,02257e3cdee5c758c0ba2fb35d02cf3b5420af93669efdd482cfead008461649,PRIMARY_REPOSITORY_EVIDENCE,Git commit a1cd457345587670133bfc58af1cafd80d038e6e; isolated reproducible build
https://echobuddha.com/quotes/wisdom/wisdom-sees-the-whole-fire-not-only-the-spark/,quotes,"Original Wisdom Reflection: Wisdom sees the whole fire,... | Echo Buddha","Original Wisdom Reflection: Wisdom sees the whole fire,...",926,"index, follow (implicit)",Yes,https://echobuddha.com/quotes/wisdom/wisdom-sees-the-whole-fire-not-only-the-spark/,Yes,c5cc92bb7d338eeeaff82c624ca2353397b7b2fd6db0c31c90f398184fa882fe,PRIMARY_REPOSITORY_EVIDENCE,Git commit a1cd457345587670133bfc58af1cafd80d038e6e; isolated reproducible build
https://echobuddha.com/quotes/wisdom/wise-silence/,quotes,Buddhist Quote About Silence: Wise Restraint | Echo Buddha,Buddhist Quote About Silence: Wise Restraint,882,"index, follow (implicit)",Yes,https://echobuddha.com/quotes/wisdom/wise-silence/,Yes,528bb3f9189b6ed0431fa890be49e5a7b041a9aa49ede9cc3f50ab42e0e431a9,PRIMARY_REPOSITORY_EVIDENCE,Git commit a1cd457345587670133bfc58af1cafd80d038e6e; isolated reproducible build
https://echobuddha.com/search/,utility/navigation,Search Echo Buddha | Echo Buddha,Search Echo Buddha,227,"noindex, follow",No,https://echobuddha.com/search/,No,067e065451b23ba0bcb4d2860f9fb90649ba60c82b172d606d27a0ca8c4101d3,PRIMARY_REPOSITORY_EVIDENCE,Git commit a1cd457345587670133bfc58af1cafd80d038e6e; isolated reproducible build
https://echobuddha.com/start-here/,utility/navigation,Start Here - Begin Your Buddhist Wisdom and Mindfulness Journey | Echo Buddha,Begin Your Buddhist Wisdom and Mindfulness Journey,702,"index, follow (implicit)",Yes,https://echobuddha.com/start-here/,Yes,91843fbf48e7f1d2d1ca80990d330d0fe83d4c149f7fc43007e5dcf960b46619,PRIMARY_REPOSITORY_EVIDENCE,Git commit a1cd457345587670133bfc58af1cafd80d038e6e; isolated reproducible build
https://echobuddha.com/terms-of-use/,trust/policy,Terms of Use | Echo Buddha,Terms of Use,257,"index, follow (implicit)",Yes,https://echobuddha.com/terms-of-use/,Yes,06aed2eb4e06fb48ccccaeaefcd1425027a937acafeeac72ddf53662b90c2a94,PRIMARY_REPOSITORY_EVIDENCE,Git commit a1cd457345587670133bfc58af1cafd80d038e6e; isolated reproducible build
https://echobuddha.com/tools/,utility/navigation,Buddhist Mindfulness Tools and Daily Practice Resources | Echo Buddha,Buddhist Mindfulness Tools and Daily Practice Resources,638,"index, follow (implicit)",Yes,https://echobuddha.com/tools/,Yes,790ea33fec2424028d255f8f61121e196aaf1d1aedfe6ddff524a418e09e6f2f,PRIMARY_REPOSITORY_EVIDENCE,Git commit a1cd457345587670133bfc58af1cafd80d038e6e; isolated reproducible build
