articleA,articleB,urlA,urlB,editorialOverlap,samePrimaryCluster,sharedClusters,metadataSimilarity,overallBodySimilarity,bodyCosine,bodyJaccard,introductionSimilarity,headingSequenceSimilarity,articleStructureSimilarity,faqSimilarity,conclusionSimilarity,examplesSimilarity,exercisesSimilarity,ngram5Overlap,exactDuplicatedSentenceCount,nearDuplicatedParagraphCount,sharedPracticeLanguage,sharedConclusionLanguage,overlapCausedByNecessaryDoctrine,overlapCausedByAvoidableGenericProse
what-is-buddhism-beginner-guide,what-is-buddhism-beginner-guide,https://echobuddha.com/articles/what-is-buddhism-beginner-guide/,https://echobuddha.com/articles/what-is-buddhism-beginner-guide/,Self,true,Beginner Buddhism,1,1,1,1,1,1,1,1,1,1,1,1,56,0,true,true,false,false
what-is-buddhism-beginner-guide,four-noble-truths-explained-simply,https://echobuddha.com/articles/what-is-buddhism-beginner-guide/,https://echobuddha.com/articles/four-noble-truths-explained-simply/,Low,false,,0.223,0.203,0.472,0.229,0.12,0.052,1,0.135,0,0.097,0.369,0.001,0,0,true,false,false,false
what-is-buddhism-beginner-guide,noble-eightfold-path-practical-guide,https://echobuddha.com/articles/what-is-buddhism-beginner-guide/,https://echobuddha.com/articles/noble-eightfold-path-practical-guide/,Low,false,,0.294,0.15,0.339,0.169,0.11,0.039,0.4,0.1,0,0.187,0.345,0,0,0,true,false,false,false
what-is-buddhism-beginner-guide,impermanence-in-buddhism-letting-go,https://echobuddha.com/articles/what-is-buddhism-beginner-guide/,https://echobuddha.com/articles/impermanence-in-buddhism-letting-go/,Low,false,,0.417,0.173,0.358,0.212,0.09,0.125,0.4,0.137,0,0.101,0.275,0,0,0,false,false,false,false
what-is-buddhism-beginner-guide,compassion-in-buddhism-beginner-guide,https://echobuddha.com/articles/what-is-buddhism-beginner-guide/,https://echobuddha.com/articles/compassion-in-buddhism-beginner-guide/,Low,false,,0.552,0.178,0.33,0.202,0.146,0.103,0.4,0.252,0,0.022,0.402,0,0,0,true,false,false,false
what-is-buddhism-beginner-guide,how-to-meditate-for-beginners,https://echobuddha.com/articles/what-is-buddhism-beginner-guide/,https://echobuddha.com/articles/how-to-meditate-for-beginners/,Low,false,,0.349,0.155,0.347,0.177,0.146,0.037,0.4,0.061,0,0.138,0.361,0,0,0,true,false,false,false
what-is-buddhism-beginner-guide,mindfulness-of-breathing-guide,https://echobuddha.com/articles/what-is-buddhism-beginner-guide/,https://echobuddha.com/articles/mindfulness-of-breathing-guide/,Low,false,,0.161,0.162,0.344,0.186,0.098,0.127,0.4,0.094,0,0.102,0.397,0,0,0,true,false,false,false
what-is-buddhism-beginner-guide,loving-kindness-meditation-guide,https://echobuddha.com/articles/what-is-buddhism-beginner-guide/,https://echobuddha.com/articles/loving-kindness-meditation-guide/,Low,false,,0.191,0.142,0.269,0.18,0.125,0.108,0.4,0.094,0,0,0.326,0,0,0,true,false,false,false
what-is-buddhism-beginner-guide,dhammapada-reflection-what-we-think,https://echobuddha.com/articles/what-is-buddhism-beginner-guide/,https://echobuddha.com/articles/dhammapada-reflection-what-we-think/,Low,false,,0.09,0.188,0.372,0.22,0.181,0.104,0.4,0.132,0,0.053,0.385,0.002,0,0,true,false,false,false
what-is-buddhism-beginner-guide,dhammapada-reflection-trained-mind,https://echobuddha.com/articles/what-is-buddhism-beginner-guide/,https://echobuddha.com/articles/dhammapada-reflection-trained-mind/,Low,false,,0.053,0.181,0.432,0.191,0.089,0.06,0.4,0.125,0,0.047,0.475,0.001,0,0,true,false,false,false
what-is-buddhism-beginner-guide,eightfold-path-explained,https://echobuddha.com/articles/what-is-buddhism-beginner-guide/,https://echobuddha.com/articles/eightfold-path-explained/,Low,false,,0.227,0.194,0.465,0.206,0.042,0.06,0.4,0.22,0,0.263,0.471,0,0,0,true,false,false,false
what-is-buddhism-beginner-guide,how-to-let-go-of-attachment-in-buddhism,https://echobuddha.com/articles/what-is-buddhism-beginner-guide/,https://echobuddha.com/articles/how-to-let-go-of-attachment-in-buddhism/,Low,false,,0.252,0.178,0.369,0.221,0.134,0.056,0.4,0.178,0,0.086,0.355,0.001,0,0,true,false,false,false
what-is-buddhism-beginner-guide,right-speech-buddhism,https://echobuddha.com/articles/what-is-buddhism-beginner-guide/,https://echobuddha.com/articles/right-speech-buddhism/,Low,false,,0.333,0.169,0.37,0.197,0.136,0.061,0.4,0.096,0,0.094,0.471,0,0,0,true,false,false,false
what-is-buddhism-beginner-guide,buddhist-wisdom-for-overthinking,https://echobuddha.com/articles/what-is-buddhism-beginner-guide/,https://echobuddha.com/articles/buddhist-wisdom-for-overthinking/,Low,false,,0.319,0.153,0.336,0.184,0.098,0.037,0.4,0.146,0,0,0.357,0,0,0,true,false,false,false
what-is-buddhism-beginner-guide,impermanence-in-buddhism,https://echobuddha.com/articles/what-is-buddhism-beginner-guide/,https://echobuddha.com/articles/impermanence-in-buddhism/,Low,false,,0.35,0.171,0.386,0.2,0.125,0.067,0.4,0.061,0,0.099,0.367,0,0,0,true,false,false,false
what-is-buddhism-beginner-guide,what-is-karma-in-buddhism,https://echobuddha.com/articles/what-is-buddhism-beginner-guide/,https://echobuddha.com/articles/what-is-karma-in-buddhism/,Low,false,,0.293,0.162,0.368,0.183,0.104,0.04,0.4,0.128,0,0.166,0.402,0,0,0,true,false,false,false
what-is-buddhism-beginner-guide,four-noble-truths-explained,https://echobuddha.com/articles/what-is-buddhism-beginner-guide/,https://echobuddha.com/articles/four-noble-truths-explained/,Low,false,,0.274,0.198,0.472,0.228,0.046,0.052,0.4,0.211,0,0,0.362,0.001,0,0,true,false,false,false
what-is-buddhism-beginner-guide,mindfulness-vs-meditation,https://echobuddha.com/articles/what-is-buddhism-beginner-guide/,https://echobuddha.com/articles/mindfulness-vs-meditation/,Low,false,,0.103,0.211,0.442,0.221,0.184,0.061,0.4,0.232,0,0,0.495,0,0,0,true,false,false,false
what-is-buddhism-beginner-guide,buddhist-teachings-on-forgiveness,https://echobuddha.com/articles/what-is-buddhism-beginner-guide/,https://echobuddha.com/articles/buddhist-teachings-on-forgiveness/,Low,false,,0.165,0.15,0.319,0.175,0.151,0.036,0.4,0.086,0,0.079,0.307,0,0,0,true,false,false,false
what-is-buddhism-beginner-guide,metta-meditation-script,https://echobuddha.com/articles/what-is-buddhism-beginner-guide/,https://echobuddha.com/articles/metta-meditation-script/,Low,false,,0.033,0.149,0.371,0.188,0.04,0.043,0.4,0.054,0,0.137,0.431,0,0,0,true,false,false,false
what-is-buddhism-beginner-guide,buddhism-for-beginners-simple-guide,https://echobuddha.com/articles/what-is-buddhism-beginner-guide/,https://echobuddha.com/articles/buddhism-for-beginners-simple-guide/,Low,true,Beginner Buddhism,0.582,0.255,0.58,0.282,0.162,0.059,0.4,0.206,0,0.301,0.547,0.007,0,0,true,false,false,false
what-is-buddhism-beginner-guide,how-to-meditate-for-anxiety,https://echobuddha.com/articles/what-is-buddhism-beginner-guide/,https://echobuddha.com/articles/how-to-meditate-for-anxiety/,Low,false,,0.083,0.158,0.358,0.178,0.093,0.045,0.4,0.132,0,0,0.43,0,0,0,true,false,false,false
what-is-buddhism-beginner-guide,loving-kindness-meditation-beginners,https://echobuddha.com/articles/what-is-buddhism-beginner-guide/,https://echobuddha.com/articles/loving-kindness-meditation-beginners/,Low,false,,0.029,0.149,0.322,0.192,0.131,0.036,0.4,0.062,0,0.06,0.356,0,0,0,true,false,false,false
what-is-buddhism-beginner-guide,eightfold-path-explained-daily-life,https://echobuddha.com/articles/what-is-buddhism-beginner-guide/,https://echobuddha.com/articles/eightfold-path-explained-daily-life/,Low,false,,0.212,0.191,0.435,0.222,0.113,0.045,0.4,0.149,0,0.194,0.404,0.001,0,0,true,false,false,false
what-is-buddhism-beginner-guide,mindfulness-morning-routine,https://echobuddha.com/articles/what-is-buddhism-beginner-guide/,https://echobuddha.com/articles/mindfulness-morning-routine/,Low,false,,0.127,0.129,0.308,0.17,0.045,0.04,0.4,0.055,0,0.11,0.359,0,0,0,true,false,false,false
what-is-buddhism-beginner-guide,buddhist-teachings-on-impermanence,https://echobuddha.com/articles/what-is-buddhism-beginner-guide/,https://echobuddha.com/articles/buddhist-teachings-on-impermanence/,Low,false,,0.295,0.172,0.391,0.233,0.095,0.053,0.4,0.071,0,0.105,0.355,0,0,0,true,false,false,false
what-is-buddhism-beginner-guide,walking-meditation-step-by-step,https://echobuddha.com/articles/what-is-buddhism-beginner-guide/,https://echobuddha.com/articles/walking-meditation-step-by-step/,Low,false,,0.12,0.168,0.367,0.168,0.096,0.054,0.4,0.226,0,0.103,0.439,0,0,0,true,false,false,false
what-is-buddhism-beginner-guide,buddhist-approach-to-anger,https://echobuddha.com/articles/what-is-buddhism-beginner-guide/,https://echobuddha.com/articles/buddhist-approach-to-anger/,Low,false,,0.254,0.138,0.31,0.176,0.086,0.028,0.4,0.098,0,0.07,0.358,0,0,0,true,false,false,false
what-is-buddhism-beginner-guide,mindfulness-for-better-sleep,https://echobuddha.com/articles/what-is-buddhism-beginner-guide/,https://echobuddha.com/articles/mindfulness-for-better-sleep/,Low,false,,0,0.125,0.29,0.161,0.041,0.05,0.4,0.078,0,0.052,0.316,0,0,0,true,false,false,false
what-is-buddhism-beginner-guide,how-to-practice-non-attachment,https://echobuddha.com/articles/what-is-buddhism-beginner-guide/,https://echobuddha.com/articles/how-to-practice-non-attachment/,Low,false,,0.102,0.148,0.366,0.181,0.069,0.038,0.4,0.027,0,0.131,0.359,0.001,0,0,true,false,false,false
what-is-buddhism-beginner-guide,beginning-a-daily-mindfulness-practice,https://echobuddha.com/articles/what-is-buddhism-beginner-guide/,https://echobuddha.com/articles/beginning-a-daily-mindfulness-practice/,Low,false,,0.015,0.16,0.362,0.159,0.167,0.044,0.4,0.055,0,0,0.393,0,0,0,true,false,false,false
what-is-buddhism-beginner-guide,compassion-as-a-daily-discipline,https://echobuddha.com/articles/what-is-buddhism-beginner-guide/,https://echobuddha.com/articles/compassion-as-a-daily-discipline/,Low,false,,0.238,0.151,0.34,0.203,0.048,0.048,0.4,0.136,0,0.058,0.403,0,0,0,true,false,false,false
what-is-buddhism-beginner-guide,letting-go-without-giving-up,https://echobuddha.com/articles/what-is-buddhism-beginner-guide/,https://echobuddha.com/articles/letting-go-without-giving-up/,Low,false,,0,0.133,0.286,0.206,0.066,0.046,0.4,0.065,0,0.088,0.309,0,0,0,true,false,false,false
what-is-buddhism-beginner-guide,three-ways-to-practice-patience,https://echobuddha.com/articles/what-is-buddhism-beginner-guide/,https://echobuddha.com/articles/three-ways-to-practice-patience/,Low,false,,0,0.149,0.376,0.184,0.065,0.04,0.4,0.007,0,0.045,0.415,0,0,0,true,false,false,false
what-is-buddhism-beginner-guide,mindful-listening-in-everyday-life,https://echobuddha.com/articles/what-is-buddhism-beginner-guide/,https://echobuddha.com/articles/mindful-listening-in-everyday-life/,Low,false,,0.102,0.149,0.362,0.196,0.065,0.044,0.4,0.022,0,0.096,0.414,0.001,0,0,true,false,false,false
what-is-buddhism-beginner-guide,creating-a-peaceful-corner-at-home,https://echobuddha.com/articles/what-is-buddhism-beginner-guide/,https://echobuddha.com/articles/creating-a-peaceful-corner-at-home/,Low,false,,0,0.131,0.299,0.136,0.067,0.053,0.4,0.117,0,0.142,0.318,0,0,0,true,false,false,false
four-noble-truths-explained-simply,what-is-buddhism-beginner-guide,https://echobuddha.com/articles/four-noble-truths-explained-simply/,https://echobuddha.com/articles/what-is-buddhism-beginner-guide/,Low,false,,0.223,0.203,0.472,0.229,0.12,0.052,1,0.135,0,0.097,0.369,0.001,0,0,true,false,false,false
four-noble-truths-explained-simply,four-noble-truths-explained-simply,https://echobuddha.com/articles/four-noble-truths-explained-simply/,https://echobuddha.com/articles/four-noble-truths-explained-simply/,Self,true,Four Noble Truths,1,1,1,1,1,1,1,1,1,1,1,1,54,0,true,true,false,false
four-noble-truths-explained-simply,noble-eightfold-path-practical-guide,https://echobuddha.com/articles/four-noble-truths-explained-simply/,https://echobuddha.com/articles/noble-eightfold-path-practical-guide/,Low,false,,0.303,0.141,0.261,0.157,0.105,0.098,0.4,0.198,0,0.233,0.312,0.001,0,0,true,false,false,false
four-noble-truths-explained-simply,impermanence-in-buddhism-letting-go,https://echobuddha.com/articles/four-noble-truths-explained-simply/,https://echobuddha.com/articles/impermanence-in-buddhism-letting-go/,Low,false,,0.205,0.158,0.341,0.204,0.115,0.073,0.4,0.068,0,0.019,0.257,0,0,0,false,false,false,false
four-noble-truths-explained-simply,compassion-in-buddhism-beginner-guide,https://echobuddha.com/articles/four-noble-truths-explained-simply/,https://echobuddha.com/articles/compassion-in-buddhism-beginner-guide/,Low,false,,0.152,0.129,0.285,0.2,0.051,0.052,0.4,0.049,0,0.066,0.317,0.001,0,0,true,false,false,false
four-noble-truths-explained-simply,how-to-meditate-for-beginners,https://echobuddha.com/articles/four-noble-truths-explained-simply/,https://echobuddha.com/articles/how-to-meditate-for-beginners/,Low,false,,0.22,0.121,0.239,0.134,0.14,0.029,0.4,0.122,0,0.073,0.266,0,0,0,false,false,false,false
four-noble-truths-explained-simply,mindfulness-of-breathing-guide,https://echobuddha.com/articles/four-noble-truths-explained-simply/,https://echobuddha.com/articles/mindfulness-of-breathing-guide/,Low,false,,0.029,0.109,0.234,0.158,0.047,0.038,0.4,0.092,0,0.134,0.29,0.001,0,0,false,false,false,false
four-noble-truths-explained-simply,loving-kindness-meditation-guide,https://echobuddha.com/articles/four-noble-truths-explained-simply/,https://echobuddha.com/articles/loving-kindness-meditation-guide/,Low,false,,0.029,0.105,0.227,0.146,0.071,0.047,0.4,0.037,0,0,0.27,0,0,0,false,false,false,false
four-noble-truths-explained-simply,dhammapada-reflection-what-we-think,https://echobuddha.com/articles/four-noble-truths-explained-simply/,https://echobuddha.com/articles/dhammapada-reflection-what-we-think/,Low,false,,0.108,0.141,0.278,0.21,0.083,0.069,0.4,0.127,0,0.079,0.29,0.001,0,0,false,false,false,false
four-noble-truths-explained-simply,dhammapada-reflection-trained-mind,https://echobuddha.com/articles/four-noble-truths-explained-simply/,https://echobuddha.com/articles/dhammapada-reflection-trained-mind/,Low,false,,0.072,0.159,0.328,0.197,0.081,0.119,0.4,0.128,0,0.023,0.337,0,0,0,true,false,false,false
four-noble-truths-explained-simply,eightfold-path-explained,https://echobuddha.com/articles/four-noble-truths-explained-simply/,https://echobuddha.com/articles/eightfold-path-explained/,Low,false,,0.28,0.155,0.35,0.2,0.064,0.068,0.4,0.106,0,0.081,0.369,0,0,0,true,false,false,false
four-noble-truths-explained-simply,how-to-let-go-of-attachment-in-buddhism,https://echobuddha.com/articles/four-noble-truths-explained-simply/,https://echobuddha.com/articles/how-to-let-go-of-attachment-in-buddhism/,Low,false,,0.071,0.176,0.388,0.228,0.086,0.076,0.4,0.118,0,0.108,0.303,0.002,0,0,true,false,false,false
four-noble-truths-explained-simply,right-speech-buddhism,https://echobuddha.com/articles/four-noble-truths-explained-simply/,https://echobuddha.com/articles/right-speech-buddhism/,Low,false,,0.07,0.118,0.227,0.143,0.111,0.06,0.4,0.105,0,0.028,0.291,0,0,0,false,false,false,false
four-noble-truths-explained-simply,buddhist-wisdom-for-overthinking,https://echobuddha.com/articles/four-noble-truths-explained-simply/,https://echobuddha.com/articles/buddhist-wisdom-for-overthinking/,Low,false,,0.167,0.153,0.314,0.176,0.125,0.044,0.4,0.17,0,0,0.326,0,0,0,true,false,false,false
four-noble-truths-explained-simply,impermanence-in-buddhism,https://echobuddha.com/articles/four-noble-truths-explained-simply/,https://echobuddha.com/articles/impermanence-in-buddhism/,Low,false,,0.122,0.158,0.348,0.192,0.069,0.055,0.4,0.174,0,0.168,0.363,0.001,0,0,true,false,false,false
four-noble-truths-explained-simply,what-is-karma-in-buddhism,https://echobuddha.com/articles/four-noble-truths-explained-simply/,https://echobuddha.com/articles/what-is-karma-in-buddhism/,Low,false,,0.222,0.131,0.299,0.155,0.083,0.039,0.4,0.078,0,0.138,0.311,0.001,0,0,true,false,false,false
four-noble-truths-explained-simply,four-noble-truths-explained,https://echobuddha.com/articles/four-noble-truths-explained-simply/,https://echobuddha.com/articles/four-noble-truths-explained/,Medium,true,Four Noble Truths,0.857,0.314,0.684,0.266,0.28,0.205,0.4,0.167,0,0,0.48,0.018,0,0,true,false,true,false
four-noble-truths-explained-simply,mindfulness-vs-meditation,https://echobuddha.com/articles/four-noble-truths-explained-simply/,https://echobuddha.com/articles/mindfulness-vs-meditation/,Low,false,,0.07,0.134,0.268,0.16,0.134,0.11,0.4,0.015,0,0,0.323,0,0,0,true,false,false,false
four-noble-truths-explained-simply,buddhist-teachings-on-forgiveness,https://echobuddha.com/articles/four-noble-truths-explained-simply/,https://echobuddha.com/articles/buddhist-teachings-on-forgiveness/,Low,false,,0.196,0.135,0.304,0.176,0.055,0.044,0.4,0.109,0,0.059,0.288,0,0,0,false,false,false,false
four-noble-truths-explained-simply,metta-meditation-script,https://echobuddha.com/articles/four-noble-truths-explained-simply/,https://echobuddha.com/articles/metta-meditation-script/,Low,false,,0.02,0.131,0.297,0.166,0.068,0.042,0.4,0.084,0,0.133,0.302,0,0,0,true,false,false,false
four-noble-truths-explained-simply,buddhism-for-beginners-simple-guide,https://echobuddha.com/articles/four-noble-truths-explained-simply/,https://echobuddha.com/articles/buddhism-for-beginners-simple-guide/,Low,false,,0.542,0.198,0.426,0.216,0.103,0.094,0.4,0.233,0,0.166,0.424,0.001,0,0,true,false,false,false
four-noble-truths-explained-simply,how-to-meditate-for-anxiety,https://echobuddha.com/articles/four-noble-truths-explained-simply/,https://echobuddha.com/articles/how-to-meditate-for-anxiety/,Low,false,,0,0.123,0.284,0.157,0.017,0.036,0.4,0.14,0,0,0.336,0,0,0,true,false,false,false
four-noble-truths-explained-simply,loving-kindness-meditation-beginners,https://echobuddha.com/articles/four-noble-truths-explained-simply/,https://echobuddha.com/articles/loving-kindness-meditation-beginners/,Low,false,,0.053,0.118,0.254,0.157,0.037,0.043,0.4,0.145,0,0.03,0.26,0,0,0,false,false,false,false
four-noble-truths-explained-simply,eightfold-path-explained-daily-life,https://echobuddha.com/articles/four-noble-truths-explained-simply/,https://echobuddha.com/articles/eightfold-path-explained-daily-life/,Low,false,,0.384,0.175,0.358,0.197,0.144,0.053,0.4,0.203,0,0.13,0.37,0.002,0,0,true,false,false,false
four-noble-truths-explained-simply,mindfulness-morning-routine,https://echobuddha.com/articles/four-noble-truths-explained-simply/,https://echobuddha.com/articles/mindfulness-morning-routine/,Low,false,,0.038,0.114,0.244,0.132,0.038,0.047,0.4,0.171,0,0.132,0.263,0,0,0,false,false,false,false
four-noble-truths-explained-simply,buddhist-teachings-on-impermanence,https://echobuddha.com/articles/four-noble-truths-explained-simply/,https://echobuddha.com/articles/buddhist-teachings-on-impermanence/,Low,false,,0.253,0.157,0.319,0.2,0.086,0.124,0.4,0.108,0,0.023,0.293,0,0,0,false,false,false,false
four-noble-truths-explained-simply,walking-meditation-step-by-step,https://echobuddha.com/articles/four-noble-truths-explained-simply/,https://echobuddha.com/articles/walking-meditation-step-by-step/,Low,false,,0.012,0.12,0.271,0.15,0.035,0.053,0.4,0.111,0,0.031,0.325,0.001,0,0,true,false,false,false
four-noble-truths-explained-simply,buddhist-approach-to-anger,https://echobuddha.com/articles/four-noble-truths-explained-simply/,https://echobuddha.com/articles/buddhist-approach-to-anger/,Low,false,,0.18,0.114,0.235,0.159,0.036,0.05,0.4,0.138,0,0.07,0.24,0,0,0,false,false,false,false
four-noble-truths-explained-simply,mindfulness-for-better-sleep,https://echobuddha.com/articles/four-noble-truths-explained-simply/,https://echobuddha.com/articles/mindfulness-for-better-sleep/,Low,false,,0,0.103,0.202,0.137,0.07,0.049,0.4,0.106,0,0.079,0.219,0,0,0,false,false,false,false
four-noble-truths-explained-simply,how-to-practice-non-attachment,https://echobuddha.com/articles/four-noble-truths-explained-simply/,https://echobuddha.com/articles/how-to-practice-non-attachment/,Low,false,,0.108,0.171,0.365,0.216,0.106,0.063,0.4,0.15,0,0.144,0.369,0,0,0,true,false,false,false
four-noble-truths-explained-simply,beginning-a-daily-mindfulness-practice,https://echobuddha.com/articles/four-noble-truths-explained-simply/,https://echobuddha.com/articles/beginning-a-daily-mindfulness-practice/,Low,false,,0.083,0.147,0.293,0.15,0.177,0.051,0.4,0.12,0,0,0.324,0.001,0,0,true,false,false,false
four-noble-truths-explained-simply,compassion-as-a-daily-discipline,https://echobuddha.com/articles/four-noble-truths-explained-simply/,https://echobuddha.com/articles/compassion-as-a-daily-discipline/,Low,false,,0.199,0.146,0.289,0.159,0.041,0.115,0.4,0.251,0,0,0.271,0,0,0,false,false,false,false
four-noble-truths-explained-simply,letting-go-without-giving-up,https://echobuddha.com/articles/four-noble-truths-explained-simply/,https://echobuddha.com/articles/letting-go-without-giving-up/,Low,false,,0.064,0.153,0.345,0.204,0.042,0.037,0.4,0.167,0,0.066,0.347,0,0,0,true,false,false,false
four-noble-truths-explained-simply,three-ways-to-practice-patience,https://echobuddha.com/articles/four-noble-truths-explained-simply/,https://echobuddha.com/articles/three-ways-to-practice-patience/,Low,false,,0.027,0.131,0.271,0.165,0.042,0.048,0.4,0.21,0,0.068,0.342,0,0,0,true,false,false,false
four-noble-truths-explained-simply,mindful-listening-in-everyday-life,https://echobuddha.com/articles/four-noble-truths-explained-simply/,https://echobuddha.com/articles/mindful-listening-in-everyday-life/,Low,false,,0.046,0.123,0.243,0.165,0.104,0.052,0.4,0.101,0,0.12,0.27,0,0,0,false,false,false,false
four-noble-truths-explained-simply,creating-a-peaceful-corner-at-home,https://echobuddha.com/articles/four-noble-truths-explained-simply/,https://echobuddha.com/articles/creating-a-peaceful-corner-at-home/,Low,false,,0.028,0.107,0.223,0.12,0.107,0.044,0.4,0.068,0,0.076,0.279,0,0,0,false,false,false,false
noble-eightfold-path-practical-guide,what-is-buddhism-beginner-guide,https://echobuddha.com/articles/noble-eightfold-path-practical-guide/,https://echobuddha.com/articles/what-is-buddhism-beginner-guide/,Low,false,,0.294,0.15,0.339,0.169,0.11,0.039,0.4,0.1,0,0.187,0.345,0,0,0,true,false,false,false
noble-eightfold-path-practical-guide,four-noble-truths-explained-simply,https://echobuddha.com/articles/noble-eightfold-path-practical-guide/,https://echobuddha.com/articles/four-noble-truths-explained-simply/,Low,false,,0.303,0.141,0.261,0.157,0.105,0.098,0.4,0.198,0,0.233,0.312,0.001,0,0,true,false,false,false
noble-eightfold-path-practical-guide,noble-eightfold-path-practical-guide,https://echobuddha.com/articles/noble-eightfold-path-practical-guide/,https://echobuddha.com/articles/noble-eightfold-path-practical-guide/,Self,true,Noble Eightfold Path,1,1,1,1,1,1,1,1,1,1,1,1,40,0,true,true,false,false
noble-eightfold-path-practical-guide,impermanence-in-buddhism-letting-go,https://echobuddha.com/articles/noble-eightfold-path-practical-guide/,https://echobuddha.com/articles/impermanence-in-buddhism-letting-go/,Low,false,,0.121,0.089,0.162,0.119,0.074,0.051,0.4,0.107,0,0.066,0.23,0,0,0,false,false,false,false
noble-eightfold-path-practical-guide,compassion-in-buddhism-beginner-guide,https://echobuddha.com/articles/noble-eightfold-path-practical-guide/,https://echobuddha.com/articles/compassion-in-buddhism-beginner-guide/,Low,false,,0.349,0.117,0.263,0.183,0.035,0.059,0.4,0.026,0,0.076,0.274,0,0,0,false,false,false,false
noble-eightfold-path-practical-guide,how-to-meditate-for-beginners,https://echobuddha.com/articles/noble-eightfold-path-practical-guide/,https://echobuddha.com/articles/how-to-meditate-for-beginners/,Low,false,,0.316,0.135,0.31,0.132,0.097,0.023,0.4,0.129,0,0.112,0.29,0,0,0,false,false,false,false
noble-eightfold-path-practical-guide,mindfulness-of-breathing-guide,https://echobuddha.com/articles/noble-eightfold-path-practical-guide/,https://echobuddha.com/articles/mindfulness-of-breathing-guide/,Low,false,,0.281,0.13,0.308,0.135,0.048,0.043,0.4,0.13,0,0.302,0.287,0,0,0,false,false,false,false
noble-eightfold-path-practical-guide,loving-kindness-meditation-guide,https://echobuddha.com/articles/noble-eightfold-path-practical-guide/,https://echobuddha.com/articles/loving-kindness-meditation-guide/,Low,false,,0.207,0.106,0.223,0.154,0.055,0.052,0.4,0.065,0,0,0.258,0,0,0,false,false,false,false
noble-eightfold-path-practical-guide,dhammapada-reflection-what-we-think,https://echobuddha.com/articles/noble-eightfold-path-practical-guide/,https://echobuddha.com/articles/dhammapada-reflection-what-we-think/,Low,false,,0.026,0.146,0.335,0.157,0.068,0.048,0.4,0.15,0,0.172,0.382,0,0,0,true,false,false,false
noble-eightfold-path-practical-guide,dhammapada-reflection-trained-mind,https://echobuddha.com/articles/noble-eightfold-path-practical-guide/,https://echobuddha.com/articles/dhammapada-reflection-trained-mind/,Low,false,,0.069,0.156,0.403,0.2,0,0.038,0.4,0.079,0,0.045,0.484,0,0,0,true,false,false,false
noble-eightfold-path-practical-guide,eightfold-path-explained,https://echobuddha.com/articles/noble-eightfold-path-practical-guide/,https://echobuddha.com/articles/eightfold-path-explained/,Low,true,Noble Eightfold Path,0.513,0.234,0.557,0.195,0.099,0.156,0.4,0.173,0,0.157,0.467,0.001,0,0,true,false,true,false
noble-eightfold-path-practical-guide,how-to-let-go-of-attachment-in-buddhism,https://echobuddha.com/articles/noble-eightfold-path-practical-guide/,https://echobuddha.com/articles/how-to-let-go-of-attachment-in-buddhism/,Low,false,,0.082,0.104,0.252,0.124,0.059,0.029,0.4,0.021,0,0.008,0.32,0,0,0,true,false,false,false
noble-eightfold-path-practical-guide,right-speech-buddhism,https://echobuddha.com/articles/noble-eightfold-path-practical-guide/,https://echobuddha.com/articles/right-speech-buddhism/,Low,false,,0.178,0.188,0.392,0.165,0.18,0.045,0.4,0.26,0,0.065,0.361,0,0,0,true,false,false,false
noble-eightfold-path-practical-guide,buddhist-wisdom-for-overthinking,https://echobuddha.com/articles/noble-eightfold-path-practical-guide/,https://echobuddha.com/articles/buddhist-wisdom-for-overthinking/,Low,false,,0.117,0.105,0.234,0.141,0.029,0.023,0.4,0.122,0,0,0.283,0,0,0,false,false,false,false
noble-eightfold-path-practical-guide,impermanence-in-buddhism,https://echobuddha.com/articles/noble-eightfold-path-practical-guide/,https://echobuddha.com/articles/impermanence-in-buddhism/,Low,false,,0.094,0.11,0.248,0.144,0.012,0.039,0.4,0.144,0,0.093,0.283,0,0,0,false,false,false,false
noble-eightfold-path-practical-guide,what-is-karma-in-buddhism,https://echobuddha.com/articles/noble-eightfold-path-practical-guide/,https://echobuddha.com/articles/what-is-karma-in-buddhism/,Low,false,,0.361,0.136,0.325,0.163,0.034,0.043,0.4,0.113,0,0.176,0.378,0.001,0,0,true,false,false,false
noble-eightfold-path-practical-guide,four-noble-truths-explained,https://echobuddha.com/articles/noble-eightfold-path-practical-guide/,https://echobuddha.com/articles/four-noble-truths-explained/,Low,false,,0.298,0.129,0.261,0.144,0.107,0.03,0.4,0.182,0,0,0.279,0,0,0,false,false,false,false
noble-eightfold-path-practical-guide,mindfulness-vs-meditation,https://echobuddha.com/articles/noble-eightfold-path-practical-guide/,https://echobuddha.com/articles/mindfulness-vs-meditation/,Low,false,,0.28,0.162,0.369,0.156,0.128,0.105,0.4,0.04,0,0,0.406,0,0,0,true,false,false,false
noble-eightfold-path-practical-guide,buddhist-teachings-on-forgiveness,https://echobuddha.com/articles/noble-eightfold-path-practical-guide/,https://echobuddha.com/articles/buddhist-teachings-on-forgiveness/,Low,false,,0.089,0.086,0.197,0.131,0.014,0.031,0.4,0.053,0,0.011,0.227,0,0,0,false,false,false,false
noble-eightfold-path-practical-guide,metta-meditation-script,https://echobuddha.com/articles/noble-eightfold-path-practical-guide/,https://echobuddha.com/articles/metta-meditation-script/,Low,false,,0.096,0.136,0.302,0.158,0.071,0.038,0.4,0.149,0,0.068,0.327,0.001,0,0,true,false,false,false
noble-eightfold-path-practical-guide,buddhism-for-beginners-simple-guide,https://echobuddha.com/articles/noble-eightfold-path-practical-guide/,https://echobuddha.com/articles/buddhism-for-beginners-simple-guide/,Low,false,,0.376,0.254,0.583,0.177,0.214,0.055,0.4,0.319,0,0.429,0.582,0.001,0,0,true,false,false,false
noble-eightfold-path-practical-guide,how-to-meditate-for-anxiety,https://echobuddha.com/articles/noble-eightfold-path-practical-guide/,https://echobuddha.com/articles/how-to-meditate-for-anxiety/,Low,false,,0.086,0.137,0.317,0.157,0.053,0.04,0.4,0.14,0,0,0.302,0,0,0,true,false,false,false
noble-eightfold-path-practical-guide,loving-kindness-meditation-beginners,https://echobuddha.com/articles/noble-eightfold-path-practical-guide/,https://echobuddha.com/articles/loving-kindness-meditation-beginners/,Low,false,,0.165,0.118,0.232,0.173,0.039,0.038,0.4,0.193,0,0.058,0.23,0,0,0,false,false,false,false
noble-eightfold-path-practical-guide,eightfold-path-explained-daily-life,https://echobuddha.com/articles/noble-eightfold-path-practical-guide/,https://echobuddha.com/articles/eightfold-path-explained-daily-life/,Low,true,Noble Eightfold Path,0.851,0.235,0.533,0.213,0.083,0.137,0.4,0.298,0,0.254,0.52,0,0,0,true,false,true,false
noble-eightfold-path-practical-guide,mindfulness-morning-routine,https://echobuddha.com/articles/noble-eightfold-path-practical-guide/,https://echobuddha.com/articles/mindfulness-morning-routine/,Low,false,,0.074,0.191,0.447,0.158,0.118,0.059,0.4,0.209,0,0.166,0.39,0,0,0,true,false,false,false
noble-eightfold-path-practical-guide,buddhist-teachings-on-impermanence,https://echobuddha.com/articles/noble-eightfold-path-practical-guide/,https://echobuddha.com/articles/buddhist-teachings-on-impermanence/,Low,false,,0.175,0.104,0.22,0.144,0.018,0.103,0.4,0.059,0,0.009,0.314,0,0,0,true,false,false,false
noble-eightfold-path-practical-guide,walking-meditation-step-by-step,https://echobuddha.com/articles/noble-eightfold-path-practical-guide/,https://echobuddha.com/articles/walking-meditation-step-by-step/,Low,false,,0.174,0.128,0.282,0.146,0.073,0.04,0.4,0.126,0,0.036,0.326,0.001,0,0,true,false,false,false
noble-eightfold-path-practical-guide,buddhist-approach-to-anger,https://echobuddha.com/articles/noble-eightfold-path-practical-guide/,https://echobuddha.com/articles/buddhist-approach-to-anger/,Low,false,,0.135,0.112,0.248,0.157,0.019,0.046,0.4,0.109,0,0.054,0.192,0,0,0,false,false,false,false
noble-eightfold-path-practical-guide,mindfulness-for-better-sleep,https://echobuddha.com/articles/noble-eightfold-path-practical-guide/,https://echobuddha.com/articles/mindfulness-for-better-sleep/,Low,false,,0.088,0.113,0.261,0.123,0.073,0.037,0.4,0.072,0,0.023,0.208,0,0,0,false,false,false,false
noble-eightfold-path-practical-guide,how-to-practice-non-attachment,https://echobuddha.com/articles/noble-eightfold-path-practical-guide/,https://echobuddha.com/articles/how-to-practice-non-attachment/,Low,false,,0.311,0.146,0.361,0.151,0.055,0.041,0.4,0.1,0,0.086,0.401,0,0,0,true,false,false,false
noble-eightfold-path-practical-guide,beginning-a-daily-mindfulness-practice,https://echobuddha.com/articles/noble-eightfold-path-practical-guide/,https://echobuddha.com/articles/beginning-a-daily-mindfulness-practice/,Low,false,,0.292,0.176,0.396,0.156,0.128,0.056,0.4,0.196,0,0,0.367,0,0,0,true,false,false,false
noble-eightfold-path-practical-guide,compassion-as-a-daily-discipline,https://echobuddha.com/articles/noble-eightfold-path-practical-guide/,https://echobuddha.com/articles/compassion-as-a-daily-discipline/,Low,false,,0.302,0.148,0.32,0.156,0.043,0.112,0.4,0.179,0,0.05,0.404,0,0,0,true,false,false,false
noble-eightfold-path-practical-guide,letting-go-without-giving-up,https://echobuddha.com/articles/noble-eightfold-path-practical-guide/,https://echobuddha.com/articles/letting-go-without-giving-up/,Low,false,,0.061,0.136,0.332,0.163,0.022,0.041,0.4,0.114,0,0.178,0.429,0,0,0,true,false,false,false
noble-eightfold-path-practical-guide,three-ways-to-practice-patience,https://echobuddha.com/articles/noble-eightfold-path-practical-guide/,https://echobuddha.com/articles/three-ways-to-practice-patience/,Low,false,,0.192,0.172,0.428,0.183,0.043,0.034,0.4,0.159,0,0.065,0.486,0,0,0,true,false,false,false
noble-eightfold-path-practical-guide,mindful-listening-in-everyday-life,https://echobuddha.com/articles/noble-eightfold-path-practical-guide/,https://echobuddha.com/articles/mindful-listening-in-everyday-life/,Low,false,,0.207,0.162,0.41,0.163,0.065,0.039,0.4,0.087,0,0.093,0.379,0,0,0,true,false,false,false
noble-eightfold-path-practical-guide,creating-a-peaceful-corner-at-home,https://echobuddha.com/articles/noble-eightfold-path-practical-guide/,https://echobuddha.com/articles/creating-a-peaceful-corner-at-home/,Low,false,,0.122,0.104,0.214,0.129,0.089,0.031,0.4,0.088,0,0.176,0.222,0,0,0,false,false,false,false
impermanence-in-buddhism-letting-go,what-is-buddhism-beginner-guide,https://echobuddha.com/articles/impermanence-in-buddhism-letting-go/,https://echobuddha.com/articles/what-is-buddhism-beginner-guide/,Low,false,,0.417,0.173,0.358,0.212,0.09,0.125,0.4,0.137,0,0.101,0.275,0,0,0,false,false,false,false
impermanence-in-buddhism-letting-go,four-noble-truths-explained-simply,https://echobuddha.com/articles/impermanence-in-buddhism-letting-go/,https://echobuddha.com/articles/four-noble-truths-explained-simply/,Low,false,,0.205,0.158,0.341,0.204,0.115,0.073,0.4,0.068,0,0.019,0.257,0,0,0,false,false,false,false
impermanence-in-buddhism-letting-go,noble-eightfold-path-practical-guide,https://echobuddha.com/articles/impermanence-in-buddhism-letting-go/,https://echobuddha.com/articles/noble-eightfold-path-practical-guide/,Low,false,,0.121,0.089,0.162,0.119,0.074,0.051,0.4,0.107,0,0.066,0.23,0,0,0,false,false,false,false
impermanence-in-buddhism-letting-go,impermanence-in-buddhism-letting-go,https://echobuddha.com/articles/impermanence-in-buddhism-letting-go/,https://echobuddha.com/articles/impermanence-in-buddhism-letting-go/,Self,true,"Impermanence; Attachment, Non-attachment, and Letting Go",1,1,1,1,1,1,1,1,1,1,1,1,50,0,true,true,false,false
impermanence-in-buddhism-letting-go,compassion-in-buddhism-beginner-guide,https://echobuddha.com/articles/impermanence-in-buddhism-letting-go/,https://echobuddha.com/articles/compassion-in-buddhism-beginner-guide/,Low,false,,0.283,0.132,0.249,0.17,0.072,0.14,0.4,0.104,0,0.09,0.248,0,0,0,false,false,false,false
impermanence-in-buddhism-letting-go,how-to-meditate-for-beginners,https://echobuddha.com/articles/impermanence-in-buddhism-letting-go/,https://echobuddha.com/articles/how-to-meditate-for-beginners/,Low,false,,0.12,0.101,0.211,0.134,0.066,0.031,1,0.093,0,0.066,0.167,0,0,0,false,false,false,false
impermanence-in-buddhism-letting-go,mindfulness-of-breathing-guide,https://echobuddha.com/articles/impermanence-in-buddhism-letting-go/,https://echobuddha.com/articles/mindfulness-of-breathing-guide/,Low,false,,0,0.129,0.223,0.164,0.092,0.142,0.4,0.134,0,0.017,0.203,0,0,0,false,false,false,false
impermanence-in-buddhism-letting-go,loving-kindness-meditation-guide,https://echobuddha.com/articles/impermanence-in-buddhism-letting-go/,https://echobuddha.com/articles/loving-kindness-meditation-guide/,Low,false,,0.072,0.127,0.266,0.158,0.03,0.121,0.4,0.1,0,0,0.217,0,0,0,false,false,false,false
impermanence-in-buddhism-letting-go,dhammapada-reflection-what-we-think,https://echobuddha.com/articles/impermanence-in-buddhism-letting-go/,https://echobuddha.com/articles/dhammapada-reflection-what-we-think/,Low,false,,0.118,0.139,0.248,0.172,0.084,0.195,0.4,0.091,0,0.072,0.216,0.001,0,0,false,false,false,false
impermanence-in-buddhism-letting-go,dhammapada-reflection-trained-mind,https://echobuddha.com/articles/impermanence-in-buddhism-letting-go/,https://echobuddha.com/articles/dhammapada-reflection-trained-mind/,Low,false,,0.075,0.142,0.328,0.165,0.041,0.094,0.4,0.075,0,0.128,0.288,0.001,0,0,false,false,false,false
impermanence-in-buddhism-letting-go,eightfold-path-explained,https://echobuddha.com/articles/impermanence-in-buddhism-letting-go/,https://echobuddha.com/articles/eightfold-path-explained/,Low,false,,0.092,0.103,0.218,0.17,0.027,0.053,0.4,0.055,0,0.086,0.243,0,0,0,false,false,false,false
impermanence-in-buddhism-letting-go,how-to-let-go-of-attachment-in-buddhism,https://echobuddha.com/articles/impermanence-in-buddhism-letting-go/,https://echobuddha.com/articles/how-to-let-go-of-attachment-in-buddhism/,Low,false,"Attachment, Non-attachment, and Letting Go",0.356,0.213,0.457,0.226,0.145,0.097,0.4,0.206,0,0.02,0.322,0.003,0,0,true,false,false,false
impermanence-in-buddhism-letting-go,right-speech-buddhism,https://echobuddha.com/articles/impermanence-in-buddhism-letting-go/,https://echobuddha.com/articles/right-speech-buddhism/,Low,false,,0.231,0.098,0.184,0.137,0.094,0.065,0.4,0.042,0,0.103,0.212,0,0,0,false,false,false,false
impermanence-in-buddhism-letting-go,buddhist-wisdom-for-overthinking,https://echobuddha.com/articles/impermanence-in-buddhism-letting-go/,https://echobuddha.com/articles/buddhist-wisdom-for-overthinking/,Low,false,,0.222,0.14,0.308,0.173,0.059,0.057,0.4,0.133,0,0,0.26,0.001,0,0,false,false,false,false
impermanence-in-buddhism-letting-go,impermanence-in-buddhism,https://echobuddha.com/articles/impermanence-in-buddhism-letting-go/,https://echobuddha.com/articles/impermanence-in-buddhism/,Medium,true,Impermanence,0.623,0.315,0.683,0.236,0.339,0.097,0.4,0.332,0,0.136,0.446,0.003,0,0,true,false,true,false
impermanence-in-buddhism-letting-go,what-is-karma-in-buddhism,https://echobuddha.com/articles/impermanence-in-buddhism-letting-go/,https://echobuddha.com/articles/what-is-karma-in-buddhism/,Low,false,,0.166,0.136,0.322,0.157,0.056,0.062,0.4,0.072,0,0.063,0.258,0,0,0,false,false,false,false
impermanence-in-buddhism-letting-go,four-noble-truths-explained,https://echobuddha.com/articles/impermanence-in-buddhism-letting-go/,https://echobuddha.com/articles/four-noble-truths-explained/,Low,false,,0.186,0.141,0.314,0.198,0.013,0.038,0.4,0.195,0,0,0.189,0,0,0,false,false,false,false
impermanence-in-buddhism-letting-go,mindfulness-vs-meditation,https://echobuddha.com/articles/impermanence-in-buddhism-letting-go/,https://echobuddha.com/articles/mindfulness-vs-meditation/,Low,false,,0.015,0.116,0.266,0.171,0.029,0.065,0.4,0.023,0,0,0.272,0,0,0,false,false,false,false
impermanence-in-buddhism-letting-go,buddhist-teachings-on-forgiveness,https://echobuddha.com/articles/impermanence-in-buddhism-letting-go/,https://echobuddha.com/articles/buddhist-teachings-on-forgiveness/,Low,false,,0.187,0.142,0.311,0.173,0.093,0.065,0.4,0.084,0,0.054,0.261,0.001,0,0,false,false,false,false
impermanence-in-buddhism-letting-go,metta-meditation-script,https://echobuddha.com/articles/impermanence-in-buddhism-letting-go/,https://echobuddha.com/articles/metta-meditation-script/,Low,false,,0.012,0.122,0.287,0.155,0.044,0.045,0.4,0.07,0,0.067,0.269,0,0,0,false,false,false,false
impermanence-in-buddhism-letting-go,buddhism-for-beginners-simple-guide,https://echobuddha.com/articles/impermanence-in-buddhism-letting-go/,https://echobuddha.com/articles/buddhism-for-beginners-simple-guide/,Low,false,,0.303,0.13,0.258,0.147,0.117,0.072,0.4,0.116,0,0.11,0.325,0,0,0,true,false,false,false
impermanence-in-buddhism-letting-go,how-to-meditate-for-anxiety,https://echobuddha.com/articles/impermanence-in-buddhism-letting-go/,https://echobuddha.com/articles/how-to-meditate-for-anxiety/,Low,false,,0.056,0.114,0.278,0.161,0,0.031,0.4,0.087,0,0,0.261,0,0,0,false,false,false,false
impermanence-in-buddhism-letting-go,loving-kindness-meditation-beginners,https://echobuddha.com/articles/impermanence-in-buddhism-letting-go/,https://echobuddha.com/articles/loving-kindness-meditation-beginners/,Low,false,,0.017,0.123,0.269,0.165,0.063,0.046,0.4,0.091,0,0.027,0.244,0,0,0,false,false,false,false
impermanence-in-buddhism-letting-go,eightfold-path-explained-daily-life,https://echobuddha.com/articles/impermanence-in-buddhism-letting-go/,https://echobuddha.com/articles/eightfold-path-explained-daily-life/,Low,false,,0.149,0.092,0.202,0.138,0.014,0.048,0.4,0.069,0,0.112,0.252,0,0,0,false,false,false,false
impermanence-in-buddhism-letting-go,mindfulness-morning-routine,https://echobuddha.com/articles/impermanence-in-buddhism-letting-go/,https://echobuddha.com/articles/mindfulness-morning-routine/,Low,false,,0,0.102,0.243,0.133,0,0.042,0.4,0.091,0,0.03,0.244,0,0,0,false,false,false,false
impermanence-in-buddhism-letting-go,buddhist-teachings-on-impermanence,https://echobuddha.com/articles/impermanence-in-buddhism-letting-go/,https://echobuddha.com/articles/buddhist-teachings-on-impermanence/,Medium,true,Impermanence,0.508,0.285,0.618,0.229,0.219,0.085,0.4,0.423,0,0.062,0.44,0.003,0,0,true,false,true,false
impermanence-in-buddhism-letting-go,walking-meditation-step-by-step,https://echobuddha.com/articles/impermanence-in-buddhism-letting-go/,https://echobuddha.com/articles/walking-meditation-step-by-step/,Low,false,,0.015,0.105,0.216,0.145,0.06,0.057,0.4,0.082,0,0.028,0.251,0,0,0,false,false,false,false
impermanence-in-buddhism-letting-go,buddhist-approach-to-anger,https://echobuddha.com/articles/impermanence-in-buddhism-letting-go/,https://echobuddha.com/articles/buddhist-approach-to-anger/,Low,false,,0.176,0.084,0.169,0.129,0.046,0.045,0.4,0.052,0,0.064,0.129,0,0,0,false,false,false,false
impermanence-in-buddhism-letting-go,mindfulness-for-better-sleep,https://echobuddha.com/articles/impermanence-in-buddhism-letting-go/,https://echobuddha.com/articles/mindfulness-for-better-sleep/,Low,false,,0.049,0.112,0.234,0.145,0.06,0.044,0.4,0.118,0,0.089,0.203,0,0,0,false,false,false,false
impermanence-in-buddhism-letting-go,how-to-practice-non-attachment,https://echobuddha.com/articles/impermanence-in-buddhism-letting-go/,https://echobuddha.com/articles/how-to-practice-non-attachment/,Low,false,"Attachment, Non-attachment, and Letting Go",0.115,0.208,0.432,0.236,0.15,0.058,0.4,0.26,0,0.107,0.367,0.001,0,0,true,false,false,false
impermanence-in-buddhism-letting-go,beginning-a-daily-mindfulness-practice,https://echobuddha.com/articles/impermanence-in-buddhism-letting-go/,https://echobuddha.com/articles/beginning-a-daily-mindfulness-practice/,Low,false,,0,0.121,0.256,0.155,0.09,0.046,0.4,0.08,0,0,0.277,0,0,0,false,false,false,false
impermanence-in-buddhism-letting-go,compassion-as-a-daily-discipline,https://echobuddha.com/articles/impermanence-in-buddhism-letting-go/,https://echobuddha.com/articles/compassion-as-a-daily-discipline/,Low,false,,0.145,0.118,0.246,0.147,0.07,0.061,0.4,0.099,0,0.04,0.254,0.001,0,0,false,false,false,false
impermanence-in-buddhism-letting-go,letting-go-without-giving-up,https://echobuddha.com/articles/impermanence-in-buddhism-letting-go/,https://echobuddha.com/articles/letting-go-without-giving-up/,Low,false,"Attachment, Non-attachment, and Letting Go",0.139,0.171,0.359,0.212,0.09,0.031,0.4,0.257,0,0,0.287,0,0,0,false,false,false,false
impermanence-in-buddhism-letting-go,three-ways-to-practice-patience,https://echobuddha.com/articles/impermanence-in-buddhism-letting-go/,https://echobuddha.com/articles/three-ways-to-practice-patience/,Low,false,,0.017,0.107,0.241,0.151,0.035,0.043,0.4,0.061,0,0,0.289,0.001,0,0,false,false,false,false
impermanence-in-buddhism-letting-go,mindful-listening-in-everyday-life,https://echobuddha.com/articles/impermanence-in-buddhism-letting-go/,https://echobuddha.com/articles/mindful-listening-in-everyday-life/,Low,false,,0.058,0.105,0.216,0.156,0.035,0.056,0.4,0.092,0,0.153,0.227,0,0,0,false,false,false,false
impermanence-in-buddhism-letting-go,creating-a-peaceful-corner-at-home,https://echobuddha.com/articles/impermanence-in-buddhism-letting-go/,https://echobuddha.com/articles/creating-a-peaceful-corner-at-home/,Low,false,,0,0.102,0.216,0.124,0.073,0.038,0.4,0.086,0,0.083,0.211,0,0,0,false,false,false,false
compassion-in-buddhism-beginner-guide,what-is-buddhism-beginner-guide,https://echobuddha.com/articles/compassion-in-buddhism-beginner-guide/,https://echobuddha.com/articles/what-is-buddhism-beginner-guide/,Low,false,,0.552,0.178,0.33,0.202,0.146,0.103,0.4,0.252,0,0.022,0.402,0,0,0,true,false,false,false
compassion-in-buddhism-beginner-guide,four-noble-truths-explained-simply,https://echobuddha.com/articles/compassion-in-buddhism-beginner-guide/,https://echobuddha.com/articles/four-noble-truths-explained-simply/,Low,false,,0.152,0.129,0.285,0.2,0.051,0.052,0.4,0.049,0,0.066,0.317,0.001,0,0,true,false,false,false
compassion-in-buddhism-beginner-guide,noble-eightfold-path-practical-guide,https://echobuddha.com/articles/compassion-in-buddhism-beginner-guide/,https://echobuddha.com/articles/noble-eightfold-path-practical-guide/,Low,false,,0.349,0.117,0.263,0.183,0.035,0.059,0.4,0.026,0,0.076,0.274,0,0,0,false,false,false,false
compassion-in-buddhism-beginner-guide,impermanence-in-buddhism-letting-go,https://echobuddha.com/articles/compassion-in-buddhism-beginner-guide/,https://echobuddha.com/articles/impermanence-in-buddhism-letting-go/,Low,false,,0.283,0.132,0.249,0.17,0.072,0.14,0.4,0.104,0,0.09,0.248,0,0,0,false,false,false,false
compassion-in-buddhism-beginner-guide,compassion-in-buddhism-beginner-guide,https://echobuddha.com/articles/compassion-in-buddhism-beginner-guide/,https://echobuddha.com/articles/compassion-in-buddhism-beginner-guide/,Self,true,Compassion and Forgiveness,1,1,1,1,1,1,1,1,1,1,1,1,56,0,true,true,false,false
compassion-in-buddhism-beginner-guide,how-to-meditate-for-beginners,https://echobuddha.com/articles/compassion-in-buddhism-beginner-guide/,https://echobuddha.com/articles/how-to-meditate-for-beginners/,Low,false,,0.297,0.103,0.191,0.139,0.093,0.104,0.4,0.018,0,0.058,0.229,0,0,0,false,false,false,false
compassion-in-buddhism-beginner-guide,mindfulness-of-breathing-guide,https://echobuddha.com/articles/compassion-in-buddhism-beginner-guide/,https://echobuddha.com/articles/mindfulness-of-breathing-guide/,Low,false,,0.193,0.104,0.193,0.145,0.093,0.108,0.4,0.008,0,0,0.273,0.001,0,0,false,false,false,false
compassion-in-buddhism-beginner-guide,loving-kindness-meditation-guide,https://echobuddha.com/articles/compassion-in-buddhism-beginner-guide/,https://echobuddha.com/articles/loving-kindness-meditation-guide/,Low,false,,0.224,0.208,0.452,0.227,0.106,0.202,0.4,0.073,0,0,0.475,0,0,0,true,false,false,false
compassion-in-buddhism-beginner-guide,dhammapada-reflection-what-we-think,https://echobuddha.com/articles/compassion-in-buddhism-beginner-guide/,https://echobuddha.com/articles/dhammapada-reflection-what-we-think/,Low,false,,0.032,0.131,0.274,0.2,0.017,0.134,0.4,0.056,0,0,0.308,0,0,0,true,false,false,false
compassion-in-buddhism-beginner-guide,dhammapada-reflection-trained-mind,https://echobuddha.com/articles/compassion-in-buddhism-beginner-guide/,https://echobuddha.com/articles/dhammapada-reflection-trained-mind/,Low,false,,0.043,0.137,0.278,0.201,0.081,0.073,0.4,0.089,0,0.112,0.338,0,0,0,true,false,false,false
compassion-in-buddhism-beginner-guide,eightfold-path-explained,https://echobuddha.com/articles/compassion-in-buddhism-beginner-guide/,https://echobuddha.com/articles/eightfold-path-explained/,Low,false,,0.128,0.132,0.285,0.224,0.053,0.05,0.4,0.04,0,0.022,0.359,0,0,0,true,false,false,false
compassion-in-buddhism-beginner-guide,how-to-let-go-of-attachment-in-buddhism,https://echobuddha.com/articles/compassion-in-buddhism-beginner-guide/,https://echobuddha.com/articles/how-to-let-go-of-attachment-in-buddhism/,Low,false,,0.342,0.156,0.325,0.171,0.086,0.085,0.4,0.191,0,0,0.357,0,0,0,true,false,false,false
compassion-in-buddhism-beginner-guide,right-speech-buddhism,https://echobuddha.com/articles/compassion-in-buddhism-beginner-guide/,https://echobuddha.com/articles/right-speech-buddhism/,Low,false,,0.292,0.155,0.318,0.208,0.111,0.051,0.4,0.133,0,0.045,0.459,0.001,0,0,true,false,false,false
compassion-in-buddhism-beginner-guide,buddhist-wisdom-for-overthinking,https://echobuddha.com/articles/compassion-in-buddhism-beginner-guide/,https://echobuddha.com/articles/buddhist-wisdom-for-overthinking/,Low,false,,0.16,0.108,0.203,0.163,0.125,0.044,0.4,0.021,0,0,0.284,0,0,0,false,false,false,false
compassion-in-buddhism-beginner-guide,impermanence-in-buddhism,https://echobuddha.com/articles/compassion-in-buddhism-beginner-guide/,https://echobuddha.com/articles/impermanence-in-buddhism/,Low,false,,0.278,0.139,0.289,0.189,0.091,0.057,0.4,0.098,0,0.059,0.332,0,0,0,true,false,false,false
compassion-in-buddhism-beginner-guide,what-is-karma-in-buddhism,https://echobuddha.com/articles/compassion-in-buddhism-beginner-guide/,https://echobuddha.com/articles/what-is-karma-in-buddhism/,Low,false,,0.399,0.158,0.371,0.211,0.033,0.049,0.4,0.126,0,0.066,0.336,0,0,0,true,false,false,false
compassion-in-buddhism-beginner-guide,four-noble-truths-explained,https://echobuddha.com/articles/compassion-in-buddhism-beginner-guide/,https://echobuddha.com/articles/four-noble-truths-explained/,Low,false,,0.179,0.122,0.282,0.19,0.029,0.033,0.4,0.063,0,0,0.298,0,0,0,false,false,false,false
compassion-in-buddhism-beginner-guide,mindfulness-vs-meditation,https://echobuddha.com/articles/compassion-in-buddhism-beginner-guide/,https://echobuddha.com/articles/mindfulness-vs-meditation/,Low,false,,0.196,0.128,0.283,0.168,0.112,0.04,0.4,0.018,0,0,0.372,0,0,0,true,false,false,false
compassion-in-buddhism-beginner-guide,buddhist-teachings-on-forgiveness,https://echobuddha.com/articles/compassion-in-buddhism-beginner-guide/,https://echobuddha.com/articles/buddhist-teachings-on-forgiveness/,Low,true,Compassion and Forgiveness,0.166,0.197,0.436,0.215,0.151,0.053,0.4,0.162,0,0.047,0.365,0,0,0,true,false,false,false
compassion-in-buddhism-beginner-guide,metta-meditation-script,https://echobuddha.com/articles/compassion-in-buddhism-beginner-guide/,https://echobuddha.com/articles/metta-meditation-script/,Low,false,,0.108,0.151,0.355,0.205,0.085,0.051,0.4,0.012,0,0,0.445,0.001,0,0,true,false,false,false
compassion-in-buddhism-beginner-guide,buddhism-for-beginners-simple-guide,https://echobuddha.com/articles/compassion-in-buddhism-beginner-guide/,https://echobuddha.com/articles/buddhism-for-beginners-simple-guide/,Low,false,,0.455,0.15,0.34,0.2,0.103,0.051,0.4,0.025,0,0.024,0.411,0,0,0,true,false,false,false
compassion-in-buddhism-beginner-guide,how-to-meditate-for-anxiety,https://echobuddha.com/articles/compassion-in-buddhism-beginner-guide/,https://echobuddha.com/articles/how-to-meditate-for-anxiety/,Low,false,,0.072,0.105,0.254,0.155,0.034,0.026,0.4,0.013,0,0,0.37,0,0,0,true,false,false,false
compassion-in-buddhism-beginner-guide,loving-kindness-meditation-beginners,https://echobuddha.com/articles/compassion-in-buddhism-beginner-guide/,https://echobuddha.com/articles/loving-kindness-meditation-beginners/,Low,false,Compassion and Forgiveness,0.095,0.176,0.41,0.214,0.13,0.043,0.4,0.048,0,0,0.474,0,0,0,true,false,false,false
compassion-in-buddhism-beginner-guide,eightfold-path-explained-daily-life,https://echobuddha.com/articles/compassion-in-buddhism-beginner-guide/,https://echobuddha.com/articles/eightfold-path-explained-daily-life/,Low,false,,0.302,0.106,0.231,0.166,0.032,0.044,0.4,0.066,0,0.024,0.278,0,0,0,false,false,false,false
compassion-in-buddhism-beginner-guide,mindfulness-morning-routine,https://echobuddha.com/articles/compassion-in-buddhism-beginner-guide/,https://echobuddha.com/articles/mindfulness-morning-routine/,Low,false,,0.031,0.101,0.221,0.15,0.076,0.038,0.4,0.006,0,0.053,0.271,0,0,0,false,false,false,false
compassion-in-buddhism-beginner-guide,buddhist-teachings-on-impermanence,https://echobuddha.com/articles/compassion-in-buddhism-beginner-guide/,https://echobuddha.com/articles/buddhist-teachings-on-impermanence/,Low,false,,0.287,0.114,0.257,0.175,0.034,0.053,0.4,0.037,0,0.036,0.299,0,0,0,false,false,false,false
compassion-in-buddhism-beginner-guide,walking-meditation-step-by-step,https://echobuddha.com/articles/compassion-in-buddhism-beginner-guide/,https://echobuddha.com/articles/walking-meditation-step-by-step/,Low,false,,0.131,0.092,0.205,0.146,0.035,0.044,0.4,0.018,0,0,0.309,0,0,0,true,false,false,false
compassion-in-buddhism-beginner-guide,buddhist-approach-to-anger,https://echobuddha.com/articles/compassion-in-buddhism-beginner-guide/,https://echobuddha.com/articles/buddhist-approach-to-anger/,Low,false,,0.215,0.137,0.278,0.207,0.109,0.042,0.4,0.072,0,0.111,0.317,0,0,0,true,false,false,false
compassion-in-buddhism-beginner-guide,mindfulness-for-better-sleep,https://echobuddha.com/articles/compassion-in-buddhism-beginner-guide/,https://echobuddha.com/articles/mindfulness-for-better-sleep/,Low,false,,0.047,0.089,0.192,0.138,0.053,0.041,0.4,0.007,0,0,0.275,0,0,0,false,false,false,false
compassion-in-buddhism-beginner-guide,how-to-practice-non-attachment,https://echobuddha.com/articles/compassion-in-buddhism-beginner-guide/,https://echobuddha.com/articles/how-to-practice-non-attachment/,Low,false,,0.333,0.134,0.322,0.175,0.035,0.045,0.4,0.063,0,0.104,0.307,0,0,0,true,false,false,false
compassion-in-buddhism-beginner-guide,beginning-a-daily-mindfulness-practice,https://echobuddha.com/articles/compassion-in-buddhism-beginner-guide/,https://echobuddha.com/articles/beginning-a-daily-mindfulness-practice/,Low,false,,0.332,0.133,0.279,0.146,0.177,0.043,0.4,0.021,0,0,0.378,0,0,0,true,false,false,false
compassion-in-buddhism-beginner-guide,compassion-as-a-daily-discipline,https://echobuddha.com/articles/compassion-in-buddhism-beginner-guide/,https://echobuddha.com/articles/compassion-as-a-daily-discipline/,Medium,true,Compassion and Forgiveness,0.596,0.295,0.683,0.233,0.206,0.07,0.4,0.362,0,0.208,0.51,0,0,0,true,false,false,false
compassion-in-buddhism-beginner-guide,letting-go-without-giving-up,https://echobuddha.com/articles/compassion-in-buddhism-beginner-guide/,https://echobuddha.com/articles/letting-go-without-giving-up/,Low,false,,0.057,0.123,0.258,0.177,0.084,0.026,0.4,0.094,0,0,0.249,0,0,0,false,false,false,false
compassion-in-buddhism-beginner-guide,three-ways-to-practice-patience,https://echobuddha.com/articles/compassion-in-buddhism-beginner-guide/,https://echobuddha.com/articles/three-ways-to-practice-patience/,Low,false,,0.304,0.141,0.319,0.185,0.104,0.038,0.4,0.037,0,0.054,0.367,0,0,0,true,false,false,false
compassion-in-buddhism-beginner-guide,mindful-listening-in-everyday-life,https://echobuddha.com/articles/compassion-in-buddhism-beginner-guide/,https://echobuddha.com/articles/mindful-listening-in-everyday-life/,Low,false,,0.093,0.159,0.349,0.2,0.104,0.086,0.4,0.052,0,0.038,0.37,0,0,0,true,false,false,false
compassion-in-buddhism-beginner-guide,creating-a-peaceful-corner-at-home,https://echobuddha.com/articles/compassion-in-buddhism-beginner-guide/,https://echobuddha.com/articles/creating-a-peaceful-corner-at-home/,Low,false,,0.136,0.097,0.211,0.129,0.086,0.034,0.4,0.015,0,0,0.33,0,0,0,true,false,false,false
how-to-meditate-for-beginners,what-is-buddhism-beginner-guide,https://echobuddha.com/articles/how-to-meditate-for-beginners/,https://echobuddha.com/articles/what-is-buddhism-beginner-guide/,Low,false,,0.349,0.155,0.347,0.177,0.146,0.037,0.4,0.061,0,0.138,0.361,0,0,0,true,false,false,false
how-to-meditate-for-beginners,four-noble-truths-explained-simply,https://echobuddha.com/articles/how-to-meditate-for-beginners/,https://echobuddha.com/articles/four-noble-truths-explained-simply/,Low,false,,0.22,0.121,0.239,0.134,0.14,0.029,0.4,0.122,0,0.073,0.266,0,0,0,false,false,false,false
how-to-meditate-for-beginners,noble-eightfold-path-practical-guide,https://echobuddha.com/articles/how-to-meditate-for-beginners/,https://echobuddha.com/articles/noble-eightfold-path-practical-guide/,Low,false,,0.316,0.135,0.31,0.132,0.097,0.023,0.4,0.129,0,0.112,0.29,0,0,0,false,false,false,false
how-to-meditate-for-beginners,impermanence-in-buddhism-letting-go,https://echobuddha.com/articles/how-to-meditate-for-beginners/,https://echobuddha.com/articles/impermanence-in-buddhism-letting-go/,Low,false,,0.12,0.101,0.211,0.134,0.066,0.031,1,0.093,0,0.066,0.167,0,0,0,false,false,false,false
how-to-meditate-for-beginners,compassion-in-buddhism-beginner-guide,https://echobuddha.com/articles/how-to-meditate-for-beginners/,https://echobuddha.com/articles/compassion-in-buddhism-beginner-guide/,Low,false,,0.297,0.103,0.191,0.139,0.093,0.104,0.4,0.018,0,0.058,0.229,0,0,0,false,false,false,false
how-to-meditate-for-beginners,how-to-meditate-for-beginners,https://echobuddha.com/articles/how-to-meditate-for-beginners/,https://echobuddha.com/articles/how-to-meditate-for-beginners/,Self,true,Beginner Meditation and Mindfulness,1,1,1,1,1,1,1,1,1,1,1,1,57,0,true,true,false,false
how-to-meditate-for-beginners,mindfulness-of-breathing-guide,https://echobuddha.com/articles/how-to-meditate-for-beginners/,https://echobuddha.com/articles/mindfulness-of-breathing-guide/,Low,true,Beginner Meditation and Mindfulness,0.461,0.224,0.52,0.209,0.114,0.068,0.4,0.263,0,0.123,0.508,0.001,0,0,true,false,false,false
how-to-meditate-for-beginners,loving-kindness-meditation-guide,https://echobuddha.com/articles/how-to-meditate-for-beginners/,https://echobuddha.com/articles/loving-kindness-meditation-guide/,Low,false,,0.532,0.127,0.235,0.154,0.114,0.118,0.4,0.071,0,0,0.217,0.001,0,0,false,false,false,false
how-to-meditate-for-beginners,dhammapada-reflection-what-we-think,https://echobuddha.com/articles/how-to-meditate-for-beginners/,https://echobuddha.com/articles/dhammapada-reflection-what-we-think/,Low,false,,0.044,0.131,0.291,0.175,0.076,0.037,0.4,0.08,0,0.077,0.263,0,0,0,false,false,false,false
how-to-meditate-for-beginners,dhammapada-reflection-trained-mind,https://echobuddha.com/articles/how-to-meditate-for-beginners/,https://echobuddha.com/articles/dhammapada-reflection-trained-mind/,Low,false,,0.013,0.184,0.433,0.177,0.164,0.036,0.4,0.08,0,0.096,0.404,0.001,0,0,true,false,false,false
how-to-meditate-for-beginners,eightfold-path-explained,https://echobuddha.com/articles/how-to-meditate-for-beginners/,https://echobuddha.com/articles/eightfold-path-explained/,Low,false,,0.205,0.11,0.254,0.156,0.049,0.033,0.4,0.033,0,0.214,0.26,0,0,0,false,false,false,false
how-to-meditate-for-beginners,how-to-let-go-of-attachment-in-buddhism,https://echobuddha.com/articles/how-to-meditate-for-beginners/,https://echobuddha.com/articles/how-to-let-go-of-attachment-in-buddhism/,Low,false,,0.093,0.099,0.228,0.141,0.039,0.027,0.4,0.05,0,0.038,0.312,0.001,0,0,true,false,false,false
how-to-meditate-for-beginners,right-speech-buddhism,https://echobuddha.com/articles/how-to-meditate-for-beginners/,https://echobuddha.com/articles/right-speech-buddhism/,Low,false,,0.101,0.094,0.193,0.144,0.072,0.024,0.4,0.043,0,0.05,0.214,0,0,0,false,false,false,false
how-to-meditate-for-beginners,buddhist-wisdom-for-overthinking,https://echobuddha.com/articles/how-to-meditate-for-beginners/,https://echobuddha.com/articles/buddhist-wisdom-for-overthinking/,Low,false,,0.169,0.188,0.408,0.177,0.229,0.038,0.4,0.107,0,0,0.355,0.002,0,0,true,false,false,false
how-to-meditate-for-beginners,impermanence-in-buddhism,https://echobuddha.com/articles/how-to-meditate-for-beginners/,https://echobuddha.com/articles/impermanence-in-buddhism/,Low,false,,0.093,0.105,0.247,0.143,0.021,0.027,0.4,0.087,0,0.087,0.275,0,0,0,false,false,false,false
how-to-meditate-for-beginners,what-is-karma-in-buddhism,https://echobuddha.com/articles/how-to-meditate-for-beginners/,https://echobuddha.com/articles/what-is-karma-in-buddhism/,Low,false,,0.265,0.097,0.227,0.126,0.046,0.015,0.4,0.055,0,0.056,0.261,0.001,0,0,false,false,false,false
how-to-meditate-for-beginners,four-noble-truths-explained,https://echobuddha.com/articles/how-to-meditate-for-beginners/,https://echobuddha.com/articles/four-noble-truths-explained/,Low,false,,0.162,0.089,0.22,0.141,0,0.014,0.4,0.035,0,0,0.212,0,0,0,false,false,false,false
how-to-meditate-for-beginners,mindfulness-vs-meditation,https://echobuddha.com/articles/how-to-meditate-for-beginners/,https://echobuddha.com/articles/mindfulness-vs-meditation/,Low,true,Beginner Meditation and Mindfulness,0.583,0.225,0.497,0.226,0.257,0.052,0.4,0.09,0,0,0.53,0.001,0,0,true,false,false,false
how-to-meditate-for-beginners,buddhist-teachings-on-forgiveness,https://echobuddha.com/articles/how-to-meditate-for-beginners/,https://echobuddha.com/articles/buddhist-teachings-on-forgiveness/,Low,false,,0.15,0.103,0.245,0.139,0.038,0.021,0.4,0.055,0,0.12,0.281,0,0,0,false,false,false,false
how-to-meditate-for-beginners,metta-meditation-script,https://echobuddha.com/articles/how-to-meditate-for-beginners/,https://echobuddha.com/articles/metta-meditation-script/,Low,false,,0.401,0.167,0.359,0.18,0.141,0.036,0.4,0.169,0,0.189,0.359,0.001,0,0,true,false,false,false
how-to-meditate-for-beginners,buddhism-for-beginners-simple-guide,https://echobuddha.com/articles/how-to-meditate-for-beginners/,https://echobuddha.com/articles/buddhism-for-beginners-simple-guide/,Low,false,,0.574,0.209,0.399,0.217,0.237,0.052,0.4,0.296,0,0.097,0.386,0,0,0,true,false,false,false
how-to-meditate-for-beginners,how-to-meditate-for-anxiety,https://echobuddha.com/articles/how-to-meditate-for-beginners/,https://echobuddha.com/articles/how-to-meditate-for-anxiety/,Low,true,Beginner Meditation and Mindfulness,0.31,0.201,0.478,0.188,0.078,0.03,0.4,0.284,0,0,0.429,0.001,0,0,true,false,false,false
how-to-meditate-for-beginners,loving-kindness-meditation-beginners,https://echobuddha.com/articles/how-to-meditate-for-beginners/,https://echobuddha.com/articles/loving-kindness-meditation-beginners/,Low,false,,0.504,0.161,0.31,0.168,0.171,0.036,0.4,0.239,0,0.018,0.283,0,0,0,false,false,false,false
how-to-meditate-for-beginners,eightfold-path-explained-daily-life,https://echobuddha.com/articles/how-to-meditate-for-beginners/,https://echobuddha.com/articles/eightfold-path-explained-daily-life/,Low,false,,0.195,0.121,0.285,0.158,0.029,0.03,0.4,0.1,0,0.147,0.263,0,0,0,false,false,false,false
how-to-meditate-for-beginners,mindfulness-morning-routine,https://echobuddha.com/articles/how-to-meditate-for-beginners/,https://echobuddha.com/articles/mindfulness-morning-routine/,Low,true,Beginner Meditation and Mindfulness,0.237,0.186,0.406,0.199,0.122,0.033,0.4,0.236,0,0,0.427,0.001,0,0,true,false,false,false
how-to-meditate-for-beginners,buddhist-teachings-on-impermanence,https://echobuddha.com/articles/how-to-meditate-for-beginners/,https://echobuddha.com/articles/buddhist-teachings-on-impermanence/,Low,false,,0.214,0.101,0.223,0.148,0.047,0.029,0.4,0.064,0,0.066,0.214,0,0,0,false,false,false,false
how-to-meditate-for-beginners,walking-meditation-step-by-step,https://echobuddha.com/articles/how-to-meditate-for-beginners/,https://echobuddha.com/articles/walking-meditation-step-by-step/,Low,true,Beginner Meditation and Mindfulness,0.487,0.186,0.396,0.188,0.129,0.083,0.4,0.207,0,0.108,0.374,0,0,0,true,false,false,false
how-to-meditate-for-beginners,buddhist-approach-to-anger,https://echobuddha.com/articles/how-to-meditate-for-beginners/,https://echobuddha.com/articles/buddhist-approach-to-anger/,Low,false,,0.181,0.113,0.237,0.155,0.1,0.021,0.4,0.063,0,0.041,0.233,0,0,0,false,false,false,false
how-to-meditate-for-beginners,mindfulness-for-better-sleep,https://echobuddha.com/articles/how-to-meditate-for-beginners/,https://echobuddha.com/articles/mindfulness-for-better-sleep/,Low,true,Beginner Meditation and Mindfulness,0.186,0.173,0.409,0.188,0.081,0.043,0.4,0.15,0,0.023,0.332,0,0,0,true,false,false,false
how-to-meditate-for-beginners,how-to-practice-non-attachment,https://echobuddha.com/articles/how-to-meditate-for-beginners/,https://echobuddha.com/articles/how-to-practice-non-attachment/,Low,false,,0.117,0.116,0.251,0.132,0.114,0.03,0.4,0.061,0,0.084,0.243,0,0,0,false,false,false,false
how-to-meditate-for-beginners,beginning-a-daily-mindfulness-practice,https://echobuddha.com/articles/how-to-meditate-for-beginners/,https://echobuddha.com/articles/beginning-a-daily-mindfulness-practice/,Low,true,Beginner Meditation and Mindfulness,0.406,0.207,0.462,0.26,0.114,0.062,0.4,0.15,0,0,0.43,0.003,0,0,true,false,false,false
how-to-meditate-for-beginners,compassion-as-a-daily-discipline,https://echobuddha.com/articles/how-to-meditate-for-beginners/,https://echobuddha.com/articles/compassion-as-a-daily-discipline/,Low,false,,0.18,0.095,0.21,0.136,0.038,0.031,0.4,0.074,0,0.025,0.217,0,0,0,false,false,false,false
how-to-meditate-for-beginners,letting-go-without-giving-up,https://echobuddha.com/articles/how-to-meditate-for-beginners/,https://echobuddha.com/articles/letting-go-without-giving-up/,Low,false,,0.017,0.111,0.272,0.161,0.039,0.015,0.4,0.025,0,0.019,0.275,0,0,0,false,false,false,false
how-to-meditate-for-beginners,three-ways-to-practice-patience,https://echobuddha.com/articles/how-to-meditate-for-beginners/,https://echobuddha.com/articles/three-ways-to-practice-patience/,Low,false,,0.087,0.123,0.295,0.155,0.057,0.032,0.4,0.046,0,0.079,0.315,0,0,0,true,false,false,false
how-to-meditate-for-beginners,mindful-listening-in-everyday-life,https://echobuddha.com/articles/how-to-meditate-for-beginners/,https://echobuddha.com/articles/mindful-listening-in-everyday-life/,Low,false,,0.05,0.121,0.284,0.152,0.038,0.037,0.4,0.093,0,0.056,0.276,0.001,0,0,false,false,false,false
how-to-meditate-for-beginners,creating-a-peaceful-corner-at-home,https://echobuddha.com/articles/how-to-meditate-for-beginners/,https://echobuddha.com/articles/creating-a-peaceful-corner-at-home/,Low,false,,0.354,0.185,0.371,0.213,0.196,0.045,0.4,0.179,0,0.124,0.367,0.001,0,0,true,false,false,false
mindfulness-of-breathing-guide,what-is-buddhism-beginner-guide,https://echobuddha.com/articles/mindfulness-of-breathing-guide/,https://echobuddha.com/articles/what-is-buddhism-beginner-guide/,Low,false,,0.161,0.162,0.344,0.186,0.098,0.127,0.4,0.094,0,0.102,0.397,0,0,0,true,false,false,false
mindfulness-of-breathing-guide,four-noble-truths-explained-simply,https://echobuddha.com/articles/mindfulness-of-breathing-guide/,https://echobuddha.com/articles/four-noble-truths-explained-simply/,Low,false,,0.029,0.109,0.234,0.158,0.047,0.038,0.4,0.092,0,0.134,0.29,0.001,0,0,false,false,false,false
mindfulness-of-breathing-guide,noble-eightfold-path-practical-guide,https://echobuddha.com/articles/mindfulness-of-breathing-guide/,https://echobuddha.com/articles/noble-eightfold-path-practical-guide/,Low,false,,0.281,0.13,0.308,0.135,0.048,0.043,0.4,0.13,0,0.302,0.287,0,0,0,false,false,false,false
mindfulness-of-breathing-guide,impermanence-in-buddhism-letting-go,https://echobuddha.com/articles/mindfulness-of-breathing-guide/,https://echobuddha.com/articles/impermanence-in-buddhism-letting-go/,Low,false,,0,0.129,0.223,0.164,0.092,0.142,0.4,0.134,0,0.017,0.203,0,0,0,false,false,false,false
mindfulness-of-breathing-guide,compassion-in-buddhism-beginner-guide,https://echobuddha.com/articles/mindfulness-of-breathing-guide/,https://echobuddha.com/articles/compassion-in-buddhism-beginner-guide/,Low,false,,0.193,0.104,0.193,0.145,0.093,0.108,0.4,0.008,0,0,0.273,0.001,0,0,false,false,false,false
mindfulness-of-breathing-guide,how-to-meditate-for-beginners,https://echobuddha.com/articles/mindfulness-of-breathing-guide/,https://echobuddha.com/articles/how-to-meditate-for-beginners/,Low,true,Beginner Meditation and Mindfulness,0.461,0.224,0.52,0.209,0.114,0.068,0.4,0.263,0,0.123,0.508,0.001,0,0,true,false,false,false
mindfulness-of-breathing-guide,mindfulness-of-breathing-guide,https://echobuddha.com/articles/mindfulness-of-breathing-guide/,https://echobuddha.com/articles/mindfulness-of-breathing-guide/,Self,true,Beginner Meditation and Mindfulness,1,1,1,1,1,1,1,1,1,1,1,1,58,0,true,true,false,false
mindfulness-of-breathing-guide,loving-kindness-meditation-guide,https://echobuddha.com/articles/mindfulness-of-breathing-guide/,https://echobuddha.com/articles/loving-kindness-meditation-guide/,Low,false,,0.35,0.125,0.237,0.168,0.049,0.112,0.4,0.145,0,0,0.28,0.001,0,0,false,false,false,false
mindfulness-of-breathing-guide,dhammapada-reflection-what-we-think,https://echobuddha.com/articles/mindfulness-of-breathing-guide/,https://echobuddha.com/articles/dhammapada-reflection-what-we-think/,Low,false,,0,0.116,0.248,0.166,0,0.099,0.4,0.099,0,0.048,0.239,0.001,0,0,false,false,false,false
mindfulness-of-breathing-guide,dhammapada-reflection-trained-mind,https://echobuddha.com/articles/mindfulness-of-breathing-guide/,https://echobuddha.com/articles/dhammapada-reflection-trained-mind/,Low,false,,0.028,0.159,0.397,0.18,0.03,0.038,1,0.127,0,0.129,0.382,0,0,0,true,false,false,false
mindfulness-of-breathing-guide,eightfold-path-explained,https://echobuddha.com/articles/mindfulness-of-breathing-guide/,https://echobuddha.com/articles/eightfold-path-explained/,Low,false,,0.105,0.118,0.272,0.165,0.049,0.035,0.4,0.06,0,0.224,0.311,0,0,0,true,false,false,false
mindfulness-of-breathing-guide,how-to-let-go-of-attachment-in-buddhism,https://echobuddha.com/articles/mindfulness-of-breathing-guide/,https://echobuddha.com/articles/how-to-let-go-of-attachment-in-buddhism/,Low,false,,0.149,0.118,0.251,0.145,0.105,0.039,0.4,0.063,0,0.039,0.305,0.001,0,0,true,false,false,false
mindfulness-of-breathing-guide,right-speech-buddhism,https://echobuddha.com/articles/mindfulness-of-breathing-guide/,https://echobuddha.com/articles/right-speech-buddhism/,Low,false,,0.081,0.09,0.189,0.139,0.043,0.036,0.4,0.052,0,0.026,0.231,0,0,0,false,false,false,false
mindfulness-of-breathing-guide,buddhist-wisdom-for-overthinking,https://echobuddha.com/articles/mindfulness-of-breathing-guide/,https://echobuddha.com/articles/buddhist-wisdom-for-overthinking/,Low,false,,0.142,0.177,0.403,0.179,0.089,0.049,0.4,0.217,0,0,0.371,0.003,0,0,true,false,false,false
mindfulness-of-breathing-guide,impermanence-in-buddhism,https://echobuddha.com/articles/mindfulness-of-breathing-guide/,https://echobuddha.com/articles/impermanence-in-buddhism/,Low,false,,0.014,0.119,0.252,0.158,0.063,0.05,0.4,0.102,0,0.051,0.308,0,0,0,true,false,false,false
mindfulness-of-breathing-guide,what-is-karma-in-buddhism,https://echobuddha.com/articles/mindfulness-of-breathing-guide/,https://echobuddha.com/articles/what-is-karma-in-buddhism/,Low,false,,0.09,0.102,0.24,0.141,0.03,0.034,0.4,0.042,0,0.14,0.298,0.001,0,0,false,false,false,false
mindfulness-of-breathing-guide,four-noble-truths-explained,https://echobuddha.com/articles/mindfulness-of-breathing-guide/,https://echobuddha.com/articles/four-noble-truths-explained/,Low,false,,0.029,0.107,0.24,0.16,0.027,0.022,0.4,0.094,0,0,0.294,0.001,0,0,false,false,false,false
mindfulness-of-breathing-guide,mindfulness-vs-meditation,https://echobuddha.com/articles/mindfulness-of-breathing-guide/,https://echobuddha.com/articles/mindfulness-vs-meditation/,Low,true,Beginner Meditation and Mindfulness,0.648,0.236,0.505,0.211,0.206,0.067,0.4,0.293,0,0,0.487,0.001,0,0,true,false,false,false
mindfulness-of-breathing-guide,buddhist-teachings-on-forgiveness,https://echobuddha.com/articles/mindfulness-of-breathing-guide/,https://echobuddha.com/articles/buddhist-teachings-on-forgiveness/,Low,false,,0,0.098,0.219,0.143,0.038,0.048,0.4,0.033,0,0.081,0.234,0,0,0,false,false,false,false
mindfulness-of-breathing-guide,metta-meditation-script,https://echobuddha.com/articles/mindfulness-of-breathing-guide/,https://echobuddha.com/articles/metta-meditation-script/,Low,false,,0.219,0.152,0.323,0.186,0.094,0.038,0.4,0.179,0,0.122,0.318,0.001,0,0,true,false,false,false
mindfulness-of-breathing-guide,buddhism-for-beginners-simple-guide,https://echobuddha.com/articles/mindfulness-of-breathing-guide/,https://echobuddha.com/articles/buddhism-for-beginners-simple-guide/,Low,false,,0.251,0.161,0.35,0.172,0.047,0.055,0.4,0.28,0,0.207,0.353,0,0,0,true,false,false,false
mindfulness-of-breathing-guide,how-to-meditate-for-anxiety,https://echobuddha.com/articles/mindfulness-of-breathing-guide/,https://echobuddha.com/articles/how-to-meditate-for-anxiety/,Low,true,Beginner Meditation and Mindfulness,0.209,0.231,0.508,0.213,0.187,0.031,0.4,0.314,0,0,0.504,0,0,0,true,false,false,false
mindfulness-of-breathing-guide,loving-kindness-meditation-beginners,https://echobuddha.com/articles/mindfulness-of-breathing-guide/,https://echobuddha.com/articles/loving-kindness-meditation-beginners/,Low,false,,0.245,0.132,0.253,0.183,0.068,0.03,0.4,0.233,0,0.055,0.257,0,0,0,false,false,false,false
mindfulness-of-breathing-guide,eightfold-path-explained-daily-life,https://echobuddha.com/articles/mindfulness-of-breathing-guide/,https://echobuddha.com/articles/eightfold-path-explained-daily-life/,Low,false,,0.125,0.121,0.277,0.153,0,0.04,0.4,0.172,0,0.155,0.289,0,0,0,false,false,false,false
mindfulness-of-breathing-guide,mindfulness-morning-routine,https://echobuddha.com/articles/mindfulness-of-breathing-guide/,https://echobuddha.com/articles/mindfulness-morning-routine/,Low,true,Beginner Meditation and Mindfulness,0.237,0.173,0.421,0.163,0.052,0.02,0.4,0.247,0,0.122,0.39,0,0,0,true,false,false,false
mindfulness-of-breathing-guide,buddhist-teachings-on-impermanence,https://echobuddha.com/articles/mindfulness-of-breathing-guide/,https://echobuddha.com/articles/buddhist-teachings-on-impermanence/,Low,false,,0.033,0.122,0.255,0.185,0.063,0.039,0.4,0.09,0,0,0.296,0,0,0,false,false,false,false
mindfulness-of-breathing-guide,walking-meditation-step-by-step,https://echobuddha.com/articles/mindfulness-of-breathing-guide/,https://echobuddha.com/articles/walking-meditation-step-by-step/,Low,true,Beginner Meditation and Mindfulness,0.365,0.183,0.384,0.218,0.113,0.058,0.4,0.227,0,0.113,0.407,0,0,0,true,false,false,false
mindfulness-of-breathing-guide,buddhist-approach-to-anger,https://echobuddha.com/articles/mindfulness-of-breathing-guide/,https://echobuddha.com/articles/buddhist-approach-to-anger/,Low,false,,0.059,0.128,0.262,0.151,0.1,0.038,0.4,0.153,0,0,0.252,0,0,0,false,false,false,false
mindfulness-of-breathing-guide,mindfulness-for-better-sleep,https://echobuddha.com/articles/mindfulness-of-breathing-guide/,https://echobuddha.com/articles/mindfulness-for-better-sleep/,Low,true,Beginner Meditation and Mindfulness,0.366,0.173,0.344,0.159,0.129,0.037,0.4,0.361,0,0.018,0.327,0,0,0,true,false,false,false
mindfulness-of-breathing-guide,how-to-practice-non-attachment,https://echobuddha.com/articles/mindfulness-of-breathing-guide/,https://echobuddha.com/articles/how-to-practice-non-attachment/,Low,false,,0.072,0.108,0.252,0.145,0.033,0.032,0.4,0.078,0,0.048,0.289,0,0,0,false,false,false,false
mindfulness-of-breathing-guide,beginning-a-daily-mindfulness-practice,https://echobuddha.com/articles/mindfulness-of-breathing-guide/,https://echobuddha.com/articles/beginning-a-daily-mindfulness-practice/,Low,true,Beginner Meditation and Mindfulness,0.465,0.202,0.444,0.194,0.163,0.038,0.4,0.238,0,0,0.46,0.001,0,0,true,false,false,false
mindfulness-of-breathing-guide,compassion-as-a-daily-discipline,https://echobuddha.com/articles/mindfulness-of-breathing-guide/,https://echobuddha.com/articles/compassion-as-a-daily-discipline/,Low,false,,0.077,0.088,0.19,0.14,0,0.052,0.4,0.075,0,0.08,0.219,0,0,0,false,false,false,false
mindfulness-of-breathing-guide,letting-go-without-giving-up,https://echobuddha.com/articles/mindfulness-of-breathing-guide/,https://echobuddha.com/articles/letting-go-without-giving-up/,Low,false,,0.018,0.119,0.283,0.145,0.058,0.024,0.4,0.068,0,0.152,0.309,0,0,0,true,false,false,false
mindfulness-of-breathing-guide,three-ways-to-practice-patience,https://echobuddha.com/articles/mindfulness-of-breathing-guide/,https://echobuddha.com/articles/three-ways-to-practice-patience/,Low,false,,0.093,0.143,0.309,0.184,0.115,0.034,0.4,0.083,0,0,0.353,0,0,0,true,false,false,false
mindfulness-of-breathing-guide,mindful-listening-in-everyday-life,https://echobuddha.com/articles/mindfulness-of-breathing-guide/,https://echobuddha.com/articles/mindful-listening-in-everyday-life/,Low,false,,0.161,0.129,0.291,0.139,0.077,0.031,0.4,0.134,0,0.088,0.303,0.001,0,0,true,false,false,false
mindfulness-of-breathing-guide,creating-a-peaceful-corner-at-home,https://echobuddha.com/articles/mindfulness-of-breathing-guide/,https://echobuddha.com/articles/creating-a-peaceful-corner-at-home/,Low,false,,0.197,0.133,0.283,0.18,0.059,0.039,0.4,0.144,0,0.168,0.337,0,0,0,true,false,false,false
loving-kindness-meditation-guide,what-is-buddhism-beginner-guide,https://echobuddha.com/articles/loving-kindness-meditation-guide/,https://echobuddha.com/articles/what-is-buddhism-beginner-guide/,Low,false,,0.191,0.142,0.269,0.18,0.125,0.108,0.4,0.094,0,0,0.326,0,0,0,true,false,false,false
loving-kindness-meditation-guide,four-noble-truths-explained-simply,https://echobuddha.com/articles/loving-kindness-meditation-guide/,https://echobuddha.com/articles/four-noble-truths-explained-simply/,Low,false,,0.029,0.105,0.227,0.146,0.071,0.047,0.4,0.037,0,0,0.27,0,0,0,false,false,false,false
loving-kindness-meditation-guide,noble-eightfold-path-practical-guide,https://echobuddha.com/articles/loving-kindness-meditation-guide/,https://echobuddha.com/articles/noble-eightfold-path-practical-guide/,Low,false,,0.207,0.106,0.223,0.154,0.055,0.052,0.4,0.065,0,0,0.258,0,0,0,false,false,false,false
loving-kindness-meditation-guide,impermanence-in-buddhism-letting-go,https://echobuddha.com/articles/loving-kindness-meditation-guide/,https://echobuddha.com/articles/impermanence-in-buddhism-letting-go/,Low,false,,0.072,0.127,0.266,0.158,0.03,0.121,0.4,0.1,0,0,0.217,0,0,0,false,false,false,false
loving-kindness-meditation-guide,compassion-in-buddhism-beginner-guide,https://echobuddha.com/articles/loving-kindness-meditation-guide/,https://echobuddha.com/articles/compassion-in-buddhism-beginner-guide/,Low,false,,0.224,0.208,0.452,0.227,0.106,0.202,0.4,0.073,0,0,0.475,0,0,0,true,false,false,false
loving-kindness-meditation-guide,how-to-meditate-for-beginners,https://echobuddha.com/articles/loving-kindness-meditation-guide/,https://echobuddha.com/articles/how-to-meditate-for-beginners/,Low,false,,0.532,0.127,0.235,0.154,0.114,0.118,0.4,0.071,0,0,0.217,0.001,0,0,false,false,false,false
loving-kindness-meditation-guide,mindfulness-of-breathing-guide,https://echobuddha.com/articles/loving-kindness-meditation-guide/,https://echobuddha.com/articles/mindfulness-of-breathing-guide/,Low,false,,0.35,0.125,0.237,0.168,0.049,0.112,0.4,0.145,0,0,0.28,0.001,0,0,false,false,false,false
loving-kindness-meditation-guide,loving-kindness-meditation-guide,https://echobuddha.com/articles/loving-kindness-meditation-guide/,https://echobuddha.com/articles/loving-kindness-meditation-guide/,Self,true,Loving-kindness and Metta,1,1,1,1,1,1,1,1,1,1,1,1,48,0,true,true,false,false
loving-kindness-meditation-guide,dhammapada-reflection-what-we-think,https://echobuddha.com/articles/loving-kindness-meditation-guide/,https://echobuddha.com/articles/dhammapada-reflection-what-we-think/,Low,false,,0,0.117,0.226,0.165,0.069,0.117,0.4,0.045,0,0,0.217,0,0,0,false,false,false,false
loving-kindness-meditation-guide,dhammapada-reflection-trained-mind,https://echobuddha.com/articles/loving-kindness-meditation-guide/,https://echobuddha.com/articles/dhammapada-reflection-trained-mind/,Low,false,,0,0.13,0.283,0.176,0.034,0.065,0.4,0.127,0,0,0.348,0.001,0,0,true,false,false,false
loving-kindness-meditation-guide,eightfold-path-explained,https://echobuddha.com/articles/loving-kindness-meditation-guide/,https://echobuddha.com/articles/eightfold-path-explained/,Low,false,,0.075,0.131,0.278,0.191,0.056,0.076,0.4,0.067,0,0,0.351,0.001,0,0,true,false,false,false
loving-kindness-meditation-guide,how-to-let-go-of-attachment-in-buddhism,https://echobuddha.com/articles/loving-kindness-meditation-guide/,https://echobuddha.com/articles/how-to-let-go-of-attachment-in-buddhism/,Low,false,,0.033,0.127,0.297,0.16,0.015,0.062,0.4,0.108,0,0,0.334,0.001,0,0,true,false,false,false
loving-kindness-meditation-guide,right-speech-buddhism,https://echobuddha.com/articles/loving-kindness-meditation-guide/,https://echobuddha.com/articles/right-speech-buddhism/,Low,false,,0.066,0.142,0.301,0.184,0.116,0.067,0.4,0.046,0,0,0.326,0,0,0,true,false,false,false
loving-kindness-meditation-guide,buddhist-wisdom-for-overthinking,https://echobuddha.com/articles/loving-kindness-meditation-guide/,https://echobuddha.com/articles/buddhist-wisdom-for-overthinking/,Low,false,,0,0.122,0.236,0.156,0.116,0.04,0.4,0.128,0,0,0.273,0.002,0,0,false,false,false,false
loving-kindness-meditation-guide,impermanence-in-buddhism,https://echobuddha.com/articles/loving-kindness-meditation-guide/,https://echobuddha.com/articles/impermanence-in-buddhism/,Low,false,,0.014,0.124,0.291,0.182,0,0.062,0.4,0.071,0,0,0.286,0,0,0,false,false,false,false
loving-kindness-meditation-guide,what-is-karma-in-buddhism,https://echobuddha.com/articles/loving-kindness-meditation-guide/,https://echobuddha.com/articles/what-is-karma-in-buddhism/,Low,false,,0.05,0.122,0.285,0.167,0.017,0.043,0.4,0.092,0,0,0.299,0.001,0,0,false,false,false,false
loving-kindness-meditation-guide,four-noble-truths-explained,https://echobuddha.com/articles/loving-kindness-meditation-guide/,https://echobuddha.com/articles/four-noble-truths-explained/,Low,false,,0.028,0.109,0.24,0.158,0.031,0.03,0.4,0.102,0,0,0.198,0,0,0,false,false,false,false
loving-kindness-meditation-guide,mindfulness-vs-meditation,https://echobuddha.com/articles/loving-kindness-meditation-guide/,https://echobuddha.com/articles/mindfulness-vs-meditation/,Low,false,,0.438,0.154,0.314,0.165,0.152,0.045,0.4,0.162,0,0,0.381,0.001,0,0,true,false,false,false
loving-kindness-meditation-guide,buddhist-teachings-on-forgiveness,https://echobuddha.com/articles/loving-kindness-meditation-guide/,https://echobuddha.com/articles/buddhist-teachings-on-forgiveness/,Low,false,,0.013,0.167,0.399,0.175,0.086,0.067,0.4,0.091,0,0,0.296,0.001,0,0,false,false,false,false
loving-kindness-meditation-guide,metta-meditation-script,https://echobuddha.com/articles/loving-kindness-meditation-guide/,https://echobuddha.com/articles/metta-meditation-script/,Medium,true,Loving-kindness and Metta,0.648,0.273,0.611,0.28,0.161,0.094,0.4,0.276,0,0,0.512,0.007,0,0,true,false,true,false
loving-kindness-meditation-guide,buddhism-for-beginners-simple-guide,https://echobuddha.com/articles/loving-kindness-meditation-guide/,https://echobuddha.com/articles/buddhism-for-beginners-simple-guide/,Low,false,,0.293,0.143,0.314,0.181,0.054,0.064,0.4,0.14,0,0,0.367,0.001,0,0,true,false,false,false
loving-kindness-meditation-guide,how-to-meditate-for-anxiety,https://echobuddha.com/articles/loving-kindness-meditation-guide/,https://echobuddha.com/articles/how-to-meditate-for-anxiety/,Low,false,,0.291,0.142,0.328,0.186,0.018,0.04,0.4,0.168,0,0,0.39,0,0,0,true,false,false,false
loving-kindness-meditation-guide,loving-kindness-meditation-beginners,https://echobuddha.com/articles/loving-kindness-meditation-guide/,https://echobuddha.com/articles/loving-kindness-meditation-beginners/,Medium,true,Loving-kindness and Metta,0.815,0.292,0.678,0.252,0.214,0.107,0.4,0.233,0,0,0.599,0.005,0,0,true,false,true,false
loving-kindness-meditation-guide,eightfold-path-explained-daily-life,https://echobuddha.com/articles/loving-kindness-meditation-guide/,https://echobuddha.com/articles/eightfold-path-explained-daily-life/,Low,false,,0.027,0.118,0.224,0.158,0.084,0.049,0.4,0.149,0,0,0.283,0,0,0,false,false,false,false
loving-kindness-meditation-guide,mindfulness-morning-routine,https://echobuddha.com/articles/loving-kindness-meditation-guide/,https://echobuddha.com/articles/mindfulness-morning-routine/,Low,false,,0.088,0.102,0.231,0.128,0.06,0.028,0.4,0.064,0,0,0.255,0,0,0,false,false,false,false
loving-kindness-meditation-guide,buddhist-teachings-on-impermanence,https://echobuddha.com/articles/loving-kindness-meditation-guide/,https://echobuddha.com/articles/buddhist-teachings-on-impermanence/,Low,false,,0.016,0.123,0.292,0.17,0.018,0.048,0.4,0.074,0,0,0.262,0,0,0,false,false,false,false
loving-kindness-meditation-guide,walking-meditation-step-by-step,https://echobuddha.com/articles/loving-kindness-meditation-guide/,https://echobuddha.com/articles/walking-meditation-step-by-step/,Low,false,,0.538,0.139,0.287,0.158,0.073,0.058,0.4,0.2,0,0,0.375,0,0,0,true,false,false,false
loving-kindness-meditation-guide,buddhist-approach-to-anger,https://echobuddha.com/articles/loving-kindness-meditation-guide/,https://echobuddha.com/articles/buddhist-approach-to-anger/,Low,false,,0.015,0.126,0.296,0.152,0.057,0.046,0.4,0.064,0,0,0.167,0,0,0,false,false,false,false
loving-kindness-meditation-guide,mindfulness-for-better-sleep,https://echobuddha.com/articles/loving-kindness-meditation-guide/,https://echobuddha.com/articles/mindfulness-for-better-sleep/,Low,false,,0.135,0.103,0.212,0.145,0.055,0.037,0.4,0.098,0,0,0.273,0,0,0,false,false,false,false
loving-kindness-meditation-guide,how-to-practice-non-attachment,https://echobuddha.com/articles/loving-kindness-meditation-guide/,https://echobuddha.com/articles/how-to-practice-non-attachment/,Low,false,,0.053,0.119,0.274,0.146,0.037,0.041,0.4,0.11,0,0,0.29,0,0,0,false,false,false,false
loving-kindness-meditation-guide,beginning-a-daily-mindfulness-practice,https://echobuddha.com/articles/loving-kindness-meditation-guide/,https://echobuddha.com/articles/beginning-a-daily-mindfulness-practice/,Low,false,,0.236,0.142,0.288,0.148,0.167,0.047,0.4,0.103,0,0,0.384,0.001,0,0,true,false,false,false
loving-kindness-meditation-guide,compassion-as-a-daily-discipline,https://echobuddha.com/articles/loving-kindness-meditation-guide/,https://echobuddha.com/articles/compassion-as-a-daily-discipline/,Low,false,,0.094,0.164,0.387,0.204,0.043,0.073,0.4,0.1,0,0,0.33,0,0,0,true,false,false,false
loving-kindness-meditation-guide,letting-go-without-giving-up,https://echobuddha.com/articles/loving-kindness-meditation-guide/,https://echobuddha.com/articles/letting-go-without-giving-up/,Low,false,,0,0.119,0.271,0.16,0.044,0.024,0.4,0.106,0,0,0.278,0.001,0,0,false,false,false,false
loving-kindness-meditation-guide,three-ways-to-practice-patience,https://echobuddha.com/articles/loving-kindness-meditation-guide/,https://echobuddha.com/articles/three-ways-to-practice-patience/,Low,false,,0.076,0.125,0.28,0.162,0.065,0.034,0.4,0.092,0,0,0.32,0,0,0,true,false,false,false
loving-kindness-meditation-guide,mindful-listening-in-everyday-life,https://echobuddha.com/articles/loving-kindness-meditation-guide/,https://echobuddha.com/articles/mindful-listening-in-everyday-life/,Low,false,,0.035,0.139,0.316,0.175,0.065,0.039,0.4,0.109,0,0,0.277,0.001,0,0,false,false,false,false
loving-kindness-meditation-guide,creating-a-peaceful-corner-at-home,https://echobuddha.com/articles/loving-kindness-meditation-guide/,https://echobuddha.com/articles/creating-a-peaceful-corner-at-home/,Low,false,,0.355,0.129,0.263,0.145,0.112,0.048,0.4,0.135,0,0,0.343,0.001,0,0,true,false,false,false
dhammapada-reflection-what-we-think,what-is-buddhism-beginner-guide,https://echobuddha.com/articles/dhammapada-reflection-what-we-think/,https://echobuddha.com/articles/what-is-buddhism-beginner-guide/,Low,false,,0.09,0.188,0.372,0.22,0.181,0.104,0.4,0.132,0,0.053,0.385,0.002,0,0,true,false,false,false
dhammapada-reflection-what-we-think,four-noble-truths-explained-simply,https://echobuddha.com/articles/dhammapada-reflection-what-we-think/,https://echobuddha.com/articles/four-noble-truths-explained-simply/,Low,false,,0.108,0.141,0.278,0.21,0.083,0.069,0.4,0.127,0,0.079,0.29,0.001,0,0,false,false,false,false
dhammapada-reflection-what-we-think,noble-eightfold-path-practical-guide,https://echobuddha.com/articles/dhammapada-reflection-what-we-think/,https://echobuddha.com/articles/noble-eightfold-path-practical-guide/,Low,false,,0.026,0.146,0.335,0.157,0.068,0.048,0.4,0.15,0,0.172,0.382,0,0,0,true,false,false,false
dhammapada-reflection-what-we-think,impermanence-in-buddhism-letting-go,https://echobuddha.com/articles/dhammapada-reflection-what-we-think/,https://echobuddha.com/articles/impermanence-in-buddhism-letting-go/,Low,false,,0.118,0.139,0.248,0.172,0.084,0.195,0.4,0.091,0,0.072,0.216,0.001,0,0,false,false,false,false
dhammapada-reflection-what-we-think,compassion-in-buddhism-beginner-guide,https://echobuddha.com/articles/dhammapada-reflection-what-we-think/,https://echobuddha.com/articles/compassion-in-buddhism-beginner-guide/,Low,false,,0.032,0.131,0.274,0.2,0.017,0.134,0.4,0.056,0,0,0.308,0,0,0,true,false,false,false
dhammapada-reflection-what-we-think,how-to-meditate-for-beginners,https://echobuddha.com/articles/dhammapada-reflection-what-we-think/,https://echobuddha.com/articles/how-to-meditate-for-beginners/,Low,false,,0.044,0.131,0.291,0.175,0.076,0.037,0.4,0.08,0,0.077,0.263,0,0,0,false,false,false,false
dhammapada-reflection-what-we-think,mindfulness-of-breathing-guide,https://echobuddha.com/articles/dhammapada-reflection-what-we-think/,https://echobuddha.com/articles/mindfulness-of-breathing-guide/,Low,false,,0,0.116,0.248,0.166,0,0.099,0.4,0.099,0,0.048,0.239,0.001,0,0,false,false,false,false
dhammapada-reflection-what-we-think,loving-kindness-meditation-guide,https://echobuddha.com/articles/dhammapada-reflection-what-we-think/,https://echobuddha.com/articles/loving-kindness-meditation-guide/,Low,false,,0,0.117,0.226,0.165,0.069,0.117,0.4,0.045,0,0,0.217,0,0,0,false,false,false,false
dhammapada-reflection-what-we-think,dhammapada-reflection-what-we-think,https://echobuddha.com/articles/dhammapada-reflection-what-we-think/,https://echobuddha.com/articles/dhammapada-reflection-what-we-think/,Self,true,Dhammapada Reflections,1,1,1,1,1,1,1,1,1,1,1,1,57,0,true,true,false,false
dhammapada-reflection-what-we-think,dhammapada-reflection-trained-mind,https://echobuddha.com/articles/dhammapada-reflection-what-we-think/,https://echobuddha.com/articles/dhammapada-reflection-trained-mind/,Low,true,Dhammapada Reflections,0.658,0.227,0.383,0.225,0.286,0.158,0.4,0.295,0,0.03,0.414,0.008,0,1,true,false,true,true
dhammapada-reflection-what-we-think,eightfold-path-explained,https://echobuddha.com/articles/dhammapada-reflection-what-we-think/,https://echobuddha.com/articles/eightfold-path-explained/,Low,false,,0.035,0.149,0.336,0.211,0.021,0.07,0.4,0.125,0,0.12,0.339,0,0,0,true,false,false,false
dhammapada-reflection-what-we-think,how-to-let-go-of-attachment-in-buddhism,https://echobuddha.com/articles/dhammapada-reflection-what-we-think/,https://echobuddha.com/articles/how-to-let-go-of-attachment-in-buddhism/,Low,false,,0.092,0.133,0.282,0.186,0.056,0.067,0.4,0.106,0,0.027,0.257,0,0,0,false,false,false,false
dhammapada-reflection-what-we-think,right-speech-buddhism,https://echobuddha.com/articles/dhammapada-reflection-what-we-think/,https://echobuddha.com/articles/right-speech-buddhism/,Low,false,,0.012,0.141,0.29,0.192,0.092,0.061,0.4,0.103,0,0,0.362,0.001,0,0,true,false,false,false
dhammapada-reflection-what-we-think,buddhist-wisdom-for-overthinking,https://echobuddha.com/articles/dhammapada-reflection-what-we-think/,https://echobuddha.com/articles/buddhist-wisdom-for-overthinking/,Low,false,,0.179,0.218,0.528,0.152,0.122,0.063,0.4,0.261,0,0,0.429,0,0,0,true,false,false,false
dhammapada-reflection-what-we-think,impermanence-in-buddhism,https://echobuddha.com/articles/dhammapada-reflection-what-we-think/,https://echobuddha.com/articles/impermanence-in-buddhism/,Low,false,,0.026,0.143,0.3,0.194,0.067,0.056,0.4,0.147,0,0.071,0.302,0,0,0,true,false,false,false
dhammapada-reflection-what-we-think,what-is-karma-in-buddhism,https://echobuddha.com/articles/dhammapada-reflection-what-we-think/,https://echobuddha.com/articles/what-is-karma-in-buddhism/,Low,false,,0.154,0.188,0.395,0.202,0.097,0.089,0.4,0.265,0,0.07,0.387,0,0,0,true,false,false,false
dhammapada-reflection-what-we-think,four-noble-truths-explained,https://echobuddha.com/articles/dhammapada-reflection-what-we-think/,https://echobuddha.com/articles/four-noble-truths-explained/,Low,false,,0.027,0.129,0.276,0.203,0.043,0.06,0.4,0.078,0,0,0.268,0.001,0,0,false,false,false,false
dhammapada-reflection-what-we-think,mindfulness-vs-meditation,https://echobuddha.com/articles/dhammapada-reflection-what-we-think/,https://echobuddha.com/articles/mindfulness-vs-meditation/,Low,false,,0,0.134,0.299,0.169,0.055,0.042,0.4,0.135,0,0,0.317,0,0,0,true,false,false,false
dhammapada-reflection-what-we-think,buddhist-teachings-on-forgiveness,https://echobuddha.com/articles/dhammapada-reflection-what-we-think/,https://echobuddha.com/articles/buddhist-teachings-on-forgiveness/,Low,false,,0.111,0.128,0.27,0.178,0.067,0.062,0.4,0.09,0,0,0.281,0.001,0,0,false,false,false,false
dhammapada-reflection-what-we-think,metta-meditation-script,https://echobuddha.com/articles/dhammapada-reflection-what-we-think/,https://echobuddha.com/articles/metta-meditation-script/,Low,false,,0,0.119,0.298,0.164,0,0.051,0.4,0.041,0,0.13,0.32,0,0,0,true,false,false,false
dhammapada-reflection-what-we-think,buddhism-for-beginners-simple-guide,https://echobuddha.com/articles/dhammapada-reflection-what-we-think/,https://echobuddha.com/articles/buddhism-for-beginners-simple-guide/,Low,false,,0.029,0.172,0.38,0.204,0.135,0.051,0.4,0.097,0,0.114,0.38,0.001,0,0,true,false,false,false
dhammapada-reflection-what-we-think,how-to-meditate-for-anxiety,https://echobuddha.com/articles/dhammapada-reflection-what-we-think/,https://echobuddha.com/articles/how-to-meditate-for-anxiety/,Low,false,,0.048,0.134,0.331,0.163,0.033,0.029,0.4,0.079,0,0,0.308,0.003,0,0,true,false,false,false
dhammapada-reflection-what-we-think,loving-kindness-meditation-beginners,https://echobuddha.com/articles/dhammapada-reflection-what-we-think/,https://echobuddha.com/articles/loving-kindness-meditation-beginners/,Low,false,,0,0.097,0.209,0.14,0.036,0.036,0.4,0.088,0,0.038,0.226,0,0,0,false,false,false,false
dhammapada-reflection-what-we-think,eightfold-path-explained-daily-life,https://echobuddha.com/articles/dhammapada-reflection-what-we-think/,https://echobuddha.com/articles/eightfold-path-explained-daily-life/,Low,false,,0.064,0.149,0.298,0.181,0.109,0.054,0.4,0.184,0,0.126,0.32,0,0,0,true,false,false,false
dhammapada-reflection-what-we-think,mindfulness-morning-routine,https://echobuddha.com/articles/dhammapada-reflection-what-we-think/,https://echobuddha.com/articles/mindfulness-morning-routine/,Low,false,,0.027,0.127,0.289,0.149,0.019,0.047,0.4,0.174,0,0,0.303,0.001,0,0,true,false,false,false
dhammapada-reflection-what-we-think,buddhist-teachings-on-impermanence,https://echobuddha.com/articles/dhammapada-reflection-what-we-think/,https://echobuddha.com/articles/buddhist-teachings-on-impermanence/,Low,false,,0.06,0.134,0.277,0.202,0.084,0.053,0.4,0.081,0,0.057,0.313,0,0,0,true,false,false,false
dhammapada-reflection-what-we-think,walking-meditation-step-by-step,https://echobuddha.com/articles/dhammapada-reflection-what-we-think/,https://echobuddha.com/articles/walking-meditation-step-by-step/,Low,false,,0,0.104,0.237,0.125,0.051,0.045,0.4,0.061,0,0.039,0.273,0,0,0,false,false,false,false
dhammapada-reflection-what-we-think,buddhist-approach-to-anger,https://echobuddha.com/articles/dhammapada-reflection-what-we-think/,https://echobuddha.com/articles/buddhist-approach-to-anger/,Low,false,,0.055,0.118,0.251,0.186,0.018,0.035,0.4,0.143,0,0,0.281,0,0,0,false,false,false,false
dhammapada-reflection-what-we-think,mindfulness-for-better-sleep,https://echobuddha.com/articles/dhammapada-reflection-what-we-think/,https://echobuddha.com/articles/mindfulness-for-better-sleep/,Low,false,,0,0.123,0.281,0.127,0.051,0.042,0.4,0.148,0,0,0.234,0,0,0,false,false,false,false
dhammapada-reflection-what-we-think,how-to-practice-non-attachment,https://echobuddha.com/articles/dhammapada-reflection-what-we-think/,https://echobuddha.com/articles/how-to-practice-non-attachment/,Low,false,,0.099,0.138,0.326,0.166,0.069,0.046,0.4,0.054,0,0.066,0.312,0,0,0,true,false,false,false
dhammapada-reflection-what-we-think,beginning-a-daily-mindfulness-practice,https://echobuddha.com/articles/dhammapada-reflection-what-we-think/,https://echobuddha.com/articles/beginning-a-daily-mindfulness-practice/,Low,false,,0,0.131,0.304,0.134,0.086,0.044,0.4,0.094,0,0,0.303,0,0,0,true,false,false,false
dhammapada-reflection-what-we-think,compassion-as-a-daily-discipline,https://echobuddha.com/articles/dhammapada-reflection-what-we-think/,https://echobuddha.com/articles/compassion-as-a-daily-discipline/,Low,false,,0.035,0.128,0.273,0.183,0.06,0.057,0.4,0.09,0,0,0.35,0,0,0,true,false,false,false
dhammapada-reflection-what-we-think,letting-go-without-giving-up,https://echobuddha.com/articles/dhammapada-reflection-what-we-think/,https://echobuddha.com/articles/letting-go-without-giving-up/,Low,false,,0.255,0.13,0.285,0.172,0.082,0.03,0.4,0.089,0,0,0.33,0,0,0,true,false,false,false
dhammapada-reflection-what-we-think,three-ways-to-practice-patience,https://echobuddha.com/articles/dhammapada-reflection-what-we-think/,https://echobuddha.com/articles/three-ways-to-practice-patience/,Low,false,,0,0.142,0.328,0.188,0.02,0.04,0.4,0.156,0,0.086,0.38,0,0,0,true,false,false,false
dhammapada-reflection-what-we-think,mindful-listening-in-everyday-life,https://echobuddha.com/articles/dhammapada-reflection-what-we-think/,https://echobuddha.com/articles/mindful-listening-in-everyday-life/,Low,false,,0.083,0.132,0.306,0.149,0.081,0.044,0.4,0.074,0,0.03,0.35,0,0,0,true,false,false,false
dhammapada-reflection-what-we-think,creating-a-peaceful-corner-at-home,https://echobuddha.com/articles/dhammapada-reflection-what-we-think/,https://echobuddha.com/articles/creating-a-peaceful-corner-at-home/,Low,false,,0,0.106,0.239,0.137,0.042,0.036,0.4,0.083,0,0.038,0.278,0,0,0,false,false,false,false
dhammapada-reflection-trained-mind,what-is-buddhism-beginner-guide,https://echobuddha.com/articles/dhammapada-reflection-trained-mind/,https://echobuddha.com/articles/what-is-buddhism-beginner-guide/,Low,false,,0.053,0.181,0.432,0.191,0.089,0.06,0.4,0.125,0,0.047,0.475,0.001,0,0,true,false,false,false
dhammapada-reflection-trained-mind,four-noble-truths-explained-simply,https://echobuddha.com/articles/dhammapada-reflection-trained-mind/,https://echobuddha.com/articles/four-noble-truths-explained-simply/,Low,false,,0.072,0.159,0.328,0.197,0.081,0.119,0.4,0.128,0,0.023,0.337,0,0,0,true,false,false,false
dhammapada-reflection-trained-mind,noble-eightfold-path-practical-guide,https://echobuddha.com/articles/dhammapada-reflection-trained-mind/,https://echobuddha.com/articles/noble-eightfold-path-practical-guide/,Low,false,,0.069,0.156,0.403,0.2,0,0.038,0.4,0.079,0,0.045,0.484,0,0,0,true,false,false,false
dhammapada-reflection-trained-mind,impermanence-in-buddhism-letting-go,https://echobuddha.com/articles/dhammapada-reflection-trained-mind/,https://echobuddha.com/articles/impermanence-in-buddhism-letting-go/,Low,false,,0.075,0.142,0.328,0.165,0.041,0.094,0.4,0.075,0,0.128,0.288,0.001,0,0,false,false,false,false
dhammapada-reflection-trained-mind,compassion-in-buddhism-beginner-guide,https://echobuddha.com/articles/dhammapada-reflection-trained-mind/,https://echobuddha.com/articles/compassion-in-buddhism-beginner-guide/,Low,false,,0.043,0.137,0.278,0.201,0.081,0.073,0.4,0.089,0,0.112,0.338,0,0,0,true,false,false,false
dhammapada-reflection-trained-mind,how-to-meditate-for-beginners,https://echobuddha.com/articles/dhammapada-reflection-trained-mind/,https://echobuddha.com/articles/how-to-meditate-for-beginners/,Low,false,,0.013,0.184,0.433,0.177,0.164,0.036,0.4,0.08,0,0.096,0.404,0.001,0,0,true,false,false,false
dhammapada-reflection-trained-mind,mindfulness-of-breathing-guide,https://echobuddha.com/articles/dhammapada-reflection-trained-mind/,https://echobuddha.com/articles/mindfulness-of-breathing-guide/,Low,false,,0.028,0.159,0.397,0.18,0.03,0.038,1,0.127,0,0.129,0.382,0,0,0,true,false,false,false
dhammapada-reflection-trained-mind,loving-kindness-meditation-guide,https://echobuddha.com/articles/dhammapada-reflection-trained-mind/,https://echobuddha.com/articles/loving-kindness-meditation-guide/,Low,false,,0,0.13,0.283,0.176,0.034,0.065,0.4,0.127,0,0,0.348,0.001,0,0,true,false,false,false
dhammapada-reflection-trained-mind,dhammapada-reflection-what-we-think,https://echobuddha.com/articles/dhammapada-reflection-trained-mind/,https://echobuddha.com/articles/dhammapada-reflection-what-we-think/,Low,true,Dhammapada Reflections,0.658,0.227,0.383,0.225,0.286,0.158,0.4,0.295,0,0.03,0.414,0.008,0,1,true,false,true,true
dhammapada-reflection-trained-mind,dhammapada-reflection-trained-mind,https://echobuddha.com/articles/dhammapada-reflection-trained-mind/,https://echobuddha.com/articles/dhammapada-reflection-trained-mind/,Self,true,Dhammapada Reflections,1,1,1,1,1,1,1,1,1,1,1,1,50,0,true,true,false,false
dhammapada-reflection-trained-mind,eightfold-path-explained,https://echobuddha.com/articles/dhammapada-reflection-trained-mind/,https://echobuddha.com/articles/eightfold-path-explained/,Low,false,,0,0.166,0.368,0.219,0.061,0.058,0.4,0.149,0,0.122,0.462,0.003,0,0,true,false,false,false
dhammapada-reflection-trained-mind,how-to-let-go-of-attachment-in-buddhism,https://echobuddha.com/articles/dhammapada-reflection-trained-mind/,https://echobuddha.com/articles/how-to-let-go-of-attachment-in-buddhism/,Low,false,,0.082,0.14,0.335,0.153,0.041,0.076,0.4,0.089,0,0.048,0.379,0,0,0,true,false,false,false
dhammapada-reflection-trained-mind,right-speech-buddhism,https://echobuddha.com/articles/dhammapada-reflection-trained-mind/,https://echobuddha.com/articles/right-speech-buddhism/,Low,false,,0.011,0.124,0.245,0.154,0.061,0.07,0.4,0.175,0,0.032,0.395,0,0,0,true,false,false,false
dhammapada-reflection-trained-mind,buddhist-wisdom-for-overthinking,https://echobuddha.com/articles/dhammapada-reflection-trained-mind/,https://echobuddha.com/articles/buddhist-wisdom-for-overthinking/,Low,false,,0.17,0.216,0.456,0.176,0.24,0.08,0.4,0.216,0,0,0.41,0,0,0,true,false,false,false
dhammapada-reflection-trained-mind,impermanence-in-buddhism,https://echobuddha.com/articles/dhammapada-reflection-trained-mind/,https://echobuddha.com/articles/impermanence-in-buddhism/,Low,false,,0.07,0.13,0.308,0.17,0.033,0.044,0.4,0.078,0,0.063,0.385,0.001,0,0,true,false,false,false
dhammapada-reflection-trained-mind,what-is-karma-in-buddhism,https://echobuddha.com/articles/dhammapada-reflection-trained-mind/,https://echobuddha.com/articles/what-is-karma-in-buddhism/,Low,false,,0.042,0.168,0.388,0.191,0.064,0.057,0.4,0.169,0,0.124,0.445,0.001,0,0,true,false,false,false
dhammapada-reflection-trained-mind,four-noble-truths-explained,https://echobuddha.com/articles/dhammapada-reflection-trained-mind/,https://echobuddha.com/articles/four-noble-truths-explained/,Low,false,,0.012,0.128,0.301,0.175,0.028,0.035,0.4,0.102,0,0,0.309,0,0,0,true,false,false,false
dhammapada-reflection-trained-mind,mindfulness-vs-meditation,https://echobuddha.com/articles/dhammapada-reflection-trained-mind/,https://echobuddha.com/articles/mindfulness-vs-meditation/,Low,false,,0.033,0.189,0.422,0.199,0.151,0.041,0.4,0.166,0,0,0.521,0,0,0,true,false,false,false
dhammapada-reflection-trained-mind,buddhist-teachings-on-forgiveness,https://echobuddha.com/articles/dhammapada-reflection-trained-mind/,https://echobuddha.com/articles/buddhist-teachings-on-forgiveness/,Low,false,,0.099,0.151,0.352,0.183,0.066,0.06,0.4,0.083,0,0.033,0.359,0,0,0,true,false,false,false
dhammapada-reflection-trained-mind,metta-meditation-script,https://echobuddha.com/articles/dhammapada-reflection-trained-mind/,https://echobuddha.com/articles/metta-meditation-script/,Low,false,,0,0.139,0.346,0.185,0.016,0.042,0.4,0.062,0,0.05,0.421,0,0,0,true,false,false,false
dhammapada-reflection-trained-mind,buddhism-for-beginners-simple-guide,https://echobuddha.com/articles/dhammapada-reflection-trained-mind/,https://echobuddha.com/articles/buddhism-for-beginners-simple-guide/,Low,false,,0.013,0.19,0.434,0.206,0.099,0.067,0.4,0.167,0,0.051,0.574,0.001,0,0,true,false,false,false
dhammapada-reflection-trained-mind,how-to-meditate-for-anxiety,https://echobuddha.com/articles/dhammapada-reflection-trained-mind/,https://echobuddha.com/articles/how-to-meditate-for-anxiety/,Low,false,,0.057,0.144,0.357,0.176,0,0.036,0.4,0.138,0,0,0.406,0,0,0,true,false,false,false
dhammapada-reflection-trained-mind,loving-kindness-meditation-beginners,https://echobuddha.com/articles/dhammapada-reflection-trained-mind/,https://echobuddha.com/articles/loving-kindness-meditation-beginners/,Low,false,,0.025,0.14,0.299,0.18,0.054,0.035,0.4,0.196,0,0,0.346,0,0,0,true,false,false,false
dhammapada-reflection-trained-mind,eightfold-path-explained-daily-life,https://echobuddha.com/articles/dhammapada-reflection-trained-mind/,https://echobuddha.com/articles/eightfold-path-explained-daily-life/,Low,false,,0.08,0.149,0.353,0.182,0.015,0.053,0.4,0.164,0,0.069,0.45,0,0,0,true,false,false,false
dhammapada-reflection-trained-mind,mindfulness-morning-routine,https://echobuddha.com/articles/dhammapada-reflection-trained-mind/,https://echobuddha.com/articles/mindfulness-morning-routine/,Low,false,,0.012,0.155,0.358,0.172,0.091,0.039,0.4,0.127,0,0,0.423,0.001,0,0,true,false,false,false
dhammapada-reflection-trained-mind,buddhist-teachings-on-impermanence,https://echobuddha.com/articles/dhammapada-reflection-trained-mind/,https://echobuddha.com/articles/buddhist-teachings-on-impermanence/,Low,false,,0.013,0.132,0.287,0.179,0.033,0.078,0.4,0.114,0,0,0.374,0,0,0,true,false,false,false
dhammapada-reflection-trained-mind,walking-meditation-step-by-step,https://echobuddha.com/articles/dhammapada-reflection-trained-mind/,https://echobuddha.com/articles/walking-meditation-step-by-step/,Low,false,,0.012,0.143,0.315,0.175,0.084,0.044,0.4,0.123,0,0.069,0.419,0,0,0,true,false,false,false
dhammapada-reflection-trained-mind,buddhist-approach-to-anger,https://echobuddha.com/articles/dhammapada-reflection-trained-mind/,https://echobuddha.com/articles/buddhist-approach-to-anger/,Low,false,,0,0.156,0.317,0.164,0.158,0.05,0.4,0.16,0,0.118,0.248,0,0,0,false,false,false,false
dhammapada-reflection-trained-mind,mindfulness-for-better-sleep,https://echobuddha.com/articles/dhammapada-reflection-trained-mind/,https://echobuddha.com/articles/mindfulness-for-better-sleep/,Low,false,,0,0.14,0.319,0.154,0.067,0.057,0.4,0.127,0,0.022,0.251,0,0,0,false,false,false,false
dhammapada-reflection-trained-mind,how-to-practice-non-attachment,https://echobuddha.com/articles/dhammapada-reflection-trained-mind/,https://echobuddha.com/articles/how-to-practice-non-attachment/,Low,false,,0.133,0.131,0.317,0.175,0.017,0.045,0.4,0.086,0,0.059,0.37,0,0,0,true,false,false,false
dhammapada-reflection-trained-mind,beginning-a-daily-mindfulness-practice,https://echobuddha.com/articles/dhammapada-reflection-trained-mind/,https://echobuddha.com/articles/beginning-a-daily-mindfulness-practice/,Low,false,,0.053,0.179,0.446,0.193,0.034,0.043,0.4,0.173,0,0,0.501,0,0,0,true,false,false,false
dhammapada-reflection-trained-mind,compassion-as-a-daily-discipline,https://echobuddha.com/articles/dhammapada-reflection-trained-mind/,https://echobuddha.com/articles/compassion-as-a-daily-discipline/,Low,false,,0.047,0.152,0.343,0.202,0.04,0.075,0.4,0.107,0,0.147,0.45,0.001,0,0,true,false,false,false
dhammapada-reflection-trained-mind,letting-go-without-giving-up,https://echobuddha.com/articles/dhammapada-reflection-trained-mind/,https://echobuddha.com/articles/letting-go-without-giving-up/,Low,false,,0.243,0.141,0.325,0.168,0.041,0.054,0.4,0.135,0,0.037,0.473,0,0,0,true,false,false,false
dhammapada-reflection-trained-mind,three-ways-to-practice-patience,https://echobuddha.com/articles/dhammapada-reflection-trained-mind/,https://echobuddha.com/articles/three-ways-to-practice-patience/,Low,false,,0.076,0.171,0.387,0.192,0.08,0.057,0.4,0.166,0,0.076,0.526,0.001,0,0,true,false,false,false
dhammapada-reflection-trained-mind,mindful-listening-in-everyday-life,https://echobuddha.com/articles/dhammapada-reflection-trained-mind/,https://echobuddha.com/articles/mindful-listening-in-everyday-life/,Low,false,,0.103,0.136,0.327,0.158,0.02,0.06,0.4,0.117,0,0.162,0.401,0,0,0,true,false,false,false
dhammapada-reflection-trained-mind,creating-a-peaceful-corner-at-home,https://echobuddha.com/articles/dhammapada-reflection-trained-mind/,https://echobuddha.com/articles/creating-a-peaceful-corner-at-home/,Low,false,,0.014,0.135,0.275,0.133,0.123,0.044,0.4,0.177,0,0.068,0.337,0.001,0,0,true,false,false,false
eightfold-path-explained,what-is-buddhism-beginner-guide,https://echobuddha.com/articles/eightfold-path-explained/,https://echobuddha.com/articles/what-is-buddhism-beginner-guide/,Low,false,,0.227,0.194,0.465,0.206,0.042,0.06,0.4,0.22,0,0.263,0.471,0,0,0,true,false,false,false
eightfold-path-explained,four-noble-truths-explained-simply,https://echobuddha.com/articles/eightfold-path-explained/,https://echobuddha.com/articles/four-noble-truths-explained-simply/,Low,false,,0.28,0.155,0.35,0.2,0.064,0.068,0.4,0.106,0,0.081,0.369,0,0,0,true,false,false,false
eightfold-path-explained,noble-eightfold-path-practical-guide,https://echobuddha.com/articles/eightfold-path-explained/,https://echobuddha.com/articles/noble-eightfold-path-practical-guide/,Low,true,Noble Eightfold Path,0.513,0.234,0.557,0.195,0.099,0.156,0.4,0.173,0,0.157,0.467,0.001,0,0,true,false,true,false
eightfold-path-explained,impermanence-in-buddhism-letting-go,https://echobuddha.com/articles/eightfold-path-explained/,https://echobuddha.com/articles/impermanence-in-buddhism-letting-go/,Low,false,,0.092,0.103,0.218,0.17,0.027,0.053,0.4,0.055,0,0.086,0.243,0,0,0,false,false,false,false
eightfold-path-explained,compassion-in-buddhism-beginner-guide,https://echobuddha.com/articles/eightfold-path-explained/,https://echobuddha.com/articles/compassion-in-buddhism-beginner-guide/,Low,false,,0.128,0.132,0.285,0.224,0.053,0.05,0.4,0.04,0,0.022,0.359,0,0,0,true,false,false,false
eightfold-path-explained,how-to-meditate-for-beginners,https://echobuddha.com/articles/eightfold-path-explained/,https://echobuddha.com/articles/how-to-meditate-for-beginners/,Low,false,,0.205,0.11,0.254,0.156,0.049,0.033,0.4,0.033,0,0.214,0.26,0,0,0,false,false,false,false
eightfold-path-explained,mindfulness-of-breathing-guide,https://echobuddha.com/articles/eightfold-path-explained/,https://echobuddha.com/articles/mindfulness-of-breathing-guide/,Low,false,,0.105,0.118,0.272,0.165,0.049,0.035,0.4,0.06,0,0.224,0.311,0,0,0,true,false,false,false
eightfold-path-explained,loving-kindness-meditation-guide,https://echobuddha.com/articles/eightfold-path-explained/,https://echobuddha.com/articles/loving-kindness-meditation-guide/,Low,false,,0.075,0.131,0.278,0.191,0.056,0.076,0.4,0.067,0,0,0.351,0.001,0,0,true,false,false,false
eightfold-path-explained,dhammapada-reflection-what-we-think,https://echobuddha.com/articles/eightfold-path-explained/,https://echobuddha.com/articles/dhammapada-reflection-what-we-think/,Low,false,,0.035,0.149,0.336,0.211,0.021,0.07,0.4,0.125,0,0.12,0.339,0,0,0,true,false,false,false
eightfold-path-explained,dhammapada-reflection-trained-mind,https://echobuddha.com/articles/eightfold-path-explained/,https://echobuddha.com/articles/dhammapada-reflection-trained-mind/,Low,false,,0,0.166,0.368,0.219,0.061,0.058,0.4,0.149,0,0.122,0.462,0.003,0,0,true,false,false,false
eightfold-path-explained,eightfold-path-explained,https://echobuddha.com/articles/eightfold-path-explained/,https://echobuddha.com/articles/eightfold-path-explained/,Self,true,Noble Eightfold Path,1,1,1,1,1,1,1,1,1,1,1,1,60,0,true,true,false,false
eightfold-path-explained,how-to-let-go-of-attachment-in-buddhism,https://echobuddha.com/articles/eightfold-path-explained/,https://echobuddha.com/articles/how-to-let-go-of-attachment-in-buddhism/,Low,false,,0.074,0.125,0.278,0.186,0.009,0.091,1,0.059,0,0.07,0.381,0.002,0,0,true,false,false,false
eightfold-path-explained,right-speech-buddhism,https://echobuddha.com/articles/eightfold-path-explained/,https://echobuddha.com/articles/right-speech-buddhism/,Low,false,,0.407,0.26,0.541,0.209,0.308,0.183,1,0.118,0,0.148,0.499,0.002,0,0,true,false,false,false
eightfold-path-explained,buddhist-wisdom-for-overthinking,https://echobuddha.com/articles/eightfold-path-explained/,https://echobuddha.com/articles/buddhist-wisdom-for-overthinking/,Low,false,,0.087,0.15,0.313,0.189,0.017,0.146,1,0.145,0,0,0.353,0.002,0,0,true,false,false,false
eightfold-path-explained,impermanence-in-buddhism,https://echobuddha.com/articles/eightfold-path-explained/,https://echobuddha.com/articles/impermanence-in-buddhism/,Low,false,,0.079,0.131,0.272,0.195,0.014,0.153,1,0.039,0,0.061,0.329,0.003,0,0,true,false,false,false
eightfold-path-explained,what-is-karma-in-buddhism,https://echobuddha.com/articles/eightfold-path-explained/,https://echobuddha.com/articles/what-is-karma-in-buddhism/,Low,false,,0.144,0.157,0.353,0.207,0.062,0.078,0.4,0.087,0,0.135,0.378,0,0,0,true,false,false,false
eightfold-path-explained,four-noble-truths-explained,https://echobuddha.com/articles/eightfold-path-explained/,https://echobuddha.com/articles/four-noble-truths-explained/,Low,false,,0.339,0.168,0.379,0.198,0.074,0.089,0.4,0.116,0,0,0.303,0,0,0,true,false,false,false
eightfold-path-explained,mindfulness-vs-meditation,https://echobuddha.com/articles/eightfold-path-explained/,https://echobuddha.com/articles/mindfulness-vs-meditation/,Low,false,,0.144,0.176,0.391,0.193,0.078,0.07,0.4,0.199,0,0,0.46,0.002,0,0,true,false,false,false
eightfold-path-explained,buddhist-teachings-on-forgiveness,https://echobuddha.com/articles/eightfold-path-explained/,https://echobuddha.com/articles/buddhist-teachings-on-forgiveness/,Low,false,,0.06,0.116,0.248,0.168,0.043,0.07,0.4,0.061,0,0.058,0.26,0.002,0,0,false,false,false,false
eightfold-path-explained,metta-meditation-script,https://echobuddha.com/articles/eightfold-path-explained/,https://echobuddha.com/articles/metta-meditation-script/,Low,false,,0.058,0.135,0.327,0.183,0.043,0.048,0.4,0.028,0,0.163,0.405,0.002,0,0,true,false,false,false
eightfold-path-explained,buddhism-for-beginners-simple-guide,https://echobuddha.com/articles/eightfold-path-explained/,https://echobuddha.com/articles/buddhism-for-beginners-simple-guide/,Low,false,,0.343,0.224,0.516,0.262,0.109,0.098,0.4,0.132,0,0.157,0.557,0,0,0,true,false,false,false
eightfold-path-explained,how-to-meditate-for-anxiety,https://echobuddha.com/articles/eightfold-path-explained/,https://echobuddha.com/articles/how-to-meditate-for-anxiety/,Low,false,,0.01,0.13,0.312,0.16,0.011,0.051,0.4,0.114,0,0,0.366,0,0,0,true,false,false,false
eightfold-path-explained,loving-kindness-meditation-beginners,https://echobuddha.com/articles/eightfold-path-explained/,https://echobuddha.com/articles/loving-kindness-meditation-beginners/,Low,false,,0.069,0.125,0.282,0.191,0.023,0.058,0.4,0.059,0,0,0.327,0,0,0,true,false,false,false
eightfold-path-explained,eightfold-path-explained-daily-life,https://echobuddha.com/articles/eightfold-path-explained/,https://echobuddha.com/articles/eightfold-path-explained-daily-life/,Medium,true,Noble Eightfold Path,0.522,0.304,0.643,0.243,0.303,0.158,0.4,0.288,0,0.255,0.594,0.001,0,0,true,false,true,false
eightfold-path-explained,mindfulness-morning-routine,https://echobuddha.com/articles/eightfold-path-explained/,https://echobuddha.com/articles/mindfulness-morning-routine/,Low,false,,0.058,0.137,0.332,0.148,0.048,0.062,0.4,0.081,0,0.086,0.36,0,0,0,true,false,false,false
eightfold-path-explained,buddhist-teachings-on-impermanence,https://echobuddha.com/articles/eightfold-path-explained/,https://echobuddha.com/articles/buddhist-teachings-on-impermanence/,Low,false,,0.101,0.114,0.248,0.182,0.011,0.07,0.4,0.067,0,0.044,0.316,0,0,0,true,false,false,false
eightfold-path-explained,walking-meditation-step-by-step,https://echobuddha.com/articles/eightfold-path-explained/,https://echobuddha.com/articles/walking-meditation-step-by-step/,Low,false,,0.047,0.143,0.336,0.146,0.033,0.071,0.4,0.158,0,0.1,0.418,0,0,0,true,false,false,false
eightfold-path-explained,buddhist-approach-to-anger,https://echobuddha.com/articles/eightfold-path-explained/,https://echobuddha.com/articles/buddhist-approach-to-anger/,Low,false,,0.083,0.126,0.281,0.173,0.034,0.057,0.4,0.099,0,0.046,0.296,0.001,0,0,false,false,false,false
eightfold-path-explained,mindfulness-for-better-sleep,https://echobuddha.com/articles/eightfold-path-explained/,https://echobuddha.com/articles/mindfulness-for-better-sleep/,Low,false,,0.051,0.119,0.261,0.153,0.044,0.065,0.4,0.086,0,0.013,0.264,0,0,0,false,false,false,false
eightfold-path-explained,how-to-practice-non-attachment,https://echobuddha.com/articles/eightfold-path-explained/,https://echobuddha.com/articles/how-to-practice-non-attachment/,Low,false,,0.06,0.13,0.32,0.156,0.033,0.062,0.4,0.039,0,0.111,0.339,0,0,0,true,false,false,false
eightfold-path-explained,beginning-a-daily-mindfulness-practice,https://echobuddha.com/articles/eightfold-path-explained/,https://echobuddha.com/articles/beginning-a-daily-mindfulness-practice/,Low,false,,0.108,0.167,0.387,0.175,0.1,0.058,0.4,0.117,0,0,0.47,0,0,0,true,false,false,false
eightfold-path-explained,compassion-as-a-daily-discipline,https://echobuddha.com/articles/eightfold-path-explained/,https://echobuddha.com/articles/compassion-as-a-daily-discipline/,Low,false,,0.086,0.148,0.319,0.22,0.052,0.088,0.4,0.068,0,0.057,0.376,0.001,0,0,true,false,false,false
eightfold-path-explained,letting-go-without-giving-up,https://echobuddha.com/articles/eightfold-path-explained/,https://echobuddha.com/articles/letting-go-without-giving-up/,Low,false,,0.01,0.14,0.315,0.186,0.053,0.062,0.4,0.087,0,0.043,0.343,0,0,0,true,false,false,false
eightfold-path-explained,three-ways-to-practice-patience,https://echobuddha.com/articles/eightfold-path-explained/,https://echobuddha.com/articles/three-ways-to-practice-patience/,Low,false,,0.043,0.142,0.325,0.188,0.052,0.056,0.4,0.082,0,0,0.422,0.001,0,0,true,false,false,false
eightfold-path-explained,mindful-listening-in-everyday-life,https://echobuddha.com/articles/eightfold-path-explained/,https://echobuddha.com/articles/mindful-listening-in-everyday-life/,Low,false,,0.03,0.152,0.363,0.177,0.052,0.06,0.4,0.096,0,0.125,0.403,0,0,0,true,false,false,false
eightfold-path-explained,creating-a-peaceful-corner-at-home,https://echobuddha.com/articles/eightfold-path-explained/,https://echobuddha.com/articles/creating-a-peaceful-corner-at-home/,Low,false,,0.028,0.119,0.254,0.133,0.067,0.06,0.4,0.125,0,0.079,0.328,0,0,0,true,false,false,false
how-to-let-go-of-attachment-in-buddhism,what-is-buddhism-beginner-guide,https://echobuddha.com/articles/how-to-let-go-of-attachment-in-buddhism/,https://echobuddha.com/articles/what-is-buddhism-beginner-guide/,Low,false,,0.252,0.178,0.369,0.221,0.134,0.056,0.4,0.178,0,0.086,0.355,0.001,0,0,true,false,false,false
how-to-let-go-of-attachment-in-buddhism,four-noble-truths-explained-simply,https://echobuddha.com/articles/how-to-let-go-of-attachment-in-buddhism/,https://echobuddha.com/articles/four-noble-truths-explained-simply/,Low,false,,0.071,0.176,0.388,0.228,0.086,0.076,0.4,0.118,0,0.108,0.303,0.002,0,0,true,false,false,false
how-to-let-go-of-attachment-in-buddhism,noble-eightfold-path-practical-guide,https://echobuddha.com/articles/how-to-let-go-of-attachment-in-buddhism/,https://echobuddha.com/articles/noble-eightfold-path-practical-guide/,Low,false,,0.082,0.104,0.252,0.124,0.059,0.029,0.4,0.021,0,0.008,0.32,0,0,0,true,false,false,false
how-to-let-go-of-attachment-in-buddhism,impermanence-in-buddhism-letting-go,https://echobuddha.com/articles/how-to-let-go-of-attachment-in-buddhism/,https://echobuddha.com/articles/impermanence-in-buddhism-letting-go/,Low,false,"Attachment, Non-attachment, and Letting Go",0.356,0.213,0.457,0.226,0.145,0.097,0.4,0.206,0,0.02,0.322,0.003,0,0,true,false,false,false
how-to-let-go-of-attachment-in-buddhism,compassion-in-buddhism-beginner-guide,https://echobuddha.com/articles/how-to-let-go-of-attachment-in-buddhism/,https://echobuddha.com/articles/compassion-in-buddhism-beginner-guide/,Low,false,,0.342,0.156,0.325,0.171,0.086,0.085,0.4,0.191,0,0,0.357,0,0,0,true,false,false,false
how-to-let-go-of-attachment-in-buddhism,how-to-meditate-for-beginners,https://echobuddha.com/articles/how-to-let-go-of-attachment-in-buddhism/,https://echobuddha.com/articles/how-to-meditate-for-beginners/,Low,false,,0.093,0.099,0.228,0.141,0.039,0.027,0.4,0.05,0,0.038,0.312,0.001,0,0,true,false,false,false
how-to-let-go-of-attachment-in-buddhism,mindfulness-of-breathing-guide,https://echobuddha.com/articles/how-to-let-go-of-attachment-in-buddhism/,https://echobuddha.com/articles/mindfulness-of-breathing-guide/,Low,false,,0.149,0.118,0.251,0.145,0.105,0.039,0.4,0.063,0,0.039,0.305,0.001,0,0,true,false,false,false
how-to-let-go-of-attachment-in-buddhism,loving-kindness-meditation-guide,https://echobuddha.com/articles/how-to-let-go-of-attachment-in-buddhism/,https://echobuddha.com/articles/loving-kindness-meditation-guide/,Low,false,,0.033,0.127,0.297,0.16,0.015,0.062,0.4,0.108,0,0,0.334,0.001,0,0,true,false,false,false
how-to-let-go-of-attachment-in-buddhism,dhammapada-reflection-what-we-think,https://echobuddha.com/articles/how-to-let-go-of-attachment-in-buddhism/,https://echobuddha.com/articles/dhammapada-reflection-what-we-think/,Low,false,,0.092,0.133,0.282,0.186,0.056,0.067,0.4,0.106,0,0.027,0.257,0,0,0,false,false,false,false
how-to-let-go-of-attachment-in-buddhism,dhammapada-reflection-trained-mind,https://echobuddha.com/articles/how-to-let-go-of-attachment-in-buddhism/,https://echobuddha.com/articles/dhammapada-reflection-trained-mind/,Low,false,,0.082,0.14,0.335,0.153,0.041,0.076,0.4,0.089,0,0.048,0.379,0,0,0,true,false,false,false
how-to-let-go-of-attachment-in-buddhism,eightfold-path-explained,https://echobuddha.com/articles/how-to-let-go-of-attachment-in-buddhism/,https://echobuddha.com/articles/eightfold-path-explained/,Low,false,,0.074,0.125,0.278,0.186,0.009,0.091,1,0.059,0,0.07,0.381,0.002,0,0,true,false,false,false
how-to-let-go-of-attachment-in-buddhism,how-to-let-go-of-attachment-in-buddhism,https://echobuddha.com/articles/how-to-let-go-of-attachment-in-buddhism/,https://echobuddha.com/articles/how-to-let-go-of-attachment-in-buddhism/,Self,true,"Attachment, Non-attachment, and Letting Go",1,1,1,1,1,1,1,1,1,1,1,1,53,0,true,true,false,false
how-to-let-go-of-attachment-in-buddhism,right-speech-buddhism,https://echobuddha.com/articles/how-to-let-go-of-attachment-in-buddhism/,https://echobuddha.com/articles/right-speech-buddhism/,Low,false,,0.183,0.12,0.244,0.154,0.08,0.094,1,0.058,0,0.029,0.367,0.002,0,0,true,false,false,false
how-to-let-go-of-attachment-in-buddhism,buddhist-wisdom-for-overthinking,https://echobuddha.com/articles/how-to-let-go-of-attachment-in-buddhism/,https://echobuddha.com/articles/buddhist-wisdom-for-overthinking/,Low,false,,0.126,0.167,0.329,0.181,0.152,0.092,1,0.166,0,0,0.373,0.003,0,0,true,false,false,false
how-to-let-go-of-attachment-in-buddhism,impermanence-in-buddhism,https://echobuddha.com/articles/how-to-let-go-of-attachment-in-buddhism/,https://echobuddha.com/articles/impermanence-in-buddhism/,Low,false,,0.262,0.212,0.446,0.247,0.144,0.107,1,0.178,0,0.038,0.375,0.003,0,0,true,false,false,false
how-to-let-go-of-attachment-in-buddhism,what-is-karma-in-buddhism,https://echobuddha.com/articles/how-to-let-go-of-attachment-in-buddhism/,https://echobuddha.com/articles/what-is-karma-in-buddhism/,Low,false,,0.113,0.136,0.304,0.146,0.07,0.063,0.4,0.132,0,0.014,0.315,0.001,0,0,true,false,false,false
how-to-let-go-of-attachment-in-buddhism,four-noble-truths-explained,https://echobuddha.com/articles/how-to-let-go-of-attachment-in-buddhism/,https://echobuddha.com/articles/four-noble-truths-explained/,Low,false,,0.126,0.17,0.353,0.212,0.075,0.065,0.4,0.233,0,0,0.25,0.002,0,0,false,false,false,false
how-to-let-go-of-attachment-in-buddhism,mindfulness-vs-meditation,https://echobuddha.com/articles/how-to-let-go-of-attachment-in-buddhism/,https://echobuddha.com/articles/mindfulness-vs-meditation/,Low,false,,0.184,0.129,0.278,0.148,0.123,0.054,0.4,0.04,0,0,0.377,0.002,0,0,true,false,false,false
how-to-let-go-of-attachment-in-buddhism,buddhist-teachings-on-forgiveness,https://echobuddha.com/articles/how-to-let-go-of-attachment-in-buddhism/,https://echobuddha.com/articles/buddhist-teachings-on-forgiveness/,Low,false,,0.182,0.17,0.346,0.194,0.15,0.103,0.4,0.106,0,0,0.396,0.002,0,0,true,false,false,false
how-to-let-go-of-attachment-in-buddhism,metta-meditation-script,https://echobuddha.com/articles/how-to-let-go-of-attachment-in-buddhism/,https://echobuddha.com/articles/metta-meditation-script/,Low,false,,0.034,0.138,0.322,0.17,0.072,0.053,0.4,0.041,0,0.03,0.407,0.002,0,0,true,false,false,false
how-to-let-go-of-attachment-in-buddhism,buddhism-for-beginners-simple-guide,https://echobuddha.com/articles/how-to-let-go-of-attachment-in-buddhism/,https://echobuddha.com/articles/buddhism-for-beginners-simple-guide/,Low,false,,0.229,0.158,0.364,0.175,0.102,0.053,0.4,0.097,0,0,0.442,0.001,0,0,true,false,false,false
how-to-let-go-of-attachment-in-buddhism,how-to-meditate-for-anxiety,https://echobuddha.com/articles/how-to-let-go-of-attachment-in-buddhism/,https://echobuddha.com/articles/how-to-meditate-for-anxiety/,Low,false,,0.034,0.12,0.301,0.155,0,0.036,0.4,0.086,0,0,0.405,0,0,0,true,false,false,false
how-to-let-go-of-attachment-in-buddhism,loving-kindness-meditation-beginners,https://echobuddha.com/articles/how-to-let-go-of-attachment-in-buddhism/,https://echobuddha.com/articles/loving-kindness-meditation-beginners/,Low,false,,0.015,0.124,0.312,0.16,0.016,0.035,0.4,0.062,0,0.062,0.331,0,0,0,true,false,false,false
how-to-let-go-of-attachment-in-buddhism,eightfold-path-explained-daily-life,https://echobuddha.com/articles/how-to-let-go-of-attachment-in-buddhism/,https://echobuddha.com/articles/eightfold-path-explained-daily-life/,Low,false,,0.081,0.106,0.25,0.137,0.014,0.047,0.4,0.088,0,0.063,0.28,0,0,0,false,false,false,false
how-to-let-go-of-attachment-in-buddhism,mindfulness-morning-routine,https://echobuddha.com/articles/how-to-let-go-of-attachment-in-buddhism/,https://echobuddha.com/articles/mindfulness-morning-routine/,Low,false,,0.058,0.104,0.261,0.118,0.016,0.04,0.4,0.056,0,0,0.364,0,0,0,true,false,false,false
how-to-let-go-of-attachment-in-buddhism,buddhist-teachings-on-impermanence,https://echobuddha.com/articles/how-to-let-go-of-attachment-in-buddhism/,https://echobuddha.com/articles/buddhist-teachings-on-impermanence/,Low,false,,0.127,0.176,0.37,0.211,0.174,0.067,0.4,0.081,0,0.023,0.297,0,0,0,false,false,false,false
how-to-let-go-of-attachment-in-buddhism,walking-meditation-step-by-step,https://echobuddha.com/articles/how-to-let-go-of-attachment-in-buddhism/,https://echobuddha.com/articles/walking-meditation-step-by-step/,Low,false,,0.027,0.105,0.234,0.141,0.044,0.047,0.4,0.068,0,0.064,0.315,0,0,0,true,false,false,false
how-to-let-go-of-attachment-in-buddhism,buddhist-approach-to-anger,https://echobuddha.com/articles/how-to-let-go-of-attachment-in-buddhism/,https://echobuddha.com/articles/buddhist-approach-to-anger/,Low,false,,0.116,0.107,0.218,0.15,0.061,0.034,0.4,0.119,0,0.036,0.209,0,0,0,false,false,false,false
how-to-let-go-of-attachment-in-buddhism,mindfulness-for-better-sleep,https://echobuddha.com/articles/how-to-let-go-of-attachment-in-buddhism/,https://echobuddha.com/articles/mindfulness-for-better-sleep/,Low,false,,0.164,0.123,0.244,0.14,0.133,0.052,0.4,0.089,0,0.101,0.301,0,0,0,true,false,false,false
how-to-let-go-of-attachment-in-buddhism,how-to-practice-non-attachment,https://echobuddha.com/articles/how-to-let-go-of-attachment-in-buddhism/,https://echobuddha.com/articles/how-to-practice-non-attachment/,Low,true,"Attachment, Non-attachment, and Letting Go",0.209,0.257,0.567,0.228,0.224,0.059,0.4,0.286,0,0.054,0.482,0.001,0,0,true,false,true,false
how-to-let-go-of-attachment-in-buddhism,beginning-a-daily-mindfulness-practice,https://echobuddha.com/articles/how-to-let-go-of-attachment-in-buddhism/,https://echobuddha.com/articles/beginning-a-daily-mindfulness-practice/,Low,false,,0.188,0.123,0.299,0.145,0.06,0.035,0.4,0.047,0,0,0.429,0.001,0,0,true,false,false,false
how-to-let-go-of-attachment-in-buddhism,compassion-as-a-daily-discipline,https://echobuddha.com/articles/how-to-let-go-of-attachment-in-buddhism/,https://echobuddha.com/articles/compassion-as-a-daily-discipline/,Low,false,,0.131,0.138,0.311,0.172,0.035,0.074,0.4,0.115,0,0,0.339,0,0,0,true,false,false,false
how-to-let-go-of-attachment-in-buddhism,letting-go-without-giving-up,https://echobuddha.com/articles/how-to-let-go-of-attachment-in-buddhism/,https://echobuddha.com/articles/letting-go-without-giving-up/,Low,true,"Attachment, Non-attachment, and Letting Go",0.251,0.243,0.51,0.227,0.214,0.037,0.4,0.364,0,0.068,0.417,0.001,0,0,true,false,true,false
how-to-let-go-of-attachment-in-buddhism,three-ways-to-practice-patience,https://echobuddha.com/articles/how-to-let-go-of-attachment-in-buddhism/,https://echobuddha.com/articles/three-ways-to-practice-patience/,Low,false,,0.151,0.146,0.315,0.184,0.105,0.051,0.4,0.09,0,0,0.422,0,0,0,true,false,false,false
how-to-let-go-of-attachment-in-buddhism,mindful-listening-in-everyday-life,https://echobuddha.com/articles/how-to-let-go-of-attachment-in-buddhism/,https://echobuddha.com/articles/mindful-listening-in-everyday-life/,Low,false,,0.105,0.122,0.262,0.154,0.07,0.056,0.4,0.099,0,0.05,0.337,0.001,0,0,true,false,false,false
how-to-let-go-of-attachment-in-buddhism,creating-a-peaceful-corner-at-home,https://echobuddha.com/articles/how-to-let-go-of-attachment-in-buddhism/,https://echobuddha.com/articles/creating-a-peaceful-corner-at-home/,Low,false,,0.032,0.098,0.242,0.108,0.036,0.036,0.4,0.042,0,0,0.378,0,0,0,true,false,false,false
right-speech-buddhism,what-is-buddhism-beginner-guide,https://echobuddha.com/articles/right-speech-buddhism/,https://echobuddha.com/articles/what-is-buddhism-beginner-guide/,Low,false,,0.333,0.169,0.37,0.197,0.136,0.061,0.4,0.096,0,0.094,0.471,0,0,0,true,false,false,false
right-speech-buddhism,four-noble-truths-explained-simply,https://echobuddha.com/articles/right-speech-buddhism/,https://echobuddha.com/articles/four-noble-truths-explained-simply/,Low,false,,0.07,0.118,0.227,0.143,0.111,0.06,0.4,0.105,0,0.028,0.291,0,0,0,false,false,false,false
right-speech-buddhism,noble-eightfold-path-practical-guide,https://echobuddha.com/articles/right-speech-buddhism/,https://echobuddha.com/articles/noble-eightfold-path-practical-guide/,Low,false,,0.178,0.188,0.392,0.165,0.18,0.045,0.4,0.26,0,0.065,0.361,0,0,0,true,false,false,false
right-speech-buddhism,impermanence-in-buddhism-letting-go,https://echobuddha.com/articles/right-speech-buddhism/,https://echobuddha.com/articles/impermanence-in-buddhism-letting-go/,Low,false,,0.231,0.098,0.184,0.137,0.094,0.065,0.4,0.042,0,0.103,0.212,0,0,0,false,false,false,false
right-speech-buddhism,compassion-in-buddhism-beginner-guide,https://echobuddha.com/articles/right-speech-buddhism/,https://echobuddha.com/articles/compassion-in-buddhism-beginner-guide/,Low,false,,0.292,0.155,0.318,0.208,0.111,0.051,0.4,0.133,0,0.045,0.459,0.001,0,0,true,false,false,false
right-speech-buddhism,how-to-meditate-for-beginners,https://echobuddha.com/articles/right-speech-buddhism/,https://echobuddha.com/articles/how-to-meditate-for-beginners/,Low,false,,0.101,0.094,0.193,0.144,0.072,0.024,0.4,0.043,0,0.05,0.214,0,0,0,false,false,false,false
right-speech-buddhism,mindfulness-of-breathing-guide,https://echobuddha.com/articles/right-speech-buddhism/,https://echobuddha.com/articles/mindfulness-of-breathing-guide/,Low,false,,0.081,0.09,0.189,0.139,0.043,0.036,0.4,0.052,0,0.026,0.231,0,0,0,false,false,false,false
right-speech-buddhism,loving-kindness-meditation-guide,https://echobuddha.com/articles/right-speech-buddhism/,https://echobuddha.com/articles/loving-kindness-meditation-guide/,Low,false,,0.066,0.142,0.301,0.184,0.116,0.067,0.4,0.046,0,0,0.326,0,0,0,true,false,false,false
right-speech-buddhism,dhammapada-reflection-what-we-think,https://echobuddha.com/articles/right-speech-buddhism/,https://echobuddha.com/articles/dhammapada-reflection-what-we-think/,Low,false,,0.012,0.141,0.29,0.192,0.092,0.061,0.4,0.103,0,0,0.362,0.001,0,0,true,false,false,false
right-speech-buddhism,dhammapada-reflection-trained-mind,https://echobuddha.com/articles/right-speech-buddhism/,https://echobuddha.com/articles/dhammapada-reflection-trained-mind/,Low,false,,0.011,0.124,0.245,0.154,0.061,0.07,0.4,0.175,0,0.032,0.395,0,0,0,true,false,false,false
right-speech-buddhism,eightfold-path-explained,https://echobuddha.com/articles/right-speech-buddhism/,https://echobuddha.com/articles/eightfold-path-explained/,Low,false,,0.407,0.26,0.541,0.209,0.308,0.183,1,0.118,0,0.148,0.499,0.002,0,0,true,false,false,false
right-speech-buddhism,how-to-let-go-of-attachment-in-buddhism,https://echobuddha.com/articles/right-speech-buddhism/,https://echobuddha.com/articles/how-to-let-go-of-attachment-in-buddhism/,Low,false,,0.183,0.12,0.244,0.154,0.08,0.094,1,0.058,0,0.029,0.367,0.002,0,0,true,false,false,false
right-speech-buddhism,right-speech-buddhism,https://echobuddha.com/articles/right-speech-buddhism/,https://echobuddha.com/articles/right-speech-buddhism/,Self,true,"Compassion, Forgiveness, Patience, Speech, Anger, and Listening",1,1,1,1,1,1,1,1,1,1,1,1,50,0,true,true,false,false
right-speech-buddhism,buddhist-wisdom-for-overthinking,https://echobuddha.com/articles/right-speech-buddhism/,https://echobuddha.com/articles/buddhist-wisdom-for-overthinking/,Low,false,,0.082,0.138,0.233,0.182,0.129,0.159,1,0.075,0,0,0.298,0.002,0,0,false,false,false,false
right-speech-buddhism,impermanence-in-buddhism,https://echobuddha.com/articles/right-speech-buddhism/,https://echobuddha.com/articles/impermanence-in-buddhism/,Low,false,,0.213,0.134,0.248,0.173,0.074,0.169,1,0.067,0,0.025,0.321,0.002,0,0,true,false,false,false
right-speech-buddhism,what-is-karma-in-buddhism,https://echobuddha.com/articles/right-speech-buddhism/,https://echobuddha.com/articles/what-is-karma-in-buddhism/,Low,false,,0.213,0.162,0.338,0.195,0.108,0.08,0.4,0.132,0,0.038,0.411,0.004,0,0,true,false,false,false
right-speech-buddhism,four-noble-truths-explained,https://echobuddha.com/articles/right-speech-buddhism/,https://echobuddha.com/articles/four-noble-truths-explained/,Low,false,,0.125,0.136,0.282,0.188,0.082,0.06,0.4,0.101,0,0,0.315,0.001,0,0,true,false,false,false
right-speech-buddhism,mindfulness-vs-meditation,https://echobuddha.com/articles/right-speech-buddhism/,https://echobuddha.com/articles/mindfulness-vs-meditation/,Low,false,,0.053,0.132,0.287,0.173,0.115,0.049,0.4,0.025,0,0,0.395,0.003,0,0,true,false,false,false
right-speech-buddhism,buddhist-teachings-on-forgiveness,https://echobuddha.com/articles/right-speech-buddhism/,https://echobuddha.com/articles/buddhist-teachings-on-forgiveness/,Low,false,"Compassion, Forgiveness, Patience, Speech, Anger, and Listening",0.042,0.142,0.293,0.197,0.077,0.093,0.4,0.083,0,0.04,0.315,0.003,0,0,true,false,false,false
right-speech-buddhism,metta-meditation-script,https://echobuddha.com/articles/right-speech-buddhism/,https://echobuddha.com/articles/metta-meditation-script/,Low,false,,0.055,0.132,0.301,0.174,0.064,0.058,0.4,0.049,0,0.02,0.401,0.002,0,0,true,false,false,false
right-speech-buddhism,buddhism-for-beginners-simple-guide,https://echobuddha.com/articles/right-speech-buddhism/,https://echobuddha.com/articles/buddhism-for-beginners-simple-guide/,Low,false,,0.298,0.192,0.398,0.192,0.177,0.068,0.4,0.206,0,0.082,0.513,0,0,0,true,false,false,false
right-speech-buddhism,how-to-meditate-for-anxiety,https://echobuddha.com/articles/right-speech-buddhism/,https://echobuddha.com/articles/how-to-meditate-for-anxiety/,Low,false,,0.083,0.115,0.261,0.144,0.079,0.033,0.4,0.047,0,0,0.38,0,0,0,true,false,false,false
right-speech-buddhism,loving-kindness-meditation-beginners,https://echobuddha.com/articles/right-speech-buddhism/,https://echobuddha.com/articles/loving-kindness-meditation-beginners/,Low,false,,0.024,0.125,0.271,0.162,0.069,0.032,0.4,0.122,0,0.041,0.319,0,0,0,true,false,false,false
right-speech-buddhism,eightfold-path-explained-daily-life,https://echobuddha.com/articles/right-speech-buddhism/,https://echobuddha.com/articles/eightfold-path-explained-daily-life/,Low,false,,0.165,0.201,0.4,0.18,0.209,0.052,0.4,0.305,0,0.094,0.427,0,0,0,true,false,false,false
right-speech-buddhism,mindfulness-morning-routine,https://echobuddha.com/articles/right-speech-buddhism/,https://echobuddha.com/articles/mindfulness-morning-routine/,Low,false,,0.106,0.111,0.248,0.157,0.035,0.037,0.4,0.091,0,0,0.312,0,0,0,true,false,false,false
right-speech-buddhism,buddhist-teachings-on-impermanence,https://echobuddha.com/articles/right-speech-buddhism/,https://echobuddha.com/articles/buddhist-teachings-on-impermanence/,Low,false,,0.129,0.106,0.219,0.172,0.032,0.071,0.4,0.047,0,0.031,0.306,0,0,0,true,false,false,false
right-speech-buddhism,walking-meditation-step-by-step,https://echobuddha.com/articles/right-speech-buddhism/,https://echobuddha.com/articles/walking-meditation-step-by-step/,Low,false,,0.056,0.101,0.222,0.137,0.049,0.043,0.4,0.069,0,0,0.35,0,0,0,true,false,false,false
right-speech-buddhism,buddhist-approach-to-anger,https://echobuddha.com/articles/right-speech-buddhism/,https://echobuddha.com/articles/buddhist-approach-to-anger/,Low,true,"Compassion, Forgiveness, Patience, Speech, Anger, and Listening",0.082,0.178,0.379,0.194,0.119,0.049,0.4,0.225,0,0.048,0.445,0,0,0,true,false,false,false
right-speech-buddhism,mindfulness-for-better-sleep,https://echobuddha.com/articles/right-speech-buddhism/,https://echobuddha.com/articles/mindfulness-for-better-sleep/,Low,false,,0.024,0.093,0.201,0.132,0.049,0.048,0.4,0.038,0,0,0.235,0,0,0,false,false,false,false
right-speech-buddhism,how-to-practice-non-attachment,https://echobuddha.com/articles/right-speech-buddhism/,https://echobuddha.com/articles/how-to-practice-non-attachment/,Low,false,,0.071,0.125,0.259,0.163,0.116,0.043,0.4,0.056,0,0.053,0.34,0,0,0,true,false,false,false
right-speech-buddhism,beginning-a-daily-mindfulness-practice,https://echobuddha.com/articles/right-speech-buddhism/,https://echobuddha.com/articles/beginning-a-daily-mindfulness-practice/,Low,false,,0.127,0.122,0.24,0.116,0.198,0.032,0.4,0.057,0,0,0.367,0,0,0,true,false,false,false
right-speech-buddhism,compassion-as-a-daily-discipline,https://echobuddha.com/articles/right-speech-buddhism/,https://echobuddha.com/articles/compassion-as-a-daily-discipline/,Low,false,"Compassion, Forgiveness, Patience, Speech, Anger, and Listening",0.274,0.171,0.362,0.209,0.096,0.067,0.4,0.178,0,0,0.498,0,0,0,true,false,false,false
right-speech-buddhism,letting-go-without-giving-up,https://echobuddha.com/articles/right-speech-buddhism/,https://echobuddha.com/articles/letting-go-without-giving-up/,Low,false,,0.015,0.116,0.249,0.162,0.059,0.034,0.4,0.097,0,0,0.318,0,0,0,true,false,false,false
right-speech-buddhism,three-ways-to-practice-patience,https://echobuddha.com/articles/right-speech-buddhism/,https://echobuddha.com/articles/three-ways-to-practice-patience/,Low,true,"Compassion, Forgiveness, Patience, Speech, Anger, and Listening",0.086,0.152,0.306,0.215,0.117,0.036,0.4,0.131,0,0.092,0.411,0.002,0,0,true,false,false,false
right-speech-buddhism,mindful-listening-in-everyday-life,https://echobuddha.com/articles/right-speech-buddhism/,https://echobuddha.com/articles/mindful-listening-in-everyday-life/,Low,true,"Compassion, Forgiveness, Patience, Speech, Anger, and Listening",0.241,0.202,0.447,0.208,0.155,0.061,0.4,0.18,0,0.033,0.474,0.002,0,0,true,false,false,false
right-speech-buddhism,creating-a-peaceful-corner-at-home,https://echobuddha.com/articles/right-speech-buddhism/,https://echobuddha.com/articles/creating-a-peaceful-corner-at-home/,Low,false,,0.039,0.103,0.222,0.125,0.08,0.033,0.4,0.067,0,0.021,0.307,0,0,0,true,false,false,false
buddhist-wisdom-for-overthinking,what-is-buddhism-beginner-guide,https://echobuddha.com/articles/buddhist-wisdom-for-overthinking/,https://echobuddha.com/articles/what-is-buddhism-beginner-guide/,Low,false,,0.319,0.153,0.336,0.184,0.098,0.037,0.4,0.146,0,0,0.357,0,0,0,true,false,,false
buddhist-wisdom-for-overthinking,four-noble-truths-explained-simply,https://echobuddha.com/articles/buddhist-wisdom-for-overthinking/,https://echobuddha.com/articles/four-noble-truths-explained-simply/,Low,false,,0.167,0.153,0.314,0.176,0.125,0.044,0.4,0.17,0,0,0.326,0,0,0,true,false,,false
buddhist-wisdom-for-overthinking,noble-eightfold-path-practical-guide,https://echobuddha.com/articles/buddhist-wisdom-for-overthinking/,https://echobuddha.com/articles/noble-eightfold-path-practical-guide/,Low,false,,0.117,0.105,0.234,0.141,0.029,0.023,0.4,0.122,0,0,0.283,0,0,0,false,false,,false
buddhist-wisdom-for-overthinking,impermanence-in-buddhism-letting-go,https://echobuddha.com/articles/buddhist-wisdom-for-overthinking/,https://echobuddha.com/articles/impermanence-in-buddhism-letting-go/,Low,false,,0.222,0.14,0.308,0.173,0.059,0.057,0.4,0.133,0,0,0.26,0.001,0,0,false,false,,false
buddhist-wisdom-for-overthinking,compassion-in-buddhism-beginner-guide,https://echobuddha.com/articles/buddhist-wisdom-for-overthinking/,https://echobuddha.com/articles/compassion-in-buddhism-beginner-guide/,Low,false,,0.16,0.108,0.203,0.163,0.125,0.044,0.4,0.021,0,0,0.284,0,0,0,false,false,,false
buddhist-wisdom-for-overthinking,how-to-meditate-for-beginners,https://echobuddha.com/articles/buddhist-wisdom-for-overthinking/,https://echobuddha.com/articles/how-to-meditate-for-beginners/,Low,false,,0.169,0.188,0.408,0.177,0.229,0.038,0.4,0.107,0,0,0.355,0.002,0,0,true,false,,false
buddhist-wisdom-for-overthinking,mindfulness-of-breathing-guide,https://echobuddha.com/articles/buddhist-wisdom-for-overthinking/,https://echobuddha.com/articles/mindfulness-of-breathing-guide/,Low,false,,0.142,0.177,0.403,0.179,0.089,0.049,0.4,0.217,0,0,0.371,0.003,0,0,true,false,,false
buddhist-wisdom-for-overthinking,loving-kindness-meditation-guide,https://echobuddha.com/articles/buddhist-wisdom-for-overthinking/,https://echobuddha.com/articles/loving-kindness-meditation-guide/,Low,false,,0,0.122,0.236,0.156,0.116,0.04,0.4,0.128,0,0,0.273,0.002,0,0,false,false,,false
buddhist-wisdom-for-overthinking,dhammapada-reflection-what-we-think,https://echobuddha.com/articles/buddhist-wisdom-for-overthinking/,https://echobuddha.com/articles/dhammapada-reflection-what-we-think/,Low,false,,0.179,0.218,0.528,0.152,0.122,0.063,0.4,0.261,0,0,0.429,0,0,0,true,false,,false
buddhist-wisdom-for-overthinking,dhammapada-reflection-trained-mind,https://echobuddha.com/articles/buddhist-wisdom-for-overthinking/,https://echobuddha.com/articles/dhammapada-reflection-trained-mind/,Low,false,,0.17,0.216,0.456,0.176,0.24,0.08,0.4,0.216,0,0,0.41,0,0,0,true,false,,false
buddhist-wisdom-for-overthinking,eightfold-path-explained,https://echobuddha.com/articles/buddhist-wisdom-for-overthinking/,https://echobuddha.com/articles/eightfold-path-explained/,Low,false,,0.087,0.15,0.313,0.189,0.017,0.146,1,0.145,0,0,0.353,0.002,0,0,true,false,,false
buddhist-wisdom-for-overthinking,how-to-let-go-of-attachment-in-buddhism,https://echobuddha.com/articles/buddhist-wisdom-for-overthinking/,https://echobuddha.com/articles/how-to-let-go-of-attachment-in-buddhism/,Low,false,,0.126,0.167,0.329,0.181,0.152,0.092,1,0.166,0,0,0.373,0.003,0,0,true,false,,false
buddhist-wisdom-for-overthinking,right-speech-buddhism,https://echobuddha.com/articles/buddhist-wisdom-for-overthinking/,https://echobuddha.com/articles/right-speech-buddhism/,Low,false,,0.082,0.138,0.233,0.182,0.129,0.159,1,0.075,0,0,0.298,0.002,0,0,false,false,,false
buddhist-wisdom-for-overthinking,buddhist-wisdom-for-overthinking,https://echobuddha.com/articles/buddhist-wisdom-for-overthinking/,https://echobuddha.com/articles/buddhist-wisdom-for-overthinking/,Self,true,,1,1,1,1,1,1,1,1,1,1,1,1,49,0,true,true,false,false
buddhist-wisdom-for-overthinking,impermanence-in-buddhism,https://echobuddha.com/articles/buddhist-wisdom-for-overthinking/,https://echobuddha.com/articles/impermanence-in-buddhism/,Low,false,,0.14,0.148,0.321,0.175,0.037,0.132,1,0.111,0,0,0.386,0.002,0,0,true,false,,false
buddhist-wisdom-for-overthinking,what-is-karma-in-buddhism,https://echobuddha.com/articles/buddhist-wisdom-for-overthinking/,https://echobuddha.com/articles/what-is-karma-in-buddhism/,Low,false,,0.176,0.137,0.31,0.151,0.054,0.07,0.4,0.119,0,0,0.351,0.001,0,0,true,false,,false
buddhist-wisdom-for-overthinking,four-noble-truths-explained,https://echobuddha.com/articles/buddhist-wisdom-for-overthinking/,https://echobuddha.com/articles/four-noble-truths-explained/,Low,false,,0.12,0.133,0.285,0.184,0.06,0.044,0.4,0.125,0,0,0.311,0,0,0,true,false,,false
buddhist-wisdom-for-overthinking,mindfulness-vs-meditation,https://echobuddha.com/articles/buddhist-wisdom-for-overthinking/,https://echobuddha.com/articles/mindfulness-vs-meditation/,Low,false,,0.133,0.18,0.378,0.199,0.165,0.043,0.4,0.174,0,0,0.421,0.003,0,0,true,false,,false
buddhist-wisdom-for-overthinking,buddhist-teachings-on-forgiveness,https://echobuddha.com/articles/buddhist-wisdom-for-overthinking/,https://echobuddha.com/articles/buddhist-teachings-on-forgiveness/,Low,false,,0.132,0.151,0.328,0.197,0.079,0.082,0.4,0.081,0,0,0.414,0.003,0,0,true,false,,false
buddhist-wisdom-for-overthinking,metta-meditation-script,https://echobuddha.com/articles/buddhist-wisdom-for-overthinking/,https://echobuddha.com/articles/metta-meditation-script/,Low,false,,0,0.14,0.324,0.177,0.056,0.044,0.4,0.097,0,0,0.374,0.002,0,0,true,false,,false
buddhist-wisdom-for-overthinking,buddhism-for-beginners-simple-guide,https://echobuddha.com/articles/buddhist-wisdom-for-overthinking/,https://echobuddha.com/articles/buddhism-for-beginners-simple-guide/,Low,false,,0.155,0.168,0.326,0.159,0.155,0.06,0.4,0.279,0,0,0.4,0,0,0,true,false,,false
buddhist-wisdom-for-overthinking,how-to-meditate-for-anxiety,https://echobuddha.com/articles/buddhist-wisdom-for-overthinking/,https://echobuddha.com/articles/how-to-meditate-for-anxiety/,Low,false,,0.106,0.201,0.475,0.22,0.042,0.046,0.4,0.27,0,0,0.464,0,0,0,true,false,,false
buddhist-wisdom-for-overthinking,loving-kindness-meditation-beginners,https://echobuddha.com/articles/buddhist-wisdom-for-overthinking/,https://echobuddha.com/articles/loving-kindness-meditation-beginners/,Low,false,,0.012,0.119,0.246,0.15,0.061,0.029,0.4,0.182,0,0,0.299,0,0,0,false,false,,false
buddhist-wisdom-for-overthinking,eightfold-path-explained-daily-life,https://echobuddha.com/articles/buddhist-wisdom-for-overthinking/,https://echobuddha.com/articles/eightfold-path-explained-daily-life/,Low,false,,0.148,0.135,0.284,0.154,0.026,0.046,0.4,0.264,0,0,0.271,0,0,0,false,false,,false
buddhist-wisdom-for-overthinking,mindfulness-morning-routine,https://echobuddha.com/articles/buddhist-wisdom-for-overthinking/,https://echobuddha.com/articles/mindfulness-morning-routine/,Low,false,,0.045,0.15,0.302,0.144,0.171,0.041,0.4,0.175,0,0,0.361,0,0,0,true,false,,false
buddhist-wisdom-for-overthinking,buddhist-teachings-on-impermanence,https://echobuddha.com/articles/buddhist-wisdom-for-overthinking/,https://echobuddha.com/articles/buddhist-teachings-on-impermanence/,Low,false,,0.21,0.123,0.262,0.179,0.042,0.054,0.4,0.109,0,0,0.277,0,0,0,false,false,,false
buddhist-wisdom-for-overthinking,walking-meditation-step-by-step,https://echobuddha.com/articles/buddhist-wisdom-for-overthinking/,https://echobuddha.com/articles/walking-meditation-step-by-step/,Low,false,,0,0.15,0.321,0.165,0.086,0.038,0.4,0.213,0,0,0.389,0,0,0,true,false,,false
buddhist-wisdom-for-overthinking,buddhist-approach-to-anger,https://echobuddha.com/articles/buddhist-wisdom-for-overthinking/,https://echobuddha.com/articles/buddhist-approach-to-anger/,Low,false,,0.237,0.152,0.288,0.172,0.149,0.044,0.4,0.221,0,0,0.308,0,0,0,true,false,,false
buddhist-wisdom-for-overthinking,mindfulness-for-better-sleep,https://echobuddha.com/articles/buddhist-wisdom-for-overthinking/,https://echobuddha.com/articles/mindfulness-for-better-sleep/,Low,false,,0.174,0.201,0.408,0.197,0.187,0.059,0.4,0.265,0,0,0.383,0.001,0,0,true,false,,false
buddhist-wisdom-for-overthinking,how-to-practice-non-attachment,https://echobuddha.com/articles/buddhist-wisdom-for-overthinking/,https://echobuddha.com/articles/how-to-practice-non-attachment/,Low,false,,0.082,0.133,0.293,0.179,0.058,0.038,0.4,0.125,0,0,0.343,0.001,0,0,true,false,,false
buddhist-wisdom-for-overthinking,beginning-a-daily-mindfulness-practice,https://echobuddha.com/articles/buddhist-wisdom-for-overthinking/,https://echobuddha.com/articles/beginning-a-daily-mindfulness-practice/,Low,false,,0.122,0.174,0.4,0.173,0.087,0.029,0.4,0.224,0,0,0.478,0.001,0,0,true,false,,false
buddhist-wisdom-for-overthinking,compassion-as-a-daily-discipline,https://echobuddha.com/articles/buddhist-wisdom-for-overthinking/,https://echobuddha.com/articles/compassion-as-a-daily-discipline/,Low,false,,0.131,0.115,0.236,0.154,0.034,0.068,0.4,0.139,0,0,0.282,0,0,0,false,false,,false
buddhist-wisdom-for-overthinking,letting-go-without-giving-up,https://echobuddha.com/articles/buddhist-wisdom-for-overthinking/,https://echobuddha.com/articles/letting-go-without-giving-up/,Low,false,,0,0.175,0.372,0.212,0.104,0.047,0.4,0.213,0,0,0.452,0,0,0,true,false,,false
buddhist-wisdom-for-overthinking,three-ways-to-practice-patience,https://echobuddha.com/articles/buddhist-wisdom-for-overthinking/,https://echobuddha.com/articles/three-ways-to-practice-patience/,Low,false,,0.035,0.157,0.327,0.18,0.085,0.041,0.4,0.25,0,0,0.405,0,0,0,true,false,,false
buddhist-wisdom-for-overthinking,mindful-listening-in-everyday-life,https://echobuddha.com/articles/buddhist-wisdom-for-overthinking/,https://echobuddha.com/articles/mindful-listening-in-everyday-life/,Low,false,,0.054,0.14,0.297,0.164,0.102,0.054,0.4,0.118,0,0,0.307,0.001,0,0,true,false,,false
buddhist-wisdom-for-overthinking,creating-a-peaceful-corner-at-home,https://echobuddha.com/articles/buddhist-wisdom-for-overthinking/,https://echobuddha.com/articles/creating-a-peaceful-corner-at-home/,Low,false,,0,0.136,0.288,0.133,0.105,0.045,0.4,0.172,0,0,0.361,0,0,0,true,false,,false
impermanence-in-buddhism,what-is-buddhism-beginner-guide,https://echobuddha.com/articles/impermanence-in-buddhism/,https://echobuddha.com/articles/what-is-buddhism-beginner-guide/,Low,false,,0.35,0.171,0.386,0.2,0.125,0.067,0.4,0.061,0,0.099,0.367,0,0,0,true,false,false,false
impermanence-in-buddhism,four-noble-truths-explained-simply,https://echobuddha.com/articles/impermanence-in-buddhism/,https://echobuddha.com/articles/four-noble-truths-explained-simply/,Low,false,,0.122,0.158,0.348,0.192,0.069,0.055,0.4,0.174,0,0.168,0.363,0.001,0,0,true,false,false,false
impermanence-in-buddhism,noble-eightfold-path-practical-guide,https://echobuddha.com/articles/impermanence-in-buddhism/,https://echobuddha.com/articles/noble-eightfold-path-practical-guide/,Low,false,,0.094,0.11,0.248,0.144,0.012,0.039,0.4,0.144,0,0.093,0.283,0,0,0,false,false,false,false
impermanence-in-buddhism,impermanence-in-buddhism-letting-go,https://echobuddha.com/articles/impermanence-in-buddhism/,https://echobuddha.com/articles/impermanence-in-buddhism-letting-go/,Medium,true,Impermanence,0.623,0.315,0.683,0.236,0.339,0.097,0.4,0.332,0,0.136,0.446,0.003,0,0,true,false,true,false
impermanence-in-buddhism,compassion-in-buddhism-beginner-guide,https://echobuddha.com/articles/impermanence-in-buddhism/,https://echobuddha.com/articles/compassion-in-buddhism-beginner-guide/,Low,false,,0.278,0.139,0.289,0.189,0.091,0.057,0.4,0.098,0,0.059,0.332,0,0,0,true,false,false,false
impermanence-in-buddhism,how-to-meditate-for-beginners,https://echobuddha.com/articles/impermanence-in-buddhism/,https://echobuddha.com/articles/how-to-meditate-for-beginners/,Low,false,,0.093,0.105,0.247,0.143,0.021,0.027,0.4,0.087,0,0.087,0.275,0,0,0,false,false,false,false
impermanence-in-buddhism,mindfulness-of-breathing-guide,https://echobuddha.com/articles/impermanence-in-buddhism/,https://echobuddha.com/articles/mindfulness-of-breathing-guide/,Low,false,,0.014,0.119,0.252,0.158,0.063,0.05,0.4,0.102,0,0.051,0.308,0,0,0,true,false,false,false
impermanence-in-buddhism,loving-kindness-meditation-guide,https://echobuddha.com/articles/impermanence-in-buddhism/,https://echobuddha.com/articles/loving-kindness-meditation-guide/,Low,false,,0.014,0.124,0.291,0.182,0,0.062,0.4,0.071,0,0,0.286,0,0,0,false,false,false,false
impermanence-in-buddhism,dhammapada-reflection-what-we-think,https://echobuddha.com/articles/impermanence-in-buddhism/,https://echobuddha.com/articles/dhammapada-reflection-what-we-think/,Low,false,,0.026,0.143,0.3,0.194,0.067,0.056,0.4,0.147,0,0.071,0.302,0,0,0,true,false,false,false
impermanence-in-buddhism,dhammapada-reflection-trained-mind,https://echobuddha.com/articles/impermanence-in-buddhism/,https://echobuddha.com/articles/dhammapada-reflection-trained-mind/,Low,false,,0.07,0.13,0.308,0.17,0.033,0.044,0.4,0.078,0,0.063,0.385,0.001,0,0,true,false,false,false
impermanence-in-buddhism,eightfold-path-explained,https://echobuddha.com/articles/impermanence-in-buddhism/,https://echobuddha.com/articles/eightfold-path-explained/,Low,false,,0.079,0.131,0.272,0.195,0.014,0.153,1,0.039,0,0.061,0.329,0.003,0,0,true,false,false,false
impermanence-in-buddhism,how-to-let-go-of-attachment-in-buddhism,https://echobuddha.com/articles/impermanence-in-buddhism/,https://echobuddha.com/articles/how-to-let-go-of-attachment-in-buddhism/,Low,false,,0.262,0.212,0.446,0.247,0.144,0.107,1,0.178,0,0.038,0.375,0.003,0,0,true,false,false,false
impermanence-in-buddhism,right-speech-buddhism,https://echobuddha.com/articles/impermanence-in-buddhism/,https://echobuddha.com/articles/right-speech-buddhism/,Low,false,,0.213,0.134,0.248,0.173,0.074,0.169,1,0.067,0,0.025,0.321,0.002,0,0,true,false,false,false
impermanence-in-buddhism,buddhist-wisdom-for-overthinking,https://echobuddha.com/articles/impermanence-in-buddhism/,https://echobuddha.com/articles/buddhist-wisdom-for-overthinking/,Low,false,,0.14,0.148,0.321,0.175,0.037,0.132,1,0.111,0,0,0.386,0.002,0,0,true,false,false,false
impermanence-in-buddhism,impermanence-in-buddhism,https://echobuddha.com/articles/impermanence-in-buddhism/,https://echobuddha.com/articles/impermanence-in-buddhism/,Self,true,Impermanence,1,1,1,1,1,1,1,1,1,1,1,1,52,0,true,true,false,false
impermanence-in-buddhism,what-is-karma-in-buddhism,https://echobuddha.com/articles/impermanence-in-buddhism/,https://echobuddha.com/articles/what-is-karma-in-buddhism/,Low,false,,0.15,0.152,0.346,0.179,0.045,0.076,0.4,0.14,0,0.111,0.334,0,0,0,true,false,false,false
impermanence-in-buddhism,four-noble-truths-explained,https://echobuddha.com/articles/impermanence-in-buddhism/,https://echobuddha.com/articles/four-noble-truths-explained/,Low,false,,0.18,0.141,0.324,0.182,0.04,0.055,0.4,0.115,0,0,0.318,0,0,0,true,false,false,false
impermanence-in-buddhism,mindfulness-vs-meditation,https://echobuddha.com/articles/impermanence-in-buddhism/,https://echobuddha.com/articles/mindfulness-vs-meditation/,Low,false,,0.022,0.139,0.328,0.169,0.06,0.08,0.4,0.022,0,0,0.392,0.002,0,0,true,false,false,false
impermanence-in-buddhism,buddhist-teachings-on-forgiveness,https://echobuddha.com/articles/impermanence-in-buddhism/,https://echobuddha.com/articles/buddhist-teachings-on-forgiveness/,Low,false,,0.189,0.151,0.323,0.213,0.037,0.067,0.4,0.157,0,0.079,0.341,0.004,0,0,true,false,false,false
impermanence-in-buddhism,metta-meditation-script,https://echobuddha.com/articles/impermanence-in-buddhism/,https://echobuddha.com/articles/metta-meditation-script/,Low,false,,0,0.134,0.324,0.175,0.012,0.064,0.4,0.077,0,0.066,0.393,0.002,0,0,true,false,false,false
impermanence-in-buddhism,buddhism-for-beginners-simple-guide,https://echobuddha.com/articles/impermanence-in-buddhism/,https://echobuddha.com/articles/buddhism-for-beginners-simple-guide/,Low,false,,0.3,0.153,0.355,0.19,0.035,0.053,0.4,0.151,0,0.081,0.405,0,0,0,true,false,false,false
impermanence-in-buddhism,how-to-meditate-for-anxiety,https://echobuddha.com/articles/impermanence-in-buddhism/,https://echobuddha.com/articles/how-to-meditate-for-anxiety/,Low,false,,0,0.14,0.337,0.167,0.057,0.027,0.4,0.101,0,0,0.398,0,0,0,true,false,false,false
impermanence-in-buddhism,loving-kindness-meditation-beginners,https://echobuddha.com/articles/impermanence-in-buddhism/,https://echobuddha.com/articles/loving-kindness-meditation-beginners/,Low,false,,0.013,0.131,0.273,0.163,0.038,0.055,0.4,0.209,0,0,0.313,0,0,0,true,false,false,false
impermanence-in-buddhism,eightfold-path-explained-daily-life,https://echobuddha.com/articles/impermanence-in-buddhism/,https://echobuddha.com/articles/eightfold-path-explained-daily-life/,Low,false,,0.127,0.124,0.257,0.178,0.054,0.036,0.4,0.148,0,0.069,0.285,0,0,0,false,false,false,false
impermanence-in-buddhism,mindfulness-morning-routine,https://echobuddha.com/articles/impermanence-in-buddhism/,https://echobuddha.com/articles/mindfulness-morning-routine/,Low,false,,0.012,0.121,0.284,0.147,0.026,0.04,0.4,0.122,0,0,0.327,0,0,0,true,false,false,false
impermanence-in-buddhism,buddhist-teachings-on-impermanence,https://echobuddha.com/articles/impermanence-in-buddhism/,https://echobuddha.com/articles/buddhist-teachings-on-impermanence/,Medium,true,Impermanence,0.691,0.292,0.671,0.27,0.256,0.09,0.4,0.177,0,0.141,0.562,0.003,0,0,true,false,true,false
impermanence-in-buddhism,walking-meditation-step-by-step,https://echobuddha.com/articles/impermanence-in-buddhism/,https://echobuddha.com/articles/walking-meditation-step-by-step/,Low,false,,0,0.109,0.26,0.156,0.012,0.047,0.4,0.047,0,0.028,0.326,0,0,0,true,false,false,false
impermanence-in-buddhism,buddhist-approach-to-anger,https://echobuddha.com/articles/impermanence-in-buddhism/,https://echobuddha.com/articles/buddhist-approach-to-anger/,Low,false,,0.111,0.107,0.237,0.155,0.012,0.034,0.4,0.125,0,0,0.292,0.001,0,0,false,false,false,false
impermanence-in-buddhism,mindfulness-for-better-sleep,https://echobuddha.com/articles/impermanence-in-buddhism/,https://echobuddha.com/articles/mindfulness-for-better-sleep/,Low,false,,0,0.117,0.277,0.154,0.024,0.033,0.4,0.091,0,0.035,0.322,0,0,0,true,false,false,false
impermanence-in-buddhism,how-to-practice-non-attachment,https://echobuddha.com/articles/impermanence-in-buddhism/,https://echobuddha.com/articles/how-to-practice-non-attachment/,Low,false,,0.089,0.191,0.412,0.21,0.131,0.037,0.4,0.236,0,0.058,0.412,0.003,0,0,true,false,false,false
impermanence-in-buddhism,beginning-a-daily-mindfulness-practice,https://echobuddha.com/articles/impermanence-in-buddhism/,https://echobuddha.com/articles/beginning-a-daily-mindfulness-practice/,Low,false,,0.053,0.139,0.32,0.163,0.072,0.044,0.4,0.102,0,0,0.393,0,0,0,true,false,false,false
impermanence-in-buddhism,compassion-as-a-daily-discipline,https://echobuddha.com/articles/impermanence-in-buddhism/,https://echobuddha.com/articles/compassion-as-a-daily-discipline/,Low,false,,0.128,0.124,0.273,0.175,0.014,0.05,0.4,0.15,0,0,0.346,0.001,0,0,true,false,false,false
impermanence-in-buddhism,letting-go-without-giving-up,https://echobuddha.com/articles/impermanence-in-buddhism/,https://echobuddha.com/articles/letting-go-without-giving-up/,Low,false,,0.138,0.16,0.372,0.209,0.028,0.027,0.4,0.188,0,0.03,0.333,0,0,0,true,false,false,false
impermanence-in-buddhism,three-ways-to-practice-patience,https://echobuddha.com/articles/impermanence-in-buddhism/,https://echobuddha.com/articles/three-ways-to-practice-patience/,Low,false,,0.064,0.13,0.316,0.158,0.014,0.029,0.4,0.129,0,0.091,0.43,0,0,0,true,false,false,false
impermanence-in-buddhism,mindful-listening-in-everyday-life,https://echobuddha.com/articles/impermanence-in-buddhism/,https://echobuddha.com/articles/mindful-listening-in-everyday-life/,Low,false,,0,0.116,0.272,0.152,0.014,0.045,0.4,0.101,0,0.108,0.306,0,0,0,true,false,false,false
impermanence-in-buddhism,creating-a-peaceful-corner-at-home,https://echobuddha.com/articles/impermanence-in-buddhism/,https://echobuddha.com/articles/creating-a-peaceful-corner-at-home/,Low,false,,0.014,0.101,0.252,0.134,0.014,0.036,0.4,0.029,0,0.068,0.332,0,0,0,true,false,false,false
what-is-karma-in-buddhism,what-is-buddhism-beginner-guide,https://echobuddha.com/articles/what-is-karma-in-buddhism/,https://echobuddha.com/articles/what-is-buddhism-beginner-guide/,Low,false,,0.293,0.162,0.368,0.183,0.104,0.04,0.4,0.128,0,0.166,0.402,0,0,0,true,false,false,false
what-is-karma-in-buddhism,four-noble-truths-explained-simply,https://echobuddha.com/articles/what-is-karma-in-buddhism/,https://echobuddha.com/articles/four-noble-truths-explained-simply/,Low,false,,0.222,0.131,0.299,0.155,0.083,0.039,0.4,0.078,0,0.138,0.311,0.001,0,0,true,false,false,false
what-is-karma-in-buddhism,noble-eightfold-path-practical-guide,https://echobuddha.com/articles/what-is-karma-in-buddhism/,https://echobuddha.com/articles/noble-eightfold-path-practical-guide/,Low,false,,0.361,0.136,0.325,0.163,0.034,0.043,0.4,0.113,0,0.176,0.378,0.001,0,0,true,false,false,false
what-is-karma-in-buddhism,impermanence-in-buddhism-letting-go,https://echobuddha.com/articles/what-is-karma-in-buddhism/,https://echobuddha.com/articles/impermanence-in-buddhism-letting-go/,Low,false,,0.166,0.136,0.322,0.157,0.056,0.062,0.4,0.072,0,0.063,0.258,0,0,0,false,false,false,false
what-is-karma-in-buddhism,compassion-in-buddhism-beginner-guide,https://echobuddha.com/articles/what-is-karma-in-buddhism/,https://echobuddha.com/articles/compassion-in-buddhism-beginner-guide/,Low,false,,0.399,0.158,0.371,0.211,0.033,0.049,0.4,0.126,0,0.066,0.336,0,0,0,true,false,false,false
what-is-karma-in-buddhism,how-to-meditate-for-beginners,https://echobuddha.com/articles/what-is-karma-in-buddhism/,https://echobuddha.com/articles/how-to-meditate-for-beginners/,Low,false,,0.265,0.097,0.227,0.126,0.046,0.015,0.4,0.055,0,0.056,0.261,0.001,0,0,false,false,false,false
what-is-karma-in-buddhism,mindfulness-of-breathing-guide,https://echobuddha.com/articles/what-is-karma-in-buddhism/,https://echobuddha.com/articles/mindfulness-of-breathing-guide/,Low,false,,0.09,0.102,0.24,0.141,0.03,0.034,0.4,0.042,0,0.14,0.298,0.001,0,0,false,false,false,false
what-is-karma-in-buddhism,loving-kindness-meditation-guide,https://echobuddha.com/articles/what-is-karma-in-buddhism/,https://echobuddha.com/articles/loving-kindness-meditation-guide/,Low,false,,0.05,0.122,0.285,0.167,0.017,0.043,0.4,0.092,0,0,0.299,0.001,0,0,false,false,false,false
what-is-karma-in-buddhism,dhammapada-reflection-what-we-think,https://echobuddha.com/articles/what-is-karma-in-buddhism/,https://echobuddha.com/articles/dhammapada-reflection-what-we-think/,Low,false,,0.154,0.188,0.395,0.202,0.097,0.089,0.4,0.265,0,0.07,0.387,0,0,0,true,false,false,false
what-is-karma-in-buddhism,dhammapada-reflection-trained-mind,https://echobuddha.com/articles/what-is-karma-in-buddhism/,https://echobuddha.com/articles/dhammapada-reflection-trained-mind/,Low,false,,0.042,0.168,0.388,0.191,0.064,0.057,0.4,0.169,0,0.124,0.445,0.001,0,0,true,false,false,false
what-is-karma-in-buddhism,eightfold-path-explained,https://echobuddha.com/articles/what-is-karma-in-buddhism/,https://echobuddha.com/articles/eightfold-path-explained/,Low,false,,0.144,0.157,0.353,0.207,0.062,0.078,0.4,0.087,0,0.135,0.378,0,0,0,true,false,false,false
what-is-karma-in-buddhism,how-to-let-go-of-attachment-in-buddhism,https://echobuddha.com/articles/what-is-karma-in-buddhism/,https://echobuddha.com/articles/how-to-let-go-of-attachment-in-buddhism/,Low,false,,0.113,0.136,0.304,0.146,0.07,0.063,0.4,0.132,0,0.014,0.315,0.001,0,0,true,false,false,false
what-is-karma-in-buddhism,right-speech-buddhism,https://echobuddha.com/articles/what-is-karma-in-buddhism/,https://echobuddha.com/articles/right-speech-buddhism/,Low,false,,0.213,0.162,0.338,0.195,0.108,0.08,0.4,0.132,0,0.038,0.411,0.004,0,0,true,false,false,false
what-is-karma-in-buddhism,buddhist-wisdom-for-overthinking,https://echobuddha.com/articles/what-is-karma-in-buddhism/,https://echobuddha.com/articles/buddhist-wisdom-for-overthinking/,Low,false,,0.176,0.137,0.31,0.151,0.054,0.07,0.4,0.119,0,0,0.351,0.001,0,0,true,false,false,false
what-is-karma-in-buddhism,impermanence-in-buddhism,https://echobuddha.com/articles/what-is-karma-in-buddhism/,https://echobuddha.com/articles/impermanence-in-buddhism/,Low,false,,0.15,0.152,0.346,0.179,0.045,0.076,0.4,0.14,0,0.111,0.334,0,0,0,true,false,false,false
what-is-karma-in-buddhism,what-is-karma-in-buddhism,https://echobuddha.com/articles/what-is-karma-in-buddhism/,https://echobuddha.com/articles/what-is-karma-in-buddhism/,Self,true,Karma Standalone,1,1,1,1,1,1,1,1,1,1,1,1,68,0,true,true,false,false
what-is-karma-in-buddhism,four-noble-truths-explained,https://echobuddha.com/articles/what-is-karma-in-buddhism/,https://echobuddha.com/articles/four-noble-truths-explained/,Low,false,,0.141,0.134,0.289,0.176,0.086,0.048,0.4,0.092,0,0,0.288,0,0,0,false,false,false,false
what-is-karma-in-buddhism,mindfulness-vs-meditation,https://echobuddha.com/articles/what-is-karma-in-buddhism/,https://echobuddha.com/articles/mindfulness-vs-meditation/,Low,false,,0.153,0.124,0.295,0.175,0.033,0.047,0.4,0.043,0,0,0.367,0.001,0,0,true,false,false,false
what-is-karma-in-buddhism,buddhist-teachings-on-forgiveness,https://echobuddha.com/articles/what-is-karma-in-buddhism/,https://echobuddha.com/articles/buddhist-teachings-on-forgiveness/,Low,false,,0.212,0.169,0.404,0.198,0.04,0.058,0.4,0.142,0,0.039,0.376,0,0,0,true,false,false,false
what-is-karma-in-buddhism,metta-meditation-script,https://echobuddha.com/articles/what-is-karma-in-buddhism/,https://echobuddha.com/articles/metta-meditation-script/,Low,false,,0.105,0.125,0.307,0.176,0.017,0.047,0.4,0.038,0,0.068,0.339,0.001,0,0,true,false,false,false
what-is-karma-in-buddhism,buddhism-for-beginners-simple-guide,https://echobuddha.com/articles/what-is-karma-in-buddhism/,https://echobuddha.com/articles/buddhism-for-beginners-simple-guide/,Low,false,,0.214,0.183,0.41,0.217,0.135,0.056,0.4,0.093,0,0.16,0.458,0.003,0,0,true,false,false,false
what-is-karma-in-buddhism,how-to-meditate-for-anxiety,https://echobuddha.com/articles/what-is-karma-in-buddhism/,https://echobuddha.com/articles/how-to-meditate-for-anxiety/,Low,false,,0.158,0.102,0.236,0.12,0.05,0.024,0.4,0.079,0,0,0.287,0,0,0,false,false,false,false
what-is-karma-in-buddhism,loving-kindness-meditation-beginners,https://echobuddha.com/articles/what-is-karma-in-buddhism/,https://echobuddha.com/articles/loving-kindness-meditation-beginners/,Low,false,,0.093,0.117,0.271,0.16,0.036,0.023,0.4,0.098,0,0.04,0.316,0,0,0,true,false,false,false
what-is-karma-in-buddhism,eightfold-path-explained-daily-life,https://echobuddha.com/articles/what-is-karma-in-buddhism/,https://echobuddha.com/articles/eightfold-path-explained-daily-life/,Low,false,,0.399,0.147,0.305,0.166,0.109,0.05,0.4,0.168,0,0.193,0.35,0,0,0,true,false,false,false
what-is-karma-in-buddhism,mindfulness-morning-routine,https://echobuddha.com/articles/what-is-karma-in-buddhism/,https://echobuddha.com/articles/mindfulness-morning-routine/,Low,false,,0.146,0.122,0.286,0.152,0.037,0.036,0.4,0.104,0,0.088,0.344,0,0,0,true,false,false,false
what-is-karma-in-buddhism,buddhist-teachings-on-impermanence,https://echobuddha.com/articles/what-is-karma-in-buddhism/,https://echobuddha.com/articles/buddhist-teachings-on-impermanence/,Low,false,,0.357,0.145,0.336,0.163,0.084,0.058,0.4,0.07,0,0.105,0.357,0,0,0,true,false,false,false
what-is-karma-in-buddhism,walking-meditation-step-by-step,https://echobuddha.com/articles/what-is-karma-in-buddhism/,https://echobuddha.com/articles/walking-meditation-step-by-step/,Low,false,,0.074,0.091,0.221,0.115,0.017,0.032,0.4,0.059,0,0.061,0.291,0.001,0,0,false,false,false,false
what-is-karma-in-buddhism,buddhist-approach-to-anger,https://echobuddha.com/articles/what-is-karma-in-buddhism/,https://echobuddha.com/articles/buddhist-approach-to-anger/,Low,false,,0.258,0.135,0.311,0.19,0.036,0.047,0.4,0.088,0,0.07,0.287,0,0,0,false,false,false,false
what-is-karma-in-buddhism,mindfulness-for-better-sleep,https://echobuddha.com/articles/what-is-karma-in-buddhism/,https://echobuddha.com/articles/mindfulness-for-better-sleep/,Low,false,,0.046,0.094,0.198,0.112,0.086,0.03,0.4,0.058,0,0.026,0.228,0,0,0,false,false,false,false
what-is-karma-in-buddhism,how-to-practice-non-attachment,https://echobuddha.com/articles/what-is-karma-in-buddhism/,https://echobuddha.com/articles/how-to-practice-non-attachment/,Low,false,,0.352,0.144,0.353,0.177,0.035,0.033,0.4,0.097,0,0.156,0.407,0,0,0,true,false,false,false
what-is-karma-in-buddhism,beginning-a-daily-mindfulness-practice,https://echobuddha.com/articles/what-is-karma-in-buddhism/,https://echobuddha.com/articles/beginning-a-daily-mindfulness-practice/,Low,false,,0.34,0.124,0.288,0.145,0.069,0.031,0.4,0.08,0,0,0.349,0.001,0,0,true,false,false,false
what-is-karma-in-buddhism,compassion-as-a-daily-discipline,https://echobuddha.com/articles/what-is-karma-in-buddhism/,https://echobuddha.com/articles/compassion-as-a-daily-discipline/,Low,false,,0.436,0.161,0.356,0.189,0.12,0.053,0.4,0.103,0,0,0.39,0,0,0,true,false,false,false
what-is-karma-in-buddhism,letting-go-without-giving-up,https://echobuddha.com/articles/what-is-karma-in-buddhism/,https://echobuddha.com/articles/letting-go-without-giving-up/,Low,false,,0.042,0.132,0.295,0.154,0.082,0.024,0.4,0.123,0,0.088,0.362,0,0,0,true,false,false,false
what-is-karma-in-buddhism,three-ways-to-practice-patience,https://echobuddha.com/articles/what-is-karma-in-buddhism/,https://echobuddha.com/articles/three-ways-to-practice-patience/,Low,false,,0.292,0.141,0.311,0.177,0.061,0.026,0.4,0.175,0,0.045,0.394,0,0,0,true,false,false,false
what-is-karma-in-buddhism,mindful-listening-in-everyday-life,https://echobuddha.com/articles/what-is-karma-in-buddhism/,https://echobuddha.com/articles/mindful-listening-in-everyday-life/,Low,false,,0.203,0.138,0.338,0.145,0.061,0.04,0.4,0.085,0,0.048,0.398,0.001,0,0,true,false,false,false
what-is-karma-in-buddhism,creating-a-peaceful-corner-at-home,https://echobuddha.com/articles/what-is-karma-in-buddhism/,https://echobuddha.com/articles/creating-a-peaceful-corner-at-home/,Low,false,,0.137,0.087,0.202,0.101,0.021,0.023,0.4,0.105,0,0.121,0.243,0.001,0,0,false,false,false,false
four-noble-truths-explained,what-is-buddhism-beginner-guide,https://echobuddha.com/articles/four-noble-truths-explained/,https://echobuddha.com/articles/what-is-buddhism-beginner-guide/,Low,false,,0.274,0.198,0.472,0.228,0.046,0.052,0.4,0.211,0,0,0.362,0.001,0,0,true,false,false,false
four-noble-truths-explained,four-noble-truths-explained-simply,https://echobuddha.com/articles/four-noble-truths-explained/,https://echobuddha.com/articles/four-noble-truths-explained-simply/,Medium,true,Four Noble Truths,0.857,0.314,0.684,0.266,0.28,0.205,0.4,0.167,0,0,0.48,0.018,0,0,true,false,true,false
four-noble-truths-explained,noble-eightfold-path-practical-guide,https://echobuddha.com/articles/four-noble-truths-explained/,https://echobuddha.com/articles/noble-eightfold-path-practical-guide/,Low,false,,0.298,0.129,0.261,0.144,0.107,0.03,0.4,0.182,0,0,0.279,0,0,0,false,false,false,false
four-noble-truths-explained,impermanence-in-buddhism-letting-go,https://echobuddha.com/articles/four-noble-truths-explained/,https://echobuddha.com/articles/impermanence-in-buddhism-letting-go/,Low,false,,0.186,0.141,0.314,0.198,0.013,0.038,0.4,0.195,0,0,0.189,0,0,0,false,false,false,false
four-noble-truths-explained,compassion-in-buddhism-beginner-guide,https://echobuddha.com/articles/four-noble-truths-explained/,https://echobuddha.com/articles/compassion-in-buddhism-beginner-guide/,Low,false,,0.179,0.122,0.282,0.19,0.029,0.033,0.4,0.063,0,0,0.298,0,0,0,false,false,false,false
four-noble-truths-explained,how-to-meditate-for-beginners,https://echobuddha.com/articles/four-noble-truths-explained/,https://echobuddha.com/articles/how-to-meditate-for-beginners/,Low,false,,0.162,0.089,0.22,0.141,0,0.014,0.4,0.035,0,0,0.212,0,0,0,false,false,false,false
four-noble-truths-explained,mindfulness-of-breathing-guide,https://echobuddha.com/articles/four-noble-truths-explained/,https://echobuddha.com/articles/mindfulness-of-breathing-guide/,Low,false,,0.029,0.107,0.24,0.16,0.027,0.022,0.4,0.094,0,0,0.294,0.001,0,0,false,false,false,false
four-noble-truths-explained,loving-kindness-meditation-guide,https://echobuddha.com/articles/four-noble-truths-explained/,https://echobuddha.com/articles/loving-kindness-meditation-guide/,Low,false,,0.028,0.109,0.24,0.158,0.031,0.03,0.4,0.102,0,0,0.198,0,0,0,false,false,false,false
four-noble-truths-explained,dhammapada-reflection-what-we-think,https://echobuddha.com/articles/four-noble-truths-explained/,https://echobuddha.com/articles/dhammapada-reflection-what-we-think/,Low,false,,0.027,0.129,0.276,0.203,0.043,0.06,0.4,0.078,0,0,0.268,0.001,0,0,false,false,false,false
four-noble-truths-explained,dhammapada-reflection-trained-mind,https://echobuddha.com/articles/four-noble-truths-explained/,https://echobuddha.com/articles/dhammapada-reflection-trained-mind/,Low,false,,0.012,0.128,0.301,0.175,0.028,0.035,0.4,0.102,0,0,0.309,0,0,0,true,false,false,false
four-noble-truths-explained,eightfold-path-explained,https://echobuddha.com/articles/four-noble-truths-explained/,https://echobuddha.com/articles/eightfold-path-explained/,Low,false,,0.339,0.168,0.379,0.198,0.074,0.089,0.4,0.116,0,0,0.303,0,0,0,true,false,false,false
four-noble-truths-explained,how-to-let-go-of-attachment-in-buddhism,https://echobuddha.com/articles/four-noble-truths-explained/,https://echobuddha.com/articles/how-to-let-go-of-attachment-in-buddhism/,Low,false,,0.126,0.17,0.353,0.212,0.075,0.065,0.4,0.233,0,0,0.25,0.002,0,0,false,false,false,false
four-noble-truths-explained,right-speech-buddhism,https://echobuddha.com/articles/four-noble-truths-explained/,https://echobuddha.com/articles/right-speech-buddhism/,Low,false,,0.125,0.136,0.282,0.188,0.082,0.06,0.4,0.101,0,0,0.315,0.001,0,0,true,false,false,false
four-noble-truths-explained,buddhist-wisdom-for-overthinking,https://echobuddha.com/articles/four-noble-truths-explained/,https://echobuddha.com/articles/buddhist-wisdom-for-overthinking/,Low,false,,0.12,0.133,0.285,0.184,0.06,0.044,0.4,0.125,0,0,0.311,0,0,0,true,false,false,false
four-noble-truths-explained,impermanence-in-buddhism,https://echobuddha.com/articles/four-noble-truths-explained/,https://echobuddha.com/articles/impermanence-in-buddhism/,Low,false,,0.18,0.141,0.324,0.182,0.04,0.055,0.4,0.115,0,0,0.318,0,0,0,true,false,false,false
four-noble-truths-explained,what-is-karma-in-buddhism,https://echobuddha.com/articles/four-noble-truths-explained/,https://echobuddha.com/articles/what-is-karma-in-buddhism/,Low,false,,0.141,0.134,0.289,0.176,0.086,0.048,0.4,0.092,0,0,0.288,0,0,0,false,false,false,false
four-noble-truths-explained,four-noble-truths-explained,https://echobuddha.com/articles/four-noble-truths-explained/,https://echobuddha.com/articles/four-noble-truths-explained/,Self,true,Four Noble Truths,1,1,1,1,1,1,1,1,1,1,1,1,61,0,true,true,false,false
four-noble-truths-explained,mindfulness-vs-meditation,https://echobuddha.com/articles/four-noble-truths-explained/,https://echobuddha.com/articles/mindfulness-vs-meditation/,Low,false,,0.057,0.135,0.297,0.197,0.078,0.05,0.4,0.048,0,0,0.335,0,0,0,true,false,false,false
four-noble-truths-explained,buddhist-teachings-on-forgiveness,https://echobuddha.com/articles/four-noble-truths-explained/,https://echobuddha.com/articles/buddhist-teachings-on-forgiveness/,Low,false,,0.136,0.134,0.299,0.186,0.06,0.052,0.4,0.072,0,0,0.248,0.001,0,0,false,false,false,false
four-noble-truths-explained,metta-meditation-script,https://echobuddha.com/articles/four-noble-truths-explained/,https://echobuddha.com/articles/metta-meditation-script/,Low,false,,0.02,0.126,0.29,0.177,0.03,0.05,0.4,0.072,0,0,0.301,0.001,0,0,true,false,false,false
four-noble-truths-explained,buddhism-for-beginners-simple-guide,https://echobuddha.com/articles/four-noble-truths-explained/,https://echobuddha.com/articles/buddhism-for-beginners-simple-guide/,Low,false,,0.612,0.19,0.418,0.21,0.06,0.085,0.4,0.255,0,0,0.374,0.001,0,0,true,false,false,false
four-noble-truths-explained,how-to-meditate-for-anxiety,https://echobuddha.com/articles/four-noble-truths-explained/,https://echobuddha.com/articles/how-to-meditate-for-anxiety/,Low,false,,0,0.12,0.285,0.172,0.015,0.036,0.4,0.082,0,0,0.308,0,0,0,true,false,false,false
four-noble-truths-explained,loving-kindness-meditation-beginners,https://echobuddha.com/articles/four-noble-truths-explained/,https://echobuddha.com/articles/loving-kindness-meditation-beginners/,Low,false,,0.052,0.115,0.266,0.172,0,0.035,0.4,0.109,0,0,0.221,0,0,0,false,false,false,false
four-noble-truths-explained,eightfold-path-explained-daily-life,https://echobuddha.com/articles/four-noble-truths-explained/,https://echobuddha.com/articles/eightfold-path-explained-daily-life/,Low,false,,0.353,0.168,0.377,0.174,0.111,0.044,0.4,0.168,0,0,0.265,0.002,0,0,false,false,false,false
four-noble-truths-explained,mindfulness-morning-routine,https://echobuddha.com/articles/four-noble-truths-explained/,https://echobuddha.com/articles/mindfulness-morning-routine/,Low,false,,0.05,0.105,0.247,0.137,0,0.047,0.4,0.098,0,0,0.272,0,0,0,false,false,false,false
four-noble-truths-explained,buddhist-teachings-on-impermanence,https://echobuddha.com/articles/four-noble-truths-explained/,https://echobuddha.com/articles/buddhist-teachings-on-impermanence/,Low,false,,0.193,0.128,0.303,0.179,0.015,0.069,0.4,0.057,0,0,0.253,0.001,0,0,false,false,false,false
four-noble-truths-explained,walking-meditation-step-by-step,https://echobuddha.com/articles/four-noble-truths-explained/,https://echobuddha.com/articles/walking-meditation-step-by-step/,Low,false,,0.024,0.109,0.262,0.147,0,0.044,0.4,0.083,0,0,0.279,0.001,0,0,false,false,false,false
four-noble-truths-explained,buddhist-approach-to-anger,https://echobuddha.com/articles/four-noble-truths-explained/,https://echobuddha.com/articles/buddhist-approach-to-anger/,Low,false,,0.113,0.12,0.275,0.189,0.016,0.042,0.4,0.07,0,0,0.263,0,0,0,false,false,false,false
four-noble-truths-explained,mindfulness-for-better-sleep,https://echobuddha.com/articles/four-noble-truths-explained/,https://echobuddha.com/articles/mindfulness-for-better-sleep/,Low,false,,0,0.099,0.211,0.142,0.015,0.041,0.4,0.124,0,0,0.243,0,0,0,false,false,false,false
four-noble-truths-explained,how-to-practice-non-attachment,https://echobuddha.com/articles/four-noble-truths-explained/,https://echobuddha.com/articles/how-to-practice-non-attachment/,Low,false,,0.121,0.142,0.323,0.189,0.031,0.045,0.4,0.142,0,0,0.293,0,0,0,false,false,false,false
four-noble-truths-explained,beginning-a-daily-mindfulness-practice,https://echobuddha.com/articles/four-noble-truths-explained/,https://echobuddha.com/articles/beginning-a-daily-mindfulness-practice/,Low,false,,0.027,0.106,0.238,0.147,0,0.051,0.4,0.123,0,0,0.248,0,0,0,false,false,false,false
four-noble-truths-explained,compassion-as-a-daily-discipline,https://echobuddha.com/articles/four-noble-truths-explained/,https://echobuddha.com/articles/compassion-as-a-daily-discipline/,Low,false,,0.081,0.137,0.315,0.174,0.018,0.056,0.4,0.144,0,0,0.326,0,0,0,true,false,false,false
four-noble-truths-explained,letting-go-without-giving-up,https://echobuddha.com/articles/four-noble-truths-explained/,https://echobuddha.com/articles/letting-go-without-giving-up/,Low,false,,0,0.138,0.318,0.195,0.037,0.037,0.4,0.104,0,0,0.302,0.001,0,0,true,false,false,false
four-noble-truths-explained,three-ways-to-practice-patience,https://echobuddha.com/articles/four-noble-truths-explained/,https://echobuddha.com/articles/three-ways-to-practice-patience/,Low,false,,0.026,0.124,0.286,0.194,0,0.039,0.4,0.108,0,0,0.337,0,0,0,true,false,false,false
four-noble-truths-explained,mindful-listening-in-everyday-life,https://echobuddha.com/articles/four-noble-truths-explained/,https://echobuddha.com/articles/mindful-listening-in-everyday-life/,Low,false,,0.076,0.114,0.265,0.168,0.018,0.044,0.4,0.058,0,0,0.255,0,0,0,false,false,false,false
four-noble-truths-explained,creating-a-peaceful-corner-at-home,https://echobuddha.com/articles/four-noble-truths-explained/,https://echobuddha.com/articles/creating-a-peaceful-corner-at-home/,Low,false,,0.014,0.093,0.225,0.133,0,0.036,0.4,0.059,0,0,0.22,0,0,0,false,false,false,false
mindfulness-vs-meditation,what-is-buddhism-beginner-guide,https://echobuddha.com/articles/mindfulness-vs-meditation/,https://echobuddha.com/articles/what-is-buddhism-beginner-guide/,Low,false,,0.103,0.211,0.442,0.221,0.184,0.061,0.4,0.232,0,0,0.495,0,0,0,true,false,false,false
mindfulness-vs-meditation,four-noble-truths-explained-simply,https://echobuddha.com/articles/mindfulness-vs-meditation/,https://echobuddha.com/articles/four-noble-truths-explained-simply/,Low,false,,0.07,0.134,0.268,0.16,0.134,0.11,0.4,0.015,0,0,0.323,0,0,0,true,false,false,false
mindfulness-vs-meditation,noble-eightfold-path-practical-guide,https://echobuddha.com/articles/mindfulness-vs-meditation/,https://echobuddha.com/articles/noble-eightfold-path-practical-guide/,Low,false,,0.28,0.162,0.369,0.156,0.128,0.105,0.4,0.04,0,0,0.406,0,0,0,true,false,false,false
mindfulness-vs-meditation,impermanence-in-buddhism-letting-go,https://echobuddha.com/articles/mindfulness-vs-meditation/,https://echobuddha.com/articles/impermanence-in-buddhism-letting-go/,Low,false,,0.015,0.116,0.266,0.171,0.029,0.065,0.4,0.023,0,0,0.272,0,0,0,false,false,false,false
mindfulness-vs-meditation,compassion-in-buddhism-beginner-guide,https://echobuddha.com/articles/mindfulness-vs-meditation/,https://echobuddha.com/articles/compassion-in-buddhism-beginner-guide/,Low,false,,0.196,0.128,0.283,0.168,0.112,0.04,0.4,0.018,0,0,0.372,0,0,0,true,false,false,false
mindfulness-vs-meditation,how-to-meditate-for-beginners,https://echobuddha.com/articles/mindfulness-vs-meditation/,https://echobuddha.com/articles/how-to-meditate-for-beginners/,Low,true,Beginner Meditation and Mindfulness,0.583,0.225,0.497,0.226,0.257,0.052,0.4,0.09,0,0,0.53,0.001,0,0,true,false,false,false
mindfulness-vs-meditation,mindfulness-of-breathing-guide,https://echobuddha.com/articles/mindfulness-vs-meditation/,https://echobuddha.com/articles/mindfulness-of-breathing-guide/,Low,true,Beginner Meditation and Mindfulness,0.648,0.236,0.505,0.211,0.206,0.067,0.4,0.293,0,0,0.487,0.001,0,0,true,false,false,false
mindfulness-vs-meditation,loving-kindness-meditation-guide,https://echobuddha.com/articles/mindfulness-vs-meditation/,https://echobuddha.com/articles/loving-kindness-meditation-guide/,Low,false,,0.438,0.154,0.314,0.165,0.152,0.045,0.4,0.162,0,0,0.381,0.001,0,0,true,false,false,false
mindfulness-vs-meditation,dhammapada-reflection-what-we-think,https://echobuddha.com/articles/mindfulness-vs-meditation/,https://echobuddha.com/articles/dhammapada-reflection-what-we-think/,Low,false,,0,0.134,0.299,0.169,0.055,0.042,0.4,0.135,0,0,0.317,0,0,0,true,false,false,false
mindfulness-vs-meditation,dhammapada-reflection-trained-mind,https://echobuddha.com/articles/mindfulness-vs-meditation/,https://echobuddha.com/articles/dhammapada-reflection-trained-mind/,Low,false,,0.033,0.189,0.422,0.199,0.151,0.041,0.4,0.166,0,0,0.521,0,0,0,true,false,false,false
mindfulness-vs-meditation,eightfold-path-explained,https://echobuddha.com/articles/mindfulness-vs-meditation/,https://echobuddha.com/articles/eightfold-path-explained/,Low,false,,0.144,0.176,0.391,0.193,0.078,0.07,0.4,0.199,0,0,0.46,0.002,0,0,true,false,false,false
mindfulness-vs-meditation,how-to-let-go-of-attachment-in-buddhism,https://echobuddha.com/articles/mindfulness-vs-meditation/,https://echobuddha.com/articles/how-to-let-go-of-attachment-in-buddhism/,Low,false,,0.184,0.129,0.278,0.148,0.123,0.054,0.4,0.04,0,0,0.377,0.002,0,0,true,false,false,false
mindfulness-vs-meditation,right-speech-buddhism,https://echobuddha.com/articles/mindfulness-vs-meditation/,https://echobuddha.com/articles/right-speech-buddhism/,Low,false,,0.053,0.132,0.287,0.173,0.115,0.049,0.4,0.025,0,0,0.395,0.003,0,0,true,false,false,false
mindfulness-vs-meditation,buddhist-wisdom-for-overthinking,https://echobuddha.com/articles/mindfulness-vs-meditation/,https://echobuddha.com/articles/buddhist-wisdom-for-overthinking/,Low,false,,0.133,0.18,0.378,0.199,0.165,0.043,0.4,0.174,0,0,0.421,0.003,0,0,true,false,false,false
mindfulness-vs-meditation,impermanence-in-buddhism,https://echobuddha.com/articles/mindfulness-vs-meditation/,https://echobuddha.com/articles/impermanence-in-buddhism/,Low,false,,0.022,0.139,0.328,0.169,0.06,0.08,0.4,0.022,0,0,0.392,0.002,0,0,true,false,false,false
mindfulness-vs-meditation,what-is-karma-in-buddhism,https://echobuddha.com/articles/mindfulness-vs-meditation/,https://echobuddha.com/articles/what-is-karma-in-buddhism/,Low,false,,0.153,0.124,0.295,0.175,0.033,0.047,0.4,0.043,0,0,0.367,0.001,0,0,true,false,false,false
mindfulness-vs-meditation,four-noble-truths-explained,https://echobuddha.com/articles/mindfulness-vs-meditation/,https://echobuddha.com/articles/four-noble-truths-explained/,Low,false,,0.057,0.135,0.297,0.197,0.078,0.05,0.4,0.048,0,0,0.335,0,0,0,true,false,false,false
mindfulness-vs-meditation,mindfulness-vs-meditation,https://echobuddha.com/articles/mindfulness-vs-meditation/,https://echobuddha.com/articles/mindfulness-vs-meditation/,Self,true,Beginner Meditation and Mindfulness,1,1,1,1,1,1,1,1,1,1,1,1,67,0,true,true,false,false
mindfulness-vs-meditation,buddhist-teachings-on-forgiveness,https://echobuddha.com/articles/mindfulness-vs-meditation/,https://echobuddha.com/articles/buddhist-teachings-on-forgiveness/,Low,false,,0,0.139,0.3,0.171,0.091,0.111,0.4,0.018,0,0,0.36,0.002,0,0,true,false,false,false
mindfulness-vs-meditation,metta-meditation-script,https://echobuddha.com/articles/mindfulness-vs-meditation/,https://echobuddha.com/articles/metta-meditation-script/,Low,false,,0.432,0.177,0.413,0.214,0.113,0.049,0.4,0.061,0,0,0.49,0.003,0,0,true,false,false,false
mindfulness-vs-meditation,buddhism-for-beginners-simple-guide,https://echobuddha.com/articles/mindfulness-vs-meditation/,https://echobuddha.com/articles/buddhism-for-beginners-simple-guide/,Low,false,,0.3,0.207,0.479,0.212,0.125,0.089,0.4,0.14,0,0,0.532,0,0,0,true,false,false,false
mindfulness-vs-meditation,how-to-meditate-for-anxiety,https://echobuddha.com/articles/mindfulness-vs-meditation/,https://echobuddha.com/articles/how-to-meditate-for-anxiety/,Low,true,Beginner Meditation and Mindfulness,0.249,0.225,0.546,0.237,0.056,0.052,0.4,0.247,0,0,0.56,0,0,0,true,false,false,false
mindfulness-vs-meditation,loving-kindness-meditation-beginners,https://echobuddha.com/articles/mindfulness-vs-meditation/,https://echobuddha.com/articles/loving-kindness-meditation-beginners/,Low,false,,0.513,0.16,0.352,0.188,0.123,0.05,0.4,0.105,0,0,0.386,0,0,0,true,false,false,false
mindfulness-vs-meditation,eightfold-path-explained-daily-life,https://echobuddha.com/articles/mindfulness-vs-meditation/,https://echobuddha.com/articles/eightfold-path-explained-daily-life/,Low,false,,0.221,0.17,0.416,0.185,0,0.043,0.4,0.232,0,0,0.406,0,0,0,true,false,false,false
mindfulness-vs-meditation,mindfulness-morning-routine,https://echobuddha.com/articles/mindfulness-vs-meditation/,https://echobuddha.com/articles/mindfulness-morning-routine/,Low,true,Beginner Meditation and Mindfulness,0.284,0.203,0.495,0.192,0.088,0.045,0.4,0.204,0,0,0.517,0,0,0,true,false,false,false
mindfulness-vs-meditation,buddhist-teachings-on-impermanence,https://echobuddha.com/articles/mindfulness-vs-meditation/,https://echobuddha.com/articles/buddhist-teachings-on-impermanence/,Low,false,,0.052,0.142,0.313,0.21,0.046,0.106,0.4,0.027,0,0,0.358,0,0,0,true,false,false,false
mindfulness-vs-meditation,walking-meditation-step-by-step,https://echobuddha.com/articles/mindfulness-vs-meditation/,https://echobuddha.com/articles/walking-meditation-step-by-step/,Low,true,Beginner Meditation and Mindfulness,0.414,0.232,0.462,0.204,0.255,0.062,0.4,0.333,0,0,0.548,0,0,0,true,false,false,false
mindfulness-vs-meditation,buddhist-approach-to-anger,https://echobuddha.com/articles/mindfulness-vs-meditation/,https://echobuddha.com/articles/buddhist-approach-to-anger/,Low,false,,0.083,0.141,0.303,0.179,0.096,0.04,0.4,0.121,0,0,0.284,0,0,0,false,false,false,false
mindfulness-vs-meditation,mindfulness-for-better-sleep,https://echobuddha.com/articles/mindfulness-vs-meditation/,https://echobuddha.com/articles/mindfulness-for-better-sleep/,Low,true,Beginner Meditation and Mindfulness,0.449,0.211,0.445,0.198,0.151,0.039,0.4,0.363,0,0,0.416,0.001,0,0,true,false,false,false
mindfulness-vs-meditation,how-to-practice-non-attachment,https://echobuddha.com/articles/mindfulness-vs-meditation/,https://echobuddha.com/articles/how-to-practice-non-attachment/,Low,false,,0.157,0.134,0.301,0.156,0.117,0.043,0.4,0.039,0,0,0.344,0,0,0,true,false,false,false
mindfulness-vs-meditation,beginning-a-daily-mindfulness-practice,https://echobuddha.com/articles/mindfulness-vs-meditation/,https://echobuddha.com/articles/beginning-a-daily-mindfulness-practice/,Medium,true,Beginner Meditation and Mindfulness,0.689,0.256,0.589,0.219,0.199,0.07,0.4,0.251,0,0,0.593,0.001,0,0,true,false,false,false
mindfulness-vs-meditation,compassion-as-a-daily-discipline,https://echobuddha.com/articles/mindfulness-vs-meditation/,https://echobuddha.com/articles/compassion-as-a-daily-discipline/,Low,false,,0.122,0.127,0.285,0.169,0.014,0.106,0.4,0.065,0,0,0.358,0,0,0,true,false,false,false
mindfulness-vs-meditation,letting-go-without-giving-up,https://echobuddha.com/articles/mindfulness-vs-meditation/,https://echobuddha.com/articles/letting-go-without-giving-up/,Low,false,,0.073,0.119,0.301,0.165,0.014,0.034,0.4,0.034,0,0,0.356,0,0,0,true,false,false,false
mindfulness-vs-meditation,three-ways-to-practice-patience,https://echobuddha.com/articles/mindfulness-vs-meditation/,https://echobuddha.com/articles/three-ways-to-practice-patience/,Low,false,,0.16,0.158,0.377,0.197,0.083,0.036,0.4,0.06,0,0,0.461,0,0,0,true,false,false,false
mindfulness-vs-meditation,mindful-listening-in-everyday-life,https://echobuddha.com/articles/mindfulness-vs-meditation/,https://echobuddha.com/articles/mindful-listening-in-everyday-life/,Low,false,,0.228,0.156,0.369,0.181,0.096,0.042,0.4,0.07,0,0,0.432,0.001,0,0,true,false,false,false
mindfulness-vs-meditation,creating-a-peaceful-corner-at-home,https://echobuddha.com/articles/mindfulness-vs-meditation/,https://echobuddha.com/articles/creating-a-peaceful-corner-at-home/,Low,false,,0.353,0.193,0.418,0.153,0.184,0.051,0.4,0.249,0,0,0.431,0.001,0,0,true,false,false,false
buddhist-teachings-on-forgiveness,what-is-buddhism-beginner-guide,https://echobuddha.com/articles/buddhist-teachings-on-forgiveness/,https://echobuddha.com/articles/what-is-buddhism-beginner-guide/,Low,false,,0.165,0.15,0.319,0.175,0.151,0.036,0.4,0.086,0,0.079,0.307,0,0,0,true,false,false,false
buddhist-teachings-on-forgiveness,four-noble-truths-explained-simply,https://echobuddha.com/articles/buddhist-teachings-on-forgiveness/,https://echobuddha.com/articles/four-noble-truths-explained-simply/,Low,false,,0.196,0.135,0.304,0.176,0.055,0.044,0.4,0.109,0,0.059,0.288,0,0,0,false,false,false,false
buddhist-teachings-on-forgiveness,noble-eightfold-path-practical-guide,https://echobuddha.com/articles/buddhist-teachings-on-forgiveness/,https://echobuddha.com/articles/noble-eightfold-path-practical-guide/,Low,false,,0.089,0.086,0.197,0.131,0.014,0.031,0.4,0.053,0,0.011,0.227,0,0,0,false,false,false,false
buddhist-teachings-on-forgiveness,impermanence-in-buddhism-letting-go,https://echobuddha.com/articles/buddhist-teachings-on-forgiveness/,https://echobuddha.com/articles/impermanence-in-buddhism-letting-go/,Low,false,,0.187,0.142,0.311,0.173,0.093,0.065,0.4,0.084,0,0.054,0.261,0.001,0,0,false,false,false,false
buddhist-teachings-on-forgiveness,compassion-in-buddhism-beginner-guide,https://echobuddha.com/articles/buddhist-teachings-on-forgiveness/,https://echobuddha.com/articles/compassion-in-buddhism-beginner-guide/,Low,true,Compassion and Forgiveness,0.166,0.197,0.436,0.215,0.151,0.053,0.4,0.162,0,0.047,0.365,0,0,0,true,false,false,false
buddhist-teachings-on-forgiveness,how-to-meditate-for-beginners,https://echobuddha.com/articles/buddhist-teachings-on-forgiveness/,https://echobuddha.com/articles/how-to-meditate-for-beginners/,Low,false,,0.15,0.103,0.245,0.139,0.038,0.021,0.4,0.055,0,0.12,0.281,0,0,0,false,false,false,false
buddhist-teachings-on-forgiveness,mindfulness-of-breathing-guide,https://echobuddha.com/articles/buddhist-teachings-on-forgiveness/,https://echobuddha.com/articles/mindfulness-of-breathing-guide/,Low,false,,0,0.098,0.219,0.143,0.038,0.048,0.4,0.033,0,0.081,0.234,0,0,0,false,false,false,false
buddhist-teachings-on-forgiveness,loving-kindness-meditation-guide,https://echobuddha.com/articles/buddhist-teachings-on-forgiveness/,https://echobuddha.com/articles/loving-kindness-meditation-guide/,Low,false,,0.013,0.167,0.399,0.175,0.086,0.067,0.4,0.091,0,0,0.296,0.001,0,0,false,false,false,false
buddhist-teachings-on-forgiveness,dhammapada-reflection-what-we-think,https://echobuddha.com/articles/buddhist-teachings-on-forgiveness/,https://echobuddha.com/articles/dhammapada-reflection-what-we-think/,Low,false,,0.111,0.128,0.27,0.178,0.067,0.062,0.4,0.09,0,0,0.281,0.001,0,0,false,false,false,false
buddhist-teachings-on-forgiveness,dhammapada-reflection-trained-mind,https://echobuddha.com/articles/buddhist-teachings-on-forgiveness/,https://echobuddha.com/articles/dhammapada-reflection-trained-mind/,Low,false,,0.099,0.151,0.352,0.183,0.066,0.06,0.4,0.083,0,0.033,0.359,0,0,0,true,false,false,false
buddhist-teachings-on-forgiveness,eightfold-path-explained,https://echobuddha.com/articles/buddhist-teachings-on-forgiveness/,https://echobuddha.com/articles/eightfold-path-explained/,Low,false,,0.06,0.116,0.248,0.168,0.043,0.07,0.4,0.061,0,0.058,0.26,0.002,0,0,false,false,false,false
buddhist-teachings-on-forgiveness,how-to-let-go-of-attachment-in-buddhism,https://echobuddha.com/articles/buddhist-teachings-on-forgiveness/,https://echobuddha.com/articles/how-to-let-go-of-attachment-in-buddhism/,Low,false,,0.182,0.17,0.346,0.194,0.15,0.103,0.4,0.106,0,0,0.396,0.002,0,0,true,false,false,false
buddhist-teachings-on-forgiveness,right-speech-buddhism,https://echobuddha.com/articles/buddhist-teachings-on-forgiveness/,https://echobuddha.com/articles/right-speech-buddhism/,Low,false,"Compassion, Forgiveness, Patience, Speech, Anger, and Listening",0.042,0.142,0.293,0.197,0.077,0.093,0.4,0.083,0,0.04,0.315,0.003,0,0,true,false,false,false
buddhist-teachings-on-forgiveness,buddhist-wisdom-for-overthinking,https://echobuddha.com/articles/buddhist-teachings-on-forgiveness/,https://echobuddha.com/articles/buddhist-wisdom-for-overthinking/,Low,false,,0.132,0.151,0.328,0.197,0.079,0.082,0.4,0.081,0,0,0.414,0.003,0,0,true,false,false,false
buddhist-teachings-on-forgiveness,impermanence-in-buddhism,https://echobuddha.com/articles/buddhist-teachings-on-forgiveness/,https://echobuddha.com/articles/impermanence-in-buddhism/,Low,false,,0.189,0.151,0.323,0.213,0.037,0.067,0.4,0.157,0,0.079,0.341,0.004,0,0,true,false,false,false
buddhist-teachings-on-forgiveness,what-is-karma-in-buddhism,https://echobuddha.com/articles/buddhist-teachings-on-forgiveness/,https://echobuddha.com/articles/what-is-karma-in-buddhism/,Low,false,,0.212,0.169,0.404,0.198,0.04,0.058,0.4,0.142,0,0.039,0.376,0,0,0,true,false,false,false
buddhist-teachings-on-forgiveness,four-noble-truths-explained,https://echobuddha.com/articles/buddhist-teachings-on-forgiveness/,https://echobuddha.com/articles/four-noble-truths-explained/,Low,false,,0.136,0.134,0.299,0.186,0.06,0.052,0.4,0.072,0,0,0.248,0.001,0,0,false,false,false,false
buddhist-teachings-on-forgiveness,mindfulness-vs-meditation,https://echobuddha.com/articles/buddhist-teachings-on-forgiveness/,https://echobuddha.com/articles/mindfulness-vs-meditation/,Low,false,,0,0.139,0.3,0.171,0.091,0.111,0.4,0.018,0,0,0.36,0.002,0,0,true,false,false,false
buddhist-teachings-on-forgiveness,buddhist-teachings-on-forgiveness,https://echobuddha.com/articles/buddhist-teachings-on-forgiveness/,https://echobuddha.com/articles/buddhist-teachings-on-forgiveness/,Self,true,"Compassion and Forgiveness; Compassion, Forgiveness, Patience, Speech, Anger, and Listening",1,1,1,1,1,1,1,1,1,1,1,1,57,0,true,true,false,false
buddhist-teachings-on-forgiveness,metta-meditation-script,https://echobuddha.com/articles/buddhist-teachings-on-forgiveness/,https://echobuddha.com/articles/metta-meditation-script/,Low,false,,0,0.16,0.399,0.183,0.069,0.059,0.4,0.019,0,0.021,0.356,0.002,0,0,true,false,false,false
buddhist-teachings-on-forgiveness,buddhism-for-beginners-simple-guide,https://echobuddha.com/articles/buddhist-teachings-on-forgiveness/,https://echobuddha.com/articles/buddhism-for-beginners-simple-guide/,Low,false,,0.173,0.134,0.307,0.175,0.056,0.059,0.4,0.064,0,0.064,0.34,0.001,0,0,true,false,false,false
buddhist-teachings-on-forgiveness,how-to-meditate-for-anxiety,https://echobuddha.com/articles/buddhist-teachings-on-forgiveness/,https://echobuddha.com/articles/how-to-meditate-for-anxiety/,Low,false,,0.055,0.119,0.298,0.15,0.027,0.037,0.4,0.047,0,0,0.344,0,0,0,true,false,false,false
buddhist-teachings-on-forgiveness,loving-kindness-meditation-beginners,https://echobuddha.com/articles/buddhist-teachings-on-forgiveness/,https://echobuddha.com/articles/loving-kindness-meditation-beginners/,Low,false,Compassion and Forgiveness,0,0.158,0.392,0.167,0.06,0.044,0.4,0.098,0,0.085,0.334,0,0,0,true,false,false,false
buddhist-teachings-on-forgiveness,eightfold-path-explained-daily-life,https://echobuddha.com/articles/buddhist-teachings-on-forgiveness/,https://echobuddha.com/articles/eightfold-path-explained-daily-life/,Low,false,,0.175,0.108,0.224,0.154,0.091,0.037,0.4,0.048,0,0.033,0.241,0,0,0,false,false,false,false
buddhist-teachings-on-forgiveness,mindfulness-morning-routine,https://echobuddha.com/articles/buddhist-teachings-on-forgiveness/,https://echobuddha.com/articles/mindfulness-morning-routine/,Low,false,,0.012,0.103,0.25,0.137,0.015,0.033,0.4,0.058,0,0.047,0.297,0,0,0,false,false,false,false
buddhist-teachings-on-forgiveness,buddhist-teachings-on-impermanence,https://echobuddha.com/articles/buddhist-teachings-on-forgiveness/,https://echobuddha.com/articles/buddhist-teachings-on-impermanence/,Low,false,,0.372,0.123,0.267,0.174,0.042,0.053,0.4,0.105,0,0.032,0.283,0,0,0,false,false,false,false
buddhist-teachings-on-forgiveness,walking-meditation-step-by-step,https://echobuddha.com/articles/buddhist-teachings-on-forgiveness/,https://echobuddha.com/articles/walking-meditation-step-by-step/,Low,false,,0,0.109,0.242,0.137,0.071,0.037,0.4,0.063,0,0,0.272,0,0,0,false,false,false,false
buddhist-teachings-on-forgiveness,buddhist-approach-to-anger,https://echobuddha.com/articles/buddhist-teachings-on-forgiveness/,https://echobuddha.com/articles/buddhist-approach-to-anger/,Low,false,"Compassion, Forgiveness, Patience, Speech, Anger, and Listening",0.222,0.196,0.439,0.209,0.133,0.051,0.4,0.184,0,0.099,0.316,0.001,0,0,true,false,false,false
buddhist-teachings-on-forgiveness,mindfulness-for-better-sleep,https://echobuddha.com/articles/buddhist-teachings-on-forgiveness/,https://echobuddha.com/articles/mindfulness-for-better-sleep/,Low,false,,0,0.105,0.236,0.138,0.071,0.042,0.4,0.027,0,0,0.257,0,0,0,false,false,false,false
buddhist-teachings-on-forgiveness,how-to-practice-non-attachment,https://echobuddha.com/articles/buddhist-teachings-on-forgiveness/,https://echobuddha.com/articles/how-to-practice-non-attachment/,Low,false,,0.141,0.138,0.347,0.191,0,0.038,0.4,0.072,0,0.074,0.307,0.001,0,0,true,false,false,false
buddhist-teachings-on-forgiveness,beginning-a-daily-mindfulness-practice,https://echobuddha.com/articles/buddhist-teachings-on-forgiveness/,https://echobuddha.com/articles/beginning-a-daily-mindfulness-practice/,Low,false,,0,0.113,0.273,0.145,0.057,0.028,0.4,0.029,0,0,0.311,0,0,0,true,false,false,false
buddhist-teachings-on-forgiveness,compassion-as-a-daily-discipline,https://echobuddha.com/articles/buddhist-teachings-on-forgiveness/,https://echobuddha.com/articles/compassion-as-a-daily-discipline/,Low,true,"Compassion and Forgiveness; Compassion, Forgiveness, Patience, Speech, Anger, and Listening",0.212,0.179,0.423,0.187,0.067,0.067,0.4,0.174,0,0.062,0.345,0,0,0,true,false,false,false
buddhist-teachings-on-forgiveness,letting-go-without-giving-up,https://echobuddha.com/articles/buddhist-teachings-on-forgiveness/,https://echobuddha.com/articles/letting-go-without-giving-up/,Low,false,,0.348,0.172,0.353,0.204,0.171,0.038,0.4,0.151,0,0,0.361,0.001,0,0,true,false,false,false
buddhist-teachings-on-forgiveness,three-ways-to-practice-patience,https://echobuddha.com/articles/buddhist-teachings-on-forgiveness/,https://echobuddha.com/articles/three-ways-to-practice-patience/,Low,false,"Compassion, Forgiveness, Patience, Speech, Anger, and Listening",0.024,0.14,0.302,0.189,0.084,0.031,0.4,0.114,0,0.096,0.35,0,0,0,true,false,false,false
buddhist-teachings-on-forgiveness,mindful-listening-in-everyday-life,https://echobuddha.com/articles/buddhist-teachings-on-forgiveness/,https://echobuddha.com/articles/mindful-listening-in-everyday-life/,Low,false,"Compassion, Forgiveness, Patience, Speech, Anger, and Listening",0.028,0.131,0.31,0.181,0.017,0.053,0.4,0.076,0,0.034,0.296,0,0,0,false,false,false,false
buddhist-teachings-on-forgiveness,creating-a-peaceful-corner-at-home,https://echobuddha.com/articles/buddhist-teachings-on-forgiveness/,https://echobuddha.com/articles/creating-a-peaceful-corner-at-home/,Low,false,,0,0.096,0.247,0.12,0,0.029,0.4,0.046,0,0.065,0.311,0,0,0,true,false,false,false
metta-meditation-script,what-is-buddhism-beginner-guide,https://echobuddha.com/articles/metta-meditation-script/,https://echobuddha.com/articles/what-is-buddhism-beginner-guide/,Low,false,,0.033,0.149,0.371,0.188,0.04,0.043,0.4,0.054,0,0.137,0.431,0,0,0,true,false,false,false
metta-meditation-script,four-noble-truths-explained-simply,https://echobuddha.com/articles/metta-meditation-script/,https://echobuddha.com/articles/four-noble-truths-explained-simply/,Low,false,,0.02,0.131,0.297,0.166,0.068,0.042,0.4,0.084,0,0.133,0.302,0,0,0,true,false,false,false
metta-meditation-script,noble-eightfold-path-practical-guide,https://echobuddha.com/articles/metta-meditation-script/,https://echobuddha.com/articles/noble-eightfold-path-practical-guide/,Low,false,,0.096,0.136,0.302,0.158,0.071,0.038,0.4,0.149,0,0.068,0.327,0.001,0,0,true,false,false,false
metta-meditation-script,impermanence-in-buddhism-letting-go,https://echobuddha.com/articles/metta-meditation-script/,https://echobuddha.com/articles/impermanence-in-buddhism-letting-go/,Low,false,,0.012,0.122,0.287,0.155,0.044,0.045,0.4,0.07,0,0.067,0.269,0,0,0,false,false,false,false
metta-meditation-script,compassion-in-buddhism-beginner-guide,https://echobuddha.com/articles/metta-meditation-script/,https://echobuddha.com/articles/compassion-in-buddhism-beginner-guide/,Low,false,,0.108,0.151,0.355,0.205,0.085,0.051,0.4,0.012,0,0,0.445,0.001,0,0,true,false,false,false
metta-meditation-script,how-to-meditate-for-beginners,https://echobuddha.com/articles/metta-meditation-script/,https://echobuddha.com/articles/how-to-meditate-for-beginners/,Low,false,,0.401,0.167,0.359,0.18,0.141,0.036,0.4,0.169,0,0.189,0.359,0.001,0,0,true,false,false,false
metta-meditation-script,mindfulness-of-breathing-guide,https://echobuddha.com/articles/metta-meditation-script/,https://echobuddha.com/articles/mindfulness-of-breathing-guide/,Low,false,,0.219,0.152,0.323,0.186,0.094,0.038,0.4,0.179,0,0.122,0.318,0.001,0,0,true,false,false,false
metta-meditation-script,loving-kindness-meditation-guide,https://echobuddha.com/articles/metta-meditation-script/,https://echobuddha.com/articles/loving-kindness-meditation-guide/,Medium,true,Loving-kindness and Metta,0.648,0.273,0.611,0.28,0.161,0.094,0.4,0.276,0,0,0.512,0.007,0,0,true,false,true,false
metta-meditation-script,dhammapada-reflection-what-we-think,https://echobuddha.com/articles/metta-meditation-script/,https://echobuddha.com/articles/dhammapada-reflection-what-we-think/,Low,false,,0,0.119,0.298,0.164,0,0.051,0.4,0.041,0,0.13,0.32,0,0,0,true,false,false,false
metta-meditation-script,dhammapada-reflection-trained-mind,https://echobuddha.com/articles/metta-meditation-script/,https://echobuddha.com/articles/dhammapada-reflection-trained-mind/,Low,false,,0,0.139,0.346,0.185,0.016,0.042,0.4,0.062,0,0.05,0.421,0,0,0,true,false,false,false
metta-meditation-script,eightfold-path-explained,https://echobuddha.com/articles/metta-meditation-script/,https://echobuddha.com/articles/eightfold-path-explained/,Low,false,,0.058,0.135,0.327,0.183,0.043,0.048,0.4,0.028,0,0.163,0.405,0.002,0,0,true,false,false,false
metta-meditation-script,how-to-let-go-of-attachment-in-buddhism,https://echobuddha.com/articles/metta-meditation-script/,https://echobuddha.com/articles/how-to-let-go-of-attachment-in-buddhism/,Low,false,,0.034,0.138,0.322,0.17,0.072,0.053,0.4,0.041,0,0.03,0.407,0.002,0,0,true,false,false,false
metta-meditation-script,right-speech-buddhism,https://echobuddha.com/articles/metta-meditation-script/,https://echobuddha.com/articles/right-speech-buddhism/,Low,false,,0.055,0.132,0.301,0.174,0.064,0.058,0.4,0.049,0,0.02,0.401,0.002,0,0,true,false,false,false
metta-meditation-script,buddhist-wisdom-for-overthinking,https://echobuddha.com/articles/metta-meditation-script/,https://echobuddha.com/articles/buddhist-wisdom-for-overthinking/,Low,false,,0,0.14,0.324,0.177,0.056,0.044,0.4,0.097,0,0,0.374,0.002,0,0,true,false,false,false
metta-meditation-script,impermanence-in-buddhism,https://echobuddha.com/articles/metta-meditation-script/,https://echobuddha.com/articles/impermanence-in-buddhism/,Low,false,,0,0.134,0.324,0.175,0.012,0.064,0.4,0.077,0,0.066,0.393,0.002,0,0,true,false,false,false
metta-meditation-script,what-is-karma-in-buddhism,https://echobuddha.com/articles/metta-meditation-script/,https://echobuddha.com/articles/what-is-karma-in-buddhism/,Low,false,,0.105,0.125,0.307,0.176,0.017,0.047,0.4,0.038,0,0.068,0.339,0.001,0,0,true,false,false,false
metta-meditation-script,four-noble-truths-explained,https://echobuddha.com/articles/metta-meditation-script/,https://echobuddha.com/articles/four-noble-truths-explained/,Low,false,,0.02,0.126,0.29,0.177,0.03,0.05,0.4,0.072,0,0,0.301,0.001,0,0,true,false,false,false
metta-meditation-script,mindfulness-vs-meditation,https://echobuddha.com/articles/metta-meditation-script/,https://echobuddha.com/articles/mindfulness-vs-meditation/,Low,false,,0.432,0.177,0.413,0.214,0.113,0.049,0.4,0.061,0,0,0.49,0.003,0,0,true,false,false,false
metta-meditation-script,buddhist-teachings-on-forgiveness,https://echobuddha.com/articles/metta-meditation-script/,https://echobuddha.com/articles/buddhist-teachings-on-forgiveness/,Low,false,,0,0.16,0.399,0.183,0.069,0.059,0.4,0.019,0,0.021,0.356,0.002,0,0,true,false,false,false
metta-meditation-script,metta-meditation-script,https://echobuddha.com/articles/metta-meditation-script/,https://echobuddha.com/articles/metta-meditation-script/,Self,true,Loving-kindness and Metta,1,1,1,1,1,1,1,1,1,1,1,1,67,0,true,true,false,false
metta-meditation-script,buddhism-for-beginners-simple-guide,https://echobuddha.com/articles/metta-meditation-script/,https://echobuddha.com/articles/buddhism-for-beginners-simple-guide/,Low,false,,0.171,0.186,0.396,0.198,0.122,0.057,0.4,0.245,0,0.117,0.445,0,0,0,true,false,false,false
metta-meditation-script,how-to-meditate-for-anxiety,https://echobuddha.com/articles/metta-meditation-script/,https://echobuddha.com/articles/how-to-meditate-for-anxiety/,Low,false,,0.296,0.177,0.452,0.198,0,0.036,0.4,0.183,0,0,0.506,0,0,0,true,false,false,false
metta-meditation-script,loving-kindness-meditation-beginners,https://echobuddha.com/articles/metta-meditation-script/,https://echobuddha.com/articles/loving-kindness-meditation-beginners/,Medium,true,Loving-kindness and Metta,0.732,0.28,0.642,0.282,0.131,0.094,0.4,0.306,0,0.043,0.56,0.005,0,0,true,false,true,false
metta-meditation-script,eightfold-path-explained-daily-life,https://echobuddha.com/articles/metta-meditation-script/,https://echobuddha.com/articles/eightfold-path-explained-daily-life/,Low,false,,0.028,0.134,0.305,0.171,0.065,0.028,0.4,0.113,0,0.119,0.352,0,0,0,true,false,false,false
metta-meditation-script,mindfulness-morning-routine,https://echobuddha.com/articles/metta-meditation-script/,https://echobuddha.com/articles/mindfulness-morning-routine/,Low,false,,0.091,0.144,0.318,0.163,0.077,0.046,0.4,0.156,0,0.023,0.376,0,0,0,true,false,false,false
metta-meditation-script,buddhist-teachings-on-impermanence,https://echobuddha.com/articles/metta-meditation-script/,https://echobuddha.com/articles/buddhist-teachings-on-impermanence/,Low,false,,0.033,0.13,0.295,0.184,0.07,0.035,0.4,0.044,0,0.048,0.36,0,0,0,true,false,false,false
metta-meditation-script,walking-meditation-step-by-step,https://echobuddha.com/articles/metta-meditation-script/,https://echobuddha.com/articles/walking-meditation-step-by-step/,Low,false,,0.45,0.156,0.381,0.176,0.035,0.044,0.4,0.131,0,0.131,0.494,0,0,0,true,false,false,false
metta-meditation-script,buddhist-approach-to-anger,https://echobuddha.com/articles/metta-meditation-script/,https://echobuddha.com/articles/buddhist-approach-to-anger/,Low,false,,0,0.108,0.247,0.16,0.037,0.027,0.4,0.067,0,0.025,0.249,0,0,0,false,false,false,false
metta-meditation-script,mindfulness-for-better-sleep,https://echobuddha.com/articles/metta-meditation-script/,https://echobuddha.com/articles/mindfulness-for-better-sleep/,Low,false,,0.125,0.15,0.335,0.186,0.106,0.033,0.4,0.091,0,0.097,0.433,0,0,0,true,false,false,false
metta-meditation-script,how-to-practice-non-attachment,https://echobuddha.com/articles/metta-meditation-script/,https://echobuddha.com/articles/how-to-practice-non-attachment/,Low,false,,0.11,0.151,0.364,0.168,0.071,0.029,0.4,0.113,0,0.12,0.406,0,0,0,true,false,false,false
metta-meditation-script,beginning-a-daily-mindfulness-practice,https://echobuddha.com/articles/metta-meditation-script/,https://echobuddha.com/articles/beginning-a-daily-mindfulness-practice/,Low,false,,0.306,0.166,0.349,0.163,0.161,0.042,0.4,0.186,0,0,0.426,0.001,0,0,true,false,false,false
metta-meditation-script,compassion-as-a-daily-discipline,https://echobuddha.com/articles/metta-meditation-script/,https://echobuddha.com/articles/compassion-as-a-daily-discipline/,Low,false,,0.052,0.158,0.355,0.215,0.083,0.046,0.4,0.082,0,0,0.403,0.001,0,0,true,false,false,false
metta-meditation-script,letting-go-without-giving-up,https://echobuddha.com/articles/metta-meditation-script/,https://echobuddha.com/articles/letting-go-without-giving-up/,Low,false,,0,0.129,0.309,0.173,0.064,0.021,0.4,0.04,0,0.047,0.332,0,0,0,true,false,false,false
metta-meditation-script,three-ways-to-practice-patience,https://echobuddha.com/articles/metta-meditation-script/,https://echobuddha.com/articles/three-ways-to-practice-patience/,Low,false,,0.168,0.15,0.351,0.181,0.105,0.022,0.4,0.063,0,0.072,0.429,0,0,0,true,false,false,false
metta-meditation-script,mindful-listening-in-everyday-life,https://echobuddha.com/articles/metta-meditation-script/,https://echobuddha.com/articles/mindful-listening-in-everyday-life/,Low,false,,0.037,0.145,0.338,0.171,0.063,0.043,0.4,0.108,0,0.102,0.387,0.001,0,0,true,false,false,false
metta-meditation-script,creating-a-peaceful-corner-at-home,https://echobuddha.com/articles/metta-meditation-script/,https://echobuddha.com/articles/creating-a-peaceful-corner-at-home/,Low,false,,0.38,0.142,0.323,0.147,0.108,0.028,0.4,0.122,0,0.108,0.389,0,0,0,true,false,false,false
buddhism-for-beginners-simple-guide,what-is-buddhism-beginner-guide,https://echobuddha.com/articles/buddhism-for-beginners-simple-guide/,https://echobuddha.com/articles/what-is-buddhism-beginner-guide/,Low,true,Beginner Buddhism,0.582,0.255,0.58,0.282,0.162,0.059,0.4,0.206,0,0.301,0.547,0.007,0,0,true,false,false,false
buddhism-for-beginners-simple-guide,four-noble-truths-explained-simply,https://echobuddha.com/articles/buddhism-for-beginners-simple-guide/,https://echobuddha.com/articles/four-noble-truths-explained-simply/,Low,false,,0.542,0.198,0.426,0.216,0.103,0.094,0.4,0.233,0,0.166,0.424,0.001,0,0,true,false,false,false
buddhism-for-beginners-simple-guide,noble-eightfold-path-practical-guide,https://echobuddha.com/articles/buddhism-for-beginners-simple-guide/,https://echobuddha.com/articles/noble-eightfold-path-practical-guide/,Low,false,,0.376,0.254,0.583,0.177,0.214,0.055,0.4,0.319,0,0.429,0.582,0.001,0,0,true,false,false,false
buddhism-for-beginners-simple-guide,impermanence-in-buddhism-letting-go,https://echobuddha.com/articles/buddhism-for-beginners-simple-guide/,https://echobuddha.com/articles/impermanence-in-buddhism-letting-go/,Low,false,,0.303,0.13,0.258,0.147,0.117,0.072,0.4,0.116,0,0.11,0.325,0,0,0,true,false,false,false
buddhism-for-beginners-simple-guide,compassion-in-buddhism-beginner-guide,https://echobuddha.com/articles/buddhism-for-beginners-simple-guide/,https://echobuddha.com/articles/compassion-in-buddhism-beginner-guide/,Low,false,,0.455,0.15,0.34,0.2,0.103,0.051,0.4,0.025,0,0.024,0.411,0,0,0,true,false,false,false
buddhism-for-beginners-simple-guide,how-to-meditate-for-beginners,https://echobuddha.com/articles/buddhism-for-beginners-simple-guide/,https://echobuddha.com/articles/how-to-meditate-for-beginners/,Low,false,,0.574,0.209,0.399,0.217,0.237,0.052,0.4,0.296,0,0.097,0.386,0,0,0,true,false,false,false
buddhism-for-beginners-simple-guide,mindfulness-of-breathing-guide,https://echobuddha.com/articles/buddhism-for-beginners-simple-guide/,https://echobuddha.com/articles/mindfulness-of-breathing-guide/,Low,false,,0.251,0.161,0.35,0.172,0.047,0.055,0.4,0.28,0,0.207,0.353,0,0,0,true,false,false,false
buddhism-for-beginners-simple-guide,loving-kindness-meditation-guide,https://echobuddha.com/articles/buddhism-for-beginners-simple-guide/,https://echobuddha.com/articles/loving-kindness-meditation-guide/,Low,false,,0.293,0.143,0.314,0.181,0.054,0.064,0.4,0.14,0,0,0.367,0.001,0,0,true,false,false,false
buddhism-for-beginners-simple-guide,dhammapada-reflection-what-we-think,https://echobuddha.com/articles/buddhism-for-beginners-simple-guide/,https://echobuddha.com/articles/dhammapada-reflection-what-we-think/,Low,false,,0.029,0.172,0.38,0.204,0.135,0.051,0.4,0.097,0,0.114,0.38,0.001,0,0,true,false,false,false
buddhism-for-beginners-simple-guide,dhammapada-reflection-trained-mind,https://echobuddha.com/articles/buddhism-for-beginners-simple-guide/,https://echobuddha.com/articles/dhammapada-reflection-trained-mind/,Low,false,,0.013,0.19,0.434,0.206,0.099,0.067,0.4,0.167,0,0.051,0.574,0.001,0,0,true,false,false,false
buddhism-for-beginners-simple-guide,eightfold-path-explained,https://echobuddha.com/articles/buddhism-for-beginners-simple-guide/,https://echobuddha.com/articles/eightfold-path-explained/,Low,false,,0.343,0.224,0.516,0.262,0.109,0.098,0.4,0.132,0,0.157,0.557,0,0,0,true,false,false,false
buddhism-for-beginners-simple-guide,how-to-let-go-of-attachment-in-buddhism,https://echobuddha.com/articles/buddhism-for-beginners-simple-guide/,https://echobuddha.com/articles/how-to-let-go-of-attachment-in-buddhism/,Low,false,,0.229,0.158,0.364,0.175,0.102,0.053,0.4,0.097,0,0,0.442,0.001,0,0,true,false,false,false
buddhism-for-beginners-simple-guide,right-speech-buddhism,https://echobuddha.com/articles/buddhism-for-beginners-simple-guide/,https://echobuddha.com/articles/right-speech-buddhism/,Low,false,,0.298,0.192,0.398,0.192,0.177,0.068,0.4,0.206,0,0.082,0.513,0,0,0,true,false,false,false
buddhism-for-beginners-simple-guide,buddhist-wisdom-for-overthinking,https://echobuddha.com/articles/buddhism-for-beginners-simple-guide/,https://echobuddha.com/articles/buddhist-wisdom-for-overthinking/,Low,false,,0.155,0.168,0.326,0.159,0.155,0.06,0.4,0.279,0,0,0.4,0,0,0,true,false,false,false
buddhism-for-beginners-simple-guide,impermanence-in-buddhism,https://echobuddha.com/articles/buddhism-for-beginners-simple-guide/,https://echobuddha.com/articles/impermanence-in-buddhism/,Low,false,,0.3,0.153,0.355,0.19,0.035,0.053,0.4,0.151,0,0.081,0.405,0,0,0,true,false,false,false
buddhism-for-beginners-simple-guide,what-is-karma-in-buddhism,https://echobuddha.com/articles/buddhism-for-beginners-simple-guide/,https://echobuddha.com/articles/what-is-karma-in-buddhism/,Low,false,,0.214,0.183,0.41,0.217,0.135,0.056,0.4,0.093,0,0.16,0.458,0.003,0,0,true,false,false,false
buddhism-for-beginners-simple-guide,four-noble-truths-explained,https://echobuddha.com/articles/buddhism-for-beginners-simple-guide/,https://echobuddha.com/articles/four-noble-truths-explained/,Low,false,,0.612,0.19,0.418,0.21,0.06,0.085,0.4,0.255,0,0,0.374,0.001,0,0,true,false,false,false
buddhism-for-beginners-simple-guide,mindfulness-vs-meditation,https://echobuddha.com/articles/buddhism-for-beginners-simple-guide/,https://echobuddha.com/articles/mindfulness-vs-meditation/,Low,false,,0.3,0.207,0.479,0.212,0.125,0.089,0.4,0.14,0,0,0.532,0,0,0,true,false,false,false
buddhism-for-beginners-simple-guide,buddhist-teachings-on-forgiveness,https://echobuddha.com/articles/buddhism-for-beginners-simple-guide/,https://echobuddha.com/articles/buddhist-teachings-on-forgiveness/,Low,false,,0.173,0.134,0.307,0.175,0.056,0.059,0.4,0.064,0,0.064,0.34,0.001,0,0,true,false,false,false
buddhism-for-beginners-simple-guide,metta-meditation-script,https://echobuddha.com/articles/buddhism-for-beginners-simple-guide/,https://echobuddha.com/articles/metta-meditation-script/,Low,false,,0.171,0.186,0.396,0.198,0.122,0.057,0.4,0.245,0,0.117,0.445,0,0,0,true,false,false,false
buddhism-for-beginners-simple-guide,buddhism-for-beginners-simple-guide,https://echobuddha.com/articles/buddhism-for-beginners-simple-guide/,https://echobuddha.com/articles/buddhism-for-beginners-simple-guide/,Self,true,Beginner Buddhism,1,1,1,1,1,1,1,1,1,1,1,1,52,0,true,true,false,false
buddhism-for-beginners-simple-guide,how-to-meditate-for-anxiety,https://echobuddha.com/articles/buddhism-for-beginners-simple-guide/,https://echobuddha.com/articles/how-to-meditate-for-anxiety/,Low,false,,0.097,0.215,0.427,0.186,0.086,0.242,1,0.309,0,0,0.433,0.001,0,0,true,false,false,false
buddhism-for-beginners-simple-guide,loving-kindness-meditation-beginners,https://echobuddha.com/articles/buddhism-for-beginners-simple-guide/,https://echobuddha.com/articles/loving-kindness-meditation-beginners/,Low,false,,0.241,0.194,0.342,0.201,0.057,0.248,1,0.36,0,0.043,0.32,0.001,0,0,true,false,false,false
buddhism-for-beginners-simple-guide,eightfold-path-explained-daily-life,https://echobuddha.com/articles/buddhism-for-beginners-simple-guide/,https://echobuddha.com/articles/eightfold-path-explained-daily-life/,Low,false,,0.295,0.256,0.512,0.229,0.082,0.262,1,0.409,0,0.221,0.547,0.002,0,0,true,false,false,false
buddhism-for-beginners-simple-guide,mindfulness-morning-routine,https://echobuddha.com/articles/buddhism-for-beginners-simple-guide/,https://echobuddha.com/articles/mindfulness-morning-routine/,Low,false,,0.11,0.233,0.465,0.201,0.077,0.241,1,0.381,0,0.144,0.469,0.001,0,0,true,false,false,false
buddhism-for-beginners-simple-guide,buddhist-teachings-on-impermanence,https://echobuddha.com/articles/buddhism-for-beginners-simple-guide/,https://echobuddha.com/articles/buddhist-teachings-on-impermanence/,Low,false,,0.271,0.177,0.347,0.2,0.07,0.27,1,0.063,0,0.049,0.422,0.001,0,0,true,false,false,false
buddhism-for-beginners-simple-guide,walking-meditation-step-by-step,https://echobuddha.com/articles/buddhism-for-beginners-simple-guide/,https://echobuddha.com/articles/walking-meditation-step-by-step/,Low,false,,0.208,0.211,0.424,0.188,0.054,0.272,1,0.271,0,0.022,0.441,0.002,0,0,true,false,false,false
buddhism-for-beginners-simple-guide,buddhist-approach-to-anger,https://echobuddha.com/articles/buddhism-for-beginners-simple-guide/,https://echobuddha.com/articles/buddhist-approach-to-anger/,Low,false,,0.123,0.169,0.287,0.182,0.093,0.256,1,0.193,0,0.076,0.271,0.001,0,0,false,false,false,false
buddhism-for-beginners-simple-guide,mindfulness-for-better-sleep,https://echobuddha.com/articles/buddhism-for-beginners-simple-guide/,https://echobuddha.com/articles/mindfulness-for-better-sleep/,Low,false,,0.028,0.169,0.319,0.177,0.054,0.245,1,0.18,0,0.043,0.281,0.001,0,0,false,false,false,false
buddhism-for-beginners-simple-guide,how-to-practice-non-attachment,https://echobuddha.com/articles/buddhism-for-beginners-simple-guide/,https://echobuddha.com/articles/how-to-practice-non-attachment/,Low,false,,0.116,0.217,0.424,0.183,0.162,0.253,1,0.199,0,0.113,0.464,0.001,0,0,true,false,false,false
buddhism-for-beginners-simple-guide,beginning-a-daily-mindfulness-practice,https://echobuddha.com/articles/buddhism-for-beginners-simple-guide/,https://echobuddha.com/articles/beginning-a-daily-mindfulness-practice/,Low,false,,0.237,0.263,0.528,0.198,0.162,0.258,1,0.366,0,0,0.529,0.001,0,0,true,false,false,false
buddhism-for-beginners-simple-guide,compassion-as-a-daily-discipline,https://echobuddha.com/articles/buddhism-for-beginners-simple-guide/,https://echobuddha.com/articles/compassion-as-a-daily-discipline/,Low,false,,0.177,0.196,0.393,0.201,0.021,0.266,0.4,0.23,0,0.031,0.466,0.001,0,0,true,false,false,false
buddhism-for-beginners-simple-guide,letting-go-without-giving-up,https://echobuddha.com/articles/buddhism-for-beginners-simple-guide/,https://echobuddha.com/articles/letting-go-without-giving-up/,Low,false,,0.051,0.18,0.376,0.181,0.064,0.221,0.4,0.122,0,0.144,0.469,0.001,0,0,true,false,false,false
buddhism-for-beginners-simple-guide,three-ways-to-practice-patience,https://echobuddha.com/articles/buddhism-for-beginners-simple-guide/,https://echobuddha.com/articles/three-ways-to-practice-patience/,Low,false,,0.1,0.224,0.479,0.197,0.064,0.235,0.4,0.263,0,0.074,0.541,0.001,0,0,true,false,false,false
buddhism-for-beginners-simple-guide,mindful-listening-in-everyday-life,https://echobuddha.com/articles/buddhism-for-beginners-simple-guide/,https://echobuddha.com/articles/mindful-listening-in-everyday-life/,Low,false,,0.017,0.214,0.443,0.198,0.106,0.246,0.4,0.174,0,0.191,0.454,0.001,0,0,true,false,false,false
buddhism-for-beginners-simple-guide,creating-a-peaceful-corner-at-home,https://echobuddha.com/articles/buddhism-for-beginners-simple-guide/,https://echobuddha.com/articles/creating-a-peaceful-corner-at-home/,Low,false,,0.152,0.203,0.364,0.165,0.196,0.25,1,0.222,0,0.154,0.363,0.001,0,0,true,false,false,false
how-to-meditate-for-anxiety,what-is-buddhism-beginner-guide,https://echobuddha.com/articles/how-to-meditate-for-anxiety/,https://echobuddha.com/articles/what-is-buddhism-beginner-guide/,Low,false,,0.083,0.158,0.358,0.178,0.093,0.045,0.4,0.132,0,0,0.43,0,0,0,true,false,false,false
how-to-meditate-for-anxiety,four-noble-truths-explained-simply,https://echobuddha.com/articles/how-to-meditate-for-anxiety/,https://echobuddha.com/articles/four-noble-truths-explained-simply/,Low,false,,0,0.123,0.284,0.157,0.017,0.036,0.4,0.14,0,0,0.336,0,0,0,true,false,false,false
how-to-meditate-for-anxiety,noble-eightfold-path-practical-guide,https://echobuddha.com/articles/how-to-meditate-for-anxiety/,https://echobuddha.com/articles/noble-eightfold-path-practical-guide/,Low,false,,0.086,0.137,0.317,0.157,0.053,0.04,0.4,0.14,0,0,0.302,0,0,0,true,false,false,false
how-to-meditate-for-anxiety,impermanence-in-buddhism-letting-go,https://echobuddha.com/articles/how-to-meditate-for-anxiety/,https://echobuddha.com/articles/impermanence-in-buddhism-letting-go/,Low,false,,0.056,0.114,0.278,0.161,0,0.031,0.4,0.087,0,0,0.261,0,0,0,false,false,false,false
how-to-meditate-for-anxiety,compassion-in-buddhism-beginner-guide,https://echobuddha.com/articles/how-to-meditate-for-anxiety/,https://echobuddha.com/articles/compassion-in-buddhism-beginner-guide/,Low,false,,0.072,0.105,0.254,0.155,0.034,0.026,0.4,0.013,0,0,0.37,0,0,0,true,false,false,false
how-to-meditate-for-anxiety,how-to-meditate-for-beginners,https://echobuddha.com/articles/how-to-meditate-for-anxiety/,https://echobuddha.com/articles/how-to-meditate-for-beginners/,Low,true,Beginner Meditation and Mindfulness,0.31,0.201,0.478,0.188,0.078,0.03,0.4,0.284,0,0,0.429,0.001,0,0,true,false,false,false
how-to-meditate-for-anxiety,mindfulness-of-breathing-guide,https://echobuddha.com/articles/how-to-meditate-for-anxiety/,https://echobuddha.com/articles/mindfulness-of-breathing-guide/,Low,true,Beginner Meditation and Mindfulness,0.209,0.231,0.508,0.213,0.187,0.031,0.4,0.314,0,0,0.504,0,0,0,true,false,false,false
how-to-meditate-for-anxiety,loving-kindness-meditation-guide,https://echobuddha.com/articles/how-to-meditate-for-anxiety/,https://echobuddha.com/articles/loving-kindness-meditation-guide/,Low,false,,0.291,0.142,0.328,0.186,0.018,0.04,0.4,0.168,0,0,0.39,0,0,0,true,false,false,false
how-to-meditate-for-anxiety,dhammapada-reflection-what-we-think,https://echobuddha.com/articles/how-to-meditate-for-anxiety/,https://echobuddha.com/articles/dhammapada-reflection-what-we-think/,Low,false,,0.048,0.134,0.331,0.163,0.033,0.029,0.4,0.079,0,0,0.308,0.003,0,0,true,false,false,false
how-to-meditate-for-anxiety,dhammapada-reflection-trained-mind,https://echobuddha.com/articles/how-to-meditate-for-anxiety/,https://echobuddha.com/articles/dhammapada-reflection-trained-mind/,Low,false,,0.057,0.144,0.357,0.176,0,0.036,0.4,0.138,0,0,0.406,0,0,0,true,false,false,false
how-to-meditate-for-anxiety,eightfold-path-explained,https://echobuddha.com/articles/how-to-meditate-for-anxiety/,https://echobuddha.com/articles/eightfold-path-explained/,Low,false,,0.01,0.13,0.312,0.16,0.011,0.051,0.4,0.114,0,0,0.366,0,0,0,true,false,false,false
how-to-meditate-for-anxiety,how-to-let-go-of-attachment-in-buddhism,https://echobuddha.com/articles/how-to-meditate-for-anxiety/,https://echobuddha.com/articles/how-to-let-go-of-attachment-in-buddhism/,Low,false,,0.034,0.12,0.301,0.155,0,0.036,0.4,0.086,0,0,0.405,0,0,0,true,false,false,false
how-to-meditate-for-anxiety,right-speech-buddhism,https://echobuddha.com/articles/how-to-meditate-for-anxiety/,https://echobuddha.com/articles/right-speech-buddhism/,Low,false,,0.083,0.115,0.261,0.144,0.079,0.033,0.4,0.047,0,0,0.38,0,0,0,true,false,false,false
how-to-meditate-for-anxiety,buddhist-wisdom-for-overthinking,https://echobuddha.com/articles/how-to-meditate-for-anxiety/,https://echobuddha.com/articles/buddhist-wisdom-for-overthinking/,Low,false,,0.106,0.201,0.475,0.22,0.042,0.046,0.4,0.27,0,0,0.464,0,0,0,true,false,false,false
how-to-meditate-for-anxiety,impermanence-in-buddhism,https://echobuddha.com/articles/how-to-meditate-for-anxiety/,https://echobuddha.com/articles/impermanence-in-buddhism/,Low,false,,0,0.14,0.337,0.167,0.057,0.027,0.4,0.101,0,0,0.398,0,0,0,true,false,false,false
how-to-meditate-for-anxiety,what-is-karma-in-buddhism,https://echobuddha.com/articles/how-to-meditate-for-anxiety/,https://echobuddha.com/articles/what-is-karma-in-buddhism/,Low,false,,0.158,0.102,0.236,0.12,0.05,0.024,0.4,0.079,0,0,0.287,0,0,0,false,false,false,false
how-to-meditate-for-anxiety,four-noble-truths-explained,https://echobuddha.com/articles/how-to-meditate-for-anxiety/,https://echobuddha.com/articles/four-noble-truths-explained/,Low,false,,0,0.12,0.285,0.172,0.015,0.036,0.4,0.082,0,0,0.308,0,0,0,true,false,false,false
how-to-meditate-for-anxiety,mindfulness-vs-meditation,https://echobuddha.com/articles/how-to-meditate-for-anxiety/,https://echobuddha.com/articles/mindfulness-vs-meditation/,Low,true,Beginner Meditation and Mindfulness,0.249,0.225,0.546,0.237,0.056,0.052,0.4,0.247,0,0,0.56,0,0,0,true,false,false,false
how-to-meditate-for-anxiety,buddhist-teachings-on-forgiveness,https://echobuddha.com/articles/how-to-meditate-for-anxiety/,https://echobuddha.com/articles/buddhist-teachings-on-forgiveness/,Low,false,,0.055,0.119,0.298,0.15,0.027,0.037,0.4,0.047,0,0,0.344,0,0,0,true,false,false,false
how-to-meditate-for-anxiety,metta-meditation-script,https://echobuddha.com/articles/how-to-meditate-for-anxiety/,https://echobuddha.com/articles/metta-meditation-script/,Low,false,,0.296,0.177,0.452,0.198,0,0.036,0.4,0.183,0,0,0.506,0,0,0,true,false,false,false
how-to-meditate-for-anxiety,buddhism-for-beginners-simple-guide,https://echobuddha.com/articles/how-to-meditate-for-anxiety/,https://echobuddha.com/articles/buddhism-for-beginners-simple-guide/,Low,false,,0.097,0.215,0.427,0.186,0.086,0.242,1,0.309,0,0,0.433,0.001,0,0,true,false,false,false
how-to-meditate-for-anxiety,how-to-meditate-for-anxiety,https://echobuddha.com/articles/how-to-meditate-for-anxiety/,https://echobuddha.com/articles/how-to-meditate-for-anxiety/,Self,true,Beginner Meditation and Mindfulness,1,1,1,1,1,1,1,1,1,1,1,1,52,0,true,true,false,false
how-to-meditate-for-anxiety,loving-kindness-meditation-beginners,https://echobuddha.com/articles/how-to-meditate-for-anxiety/,https://echobuddha.com/articles/loving-kindness-meditation-beginners/,Low,false,,0.315,0.212,0.394,0.19,0.112,0.244,1,0.331,0,0,0.398,0.001,0,0,true,false,false,false
how-to-meditate-for-anxiety,eightfold-path-explained-daily-life,https://echobuddha.com/articles/how-to-meditate-for-anxiety/,https://echobuddha.com/articles/eightfold-path-explained-daily-life/,Low,false,,0.014,0.157,0.295,0.161,0.016,0.247,1,0.204,0,0,0.298,0.001,0,0,false,false,false,false
how-to-meditate-for-anxiety,mindfulness-morning-routine,https://echobuddha.com/articles/how-to-meditate-for-anxiety/,https://echobuddha.com/articles/mindfulness-morning-routine/,Low,true,Beginner Meditation and Mindfulness,0.183,0.207,0.411,0.206,0.057,0.245,1,0.266,0,0,0.427,0.002,0,0,true,false,false,false
how-to-meditate-for-anxiety,buddhist-teachings-on-impermanence,https://echobuddha.com/articles/how-to-meditate-for-anxiety/,https://echobuddha.com/articles/buddhist-teachings-on-impermanence/,Low,false,,0.017,0.151,0.307,0.189,0,0.236,1,0.079,0,0,0.344,0.001,0,0,true,false,false,false
how-to-meditate-for-anxiety,walking-meditation-step-by-step,https://echobuddha.com/articles/how-to-meditate-for-anxiety/,https://echobuddha.com/articles/walking-meditation-step-by-step/,Low,true,Beginner Meditation and Mindfulness,0.317,0.268,0.539,0.252,0.158,0.237,1,0.315,0,0,0.571,0.004,0,0,true,false,false,false
how-to-meditate-for-anxiety,buddhist-approach-to-anger,https://echobuddha.com/articles/how-to-meditate-for-anxiety/,https://echobuddha.com/articles/buddhist-approach-to-anger/,Low,false,,0.091,0.162,0.304,0.185,0.055,0.233,1,0.142,0,0,0.297,0.001,0,0,false,false,false,false
how-to-meditate-for-anxiety,mindfulness-for-better-sleep,https://echobuddha.com/articles/how-to-meditate-for-anxiety/,https://echobuddha.com/articles/mindfulness-for-better-sleep/,Low,true,Beginner Meditation and Mindfulness,0.141,0.248,0.514,0.257,0.053,0.27,1,0.283,0,0,0.494,0.002,0,0,true,false,false,false
how-to-meditate-for-anxiety,how-to-practice-non-attachment,https://echobuddha.com/articles/how-to-meditate-for-anxiety/,https://echobuddha.com/articles/how-to-practice-non-attachment/,Low,false,,0.073,0.156,0.337,0.156,0,0.249,1,0.082,0,0,0.359,0.001,0,0,true,false,false,false
how-to-meditate-for-anxiety,beginning-a-daily-mindfulness-practice,https://echobuddha.com/articles/how-to-meditate-for-anxiety/,https://echobuddha.com/articles/beginning-a-daily-mindfulness-practice/,Low,true,Beginner Meditation and Mindfulness,0.197,0.225,0.499,0.22,0.018,0.264,1,0.197,0,0,0.518,0.001,0,0,true,false,false,false
how-to-meditate-for-anxiety,compassion-as-a-daily-discipline,https://echobuddha.com/articles/how-to-meditate-for-anxiety/,https://echobuddha.com/articles/compassion-as-a-daily-discipline/,Low,false,,0.039,0.143,0.286,0.16,0,0.25,0.4,0.093,0,0,0.318,0.001,0,0,true,false,false,false
how-to-meditate-for-anxiety,letting-go-without-giving-up,https://echobuddha.com/articles/how-to-meditate-for-anxiety/,https://echobuddha.com/articles/letting-go-without-giving-up/,Low,false,,0.094,0.159,0.327,0.185,0,0.257,0.4,0.085,0,0,0.318,0.001,0,0,true,false,false,false
how-to-meditate-for-anxiety,three-ways-to-practice-patience,https://echobuddha.com/articles/how-to-meditate-for-anxiety/,https://echobuddha.com/articles/three-ways-to-practice-patience/,Low,false,,0.127,0.189,0.374,0.191,0.083,0.23,0.4,0.18,0,0,0.415,0.001,0,0,true,false,false,false
how-to-meditate-for-anxiety,mindful-listening-in-everyday-life,https://echobuddha.com/articles/how-to-meditate-for-anxiety/,https://echobuddha.com/articles/mindful-listening-in-everyday-life/,Low,false,,0.128,0.165,0.346,0.185,0.021,0.232,0.4,0.094,0,0,0.35,0.001,0,0,true,false,false,false
how-to-meditate-for-anxiety,creating-a-peaceful-corner-at-home,https://echobuddha.com/articles/how-to-meditate-for-anxiety/,https://echobuddha.com/articles/creating-a-peaceful-corner-at-home/,Low,false,,0.253,0.204,0.418,0.181,0.064,0.255,1,0.231,0,0,0.456,0.001,0,0,true,false,false,false
loving-kindness-meditation-beginners,what-is-buddhism-beginner-guide,https://echobuddha.com/articles/loving-kindness-meditation-beginners/,https://echobuddha.com/articles/what-is-buddhism-beginner-guide/,Low,false,,0.029,0.149,0.322,0.192,0.131,0.036,0.4,0.062,0,0.06,0.356,0,0,0,true,false,false,false
loving-kindness-meditation-beginners,four-noble-truths-explained-simply,https://echobuddha.com/articles/loving-kindness-meditation-beginners/,https://echobuddha.com/articles/four-noble-truths-explained-simply/,Low,false,,0.053,0.118,0.254,0.157,0.037,0.043,0.4,0.145,0,0.03,0.26,0,0,0,false,false,false,false
loving-kindness-meditation-beginners,noble-eightfold-path-practical-guide,https://echobuddha.com/articles/loving-kindness-meditation-beginners/,https://echobuddha.com/articles/noble-eightfold-path-practical-guide/,Low,false,,0.165,0.118,0.232,0.173,0.039,0.038,0.4,0.193,0,0.058,0.23,0,0,0,false,false,false,false
loving-kindness-meditation-beginners,impermanence-in-buddhism-letting-go,https://echobuddha.com/articles/loving-kindness-meditation-beginners/,https://echobuddha.com/articles/impermanence-in-buddhism-letting-go/,Low,false,,0.017,0.123,0.269,0.165,0.063,0.046,0.4,0.091,0,0.027,0.244,0,0,0,false,false,false,false
loving-kindness-meditation-beginners,compassion-in-buddhism-beginner-guide,https://echobuddha.com/articles/loving-kindness-meditation-beginners/,https://echobuddha.com/articles/compassion-in-buddhism-beginner-guide/,Low,false,Compassion and Forgiveness,0.095,0.176,0.41,0.214,0.13,0.043,0.4,0.048,0,0,0.474,0,0,0,true,false,false,false
loving-kindness-meditation-beginners,how-to-meditate-for-beginners,https://echobuddha.com/articles/loving-kindness-meditation-beginners/,https://echobuddha.com/articles/how-to-meditate-for-beginners/,Low,false,,0.504,0.161,0.31,0.168,0.171,0.036,0.4,0.239,0,0.018,0.283,0,0,0,false,false,false,false
loving-kindness-meditation-beginners,mindfulness-of-breathing-guide,https://echobuddha.com/articles/loving-kindness-meditation-beginners/,https://echobuddha.com/articles/mindfulness-of-breathing-guide/,Low,false,,0.245,0.132,0.253,0.183,0.068,0.03,0.4,0.233,0,0.055,0.257,0,0,0,false,false,false,false
loving-kindness-meditation-beginners,loving-kindness-meditation-guide,https://echobuddha.com/articles/loving-kindness-meditation-beginners/,https://echobuddha.com/articles/loving-kindness-meditation-guide/,Medium,true,Loving-kindness and Metta,0.815,0.292,0.678,0.252,0.214,0.107,0.4,0.233,0,0,0.599,0.005,0,0,true,false,true,false
loving-kindness-meditation-beginners,dhammapada-reflection-what-we-think,https://echobuddha.com/articles/loving-kindness-meditation-beginners/,https://echobuddha.com/articles/dhammapada-reflection-what-we-think/,Low,false,,0,0.097,0.209,0.14,0.036,0.036,0.4,0.088,0,0.038,0.226,0,0,0,false,false,false,false
loving-kindness-meditation-beginners,dhammapada-reflection-trained-mind,https://echobuddha.com/articles/loving-kindness-meditation-beginners/,https://echobuddha.com/articles/dhammapada-reflection-trained-mind/,Low,false,,0.025,0.14,0.299,0.18,0.054,0.035,0.4,0.196,0,0,0.346,0,0,0,true,false,false,false
loving-kindness-meditation-beginners,eightfold-path-explained,https://echobuddha.com/articles/loving-kindness-meditation-beginners/,https://echobuddha.com/articles/eightfold-path-explained/,Low,false,,0.069,0.125,0.282,0.191,0.023,0.058,0.4,0.059,0,0,0.327,0,0,0,true,false,false,false
loving-kindness-meditation-beginners,how-to-let-go-of-attachment-in-buddhism,https://echobuddha.com/articles/loving-kindness-meditation-beginners/,https://echobuddha.com/articles/how-to-let-go-of-attachment-in-buddhism/,Low,false,,0.015,0.124,0.312,0.16,0.016,0.035,0.4,0.062,0,0.062,0.331,0,0,0,true,false,false,false
loving-kindness-meditation-beginners,right-speech-buddhism,https://echobuddha.com/articles/loving-kindness-meditation-beginners/,https://echobuddha.com/articles/right-speech-buddhism/,Low,false,,0.024,0.125,0.271,0.162,0.069,0.032,0.4,0.122,0,0.041,0.319,0,0,0,true,false,false,false
loving-kindness-meditation-beginners,buddhist-wisdom-for-overthinking,https://echobuddha.com/articles/loving-kindness-meditation-beginners/,https://echobuddha.com/articles/buddhist-wisdom-for-overthinking/,Low,false,,0.012,0.119,0.246,0.15,0.061,0.029,0.4,0.182,0,0,0.299,0,0,0,false,false,false,false
loving-kindness-meditation-beginners,impermanence-in-buddhism,https://echobuddha.com/articles/loving-kindness-meditation-beginners/,https://echobuddha.com/articles/impermanence-in-buddhism/,Low,false,,0.013,0.131,0.273,0.163,0.038,0.055,0.4,0.209,0,0,0.313,0,0,0,true,false,false,false
loving-kindness-meditation-beginners,what-is-karma-in-buddhism,https://echobuddha.com/articles/loving-kindness-meditation-beginners/,https://echobuddha.com/articles/what-is-karma-in-buddhism/,Low,false,,0.093,0.117,0.271,0.16,0.036,0.023,0.4,0.098,0,0.04,0.316,0,0,0,true,false,false,false
loving-kindness-meditation-beginners,four-noble-truths-explained,https://echobuddha.com/articles/loving-kindness-meditation-beginners/,https://echobuddha.com/articles/four-noble-truths-explained/,Low,false,,0.052,0.115,0.266,0.172,0,0.035,0.4,0.109,0,0,0.221,0,0,0,false,false,false,false
loving-kindness-meditation-beginners,mindfulness-vs-meditation,https://echobuddha.com/articles/loving-kindness-meditation-beginners/,https://echobuddha.com/articles/mindfulness-vs-meditation/,Low,false,,0.513,0.16,0.352,0.188,0.123,0.05,0.4,0.105,0,0,0.386,0,0,0,true,false,false,false
loving-kindness-meditation-beginners,buddhist-teachings-on-forgiveness,https://echobuddha.com/articles/loving-kindness-meditation-beginners/,https://echobuddha.com/articles/buddhist-teachings-on-forgiveness/,Low,false,Compassion and Forgiveness,0,0.158,0.392,0.167,0.06,0.044,0.4,0.098,0,0.085,0.334,0,0,0,true,false,false,false
loving-kindness-meditation-beginners,metta-meditation-script,https://echobuddha.com/articles/loving-kindness-meditation-beginners/,https://echobuddha.com/articles/metta-meditation-script/,Medium,true,Loving-kindness and Metta,0.732,0.28,0.642,0.282,0.131,0.094,0.4,0.306,0,0.043,0.56,0.005,0,0,true,false,true,false
loving-kindness-meditation-beginners,buddhism-for-beginners-simple-guide,https://echobuddha.com/articles/loving-kindness-meditation-beginners/,https://echobuddha.com/articles/buddhism-for-beginners-simple-guide/,Low,false,,0.241,0.194,0.342,0.201,0.057,0.248,1,0.36,0,0.043,0.32,0.001,0,0,true,false,false,false
loving-kindness-meditation-beginners,how-to-meditate-for-anxiety,https://echobuddha.com/articles/loving-kindness-meditation-beginners/,https://echobuddha.com/articles/how-to-meditate-for-anxiety/,Low,false,,0.315,0.212,0.394,0.19,0.112,0.244,1,0.331,0,0,0.398,0.001,0,0,true,false,false,false
loving-kindness-meditation-beginners,loving-kindness-meditation-beginners,https://echobuddha.com/articles/loving-kindness-meditation-beginners/,https://echobuddha.com/articles/loving-kindness-meditation-beginners/,Self,true,Loving-kindness and Metta; Compassion and Forgiveness,1,1,1,1,1,1,1,1,1,1,1,1,51,0,true,true,false,false
loving-kindness-meditation-beginners,eightfold-path-explained-daily-life,https://echobuddha.com/articles/loving-kindness-meditation-beginners/,https://echobuddha.com/articles/eightfold-path-explained-daily-life/,Low,false,,0.101,0.163,0.277,0.188,0.053,0.244,1,0.236,0,0.022,0.259,0.001,0,0,false,false,false,false
loving-kindness-meditation-beginners,mindfulness-morning-routine,https://echobuddha.com/articles/loving-kindness-meditation-beginners/,https://echobuddha.com/articles/mindfulness-morning-routine/,Low,false,,0.134,0.175,0.291,0.18,0.125,0.226,1,0.244,0,0,0.267,0.001,0,0,false,false,false,false
loving-kindness-meditation-beginners,buddhist-teachings-on-impermanence,https://echobuddha.com/articles/loving-kindness-meditation-beginners/,https://echobuddha.com/articles/buddhist-teachings-on-impermanence/,Low,false,,0.044,0.145,0.26,0.17,0.057,0.242,1,0.105,0,0,0.255,0.001,0,0,false,false,false,false
loving-kindness-meditation-beginners,walking-meditation-step-by-step,https://echobuddha.com/articles/loving-kindness-meditation-beginners/,https://echobuddha.com/articles/walking-meditation-step-by-step/,Low,false,,0.496,0.187,0.335,0.186,0.058,0.329,1,0.197,0,0,0.334,0.003,0,0,true,false,false,false
loving-kindness-meditation-beginners,buddhist-approach-to-anger,https://echobuddha.com/articles/loving-kindness-meditation-beginners/,https://echobuddha.com/articles/buddhist-approach-to-anger/,Low,false,,0,0.141,0.248,0.165,0.02,0.248,1,0.159,0,0.101,0.24,0.001,0,0,false,false,false,false
loving-kindness-meditation-beginners,mindfulness-for-better-sleep,https://echobuddha.com/articles/loving-kindness-meditation-beginners/,https://echobuddha.com/articles/mindfulness-for-better-sleep/,Low,false,,0.138,0.152,0.292,0.181,0.019,0.238,1,0.119,0,0.057,0.307,0.001,0,0,true,false,false,false
loving-kindness-meditation-beginners,how-to-practice-non-attachment,https://echobuddha.com/articles/loving-kindness-meditation-beginners/,https://echobuddha.com/articles/how-to-practice-non-attachment/,Low,false,,0.113,0.165,0.312,0.179,0.039,0.255,1,0.162,0,0.057,0.276,0.001,0,0,false,false,false,false
loving-kindness-meditation-beginners,beginning-a-daily-mindfulness-practice,https://echobuddha.com/articles/loving-kindness-meditation-beginners/,https://echobuddha.com/articles/beginning-a-daily-mindfulness-practice/,Low,false,,0.363,0.196,0.356,0.201,0.097,0.27,1,0.219,0,0,0.359,0.001,0,0,true,false,false,false
loving-kindness-meditation-beginners,compassion-as-a-daily-discipline,https://echobuddha.com/articles/loving-kindness-meditation-beginners/,https://echobuddha.com/articles/compassion-as-a-daily-discipline/,Low,false,Compassion and Forgiveness,0.087,0.2,0.399,0.208,0.045,0.296,0.4,0.156,0,0,0.37,0.003,0,0,true,false,false,false
loving-kindness-meditation-beginners,letting-go-without-giving-up,https://echobuddha.com/articles/loving-kindness-meditation-beginners/,https://echobuddha.com/articles/letting-go-without-giving-up/,Low,false,,0.017,0.154,0.281,0.209,0.046,0.232,0.4,0.097,0,0,0.249,0.002,0,0,false,false,false,false
loving-kindness-meditation-beginners,three-ways-to-practice-patience,https://echobuddha.com/articles/loving-kindness-meditation-beginners/,https://echobuddha.com/articles/three-ways-to-practice-patience/,Low,false,,0.14,0.174,0.307,0.212,0.023,0.298,0.4,0.181,0,0,0.315,0.003,0,0,true,false,false,false
loving-kindness-meditation-beginners,mindful-listening-in-everyday-life,https://echobuddha.com/articles/loving-kindness-meditation-beginners/,https://echobuddha.com/articles/mindful-listening-in-everyday-life/,Low,false,,0.049,0.182,0.347,0.203,0.046,0.298,0.4,0.116,0,0.035,0.329,0.003,0,0,true,false,false,false
loving-kindness-meditation-beginners,creating-a-peaceful-corner-at-home,https://echobuddha.com/articles/loving-kindness-meditation-beginners/,https://echobuddha.com/articles/creating-a-peaceful-corner-at-home/,Low,false,,0.416,0.167,0.304,0.167,0.094,0.262,1,0.134,0,0.022,0.318,0.001,0,0,true,false,false,false
eightfold-path-explained-daily-life,what-is-buddhism-beginner-guide,https://echobuddha.com/articles/eightfold-path-explained-daily-life/,https://echobuddha.com/articles/what-is-buddhism-beginner-guide/,Low,false,,0.212,0.191,0.435,0.222,0.113,0.045,0.4,0.149,0,0.194,0.404,0.001,0,0,true,false,false,false
eightfold-path-explained-daily-life,four-noble-truths-explained-simply,https://echobuddha.com/articles/eightfold-path-explained-daily-life/,https://echobuddha.com/articles/four-noble-truths-explained-simply/,Low,false,,0.384,0.175,0.358,0.197,0.144,0.053,0.4,0.203,0,0.13,0.37,0.002,0,0,true,false,false,false
eightfold-path-explained-daily-life,noble-eightfold-path-practical-guide,https://echobuddha.com/articles/eightfold-path-explained-daily-life/,https://echobuddha.com/articles/noble-eightfold-path-practical-guide/,Low,true,Noble Eightfold Path,0.851,0.235,0.533,0.213,0.083,0.137,0.4,0.298,0,0.254,0.52,0,0,0,true,false,true,false
eightfold-path-explained-daily-life,impermanence-in-buddhism-letting-go,https://echobuddha.com/articles/eightfold-path-explained-daily-life/,https://echobuddha.com/articles/impermanence-in-buddhism-letting-go/,Low,false,,0.149,0.092,0.202,0.138,0.014,0.048,0.4,0.069,0,0.112,0.252,0,0,0,false,false,false,false
eightfold-path-explained-daily-life,compassion-in-buddhism-beginner-guide,https://echobuddha.com/articles/eightfold-path-explained-daily-life/,https://echobuddha.com/articles/compassion-in-buddhism-beginner-guide/,Low,false,,0.302,0.106,0.231,0.166,0.032,0.044,0.4,0.066,0,0.024,0.278,0,0,0,false,false,false,false
eightfold-path-explained-daily-life,how-to-meditate-for-beginners,https://echobuddha.com/articles/eightfold-path-explained-daily-life/,https://echobuddha.com/articles/how-to-meditate-for-beginners/,Low,false,,0.195,0.121,0.285,0.158,0.029,0.03,0.4,0.1,0,0.147,0.263,0,0,0,false,false,false,false
eightfold-path-explained-daily-life,mindfulness-of-breathing-guide,https://echobuddha.com/articles/eightfold-path-explained-daily-life/,https://echobuddha.com/articles/mindfulness-of-breathing-guide/,Low,false,,0.125,0.121,0.277,0.153,0,0.04,0.4,0.172,0,0.155,0.289,0,0,0,false,false,false,false
eightfold-path-explained-daily-life,loving-kindness-meditation-guide,https://echobuddha.com/articles/eightfold-path-explained-daily-life/,https://echobuddha.com/articles/loving-kindness-meditation-guide/,Low,false,,0.027,0.118,0.224,0.158,0.084,0.049,0.4,0.149,0,0,0.283,0,0,0,false,false,false,false
eightfold-path-explained-daily-life,dhammapada-reflection-what-we-think,https://echobuddha.com/articles/eightfold-path-explained-daily-life/,https://echobuddha.com/articles/dhammapada-reflection-what-we-think/,Low,false,,0.064,0.149,0.298,0.181,0.109,0.054,0.4,0.184,0,0.126,0.32,0,0,0,true,false,false,false
eightfold-path-explained-daily-life,dhammapada-reflection-trained-mind,https://echobuddha.com/articles/eightfold-path-explained-daily-life/,https://echobuddha.com/articles/dhammapada-reflection-trained-mind/,Low,false,,0.08,0.149,0.353,0.182,0.015,0.053,0.4,0.164,0,0.069,0.45,0,0,0,true,false,false,false
eightfold-path-explained-daily-life,eightfold-path-explained,https://echobuddha.com/articles/eightfold-path-explained-daily-life/,https://echobuddha.com/articles/eightfold-path-explained/,Medium,true,Noble Eightfold Path,0.522,0.304,0.643,0.243,0.303,0.158,0.4,0.288,0,0.255,0.594,0.001,0,0,true,false,true,false
eightfold-path-explained-daily-life,how-to-let-go-of-attachment-in-buddhism,https://echobuddha.com/articles/eightfold-path-explained-daily-life/,https://echobuddha.com/articles/how-to-let-go-of-attachment-in-buddhism/,Low,false,,0.081,0.106,0.25,0.137,0.014,0.047,0.4,0.088,0,0.063,0.28,0,0,0,false,false,false,false
eightfold-path-explained-daily-life,right-speech-buddhism,https://echobuddha.com/articles/eightfold-path-explained-daily-life/,https://echobuddha.com/articles/right-speech-buddhism/,Low,false,,0.165,0.201,0.4,0.18,0.209,0.052,0.4,0.305,0,0.094,0.427,0,0,0,true,false,false,false
eightfold-path-explained-daily-life,buddhist-wisdom-for-overthinking,https://echobuddha.com/articles/eightfold-path-explained-daily-life/,https://echobuddha.com/articles/buddhist-wisdom-for-overthinking/,Low,false,,0.148,0.135,0.284,0.154,0.026,0.046,0.4,0.264,0,0,0.271,0,0,0,false,false,false,false
eightfold-path-explained-daily-life,impermanence-in-buddhism,https://echobuddha.com/articles/eightfold-path-explained-daily-life/,https://echobuddha.com/articles/impermanence-in-buddhism/,Low,false,,0.127,0.124,0.257,0.178,0.054,0.036,0.4,0.148,0,0.069,0.285,0,0,0,false,false,false,false
eightfold-path-explained-daily-life,what-is-karma-in-buddhism,https://echobuddha.com/articles/eightfold-path-explained-daily-life/,https://echobuddha.com/articles/what-is-karma-in-buddhism/,Low,false,,0.399,0.147,0.305,0.166,0.109,0.05,0.4,0.168,0,0.193,0.35,0,0,0,true,false,false,false
eightfold-path-explained-daily-life,four-noble-truths-explained,https://echobuddha.com/articles/eightfold-path-explained-daily-life/,https://echobuddha.com/articles/four-noble-truths-explained/,Low,false,,0.353,0.168,0.377,0.174,0.111,0.044,0.4,0.168,0,0,0.265,0.002,0,0,false,false,false,false
eightfold-path-explained-daily-life,mindfulness-vs-meditation,https://echobuddha.com/articles/eightfold-path-explained-daily-life/,https://echobuddha.com/articles/mindfulness-vs-meditation/,Low,false,,0.221,0.17,0.416,0.185,0,0.043,0.4,0.232,0,0,0.406,0,0,0,true,false,false,false
eightfold-path-explained-daily-life,buddhist-teachings-on-forgiveness,https://echobuddha.com/articles/eightfold-path-explained-daily-life/,https://echobuddha.com/articles/buddhist-teachings-on-forgiveness/,Low,false,,0.175,0.108,0.224,0.154,0.091,0.037,0.4,0.048,0,0.033,0.241,0,0,0,false,false,false,false
eightfold-path-explained-daily-life,metta-meditation-script,https://echobuddha.com/articles/eightfold-path-explained-daily-life/,https://echobuddha.com/articles/metta-meditation-script/,Low,false,,0.028,0.134,0.305,0.171,0.065,0.028,0.4,0.113,0,0.119,0.352,0,0,0,true,false,false,false
eightfold-path-explained-daily-life,buddhism-for-beginners-simple-guide,https://echobuddha.com/articles/eightfold-path-explained-daily-life/,https://echobuddha.com/articles/buddhism-for-beginners-simple-guide/,Low,false,,0.295,0.256,0.512,0.229,0.082,0.262,1,0.409,0,0.221,0.547,0.002,0,0,true,false,false,false
eightfold-path-explained-daily-life,how-to-meditate-for-anxiety,https://echobuddha.com/articles/eightfold-path-explained-daily-life/,https://echobuddha.com/articles/how-to-meditate-for-anxiety/,Low,false,,0.014,0.157,0.295,0.161,0.016,0.247,1,0.204,0,0,0.298,0.001,0,0,false,false,false,false
eightfold-path-explained-daily-life,loving-kindness-meditation-beginners,https://echobuddha.com/articles/eightfold-path-explained-daily-life/,https://echobuddha.com/articles/loving-kindness-meditation-beginners/,Low,false,,0.101,0.163,0.277,0.188,0.053,0.244,1,0.236,0,0.022,0.259,0.001,0,0,false,false,false,false
eightfold-path-explained-daily-life,eightfold-path-explained-daily-life,https://echobuddha.com/articles/eightfold-path-explained-daily-life/,https://echobuddha.com/articles/eightfold-path-explained-daily-life/,Self,true,Noble Eightfold Path,1,1,1,1,1,1,1,1,1,1,1,1,60,0,true,true,false,false
eightfold-path-explained-daily-life,mindfulness-morning-routine,https://echobuddha.com/articles/eightfold-path-explained-daily-life/,https://echobuddha.com/articles/mindfulness-morning-routine/,Low,false,,0.085,0.195,0.389,0.176,0.036,0.264,1,0.267,0,0.097,0.389,0.001,0,0,true,false,false,false
eightfold-path-explained-daily-life,buddhist-teachings-on-impermanence,https://echobuddha.com/articles/eightfold-path-explained-daily-life/,https://echobuddha.com/articles/buddhist-teachings-on-impermanence/,Low,false,,0.28,0.149,0.251,0.192,0.065,0.255,1,0.094,0,0.033,0.343,0.001,0,0,true,false,false,false
eightfold-path-explained-daily-life,walking-meditation-step-by-step,https://echobuddha.com/articles/eightfold-path-explained-daily-life/,https://echobuddha.com/articles/walking-meditation-step-by-step/,Low,false,,0.011,0.189,0.364,0.161,0.033,0.268,1,0.305,0,0.045,0.389,0.001,0,0,true,false,false,false
eightfold-path-explained-daily-life,buddhist-approach-to-anger,https://echobuddha.com/articles/eightfold-path-explained-daily-life/,https://echobuddha.com/articles/buddhist-approach-to-anger/,Low,false,,0.17,0.15,0.264,0.172,0,0.252,1,0.232,0,0.064,0.22,0.001,0,0,false,false,false,false
eightfold-path-explained-daily-life,mindfulness-for-better-sleep,https://echobuddha.com/articles/eightfold-path-explained-daily-life/,https://echobuddha.com/articles/mindfulness-for-better-sleep/,Low,false,,0.075,0.15,0.277,0.146,0.033,0.26,1,0.167,0,0.036,0.202,0.001,0,0,false,false,false,false
eightfold-path-explained-daily-life,how-to-practice-non-attachment,https://echobuddha.com/articles/eightfold-path-explained-daily-life/,https://echobuddha.com/articles/how-to-practice-non-attachment/,Low,false,,0.293,0.167,0.327,0.166,0.05,0.27,1,0.122,0,0.13,0.312,0.001,0,0,true,false,false,false
eightfold-path-explained-daily-life,beginning-a-daily-mindfulness-practice,https://echobuddha.com/articles/eightfold-path-explained-daily-life/,https://echobuddha.com/articles/beginning-a-daily-mindfulness-practice/,Low,false,,0.315,0.212,0.394,0.171,0.151,0.264,1,0.267,0,0,0.431,0.001,0,0,true,false,false,false
eightfold-path-explained-daily-life,compassion-as-a-daily-discipline,https://echobuddha.com/articles/eightfold-path-explained-daily-life/,https://echobuddha.com/articles/compassion-as-a-daily-discipline/,Low,false,,0.361,0.184,0.308,0.188,0.097,0.262,0.4,0.286,0,0.048,0.335,0.001,0,0,true,false,false,false
eightfold-path-explained-daily-life,letting-go-without-giving-up,https://echobuddha.com/articles/eightfold-path-explained-daily-life/,https://echobuddha.com/articles/letting-go-without-giving-up/,Low,false,,0.075,0.187,0.368,0.207,0.1,0.235,0.4,0.111,0,0.085,0.363,0.001,0,0,true,false,false,false
eightfold-path-explained-daily-life,three-ways-to-practice-patience,https://echobuddha.com/articles/eightfold-path-explained-daily-life/,https://echobuddha.com/articles/three-ways-to-practice-patience/,Low,false,,0.164,0.181,0.357,0.185,0.02,0.241,0.4,0.246,0,0.05,0.419,0.001,0,0,true,false,false,false
eightfold-path-explained-daily-life,mindful-listening-in-everyday-life,https://echobuddha.com/articles/eightfold-path-explained-daily-life/,https://echobuddha.com/articles/mindful-listening-in-everyday-life/,Low,false,,0.161,0.178,0.329,0.167,0.059,0.252,0.4,0.254,0,0.124,0.339,0.001,0,0,true,false,false,false
eightfold-path-explained-daily-life,creating-a-peaceful-corner-at-home,https://echobuddha.com/articles/eightfold-path-explained-daily-life/,https://echobuddha.com/articles/creating-a-peaceful-corner-at-home/,Low,false,,0.081,0.145,0.263,0.138,0.04,0.245,1,0.181,0,0.095,0.288,0.001,0,0,false,false,false,false
mindfulness-morning-routine,what-is-buddhism-beginner-guide,https://echobuddha.com/articles/mindfulness-morning-routine/,https://echobuddha.com/articles/what-is-buddhism-beginner-guide/,Low,false,,0.127,0.129,0.308,0.17,0.045,0.04,0.4,0.055,0,0.11,0.359,0,0,0,true,false,false,false
mindfulness-morning-routine,four-noble-truths-explained-simply,https://echobuddha.com/articles/mindfulness-morning-routine/,https://echobuddha.com/articles/four-noble-truths-explained-simply/,Low,false,,0.038,0.114,0.244,0.132,0.038,0.047,0.4,0.171,0,0.132,0.263,0,0,0,false,false,false,false
mindfulness-morning-routine,noble-eightfold-path-practical-guide,https://echobuddha.com/articles/mindfulness-morning-routine/,https://echobuddha.com/articles/noble-eightfold-path-practical-guide/,Low,false,,0.074,0.191,0.447,0.158,0.118,0.059,0.4,0.209,0,0.166,0.39,0,0,0,true,false,false,false
mindfulness-morning-routine,impermanence-in-buddhism-letting-go,https://echobuddha.com/articles/mindfulness-morning-routine/,https://echobuddha.com/articles/impermanence-in-buddhism-letting-go/,Low,false,,0,0.102,0.243,0.133,0,0.042,0.4,0.091,0,0.03,0.244,0,0,0,false,false,false,false
mindfulness-morning-routine,compassion-in-buddhism-beginner-guide,https://echobuddha.com/articles/mindfulness-morning-routine/,https://echobuddha.com/articles/compassion-in-buddhism-beginner-guide/,Low,false,,0.031,0.101,0.221,0.15,0.076,0.038,0.4,0.006,0,0.053,0.271,0,0,0,false,false,false,false
mindfulness-morning-routine,how-to-meditate-for-beginners,https://echobuddha.com/articles/mindfulness-morning-routine/,https://echobuddha.com/articles/how-to-meditate-for-beginners/,Low,true,Beginner Meditation and Mindfulness,0.237,0.186,0.406,0.199,0.122,0.033,0.4,0.236,0,0,0.427,0.001,0,0,true,false,false,false
mindfulness-morning-routine,mindfulness-of-breathing-guide,https://echobuddha.com/articles/mindfulness-morning-routine/,https://echobuddha.com/articles/mindfulness-of-breathing-guide/,Low,true,Beginner Meditation and Mindfulness,0.237,0.173,0.421,0.163,0.052,0.02,0.4,0.247,0,0.122,0.39,0,0,0,true,false,false,false
mindfulness-morning-routine,loving-kindness-meditation-guide,https://echobuddha.com/articles/mindfulness-morning-routine/,https://echobuddha.com/articles/loving-kindness-meditation-guide/,Low,false,,0.088,0.102,0.231,0.128,0.06,0.028,0.4,0.064,0,0,0.255,0,0,0,false,false,false,false
mindfulness-morning-routine,dhammapada-reflection-what-we-think,https://echobuddha.com/articles/mindfulness-morning-routine/,https://echobuddha.com/articles/dhammapada-reflection-what-we-think/,Low,false,,0.027,0.127,0.289,0.149,0.019,0.047,0.4,0.174,0,0,0.303,0.001,0,0,true,false,false,false
mindfulness-morning-routine,dhammapada-reflection-trained-mind,https://echobuddha.com/articles/mindfulness-morning-routine/,https://echobuddha.com/articles/dhammapada-reflection-trained-mind/,Low,false,,0.012,0.155,0.358,0.172,0.091,0.039,0.4,0.127,0,0,0.423,0.001,0,0,true,false,false,false
mindfulness-morning-routine,eightfold-path-explained,https://echobuddha.com/articles/mindfulness-morning-routine/,https://echobuddha.com/articles/eightfold-path-explained/,Low,false,,0.058,0.137,0.332,0.148,0.048,0.062,0.4,0.081,0,0.086,0.36,0,0,0,true,false,false,false
mindfulness-morning-routine,how-to-let-go-of-attachment-in-buddhism,https://echobuddha.com/articles/mindfulness-morning-routine/,https://echobuddha.com/articles/how-to-let-go-of-attachment-in-buddhism/,Low,false,,0.058,0.104,0.261,0.118,0.016,0.04,0.4,0.056,0,0,0.364,0,0,0,true,false,false,false
mindfulness-morning-routine,right-speech-buddhism,https://echobuddha.com/articles/mindfulness-morning-routine/,https://echobuddha.com/articles/right-speech-buddhism/,Low,false,,0.106,0.111,0.248,0.157,0.035,0.037,0.4,0.091,0,0,0.312,0,0,0,true,false,false,false
mindfulness-morning-routine,buddhist-wisdom-for-overthinking,https://echobuddha.com/articles/mindfulness-morning-routine/,https://echobuddha.com/articles/buddhist-wisdom-for-overthinking/,Low,false,,0.045,0.15,0.302,0.144,0.171,0.041,0.4,0.175,0,0,0.361,0,0,0,true,false,false,false
mindfulness-morning-routine,impermanence-in-buddhism,https://echobuddha.com/articles/mindfulness-morning-routine/,https://echobuddha.com/articles/impermanence-in-buddhism/,Low,false,,0.012,0.121,0.284,0.147,0.026,0.04,0.4,0.122,0,0,0.327,0,0,0,true,false,false,false
mindfulness-morning-routine,what-is-karma-in-buddhism,https://echobuddha.com/articles/mindfulness-morning-routine/,https://echobuddha.com/articles/what-is-karma-in-buddhism/,Low,false,,0.146,0.122,0.286,0.152,0.037,0.036,0.4,0.104,0,0.088,0.344,0,0,0,true,false,false,false
mindfulness-morning-routine,four-noble-truths-explained,https://echobuddha.com/articles/mindfulness-morning-routine/,https://echobuddha.com/articles/four-noble-truths-explained/,Low,false,,0.05,0.105,0.247,0.137,0,0.047,0.4,0.098,0,0,0.272,0,0,0,false,false,false,false
mindfulness-morning-routine,mindfulness-vs-meditation,https://echobuddha.com/articles/mindfulness-morning-routine/,https://echobuddha.com/articles/mindfulness-vs-meditation/,Low,true,Beginner Meditation and Mindfulness,0.284,0.203,0.495,0.192,0.088,0.045,0.4,0.204,0,0,0.517,0,0,0,true,false,false,false
mindfulness-morning-routine,buddhist-teachings-on-forgiveness,https://echobuddha.com/articles/mindfulness-morning-routine/,https://echobuddha.com/articles/buddhist-teachings-on-forgiveness/,Low,false,,0.012,0.103,0.25,0.137,0.015,0.033,0.4,0.058,0,0.047,0.297,0,0,0,false,false,false,false
mindfulness-morning-routine,metta-meditation-script,https://echobuddha.com/articles/mindfulness-morning-routine/,https://echobuddha.com/articles/metta-meditation-script/,Low,false,,0.091,0.144,0.318,0.163,0.077,0.046,0.4,0.156,0,0.023,0.376,0,0,0,true,false,false,false
mindfulness-morning-routine,buddhism-for-beginners-simple-guide,https://echobuddha.com/articles/mindfulness-morning-routine/,https://echobuddha.com/articles/buddhism-for-beginners-simple-guide/,Low,false,,0.11,0.233,0.465,0.201,0.077,0.241,1,0.381,0,0.144,0.469,0.001,0,0,true,false,false,false
mindfulness-morning-routine,how-to-meditate-for-anxiety,https://echobuddha.com/articles/mindfulness-morning-routine/,https://echobuddha.com/articles/how-to-meditate-for-anxiety/,Low,true,Beginner Meditation and Mindfulness,0.183,0.207,0.411,0.206,0.057,0.245,1,0.266,0,0,0.427,0.002,0,0,true,false,false,false
mindfulness-morning-routine,loving-kindness-meditation-beginners,https://echobuddha.com/articles/mindfulness-morning-routine/,https://echobuddha.com/articles/loving-kindness-meditation-beginners/,Low,false,,0.134,0.175,0.291,0.18,0.125,0.226,1,0.244,0,0,0.267,0.001,0,0,false,false,false,false
mindfulness-morning-routine,eightfold-path-explained-daily-life,https://echobuddha.com/articles/mindfulness-morning-routine/,https://echobuddha.com/articles/eightfold-path-explained-daily-life/,Low,false,,0.085,0.195,0.389,0.176,0.036,0.264,1,0.267,0,0.097,0.389,0.001,0,0,true,false,false,false
mindfulness-morning-routine,mindfulness-morning-routine,https://echobuddha.com/articles/mindfulness-morning-routine/,https://echobuddha.com/articles/mindfulness-morning-routine/,Self,true,Beginner Meditation and Mindfulness,1,1,1,1,1,1,1,1,1,1,1,1,48,0,true,true,false,false
mindfulness-morning-routine,buddhist-teachings-on-impermanence,https://echobuddha.com/articles/mindfulness-morning-routine/,https://echobuddha.com/articles/buddhist-teachings-on-impermanence/,Low,false,,0.014,0.128,0.24,0.15,0.019,0.235,1,0.07,0,0,0.29,0.001,0,0,false,false,false,false
mindfulness-morning-routine,walking-meditation-step-by-step,https://echobuddha.com/articles/mindfulness-morning-routine/,https://echobuddha.com/articles/walking-meditation-step-by-step/,Low,true,Beginner Meditation and Mindfulness,0.135,0.203,0.391,0.208,0.079,0.3,1,0.166,0,0,0.406,0.003,0,0,true,false,false,false
mindfulness-morning-routine,buddhist-approach-to-anger,https://echobuddha.com/articles/mindfulness-morning-routine/,https://echobuddha.com/articles/buddhist-approach-to-anger/,Low,false,,0.091,0.157,0.281,0.167,0.061,0.233,1,0.188,0,0,0.243,0.001,0,0,false,false,false,false
mindfulness-morning-routine,mindfulness-for-better-sleep,https://echobuddha.com/articles/mindfulness-morning-routine/,https://echobuddha.com/articles/mindfulness-for-better-sleep/,Low,true,Beginner Meditation and Mindfulness,0.2,0.215,0.466,0.197,0.02,0.265,1,0.228,0,0,0.346,0.001,0,0,true,false,false,false
mindfulness-morning-routine,how-to-practice-non-attachment,https://echobuddha.com/articles/mindfulness-morning-routine/,https://echobuddha.com/articles/how-to-practice-non-attachment/,Low,false,,0.031,0.159,0.33,0.152,0,0.247,1,0.152,0,0.083,0.368,0.001,0,0,true,false,false,false
mindfulness-morning-routine,beginning-a-daily-mindfulness-practice,https://echobuddha.com/articles/mindfulness-morning-routine/,https://echobuddha.com/articles/beginning-a-daily-mindfulness-practice/,Low,true,Beginner Meditation and Mindfulness,0.238,0.25,0.502,0.252,0.099,0.269,1,0.283,0,0,0.484,0.001,0,0,true,false,false,false
mindfulness-morning-routine,compassion-as-a-daily-discipline,https://echobuddha.com/articles/mindfulness-morning-routine/,https://echobuddha.com/articles/compassion-as-a-daily-discipline/,Low,false,,0.067,0.145,0.267,0.148,0.046,0.236,0.4,0.148,0,0.069,0.319,0.001,0,0,true,false,false,false
mindfulness-morning-routine,letting-go-without-giving-up,https://echobuddha.com/articles/mindfulness-morning-routine/,https://echobuddha.com/articles/letting-go-without-giving-up/,Low,false,,0.032,0.156,0.327,0.184,0.024,0.224,0.4,0.053,0,0.053,0.363,0.001,0,0,true,false,false,false
mindfulness-morning-routine,three-ways-to-practice-patience,https://echobuddha.com/articles/mindfulness-morning-routine/,https://echobuddha.com/articles/three-ways-to-practice-patience/,Low,false,,0.014,0.192,0.39,0.191,0.047,0.228,0.4,0.233,0,0,0.414,0.001,0,0,true,false,false,false
mindfulness-morning-routine,mindful-listening-in-everyday-life,https://echobuddha.com/articles/mindfulness-morning-routine/,https://echobuddha.com/articles/mindful-listening-in-everyday-life/,Low,false,,0.266,0.189,0.382,0.191,0.07,0.239,0.4,0.169,0,0.076,0.337,0.001,0,0,true,false,false,false
mindfulness-morning-routine,creating-a-peaceful-corner-at-home,https://echobuddha.com/articles/mindfulness-morning-routine/,https://echobuddha.com/articles/creating-a-peaceful-corner-at-home/,Low,false,,0.086,0.201,0.376,0.197,0.168,0.244,1,0.145,0,0.073,0.336,0.001,0,0,true,false,false,false
buddhist-teachings-on-impermanence,what-is-buddhism-beginner-guide,https://echobuddha.com/articles/buddhist-teachings-on-impermanence/,https://echobuddha.com/articles/what-is-buddhism-beginner-guide/,Low,false,,0.295,0.172,0.391,0.233,0.095,0.053,0.4,0.071,0,0.105,0.355,0,0,0,true,false,false,false
buddhist-teachings-on-impermanence,four-noble-truths-explained-simply,https://echobuddha.com/articles/buddhist-teachings-on-impermanence/,https://echobuddha.com/articles/four-noble-truths-explained-simply/,Low,false,,0.253,0.157,0.319,0.2,0.086,0.124,0.4,0.108,0,0.023,0.293,0,0,0,false,false,false,false
buddhist-teachings-on-impermanence,noble-eightfold-path-practical-guide,https://echobuddha.com/articles/buddhist-teachings-on-impermanence/,https://echobuddha.com/articles/noble-eightfold-path-practical-guide/,Low,false,,0.175,0.104,0.22,0.144,0.018,0.103,0.4,0.059,0,0.009,0.314,0,0,0,true,false,false,false
buddhist-teachings-on-impermanence,impermanence-in-buddhism-letting-go,https://echobuddha.com/articles/buddhist-teachings-on-impermanence/,https://echobuddha.com/articles/impermanence-in-buddhism-letting-go/,Medium,true,Impermanence,0.508,0.285,0.618,0.229,0.219,0.085,0.4,0.423,0,0.062,0.44,0.003,0,0,true,false,true,false
buddhist-teachings-on-impermanence,compassion-in-buddhism-beginner-guide,https://echobuddha.com/articles/buddhist-teachings-on-impermanence/,https://echobuddha.com/articles/compassion-in-buddhism-beginner-guide/,Low,false,,0.287,0.114,0.257,0.175,0.034,0.053,0.4,0.037,0,0.036,0.299,0,0,0,false,false,false,false
buddhist-teachings-on-impermanence,how-to-meditate-for-beginners,https://echobuddha.com/articles/buddhist-teachings-on-impermanence/,https://echobuddha.com/articles/how-to-meditate-for-beginners/,Low,false,,0.214,0.101,0.223,0.148,0.047,0.029,0.4,0.064,0,0.066,0.214,0,0,0,false,false,false,false
buddhist-teachings-on-impermanence,mindfulness-of-breathing-guide,https://echobuddha.com/articles/buddhist-teachings-on-impermanence/,https://echobuddha.com/articles/mindfulness-of-breathing-guide/,Low,false,,0.033,0.122,0.255,0.185,0.063,0.039,0.4,0.09,0,0,0.296,0,0,0,false,false,false,false
buddhist-teachings-on-impermanence,loving-kindness-meditation-guide,https://echobuddha.com/articles/buddhist-teachings-on-impermanence/,https://echobuddha.com/articles/loving-kindness-meditation-guide/,Low,false,,0.016,0.123,0.292,0.17,0.018,0.048,0.4,0.074,0,0,0.262,0,0,0,false,false,false,false
buddhist-teachings-on-impermanence,dhammapada-reflection-what-we-think,https://echobuddha.com/articles/buddhist-teachings-on-impermanence/,https://echobuddha.com/articles/dhammapada-reflection-what-we-think/,Low,false,,0.06,0.134,0.277,0.202,0.084,0.053,0.4,0.081,0,0.057,0.313,0,0,0,true,false,false,false
buddhist-teachings-on-impermanence,dhammapada-reflection-trained-mind,https://echobuddha.com/articles/buddhist-teachings-on-impermanence/,https://echobuddha.com/articles/dhammapada-reflection-trained-mind/,Low,false,,0.013,0.132,0.287,0.179,0.033,0.078,0.4,0.114,0,0,0.374,0,0,0,true,false,false,false
buddhist-teachings-on-impermanence,eightfold-path-explained,https://echobuddha.com/articles/buddhist-teachings-on-impermanence/,https://echobuddha.com/articles/eightfold-path-explained/,Low,false,,0.101,0.114,0.248,0.182,0.011,0.07,0.4,0.067,0,0.044,0.316,0,0,0,true,false,false,false
buddhist-teachings-on-impermanence,how-to-let-go-of-attachment-in-buddhism,https://echobuddha.com/articles/buddhist-teachings-on-impermanence/,https://echobuddha.com/articles/how-to-let-go-of-attachment-in-buddhism/,Low,false,,0.127,0.176,0.37,0.211,0.174,0.067,0.4,0.081,0,0.023,0.297,0,0,0,false,false,false,false
buddhist-teachings-on-impermanence,right-speech-buddhism,https://echobuddha.com/articles/buddhist-teachings-on-impermanence/,https://echobuddha.com/articles/right-speech-buddhism/,Low,false,,0.129,0.106,0.219,0.172,0.032,0.071,0.4,0.047,0,0.031,0.306,0,0,0,true,false,false,false
buddhist-teachings-on-impermanence,buddhist-wisdom-for-overthinking,https://echobuddha.com/articles/buddhist-teachings-on-impermanence/,https://echobuddha.com/articles/buddhist-wisdom-for-overthinking/,Low,false,,0.21,0.123,0.262,0.179,0.042,0.054,0.4,0.109,0,0,0.277,0,0,0,false,false,false,false
buddhist-teachings-on-impermanence,impermanence-in-buddhism,https://echobuddha.com/articles/buddhist-teachings-on-impermanence/,https://echobuddha.com/articles/impermanence-in-buddhism/,Medium,true,Impermanence,0.691,0.292,0.671,0.27,0.256,0.09,0.4,0.177,0,0.141,0.562,0.003,0,0,true,false,true,false
buddhist-teachings-on-impermanence,what-is-karma-in-buddhism,https://echobuddha.com/articles/buddhist-teachings-on-impermanence/,https://echobuddha.com/articles/what-is-karma-in-buddhism/,Low,false,,0.357,0.145,0.336,0.163,0.084,0.058,0.4,0.07,0,0.105,0.357,0,0,0,true,false,false,false
buddhist-teachings-on-impermanence,four-noble-truths-explained,https://echobuddha.com/articles/buddhist-teachings-on-impermanence/,https://echobuddha.com/articles/four-noble-truths-explained/,Low,false,,0.193,0.128,0.303,0.179,0.015,0.069,0.4,0.057,0,0,0.253,0.001,0,0,false,false,false,false
buddhist-teachings-on-impermanence,mindfulness-vs-meditation,https://echobuddha.com/articles/buddhist-teachings-on-impermanence/,https://echobuddha.com/articles/mindfulness-vs-meditation/,Low,false,,0.052,0.142,0.313,0.21,0.046,0.106,0.4,0.027,0,0,0.358,0,0,0,true,false,false,false
buddhist-teachings-on-impermanence,buddhist-teachings-on-forgiveness,https://echobuddha.com/articles/buddhist-teachings-on-impermanence/,https://echobuddha.com/articles/buddhist-teachings-on-forgiveness/,Low,false,,0.372,0.123,0.267,0.174,0.042,0.053,0.4,0.105,0,0.032,0.283,0,0,0,false,false,false,false
buddhist-teachings-on-impermanence,metta-meditation-script,https://echobuddha.com/articles/buddhist-teachings-on-impermanence/,https://echobuddha.com/articles/metta-meditation-script/,Low,false,,0.033,0.13,0.295,0.184,0.07,0.035,0.4,0.044,0,0.048,0.36,0,0,0,true,false,false,false
buddhist-teachings-on-impermanence,buddhism-for-beginners-simple-guide,https://echobuddha.com/articles/buddhist-teachings-on-impermanence/,https://echobuddha.com/articles/buddhism-for-beginners-simple-guide/,Low,false,,0.271,0.177,0.347,0.2,0.07,0.27,1,0.063,0,0.049,0.422,0.001,0,0,true,false,false,false
buddhist-teachings-on-impermanence,how-to-meditate-for-anxiety,https://echobuddha.com/articles/buddhist-teachings-on-impermanence/,https://echobuddha.com/articles/how-to-meditate-for-anxiety/,Low,false,,0.017,0.151,0.307,0.189,0,0.236,1,0.079,0,0,0.344,0.001,0,0,true,false,false,false
buddhist-teachings-on-impermanence,loving-kindness-meditation-beginners,https://echobuddha.com/articles/buddhist-teachings-on-impermanence/,https://echobuddha.com/articles/loving-kindness-meditation-beginners/,Low,false,,0.044,0.145,0.26,0.17,0.057,0.242,1,0.105,0,0,0.255,0.001,0,0,false,false,false,false
buddhist-teachings-on-impermanence,eightfold-path-explained-daily-life,https://echobuddha.com/articles/buddhist-teachings-on-impermanence/,https://echobuddha.com/articles/eightfold-path-explained-daily-life/,Low,false,,0.28,0.149,0.251,0.192,0.065,0.255,1,0.094,0,0.033,0.343,0.001,0,0,true,false,false,false
buddhist-teachings-on-impermanence,mindfulness-morning-routine,https://echobuddha.com/articles/buddhist-teachings-on-impermanence/,https://echobuddha.com/articles/mindfulness-morning-routine/,Low,false,,0.014,0.128,0.24,0.15,0.019,0.235,1,0.07,0,0,0.29,0.001,0,0,false,false,false,false
buddhist-teachings-on-impermanence,buddhist-teachings-on-impermanence,https://echobuddha.com/articles/buddhist-teachings-on-impermanence/,https://echobuddha.com/articles/buddhist-teachings-on-impermanence/,Self,true,Impermanence,1,1,1,1,1,1,1,1,1,1,1,1,47,0,true,true,false,false
buddhist-teachings-on-impermanence,walking-meditation-step-by-step,https://echobuddha.com/articles/buddhist-teachings-on-impermanence/,https://echobuddha.com/articles/walking-meditation-step-by-step/,Low,false,,0.013,0.141,0.269,0.183,0,0.255,1,0.075,0,0.033,0.328,0.001,0,0,true,false,false,false
buddhist-teachings-on-impermanence,buddhist-approach-to-anger,https://echobuddha.com/articles/buddhist-teachings-on-impermanence/,https://echobuddha.com/articles/buddhist-approach-to-anger/,Low,false,,0.242,0.129,0.219,0.173,0.037,0.26,1,0.051,0,0,0.227,0.001,0,0,false,false,false,false
buddhist-teachings-on-impermanence,mindfulness-for-better-sleep,https://echobuddha.com/articles/buddhist-teachings-on-impermanence/,https://echobuddha.com/articles/mindfulness-for-better-sleep/,Low,false,,0.029,0.141,0.249,0.178,0.054,0.248,1,0.061,0,0.021,0.297,0.001,0,0,false,false,false,false
buddhist-teachings-on-impermanence,how-to-practice-non-attachment,https://echobuddha.com/articles/buddhist-teachings-on-impermanence/,https://echobuddha.com/articles/how-to-practice-non-attachment/,Low,false,,0.155,0.209,0.392,0.215,0.162,0.257,1,0.141,0,0.071,0.426,0.001,0,0,true,false,false,false
buddhist-teachings-on-impermanence,beginning-a-daily-mindfulness-practice,https://echobuddha.com/articles/buddhist-teachings-on-impermanence/,https://echobuddha.com/articles/beginning-a-daily-mindfulness-practice/,Low,false,,0.138,0.155,0.293,0.182,0.072,0.252,1,0.043,0,0,0.354,0.001,0,0,true,false,false,false
buddhist-teachings-on-impermanence,compassion-as-a-daily-discipline,https://echobuddha.com/articles/buddhist-teachings-on-impermanence/,https://echobuddha.com/articles/compassion-as-a-daily-discipline/,Low,false,,0.258,0.159,0.278,0.181,0.063,0.333,0.4,0.037,0,0,0.349,0.001,0,0,true,false,false,false
buddhist-teachings-on-impermanence,letting-go-without-giving-up,https://echobuddha.com/articles/buddhist-teachings-on-impermanence/,https://echobuddha.com/articles/letting-go-without-giving-up/,Low,false,,0.018,0.181,0.342,0.223,0.043,0.233,0.4,0.191,0,0,0.342,0.001,0,0,true,false,false,false
buddhist-teachings-on-impermanence,three-ways-to-practice-patience,https://echobuddha.com/articles/buddhist-teachings-on-impermanence/,https://echobuddha.com/articles/three-ways-to-practice-patience/,Low,false,,0.134,0.156,0.297,0.184,0.042,0.25,0.4,0.09,0,0.258,0.376,0.001,0,0,true,false,false,false
buddhist-teachings-on-impermanence,mindful-listening-in-everyday-life,https://echobuddha.com/articles/buddhist-teachings-on-impermanence/,https://echobuddha.com/articles/mindful-listening-in-everyday-life/,Low,false,,0.017,0.144,0.263,0.181,0.021,0.261,0.4,0.091,0,0,0.359,0.001,0,0,true,false,false,false
buddhist-teachings-on-impermanence,creating-a-peaceful-corner-at-home,https://echobuddha.com/articles/buddhist-teachings-on-impermanence/,https://echobuddha.com/articles/creating-a-peaceful-corner-at-home/,Low,false,,0.047,0.136,0.252,0.145,0.065,0.253,1,0.038,0,0.016,0.299,0.001,0,0,false,false,false,false
walking-meditation-step-by-step,what-is-buddhism-beginner-guide,https://echobuddha.com/articles/walking-meditation-step-by-step/,https://echobuddha.com/articles/what-is-buddhism-beginner-guide/,Low,false,,0.12,0.168,0.367,0.168,0.096,0.054,0.4,0.226,0,0.103,0.439,0,0,0,true,false,false,false
walking-meditation-step-by-step,four-noble-truths-explained-simply,https://echobuddha.com/articles/walking-meditation-step-by-step/,https://echobuddha.com/articles/four-noble-truths-explained-simply/,Low,false,,0.012,0.12,0.271,0.15,0.035,0.053,0.4,0.111,0,0.031,0.325,0.001,0,0,true,false,false,false
walking-meditation-step-by-step,noble-eightfold-path-practical-guide,https://echobuddha.com/articles/walking-meditation-step-by-step/,https://echobuddha.com/articles/noble-eightfold-path-practical-guide/,Low,false,,0.174,0.128,0.282,0.146,0.073,0.04,0.4,0.126,0,0.036,0.326,0.001,0,0,true,false,false,false
walking-meditation-step-by-step,impermanence-in-buddhism-letting-go,https://echobuddha.com/articles/walking-meditation-step-by-step/,https://echobuddha.com/articles/impermanence-in-buddhism-letting-go/,Low,false,,0.015,0.105,0.216,0.145,0.06,0.057,0.4,0.082,0,0.028,0.251,0,0,0,false,false,false,false
walking-meditation-step-by-step,compassion-in-buddhism-beginner-guide,https://echobuddha.com/articles/walking-meditation-step-by-step/,https://echobuddha.com/articles/compassion-in-buddhism-beginner-guide/,Low,false,,0.131,0.092,0.205,0.146,0.035,0.044,0.4,0.018,0,0,0.309,0,0,0,true,false,false,false
walking-meditation-step-by-step,how-to-meditate-for-beginners,https://echobuddha.com/articles/walking-meditation-step-by-step/,https://echobuddha.com/articles/how-to-meditate-for-beginners/,Low,true,Beginner Meditation and Mindfulness,0.487,0.186,0.396,0.188,0.129,0.083,0.4,0.207,0,0.108,0.374,0,0,0,true,false,false,false
walking-meditation-step-by-step,mindfulness-of-breathing-guide,https://echobuddha.com/articles/walking-meditation-step-by-step/,https://echobuddha.com/articles/mindfulness-of-breathing-guide/,Low,true,Beginner Meditation and Mindfulness,0.365,0.183,0.384,0.218,0.113,0.058,0.4,0.227,0,0.113,0.407,0,0,0,true,false,false,false
walking-meditation-step-by-step,loving-kindness-meditation-guide,https://echobuddha.com/articles/walking-meditation-step-by-step/,https://echobuddha.com/articles/loving-kindness-meditation-guide/,Low,false,,0.538,0.139,0.287,0.158,0.073,0.058,0.4,0.2,0,0,0.375,0,0,0,true,false,false,false
walking-meditation-step-by-step,dhammapada-reflection-what-we-think,https://echobuddha.com/articles/walking-meditation-step-by-step/,https://echobuddha.com/articles/dhammapada-reflection-what-we-think/,Low,false,,0,0.104,0.237,0.125,0.051,0.045,0.4,0.061,0,0.039,0.273,0,0,0,false,false,false,false
walking-meditation-step-by-step,dhammapada-reflection-trained-mind,https://echobuddha.com/articles/walking-meditation-step-by-step/,https://echobuddha.com/articles/dhammapada-reflection-trained-mind/,Low,false,,0.012,0.143,0.315,0.175,0.084,0.044,0.4,0.123,0,0.069,0.419,0,0,0,true,false,false,false
walking-meditation-step-by-step,eightfold-path-explained,https://echobuddha.com/articles/walking-meditation-step-by-step/,https://echobuddha.com/articles/eightfold-path-explained/,Low,false,,0.047,0.143,0.336,0.146,0.033,0.071,0.4,0.158,0,0.1,0.418,0,0,0,true,false,false,false
walking-meditation-step-by-step,how-to-let-go-of-attachment-in-buddhism,https://echobuddha.com/articles/walking-meditation-step-by-step/,https://echobuddha.com/articles/how-to-let-go-of-attachment-in-buddhism/,Low,false,,0.027,0.105,0.234,0.141,0.044,0.047,0.4,0.068,0,0.064,0.315,0,0,0,true,false,false,false
walking-meditation-step-by-step,right-speech-buddhism,https://echobuddha.com/articles/walking-meditation-step-by-step/,https://echobuddha.com/articles/right-speech-buddhism/,Low,false,,0.056,0.101,0.222,0.137,0.049,0.043,0.4,0.069,0,0,0.35,0,0,0,true,false,false,false
walking-meditation-step-by-step,buddhist-wisdom-for-overthinking,https://echobuddha.com/articles/walking-meditation-step-by-step/,https://echobuddha.com/articles/buddhist-wisdom-for-overthinking/,Low,false,,0,0.15,0.321,0.165,0.086,0.038,0.4,0.213,0,0,0.389,0,0,0,true,false,false,false
walking-meditation-step-by-step,impermanence-in-buddhism,https://echobuddha.com/articles/walking-meditation-step-by-step/,https://echobuddha.com/articles/impermanence-in-buddhism/,Low,false,,0,0.109,0.26,0.156,0.012,0.047,0.4,0.047,0,0.028,0.326,0,0,0,true,false,false,false
walking-meditation-step-by-step,what-is-karma-in-buddhism,https://echobuddha.com/articles/walking-meditation-step-by-step/,https://echobuddha.com/articles/what-is-karma-in-buddhism/,Low,false,,0.074,0.091,0.221,0.115,0.017,0.032,0.4,0.059,0,0.061,0.291,0.001,0,0,false,false,false,false
walking-meditation-step-by-step,four-noble-truths-explained,https://echobuddha.com/articles/walking-meditation-step-by-step/,https://echobuddha.com/articles/four-noble-truths-explained/,Low,false,,0.024,0.109,0.262,0.147,0,0.044,0.4,0.083,0,0,0.279,0.001,0,0,false,false,false,false
walking-meditation-step-by-step,mindfulness-vs-meditation,https://echobuddha.com/articles/walking-meditation-step-by-step/,https://echobuddha.com/articles/mindfulness-vs-meditation/,Low,true,Beginner Meditation and Mindfulness,0.414,0.232,0.462,0.204,0.255,0.062,0.4,0.333,0,0,0.548,0,0,0,true,false,false,false
walking-meditation-step-by-step,buddhist-teachings-on-forgiveness,https://echobuddha.com/articles/walking-meditation-step-by-step/,https://echobuddha.com/articles/buddhist-teachings-on-forgiveness/,Low,false,,0,0.109,0.242,0.137,0.071,0.037,0.4,0.063,0,0,0.272,0,0,0,false,false,false,false
walking-meditation-step-by-step,metta-meditation-script,https://echobuddha.com/articles/walking-meditation-step-by-step/,https://echobuddha.com/articles/metta-meditation-script/,Low,false,,0.45,0.156,0.381,0.176,0.035,0.044,0.4,0.131,0,0.131,0.494,0,0,0,true,false,false,false
walking-meditation-step-by-step,buddhism-for-beginners-simple-guide,https://echobuddha.com/articles/walking-meditation-step-by-step/,https://echobuddha.com/articles/buddhism-for-beginners-simple-guide/,Low,false,,0.208,0.211,0.424,0.188,0.054,0.272,1,0.271,0,0.022,0.441,0.002,0,0,true,false,false,false
walking-meditation-step-by-step,how-to-meditate-for-anxiety,https://echobuddha.com/articles/walking-meditation-step-by-step/,https://echobuddha.com/articles/how-to-meditate-for-anxiety/,Low,true,Beginner Meditation and Mindfulness,0.317,0.268,0.539,0.252,0.158,0.237,1,0.315,0,0,0.571,0.004,0,0,true,false,false,false
walking-meditation-step-by-step,loving-kindness-meditation-beginners,https://echobuddha.com/articles/walking-meditation-step-by-step/,https://echobuddha.com/articles/loving-kindness-meditation-beginners/,Low,false,,0.496,0.187,0.335,0.186,0.058,0.329,1,0.197,0,0,0.334,0.003,0,0,true,false,false,false
walking-meditation-step-by-step,eightfold-path-explained-daily-life,https://echobuddha.com/articles/walking-meditation-step-by-step/,https://echobuddha.com/articles/eightfold-path-explained-daily-life/,Low,false,,0.011,0.189,0.364,0.161,0.033,0.268,1,0.305,0,0.045,0.389,0.001,0,0,true,false,false,false
walking-meditation-step-by-step,mindfulness-morning-routine,https://echobuddha.com/articles/walking-meditation-step-by-step/,https://echobuddha.com/articles/mindfulness-morning-routine/,Low,true,Beginner Meditation and Mindfulness,0.135,0.203,0.391,0.208,0.079,0.3,1,0.166,0,0,0.406,0.003,0,0,true,false,false,false
walking-meditation-step-by-step,buddhist-teachings-on-impermanence,https://echobuddha.com/articles/walking-meditation-step-by-step/,https://echobuddha.com/articles/buddhist-teachings-on-impermanence/,Low,false,,0.013,0.141,0.269,0.183,0,0.255,1,0.075,0,0.033,0.328,0.001,0,0,true,false,false,false
walking-meditation-step-by-step,walking-meditation-step-by-step,https://echobuddha.com/articles/walking-meditation-step-by-step/,https://echobuddha.com/articles/walking-meditation-step-by-step/,Self,true,Beginner Meditation and Mindfulness,1,1,1,1,1,1,1,1,1,1,1,1,52,0,true,true,false,false
walking-meditation-step-by-step,buddhist-approach-to-anger,https://echobuddha.com/articles/walking-meditation-step-by-step/,https://echobuddha.com/articles/buddhist-approach-to-anger/,Low,false,,0.025,0.142,0.225,0.129,0.132,0.242,1,0.134,0,0,0.223,0.001,0,0,false,false,false,false
walking-meditation-step-by-step,mindfulness-for-better-sleep,https://echobuddha.com/articles/walking-meditation-step-by-step/,https://echobuddha.com/articles/mindfulness-for-better-sleep/,Low,true,Beginner Meditation and Mindfulness,0.114,0.198,0.413,0.191,0.055,0.26,1,0.165,0,0.029,0.431,0.001,0,0,true,false,false,false
walking-meditation-step-by-step,how-to-practice-non-attachment,https://echobuddha.com/articles/walking-meditation-step-by-step/,https://echobuddha.com/articles/how-to-practice-non-attachment/,Low,false,,0.089,0.145,0.285,0.148,0.037,0.27,1,0.047,0,0.019,0.306,0.001,0,0,true,false,false,false
walking-meditation-step-by-step,beginning-a-daily-mindfulness-practice,https://echobuddha.com/articles/walking-meditation-step-by-step/,https://echobuddha.com/articles/beginning-a-daily-mindfulness-practice/,Low,true,Beginner Meditation and Mindfulness,0.239,0.22,0.436,0.205,0.11,0.285,1,0.192,0,0,0.451,0.001,0,0,true,false,false,false
walking-meditation-step-by-step,compassion-as-a-daily-discipline,https://echobuddha.com/articles/walking-meditation-step-by-step/,https://echobuddha.com/articles/compassion-as-a-daily-discipline/,Low,false,,0.016,0.14,0.254,0.151,0,0.312,0.4,0.088,0,0,0.298,0.003,0,0,false,false,false,false
walking-meditation-step-by-step,letting-go-without-giving-up,https://echobuddha.com/articles/walking-meditation-step-by-step/,https://echobuddha.com/articles/letting-go-without-giving-up/,Low,false,,0.015,0.14,0.28,0.168,0.022,0.225,0.4,0.057,0,0,0.298,0.001,0,0,false,false,false,false
walking-meditation-step-by-step,three-ways-to-practice-patience,https://echobuddha.com/articles/walking-meditation-step-by-step/,https://echobuddha.com/articles/three-ways-to-practice-patience/,Low,false,,0.09,0.176,0.335,0.151,0.086,0.302,0.4,0.12,0,0.101,0.406,0.003,0,0,true,false,false,false
walking-meditation-step-by-step,mindful-listening-in-everyday-life,https://echobuddha.com/articles/walking-meditation-step-by-step/,https://echobuddha.com/articles/mindful-listening-in-everyday-life/,Low,false,,0.104,0.182,0.336,0.207,0.043,0.313,0.4,0.133,0,0.036,0.338,0.003,0,0,true,false,false,false
walking-meditation-step-by-step,creating-a-peaceful-corner-at-home,https://echobuddha.com/articles/walking-meditation-step-by-step/,https://echobuddha.com/articles/creating-a-peaceful-corner-at-home/,Low,false,,0.38,0.212,0.406,0.193,0.111,0.277,1,0.237,0,0.022,0.401,0.001,0,0,true,false,false,false
buddhist-approach-to-anger,what-is-buddhism-beginner-guide,https://echobuddha.com/articles/buddhist-approach-to-anger/,https://echobuddha.com/articles/what-is-buddhism-beginner-guide/,Low,false,,0.254,0.138,0.31,0.176,0.086,0.028,0.4,0.098,0,0.07,0.358,0,0,0,true,false,false,false
buddhist-approach-to-anger,four-noble-truths-explained-simply,https://echobuddha.com/articles/buddhist-approach-to-anger/,https://echobuddha.com/articles/four-noble-truths-explained-simply/,Low,false,,0.18,0.114,0.235,0.159,0.036,0.05,0.4,0.138,0,0.07,0.24,0,0,0,false,false,false,false
buddhist-approach-to-anger,noble-eightfold-path-practical-guide,https://echobuddha.com/articles/buddhist-approach-to-anger/,https://echobuddha.com/articles/noble-eightfold-path-practical-guide/,Low,false,,0.135,0.112,0.248,0.157,0.019,0.046,0.4,0.109,0,0.054,0.192,0,0,0,false,false,false,false
buddhist-approach-to-anger,impermanence-in-buddhism-letting-go,https://echobuddha.com/articles/buddhist-approach-to-anger/,https://echobuddha.com/articles/impermanence-in-buddhism-letting-go/,Low,false,,0.176,0.084,0.169,0.129,0.046,0.045,0.4,0.052,0,0.064,0.129,0,0,0,false,false,false,false
buddhist-approach-to-anger,compassion-in-buddhism-beginner-guide,https://echobuddha.com/articles/buddhist-approach-to-anger/,https://echobuddha.com/articles/compassion-in-buddhism-beginner-guide/,Low,false,,0.215,0.137,0.278,0.207,0.109,0.042,0.4,0.072,0,0.111,0.317,0,0,0,true,false,false,false
buddhist-approach-to-anger,how-to-meditate-for-beginners,https://echobuddha.com/articles/buddhist-approach-to-anger/,https://echobuddha.com/articles/how-to-meditate-for-beginners/,Low,false,,0.181,0.113,0.237,0.155,0.1,0.021,0.4,0.063,0,0.041,0.233,0,0,0,false,false,false,false
buddhist-approach-to-anger,mindfulness-of-breathing-guide,https://echobuddha.com/articles/buddhist-approach-to-anger/,https://echobuddha.com/articles/mindfulness-of-breathing-guide/,Low,false,,0.059,0.128,0.262,0.151,0.1,0.038,0.4,0.153,0,0,0.252,0,0,0,false,false,false,false
buddhist-approach-to-anger,loving-kindness-meditation-guide,https://echobuddha.com/articles/buddhist-approach-to-anger/,https://echobuddha.com/articles/loving-kindness-meditation-guide/,Low,false,,0.015,0.126,0.296,0.152,0.057,0.046,0.4,0.064,0,0,0.167,0,0,0,false,false,false,false
buddhist-approach-to-anger,dhammapada-reflection-what-we-think,https://echobuddha.com/articles/buddhist-approach-to-anger/,https://echobuddha.com/articles/dhammapada-reflection-what-we-think/,Low,false,,0.055,0.118,0.251,0.186,0.018,0.035,0.4,0.143,0,0,0.281,0,0,0,false,false,false,false
buddhist-approach-to-anger,dhammapada-reflection-trained-mind,https://echobuddha.com/articles/buddhist-approach-to-anger/,https://echobuddha.com/articles/dhammapada-reflection-trained-mind/,Low,false,,0,0.156,0.317,0.164,0.158,0.05,0.4,0.16,0,0.118,0.248,0,0,0,false,false,false,false
buddhist-approach-to-anger,eightfold-path-explained,https://echobuddha.com/articles/buddhist-approach-to-anger/,https://echobuddha.com/articles/eightfold-path-explained/,Low,false,,0.083,0.126,0.281,0.173,0.034,0.057,0.4,0.099,0,0.046,0.296,0.001,0,0,false,false,false,false
buddhist-approach-to-anger,how-to-let-go-of-attachment-in-buddhism,https://echobuddha.com/articles/buddhist-approach-to-anger/,https://echobuddha.com/articles/how-to-let-go-of-attachment-in-buddhism/,Low,false,,0.116,0.107,0.218,0.15,0.061,0.034,0.4,0.119,0,0.036,0.209,0,0,0,false,false,false,false
buddhist-approach-to-anger,right-speech-buddhism,https://echobuddha.com/articles/buddhist-approach-to-anger/,https://echobuddha.com/articles/right-speech-buddhism/,Low,true,"Compassion, Forgiveness, Patience, Speech, Anger, and Listening",0.082,0.178,0.379,0.194,0.119,0.049,0.4,0.225,0,0.048,0.445,0,0,0,true,false,false,false
buddhist-approach-to-anger,buddhist-wisdom-for-overthinking,https://echobuddha.com/articles/buddhist-approach-to-anger/,https://echobuddha.com/articles/buddhist-wisdom-for-overthinking/,Low,false,,0.237,0.152,0.288,0.172,0.149,0.044,0.4,0.221,0,0,0.308,0,0,0,true,false,false,false
buddhist-approach-to-anger,impermanence-in-buddhism,https://echobuddha.com/articles/buddhist-approach-to-anger/,https://echobuddha.com/articles/impermanence-in-buddhism/,Low,false,,0.111,0.107,0.237,0.155,0.012,0.034,0.4,0.125,0,0,0.292,0.001,0,0,false,false,false,false
buddhist-approach-to-anger,what-is-karma-in-buddhism,https://echobuddha.com/articles/buddhist-approach-to-anger/,https://echobuddha.com/articles/what-is-karma-in-buddhism/,Low,false,,0.258,0.135,0.311,0.19,0.036,0.047,0.4,0.088,0,0.07,0.287,0,0,0,false,false,false,false
buddhist-approach-to-anger,four-noble-truths-explained,https://echobuddha.com/articles/buddhist-approach-to-anger/,https://echobuddha.com/articles/four-noble-truths-explained/,Low,false,,0.113,0.12,0.275,0.189,0.016,0.042,0.4,0.07,0,0,0.263,0,0,0,false,false,false,false
buddhist-approach-to-anger,mindfulness-vs-meditation,https://echobuddha.com/articles/buddhist-approach-to-anger/,https://echobuddha.com/articles/mindfulness-vs-meditation/,Low,false,,0.083,0.141,0.303,0.179,0.096,0.04,0.4,0.121,0,0,0.284,0,0,0,false,false,false,false
buddhist-approach-to-anger,buddhist-teachings-on-forgiveness,https://echobuddha.com/articles/buddhist-approach-to-anger/,https://echobuddha.com/articles/buddhist-teachings-on-forgiveness/,Low,false,"Compassion, Forgiveness, Patience, Speech, Anger, and Listening",0.222,0.196,0.439,0.209,0.133,0.051,0.4,0.184,0,0.099,0.316,0.001,0,0,true,false,false,false
buddhist-approach-to-anger,metta-meditation-script,https://echobuddha.com/articles/buddhist-approach-to-anger/,https://echobuddha.com/articles/metta-meditation-script/,Low,false,,0,0.108,0.247,0.16,0.037,0.027,0.4,0.067,0,0.025,0.249,0,0,0,false,false,false,false
buddhist-approach-to-anger,buddhism-for-beginners-simple-guide,https://echobuddha.com/articles/buddhist-approach-to-anger/,https://echobuddha.com/articles/buddhism-for-beginners-simple-guide/,Low,false,,0.123,0.169,0.287,0.182,0.093,0.256,1,0.193,0,0.076,0.271,0.001,0,0,false,false,false,false
buddhist-approach-to-anger,how-to-meditate-for-anxiety,https://echobuddha.com/articles/buddhist-approach-to-anger/,https://echobuddha.com/articles/how-to-meditate-for-anxiety/,Low,false,,0.091,0.162,0.304,0.185,0.055,0.233,1,0.142,0,0,0.297,0.001,0,0,false,false,false,false
buddhist-approach-to-anger,loving-kindness-meditation-beginners,https://echobuddha.com/articles/buddhist-approach-to-anger/,https://echobuddha.com/articles/loving-kindness-meditation-beginners/,Low,false,,0,0.141,0.248,0.165,0.02,0.248,1,0.159,0,0.101,0.24,0.001,0,0,false,false,false,false
buddhist-approach-to-anger,eightfold-path-explained-daily-life,https://echobuddha.com/articles/buddhist-approach-to-anger/,https://echobuddha.com/articles/eightfold-path-explained-daily-life/,Low,false,,0.17,0.15,0.264,0.172,0,0.252,1,0.232,0,0.064,0.22,0.001,0,0,false,false,false,false
buddhist-approach-to-anger,mindfulness-morning-routine,https://echobuddha.com/articles/buddhist-approach-to-anger/,https://echobuddha.com/articles/mindfulness-morning-routine/,Low,false,,0.091,0.157,0.281,0.167,0.061,0.233,1,0.188,0,0,0.243,0.001,0,0,false,false,false,false
buddhist-approach-to-anger,buddhist-teachings-on-impermanence,https://echobuddha.com/articles/buddhist-approach-to-anger/,https://echobuddha.com/articles/buddhist-teachings-on-impermanence/,Low,false,,0.242,0.129,0.219,0.173,0.037,0.26,1,0.051,0,0,0.227,0.001,0,0,false,false,false,false
buddhist-approach-to-anger,walking-meditation-step-by-step,https://echobuddha.com/articles/buddhist-approach-to-anger/,https://echobuddha.com/articles/walking-meditation-step-by-step/,Low,false,,0.025,0.142,0.225,0.129,0.132,0.242,1,0.134,0,0,0.223,0.001,0,0,false,false,false,false
buddhist-approach-to-anger,buddhist-approach-to-anger,https://echobuddha.com/articles/buddhist-approach-to-anger/,https://echobuddha.com/articles/buddhist-approach-to-anger/,Self,true,"Compassion, Forgiveness, Patience, Speech, Anger, and Listening",1,1,1,1,1,1,1,1,1,1,1,1,46,0,true,true,false,false
buddhist-approach-to-anger,mindfulness-for-better-sleep,https://echobuddha.com/articles/buddhist-approach-to-anger/,https://echobuddha.com/articles/mindfulness-for-better-sleep/,Low,false,,0.093,0.146,0.251,0.163,0.057,0.245,1,0.153,0,0,0.222,0.001,0,0,false,false,false,false
buddhist-approach-to-anger,how-to-practice-non-attachment,https://echobuddha.com/articles/buddhist-approach-to-anger/,https://echobuddha.com/articles/how-to-practice-non-attachment/,Low,false,,0.11,0.155,0.294,0.189,0.038,0.244,1,0.09,0,0.022,0.279,0.001,0,0,false,false,false,false
buddhist-approach-to-anger,beginning-a-daily-mindfulness-practice,https://echobuddha.com/articles/buddhist-approach-to-anger/,https://echobuddha.com/articles/beginning-a-daily-mindfulness-practice/,Low,false,,0.07,0.154,0.262,0.163,0.133,0.239,1,0.084,0,0,0.292,0.001,0,0,false,false,false,false
buddhist-approach-to-anger,compassion-as-a-daily-discipline,https://echobuddha.com/articles/buddhist-approach-to-anger/,https://echobuddha.com/articles/compassion-as-a-daily-discipline/,Low,false,"Compassion, Forgiveness, Patience, Speech, Anger, and Listening",0.235,0.168,0.289,0.229,0.066,0.254,0.4,0.125,0,0,0.286,0.004,0,0,false,false,false,false
buddhist-approach-to-anger,letting-go-without-giving-up,https://echobuddha.com/articles/buddhist-approach-to-anger/,https://echobuddha.com/articles/letting-go-without-giving-up/,Low,false,,0.048,0.152,0.253,0.206,0.091,0.23,0.4,0.094,0,0,0.198,0.001,0,0,false,false,false,false
buddhist-approach-to-anger,three-ways-to-practice-patience,https://echobuddha.com/articles/buddhist-approach-to-anger/,https://echobuddha.com/articles/three-ways-to-practice-patience/,Low,true,"Compassion, Forgiveness, Patience, Speech, Anger, and Listening",0.027,0.235,0.433,0.262,0.112,0.246,0.4,0.325,0,0.057,0.406,0.001,0,0,true,false,false,false
buddhist-approach-to-anger,mindful-listening-in-everyday-life,https://echobuddha.com/articles/buddhist-approach-to-anger/,https://echobuddha.com/articles/mindful-listening-in-everyday-life/,Low,true,"Compassion, Forgiveness, Patience, Speech, Anger, and Listening",0.094,0.169,0.317,0.188,0.067,0.246,0.4,0.141,0,0.04,0.279,0.001,0,0,false,false,false,false
buddhist-approach-to-anger,creating-a-peaceful-corner-at-home,https://echobuddha.com/articles/buddhist-approach-to-anger/,https://echobuddha.com/articles/creating-a-peaceful-corner-at-home/,Low,false,,0,0.139,0.223,0.137,0.115,0.25,1,0.105,0,0,0.245,0.001,0,0,false,false,false,false
mindfulness-for-better-sleep,what-is-buddhism-beginner-guide,https://echobuddha.com/articles/mindfulness-for-better-sleep/,https://echobuddha.com/articles/what-is-buddhism-beginner-guide/,Low,false,,0,0.125,0.29,0.161,0.041,0.05,0.4,0.078,0,0.052,0.316,0,0,0,true,false,false,false
mindfulness-for-better-sleep,four-noble-truths-explained-simply,https://echobuddha.com/articles/mindfulness-for-better-sleep/,https://echobuddha.com/articles/four-noble-truths-explained-simply/,Low,false,,0,0.103,0.202,0.137,0.07,0.049,0.4,0.106,0,0.079,0.219,0,0,0,false,false,false,false
mindfulness-for-better-sleep,noble-eightfold-path-practical-guide,https://echobuddha.com/articles/mindfulness-for-better-sleep/,https://echobuddha.com/articles/noble-eightfold-path-practical-guide/,Low,false,,0.088,0.113,0.261,0.123,0.073,0.037,0.4,0.072,0,0.023,0.208,0,0,0,false,false,false,false
mindfulness-for-better-sleep,impermanence-in-buddhism-letting-go,https://echobuddha.com/articles/mindfulness-for-better-sleep/,https://echobuddha.com/articles/impermanence-in-buddhism-letting-go/,Low,false,,0.049,0.112,0.234,0.145,0.06,0.044,0.4,0.118,0,0.089,0.203,0,0,0,false,false,false,false
mindfulness-for-better-sleep,compassion-in-buddhism-beginner-guide,https://echobuddha.com/articles/mindfulness-for-better-sleep/,https://echobuddha.com/articles/compassion-in-buddhism-beginner-guide/,Low,false,,0.047,0.089,0.192,0.138,0.053,0.041,0.4,0.007,0,0,0.275,0,0,0,false,false,false,false
mindfulness-for-better-sleep,how-to-meditate-for-beginners,https://echobuddha.com/articles/mindfulness-for-better-sleep/,https://echobuddha.com/articles/how-to-meditate-for-beginners/,Low,true,Beginner Meditation and Mindfulness,0.186,0.173,0.409,0.188,0.081,0.043,0.4,0.15,0,0.023,0.332,0,0,0,true,false,false,false
mindfulness-for-better-sleep,mindfulness-of-breathing-guide,https://echobuddha.com/articles/mindfulness-for-better-sleep/,https://echobuddha.com/articles/mindfulness-of-breathing-guide/,Low,true,Beginner Meditation and Mindfulness,0.366,0.173,0.344,0.159,0.129,0.037,0.4,0.361,0,0.018,0.327,0,0,0,true,false,false,false
mindfulness-for-better-sleep,loving-kindness-meditation-guide,https://echobuddha.com/articles/mindfulness-for-better-sleep/,https://echobuddha.com/articles/loving-kindness-meditation-guide/,Low,false,,0.135,0.103,0.212,0.145,0.055,0.037,0.4,0.098,0,0,0.273,0,0,0,false,false,false,false
mindfulness-for-better-sleep,dhammapada-reflection-what-we-think,https://echobuddha.com/articles/mindfulness-for-better-sleep/,https://echobuddha.com/articles/dhammapada-reflection-what-we-think/,Low,false,,0,0.123,0.281,0.127,0.051,0.042,0.4,0.148,0,0,0.234,0,0,0,false,false,false,false
mindfulness-for-better-sleep,dhammapada-reflection-trained-mind,https://echobuddha.com/articles/mindfulness-for-better-sleep/,https://echobuddha.com/articles/dhammapada-reflection-trained-mind/,Low,false,,0,0.14,0.319,0.154,0.067,0.057,0.4,0.127,0,0.022,0.251,0,0,0,false,false,false,false
mindfulness-for-better-sleep,eightfold-path-explained,https://echobuddha.com/articles/mindfulness-for-better-sleep/,https://echobuddha.com/articles/eightfold-path-explained/,Low,false,,0.051,0.119,0.261,0.153,0.044,0.065,0.4,0.086,0,0.013,0.264,0,0,0,false,false,false,false
mindfulness-for-better-sleep,how-to-let-go-of-attachment-in-buddhism,https://echobuddha.com/articles/mindfulness-for-better-sleep/,https://echobuddha.com/articles/how-to-let-go-of-attachment-in-buddhism/,Low,false,,0.164,0.123,0.244,0.14,0.133,0.052,0.4,0.089,0,0.101,0.301,0,0,0,true,false,false,false
mindfulness-for-better-sleep,right-speech-buddhism,https://echobuddha.com/articles/mindfulness-for-better-sleep/,https://echobuddha.com/articles/right-speech-buddhism/,Low,false,,0.024,0.093,0.201,0.132,0.049,0.048,0.4,0.038,0,0,0.235,0,0,0,false,false,false,false
mindfulness-for-better-sleep,buddhist-wisdom-for-overthinking,https://echobuddha.com/articles/mindfulness-for-better-sleep/,https://echobuddha.com/articles/buddhist-wisdom-for-overthinking/,Low,false,,0.174,0.201,0.408,0.197,0.187,0.059,0.4,0.265,0,0,0.383,0.001,0,0,true,false,false,false
mindfulness-for-better-sleep,impermanence-in-buddhism,https://echobuddha.com/articles/mindfulness-for-better-sleep/,https://echobuddha.com/articles/impermanence-in-buddhism/,Low,false,,0,0.117,0.277,0.154,0.024,0.033,0.4,0.091,0,0.035,0.322,0,0,0,true,false,false,false
mindfulness-for-better-sleep,what-is-karma-in-buddhism,https://echobuddha.com/articles/mindfulness-for-better-sleep/,https://echobuddha.com/articles/what-is-karma-in-buddhism/,Low,false,,0.046,0.094,0.198,0.112,0.086,0.03,0.4,0.058,0,0.026,0.228,0,0,0,false,false,false,false
mindfulness-for-better-sleep,four-noble-truths-explained,https://echobuddha.com/articles/mindfulness-for-better-sleep/,https://echobuddha.com/articles/four-noble-truths-explained/,Low,false,,0,0.099,0.211,0.142,0.015,0.041,0.4,0.124,0,0,0.243,0,0,0,false,false,false,false
mindfulness-for-better-sleep,mindfulness-vs-meditation,https://echobuddha.com/articles/mindfulness-for-better-sleep/,https://echobuddha.com/articles/mindfulness-vs-meditation/,Low,true,Beginner Meditation and Mindfulness,0.449,0.211,0.445,0.198,0.151,0.039,0.4,0.363,0,0,0.416,0.001,0,0,true,false,false,false
mindfulness-for-better-sleep,buddhist-teachings-on-forgiveness,https://echobuddha.com/articles/mindfulness-for-better-sleep/,https://echobuddha.com/articles/buddhist-teachings-on-forgiveness/,Low,false,,0,0.105,0.236,0.138,0.071,0.042,0.4,0.027,0,0,0.257,0,0,0,false,false,false,false
mindfulness-for-better-sleep,metta-meditation-script,https://echobuddha.com/articles/mindfulness-for-better-sleep/,https://echobuddha.com/articles/metta-meditation-script/,Low,false,,0.125,0.15,0.335,0.186,0.106,0.033,0.4,0.091,0,0.097,0.433,0,0,0,true,false,false,false
mindfulness-for-better-sleep,buddhism-for-beginners-simple-guide,https://echobuddha.com/articles/mindfulness-for-better-sleep/,https://echobuddha.com/articles/buddhism-for-beginners-simple-guide/,Low,false,,0.028,0.169,0.319,0.177,0.054,0.245,1,0.18,0,0.043,0.281,0.001,0,0,false,false,false,false
mindfulness-for-better-sleep,how-to-meditate-for-anxiety,https://echobuddha.com/articles/mindfulness-for-better-sleep/,https://echobuddha.com/articles/how-to-meditate-for-anxiety/,Low,true,Beginner Meditation and Mindfulness,0.141,0.248,0.514,0.257,0.053,0.27,1,0.283,0,0,0.494,0.002,0,0,true,false,false,false
mindfulness-for-better-sleep,loving-kindness-meditation-beginners,https://echobuddha.com/articles/mindfulness-for-better-sleep/,https://echobuddha.com/articles/loving-kindness-meditation-beginners/,Low,false,,0.138,0.152,0.292,0.181,0.019,0.238,1,0.119,0,0.057,0.307,0.001,0,0,true,false,false,false
mindfulness-for-better-sleep,eightfold-path-explained-daily-life,https://echobuddha.com/articles/mindfulness-for-better-sleep/,https://echobuddha.com/articles/eightfold-path-explained-daily-life/,Low,false,,0.075,0.15,0.277,0.146,0.033,0.26,1,0.167,0,0.036,0.202,0.001,0,0,false,false,false,false
mindfulness-for-better-sleep,mindfulness-morning-routine,https://echobuddha.com/articles/mindfulness-for-better-sleep/,https://echobuddha.com/articles/mindfulness-morning-routine/,Low,true,Beginner Meditation and Mindfulness,0.2,0.215,0.466,0.197,0.02,0.265,1,0.228,0,0,0.346,0.001,0,0,true,false,false,false
mindfulness-for-better-sleep,buddhist-teachings-on-impermanence,https://echobuddha.com/articles/mindfulness-for-better-sleep/,https://echobuddha.com/articles/buddhist-teachings-on-impermanence/,Low,false,,0.029,0.141,0.249,0.178,0.054,0.248,1,0.061,0,0.021,0.297,0.001,0,0,false,false,false,false
mindfulness-for-better-sleep,walking-meditation-step-by-step,https://echobuddha.com/articles/mindfulness-for-better-sleep/,https://echobuddha.com/articles/walking-meditation-step-by-step/,Low,true,Beginner Meditation and Mindfulness,0.114,0.198,0.413,0.191,0.055,0.26,1,0.165,0,0.029,0.431,0.001,0,0,true,false,false,false
mindfulness-for-better-sleep,buddhist-approach-to-anger,https://echobuddha.com/articles/mindfulness-for-better-sleep/,https://echobuddha.com/articles/buddhist-approach-to-anger/,Low,false,,0.093,0.146,0.251,0.163,0.057,0.245,1,0.153,0,0,0.222,0.001,0,0,false,false,false,false
mindfulness-for-better-sleep,mindfulness-for-better-sleep,https://echobuddha.com/articles/mindfulness-for-better-sleep/,https://echobuddha.com/articles/mindfulness-for-better-sleep/,Self,true,Beginner Meditation and Mindfulness,1,1,1,1,1,1,1,1,1,1,1,1,49,0,true,true,false,false
mindfulness-for-better-sleep,how-to-practice-non-attachment,https://echobuddha.com/articles/mindfulness-for-better-sleep/,https://echobuddha.com/articles/how-to-practice-non-attachment/,Low,false,,0.048,0.152,0.289,0.168,0.055,0.262,1,0.065,0,0.025,0.256,0.001,0,0,false,false,false,false
mindfulness-for-better-sleep,beginning-a-daily-mindfulness-practice,https://echobuddha.com/articles/mindfulness-for-better-sleep/,https://echobuddha.com/articles/beginning-a-daily-mindfulness-practice/,Low,true,Beginner Meditation and Mindfulness,0.403,0.211,0.416,0.196,0.092,0.256,1,0.242,0,0,0.371,0.001,0,0,true,false,false,false
mindfulness-for-better-sleep,compassion-as-a-daily-discipline,https://echobuddha.com/articles/mindfulness-for-better-sleep/,https://echobuddha.com/articles/compassion-as-a-daily-discipline/,Low,false,,0.017,0.117,0.222,0.131,0,0.242,0.4,0.062,0,0,0.233,0.001,0,0,false,false,false,false
mindfulness-for-better-sleep,letting-go-without-giving-up,https://echobuddha.com/articles/mindfulness-for-better-sleep/,https://echobuddha.com/articles/letting-go-without-giving-up/,Low,false,,0,0.156,0.268,0.178,0.131,0.238,0.4,0.062,0,0.031,0.217,0.001,0,0,false,false,false,false
mindfulness-for-better-sleep,three-ways-to-practice-patience,https://echobuddha.com/articles/mindfulness-for-better-sleep/,https://echobuddha.com/articles/three-ways-to-practice-patience/,Low,false,,0.111,0.166,0.315,0.166,0.086,0.244,0.4,0.124,0,0.032,0.337,0.001,0,0,true,false,false,false
mindfulness-for-better-sleep,mindful-listening-in-everyday-life,https://echobuddha.com/articles/mindfulness-for-better-sleep/,https://echobuddha.com/articles/mindful-listening-in-everyday-life/,Low,false,,0.177,0.171,0.307,0.184,0.108,0.264,0.4,0.111,0,0.068,0.267,0.001,0,0,false,false,false,false
mindfulness-for-better-sleep,creating-a-peaceful-corner-at-home,https://echobuddha.com/articles/mindfulness-for-better-sleep/,https://echobuddha.com/articles/creating-a-peaceful-corner-at-home/,Low,false,,0.088,0.184,0.356,0.166,0.089,0.268,1,0.161,0,0.014,0.343,0.001,0,0,true,false,false,false
how-to-practice-non-attachment,what-is-buddhism-beginner-guide,https://echobuddha.com/articles/how-to-practice-non-attachment/,https://echobuddha.com/articles/what-is-buddhism-beginner-guide/,Low,false,,0.102,0.148,0.366,0.181,0.069,0.038,0.4,0.027,0,0.131,0.359,0.001,0,0,true,false,false,false
how-to-practice-non-attachment,four-noble-truths-explained-simply,https://echobuddha.com/articles/how-to-practice-non-attachment/,https://echobuddha.com/articles/four-noble-truths-explained-simply/,Low,false,,0.108,0.171,0.365,0.216,0.106,0.063,0.4,0.15,0,0.144,0.369,0,0,0,true,false,false,false
how-to-practice-non-attachment,noble-eightfold-path-practical-guide,https://echobuddha.com/articles/how-to-practice-non-attachment/,https://echobuddha.com/articles/noble-eightfold-path-practical-guide/,Low,false,,0.311,0.146,0.361,0.151,0.055,0.041,0.4,0.1,0,0.086,0.401,0,0,0,true,false,false,false
how-to-practice-non-attachment,impermanence-in-buddhism-letting-go,https://echobuddha.com/articles/how-to-practice-non-attachment/,https://echobuddha.com/articles/impermanence-in-buddhism-letting-go/,Low,false,"Attachment, Non-attachment, and Letting Go",0.115,0.208,0.432,0.236,0.15,0.058,0.4,0.26,0,0.107,0.367,0.001,0,0,true,false,false,false
how-to-practice-non-attachment,compassion-in-buddhism-beginner-guide,https://echobuddha.com/articles/how-to-practice-non-attachment/,https://echobuddha.com/articles/compassion-in-buddhism-beginner-guide/,Low,false,,0.333,0.134,0.322,0.175,0.035,0.045,0.4,0.063,0,0.104,0.307,0,0,0,true,false,false,false
how-to-practice-non-attachment,how-to-meditate-for-beginners,https://echobuddha.com/articles/how-to-practice-non-attachment/,https://echobuddha.com/articles/how-to-meditate-for-beginners/,Low,false,,0.117,0.116,0.251,0.132,0.114,0.03,0.4,0.061,0,0.084,0.243,0,0,0,false,false,false,false
how-to-practice-non-attachment,mindfulness-of-breathing-guide,https://echobuddha.com/articles/how-to-practice-non-attachment/,https://echobuddha.com/articles/mindfulness-of-breathing-guide/,Low,false,,0.072,0.108,0.252,0.145,0.033,0.032,0.4,0.078,0,0.048,0.289,0,0,0,false,false,false,false
how-to-practice-non-attachment,loving-kindness-meditation-guide,https://echobuddha.com/articles/how-to-practice-non-attachment/,https://echobuddha.com/articles/loving-kindness-meditation-guide/,Low,false,,0.053,0.119,0.274,0.146,0.037,0.041,0.4,0.11,0,0,0.29,0,0,0,false,false,false,false
how-to-practice-non-attachment,dhammapada-reflection-what-we-think,https://echobuddha.com/articles/how-to-practice-non-attachment/,https://echobuddha.com/articles/dhammapada-reflection-what-we-think/,Low,false,,0.099,0.138,0.326,0.166,0.069,0.046,0.4,0.054,0,0.066,0.312,0,0,0,true,false,false,false
how-to-practice-non-attachment,dhammapada-reflection-trained-mind,https://echobuddha.com/articles/how-to-practice-non-attachment/,https://echobuddha.com/articles/dhammapada-reflection-trained-mind/,Low,false,,0.133,0.131,0.317,0.175,0.017,0.045,0.4,0.086,0,0.059,0.37,0,0,0,true,false,false,false
how-to-practice-non-attachment,eightfold-path-explained,https://echobuddha.com/articles/how-to-practice-non-attachment/,https://echobuddha.com/articles/eightfold-path-explained/,Low,false,,0.06,0.13,0.32,0.156,0.033,0.062,0.4,0.039,0,0.111,0.339,0,0,0,true,false,false,false
how-to-practice-non-attachment,how-to-let-go-of-attachment-in-buddhism,https://echobuddha.com/articles/how-to-practice-non-attachment/,https://echobuddha.com/articles/how-to-let-go-of-attachment-in-buddhism/,Low,true,"Attachment, Non-attachment, and Letting Go",0.209,0.257,0.567,0.228,0.224,0.059,0.4,0.286,0,0.054,0.482,0.001,0,0,true,false,true,false
how-to-practice-non-attachment,right-speech-buddhism,https://echobuddha.com/articles/how-to-practice-non-attachment/,https://echobuddha.com/articles/right-speech-buddhism/,Low,false,,0.071,0.125,0.259,0.163,0.116,0.043,0.4,0.056,0,0.053,0.34,0,0,0,true,false,false,false
how-to-practice-non-attachment,buddhist-wisdom-for-overthinking,https://echobuddha.com/articles/how-to-practice-non-attachment/,https://echobuddha.com/articles/buddhist-wisdom-for-overthinking/,Low,false,,0.082,0.133,0.293,0.179,0.058,0.038,0.4,0.125,0,0,0.343,0.001,0,0,true,false,false,false
how-to-practice-non-attachment,impermanence-in-buddhism,https://echobuddha.com/articles/how-to-practice-non-attachment/,https://echobuddha.com/articles/impermanence-in-buddhism/,Low,false,,0.089,0.191,0.412,0.21,0.131,0.037,0.4,0.236,0,0.058,0.412,0.003,0,0,true,false,false,false
how-to-practice-non-attachment,what-is-karma-in-buddhism,https://echobuddha.com/articles/how-to-practice-non-attachment/,https://echobuddha.com/articles/what-is-karma-in-buddhism/,Low,false,,0.352,0.144,0.353,0.177,0.035,0.033,0.4,0.097,0,0.156,0.407,0,0,0,true,false,false,false
how-to-practice-non-attachment,four-noble-truths-explained,https://echobuddha.com/articles/how-to-practice-non-attachment/,https://echobuddha.com/articles/four-noble-truths-explained/,Low,false,,0.121,0.142,0.323,0.189,0.031,0.045,0.4,0.142,0,0,0.293,0,0,0,false,false,false,false
how-to-practice-non-attachment,mindfulness-vs-meditation,https://echobuddha.com/articles/how-to-practice-non-attachment/,https://echobuddha.com/articles/mindfulness-vs-meditation/,Low,false,,0.157,0.134,0.301,0.156,0.117,0.043,0.4,0.039,0,0,0.344,0,0,0,true,false,false,false
how-to-practice-non-attachment,buddhist-teachings-on-forgiveness,https://echobuddha.com/articles/how-to-practice-non-attachment/,https://echobuddha.com/articles/buddhist-teachings-on-forgiveness/,Low,false,,0.141,0.138,0.347,0.191,0,0.038,0.4,0.072,0,0.074,0.307,0.001,0,0,true,false,false,false
how-to-practice-non-attachment,metta-meditation-script,https://echobuddha.com/articles/how-to-practice-non-attachment/,https://echobuddha.com/articles/metta-meditation-script/,Low,false,,0.11,0.151,0.364,0.168,0.071,0.029,0.4,0.113,0,0.12,0.406,0,0,0,true,false,false,false
how-to-practice-non-attachment,buddhism-for-beginners-simple-guide,https://echobuddha.com/articles/how-to-practice-non-attachment/,https://echobuddha.com/articles/buddhism-for-beginners-simple-guide/,Low,false,,0.116,0.217,0.424,0.183,0.162,0.253,1,0.199,0,0.113,0.464,0.001,0,0,true,false,false,false
how-to-practice-non-attachment,how-to-meditate-for-anxiety,https://echobuddha.com/articles/how-to-practice-non-attachment/,https://echobuddha.com/articles/how-to-meditate-for-anxiety/,Low,false,,0.073,0.156,0.337,0.156,0,0.249,1,0.082,0,0,0.359,0.001,0,0,true,false,false,false
how-to-practice-non-attachment,loving-kindness-meditation-beginners,https://echobuddha.com/articles/how-to-practice-non-attachment/,https://echobuddha.com/articles/loving-kindness-meditation-beginners/,Low,false,,0.113,0.165,0.312,0.179,0.039,0.255,1,0.162,0,0.057,0.276,0.001,0,0,false,false,false,false
how-to-practice-non-attachment,eightfold-path-explained-daily-life,https://echobuddha.com/articles/how-to-practice-non-attachment/,https://echobuddha.com/articles/eightfold-path-explained-daily-life/,Low,false,,0.293,0.167,0.327,0.166,0.05,0.27,1,0.122,0,0.13,0.312,0.001,0,0,true,false,false,false
how-to-practice-non-attachment,mindfulness-morning-routine,https://echobuddha.com/articles/how-to-practice-non-attachment/,https://echobuddha.com/articles/mindfulness-morning-routine/,Low,false,,0.031,0.159,0.33,0.152,0,0.247,1,0.152,0,0.083,0.368,0.001,0,0,true,false,false,false
how-to-practice-non-attachment,buddhist-teachings-on-impermanence,https://echobuddha.com/articles/how-to-practice-non-attachment/,https://echobuddha.com/articles/buddhist-teachings-on-impermanence/,Low,false,,0.155,0.209,0.392,0.215,0.162,0.257,1,0.141,0,0.071,0.426,0.001,0,0,true,false,false,false
how-to-practice-non-attachment,walking-meditation-step-by-step,https://echobuddha.com/articles/how-to-practice-non-attachment/,https://echobuddha.com/articles/walking-meditation-step-by-step/,Low,false,,0.089,0.145,0.285,0.148,0.037,0.27,1,0.047,0,0.019,0.306,0.001,0,0,true,false,false,false
how-to-practice-non-attachment,buddhist-approach-to-anger,https://echobuddha.com/articles/how-to-practice-non-attachment/,https://echobuddha.com/articles/buddhist-approach-to-anger/,Low,false,,0.11,0.155,0.294,0.189,0.038,0.244,1,0.09,0,0.022,0.279,0.001,0,0,false,false,false,false
how-to-practice-non-attachment,mindfulness-for-better-sleep,https://echobuddha.com/articles/how-to-practice-non-attachment/,https://echobuddha.com/articles/mindfulness-for-better-sleep/,Low,false,,0.048,0.152,0.289,0.168,0.055,0.262,1,0.065,0,0.025,0.256,0.001,0,0,false,false,false,false
how-to-practice-non-attachment,how-to-practice-non-attachment,https://echobuddha.com/articles/how-to-practice-non-attachment/,https://echobuddha.com/articles/how-to-practice-non-attachment/,Self,true,"Attachment, Non-attachment, and Letting Go",1,1,1,1,1,1,1,1,1,1,1,1,51,0,true,true,false,false
how-to-practice-non-attachment,beginning-a-daily-mindfulness-practice,https://echobuddha.com/articles/how-to-practice-non-attachment/,https://echobuddha.com/articles/beginning-a-daily-mindfulness-practice/,Low,false,,0.271,0.176,0.333,0.143,0.13,0.255,1,0.137,0,0,0.366,0.001,0,0,true,false,false,false
how-to-practice-non-attachment,compassion-as-a-daily-discipline,https://echobuddha.com/articles/how-to-practice-non-attachment/,https://echobuddha.com/articles/compassion-as-a-daily-discipline/,Low,false,,0.203,0.166,0.339,0.165,0.022,0.252,0.4,0.143,0,0.027,0.352,0.001,0,0,true,false,false,false
how-to-practice-non-attachment,letting-go-without-giving-up,https://echobuddha.com/articles/how-to-practice-non-attachment/,https://echobuddha.com/articles/letting-go-without-giving-up/,Medium,true,"Attachment, Non-attachment, and Letting Go",0.35,0.271,0.583,0.273,0.132,0.237,0.4,0.208,0,0.104,0.556,0.002,0,0,true,false,true,false
how-to-practice-non-attachment,three-ways-to-practice-patience,https://echobuddha.com/articles/how-to-practice-non-attachment/,https://echobuddha.com/articles/three-ways-to-practice-patience/,Low,false,,0.359,0.183,0.377,0.196,0.022,0.243,0.4,0.172,0,0.128,0.449,0.002,0,0,true,false,false,false
how-to-practice-non-attachment,mindful-listening-in-everyday-life,https://echobuddha.com/articles/how-to-practice-non-attachment/,https://echobuddha.com/articles/mindful-listening-in-everyday-life/,Low,false,,0.321,0.18,0.349,0.177,0.065,0.304,0.4,0.094,0,0.106,0.379,0.002,0,0,true,false,false,false
how-to-practice-non-attachment,creating-a-peaceful-corner-at-home,https://echobuddha.com/articles/how-to-practice-non-attachment/,https://echobuddha.com/articles/creating-a-peaceful-corner-at-home/,Low,false,,0.121,0.132,0.253,0.118,0.067,0.247,1,0.044,0,0.057,0.251,0.001,0,0,false,false,false,false
beginning-a-daily-mindfulness-practice,what-is-buddhism-beginner-guide,https://echobuddha.com/articles/beginning-a-daily-mindfulness-practice/,https://echobuddha.com/articles/what-is-buddhism-beginner-guide/,Low,false,,0.015,0.16,0.362,0.159,0.167,0.044,0.4,0.055,0,0,0.393,0,0,0,true,false,false,false
beginning-a-daily-mindfulness-practice,four-noble-truths-explained-simply,https://echobuddha.com/articles/beginning-a-daily-mindfulness-practice/,https://echobuddha.com/articles/four-noble-truths-explained-simply/,Low,false,,0.083,0.147,0.293,0.15,0.177,0.051,0.4,0.12,0,0,0.324,0.001,0,0,true,false,false,false
beginning-a-daily-mindfulness-practice,noble-eightfold-path-practical-guide,https://echobuddha.com/articles/beginning-a-daily-mindfulness-practice/,https://echobuddha.com/articles/noble-eightfold-path-practical-guide/,Low,false,,0.292,0.176,0.396,0.156,0.128,0.056,0.4,0.196,0,0,0.367,0,0,0,true,false,false,false
beginning-a-daily-mindfulness-practice,impermanence-in-buddhism-letting-go,https://echobuddha.com/articles/beginning-a-daily-mindfulness-practice/,https://echobuddha.com/articles/impermanence-in-buddhism-letting-go/,Low,false,,0,0.121,0.256,0.155,0.09,0.046,0.4,0.08,0,0,0.277,0,0,0,false,false,false,false
beginning-a-daily-mindfulness-practice,compassion-in-buddhism-beginner-guide,https://echobuddha.com/articles/beginning-a-daily-mindfulness-practice/,https://echobuddha.com/articles/compassion-in-buddhism-beginner-guide/,Low,false,,0.332,0.133,0.279,0.146,0.177,0.043,0.4,0.021,0,0,0.378,0,0,0,true,false,false,false
beginning-a-daily-mindfulness-practice,how-to-meditate-for-beginners,https://echobuddha.com/articles/beginning-a-daily-mindfulness-practice/,https://echobuddha.com/articles/how-to-meditate-for-beginners/,Low,true,Beginner Meditation and Mindfulness,0.406,0.207,0.462,0.26,0.114,0.062,0.4,0.15,0,0,0.43,0.003,0,0,true,false,false,false
beginning-a-daily-mindfulness-practice,mindfulness-of-breathing-guide,https://echobuddha.com/articles/beginning-a-daily-mindfulness-practice/,https://echobuddha.com/articles/mindfulness-of-breathing-guide/,Low,true,Beginner Meditation and Mindfulness,0.465,0.202,0.444,0.194,0.163,0.038,0.4,0.238,0,0,0.46,0.001,0,0,true,false,false,false
beginning-a-daily-mindfulness-practice,loving-kindness-meditation-guide,https://echobuddha.com/articles/beginning-a-daily-mindfulness-practice/,https://echobuddha.com/articles/loving-kindness-meditation-guide/,Low,false,,0.236,0.142,0.288,0.148,0.167,0.047,0.4,0.103,0,0,0.384,0.001,0,0,true,false,false,false
beginning-a-daily-mindfulness-practice,dhammapada-reflection-what-we-think,https://echobuddha.com/articles/beginning-a-daily-mindfulness-practice/,https://echobuddha.com/articles/dhammapada-reflection-what-we-think/,Low,false,,0,0.131,0.304,0.134,0.086,0.044,0.4,0.094,0,0,0.303,0,0,0,true,false,false,false
beginning-a-daily-mindfulness-practice,dhammapada-reflection-trained-mind,https://echobuddha.com/articles/beginning-a-daily-mindfulness-practice/,https://echobuddha.com/articles/dhammapada-reflection-trained-mind/,Low,false,,0.053,0.179,0.446,0.193,0.034,0.043,0.4,0.173,0,0,0.501,0,0,0,true,false,false,false
beginning-a-daily-mindfulness-practice,eightfold-path-explained,https://echobuddha.com/articles/beginning-a-daily-mindfulness-practice/,https://echobuddha.com/articles/eightfold-path-explained/,Low,false,,0.108,0.167,0.387,0.175,0.1,0.058,0.4,0.117,0,0,0.47,0,0,0,true,false,false,false
beginning-a-daily-mindfulness-practice,how-to-let-go-of-attachment-in-buddhism,https://echobuddha.com/articles/beginning-a-daily-mindfulness-practice/,https://echobuddha.com/articles/how-to-let-go-of-attachment-in-buddhism/,Low,false,,0.188,0.123,0.299,0.145,0.06,0.035,0.4,0.047,0,0,0.429,0.001,0,0,true,false,false,false
beginning-a-daily-mindfulness-practice,right-speech-buddhism,https://echobuddha.com/articles/beginning-a-daily-mindfulness-practice/,https://echobuddha.com/articles/right-speech-buddhism/,Low,false,,0.127,0.122,0.24,0.116,0.198,0.032,0.4,0.057,0,0,0.367,0,0,0,true,false,false,false
beginning-a-daily-mindfulness-practice,buddhist-wisdom-for-overthinking,https://echobuddha.com/articles/beginning-a-daily-mindfulness-practice/,https://echobuddha.com/articles/buddhist-wisdom-for-overthinking/,Low,false,,0.122,0.174,0.4,0.173,0.087,0.029,0.4,0.224,0,0,0.478,0.001,0,0,true,false,false,false
beginning-a-daily-mindfulness-practice,impermanence-in-buddhism,https://echobuddha.com/articles/beginning-a-daily-mindfulness-practice/,https://echobuddha.com/articles/impermanence-in-buddhism/,Low,false,,0.053,0.139,0.32,0.163,0.072,0.044,0.4,0.102,0,0,0.393,0,0,0,true,false,false,false
beginning-a-daily-mindfulness-practice,what-is-karma-in-buddhism,https://echobuddha.com/articles/beginning-a-daily-mindfulness-practice/,https://echobuddha.com/articles/what-is-karma-in-buddhism/,Low,false,,0.34,0.124,0.288,0.145,0.069,0.031,0.4,0.08,0,0,0.349,0.001,0,0,true,false,false,false
beginning-a-daily-mindfulness-practice,four-noble-truths-explained,https://echobuddha.com/articles/beginning-a-daily-mindfulness-practice/,https://echobuddha.com/articles/four-noble-truths-explained/,Low,false,,0.027,0.106,0.238,0.147,0,0.051,0.4,0.123,0,0,0.248,0,0,0,false,false,false,false
beginning-a-daily-mindfulness-practice,mindfulness-vs-meditation,https://echobuddha.com/articles/beginning-a-daily-mindfulness-practice/,https://echobuddha.com/articles/mindfulness-vs-meditation/,Medium,true,Beginner Meditation and Mindfulness,0.689,0.256,0.589,0.219,0.199,0.07,0.4,0.251,0,0,0.593,0.001,0,0,true,false,false,false
beginning-a-daily-mindfulness-practice,buddhist-teachings-on-forgiveness,https://echobuddha.com/articles/beginning-a-daily-mindfulness-practice/,https://echobuddha.com/articles/buddhist-teachings-on-forgiveness/,Low,false,,0,0.113,0.273,0.145,0.057,0.028,0.4,0.029,0,0,0.311,0,0,0,true,false,false,false
beginning-a-daily-mindfulness-practice,metta-meditation-script,https://echobuddha.com/articles/beginning-a-daily-mindfulness-practice/,https://echobuddha.com/articles/metta-meditation-script/,Low,false,,0.306,0.166,0.349,0.163,0.161,0.042,0.4,0.186,0,0,0.426,0.001,0,0,true,false,false,false
beginning-a-daily-mindfulness-practice,buddhism-for-beginners-simple-guide,https://echobuddha.com/articles/beginning-a-daily-mindfulness-practice/,https://echobuddha.com/articles/buddhism-for-beginners-simple-guide/,Low,false,,0.237,0.263,0.528,0.198,0.162,0.258,1,0.366,0,0,0.529,0.001,0,0,true,false,false,false
beginning-a-daily-mindfulness-practice,how-to-meditate-for-anxiety,https://echobuddha.com/articles/beginning-a-daily-mindfulness-practice/,https://echobuddha.com/articles/how-to-meditate-for-anxiety/,Low,true,Beginner Meditation and Mindfulness,0.197,0.225,0.499,0.22,0.018,0.264,1,0.197,0,0,0.518,0.001,0,0,true,false,false,false
beginning-a-daily-mindfulness-practice,loving-kindness-meditation-beginners,https://echobuddha.com/articles/beginning-a-daily-mindfulness-practice/,https://echobuddha.com/articles/loving-kindness-meditation-beginners/,Low,false,,0.363,0.196,0.356,0.201,0.097,0.27,1,0.219,0,0,0.359,0.001,0,0,true,false,false,false
beginning-a-daily-mindfulness-practice,eightfold-path-explained-daily-life,https://echobuddha.com/articles/beginning-a-daily-mindfulness-practice/,https://echobuddha.com/articles/eightfold-path-explained-daily-life/,Low,false,,0.315,0.212,0.394,0.171,0.151,0.264,1,0.267,0,0,0.431,0.001,0,0,true,false,false,false
beginning-a-daily-mindfulness-practice,mindfulness-morning-routine,https://echobuddha.com/articles/beginning-a-daily-mindfulness-practice/,https://echobuddha.com/articles/mindfulness-morning-routine/,Low,true,Beginner Meditation and Mindfulness,0.238,0.25,0.502,0.252,0.099,0.269,1,0.283,0,0,0.484,0.001,0,0,true,false,false,false
beginning-a-daily-mindfulness-practice,buddhist-teachings-on-impermanence,https://echobuddha.com/articles/beginning-a-daily-mindfulness-practice/,https://echobuddha.com/articles/buddhist-teachings-on-impermanence/,Low,false,,0.138,0.155,0.293,0.182,0.072,0.252,1,0.043,0,0,0.354,0.001,0,0,true,false,false,false
beginning-a-daily-mindfulness-practice,walking-meditation-step-by-step,https://echobuddha.com/articles/beginning-a-daily-mindfulness-practice/,https://echobuddha.com/articles/walking-meditation-step-by-step/,Low,true,Beginner Meditation and Mindfulness,0.239,0.22,0.436,0.205,0.11,0.285,1,0.192,0,0,0.451,0.001,0,0,true,false,false,false
beginning-a-daily-mindfulness-practice,buddhist-approach-to-anger,https://echobuddha.com/articles/beginning-a-daily-mindfulness-practice/,https://echobuddha.com/articles/buddhist-approach-to-anger/,Low,false,,0.07,0.154,0.262,0.163,0.133,0.239,1,0.084,0,0,0.292,0.001,0,0,false,false,false,false
beginning-a-daily-mindfulness-practice,mindfulness-for-better-sleep,https://echobuddha.com/articles/beginning-a-daily-mindfulness-practice/,https://echobuddha.com/articles/mindfulness-for-better-sleep/,Low,true,Beginner Meditation and Mindfulness,0.403,0.211,0.416,0.196,0.092,0.256,1,0.242,0,0,0.371,0.001,0,0,true,false,false,false
beginning-a-daily-mindfulness-practice,how-to-practice-non-attachment,https://echobuddha.com/articles/beginning-a-daily-mindfulness-practice/,https://echobuddha.com/articles/how-to-practice-non-attachment/,Low,false,,0.271,0.176,0.333,0.143,0.13,0.255,1,0.137,0,0,0.366,0.001,0,0,true,false,false,false
beginning-a-daily-mindfulness-practice,beginning-a-daily-mindfulness-practice,https://echobuddha.com/articles/beginning-a-daily-mindfulness-practice/,https://echobuddha.com/articles/beginning-a-daily-mindfulness-practice/,Self,true,Beginner Meditation and Mindfulness,1,1,1,1,1,1,1,1,1,1,1,1,50,0,true,true,false,false
beginning-a-daily-mindfulness-practice,compassion-as-a-daily-discipline,https://echobuddha.com/articles/beginning-a-daily-mindfulness-practice/,https://echobuddha.com/articles/compassion-as-a-daily-discipline/,Low,false,,0.29,0.162,0.29,0.149,0.086,0.257,0.4,0.173,0,0,0.345,0.001,0,0,true,false,false,false
beginning-a-daily-mindfulness-practice,letting-go-without-giving-up,https://echobuddha.com/articles/beginning-a-daily-mindfulness-practice/,https://echobuddha.com/articles/letting-go-without-giving-up/,Low,false,,0.07,0.173,0.355,0.162,0.088,0.242,0.4,0.079,0,0,0.385,0.001,0,0,true,false,false,false
beginning-a-daily-mindfulness-practice,three-ways-to-practice-patience,https://echobuddha.com/articles/beginning-a-daily-mindfulness-practice/,https://echobuddha.com/articles/three-ways-to-practice-patience/,Low,false,,0.394,0.208,0.429,0.176,0.109,0.248,0.4,0.181,0,0,0.481,0.001,0,0,true,false,false,false
beginning-a-daily-mindfulness-practice,mindful-listening-in-everyday-life,https://echobuddha.com/articles/beginning-a-daily-mindfulness-practice/,https://echobuddha.com/articles/mindful-listening-in-everyday-life/,Low,false,,0.203,0.182,0.364,0.155,0.131,0.258,0.4,0.073,0,0,0.384,0.001,0,0,true,false,false,false
beginning-a-daily-mindfulness-practice,creating-a-peaceful-corner-at-home,https://echobuddha.com/articles/beginning-a-daily-mindfulness-practice/,https://echobuddha.com/articles/creating-a-peaceful-corner-at-home/,Low,false,,0.341,0.231,0.475,0.187,0.157,0.272,1,0.169,0,0,0.507,0.001,0,0,true,false,false,false
compassion-as-a-daily-discipline,what-is-buddhism-beginner-guide,https://echobuddha.com/articles/compassion-as-a-daily-discipline/,https://echobuddha.com/articles/what-is-buddhism-beginner-guide/,Low,false,,0.238,0.151,0.34,0.203,0.048,0.048,0.4,0.136,0,0.058,0.403,0,0,0,true,false,false,false
compassion-as-a-daily-discipline,four-noble-truths-explained-simply,https://echobuddha.com/articles/compassion-as-a-daily-discipline/,https://echobuddha.com/articles/four-noble-truths-explained-simply/,Low,false,,0.199,0.146,0.289,0.159,0.041,0.115,0.4,0.251,0,0,0.271,0,0,0,false,false,false,false
compassion-as-a-daily-discipline,noble-eightfold-path-practical-guide,https://echobuddha.com/articles/compassion-as-a-daily-discipline/,https://echobuddha.com/articles/noble-eightfold-path-practical-guide/,Low,false,,0.302,0.148,0.32,0.156,0.043,0.112,0.4,0.179,0,0.05,0.404,0,0,0,true,false,false,false
compassion-as-a-daily-discipline,impermanence-in-buddhism-letting-go,https://echobuddha.com/articles/compassion-as-a-daily-discipline/,https://echobuddha.com/articles/impermanence-in-buddhism-letting-go/,Low,false,,0.145,0.118,0.246,0.147,0.07,0.061,0.4,0.099,0,0.04,0.254,0.001,0,0,false,false,false,false
compassion-as-a-daily-discipline,compassion-in-buddhism-beginner-guide,https://echobuddha.com/articles/compassion-as-a-daily-discipline/,https://echobuddha.com/articles/compassion-in-buddhism-beginner-guide/,Medium,true,Compassion and Forgiveness,0.596,0.295,0.683,0.233,0.206,0.07,0.4,0.362,0,0.208,0.51,0,0,0,true,false,false,false
compassion-as-a-daily-discipline,how-to-meditate-for-beginners,https://echobuddha.com/articles/compassion-as-a-daily-discipline/,https://echobuddha.com/articles/how-to-meditate-for-beginners/,Low,false,,0.18,0.095,0.21,0.136,0.038,0.031,0.4,0.074,0,0.025,0.217,0,0,0,false,false,false,false
compassion-as-a-daily-discipline,mindfulness-of-breathing-guide,https://echobuddha.com/articles/compassion-as-a-daily-discipline/,https://echobuddha.com/articles/mindfulness-of-breathing-guide/,Low,false,,0.077,0.088,0.19,0.14,0,0.052,0.4,0.075,0,0.08,0.219,0,0,0,false,false,false,false
compassion-as-a-daily-discipline,loving-kindness-meditation-guide,https://echobuddha.com/articles/compassion-as-a-daily-discipline/,https://echobuddha.com/articles/loving-kindness-meditation-guide/,Low,false,,0.094,0.164,0.387,0.204,0.043,0.073,0.4,0.1,0,0,0.33,0,0,0,true,false,false,false
compassion-as-a-daily-discipline,dhammapada-reflection-what-we-think,https://echobuddha.com/articles/compassion-as-a-daily-discipline/,https://echobuddha.com/articles/dhammapada-reflection-what-we-think/,Low,false,,0.035,0.128,0.273,0.183,0.06,0.057,0.4,0.09,0,0,0.35,0,0,0,true,false,false,false
compassion-as-a-daily-discipline,dhammapada-reflection-trained-mind,https://echobuddha.com/articles/compassion-as-a-daily-discipline/,https://echobuddha.com/articles/dhammapada-reflection-trained-mind/,Low,false,,0.047,0.152,0.343,0.202,0.04,0.075,0.4,0.107,0,0.147,0.45,0.001,0,0,true,false,false,false
compassion-as-a-daily-discipline,eightfold-path-explained,https://echobuddha.com/articles/compassion-as-a-daily-discipline/,https://echobuddha.com/articles/eightfold-path-explained/,Low,false,,0.086,0.148,0.319,0.22,0.052,0.088,0.4,0.068,0,0.057,0.376,0.001,0,0,true,false,false,false
compassion-as-a-daily-discipline,how-to-let-go-of-attachment-in-buddhism,https://echobuddha.com/articles/compassion-as-a-daily-discipline/,https://echobuddha.com/articles/how-to-let-go-of-attachment-in-buddhism/,Low,false,,0.131,0.138,0.311,0.172,0.035,0.074,0.4,0.115,0,0,0.339,0,0,0,true,false,false,false
compassion-as-a-daily-discipline,right-speech-buddhism,https://echobuddha.com/articles/compassion-as-a-daily-discipline/,https://echobuddha.com/articles/right-speech-buddhism/,Low,false,"Compassion, Forgiveness, Patience, Speech, Anger, and Listening",0.274,0.171,0.362,0.209,0.096,0.067,0.4,0.178,0,0,0.498,0,0,0,true,false,false,false
compassion-as-a-daily-discipline,buddhist-wisdom-for-overthinking,https://echobuddha.com/articles/compassion-as-a-daily-discipline/,https://echobuddha.com/articles/buddhist-wisdom-for-overthinking/,Low,false,,0.131,0.115,0.236,0.154,0.034,0.068,0.4,0.139,0,0,0.282,0,0,0,false,false,false,false
compassion-as-a-daily-discipline,impermanence-in-buddhism,https://echobuddha.com/articles/compassion-as-a-daily-discipline/,https://echobuddha.com/articles/impermanence-in-buddhism/,Low,false,,0.128,0.124,0.273,0.175,0.014,0.05,0.4,0.15,0,0,0.346,0.001,0,0,true,false,false,false
compassion-as-a-daily-discipline,what-is-karma-in-buddhism,https://echobuddha.com/articles/compassion-as-a-daily-discipline/,https://echobuddha.com/articles/what-is-karma-in-buddhism/,Low,false,,0.436,0.161,0.356,0.189,0.12,0.053,0.4,0.103,0,0,0.39,0,0,0,true,false,false,false
compassion-as-a-daily-discipline,four-noble-truths-explained,https://echobuddha.com/articles/compassion-as-a-daily-discipline/,https://echobuddha.com/articles/four-noble-truths-explained/,Low,false,,0.081,0.137,0.315,0.174,0.018,0.056,0.4,0.144,0,0,0.326,0,0,0,true,false,false,false
compassion-as-a-daily-discipline,mindfulness-vs-meditation,https://echobuddha.com/articles/compassion-as-a-daily-discipline/,https://echobuddha.com/articles/mindfulness-vs-meditation/,Low,false,,0.122,0.127,0.285,0.169,0.014,0.106,0.4,0.065,0,0,0.358,0,0,0,true,false,false,false
compassion-as-a-daily-discipline,buddhist-teachings-on-forgiveness,https://echobuddha.com/articles/compassion-as-a-daily-discipline/,https://echobuddha.com/articles/buddhist-teachings-on-forgiveness/,Low,true,"Compassion and Forgiveness; Compassion, Forgiveness, Patience, Speech, Anger, and Listening",0.212,0.179,0.423,0.187,0.067,0.067,0.4,0.174,0,0.062,0.345,0,0,0,true,false,false,false
compassion-as-a-daily-discipline,metta-meditation-script,https://echobuddha.com/articles/compassion-as-a-daily-discipline/,https://echobuddha.com/articles/metta-meditation-script/,Low,false,,0.052,0.158,0.355,0.215,0.083,0.046,0.4,0.082,0,0,0.403,0.001,0,0,true,false,false,false
compassion-as-a-daily-discipline,buddhism-for-beginners-simple-guide,https://echobuddha.com/articles/compassion-as-a-daily-discipline/,https://echobuddha.com/articles/buddhism-for-beginners-simple-guide/,Low,false,,0.177,0.196,0.393,0.201,0.021,0.266,0.4,0.23,0,0.031,0.466,0.001,0,0,true,false,false,false
compassion-as-a-daily-discipline,how-to-meditate-for-anxiety,https://echobuddha.com/articles/compassion-as-a-daily-discipline/,https://echobuddha.com/articles/how-to-meditate-for-anxiety/,Low,false,,0.039,0.143,0.286,0.16,0,0.25,0.4,0.093,0,0,0.318,0.001,0,0,true,false,false,false
compassion-as-a-daily-discipline,loving-kindness-meditation-beginners,https://echobuddha.com/articles/compassion-as-a-daily-discipline/,https://echobuddha.com/articles/loving-kindness-meditation-beginners/,Low,false,Compassion and Forgiveness,0.087,0.2,0.399,0.208,0.045,0.296,0.4,0.156,0,0,0.37,0.003,0,0,true,false,false,false
compassion-as-a-daily-discipline,eightfold-path-explained-daily-life,https://echobuddha.com/articles/compassion-as-a-daily-discipline/,https://echobuddha.com/articles/eightfold-path-explained-daily-life/,Low,false,,0.361,0.184,0.308,0.188,0.097,0.262,0.4,0.286,0,0.048,0.335,0.001,0,0,true,false,false,false
compassion-as-a-daily-discipline,mindfulness-morning-routine,https://echobuddha.com/articles/compassion-as-a-daily-discipline/,https://echobuddha.com/articles/mindfulness-morning-routine/,Low,false,,0.067,0.145,0.267,0.148,0.046,0.236,0.4,0.148,0,0.069,0.319,0.001,0,0,true,false,false,false
compassion-as-a-daily-discipline,buddhist-teachings-on-impermanence,https://echobuddha.com/articles/compassion-as-a-daily-discipline/,https://echobuddha.com/articles/buddhist-teachings-on-impermanence/,Low,false,,0.258,0.159,0.278,0.181,0.063,0.333,0.4,0.037,0,0,0.349,0.001,0,0,true,false,false,false
compassion-as-a-daily-discipline,walking-meditation-step-by-step,https://echobuddha.com/articles/compassion-as-a-daily-discipline/,https://echobuddha.com/articles/walking-meditation-step-by-step/,Low,false,,0.016,0.14,0.254,0.151,0,0.312,0.4,0.088,0,0,0.298,0.003,0,0,false,false,false,false
compassion-as-a-daily-discipline,buddhist-approach-to-anger,https://echobuddha.com/articles/compassion-as-a-daily-discipline/,https://echobuddha.com/articles/buddhist-approach-to-anger/,Low,false,"Compassion, Forgiveness, Patience, Speech, Anger, and Listening",0.235,0.168,0.289,0.229,0.066,0.254,0.4,0.125,0,0,0.286,0.004,0,0,false,false,false,false
compassion-as-a-daily-discipline,mindfulness-for-better-sleep,https://echobuddha.com/articles/compassion-as-a-daily-discipline/,https://echobuddha.com/articles/mindfulness-for-better-sleep/,Low,false,,0.017,0.117,0.222,0.131,0,0.242,0.4,0.062,0,0,0.233,0.001,0,0,false,false,false,false
compassion-as-a-daily-discipline,how-to-practice-non-attachment,https://echobuddha.com/articles/compassion-as-a-daily-discipline/,https://echobuddha.com/articles/how-to-practice-non-attachment/,Low,false,,0.203,0.166,0.339,0.165,0.022,0.252,0.4,0.143,0,0.027,0.352,0.001,0,0,true,false,false,false
compassion-as-a-daily-discipline,beginning-a-daily-mindfulness-practice,https://echobuddha.com/articles/compassion-as-a-daily-discipline/,https://echobuddha.com/articles/beginning-a-daily-mindfulness-practice/,Low,false,,0.29,0.162,0.29,0.149,0.086,0.257,0.4,0.173,0,0,0.345,0.001,0,0,true,false,false,false
compassion-as-a-daily-discipline,compassion-as-a-daily-discipline,https://echobuddha.com/articles/compassion-as-a-daily-discipline/,https://echobuddha.com/articles/compassion-as-a-daily-discipline/,Self,true,"Compassion and Forgiveness; Compassion, Forgiveness, Patience, Speech, Anger, and Listening",1,1,1,1,1,1,1,1,1,1,1,1,47,0,true,true,false,false
compassion-as-a-daily-discipline,letting-go-without-giving-up,https://echobuddha.com/articles/compassion-as-a-daily-discipline/,https://echobuddha.com/articles/letting-go-without-giving-up/,Low,false,,0.104,0.175,0.338,0.188,0.026,0.314,1,0.117,0,0,0.354,0.001,0,0,true,false,false,false
compassion-as-a-daily-discipline,three-ways-to-practice-patience,https://echobuddha.com/articles/compassion-as-a-daily-discipline/,https://echobuddha.com/articles/three-ways-to-practice-patience/,Low,false,"Compassion, Forgiveness, Patience, Speech, Anger, and Listening",0.157,0.211,0.374,0.217,0.051,0.387,1,0.221,0,0,0.448,0.003,0,0,true,false,false,false
compassion-as-a-daily-discipline,mindful-listening-in-everyday-life,https://echobuddha.com/articles/compassion-as-a-daily-discipline/,https://echobuddha.com/articles/mindful-listening-in-everyday-life/,Low,false,"Compassion, Forgiveness, Patience, Speech, Anger, and Listening",0.142,0.238,0.428,0.25,0.101,0.396,1,0.198,0,0.101,0.452,0.003,0,0,true,false,false,false
compassion-as-a-daily-discipline,creating-a-peaceful-corner-at-home,https://echobuddha.com/articles/compassion-as-a-daily-discipline/,https://echobuddha.com/articles/creating-a-peaceful-corner-at-home/,Low,false,,0.093,0.135,0.249,0.128,0.052,0.259,0.4,0.085,0,0.032,0.271,0.001,0,0,false,false,false,false
letting-go-without-giving-up,what-is-buddhism-beginner-guide,https://echobuddha.com/articles/letting-go-without-giving-up/,https://echobuddha.com/articles/what-is-buddhism-beginner-guide/,Low,false,,0,0.133,0.286,0.206,0.066,0.046,0.4,0.065,0,0.088,0.309,0,0,0,true,false,false,false
letting-go-without-giving-up,four-noble-truths-explained-simply,https://echobuddha.com/articles/letting-go-without-giving-up/,https://echobuddha.com/articles/four-noble-truths-explained-simply/,Low,false,,0.064,0.153,0.345,0.204,0.042,0.037,0.4,0.167,0,0.066,0.347,0,0,0,true,false,false,false
letting-go-without-giving-up,noble-eightfold-path-practical-guide,https://echobuddha.com/articles/letting-go-without-giving-up/,https://echobuddha.com/articles/noble-eightfold-path-practical-guide/,Low,false,,0.061,0.136,0.332,0.163,0.022,0.041,0.4,0.114,0,0.178,0.429,0,0,0,true,false,false,false
letting-go-without-giving-up,impermanence-in-buddhism-letting-go,https://echobuddha.com/articles/letting-go-without-giving-up/,https://echobuddha.com/articles/impermanence-in-buddhism-letting-go/,Low,false,"Attachment, Non-attachment, and Letting Go",0.139,0.171,0.359,0.212,0.09,0.031,0.4,0.257,0,0,0.287,0,0,0,false,false,false,false
letting-go-without-giving-up,compassion-in-buddhism-beginner-guide,https://echobuddha.com/articles/letting-go-without-giving-up/,https://echobuddha.com/articles/compassion-in-buddhism-beginner-guide/,Low,false,,0.057,0.123,0.258,0.177,0.084,0.026,0.4,0.094,0,0,0.249,0,0,0,false,false,false,false
letting-go-without-giving-up,how-to-meditate-for-beginners,https://echobuddha.com/articles/letting-go-without-giving-up/,https://echobuddha.com/articles/how-to-meditate-for-beginners/,Low,false,,0.017,0.111,0.272,0.161,0.039,0.015,0.4,0.025,0,0.019,0.275,0,0,0,false,false,false,false
letting-go-without-giving-up,mindfulness-of-breathing-guide,https://echobuddha.com/articles/letting-go-without-giving-up/,https://echobuddha.com/articles/mindfulness-of-breathing-guide/,Low,false,,0.018,0.119,0.283,0.145,0.058,0.024,0.4,0.068,0,0.152,0.309,0,0,0,true,false,false,false
letting-go-without-giving-up,loving-kindness-meditation-guide,https://echobuddha.com/articles/letting-go-without-giving-up/,https://echobuddha.com/articles/loving-kindness-meditation-guide/,Low,false,,0,0.119,0.271,0.16,0.044,0.024,0.4,0.106,0,0,0.278,0.001,0,0,false,false,false,false
letting-go-without-giving-up,dhammapada-reflection-what-we-think,https://echobuddha.com/articles/letting-go-without-giving-up/,https://echobuddha.com/articles/dhammapada-reflection-what-we-think/,Low,false,,0.255,0.13,0.285,0.172,0.082,0.03,0.4,0.089,0,0,0.33,0,0,0,true,false,false,false
letting-go-without-giving-up,dhammapada-reflection-trained-mind,https://echobuddha.com/articles/letting-go-without-giving-up/,https://echobuddha.com/articles/dhammapada-reflection-trained-mind/,Low,false,,0.243,0.141,0.325,0.168,0.041,0.054,0.4,0.135,0,0.037,0.473,0,0,0,true,false,false,false
letting-go-without-giving-up,eightfold-path-explained,https://echobuddha.com/articles/letting-go-without-giving-up/,https://echobuddha.com/articles/eightfold-path-explained/,Low,false,,0.01,0.14,0.315,0.186,0.053,0.062,0.4,0.087,0,0.043,0.343,0,0,0,true,false,false,false
letting-go-without-giving-up,how-to-let-go-of-attachment-in-buddhism,https://echobuddha.com/articles/letting-go-without-giving-up/,https://echobuddha.com/articles/how-to-let-go-of-attachment-in-buddhism/,Low,true,"Attachment, Non-attachment, and Letting Go",0.251,0.243,0.51,0.227,0.214,0.037,0.4,0.364,0,0.068,0.417,0.001,0,0,true,false,true,false
letting-go-without-giving-up,right-speech-buddhism,https://echobuddha.com/articles/letting-go-without-giving-up/,https://echobuddha.com/articles/right-speech-buddhism/,Low,false,,0.015,0.116,0.249,0.162,0.059,0.034,0.4,0.097,0,0,0.318,0,0,0,true,false,false,false
letting-go-without-giving-up,buddhist-wisdom-for-overthinking,https://echobuddha.com/articles/letting-go-without-giving-up/,https://echobuddha.com/articles/buddhist-wisdom-for-overthinking/,Low,false,,0,0.175,0.372,0.212,0.104,0.047,0.4,0.213,0,0,0.452,0,0,0,true,false,false,false
letting-go-without-giving-up,impermanence-in-buddhism,https://echobuddha.com/articles/letting-go-without-giving-up/,https://echobuddha.com/articles/impermanence-in-buddhism/,Low,false,,0.138,0.16,0.372,0.209,0.028,0.027,0.4,0.188,0,0.03,0.333,0,0,0,true,false,false,false
letting-go-without-giving-up,what-is-karma-in-buddhism,https://echobuddha.com/articles/letting-go-without-giving-up/,https://echobuddha.com/articles/what-is-karma-in-buddhism/,Low,false,,0.042,0.132,0.295,0.154,0.082,0.024,0.4,0.123,0,0.088,0.362,0,0,0,true,false,false,false
letting-go-without-giving-up,four-noble-truths-explained,https://echobuddha.com/articles/letting-go-without-giving-up/,https://echobuddha.com/articles/four-noble-truths-explained/,Low,false,,0,0.138,0.318,0.195,0.037,0.037,0.4,0.104,0,0,0.302,0.001,0,0,true,false,false,false
letting-go-without-giving-up,mindfulness-vs-meditation,https://echobuddha.com/articles/letting-go-without-giving-up/,https://echobuddha.com/articles/mindfulness-vs-meditation/,Low,false,,0.073,0.119,0.301,0.165,0.014,0.034,0.4,0.034,0,0,0.356,0,0,0,true,false,false,false
letting-go-without-giving-up,buddhist-teachings-on-forgiveness,https://echobuddha.com/articles/letting-go-without-giving-up/,https://echobuddha.com/articles/buddhist-teachings-on-forgiveness/,Low,false,,0.348,0.172,0.353,0.204,0.171,0.038,0.4,0.151,0,0,0.361,0.001,0,0,true,false,false,false
letting-go-without-giving-up,metta-meditation-script,https://echobuddha.com/articles/letting-go-without-giving-up/,https://echobuddha.com/articles/metta-meditation-script/,Low,false,,0,0.129,0.309,0.173,0.064,0.021,0.4,0.04,0,0.047,0.332,0,0,0,true,false,false,false
letting-go-without-giving-up,buddhism-for-beginners-simple-guide,https://echobuddha.com/articles/letting-go-without-giving-up/,https://echobuddha.com/articles/buddhism-for-beginners-simple-guide/,Low,false,,0.051,0.18,0.376,0.181,0.064,0.221,0.4,0.122,0,0.144,0.469,0.001,0,0,true,false,false,false
letting-go-without-giving-up,how-to-meditate-for-anxiety,https://echobuddha.com/articles/letting-go-without-giving-up/,https://echobuddha.com/articles/how-to-meditate-for-anxiety/,Low,false,,0.094,0.159,0.327,0.185,0,0.257,0.4,0.085,0,0,0.318,0.001,0,0,true,false,false,false
letting-go-without-giving-up,loving-kindness-meditation-beginners,https://echobuddha.com/articles/letting-go-without-giving-up/,https://echobuddha.com/articles/loving-kindness-meditation-beginners/,Low,false,,0.017,0.154,0.281,0.209,0.046,0.232,0.4,0.097,0,0,0.249,0.002,0,0,false,false,false,false
letting-go-without-giving-up,eightfold-path-explained-daily-life,https://echobuddha.com/articles/letting-go-without-giving-up/,https://echobuddha.com/articles/eightfold-path-explained-daily-life/,Low,false,,0.075,0.187,0.368,0.207,0.1,0.235,0.4,0.111,0,0.085,0.363,0.001,0,0,true,false,false,false
letting-go-without-giving-up,mindfulness-morning-routine,https://echobuddha.com/articles/letting-go-without-giving-up/,https://echobuddha.com/articles/mindfulness-morning-routine/,Low,false,,0.032,0.156,0.327,0.184,0.024,0.224,0.4,0.053,0,0.053,0.363,0.001,0,0,true,false,false,false
letting-go-without-giving-up,buddhist-teachings-on-impermanence,https://echobuddha.com/articles/letting-go-without-giving-up/,https://echobuddha.com/articles/buddhist-teachings-on-impermanence/,Low,false,,0.018,0.181,0.342,0.223,0.043,0.233,0.4,0.191,0,0,0.342,0.001,0,0,true,false,false,false
letting-go-without-giving-up,walking-meditation-step-by-step,https://echobuddha.com/articles/letting-go-without-giving-up/,https://echobuddha.com/articles/walking-meditation-step-by-step/,Low,false,,0.015,0.14,0.28,0.168,0.022,0.225,0.4,0.057,0,0,0.298,0.001,0,0,false,false,false,false
letting-go-without-giving-up,buddhist-approach-to-anger,https://echobuddha.com/articles/letting-go-without-giving-up/,https://echobuddha.com/articles/buddhist-approach-to-anger/,Low,false,,0.048,0.152,0.253,0.206,0.091,0.23,0.4,0.094,0,0,0.198,0.001,0,0,false,false,false,false
letting-go-without-giving-up,mindfulness-for-better-sleep,https://echobuddha.com/articles/letting-go-without-giving-up/,https://echobuddha.com/articles/mindfulness-for-better-sleep/,Low,false,,0,0.156,0.268,0.178,0.131,0.238,0.4,0.062,0,0.031,0.217,0.001,0,0,false,false,false,false
letting-go-without-giving-up,how-to-practice-non-attachment,https://echobuddha.com/articles/letting-go-without-giving-up/,https://echobuddha.com/articles/how-to-practice-non-attachment/,Medium,true,"Attachment, Non-attachment, and Letting Go",0.35,0.271,0.583,0.273,0.132,0.237,0.4,0.208,0,0.104,0.556,0.002,0,0,true,false,true,false
letting-go-without-giving-up,beginning-a-daily-mindfulness-practice,https://echobuddha.com/articles/letting-go-without-giving-up/,https://echobuddha.com/articles/beginning-a-daily-mindfulness-practice/,Low,false,,0.07,0.173,0.355,0.162,0.088,0.242,0.4,0.079,0,0,0.385,0.001,0,0,true,false,false,false
letting-go-without-giving-up,compassion-as-a-daily-discipline,https://echobuddha.com/articles/letting-go-without-giving-up/,https://echobuddha.com/articles/compassion-as-a-daily-discipline/,Low,false,,0.104,0.175,0.338,0.188,0.026,0.314,1,0.117,0,0,0.354,0.001,0,0,true,false,false,false
letting-go-without-giving-up,letting-go-without-giving-up,https://echobuddha.com/articles/letting-go-without-giving-up/,https://echobuddha.com/articles/letting-go-without-giving-up/,Self,true,"Attachment, Non-attachment, and Letting Go",1,1,1,1,1,1,1,1,1,1,1,1,54,0,true,true,false,false
letting-go-without-giving-up,three-ways-to-practice-patience,https://echobuddha.com/articles/letting-go-without-giving-up/,https://echobuddha.com/articles/three-ways-to-practice-patience/,Low,false,,0.067,0.193,0.344,0.203,0.104,0.305,1,0.159,0,0,0.424,0.001,0,0,true,false,false,false
letting-go-without-giving-up,mindful-listening-in-everyday-life,https://echobuddha.com/articles/letting-go-without-giving-up/,https://echobuddha.com/articles/mindful-listening-in-everyday-life/,Low,false,,0.078,0.174,0.34,0.194,0.026,0.304,1,0.09,0,0.038,0.339,0.001,0,0,true,false,false,false
letting-go-without-giving-up,creating-a-peaceful-corner-at-home,https://echobuddha.com/articles/letting-go-without-giving-up/,https://echobuddha.com/articles/creating-a-peaceful-corner-at-home/,Low,false,,0.018,0.135,0.274,0.17,0,0.244,0.4,0.028,0,0.048,0.272,0.001,0,0,false,false,false,false
three-ways-to-practice-patience,what-is-buddhism-beginner-guide,https://echobuddha.com/articles/three-ways-to-practice-patience/,https://echobuddha.com/articles/what-is-buddhism-beginner-guide/,Low,false,,0,0.149,0.376,0.184,0.065,0.04,0.4,0.007,0,0.045,0.415,0,0,0,true,false,false,false
three-ways-to-practice-patience,four-noble-truths-explained-simply,https://echobuddha.com/articles/three-ways-to-practice-patience/,https://echobuddha.com/articles/four-noble-truths-explained-simply/,Low,false,,0.027,0.131,0.271,0.165,0.042,0.048,0.4,0.21,0,0.068,0.342,0,0,0,true,false,false,false
three-ways-to-practice-patience,noble-eightfold-path-practical-guide,https://echobuddha.com/articles/three-ways-to-practice-patience/,https://echobuddha.com/articles/noble-eightfold-path-practical-guide/,Low,false,,0.192,0.172,0.428,0.183,0.043,0.034,0.4,0.159,0,0.065,0.486,0,0,0,true,false,false,false
three-ways-to-practice-patience,impermanence-in-buddhism-letting-go,https://echobuddha.com/articles/three-ways-to-practice-patience/,https://echobuddha.com/articles/impermanence-in-buddhism-letting-go/,Low,false,,0.017,0.107,0.241,0.151,0.035,0.043,0.4,0.061,0,0,0.289,0.001,0,0,false,false,false,false
three-ways-to-practice-patience,compassion-in-buddhism-beginner-guide,https://echobuddha.com/articles/three-ways-to-practice-patience/,https://echobuddha.com/articles/compassion-in-buddhism-beginner-guide/,Low,false,,0.304,0.141,0.319,0.185,0.104,0.038,0.4,0.037,0,0.054,0.367,0,0,0,true,false,false,false
three-ways-to-practice-patience,how-to-meditate-for-beginners,https://echobuddha.com/articles/three-ways-to-practice-patience/,https://echobuddha.com/articles/how-to-meditate-for-beginners/,Low,false,,0.087,0.123,0.295,0.155,0.057,0.032,0.4,0.046,0,0.079,0.315,0,0,0,true,false,false,false
three-ways-to-practice-patience,mindfulness-of-breathing-guide,https://echobuddha.com/articles/three-ways-to-practice-patience/,https://echobuddha.com/articles/mindfulness-of-breathing-guide/,Low,false,,0.093,0.143,0.309,0.184,0.115,0.034,0.4,0.083,0,0,0.353,0,0,0,true,false,false,false
three-ways-to-practice-patience,loving-kindness-meditation-guide,https://echobuddha.com/articles/three-ways-to-practice-patience/,https://echobuddha.com/articles/loving-kindness-meditation-guide/,Low,false,,0.076,0.125,0.28,0.162,0.065,0.034,0.4,0.092,0,0,0.32,0,0,0,true,false,false,false
three-ways-to-practice-patience,dhammapada-reflection-what-we-think,https://echobuddha.com/articles/three-ways-to-practice-patience/,https://echobuddha.com/articles/dhammapada-reflection-what-we-think/,Low,false,,0,0.142,0.328,0.188,0.02,0.04,0.4,0.156,0,0.086,0.38,0,0,0,true,false,false,false
three-ways-to-practice-patience,dhammapada-reflection-trained-mind,https://echobuddha.com/articles/three-ways-to-practice-patience/,https://echobuddha.com/articles/dhammapada-reflection-trained-mind/,Low,false,,0.076,0.171,0.387,0.192,0.08,0.057,0.4,0.166,0,0.076,0.526,0.001,0,0,true,false,false,false
three-ways-to-practice-patience,eightfold-path-explained,https://echobuddha.com/articles/three-ways-to-practice-patience/,https://echobuddha.com/articles/eightfold-path-explained/,Low,false,,0.043,0.142,0.325,0.188,0.052,0.056,0.4,0.082,0,0,0.422,0.001,0,0,true,false,false,false
three-ways-to-practice-patience,how-to-let-go-of-attachment-in-buddhism,https://echobuddha.com/articles/three-ways-to-practice-patience/,https://echobuddha.com/articles/how-to-let-go-of-attachment-in-buddhism/,Low,false,,0.151,0.146,0.315,0.184,0.105,0.051,0.4,0.09,0,0,0.422,0,0,0,true,false,false,false
three-ways-to-practice-patience,right-speech-buddhism,https://echobuddha.com/articles/three-ways-to-practice-patience/,https://echobuddha.com/articles/right-speech-buddhism/,Low,true,"Compassion, Forgiveness, Patience, Speech, Anger, and Listening",0.086,0.152,0.306,0.215,0.117,0.036,0.4,0.131,0,0.092,0.411,0.002,0,0,true,false,false,false
three-ways-to-practice-patience,buddhist-wisdom-for-overthinking,https://echobuddha.com/articles/three-ways-to-practice-patience/,https://echobuddha.com/articles/buddhist-wisdom-for-overthinking/,Low,false,,0.035,0.157,0.327,0.18,0.085,0.041,0.4,0.25,0,0,0.405,0,0,0,true,false,false,false
three-ways-to-practice-patience,impermanence-in-buddhism,https://echobuddha.com/articles/three-ways-to-practice-patience/,https://echobuddha.com/articles/impermanence-in-buddhism/,Low,false,,0.064,0.13,0.316,0.158,0.014,0.029,0.4,0.129,0,0.091,0.43,0,0,0,true,false,false,false
three-ways-to-practice-patience,what-is-karma-in-buddhism,https://echobuddha.com/articles/three-ways-to-practice-patience/,https://echobuddha.com/articles/what-is-karma-in-buddhism/,Low,false,,0.292,0.141,0.311,0.177,0.061,0.026,0.4,0.175,0,0.045,0.394,0,0,0,true,false,false,false
three-ways-to-practice-patience,four-noble-truths-explained,https://echobuddha.com/articles/three-ways-to-practice-patience/,https://echobuddha.com/articles/four-noble-truths-explained/,Low,false,,0.026,0.124,0.286,0.194,0,0.039,0.4,0.108,0,0,0.337,0,0,0,true,false,false,false
three-ways-to-practice-patience,mindfulness-vs-meditation,https://echobuddha.com/articles/three-ways-to-practice-patience/,https://echobuddha.com/articles/mindfulness-vs-meditation/,Low,false,,0.16,0.158,0.377,0.197,0.083,0.036,0.4,0.06,0,0,0.461,0,0,0,true,false,false,false
three-ways-to-practice-patience,buddhist-teachings-on-forgiveness,https://echobuddha.com/articles/three-ways-to-practice-patience/,https://echobuddha.com/articles/buddhist-teachings-on-forgiveness/,Low,false,"Compassion, Forgiveness, Patience, Speech, Anger, and Listening",0.024,0.14,0.302,0.189,0.084,0.031,0.4,0.114,0,0.096,0.35,0,0,0,true,false,false,false
three-ways-to-practice-patience,metta-meditation-script,https://echobuddha.com/articles/three-ways-to-practice-patience/,https://echobuddha.com/articles/metta-meditation-script/,Low,false,,0.168,0.15,0.351,0.181,0.105,0.022,0.4,0.063,0,0.072,0.429,0,0,0,true,false,false,false
three-ways-to-practice-patience,buddhism-for-beginners-simple-guide,https://echobuddha.com/articles/three-ways-to-practice-patience/,https://echobuddha.com/articles/buddhism-for-beginners-simple-guide/,Low,false,,0.1,0.224,0.479,0.197,0.064,0.235,0.4,0.263,0,0.074,0.541,0.001,0,0,true,false,false,false
three-ways-to-practice-patience,how-to-meditate-for-anxiety,https://echobuddha.com/articles/three-ways-to-practice-patience/,https://echobuddha.com/articles/how-to-meditate-for-anxiety/,Low,false,,0.127,0.189,0.374,0.191,0.083,0.23,0.4,0.18,0,0,0.415,0.001,0,0,true,false,false,false
three-ways-to-practice-patience,loving-kindness-meditation-beginners,https://echobuddha.com/articles/three-ways-to-practice-patience/,https://echobuddha.com/articles/loving-kindness-meditation-beginners/,Low,false,,0.14,0.174,0.307,0.212,0.023,0.298,0.4,0.181,0,0,0.315,0.003,0,0,true,false,false,false
three-ways-to-practice-patience,eightfold-path-explained-daily-life,https://echobuddha.com/articles/three-ways-to-practice-patience/,https://echobuddha.com/articles/eightfold-path-explained-daily-life/,Low,false,,0.164,0.181,0.357,0.185,0.02,0.241,0.4,0.246,0,0.05,0.419,0.001,0,0,true,false,false,false
three-ways-to-practice-patience,mindfulness-morning-routine,https://echobuddha.com/articles/three-ways-to-practice-patience/,https://echobuddha.com/articles/mindfulness-morning-routine/,Low,false,,0.014,0.192,0.39,0.191,0.047,0.228,0.4,0.233,0,0,0.414,0.001,0,0,true,false,false,false
three-ways-to-practice-patience,buddhist-teachings-on-impermanence,https://echobuddha.com/articles/three-ways-to-practice-patience/,https://echobuddha.com/articles/buddhist-teachings-on-impermanence/,Low,false,,0.134,0.156,0.297,0.184,0.042,0.25,0.4,0.09,0,0.258,0.376,0.001,0,0,true,false,false,false
three-ways-to-practice-patience,walking-meditation-step-by-step,https://echobuddha.com/articles/three-ways-to-practice-patience/,https://echobuddha.com/articles/walking-meditation-step-by-step/,Low,false,,0.09,0.176,0.335,0.151,0.086,0.302,0.4,0.12,0,0.101,0.406,0.003,0,0,true,false,false,false
three-ways-to-practice-patience,buddhist-approach-to-anger,https://echobuddha.com/articles/three-ways-to-practice-patience/,https://echobuddha.com/articles/buddhist-approach-to-anger/,Low,true,"Compassion, Forgiveness, Patience, Speech, Anger, and Listening",0.027,0.235,0.433,0.262,0.112,0.246,0.4,0.325,0,0.057,0.406,0.001,0,0,true,false,false,false
three-ways-to-practice-patience,mindfulness-for-better-sleep,https://echobuddha.com/articles/three-ways-to-practice-patience/,https://echobuddha.com/articles/mindfulness-for-better-sleep/,Low,false,,0.111,0.166,0.315,0.166,0.086,0.244,0.4,0.124,0,0.032,0.337,0.001,0,0,true,false,false,false
three-ways-to-practice-patience,how-to-practice-non-attachment,https://echobuddha.com/articles/three-ways-to-practice-patience/,https://echobuddha.com/articles/how-to-practice-non-attachment/,Low,false,,0.359,0.183,0.377,0.196,0.022,0.243,0.4,0.172,0,0.128,0.449,0.002,0,0,true,false,false,false
three-ways-to-practice-patience,beginning-a-daily-mindfulness-practice,https://echobuddha.com/articles/three-ways-to-practice-patience/,https://echobuddha.com/articles/beginning-a-daily-mindfulness-practice/,Low,false,,0.394,0.208,0.429,0.176,0.109,0.248,0.4,0.181,0,0,0.481,0.001,0,0,true,false,false,false
three-ways-to-practice-patience,compassion-as-a-daily-discipline,https://echobuddha.com/articles/three-ways-to-practice-patience/,https://echobuddha.com/articles/compassion-as-a-daily-discipline/,Low,false,"Compassion, Forgiveness, Patience, Speech, Anger, and Listening",0.157,0.211,0.374,0.217,0.051,0.387,1,0.221,0,0,0.448,0.003,0,0,true,false,false,false
three-ways-to-practice-patience,letting-go-without-giving-up,https://echobuddha.com/articles/three-ways-to-practice-patience/,https://echobuddha.com/articles/letting-go-without-giving-up/,Low,false,,0.067,0.193,0.344,0.203,0.104,0.305,1,0.159,0,0,0.424,0.001,0,0,true,false,false,false
three-ways-to-practice-patience,three-ways-to-practice-patience,https://echobuddha.com/articles/three-ways-to-practice-patience/,https://echobuddha.com/articles/three-ways-to-practice-patience/,Self,true,"Compassion, Forgiveness, Patience, Speech, Anger, and Listening",1,1,1,1,1,1,1,1,1,1,1,1,54,0,true,true,false,false
three-ways-to-practice-patience,mindful-listening-in-everyday-life,https://echobuddha.com/articles/three-ways-to-practice-patience/,https://echobuddha.com/articles/mindful-listening-in-everyday-life/,Low,true,"Compassion, Forgiveness, Patience, Speech, Anger, and Listening",0.179,0.204,0.393,0.197,0.051,0.374,1,0.13,0,0.039,0.416,0.003,0,0,true,false,false,false
three-ways-to-practice-patience,creating-a-peaceful-corner-at-home,https://echobuddha.com/articles/three-ways-to-practice-patience/,https://echobuddha.com/articles/creating-a-peaceful-corner-at-home/,Low,false,,0.164,0.164,0.314,0.141,0.079,0.274,0.4,0.124,0,0.05,0.363,0.001,0,0,true,false,false,false
mindful-listening-in-everyday-life,what-is-buddhism-beginner-guide,https://echobuddha.com/articles/mindful-listening-in-everyday-life/,https://echobuddha.com/articles/what-is-buddhism-beginner-guide/,Low,false,,0.102,0.149,0.362,0.196,0.065,0.044,0.4,0.022,0,0.096,0.414,0.001,0,0,true,false,false,false
mindful-listening-in-everyday-life,four-noble-truths-explained-simply,https://echobuddha.com/articles/mindful-listening-in-everyday-life/,https://echobuddha.com/articles/four-noble-truths-explained-simply/,Low,false,,0.046,0.123,0.243,0.165,0.104,0.052,0.4,0.101,0,0.12,0.27,0,0,0,false,false,false,false
mindful-listening-in-everyday-life,noble-eightfold-path-practical-guide,https://echobuddha.com/articles/mindful-listening-in-everyday-life/,https://echobuddha.com/articles/noble-eightfold-path-practical-guide/,Low,false,,0.207,0.162,0.41,0.163,0.065,0.039,0.4,0.087,0,0.093,0.379,0,0,0,true,false,false,false
mindful-listening-in-everyday-life,impermanence-in-buddhism-letting-go,https://echobuddha.com/articles/mindful-listening-in-everyday-life/,https://echobuddha.com/articles/impermanence-in-buddhism-letting-go/,Low,false,,0.058,0.105,0.216,0.156,0.035,0.056,0.4,0.092,0,0.153,0.227,0,0,0,false,false,false,false
mindful-listening-in-everyday-life,compassion-in-buddhism-beginner-guide,https://echobuddha.com/articles/mindful-listening-in-everyday-life/,https://echobuddha.com/articles/compassion-in-buddhism-beginner-guide/,Low,false,,0.093,0.159,0.349,0.2,0.104,0.086,0.4,0.052,0,0.038,0.37,0,0,0,true,false,false,false
mindful-listening-in-everyday-life,how-to-meditate-for-beginners,https://echobuddha.com/articles/mindful-listening-in-everyday-life/,https://echobuddha.com/articles/how-to-meditate-for-beginners/,Low,false,,0.05,0.121,0.284,0.152,0.038,0.037,0.4,0.093,0,0.056,0.276,0.001,0,0,false,false,false,false
mindful-listening-in-everyday-life,mindfulness-of-breathing-guide,https://echobuddha.com/articles/mindful-listening-in-everyday-life/,https://echobuddha.com/articles/mindfulness-of-breathing-guide/,Low,false,,0.161,0.129,0.291,0.139,0.077,0.031,0.4,0.134,0,0.088,0.303,0.001,0,0,true,false,false,false
mindful-listening-in-everyday-life,loving-kindness-meditation-guide,https://echobuddha.com/articles/mindful-listening-in-everyday-life/,https://echobuddha.com/articles/loving-kindness-meditation-guide/,Low,false,,0.035,0.139,0.316,0.175,0.065,0.039,0.4,0.109,0,0,0.277,0.001,0,0,false,false,false,false
mindful-listening-in-everyday-life,dhammapada-reflection-what-we-think,https://echobuddha.com/articles/mindful-listening-in-everyday-life/,https://echobuddha.com/articles/dhammapada-reflection-what-we-think/,Low,false,,0.083,0.132,0.306,0.149,0.081,0.044,0.4,0.074,0,0.03,0.35,0,0,0,true,false,false,false
mindful-listening-in-everyday-life,dhammapada-reflection-trained-mind,https://echobuddha.com/articles/mindful-listening-in-everyday-life/,https://echobuddha.com/articles/dhammapada-reflection-trained-mind/,Low,false,,0.103,0.136,0.327,0.158,0.02,0.06,0.4,0.117,0,0.162,0.401,0,0,0,true,false,false,false
mindful-listening-in-everyday-life,eightfold-path-explained,https://echobuddha.com/articles/mindful-listening-in-everyday-life/,https://echobuddha.com/articles/eightfold-path-explained/,Low,false,,0.03,0.152,0.363,0.177,0.052,0.06,0.4,0.096,0,0.125,0.403,0,0,0,true,false,false,false
mindful-listening-in-everyday-life,how-to-let-go-of-attachment-in-buddhism,https://echobuddha.com/articles/mindful-listening-in-everyday-life/,https://echobuddha.com/articles/how-to-let-go-of-attachment-in-buddhism/,Low,false,,0.105,0.122,0.262,0.154,0.07,0.056,0.4,0.099,0,0.05,0.337,0.001,0,0,true,false,false,false
mindful-listening-in-everyday-life,right-speech-buddhism,https://echobuddha.com/articles/mindful-listening-in-everyday-life/,https://echobuddha.com/articles/right-speech-buddhism/,Low,true,"Compassion, Forgiveness, Patience, Speech, Anger, and Listening",0.241,0.202,0.447,0.208,0.155,0.061,0.4,0.18,0,0.033,0.474,0.002,0,0,true,false,false,false
mindful-listening-in-everyday-life,buddhist-wisdom-for-overthinking,https://echobuddha.com/articles/mindful-listening-in-everyday-life/,https://echobuddha.com/articles/buddhist-wisdom-for-overthinking/,Low,false,,0.054,0.14,0.297,0.164,0.102,0.054,0.4,0.118,0,0,0.307,0.001,0,0,true,false,false,false
mindful-listening-in-everyday-life,impermanence-in-buddhism,https://echobuddha.com/articles/mindful-listening-in-everyday-life/,https://echobuddha.com/articles/impermanence-in-buddhism/,Low,false,,0,0.116,0.272,0.152,0.014,0.045,0.4,0.101,0,0.108,0.306,0,0,0,true,false,false,false
mindful-listening-in-everyday-life,what-is-karma-in-buddhism,https://echobuddha.com/articles/mindful-listening-in-everyday-life/,https://echobuddha.com/articles/what-is-karma-in-buddhism/,Low,false,,0.203,0.138,0.338,0.145,0.061,0.04,0.4,0.085,0,0.048,0.398,0.001,0,0,true,false,false,false
mindful-listening-in-everyday-life,four-noble-truths-explained,https://echobuddha.com/articles/mindful-listening-in-everyday-life/,https://echobuddha.com/articles/four-noble-truths-explained/,Low,false,,0.076,0.114,0.265,0.168,0.018,0.044,0.4,0.058,0,0,0.255,0,0,0,false,false,false,false
mindful-listening-in-everyday-life,mindfulness-vs-meditation,https://echobuddha.com/articles/mindful-listening-in-everyday-life/,https://echobuddha.com/articles/mindfulness-vs-meditation/,Low,false,,0.228,0.156,0.369,0.181,0.096,0.042,0.4,0.07,0,0,0.432,0.001,0,0,true,false,false,false
mindful-listening-in-everyday-life,buddhist-teachings-on-forgiveness,https://echobuddha.com/articles/mindful-listening-in-everyday-life/,https://echobuddha.com/articles/buddhist-teachings-on-forgiveness/,Low,false,"Compassion, Forgiveness, Patience, Speech, Anger, and Listening",0.028,0.131,0.31,0.181,0.017,0.053,0.4,0.076,0,0.034,0.296,0,0,0,false,false,false,false
mindful-listening-in-everyday-life,metta-meditation-script,https://echobuddha.com/articles/mindful-listening-in-everyday-life/,https://echobuddha.com/articles/metta-meditation-script/,Low,false,,0.037,0.145,0.338,0.171,0.063,0.043,0.4,0.108,0,0.102,0.387,0.001,0,0,true,false,false,false
mindful-listening-in-everyday-life,buddhism-for-beginners-simple-guide,https://echobuddha.com/articles/mindful-listening-in-everyday-life/,https://echobuddha.com/articles/buddhism-for-beginners-simple-guide/,Low,false,,0.017,0.214,0.443,0.198,0.106,0.246,0.4,0.174,0,0.191,0.454,0.001,0,0,true,false,false,false
mindful-listening-in-everyday-life,how-to-meditate-for-anxiety,https://echobuddha.com/articles/mindful-listening-in-everyday-life/,https://echobuddha.com/articles/how-to-meditate-for-anxiety/,Low,false,,0.128,0.165,0.346,0.185,0.021,0.232,0.4,0.094,0,0,0.35,0.001,0,0,true,false,false,false
mindful-listening-in-everyday-life,loving-kindness-meditation-beginners,https://echobuddha.com/articles/mindful-listening-in-everyday-life/,https://echobuddha.com/articles/loving-kindness-meditation-beginners/,Low,false,,0.049,0.182,0.347,0.203,0.046,0.298,0.4,0.116,0,0.035,0.329,0.003,0,0,true,false,false,false
mindful-listening-in-everyday-life,eightfold-path-explained-daily-life,https://echobuddha.com/articles/mindful-listening-in-everyday-life/,https://echobuddha.com/articles/eightfold-path-explained-daily-life/,Low,false,,0.161,0.178,0.329,0.167,0.059,0.252,0.4,0.254,0,0.124,0.339,0.001,0,0,true,false,false,false
mindful-listening-in-everyday-life,mindfulness-morning-routine,https://echobuddha.com/articles/mindful-listening-in-everyday-life/,https://echobuddha.com/articles/mindfulness-morning-routine/,Low,false,,0.266,0.189,0.382,0.191,0.07,0.239,0.4,0.169,0,0.076,0.337,0.001,0,0,true,false,false,false
mindful-listening-in-everyday-life,buddhist-teachings-on-impermanence,https://echobuddha.com/articles/mindful-listening-in-everyday-life/,https://echobuddha.com/articles/buddhist-teachings-on-impermanence/,Low,false,,0.017,0.144,0.263,0.181,0.021,0.261,0.4,0.091,0,0,0.359,0.001,0,0,true,false,false,false
mindful-listening-in-everyday-life,walking-meditation-step-by-step,https://echobuddha.com/articles/mindful-listening-in-everyday-life/,https://echobuddha.com/articles/walking-meditation-step-by-step/,Low,false,,0.104,0.182,0.336,0.207,0.043,0.313,0.4,0.133,0,0.036,0.338,0.003,0,0,true,false,false,false
mindful-listening-in-everyday-life,buddhist-approach-to-anger,https://echobuddha.com/articles/mindful-listening-in-everyday-life/,https://echobuddha.com/articles/buddhist-approach-to-anger/,Low,true,"Compassion, Forgiveness, Patience, Speech, Anger, and Listening",0.094,0.169,0.317,0.188,0.067,0.246,0.4,0.141,0,0.04,0.279,0.001,0,0,false,false,false,false
mindful-listening-in-everyday-life,mindfulness-for-better-sleep,https://echobuddha.com/articles/mindful-listening-in-everyday-life/,https://echobuddha.com/articles/mindfulness-for-better-sleep/,Low,false,,0.177,0.171,0.307,0.184,0.108,0.264,0.4,0.111,0,0.068,0.267,0.001,0,0,false,false,false,false
mindful-listening-in-everyday-life,how-to-practice-non-attachment,https://echobuddha.com/articles/mindful-listening-in-everyday-life/,https://echobuddha.com/articles/how-to-practice-non-attachment/,Low,false,,0.321,0.18,0.349,0.177,0.065,0.304,0.4,0.094,0,0.106,0.379,0.002,0,0,true,false,false,false
mindful-listening-in-everyday-life,beginning-a-daily-mindfulness-practice,https://echobuddha.com/articles/mindful-listening-in-everyday-life/,https://echobuddha.com/articles/beginning-a-daily-mindfulness-practice/,Low,false,,0.203,0.182,0.364,0.155,0.131,0.258,0.4,0.073,0,0,0.384,0.001,0,0,true,false,false,false
mindful-listening-in-everyday-life,compassion-as-a-daily-discipline,https://echobuddha.com/articles/mindful-listening-in-everyday-life/,https://echobuddha.com/articles/compassion-as-a-daily-discipline/,Low,false,"Compassion, Forgiveness, Patience, Speech, Anger, and Listening",0.142,0.238,0.428,0.25,0.101,0.396,1,0.198,0,0.101,0.452,0.003,0,0,true,false,false,false
mindful-listening-in-everyday-life,letting-go-without-giving-up,https://echobuddha.com/articles/mindful-listening-in-everyday-life/,https://echobuddha.com/articles/letting-go-without-giving-up/,Low,false,,0.078,0.174,0.34,0.194,0.026,0.304,1,0.09,0,0.038,0.339,0.001,0,0,true,false,false,false
mindful-listening-in-everyday-life,three-ways-to-practice-patience,https://echobuddha.com/articles/mindful-listening-in-everyday-life/,https://echobuddha.com/articles/three-ways-to-practice-patience/,Low,true,"Compassion, Forgiveness, Patience, Speech, Anger, and Listening",0.179,0.204,0.393,0.197,0.051,0.374,1,0.13,0,0.039,0.416,0.003,0,0,true,false,false,false
mindful-listening-in-everyday-life,mindful-listening-in-everyday-life,https://echobuddha.com/articles/mindful-listening-in-everyday-life/,https://echobuddha.com/articles/mindful-listening-in-everyday-life/,Self,true,"Compassion, Forgiveness, Patience, Speech, Anger, and Listening",1,1,1,1,1,1,1,1,1,1,1,1,52,0,true,true,false,false
mindful-listening-in-everyday-life,creating-a-peaceful-corner-at-home,https://echobuddha.com/articles/mindful-listening-in-everyday-life/,https://echobuddha.com/articles/creating-a-peaceful-corner-at-home/,Low,false,,0.035,0.147,0.277,0.172,0.053,0.25,0.4,0.054,0,0.088,0.3,0.001,0,0,false,false,false,false
creating-a-peaceful-corner-at-home,what-is-buddhism-beginner-guide,https://echobuddha.com/articles/creating-a-peaceful-corner-at-home/,https://echobuddha.com/articles/what-is-buddhism-beginner-guide/,Low,false,,0,0.131,0.299,0.136,0.067,0.053,0.4,0.117,0,0.142,0.318,0,0,0,true,false,false,false
creating-a-peaceful-corner-at-home,four-noble-truths-explained-simply,https://echobuddha.com/articles/creating-a-peaceful-corner-at-home/,https://echobuddha.com/articles/four-noble-truths-explained-simply/,Low,false,,0.028,0.107,0.223,0.12,0.107,0.044,0.4,0.068,0,0.076,0.279,0,0,0,false,false,false,false
creating-a-peaceful-corner-at-home,noble-eightfold-path-practical-guide,https://echobuddha.com/articles/creating-a-peaceful-corner-at-home/,https://echobuddha.com/articles/noble-eightfold-path-practical-guide/,Low,false,,0.122,0.104,0.214,0.129,0.089,0.031,0.4,0.088,0,0.176,0.222,0,0,0,false,false,false,false
creating-a-peaceful-corner-at-home,impermanence-in-buddhism-letting-go,https://echobuddha.com/articles/creating-a-peaceful-corner-at-home/,https://echobuddha.com/articles/impermanence-in-buddhism-letting-go/,Low,false,,0,0.102,0.216,0.124,0.073,0.038,0.4,0.086,0,0.083,0.211,0,0,0,false,false,false,false
creating-a-peaceful-corner-at-home,compassion-in-buddhism-beginner-guide,https://echobuddha.com/articles/creating-a-peaceful-corner-at-home/,https://echobuddha.com/articles/compassion-in-buddhism-beginner-guide/,Low,false,,0.136,0.097,0.211,0.129,0.086,0.034,0.4,0.015,0,0,0.33,0,0,0,true,false,false,false
creating-a-peaceful-corner-at-home,how-to-meditate-for-beginners,https://echobuddha.com/articles/creating-a-peaceful-corner-at-home/,https://echobuddha.com/articles/how-to-meditate-for-beginners/,Low,false,,0.354,0.185,0.371,0.213,0.196,0.045,0.4,0.179,0,0.124,0.367,0.001,0,0,true,false,false,false
creating-a-peaceful-corner-at-home,mindfulness-of-breathing-guide,https://echobuddha.com/articles/creating-a-peaceful-corner-at-home/,https://echobuddha.com/articles/mindfulness-of-breathing-guide/,Low,false,,0.197,0.133,0.283,0.18,0.059,0.039,0.4,0.144,0,0.168,0.337,0,0,0,true,false,false,false
creating-a-peaceful-corner-at-home,loving-kindness-meditation-guide,https://echobuddha.com/articles/creating-a-peaceful-corner-at-home/,https://echobuddha.com/articles/loving-kindness-meditation-guide/,Low,false,,0.355,0.129,0.263,0.145,0.112,0.048,0.4,0.135,0,0,0.343,0.001,0,0,true,false,false,false
creating-a-peaceful-corner-at-home,dhammapada-reflection-what-we-think,https://echobuddha.com/articles/creating-a-peaceful-corner-at-home/,https://echobuddha.com/articles/dhammapada-reflection-what-we-think/,Low,false,,0,0.106,0.239,0.137,0.042,0.036,0.4,0.083,0,0.038,0.278,0,0,0,false,false,false,false
creating-a-peaceful-corner-at-home,dhammapada-reflection-trained-mind,https://echobuddha.com/articles/creating-a-peaceful-corner-at-home/,https://echobuddha.com/articles/dhammapada-reflection-trained-mind/,Low,false,,0.014,0.135,0.275,0.133,0.123,0.044,0.4,0.177,0,0.068,0.337,0.001,0,0,true,false,false,false
creating-a-peaceful-corner-at-home,eightfold-path-explained,https://echobuddha.com/articles/creating-a-peaceful-corner-at-home/,https://echobuddha.com/articles/eightfold-path-explained/,Low,false,,0.028,0.119,0.254,0.133,0.067,0.06,0.4,0.125,0,0.079,0.328,0,0,0,true,false,false,false
creating-a-peaceful-corner-at-home,how-to-let-go-of-attachment-in-buddhism,https://echobuddha.com/articles/creating-a-peaceful-corner-at-home/,https://echobuddha.com/articles/how-to-let-go-of-attachment-in-buddhism/,Low,false,,0.032,0.098,0.242,0.108,0.036,0.036,0.4,0.042,0,0,0.378,0,0,0,true,false,false,false
creating-a-peaceful-corner-at-home,right-speech-buddhism,https://echobuddha.com/articles/creating-a-peaceful-corner-at-home/,https://echobuddha.com/articles/right-speech-buddhism/,Low,false,,0.039,0.103,0.222,0.125,0.08,0.033,0.4,0.067,0,0.021,0.307,0,0,0,true,false,false,false
creating-a-peaceful-corner-at-home,buddhist-wisdom-for-overthinking,https://echobuddha.com/articles/creating-a-peaceful-corner-at-home/,https://echobuddha.com/articles/buddhist-wisdom-for-overthinking/,Low,false,,0,0.136,0.288,0.133,0.105,0.045,0.4,0.172,0,0,0.361,0,0,0,true,false,false,false
creating-a-peaceful-corner-at-home,impermanence-in-buddhism,https://echobuddha.com/articles/creating-a-peaceful-corner-at-home/,https://echobuddha.com/articles/impermanence-in-buddhism/,Low,false,,0.014,0.101,0.252,0.134,0.014,0.036,0.4,0.029,0,0.068,0.332,0,0,0,true,false,false,false
creating-a-peaceful-corner-at-home,what-is-karma-in-buddhism,https://echobuddha.com/articles/creating-a-peaceful-corner-at-home/,https://echobuddha.com/articles/what-is-karma-in-buddhism/,Low,false,,0.137,0.087,0.202,0.101,0.021,0.023,0.4,0.105,0,0.121,0.243,0.001,0,0,false,false,false,false
creating-a-peaceful-corner-at-home,four-noble-truths-explained,https://echobuddha.com/articles/creating-a-peaceful-corner-at-home/,https://echobuddha.com/articles/four-noble-truths-explained/,Low,false,,0.014,0.093,0.225,0.133,0,0.036,0.4,0.059,0,0,0.22,0,0,0,false,false,false,false
creating-a-peaceful-corner-at-home,mindfulness-vs-meditation,https://echobuddha.com/articles/creating-a-peaceful-corner-at-home/,https://echobuddha.com/articles/mindfulness-vs-meditation/,Low,false,,0.353,0.193,0.418,0.153,0.184,0.051,0.4,0.249,0,0,0.431,0.001,0,0,true,false,false,false
creating-a-peaceful-corner-at-home,buddhist-teachings-on-forgiveness,https://echobuddha.com/articles/creating-a-peaceful-corner-at-home/,https://echobuddha.com/articles/buddhist-teachings-on-forgiveness/,Low,false,,0,0.096,0.247,0.12,0,0.029,0.4,0.046,0,0.065,0.311,0,0,0,true,false,false,false
creating-a-peaceful-corner-at-home,metta-meditation-script,https://echobuddha.com/articles/creating-a-peaceful-corner-at-home/,https://echobuddha.com/articles/metta-meditation-script/,Low,false,,0.38,0.142,0.323,0.147,0.108,0.028,0.4,0.122,0,0.108,0.389,0,0,0,true,false,false,false
creating-a-peaceful-corner-at-home,buddhism-for-beginners-simple-guide,https://echobuddha.com/articles/creating-a-peaceful-corner-at-home/,https://echobuddha.com/articles/buddhism-for-beginners-simple-guide/,Low,false,,0.152,0.203,0.364,0.165,0.196,0.25,1,0.222,0,0.154,0.363,0.001,0,0,true,false,false,false
creating-a-peaceful-corner-at-home,how-to-meditate-for-anxiety,https://echobuddha.com/articles/creating-a-peaceful-corner-at-home/,https://echobuddha.com/articles/how-to-meditate-for-anxiety/,Low,false,,0.253,0.204,0.418,0.181,0.064,0.255,1,0.231,0,0,0.456,0.001,0,0,true,false,false,false
creating-a-peaceful-corner-at-home,loving-kindness-meditation-beginners,https://echobuddha.com/articles/creating-a-peaceful-corner-at-home/,https://echobuddha.com/articles/loving-kindness-meditation-beginners/,Low,false,,0.416,0.167,0.304,0.167,0.094,0.262,1,0.134,0,0.022,0.318,0.001,0,0,true,false,false,false
creating-a-peaceful-corner-at-home,eightfold-path-explained-daily-life,https://echobuddha.com/articles/creating-a-peaceful-corner-at-home/,https://echobuddha.com/articles/eightfold-path-explained-daily-life/,Low,false,,0.081,0.145,0.263,0.138,0.04,0.245,1,0.181,0,0.095,0.288,0.001,0,0,false,false,false,false
creating-a-peaceful-corner-at-home,mindfulness-morning-routine,https://echobuddha.com/articles/creating-a-peaceful-corner-at-home/,https://echobuddha.com/articles/mindfulness-morning-routine/,Low,false,,0.086,0.201,0.376,0.197,0.168,0.244,1,0.145,0,0.073,0.336,0.001,0,0,true,false,false,false
creating-a-peaceful-corner-at-home,buddhist-teachings-on-impermanence,https://echobuddha.com/articles/creating-a-peaceful-corner-at-home/,https://echobuddha.com/articles/buddhist-teachings-on-impermanence/,Low,false,,0.047,0.136,0.252,0.145,0.065,0.253,1,0.038,0,0.016,0.299,0.001,0,0,false,false,false,false
creating-a-peaceful-corner-at-home,walking-meditation-step-by-step,https://echobuddha.com/articles/creating-a-peaceful-corner-at-home/,https://echobuddha.com/articles/walking-meditation-step-by-step/,Low,false,,0.38,0.212,0.406,0.193,0.111,0.277,1,0.237,0,0.022,0.401,0.001,0,0,true,false,false,false
creating-a-peaceful-corner-at-home,buddhist-approach-to-anger,https://echobuddha.com/articles/creating-a-peaceful-corner-at-home/,https://echobuddha.com/articles/buddhist-approach-to-anger/,Low,false,,0,0.139,0.223,0.137,0.115,0.25,1,0.105,0,0,0.245,0.001,0,0,false,false,false,false
creating-a-peaceful-corner-at-home,mindfulness-for-better-sleep,https://echobuddha.com/articles/creating-a-peaceful-corner-at-home/,https://echobuddha.com/articles/mindfulness-for-better-sleep/,Low,false,,0.088,0.184,0.356,0.166,0.089,0.268,1,0.161,0,0.014,0.343,0.001,0,0,true,false,false,false
creating-a-peaceful-corner-at-home,how-to-practice-non-attachment,https://echobuddha.com/articles/creating-a-peaceful-corner-at-home/,https://echobuddha.com/articles/how-to-practice-non-attachment/,Low,false,,0.121,0.132,0.253,0.118,0.067,0.247,1,0.044,0,0.057,0.251,0.001,0,0,false,false,false,false
creating-a-peaceful-corner-at-home,beginning-a-daily-mindfulness-practice,https://echobuddha.com/articles/creating-a-peaceful-corner-at-home/,https://echobuddha.com/articles/beginning-a-daily-mindfulness-practice/,Low,false,,0.341,0.231,0.475,0.187,0.157,0.272,1,0.169,0,0,0.507,0.001,0,0,true,false,false,false
creating-a-peaceful-corner-at-home,compassion-as-a-daily-discipline,https://echobuddha.com/articles/creating-a-peaceful-corner-at-home/,https://echobuddha.com/articles/compassion-as-a-daily-discipline/,Low,false,,0.093,0.135,0.249,0.128,0.052,0.259,0.4,0.085,0,0.032,0.271,0.001,0,0,false,false,false,false
creating-a-peaceful-corner-at-home,letting-go-without-giving-up,https://echobuddha.com/articles/creating-a-peaceful-corner-at-home/,https://echobuddha.com/articles/letting-go-without-giving-up/,Low,false,,0.018,0.135,0.274,0.17,0,0.244,0.4,0.028,0,0.048,0.272,0.001,0,0,false,false,false,false
creating-a-peaceful-corner-at-home,three-ways-to-practice-patience,https://echobuddha.com/articles/creating-a-peaceful-corner-at-home/,https://echobuddha.com/articles/three-ways-to-practice-patience/,Low,false,,0.164,0.164,0.314,0.141,0.079,0.274,0.4,0.124,0,0.05,0.363,0.001,0,0,true,false,false,false
creating-a-peaceful-corner-at-home,mindful-listening-in-everyday-life,https://echobuddha.com/articles/creating-a-peaceful-corner-at-home/,https://echobuddha.com/articles/mindful-listening-in-everyday-life/,Low,false,,0.035,0.147,0.277,0.172,0.053,0.25,0.4,0.054,0,0.088,0.3,0.001,0,0,false,false,false,false
creating-a-peaceful-corner-at-home,creating-a-peaceful-corner-at-home,https://echobuddha.com/articles/creating-a-peaceful-corner-at-home/,https://echobuddha.com/articles/creating-a-peaceful-corner-at-home/,Self,true,Peaceful Corner Standalone,1,1,1,1,1,1,1,1,1,1,1,1,50,0,true,true,false,false
