URL,route,family,intended_index_state,html,title,h1,visible_word_count,substantive_main_text_chars,external_links,monetization_state,phase_2_score,phase_3_protection,phase_6_cornerstone,phase_8_template_risk,phase_12_review_coverage,placeholder_screen,ad_click_encouragement,off_topic_commercial,result
https://echobuddha.com/,/,HOME,INDEXABLE_CANONICAL_200,YES,Echo Buddha - Buddhist Wisdom for a Calmer Everyday Life,Echo Buddha,803,4200,0,NEVER_MONETIZE,79,SEO_P0_CRITICAL,C2_STRATEGIC,NOT_CLASSIFIED,FULL_SEO_P0_P1,NO,NO,NO,PASS
https://echobuddha.com/404,/404,ERROR,NOINDEX_USER_PAGE_200,YES,Page Not Found | Echo Buddha,Page Not Found,206,206,0,NOT_APPLICABLE,NOT_SCORED,NOT_CLASSIFIED,NOT_CORNERSTONE,NOT_CLASSIFIED,100%_AUTOMATED_SEMANTIC_SCREEN,NO,NO,NO,PASS
https://echobuddha.com/404.html,/404.html,ERROR_ALIAS,TEMPORARY_REDIRECT,NO,,,0,0,0,NEVER_MONETIZE,NOT_SCORED,SEO_UNKNOWN,NOT_CORNERSTONE,NOT_CLASSIFIED,100%_AUTOMATED_SEMANTIC_SCREEN,NO,NO,NO,PASS
https://echobuddha.com/about/,/about/,TRUST,INDEXABLE_CANONICAL_200,YES,About Echo Buddha | Echo Buddha,About Echo Buddha,603,3088,0,NEVER_MONETIZE,NOT_SCORED,SEO_P1_HIGH,NOT_PHASE_6_CORNERSTONE,NOT_CLASSIFIED,FULL_SEO_P0_P1|FULL_TRUST_SURFACE,NO,NO,NO,PASS
https://echobuddha.com/ads.txt,/ads.txt,TECHNICAL,TECHNICAL_ENDPOINT,NO,,,0,0,0,TECHNICAL_NON_HTML,NOT_SCORED,NOT_CLASSIFIED,NOT_CORNERSTONE,NOT_CLASSIFIED,100%_AUTOMATED_SEMANTIC_SCREEN,NO,NO,NO,PASS
https://echobuddha.com/articles/,/articles/,ARTICLE_NAVIGATION,INDEXABLE_CANONICAL_200,YES,Articles and Blog | Echo Buddha,Articles and Blog,1876,11636,0,NEVER_MONETIZE,50,SEO_P1_HIGH,NOT_PHASE_6_CORNERSTONE,NOT_CLASSIFIED,FULL_SEO_P0_P1,NO,NO,NO,PASS
https://echobuddha.com/articles/beginning-a-daily-mindfulness-practice/,/articles/beginning-a-daily-mindfulness-practice/,ARTICLE,INDEXABLE_CANONICAL_200,YES,Daily Mindfulness Practice for Beginners | Echo Buddha,Beginning a Daily Mindfulness Practice,1503,8315,0,HOLD_MANUAL_REVIEW,58,SEO_P3_LIMITED,NOT_PHASE_6_CORNERSTONE,T0_DISTINCT,100%_AUTOMATED_SEMANTIC_SCREEN,NO,NO,NO,PASS
https://echobuddha.com/articles/buddhism-for-beginners-simple-guide/,/articles/buddhism-for-beginners-simple-guide/,ARTICLE,INDEXABLE_CANONICAL_200,YES,Buddhism for Beginners: A Simple Guide | Echo Buddha,Buddhism for Beginners: A Simple Guide to the Path,1816,10393,2,HOLD_MANUAL_REVIEW,60,SEO_P3_LIMITED,NOT_PHASE_6_CORNERSTONE,T1_LOW_TEMPLATE_RISK,100%_AUTOMATED_SEMANTIC_SCREEN,NO,NO,NO,PASS
https://echobuddha.com/articles/buddhist-approach-to-anger/,/articles/buddhist-approach-to-anger/,ARTICLE,INDEXABLE_CANONICAL_200,YES,A Buddhist Approach to Anger | Echo Buddha,"A Buddhist Approach to Anger: Pause, Understand, Respond",1847,10618,2,HOLD_MANUAL_REVIEW,70,SEO_P2_EMERGING,NOT_PHASE_6_CORNERSTONE,T1_LOW_TEMPLATE_RISK,100%_AUTOMATED_SEMANTIC_SCREEN,NO,NO,NO,PASS
https://echobuddha.com/articles/buddhist-gratitude-practice/,/articles/buddhist-gratitude-practice/,ARTICLE,INDEXABLE_CANONICAL_200,YES,Buddhist Gratitude Practice Without Forced Positivity | Echo Buddha,Buddhist Gratitude Practice: Appreciating Life Without Clinging,1791,10544,2,HOLD_MANUAL_REVIEW,69,SEO_P3_LIMITED,NOT_PHASE_6_CORNERSTONE,T0_DISTINCT,100%_AUTOMATED_SEMANTIC_SCREEN,NO,NO,NO,PASS
https://echobuddha.com/articles/buddhist-teachings-on-forgiveness/,/articles/buddhist-teachings-on-forgiveness/,ARTICLE,INDEXABLE_CANONICAL_200,YES,Buddhist Teachings on Forgiveness and Letting Go | Echo Buddha,Buddhist Teachings on Forgiveness: Letting Go Without Excusing Harm,1740,10475,1,HOLD_MANUAL_REVIEW,69,SEO_P3_LIMITED,NOT_PHASE_6_CORNERSTONE,T0_DISTINCT,100%_AUTOMATED_SEMANTIC_SCREEN,NO,NO,NO,PASS
https://echobuddha.com/articles/buddhist-teachings-on-impermanence/,/articles/buddhist-teachings-on-impermanence/,ARTICLE,INDEXABLE_CANONICAL_200,YES,Buddhist Teachings on Impermanence | Echo Buddha,Buddhist Teachings on Impermanence and Change,1615,9271,1,HOLD_MANUAL_REVIEW,63,SEO_P3_LIMITED,NOT_PHASE_6_CORNERSTONE,T1_LOW_TEMPLATE_RISK,100%_AUTOMATED_SEMANTIC_SCREEN,NO,NO,NO,PASS
https://echobuddha.com/articles/buddhist-wisdom-for-overthinking/,/articles/buddhist-wisdom-for-overthinking/,ARTICLE,INDEXABLE_CANONICAL_200,YES,Buddhist Wisdom for Overthinking and a Busy Mind | Echo Buddha,Buddhist Wisdom for Overthinking: How to Calm a Busy Mind,2063,12200,2,ELIGIBLE_CANDIDATE,66,SEO_P1_HIGH,C1_HIGH,T1_LOW_TEMPLATE_RISK,FULL_SEO_P0_P1|FULL_C0_C1|FULL_PHASE10_ELIGIBLE,NO,NO,NO,PASS
https://echobuddha.com/articles/category/buddhist-wisdom/,/articles/category/buddhist-wisdom/,ARTICLE_NAVIGATION,INDEXABLE_CANONICAL_200,YES,Buddhist Wisdom Articles | Echo Buddha,Buddhist Wisdom Articles,976,5371,0,NEVER_MONETIZE,50,SEO_P2_EMERGING,NOT_PHASE_6_CORNERSTONE,NOT_CLASSIFIED,100%_AUTOMATED_SEMANTIC_SCREEN,NO,NO,NO,PASS
https://echobuddha.com/articles/category/meditation/,/articles/category/meditation/,ARTICLE_NAVIGATION,INDEXABLE_CANONICAL_200,YES,Meditation Articles | Echo Buddha,Meditation Articles,573,2826,0,NEVER_MONETIZE,49,SEO_P2_EMERGING,NOT_PHASE_6_CORNERSTONE,NOT_CLASSIFIED,100%_AUTOMATED_SEMANTIC_SCREEN,NO,NO,NO,PASS
https://echobuddha.com/articles/category/mindfulness/,/articles/category/mindfulness/,ARTICLE_NAVIGATION,INDEXABLE_CANONICAL_200,YES,Mindfulness Articles | Echo Buddha,Mindfulness Articles,460,1986,0,NEVER_MONETIZE,49,SEO_P2_EMERGING,NOT_PHASE_6_CORNERSTONE,NOT_CLASSIFIED,100%_AUTOMATED_SEMANTIC_SCREEN,NO,NO,NO,PASS
https://echobuddha.com/articles/category/practice/,/articles/category/practice/,ARTICLE_NAVIGATION,INDEXABLE_CANONICAL_200,YES,Practice Articles | Echo Buddha,Practice Articles,522,2406,0,NEVER_MONETIZE,50,SEO_P2_EMERGING,NOT_PHASE_6_CORNERSTONE,NOT_CLASSIFIED,100%_AUTOMATED_SEMANTIC_SCREEN,NO,NO,NO,PASS
https://echobuddha.com/articles/category/reflection/,/articles/category/reflection/,ARTICLE_NAVIGATION,INDEXABLE_CANONICAL_200,YES,Reflection Articles | Echo Buddha,Reflection Articles,519,2448,0,NEVER_MONETIZE,49,SEO_P2_EMERGING,NOT_PHASE_6_CORNERSTONE,NOT_CLASSIFIED,100%_AUTOMATED_SEMANTIC_SCREEN,NO,NO,NO,PASS
https://echobuddha.com/articles/compassion-as-a-daily-discipline/,/articles/compassion-as-a-daily-discipline/,ARTICLE,INDEXABLE_CANONICAL_200,YES,Compassion as a Daily Buddhist Practice | Echo Buddha,Compassion as a Daily Discipline,1513,9026,1,HOLD_MANUAL_REVIEW,63,SEO_P3_LIMITED,NOT_PHASE_6_CORNERSTONE,T0_DISTINCT,100%_AUTOMATED_SEMANTIC_SCREEN,NO,NO,NO,PASS
https://echobuddha.com/articles/compassion-in-buddhism-beginner-guide/,/articles/compassion-in-buddhism-beginner-guide/,ARTICLE,INDEXABLE_CANONICAL_200,YES,Compassion in Buddhism: Beginner Guide and Daily Practice | Echo Buddha,Compassion in Buddhism: A Beginner's Guide,1508,8916,1,HOLD_MANUAL_REVIEW,77,SEO_P1_HIGH,NOT_PHASE_6_CORNERSTONE,T0_DISTINCT,FULL_SEO_P0_P1,NO,NO,NO,PASS
https://echobuddha.com/articles/compassion-with-boundaries/,/articles/compassion-with-boundaries/,ARTICLE,INDEXABLE_CANONICAL_200,YES,Compassion With Boundaries in Buddhist Practice | Echo Buddha,Compassion With Boundaries,1209,7222,5,ELIGIBLE_CANDIDATE,68,SEO_P1_HIGH,C1_HIGH,T1_LOW_TEMPLATE_RISK,FULL_SEO_P0_P1|FULL_C0_C1|FULL_PHASE10_ELIGIBLE,NO,NO,NO,PASS
https://echobuddha.com/articles/creating-a-peaceful-corner-at-home/,/articles/creating-a-peaceful-corner-at-home/,ARTICLE,INDEXABLE_CANONICAL_200,YES,Create a Peaceful Meditation Corner | Echo Buddha,Creating a Peaceful Corner at Home,1525,8175,0,HOLD_MANUAL_REVIEW,71,SEO_P2_EMERGING,NOT_PHASE_6_CORNERSTONE,T0_DISTINCT,100%_AUTOMATED_SEMANTIC_SCREEN,NO,NO,NO,PASS
https://echobuddha.com/articles/dhamma-vs-dharma/,/articles/dhamma-vs-dharma/,ARTICLE,INDEXABLE_CANONICAL_200,YES,Dhamma vs Dharma: Buddhist Meaning and Spelling | Echo Buddha,Dhamma vs Dharma: What Is the Difference?,1404,8014,4,ELIGIBLE_CANDIDATE,63,SEO_P1_HIGH,C0_CRITICAL,T1_LOW_TEMPLATE_RISK,FULL_SEO_P0_P1|FULL_C0_C1|FULL_PHASE10_ELIGIBLE,NO,NO,NO,PASS
https://echobuddha.com/articles/dhammapada-reflection-trained-mind/,/articles/dhammapada-reflection-trained-mind/,ARTICLE,INDEXABLE_CANONICAL_200,YES,Dhammapada Reflection on a Trained Mind and Peace | Echo Buddha,Dhammapada Reflection: A Trained Mind Brings Peace,1563,8886,0,HOLD_MANUAL_REVIEW,58,SEO_P3_LIMITED,NOT_PHASE_6_CORNERSTONE,T1_LOW_TEMPLATE_RISK,100%_AUTOMATED_SEMANTIC_SCREEN,NO,NO,NO,PASS
https://echobuddha.com/articles/dhammapada-reflection-what-we-think/,/articles/dhammapada-reflection-what-we-think/,ARTICLE,INDEXABLE_CANONICAL_200,YES,"Dhammapada What We Think: Translation, Paraphrase, Reflection | Echo Buddha","Dhammapada Reflection: What We Think, We Become",1928,11513,2,ELIGIBLE_CANDIDATE,65,SEO_P1_HIGH,C1_HIGH,T1_LOW_TEMPLATE_RISK,FULL_SEO_P0_P1|FULL_C0_C1|FULL_PHASE10_ELIGIBLE,NO,NO,NO,PASS
https://echobuddha.com/articles/dhammapada-verse-1-meaning/,/articles/dhammapada-verse-1-meaning/,ARTICLE,INDEXABLE_CANONICAL_200,YES,Dhammapada Verse 1 Meaning and Translation Caution | Echo Buddha,Dhammapada Verse 1 Meaning and Translation Caution,1391,7960,2,ELIGIBLE_CANDIDATE,65,SEO_P1_HIGH,C0_CRITICAL,T1_LOW_TEMPLATE_RISK,FULL_SEO_P0_P1|FULL_C0_C1|FULL_PHASE10_ELIGIBLE,NO,NO,NO,PASS
https://echobuddha.com/articles/eightfold-path-explained-daily-life/,/articles/eightfold-path-explained-daily-life/,ARTICLE,INDEXABLE_CANONICAL_200,YES,Eightfold Path in Daily Life | Echo Buddha,The Noble Eightfold Path Explained for Daily Life,1759,10111,1,HOLD_MANUAL_REVIEW,68,SEO_P2_EMERGING,NOT_PHASE_6_CORNERSTONE,T1_LOW_TEMPLATE_RISK,100%_AUTOMATED_SEMANTIC_SCREEN,NO,NO,NO,PASS
https://echobuddha.com/articles/eightfold-path-explained/,/articles/eightfold-path-explained/,ARTICLE,INDEXABLE_CANONICAL_200,YES,The Noble Eightfold Path Explained for Beginners | Echo Buddha,The Noble Eightfold Path Explained for Beginners,1874,11237,1,HOLD_MANUAL_REVIEW,64,SEO_P2_EMERGING,NOT_PHASE_6_CORNERSTONE,T1_LOW_TEMPLATE_RISK,100%_AUTOMATED_SEMANTIC_SCREEN,NO,NO,NO,PASS
https://echobuddha.com/articles/equanimity-in-buddhism/,/articles/equanimity-in-buddhism/,ARTICLE,INDEXABLE_CANONICAL_200,YES,Equanimity in Buddhism: Balanced Care Without Numbness | Echo Buddha,Equanimity in Buddhism: Calm Without Indifference,1893,11015,1,HOLD_MANUAL_REVIEW,70,SEO_P2_EMERGING,NOT_PHASE_6_CORNERSTONE,T0_DISTINCT,100%_AUTOMATED_SEMANTIC_SCREEN,NO,NO,NO,PASS
https://echobuddha.com/articles/first-week-buddhist-practice/,/articles/first-week-buddhist-practice/,ARTICLE,INDEXABLE_CANONICAL_200,YES,First Week Buddhist Practice for Beginners | Echo Buddha,First Week Buddhist Practice for Beginners,1122,5864,3,HOLD_MANUAL_REVIEW,70,SEO_P2_EMERGING,NOT_PHASE_6_CORNERSTONE,T1_LOW_TEMPLATE_RISK,100%_AUTOMATED_SEMANTIC_SCREEN,NO,NO,NO,PASS
https://echobuddha.com/articles/five-precepts-in-daily-life/,/articles/five-precepts-in-daily-life/,ARTICLE,INDEXABLE_CANONICAL_200,YES,Five Precepts in Daily Life: Buddhist Ethics for Beginners | Echo Buddha,The Five Precepts in Daily Life: A Beginner's Guide to Buddhist Ethics,2368,14542,2,HOLD_MANUAL_REVIEW,73,SEO_P1_HIGH,NOT_PHASE_6_CORNERSTONE,T0_DISTINCT,FULL_SEO_P0_P1,NO,NO,NO,PASS
https://echobuddha.com/articles/four-noble-truths-explained-simply/,/articles/four-noble-truths-explained-simply/,ARTICLE,INDEXABLE_CANONICAL_200,YES,Four Noble Truths Explained Simply for Beginners | Echo Buddha,The Four Noble Truths Explained Simply,1652,9196,1,HOLD_MANUAL_REVIEW,61,SEO_P2_EMERGING,NOT_PHASE_6_CORNERSTONE,T1_LOW_TEMPLATE_RISK,100%_AUTOMATED_SEMANTIC_SCREEN,NO,NO,NO,PASS
https://echobuddha.com/articles/four-noble-truths-explained/,/articles/four-noble-truths-explained/,ARTICLE,INDEXABLE_CANONICAL_200,YES,The Four Noble Truths Explained Simply | Echo Buddha,The Four Noble Truths Explained in Simple Everyday Language,1805,10576,2,HOLD_MANUAL_REVIEW,63,SEO_P3_LIMITED,NOT_PHASE_6_CORNERSTONE,T1_LOW_TEMPLATE_RISK,100%_AUTOMATED_SEMANTIC_SCREEN,NO,NO,NO,PASS
https://echobuddha.com/articles/how-to-let-go-of-attachment-in-buddhism/,/articles/how-to-let-go-of-attachment-in-buddhism/,ARTICLE,INDEXABLE_CANONICAL_200,YES,How to Let Go of Attachment in Buddhism | Echo Buddha,How to Let Go of Attachment in Buddhism,2023,11750,0,HOLD_MANUAL_REVIEW,71,SEO_P1_HIGH,NOT_PHASE_6_CORNERSTONE,T1_LOW_TEMPLATE_RISK,FULL_SEO_P0_P1,NO,NO,NO,PASS
https://echobuddha.com/articles/how-to-meditate-for-anxiety/,/articles/how-to-meditate-for-anxiety/,ARTICLE,INDEXABLE_CANONICAL_200,YES,How to Meditate for Anxiety Gently | Echo Buddha,How to Meditate for Anxiety Without Fighting Your Mind,1796,10118,1,HOLD_MANUAL_REVIEW,75,SEO_P2_EMERGING,NOT_PHASE_6_CORNERSTONE,T1_LOW_TEMPLATE_RISK,100%_AUTOMATED_SEMANTIC_SCREEN,NO,NO,NO,PASS
https://echobuddha.com/articles/how-to-meditate-for-beginners/,/articles/how-to-meditate-for-beginners/,ARTICLE,INDEXABLE_CANONICAL_200,YES,How to Meditate for Beginners: Simple Buddhist Guide | Echo Buddha,How to Meditate for Beginners: A Simple Buddhist Guide,1690,9333,2,HOLD_MANUAL_REVIEW,69,SEO_P3_LIMITED,NOT_PHASE_6_CORNERSTONE,T1_LOW_TEMPLATE_RISK,100%_AUTOMATED_SEMANTIC_SCREEN,NO,NO,NO,PASS
https://echobuddha.com/articles/how-to-practice-non-attachment/,/articles/how-to-practice-non-attachment/,HISTORICAL_REDIRECT,PERMANENT_REDIRECT,NO,,,0,0,0,NOT_APPLICABLE,59,SEO_P2_EMERGING,NOT_CORNERSTONE,NOT_CLASSIFIED,100%_AUTOMATED_SEMANTIC_SCREEN,NO,NO,NO,PASS
https://echobuddha.com/articles/impermanence-in-buddhism-letting-go/,/articles/impermanence-in-buddhism-letting-go/,ARTICLE,INDEXABLE_CANONICAL_200,YES,Impermanence in Buddhism and How to Let Go Gently | Echo Buddha,Impermanence in Buddhism: Learning to Let Go Gently,1619,9421,1,HOLD_MANUAL_REVIEW,64,SEO_P2_EMERGING,NOT_PHASE_6_CORNERSTONE,T1_LOW_TEMPLATE_RISK,100%_AUTOMATED_SEMANTIC_SCREEN,NO,NO,NO,PASS
https://echobuddha.com/articles/impermanence-in-buddhism/,/articles/impermanence-in-buddhism/,ARTICLE,INDEXABLE_CANONICAL_200,YES,Impermanence in Buddhism: Accepting Change Peacefully | Echo Buddha,Impermanence in Buddhism: Learning to Accept Change Peacefully,1802,10647,1,HOLD_MANUAL_REVIEW,63,SEO_P2_EMERGING,NOT_PHASE_6_CORNERSTONE,T1_LOW_TEMPLATE_RISK,100%_AUTOMATED_SEMANTIC_SCREEN,NO,NO,NO,PASS
https://echobuddha.com/articles/letting-go-without-giving-up/,/articles/letting-go-without-giving-up/,HISTORICAL_REDIRECT,PERMANENT_REDIRECT,NO,,,0,0,0,NOT_APPLICABLE,58,SEO_P3_LIMITED,NOT_CORNERSTONE,NOT_CLASSIFIED,100%_AUTOMATED_SEMANTIC_SCREEN,NO,NO,NO,PASS
https://echobuddha.com/articles/loving-kindness-meditation-beginners/,/articles/loving-kindness-meditation-beginners/,ARTICLE,INDEXABLE_CANONICAL_200,YES,Loving-Kindness Meditation for Beginners | Echo Buddha,Loving-Kindness Meditation for Beginners,1720,10106,2,HOLD_MANUAL_REVIEW,63,SEO_P3_LIMITED,NOT_PHASE_6_CORNERSTONE,T1_LOW_TEMPLATE_RISK,100%_AUTOMATED_SEMANTIC_SCREEN,NO,NO,NO,PASS
https://echobuddha.com/articles/loving-kindness-meditation-guide/,/articles/loving-kindness-meditation-guide/,ARTICLE,INDEXABLE_CANONICAL_200,YES,Loving-Kindness Meditation Guide for Beginners | Echo Buddha,Loving-Kindness Meditation: A Gentle Practice Guide,1654,9760,2,HOLD_MANUAL_REVIEW,63,SEO_P3_LIMITED,NOT_PHASE_6_CORNERSTONE,T1_LOW_TEMPLATE_RISK,100%_AUTOMATED_SEMANTIC_SCREEN,NO,NO,NO,PASS
https://echobuddha.com/articles/metta-meditation-script/,/articles/metta-meditation-script/,ARTICLE,INDEXABLE_CANONICAL_200,YES,Metta Meditation Script for Loving-Kindness Practice | Echo Buddha,Metta Meditation Script: A Loving-Kindness Practice for Yourself and Others,1985,11549,2,HOLD_MANUAL_REVIEW,70,SEO_P2_EMERGING,NOT_PHASE_6_CORNERSTONE,T1_LOW_TEMPLATE_RISK,100%_AUTOMATED_SEMANTIC_SCREEN,NO,NO,NO,PASS
https://echobuddha.com/articles/mindful-email-and-texting/,/articles/mindful-email-and-texting/,ARTICLE,INDEXABLE_CANONICAL_200,YES,Mindful Email and Texting with Buddhist Right Speech | Echo Buddha,Mindful Email and Texting,1046,5693,2,HOLD_MANUAL_REVIEW,68,SEO_P2_EMERGING,NOT_PHASE_6_CORNERSTONE,T1_LOW_TEMPLATE_RISK,100%_AUTOMATED_SEMANTIC_SCREEN,NO,NO,NO,PASS
https://echobuddha.com/articles/mindful-listening-in-everyday-life/,/articles/mindful-listening-in-everyday-life/,ARTICLE,INDEXABLE_CANONICAL_200,YES,Mindful Listening in Everyday Life | Echo Buddha,Mindful Listening in Everyday Life,1452,8511,0,HOLD_MANUAL_REVIEW,65,SEO_P3_LIMITED,NOT_PHASE_6_CORNERSTONE,T0_DISTINCT,100%_AUTOMATED_SEMANTIC_SCREEN,NO,NO,NO,PASS
https://echobuddha.com/articles/mindfulness-for-better-sleep/,/articles/mindfulness-for-better-sleep/,ARTICLE,INDEXABLE_CANONICAL_200,YES,Mindfulness for Better Sleep | Echo Buddha,Mindfulness for Better Sleep: A Gentle Evening Practice,1603,9152,1,HOLD_MANUAL_REVIEW,75,SEO_P2_EMERGING,NOT_PHASE_6_CORNERSTONE,T1_LOW_TEMPLATE_RISK,100%_AUTOMATED_SEMANTIC_SCREEN,NO,NO,NO,PASS
https://echobuddha.com/articles/mindfulness-morning-routine/,/articles/mindfulness-morning-routine/,ARTICLE,INDEXABLE_CANONICAL_200,YES,Mindful Morning Routine for Beginners | Echo Buddha,A Mindful Morning Routine for a Calmer Day,1549,8650,0,HOLD_MANUAL_REVIEW,65,SEO_P3_LIMITED,NOT_PHASE_6_CORNERSTONE,T0_DISTINCT,100%_AUTOMATED_SEMANTIC_SCREEN,NO,NO,NO,PASS
https://echobuddha.com/articles/mindfulness-of-breathing-guide/,/articles/mindfulness-of-breathing-guide/,ARTICLE,INDEXABLE_CANONICAL_200,YES,Mindfulness of Breathing Guide for Calm and Clarity | Echo Buddha,Mindfulness of Breathing: A Step-by-Step Guide,1658,9423,2,HOLD_MANUAL_REVIEW,75,SEO_P2_EMERGING,NOT_PHASE_6_CORNERSTONE,T1_LOW_TEMPLATE_RISK,100%_AUTOMATED_SEMANTIC_SCREEN,NO,NO,NO,PASS
https://echobuddha.com/articles/mindfulness-vs-meditation/,/articles/mindfulness-vs-meditation/,ARTICLE,INDEXABLE_CANONICAL_200,YES,Mindfulness vs Meditation: Simple Beginner Guide | Echo Buddha,Mindfulness vs Meditation: What Is the Difference for Beginners?,1887,11548,2,HOLD_MANUAL_REVIEW,63,SEO_P3_LIMITED,NOT_PHASE_6_CORNERSTONE,T1_LOW_TEMPLATE_RISK,100%_AUTOMATED_SEMANTIC_SCREEN,NO,NO,NO,PASS
https://echobuddha.com/articles/noble-eightfold-path-practical-guide/,/articles/noble-eightfold-path-practical-guide/,ARTICLE,INDEXABLE_CANONICAL_200,YES,Noble Eightfold Path Practical Guide for Daily Life | Echo Buddha,The Noble Eightfold Path: A Practical Guide for Daily Life,1915,11264,3,ELIGIBLE_CANDIDATE,63,SEO_P1_HIGH,C1_HIGH,T1_LOW_TEMPLATE_RISK,FULL_SEO_P0_P1|FULL_C0_C1|FULL_PHASE10_ELIGIBLE,NO,NO,NO,PASS
https://echobuddha.com/articles/non-attachment-in-relationships/,/articles/non-attachment-in-relationships/,ARTICLE,INDEXABLE_CANONICAL_200,YES,Non-Attachment in Relationships Without Becoming Cold | Echo Buddha,Non-Attachment in Relationships,1078,6115,2,HOLD_MANUAL_REVIEW,67,SEO_P3_LIMITED,NOT_PHASE_6_CORNERSTONE,T1_LOW_TEMPLATE_RISK,100%_AUTOMATED_SEMANTIC_SCREEN,NO,NO,NO,PASS
https://echobuddha.com/articles/right-livelihood-modern-life/,/articles/right-livelihood-modern-life/,ARTICLE,INDEXABLE_CANONICAL_200,YES,Right Livelihood in Modern Life: Buddhist Work Ethics | Echo Buddha,Right Livelihood in Modern Life: Buddhist Work Ethics Without Perfectionism,2210,13238,2,HOLD_MANUAL_REVIEW,63,SEO_P3_LIMITED,NOT_PHASE_6_CORNERSTONE,T0_DISTINCT,100%_AUTOMATED_SEMANTIC_SCREEN,NO,NO,NO,PASS
https://echobuddha.com/articles/right-speech-buddhism/,/articles/right-speech-buddhism/,ARTICLE,INDEXABLE_CANONICAL_200,YES,"Right Speech in Buddhism: Meaning, Examples, and Practice | Echo Buddha",Right Speech in Buddhism: How to Speak with Kindness and Awareness,2155,12617,4,ELIGIBLE_CANDIDATE,78,SEO_P0_CRITICAL,C0_CRITICAL,T1_LOW_TEMPLATE_RISK,FULL_SEO_P0_P1|FULL_C0_C1|FULL_PHASE10_ELIGIBLE,NO,NO,NO,PASS
https://echobuddha.com/articles/right-speech-examples/,/articles/right-speech-examples/,ARTICLE,INDEXABLE_CANONICAL_200,YES,Right Speech Examples for Everyday Life | Echo Buddha,Right Speech Examples for Everyday Life,1012,5464,2,HOLD_MANUAL_REVIEW,60,SEO_P3_LIMITED,NOT_PHASE_6_CORNERSTONE,T1_LOW_TEMPLATE_RISK,100%_AUTOMATED_SEMANTIC_SCREEN,NO,NO,NO,PASS
https://echobuddha.com/articles/three-poisons-buddhism-explained/,/articles/three-poisons-buddhism-explained/,ARTICLE,INDEXABLE_CANONICAL_200,YES,"Three Poisons in Buddhism: Greed, Aversion, and Delusion | Echo Buddha","The Three Poisons in Buddhism: Greed, Hatred, and Delusion Explained",2256,13102,2,HOLD_MANUAL_REVIEW,72,SEO_P1_HIGH,NOT_PHASE_6_CORNERSTONE,T0_DISTINCT,FULL_SEO_P0_P1,NO,NO,NO,PASS
https://echobuddha.com/articles/three-ways-to-practice-patience/,/articles/three-ways-to-practice-patience/,ARTICLE,INDEXABLE_CANONICAL_200,YES,Three Ways to Practice Patience | Echo Buddha,Three Ways to Practice Patience,1490,8546,0,HOLD_MANUAL_REVIEW,65,SEO_P2_EMERGING,NOT_PHASE_6_CORNERSTONE,T0_DISTINCT,100%_AUTOMATED_SEMANTIC_SCREEN,NO,NO,NO,PASS
https://echobuddha.com/articles/visiting-a-buddhist-temple-respectfully/,/articles/visiting-a-buddhist-temple-respectfully/,ARTICLE,INDEXABLE_CANONICAL_200,YES,Visiting a Buddhist Temple Respectfully: Beginner Guide | Echo Buddha,Visiting a Buddhist Temple Respectfully,1115,6453,4,HOLD_MANUAL_REVIEW,72,SEO_P1_HIGH,NOT_PHASE_6_CORNERSTONE,T1_LOW_TEMPLATE_RISK,FULL_SEO_P0_P1,NO,NO,NO,PASS
https://echobuddha.com/articles/walking-meditation-step-by-step/,/articles/walking-meditation-step-by-step/,ARTICLE,INDEXABLE_CANONICAL_200,YES,Walking Meditation: Step-by-Step Guide | Echo Buddha,Walking Meditation: A Step-by-Step Beginner's Guide,1552,8620,0,HOLD_MANUAL_REVIEW,65,SEO_P3_LIMITED,NOT_PHASE_6_CORNERSTONE,T0_DISTINCT,100%_AUTOMATED_SEMANTIC_SCREEN,NO,NO,NO,PASS
https://echobuddha.com/articles/what-is-buddhism-beginner-guide/,/articles/what-is-buddhism-beginner-guide/,ARTICLE,INDEXABLE_CANONICAL_200,YES,What Is Buddhism? Beginner Guide to Buddhist Wisdom | Echo Buddha,What Is Buddhism? A Beginner-Friendly Guide,1741,10274,2,HOLD_MANUAL_REVIEW,61,SEO_P2_EMERGING,NOT_PHASE_6_CORNERSTONE,T1_LOW_TEMPLATE_RISK,100%_AUTOMATED_SEMANTIC_SCREEN,NO,NO,NO,PASS
https://echobuddha.com/articles/what-is-karma-in-buddhism/,/articles/what-is-karma-in-buddhism/,ARTICLE,INDEXABLE_CANONICAL_200,YES,How Karma Shapes Daily Choices in Buddhist Practice | Echo Buddha,How Karma Shapes Daily Choices in Buddhist Practice,1842,10809,1,HOLD_MANUAL_REVIEW,64,SEO_P2_EMERGING,NOT_PHASE_6_CORNERSTONE,T0_DISTINCT,100%_AUTOMATED_SEMANTIC_SCREEN,NO,NO,NO,PASS
https://echobuddha.com/articles/what-is-sangha-buddhist-community/,/articles/what-is-sangha-buddhist-community/,ARTICLE,INDEXABLE_CANONICAL_200,YES,What Is Sangha? Buddhist Community for Beginners | Echo Buddha,What Is Sangha? Why Buddhist Community Matters for Beginners,2144,13459,3,HOLD_MANUAL_REVIEW,77,SEO_P1_HIGH,NOT_PHASE_6_CORNERSTONE,T1_LOW_TEMPLATE_RISK,FULL_SEO_P0_P1,NO,NO,NO,PASS
https://echobuddha.com/authors/echo-buddha-editorial/,/authors/echo-buddha-editorial/,TRUST,INDEXABLE_CANONICAL_200,YES,Echo Buddha Editorial | Echo Buddha,Echo Buddha Editorial,575,2983,0,NEVER_MONETIZE,NOT_SCORED,SEO_P2_EMERGING,NOT_PHASE_6_CORNERSTONE,NOT_CLASSIFIED,FULL_TRUST_SURFACE,NO,NO,NO,PASS
https://echobuddha.com/buddhist-sources-and-citations/,/buddhist-sources-and-citations/,TRUST,INDEXABLE_CANONICAL_200,YES,Buddhist Sources and Citations | Echo Buddha,Buddhist Sources and Citations,732,3956,0,NEVER_MONETIZE,NOT_SCORED,SEO_P2_EMERGING,NOT_PHASE_6_CORNERSTONE,NOT_CLASSIFIED,FULL_TRUST_SURFACE,NO,NO,NO,PASS
https://echobuddha.com/contact/,/contact/,UTILITY,INDEXABLE_CANONICAL_200,YES,Contact | Echo Buddha,Contact Echo Buddha,328,1111,0,NEVER_MONETIZE,NOT_SCORED,SEO_P2_EMERGING,NOT_PHASE_6_CORNERSTONE,NOT_CLASSIFIED,100%_AUTOMATED_SEMANTIC_SCREEN,NO,NO,NO,PASS
https://echobuddha.com/corrections/,/corrections/,TRUST,INDEXABLE_CANONICAL_200,YES,Corrections and Editorial Updates | Echo Buddha,Corrections and Editorial Updates,552,2689,0,NEVER_MONETIZE,NOT_SCORED,SEO_P2_EMERGING,NOT_PHASE_6_CORNERSTONE,NOT_CLASSIFIED,FULL_TRUST_SURFACE,NO,NO,NO,PASS
https://echobuddha.com/daily-reflections/,/daily-reflections/,DAILY_REFLECTION,INDEXABLE_CANONICAL_200,YES,Daily Buddhist Reflections for Mindful Living | Echo Buddha,Daily Buddhist Reflections for Mindful Living,2193,13235,0,NEVER_MONETIZE,73,SEO_P1_HIGH,NOT_PHASE_6_CORNERSTONE,NOT_CLASSIFIED,FULL_SEO_P0_P1,NO,NO,NO,PASS
https://echobuddha.com/daily-reflections/anger-as-a-signal/,/daily-reflections/anger-as-a-signal/,DAILY_REFLECTION,NOINDEX_USER_PAGE_200,YES,Anger Can Become a Signal - Daily Buddhist Reflection | Echo Buddha,Anger Can Become a Signal,401,1455,0,NEVER_MONETIZE,NOT_SCORED,SEO_P2_EMERGING,NOT_CORNERSTONE,T1_LOW_TEMPLATE_RISK,100%_AUTOMATED_SEMANTIC_SCREEN,NO,NO,NO,PASS
https://echobuddha.com/daily-reflections/begin-again-without-shame/,/daily-reflections/begin-again-without-shame/,DAILY_REFLECTION,NOINDEX_USER_PAGE_200,YES,Begin Again Without Shame - Daily Buddhist Reflection | Echo Buddha,Begin Again Without Shame,388,1420,0,NEVER_MONETIZE,NOT_SCORED,SEO_P2_EMERGING,NOT_CORNERSTONE,T2_MODERATE_TEMPLATE_RISK,FULL_HISTORICAL_TEMPLATE_RISK,NO,NO,NO,PASS
https://echobuddha.com/daily-reflections/compassion-begins-nearby/,/daily-reflections/compassion-begins-nearby/,DAILY_REFLECTION,NOINDEX_USER_PAGE_200,YES,Compassion Begins Nearby - Daily Buddhist Reflection | Echo Buddha,Compassion Begins Nearby,386,1432,0,NEVER_MONETIZE,NOT_SCORED,SEO_P3_LIMITED,NOT_CORNERSTONE,T1_LOW_TEMPLATE_RISK,100%_AUTOMATED_SEMANTIC_SCREEN,NO,NO,NO,PASS
https://echobuddha.com/daily-reflections/enough-for-this-moment/,/daily-reflections/enough-for-this-moment/,DAILY_REFLECTION,NOINDEX_USER_PAGE_200,YES,Enough for This Moment - Daily Buddhist Reflection | Echo Buddha,Enough for This Moment,383,1357,0,NEVER_MONETIZE,NOT_SCORED,SEO_P3_LIMITED,NOT_CORNERSTONE,T2_MODERATE_TEMPLATE_RISK,FULL_HISTORICAL_TEMPLATE_RISK,NO,NO,NO,PASS
https://echobuddha.com/daily-reflections/evening-release/,/daily-reflections/evening-release/,DAILY_REFLECTION,NOINDEX_USER_PAGE_200,YES,End the Day by Releasing - Daily Buddhist Reflection | Echo Buddha,End the Day by Releasing,401,1468,0,NEVER_MONETIZE,NOT_SCORED,SEO_P3_LIMITED,NOT_CORNERSTONE,T1_LOW_TEMPLATE_RISK,100%_AUTOMATED_SEMANTIC_SCREEN,NO,NO,NO,PASS
https://echobuddha.com/daily-reflections/family-patience/,/daily-reflections/family-patience/,DAILY_REFLECTION,NOINDEX_USER_PAGE_200,YES,Patience at Home - Daily Buddhist Reflection | Echo Buddha,Patience at Home,377,1382,0,NEVER_MONETIZE,NOT_SCORED,SEO_P2_EMERGING,NOT_CORNERSTONE,T2_MODERATE_TEMPLATE_RISK,FULL_HISTORICAL_TEMPLATE_RISK,NO,NO,NO,PASS
https://echobuddha.com/daily-reflections/forgiveness-without-approval/,/daily-reflections/forgiveness-without-approval/,DAILY_REFLECTION,NOINDEX_USER_PAGE_200,YES,Forgiveness Is Not Approval - Daily Buddhist Reflection | Echo Buddha,Forgiveness Is Not Approval,384,1431,0,NEVER_MONETIZE,NOT_SCORED,SEO_P3_LIMITED,NOT_CORNERSTONE,T2_MODERATE_TEMPLATE_RISK,FULL_HISTORICAL_TEMPLATE_RISK,NO,NO,NO,PASS
https://echobuddha.com/daily-reflections/gratitude-for-change/,/daily-reflections/gratitude-for-change/,DAILY_REFLECTION,NOINDEX_USER_PAGE_200,YES,Gratitude for Change - Daily Buddhist Reflection | Echo Buddha,Gratitude for Change,370,1319,0,NEVER_MONETIZE,NOT_SCORED,SEO_P2_EMERGING,NOT_CORNERSTONE,T2_MODERATE_TEMPLATE_RISK,FULL_HISTORICAL_TEMPLATE_RISK,NO,NO,NO,PASS
https://echobuddha.com/daily-reflections/gratitude-notices-enough/,/daily-reflections/gratitude-notices-enough/,DAILY_REFLECTION,NOINDEX_USER_PAGE_200,YES,Gratitude Notices Enough - Daily Buddhist Reflection | Echo Buddha,Gratitude Notices Enough,374,1373,0,NEVER_MONETIZE,NOT_SCORED,SEO_P3_LIMITED,NOT_CORNERSTONE,T2_MODERATE_TEMPLATE_RISK,FULL_HISTORICAL_TEMPLATE_RISK,NO,NO,NO,PASS
https://echobuddha.com/daily-reflections/impermanence-softens-clinging/,/daily-reflections/impermanence-softens-clinging/,DAILY_REFLECTION,NOINDEX_USER_PAGE_200,YES,Impermanence Softens Clinging - Daily Buddhist Reflection | Echo Buddha,Impermanence Softens Clinging,390,1421,0,NEVER_MONETIZE,NOT_SCORED,SEO_P2_EMERGING,NOT_CORNERSTONE,T2_MODERATE_TEMPLATE_RISK,FULL_HISTORICAL_TEMPLATE_RISK,NO,NO,NO,PASS
https://echobuddha.com/daily-reflections/kindness-with-boundaries/,/daily-reflections/kindness-with-boundaries/,DAILY_REFLECTION,NOINDEX_USER_PAGE_200,YES,Kindness Can Have Boundaries - Daily Buddhist Reflection | Echo Buddha,Kindness Can Have Boundaries,382,1435,0,NEVER_MONETIZE,NOT_SCORED,SEO_P3_LIMITED,NOT_CORNERSTONE,T2_MODERATE_TEMPLATE_RISK,FULL_HISTORICAL_TEMPLATE_RISK,NO,NO,NO,PASS
https://echobuddha.com/daily-reflections/let-the-feeling-pass/,/daily-reflections/let-the-feeling-pass/,DAILY_REFLECTION,NOINDEX_USER_PAGE_200,YES,Let the Feeling Pass Through - Daily Buddhist Reflection | Echo Buddha,Let the Feeling Pass Through,414,1554,0,NEVER_MONETIZE,NOT_SCORED,SEO_P3_LIMITED,NOT_CORNERSTONE,T1_LOW_TEMPLATE_RISK,100%_AUTOMATED_SEMANTIC_SCREEN,NO,NO,NO,PASS
https://echobuddha.com/daily-reflections/letting-go-keeps-care/,/daily-reflections/letting-go-keeps-care/,DAILY_REFLECTION,NOINDEX_USER_PAGE_200,YES,Letting Go Keeps the Care - Daily Buddhist Reflection | Echo Buddha,Letting Go Keeps the Care,386,1400,0,NEVER_MONETIZE,NOT_SCORED,SEO_P3_LIMITED,NOT_CORNERSTONE,T2_MODERATE_TEMPLATE_RISK,FULL_HISTORICAL_TEMPLATE_RISK,NO,NO,NO,PASS
https://echobuddha.com/daily-reflections/listen-before-answering/,/daily-reflections/listen-before-answering/,DAILY_REFLECTION,NOINDEX_USER_PAGE_200,YES,Listen Before Answering - Daily Buddhist Reflection | Echo Buddha,Listen Before Answering,378,1416,0,NEVER_MONETIZE,NOT_SCORED,SEO_P3_LIMITED,NOT_CORNERSTONE,T1_LOW_TEMPLATE_RISK,100%_AUTOMATED_SEMANTIC_SCREEN,NO,NO,NO,PASS
https://echobuddha.com/daily-reflections/metta-for-a-difficult-person/,/daily-reflections/metta-for-a-difficult-person/,DAILY_REFLECTION,NOINDEX_USER_PAGE_200,YES,Metta Without Pretending - Daily Buddhist Reflection | Echo Buddha,Metta Without Pretending,388,1474,0,NEVER_MONETIZE,NOT_SCORED,SEO_P2_EMERGING,NOT_CORNERSTONE,T1_LOW_TEMPLATE_RISK,100%_AUTOMATED_SEMANTIC_SCREEN,NO,NO,NO,PASS
https://echobuddha.com/daily-reflections/mindful-work/,/daily-reflections/mindful-work/,DAILY_REFLECTION,NOINDEX_USER_PAGE_200,YES,Work Can Carry Practice - Daily Buddhist Reflection | Echo Buddha,Work Can Carry Practice,385,1379,0,NEVER_MONETIZE,NOT_SCORED,SEO_P3_LIMITED,NOT_CORNERSTONE,T2_MODERATE_TEMPLATE_RISK,FULL_HISTORICAL_TEMPLATE_RISK,NO,NO,NO,PASS
https://echobuddha.com/daily-reflections/morning-intention/,/daily-reflections/morning-intention/,DAILY_REFLECTION,NOINDEX_USER_PAGE_200,YES,Begin With Intention - Daily Buddhist Reflection | Echo Buddha,Begin With Intention,378,1361,0,NEVER_MONETIZE,NOT_SCORED,SEO_P3_LIMITED,NOT_CORNERSTONE,T2_MODERATE_TEMPLATE_RISK,FULL_HISTORICAL_TEMPLATE_RISK,NO,NO,NO,PASS
https://echobuddha.com/daily-reflections/notice-before-fixing/,/daily-reflections/notice-before-fixing/,DAILY_REFLECTION,NOINDEX_USER_PAGE_200,YES,Notice Before Fixing - Daily Buddhist Reflection | Echo Buddha,Notice Before Fixing,383,1413,0,NEVER_MONETIZE,NOT_SCORED,SEO_P3_LIMITED,NOT_CORNERSTONE,T1_LOW_TEMPLATE_RISK,100%_AUTOMATED_SEMANTIC_SCREEN,NO,NO,NO,PASS
https://echobuddha.com/daily-reflections/one-honest-breath/,/daily-reflections/one-honest-breath/,DAILY_REFLECTION,NOINDEX_USER_PAGE_200,YES,Return Through One Honest Breath - Daily Buddhist Reflection | Echo Buddha,Return Through One Honest Breath,400,1484,0,NEVER_MONETIZE,NOT_SCORED,SEO_P3_LIMITED,NOT_CORNERSTONE,T2_MODERATE_TEMPLATE_RISK,FULL_HISTORICAL_TEMPLATE_RISK,NO,NO,NO,PASS
https://echobuddha.com/daily-reflections/one-step-on-the-path/,/daily-reflections/one-step-on-the-path/,DAILY_REFLECTION,NOINDEX_USER_PAGE_200,YES,The Path Is One Step - Daily Buddhist Reflection | Echo Buddha,The Path Is One Step,398,1400,0,NEVER_MONETIZE,NOT_SCORED,SEO_P3_LIMITED,NOT_CORNERSTONE,T2_MODERATE_TEMPLATE_RISK,FULL_HISTORICAL_TEMPLATE_RISK,NO,NO,NO,PASS
https://echobuddha.com/daily-reflections/patience-before-anger-speaks/,/daily-reflections/patience-before-anger-speaks/,DAILY_REFLECTION,NOINDEX_USER_PAGE_200,YES,Patience Begins Before Anger Speaks - Daily Buddhist Reflection | Echo Buddha,Patience Begins Before Anger Speaks,428,1644,0,NEVER_MONETIZE,NOT_SCORED,SEO_P2_EMERGING,NOT_CORNERSTONE,T1_LOW_TEMPLATE_RISK,100%_AUTOMATED_SEMANTIC_SCREEN,NO,NO,NO,PASS
https://echobuddha.com/daily-reflections/rest-without-escape/,/daily-reflections/rest-without-escape/,DAILY_REFLECTION,NOINDEX_USER_PAGE_200,YES,Rest Without Escape - Daily Buddhist Reflection | Echo Buddha,Rest Without Escape,404,1449,0,NEVER_MONETIZE,NOT_SCORED,SEO_P2_EMERGING,NOT_CORNERSTONE,T1_LOW_TEMPLATE_RISK,100%_AUTOMATED_SEMANTIC_SCREEN,NO,NO,NO,PASS
https://echobuddha.com/daily-reflections/see-the-conditions/,/daily-reflections/see-the-conditions/,DAILY_REFLECTION,NOINDEX_USER_PAGE_200,YES,See the Conditions - Daily Buddhist Reflection | Echo Buddha,See the Conditions,377,1382,0,NEVER_MONETIZE,NOT_SCORED,SEO_P3_LIMITED,NOT_CORNERSTONE,T2_MODERATE_TEMPLATE_RISK,FULL_HISTORICAL_TEMPLATE_RISK,NO,NO,NO,PASS
https://echobuddha.com/daily-reflections/simple-goodwill/,/daily-reflections/simple-goodwill/,DAILY_REFLECTION,NOINDEX_USER_PAGE_200,YES,Simple Goodwill Counts - Daily Buddhist Reflection | Echo Buddha,Simple Goodwill Counts,372,1354,0,NEVER_MONETIZE,NOT_SCORED,SEO_P3_LIMITED,NOT_CORNERSTONE,T2_MODERATE_TEMPLATE_RISK,FULL_HISTORICAL_TEMPLATE_RISK,NO,NO,NO,PASS
https://echobuddha.com/daily-reflections/small-actions-shape-the-mind/,/daily-reflections/small-actions-shape-the-mind/,DAILY_REFLECTION,NOINDEX_USER_PAGE_200,YES,Small Actions Shape the Mind - Daily Buddhist Reflection | Echo Buddha,Small Actions Shape the Mind,392,1422,0,NEVER_MONETIZE,NOT_SCORED,SEO_P2_EMERGING,NOT_CORNERSTONE,T2_MODERATE_TEMPLATE_RISK,FULL_HISTORICAL_TEMPLATE_RISK,NO,NO,NO,PASS
https://echobuddha.com/daily-reflections/soften-the-inner-argument/,/daily-reflections/soften-the-inner-argument/,DAILY_REFLECTION,NOINDEX_USER_PAGE_200,YES,Soften the Inner Argument - Daily Buddhist Reflection | Echo Buddha,Soften the Inner Argument,384,1382,0,NEVER_MONETIZE,NOT_SCORED,SEO_P3_LIMITED,NOT_CORNERSTONE,T1_LOW_TEMPLATE_RISK,100%_AUTOMATED_SEMANTIC_SCREEN,NO,NO,NO,PASS
https://echobuddha.com/daily-reflections/speech-can-reduce-suffering/,/daily-reflections/speech-can-reduce-suffering/,DAILY_REFLECTION,NOINDEX_USER_PAGE_200,YES,Speech Can Reduce Suffering - Daily Buddhist Reflection | Echo Buddha,Speech Can Reduce Suffering,382,1361,0,NEVER_MONETIZE,NOT_SCORED,SEO_P3_LIMITED,NOT_CORNERSTONE,T2_MODERATE_TEMPLATE_RISK,FULL_HISTORICAL_TEMPLATE_RISK,NO,NO,NO,PASS
https://echobuddha.com/daily-reflections/the-first-truth-is-kind/,/daily-reflections/the-first-truth-is-kind/,DAILY_REFLECTION,NOINDEX_USER_PAGE_200,YES,The First Truth Is Kind - Daily Buddhist Reflection | Echo Buddha,The First Truth Is Kind,388,1383,0,NEVER_MONETIZE,NOT_SCORED,SEO_P3_LIMITED,NOT_CORNERSTONE,T2_MODERATE_TEMPLATE_RISK,FULL_HISTORICAL_TEMPLATE_RISK,NO,NO,NO,PASS
https://echobuddha.com/daily-reflections/thoughts-are-visitors/,/daily-reflections/thoughts-are-visitors/,DAILY_REFLECTION,NOINDEX_USER_PAGE_200,YES,Thoughts Are Visitors - Daily Buddhist Reflection | Echo Buddha,Thoughts Are Visitors,398,1484,0,NEVER_MONETIZE,NOT_SCORED,SEO_P2_EMERGING,NOT_CORNERSTONE,T1_LOW_TEMPLATE_RISK,100%_AUTOMATED_SEMANTIC_SCREEN,NO,NO,NO,PASS
https://echobuddha.com/daily-reflections/today/,/daily-reflections/today/,DAILY_REFLECTION,NOINDEX_USER_PAGE_200,YES,Today&#39;s Buddhist Reflection Prompt | Echo Buddha,Today's Buddhist Reflection Prompt,2229,13389,0,NEVER_MONETIZE,NOT_SCORED,SEO_P2_EMERGING,NOT_CORNERSTONE,NOT_CLASSIFIED,100%_AUTOMATED_SEMANTIC_SCREEN,NO,NO,NO,PASS
https://echobuddha.com/daily-reflections/walking-as-practice/,/daily-reflections/walking-as-practice/,DAILY_REFLECTION,NOINDEX_USER_PAGE_200,YES,Walking Can Be Practice - Daily Buddhist Reflection | Echo Buddha,Walking Can Be Practice,386,1395,0,NEVER_MONETIZE,NOT_SCORED,SEO_P2_EMERGING,NOT_CORNERSTONE,T2_MODERATE_TEMPLATE_RISK,FULL_HISTORICAL_TEMPLATE_RISK,NO,NO,NO,PASS
https://echobuddha.com/disclaimer/,/disclaimer/,LEGAL,INDEXABLE_CANONICAL_200,YES,Disclaimer | Echo Buddha,Disclaimer,425,1841,0,NEVER_MONETIZE,NOT_SCORED,SEO_P2_EMERGING,NOT_PHASE_6_CORNERSTONE,NOT_CLASSIFIED,100%_AUTOMATED_SEMANTIC_SCREEN,NO,NO,NO,PASS
https://echobuddha.com/editorial-policy/,/editorial-policy/,TRUST,INDEXABLE_CANONICAL_200,YES,Editorial Policy | Echo Buddha,Editorial Policy,1091,6714,0,NEVER_MONETIZE,NOT_SCORED,SEO_P2_EMERGING,NOT_PHASE_6_CORNERSTONE,NOT_CLASSIFIED,FULL_TRUST_SURFACE,NO,NO,NO,PASS
https://echobuddha.com/how-echo-buddha-creates-content/,/how-echo-buddha-creates-content/,TRUST,INDEXABLE_CANONICAL_200,YES,How Echo Buddha Creates Content | Echo Buddha,How Echo Buddha Creates Content,712,4021,0,NEVER_MONETIZE,NOT_SCORED,SEO_P2_EMERGING,NOT_PHASE_6_CORNERSTONE,NOT_CLASSIFIED,FULL_TRUST_SURFACE,NO,NO,NO,PASS
https://echobuddha.com/learn/,/learn/,LEARN_NAVIGATION,INDEXABLE_CANONICAL_200,YES,Learn Buddhist Wisdom for Daily Life | Echo Buddha,Learn Buddhist Wisdom for Daily Life,485,2101,0,NEVER_MONETIZE,54,SEO_P2_EMERGING,NOT_PHASE_6_CORNERSTONE,NOT_CLASSIFIED,100%_AUTOMATED_SEMANTIC_SCREEN,NO,NO,NO,PASS
https://echobuddha.com/learn/buddhism-101/,/learn/buddhism-101/,LEARN_NAVIGATION,INDEXABLE_CANONICAL_200,YES,Buddhism 101 | Echo Buddha,Buddhism 101,859,4836,2,NEVER_MONETIZE,80,SEO_P2_EMERGING,NOT_PHASE_6_CORNERSTONE,NOT_CLASSIFIED,100%_AUTOMATED_SEMANTIC_SCREEN,NO,NO,NO,PASS
https://echobuddha.com/learn/buddhism-101/a-simple-daily-buddhist-practice/,/learn/buddhism-101/a-simple-daily-buddhist-practice/,LEARN_DETAIL,INDEXABLE_CANONICAL_200,YES,A Simple Daily Buddhist Practice | Echo Buddha,A Simple Daily Buddhist Practice,506,2238,1,HOLD_MANUAL_REVIEW,72,SEO_P2_EMERGING,NOT_PHASE_6_CORNERSTONE,T0_DISTINCT,100%_AUTOMATED_SEMANTIC_SCREEN,NO,NO,NO,PASS
https://echobuddha.com/learn/buddhism-101/dependent-origination-explained/,/learn/buddhism-101/dependent-origination-explained/,LEARN_DETAIL,INDEXABLE_CANONICAL_200,YES,Dependent Origination in Buddhism Explained for Beginners | Echo Buddha,Dependent Origination Explained,1246,7242,1,HOLD_MANUAL_REVIEW,72,SEO_P2_EMERGING,NOT_PHASE_6_CORNERSTONE,T1_LOW_TEMPLATE_RISK,100%_AUTOMATED_SEMANTIC_SCREEN,NO,NO,NO,PASS
https://echobuddha.com/learn/buddhism-101/five-aggregates-buddhism/,/learn/buddhism-101/five-aggregates-buddhism/,LEARN_DETAIL,INDEXABLE_CANONICAL_200,YES,The Five Aggregates in Buddhism Explained Simply | Echo Buddha,The Five Aggregates in Buddhism,1286,7182,1,HOLD_MANUAL_REVIEW,73,SEO_P2_EMERGING,NOT_PHASE_6_CORNERSTONE,T1_LOW_TEMPLATE_RISK,100%_AUTOMATED_SEMANTIC_SCREEN,NO,NO,NO,PASS
https://echobuddha.com/learn/buddhism-101/five-hindrances-in-buddhism/,/learn/buddhism-101/five-hindrances-in-buddhism/,LEARN_DETAIL,INDEXABLE_CANONICAL_200,YES,Five Hindrances in Buddhism Explained for Beginners | Echo Buddha,The Five Hindrances in Buddhism,529,2351,1,HOLD_MANUAL_REVIEW,72,SEO_P2_EMERGING,NOT_PHASE_6_CORNERSTONE,T0_DISTINCT,100%_AUTOMATED_SEMANTIC_SCREEN,NO,NO,NO,PASS
https://echobuddha.com/learn/buddhism-101/five-precepts-buddhism/,/learn/buddhism-101/five-precepts-buddhism/,LEARN_DETAIL,INDEXABLE_CANONICAL_200,YES,The Five Precepts in Buddhism: A Beginner&#39;s Guide to Ethical Living | Echo Buddha,The Five Precepts in Buddhism,1536,8729,1,HOLD_MANUAL_REVIEW,79,SEO_P2_EMERGING,NOT_PHASE_6_CORNERSTONE,T1_LOW_TEMPLATE_RISK,100%_AUTOMATED_SEMANTIC_SCREEN,NO,NO,NO,PASS
https://echobuddha.com/learn/buddhism-101/four-brahmaviharas/,/learn/buddhism-101/four-brahmaviharas/,LEARN_DETAIL,INDEXABLE_CANONICAL_200,YES,"The Four Brahmaviharas: Loving-Kindness, Compassion, Joy, and Equanimity | Echo Buddha",The Four Brahmaviharas,530,2567,2,HOLD_MANUAL_REVIEW,79,SEO_P2_EMERGING,NOT_PHASE_6_CORNERSTONE,T0_DISTINCT,100%_AUTOMATED_SEMANTIC_SCREEN,NO,NO,NO,PASS
https://echobuddha.com/learn/buddhism-101/how-to-practice-buddhism-at-home/,/learn/buddhism-101/how-to-practice-buddhism-at-home/,LEARN_DETAIL,INDEXABLE_CANONICAL_200,YES,How to Practice Buddhism at Home | Echo Buddha,How to Practice Buddhism at Home,535,2369,1,HOLD_MANUAL_REVIEW,80,SEO_P2_EMERGING,NOT_PHASE_6_CORNERSTONE,T0_DISTINCT,100%_AUTOMATED_SEMANTIC_SCREEN,NO,NO,NO,PASS
https://echobuddha.com/learn/buddhism-101/middle-way-explained-for-beginners/,/learn/buddhism-101/middle-way-explained-for-beginners/,LEARN_DETAIL,INDEXABLE_CANONICAL_200,YES,The Middle Way in Buddhism Explained for Beginners | Echo Buddha,The Middle Way Explained for Beginners,550,2478,1,HOLD_MANUAL_REVIEW,73,SEO_P2_EMERGING,NOT_PHASE_6_CORNERSTONE,T0_DISTINCT,100%_AUTOMATED_SEMANTIC_SCREEN,NO,NO,NO,PASS
https://echobuddha.com/learn/buddhism-101/right-livelihood-buddhism/,/learn/buddhism-101/right-livelihood-buddhism/,LEARN_DETAIL,INDEXABLE_CANONICAL_200,YES,Right Livelihood in Buddhism: A Beginner&#39;s Guide to Ethical Work | Echo Buddha,Right Livelihood in Buddhism,1398,7880,2,HOLD_MANUAL_REVIEW,79,SEO_P2_EMERGING,NOT_PHASE_6_CORNERSTONE,T1_LOW_TEMPLATE_RISK,100%_AUTOMATED_SEMANTIC_SCREEN,NO,NO,NO,PASS
https://echobuddha.com/learn/buddhism-101/the-four-noble-truths-explained/,/learn/buddhism-101/the-four-noble-truths-explained/,LEARN_DETAIL,INDEXABLE_CANONICAL_200,YES,The Four Noble Truths Explained | Echo Buddha,The Four Noble Truths Explained,581,2593,1,HOLD_MANUAL_REVIEW,72,SEO_P2_EMERGING,NOT_PHASE_6_CORNERSTONE,T0_DISTINCT,100%_AUTOMATED_SEMANTIC_SCREEN,NO,NO,NO,PASS
https://echobuddha.com/learn/buddhism-101/the-noble-eightfold-path-explained/,/learn/buddhism-101/the-noble-eightfold-path-explained/,LEARN_DETAIL,INDEXABLE_CANONICAL_200,YES,The Noble Eightfold Path Explained | Echo Buddha,The Noble Eightfold Path Explained,556,2508,1,HOLD_MANUAL_REVIEW,72,SEO_P2_EMERGING,NOT_PHASE_6_CORNERSTONE,T0_DISTINCT,100%_AUTOMATED_SEMANTIC_SCREEN,NO,NO,NO,PASS
https://echobuddha.com/learn/buddhism-101/the-three-jewels-explained/,/learn/buddhism-101/the-three-jewels-explained/,LEARN_DETAIL,INDEXABLE_CANONICAL_200,YES,The Three Jewels Explained | Echo Buddha,The Three Jewels Explained,556,2523,1,HOLD_MANUAL_REVIEW,72,SEO_P2_EMERGING,NOT_PHASE_6_CORNERSTONE,T0_DISTINCT,100%_AUTOMATED_SEMANTIC_SCREEN,NO,NO,NO,PASS
https://echobuddha.com/learn/buddhism-101/three-marks-of-existence/,/learn/buddhism-101/three-marks-of-existence/,LEARN_DETAIL,INDEXABLE_CANONICAL_200,YES,The Three Marks of Existence in Buddhism Explained Simply | Echo Buddha,The Three Marks of Existence,1275,6882,2,HOLD_MANUAL_REVIEW,73,SEO_P2_EMERGING,NOT_PHASE_6_CORNERSTONE,T1_LOW_TEMPLATE_RISK,100%_AUTOMATED_SEMANTIC_SCREEN,NO,NO,NO,PASS
https://echobuddha.com/learn/buddhism-101/threefold-training-sila-samadhi-panna/,/learn/buddhism-101/threefold-training-sila-samadhi-panna/,LEARN_DETAIL,INDEXABLE_CANONICAL_200,YES,"Threefold Training in Buddhism: Sila, Samadhi, and Panna | Echo Buddha","The Threefold Training: Sila, Samadhi, and Panna",583,2787,2,HOLD_MANUAL_REVIEW,74,SEO_P1_HIGH,C2_STRATEGIC,T0_DISTINCT,FULL_SEO_P0_P1,NO,NO,NO,PASS
https://echobuddha.com/learn/buddhism-101/what-is-buddhism/,/learn/buddhism-101/what-is-buddhism/,LEARN_DETAIL,INDEXABLE_CANONICAL_200,YES,What Is Buddhism? A Clear Beginner&#39;s Guide | Echo Buddha,What Is Buddhism?,905,4983,2,HOLD_MANUAL_REVIEW,72,SEO_P2_EMERGING,NOT_PHASE_6_CORNERSTONE,T0_DISTINCT,100%_AUTOMATED_SEMANTIC_SCREEN,NO,NO,NO,PASS
https://echobuddha.com/learn/buddhism-101/what-is-impermanence/,/learn/buddhism-101/what-is-impermanence/,LEARN_DETAIL,INDEXABLE_CANONICAL_200,YES,What Is Impermanence? | Echo Buddha,What Is Impermanence?,827,4429,1,HOLD_MANUAL_REVIEW,84,SEO_P2_EMERGING,NOT_PHASE_6_CORNERSTONE,T0_DISTINCT,100%_AUTOMATED_SEMANTIC_SCREEN,NO,NO,NO,PASS
https://echobuddha.com/learn/buddhism-101/what-is-karma-in-buddhism/,/learn/buddhism-101/what-is-karma-in-buddhism/,LEARN_DETAIL,INDEXABLE_CANONICAL_200,YES,What Is Karma in Buddhism? A Beginner&#39;s Guide | Echo Buddha,What Is Karma in Buddhism?,890,4714,1,HOLD_MANUAL_REVIEW,84,SEO_P2_EMERGING,NOT_PHASE_6_CORNERSTONE,T0_DISTINCT,100%_AUTOMATED_SEMANTIC_SCREEN,NO,NO,NO,PASS
https://echobuddha.com/learn/buddhism-101/what-is-mindfulness/,/learn/buddhism-101/what-is-mindfulness/,LEARN_DETAIL,INDEXABLE_CANONICAL_200,YES,What Is Mindfulness? | Echo Buddha,What Is Mindfulness?,517,2351,1,HOLD_MANUAL_REVIEW,85,SEO_P1_HIGH,C2_STRATEGIC,T0_DISTINCT,FULL_SEO_P0_P1,NO,NO,NO,PASS
https://echobuddha.com/learn/buddhism-101/who-was-the-buddha/,/learn/buddhism-101/who-was-the-buddha/,LEARN_DETAIL,INDEXABLE_CANONICAL_200,YES,Who Was the Buddha? A Simple Beginner-Friendly Explanation | Echo Buddha,Who Was the Buddha?,661,3141,1,HOLD_MANUAL_REVIEW,72,SEO_P2_EMERGING,NOT_PHASE_6_CORNERSTONE,T0_DISTINCT,100%_AUTOMATED_SEMANTIC_SCREEN,NO,NO,NO,PASS
https://echobuddha.com/learn/buddhism-for-beginners/,/learn/buddhism-for-beginners/,LEARN_DETAIL,INDEXABLE_CANONICAL_200,YES,Buddhism for Beginners - Simple Buddhist Teachings | Echo Buddha,Buddhism for Beginners,893,4621,2,HOLD_MANUAL_REVIEW,90,SEO_P1_HIGH,C2_STRATEGIC,NOT_CLASSIFIED,FULL_SEO_P0_P1,NO,NO,NO,PASS
https://echobuddha.com/learn/buddhist-dictionary/,/learn/buddhist-dictionary/,DICTIONARY,INDEXABLE_CANONICAL_200,YES,Buddhist Dictionary | Echo Buddha,Buddhist Dictionary,545,2642,2,NEVER_MONETIZE,56,SEO_P2_EMERGING,NOT_PHASE_6_CORNERSTONE,NOT_CLASSIFIED,100%_AUTOMATED_SEMANTIC_SCREEN,NO,NO,NO,PASS
https://echobuddha.com/learn/buddhist-dictionary/anatta/,/learn/buddhist-dictionary/anatta/,DICTIONARY,INDEXABLE_CANONICAL_200,YES,Anatta Meaning: Non-Self in Buddhism Explained for Beginners | Echo Buddha,Anatta,424,1583,1,NEVER_MONETIZE,78,SEO_P2_EMERGING,NOT_PHASE_6_CORNERSTONE,T0_DISTINCT,100%_AUTOMATED_SEMANTIC_SCREEN,NO,NO,NO,PASS
https://echobuddha.com/learn/buddhist-dictionary/anicca/,/learn/buddhist-dictionary/anicca/,DICTIONARY,INDEXABLE_CANONICAL_200,YES,Anicca Meaning: Impermanence in Buddhism Explained Simply | Echo Buddha,Anicca,393,1571,1,NEVER_MONETIZE,72,SEO_P2_EMERGING,NOT_PHASE_6_CORNERSTONE,T0_DISTINCT,100%_AUTOMATED_SEMANTIC_SCREEN,NO,NO,NO,PASS
https://echobuddha.com/learn/buddhist-dictionary/compassion/,/learn/buddhist-dictionary/compassion/,DICTIONARY,INDEXABLE_CANONICAL_200,YES,Compassion Meaning in Buddhist Wisdom | Echo Buddha,Compassion,371,1370,1,NEVER_MONETIZE,72,SEO_P2_EMERGING,NOT_PHASE_6_CORNERSTONE,T0_DISTINCT,100%_AUTOMATED_SEMANTIC_SCREEN,NO,NO,NO,PASS
https://echobuddha.com/learn/buddhist-dictionary/dhamma/,/learn/buddhist-dictionary/dhamma/,DICTIONARY,INDEXABLE_CANONICAL_200,YES,Dhamma Meaning: Buddhist Teaching and Truth | Echo Buddha,Dhamma,718,3568,2,NEVER_MONETIZE,81,SEO_P1_HIGH,C2_STRATEGIC,T0_DISTINCT,FULL_SEO_P0_P1,NO,NO,NO,PASS
https://echobuddha.com/learn/buddhist-dictionary/dukkha/,/learn/buddhist-dictionary/dukkha/,DICTIONARY,INDEXABLE_CANONICAL_200,YES,Dukkha Meaning: Suffering and Unsatisfactoriness in Buddhism | Echo Buddha,Dukkha,417,1608,1,NEVER_MONETIZE,73,SEO_P2_EMERGING,NOT_PHASE_6_CORNERSTONE,T0_DISTINCT,100%_AUTOMATED_SEMANTIC_SCREEN,NO,NO,NO,PASS
https://echobuddha.com/learn/buddhist-dictionary/karma/,/learn/buddhist-dictionary/karma/,DICTIONARY,INDEXABLE_CANONICAL_200,YES,"Karma Meaning in Buddhism: Intention, Action, and Consequences | Echo Buddha",Karma,408,1641,1,NEVER_MONETIZE,72,SEO_P2_EMERGING,NOT_PHASE_6_CORNERSTONE,T0_DISTINCT,100%_AUTOMATED_SEMANTIC_SCREEN,NO,NO,NO,PASS
https://echobuddha.com/learn/buddhist-dictionary/karuna/,/learn/buddhist-dictionary/karuna/,DICTIONARY,INDEXABLE_CANONICAL_200,YES,Karuna Meaning: Compassion in Buddhism | Echo Buddha,Karuna,370,1387,1,NEVER_MONETIZE,72,SEO_P2_EMERGING,NOT_PHASE_6_CORNERSTONE,T0_DISTINCT,100%_AUTOMATED_SEMANTIC_SCREEN,NO,NO,NO,PASS
https://echobuddha.com/learn/buddhist-dictionary/metta/,/learn/buddhist-dictionary/metta/,DICTIONARY,INDEXABLE_CANONICAL_200,YES,Metta Meaning: Loving-Kindness in Buddhism | Echo Buddha,Metta,707,3661,1,NEVER_MONETIZE,85,SEO_P1_HIGH,C2_STRATEGIC,T0_DISTINCT,FULL_SEO_P0_P1,NO,NO,NO,PASS
https://echobuddha.com/learn/buddhist-dictionary/mindfulness/,/learn/buddhist-dictionary/mindfulness/,DICTIONARY,INDEXABLE_CANONICAL_200,YES,Mindfulness Meaning in Buddhist Practice | Echo Buddha,Mindfulness,365,1405,1,NEVER_MONETIZE,72,SEO_P2_EMERGING,NOT_PHASE_6_CORNERSTONE,T0_DISTINCT,100%_AUTOMATED_SEMANTIC_SCREEN,NO,NO,NO,PASS
https://echobuddha.com/learn/buddhist-dictionary/nirvana/,/learn/buddhist-dictionary/nirvana/,DICTIONARY,INDEXABLE_CANONICAL_200,YES,Nirvana Meaning in Buddhism Explained Simply | Echo Buddha,Nirvana,394,1494,1,NEVER_MONETIZE,79,SEO_P2_EMERGING,NOT_PHASE_6_CORNERSTONE,T0_DISTINCT,100%_AUTOMATED_SEMANTIC_SCREEN,NO,NO,NO,PASS
https://echobuddha.com/learn/buddhist-dictionary/pali-canon/,/learn/buddhist-dictionary/pali-canon/,DICTIONARY,INDEXABLE_CANONICAL_200,YES,Pali Canon Meaning for Beginners | Echo Buddha,Pali Canon,507,2353,4,NEVER_MONETIZE,73,SEO_P2_EMERGING,NOT_PHASE_6_CORNERSTONE,T0_DISTINCT,100%_AUTOMATED_SEMANTIC_SCREEN,NO,NO,NO,PASS
https://echobuddha.com/learn/buddhist-dictionary/sangha/,/learn/buddhist-dictionary/sangha/,DICTIONARY,INDEXABLE_CANONICAL_200,YES,Sangha Meaning: Buddhist Community Explained Simply | Echo Buddha,Sangha,434,1806,2,NEVER_MONETIZE,79,SEO_P2_EMERGING,NOT_PHASE_6_CORNERSTONE,T0_DISTINCT,100%_AUTOMATED_SEMANTIC_SCREEN,NO,NO,NO,PASS
https://echobuddha.com/learn/buddhist-dictionary/sati/,/learn/buddhist-dictionary/sati/,DICTIONARY,INDEXABLE_CANONICAL_200,YES,Sati Meaning: Mindfulness in Buddhist Practice | Echo Buddha,Sati,384,1480,1,NEVER_MONETIZE,75,SEO_P1_HIGH,C2_STRATEGIC,T0_DISTINCT,FULL_SEO_P0_P1,NO,NO,NO,PASS
https://echobuddha.com/learn/buddhist-dictionary/sutta/,/learn/buddhist-dictionary/sutta/,DICTIONARY,INDEXABLE_CANONICAL_200,YES,Sutta Meaning in Buddhism | Echo Buddha,Sutta,461,1938,2,NEVER_MONETIZE,74,SEO_P2_EMERGING,NOT_PHASE_6_CORNERSTONE,T0_DISTINCT,100%_AUTOMATED_SEMANTIC_SCREEN,NO,NO,NO,PASS
https://echobuddha.com/learn/buddhist-resources/,/learn/buddhist-resources/,LEARN_NAVIGATION,INDEXABLE_CANONICAL_200,YES,Buddhist Resources | Echo Buddha,Buddhist Resources,677,3757,12,NEVER_MONETIZE,81,SEO_P2_EMERGING,NOT_PHASE_6_CORNERSTONE,NOT_CLASSIFIED,100%_AUTOMATED_SEMANTIC_SCREEN,NO,NO,NO,PASS
https://echobuddha.com/learn/dhammapada-reflections/,/learn/dhammapada-reflections/,LEARN_NAVIGATION,INDEXABLE_CANONICAL_200,YES,Dhammapada Reflections | Echo Buddha,Dhammapada Reflections,420,1866,2,NEVER_MONETIZE,88,SEO_P2_EMERGING,NOT_PHASE_6_CORNERSTONE,NOT_CLASSIFIED,100%_AUTOMATED_SEMANTIC_SCREEN,NO,NO,NO,PASS
https://echobuddha.com/learn/dhammapada-reflections/avoid-evil-do-good-purify-the-mind/,/learn/dhammapada-reflections/avoid-evil-do-good-purify-the-mind/,LEARN_DETAIL,INDEXABLE_CANONICAL_200,YES,"Avoid Evil, Do Good, Purify the Mind | Echo Buddha","Avoid Evil, Do Good, Purify the Mind",542,2402,1,HOLD_MANUAL_REVIEW,79,SEO_P2_EMERGING,NOT_PHASE_6_CORNERSTONE,T1_LOW_TEMPLATE_RISK,100%_AUTOMATED_SEMANTIC_SCREEN,NO,NO,NO,PASS
https://echobuddha.com/learn/dhammapada-reflections/better-than-a-thousand-empty-words/,/learn/dhammapada-reflections/better-than-a-thousand-empty-words/,LEARN_DETAIL,INDEXABLE_CANONICAL_200,YES,Better Than a Thousand Empty Words | Echo Buddha,Better Than a Thousand Empty Words,495,2092,1,HOLD_MANUAL_REVIEW,78,SEO_P2_EMERGING,NOT_PHASE_6_CORNERSTONE,T1_LOW_TEMPLATE_RISK,100%_AUTOMATED_SEMANTIC_SCREEN,NO,NO,NO,PASS
https://echobuddha.com/learn/dhammapada-reflections/hatred-is-not-ended-by-hatred/,/learn/dhammapada-reflections/hatred-is-not-ended-by-hatred/,LEARN_DETAIL,INDEXABLE_CANONICAL_200,YES,Hatred Is Not Ended by Hatred | Echo Buddha,Hatred Is Not Ended by Hatred,478,2034,1,HOLD_MANUAL_REVIEW,78,SEO_P2_EMERGING,NOT_PHASE_6_CORNERSTONE,T1_LOW_TEMPLATE_RISK,100%_AUTOMATED_SEMANTIC_SCREEN,NO,NO,NO,PASS
https://echobuddha.com/learn/dhammapada-reflections/peace-comes-from-a-trained-mind/,/learn/dhammapada-reflections/peace-comes-from-a-trained-mind/,LEARN_DETAIL,INDEXABLE_CANONICAL_200,YES,Peace Comes from a Trained Mind | Echo Buddha,Peace Comes from a Trained Mind,483,2088,1,HOLD_MANUAL_REVIEW,78,SEO_P2_EMERGING,NOT_PHASE_6_CORNERSTONE,T1_LOW_TEMPLATE_RISK,100%_AUTOMATED_SEMANTIC_SCREEN,NO,NO,NO,PASS
https://echobuddha.com/learn/dhammapada-reflections/the-mind-leads-all-things/,/learn/dhammapada-reflections/the-mind-leads-all-things/,LEARN_DETAIL,INDEXABLE_CANONICAL_200,YES,The Mind Leads All Things | Echo Buddha,The Mind Leads All Things,492,2105,1,HOLD_MANUAL_REVIEW,78,SEO_P2_EMERGING,NOT_PHASE_6_CORNERSTONE,T1_LOW_TEMPLATE_RISK,100%_AUTOMATED_SEMANTIC_SCREEN,NO,NO,NO,PASS
https://echobuddha.com/learn/eightfold-path/,/learn/eightfold-path/,LEARN_DETAIL,INDEXABLE_CANONICAL_200,YES,Noble Eightfold Path for Daily Life | Echo Buddha,The Noble Eightfold Path for Daily Life,886,4825,2,HOLD_MANUAL_REVIEW,89,SEO_P1_HIGH,C2_STRATEGIC,T1_LOW_TEMPLATE_RISK,FULL_SEO_P0_P1,NO,NO,NO,PASS
https://echobuddha.com/learn/four-noble-truths/,/learn/four-noble-truths/,LEARN_DETAIL,INDEXABLE_CANONICAL_200,YES,Four Noble Truths Explained for Beginners | Echo Buddha,The Four Noble Truths Explained for Beginners,884,4481,2,HOLD_MANUAL_REVIEW,88,SEO_P2_EMERGING,NOT_PHASE_6_CORNERSTONE,T1_LOW_TEMPLATE_RISK,100%_AUTOMATED_SEMANTIC_SCREEN,NO,NO,NO,PASS
https://echobuddha.com/learn/questions-about-buddhism/,/learn/questions-about-buddhism/,LEARN_NAVIGATION,INDEXABLE_CANONICAL_200,YES,Questions About Buddhism | Echo Buddha,Questions About Buddhism,1126,6365,0,NEVER_MONETIZE,75,SEO_P2_EMERGING,NOT_PHASE_6_CORNERSTONE,NOT_CLASSIFIED,100%_AUTOMATED_SEMANTIC_SCREEN,NO,NO,NO,PASS
https://echobuddha.com/learn/sutta-for-daily-life/,/learn/sutta-for-daily-life/,LEARN_NAVIGATION,INDEXABLE_CANONICAL_200,YES,Sutta for Daily Life | Echo Buddha,Sutta for Daily Life,524,2493,2,NEVER_MONETIZE,89,SEO_P2_EMERGING,NOT_PHASE_6_CORNERSTONE,NOT_CLASSIFIED,100%_AUTOMATED_SEMANTIC_SCREEN,NO,NO,NO,PASS
https://echobuddha.com/learn/sutta-for-daily-life/buddhas-teaching-on-patience/,/learn/sutta-for-daily-life/buddhas-teaching-on-patience/,LEARN_DETAIL,INDEXABLE_CANONICAL_200,YES,The Buddha&#39;s Teaching on Patience | Echo Buddha,The Buddha's Teaching on Patience,431,1770,1,HOLD_MANUAL_REVIEW,83,SEO_P2_EMERGING,NOT_PHASE_6_CORNERSTONE,T0_DISTINCT,100%_AUTOMATED_SEMANTIC_SCREEN,NO,NO,NO,PASS
https://echobuddha.com/learn/sutta-for-daily-life/dhammacakkappavattana-sutta-four-noble-truths/,/learn/sutta-for-daily-life/dhammacakkappavattana-sutta-four-noble-truths/,LEARN_DETAIL,INDEXABLE_CANONICAL_200,YES,Dhammacakkappavattana Sutta and the Four Noble Truths | Echo Buddha,Dhammacakkappavattana Sutta: Four Noble Truths in Context,739,3641,1,HOLD_MANUAL_REVIEW,82,SEO_P2_EMERGING,NOT_PHASE_6_CORNERSTONE,T0_DISTINCT,100%_AUTOMATED_SEMANTIC_SCREEN,NO,NO,NO,PASS
https://echobuddha.com/learn/sutta-for-daily-life/how-to-read-a-buddhist-sutta/,/learn/sutta-for-daily-life/how-to-read-a-buddhist-sutta/,LEARN_DETAIL,INDEXABLE_CANONICAL_200,YES,How to Read a Buddhist Sutta: A Beginner&#39;s Guide | Echo Buddha,How to Read a Buddhist Sutta: A Beginner's Guide,1687,9842,5,HOLD_MANUAL_REVIEW,88,SEO_P2_EMERGING,NOT_PHASE_6_CORNERSTONE,T0_DISTINCT,100%_AUTOMATED_SEMANTIC_SCREEN,NO,NO,NO,PASS
https://echobuddha.com/learn/sutta-for-daily-life/kalama-sutta-and-wise-thinking/,/learn/sutta-for-daily-life/kalama-sutta-and-wise-thinking/,LEARN_DETAIL,INDEXABLE_CANONICAL_200,YES,The Kalama Sutta and Wise Thinking | Echo Buddha,The Kalama Sutta and Wise Thinking,488,2122,1,HOLD_MANUAL_REVIEW,82,SEO_P2_EMERGING,NOT_PHASE_6_CORNERSTONE,T0_DISTINCT,100%_AUTOMATED_SEMANTIC_SCREEN,NO,NO,NO,PASS
https://echobuddha.com/learn/sutta-for-daily-life/magga-vibhanga-sutta-eightfold-path/,/learn/sutta-for-daily-life/magga-vibhanga-sutta-eightfold-path/,LEARN_DETAIL,INDEXABLE_CANONICAL_200,YES,Magga-vibhanga Sutta and the Noble Eightfold Path | Echo Buddha,Magga-vibhanga Sutta: Eightfold Path Explained Simply,709,3553,1,HOLD_MANUAL_REVIEW,84,SEO_P2_EMERGING,NOT_PHASE_6_CORNERSTONE,T0_DISTINCT,100%_AUTOMATED_SEMANTIC_SCREEN,NO,NO,NO,PASS
https://echobuddha.com/learn/sutta-for-daily-life/metta-sutta-explained-for-daily-life/,/learn/sutta-for-daily-life/metta-sutta-explained-for-daily-life/,LEARN_DETAIL,INDEXABLE_CANONICAL_200,YES,The Metta Sutta Explained for Daily Life | Echo Buddha,The Metta Sutta Explained for Daily Life,735,3702,1,HOLD_MANUAL_REVIEW,91,SEO_P1_HIGH,NOT_PHASE_6_CORNERSTONE,T0_DISTINCT,FULL_SEO_P0_P1,NO,NO,NO,PASS
https://echobuddha.com/learn/sutta-for-daily-life/mindfulness-of-breathing-explained-simply/,/learn/sutta-for-daily-life/mindfulness-of-breathing-explained-simply/,LEARN_DETAIL,INDEXABLE_CANONICAL_200,YES,Mindfulness of Breathing Explained Simply | Echo Buddha,Mindfulness of Breathing Explained Simply,461,1975,1,HOLD_MANUAL_REVIEW,82,SEO_P2_EMERGING,NOT_PHASE_6_CORNERSTONE,T0_DISTINCT,100%_AUTOMATED_SEMANTIC_SCREEN,NO,NO,NO,PASS
https://echobuddha.com/learn/sutta-for-daily-life/right-speech-in-daily-life/,/learn/sutta-for-daily-life/right-speech-in-daily-life/,LEARN_DETAIL,INDEXABLE_CANONICAL_200,YES,Right Speech in Daily Life | Echo Buddha,Right Speech in Daily Life,429,1763,1,HOLD_MANUAL_REVIEW,82,SEO_P2_EMERGING,NOT_PHASE_6_CORNERSTONE,T0_DISTINCT,100%_AUTOMATED_SEMANTIC_SCREEN,NO,NO,NO,PASS
https://echobuddha.com/meditation-guide/,/meditation-guide/,OTHER,INDEXABLE_CANONICAL_200,YES,Meditation Guide for Beginners | Echo Buddha,Meditation Guide for Beginners,1697,9551,3,NEVER_MONETIZE,83,SEO_P2_EMERGING,NOT_PHASE_6_CORNERSTONE,NOT_CLASSIFIED,100%_AUTOMATED_SEMANTIC_SCREEN,NO,NO,NO,PASS
https://echobuddha.com/meditation-safety/,/meditation-safety/,TRUST,INDEXABLE_CANONICAL_200,YES,Meditation Safety and Gentle Practice | Echo Buddha,Meditation Safety and Gentle Practice,468,2084,0,NEVER_MONETIZE,NOT_SCORED,SEO_P3_LIMITED,NOT_PHASE_6_CORNERSTONE,NOT_CLASSIFIED,FULL_TRUST_SURFACE,NO,NO,NO,PASS
https://echobuddha.com/meditation/,/meditation/,MEDITATION,INDEXABLE_CANONICAL_200,YES,Beginner Meditation Guides and Mindfulness Practices | Echo Buddha,Beginner Meditation Guides and Mindfulness Practices,426,1782,2,NEVER_MONETIZE,56,SEO_P2_EMERGING,NOT_PHASE_6_CORNERSTONE,NOT_CLASSIFIED,100%_AUTOMATED_SEMANTIC_SCREEN,NO,NO,NO,PASS
https://echobuddha.com/meditation/10-minute-meditation-practice/,/meditation/10-minute-meditation-practice/,MEDITATION,INDEXABLE_CANONICAL_200,YES,10-Minute Meditation Practice | Echo Buddha,10-Minute Meditation Practice,578,2776,3,NEVER_MONETIZE,76,SEO_P2_EMERGING,NOT_PHASE_6_CORNERSTONE,T2_MODERATE_TEMPLATE_RISK,FULL_HISTORICAL_TEMPLATE_RISK,NO,NO,NO,PASS
https://echobuddha.com/meditation/5-minute-meditation-practice/,/meditation/5-minute-meditation-practice/,MEDITATION,INDEXABLE_CANONICAL_200,YES,5-Minute Meditation Practice | Echo Buddha,5-Minute Meditation Practice,527,2402,1,NEVER_MONETIZE,76,SEO_P2_EMERGING,NOT_PHASE_6_CORNERSTONE,T2_MODERATE_TEMPLATE_RISK,FULL_HISTORICAL_TEMPLATE_RISK,NO,NO,NO,PASS
https://echobuddha.com/meditation/breathing-meditation/,/meditation/breathing-meditation/,MEDITATION,INDEXABLE_CANONICAL_200,YES,Breathing Meditation | Echo Buddha,Breathing Meditation,825,4216,2,NEVER_MONETIZE,74,SEO_P2_EMERGING,NOT_PHASE_6_CORNERSTONE,T1_LOW_TEMPLATE_RISK,100%_AUTOMATED_SEMANTIC_SCREEN,NO,NO,NO,PASS
https://echobuddha.com/meditation/loving-kindness-meditation/,/meditation/loving-kindness-meditation/,MEDITATION,INDEXABLE_CANONICAL_200,YES,Loving-Kindness Meditation | Echo Buddha,Loving-Kindness Meditation,767,3986,2,NEVER_MONETIZE,71,SEO_P2_EMERGING,NOT_PHASE_6_CORNERSTONE,T1_LOW_TEMPLATE_RISK,100%_AUTOMATED_SEMANTIC_SCREEN,NO,NO,NO,PASS
https://echobuddha.com/meditation/meditation-for-beginners/,/meditation/meditation-for-beginners/,MEDITATION,INDEXABLE_CANONICAL_200,YES,Meditation for Beginners | Echo Buddha,Meditation for Beginners,549,2512,1,NEVER_MONETIZE,69,SEO_P3_LIMITED,NOT_PHASE_6_CORNERSTONE,T2_MODERATE_TEMPLATE_RISK,FULL_HISTORICAL_TEMPLATE_RISK,NO,NO,NO,PASS
https://echobuddha.com/meditation/meditation-posture-for-beginners/,/meditation/meditation-posture-for-beginners/,MEDITATION,INDEXABLE_CANONICAL_200,YES,Meditation Posture for Beginners | Echo Buddha,Meditation Posture for Beginners,608,2915,2,NEVER_MONETIZE,76,SEO_P2_EMERGING,NOT_PHASE_6_CORNERSTONE,T1_LOW_TEMPLATE_RISK,100%_AUTOMATED_SEMANTIC_SCREEN,NO,NO,NO,PASS
https://echobuddha.com/meditation/mindfulness-in-daily-life/,/meditation/mindfulness-in-daily-life/,MEDITATION,INDEXABLE_CANONICAL_200,YES,Mindfulness in Daily Life | Echo Buddha,Mindfulness in Daily Life,537,2539,1,NEVER_MONETIZE,70,SEO_P2_EMERGING,NOT_PHASE_6_CORNERSTONE,T2_MODERATE_TEMPLATE_RISK,FULL_HISTORICAL_TEMPLATE_RISK,NO,NO,NO,PASS
https://echobuddha.com/meditation/walking-meditation/,/meditation/walking-meditation/,MEDITATION,INDEXABLE_CANONICAL_200,YES,Walking Meditation | Echo Buddha,Walking Meditation,757,3836,2,NEVER_MONETIZE,84,SEO_P2_EMERGING,NOT_PHASE_6_CORNERSTONE,T1_LOW_TEMPLATE_RISK,100%_AUTOMATED_SEMANTIC_SCREEN,NO,NO,NO,PASS
https://echobuddha.com/meditation/when-meditation-feels-hard/,/meditation/when-meditation-feels-hard/,MEDITATION,INDEXABLE_CANONICAL_200,YES,What to Do When Meditation Feels Hard | Echo Buddha,What to Do When Meditation Feels Hard,772,4046,3,NEVER_MONETIZE,81,SEO_P2_EMERGING,NOT_PHASE_6_CORNERSTONE,T1_LOW_TEMPLATE_RISK,100%_AUTOMATED_SEMANTIC_SCREEN,NO,NO,NO,PASS
https://echobuddha.com/mindful-living/,/mindful-living/,OTHER,INDEXABLE_CANONICAL_200,YES,Mindful Living with Buddhist Wisdom | Echo Buddha,Mindful Living with Buddhist Wisdom,800,4372,0,NEVER_MONETIZE,50,SEO_P1_HIGH,NOT_PHASE_6_CORNERSTONE,NOT_CLASSIFIED,FULL_SEO_P0_P1,NO,NO,NO,PASS
https://echobuddha.com/privacy-policy/,/privacy-policy/,LEGAL,INDEXABLE_CANONICAL_200,YES,Privacy Policy | Echo Buddha,Privacy Policy,622,3087,1,NEVER_MONETIZE,NOT_SCORED,SEO_P2_EMERGING,NOT_PHASE_6_CORNERSTONE,NOT_CLASSIFIED,100%_AUTOMATED_SEMANTIC_SCREEN,NO,NO,NO,PASS
https://echobuddha.com/quote-attribution-policy/,/quote-attribution-policy/,TRUST,INDEXABLE_CANONICAL_200,YES,Quote Attribution Policy | Echo Buddha,Quote Attribution Policy,554,2610,0,NEVER_MONETIZE,NOT_SCORED,SEO_P2_EMERGING,NOT_PHASE_6_CORNERSTONE,NOT_CLASSIFIED,FULL_TRUST_SURFACE,NO,NO,NO,PASS
https://echobuddha.com/quotes/,/quotes/,QUOTE,INDEXABLE_CANONICAL_200,YES,Original Buddhist-Inspired Quotes | Echo Buddha,Original Buddhist-Inspired Quotes,2929,17547,0,NEVER_MONETIZE,51,SEO_P1_HIGH,NOT_PHASE_6_CORNERSTONE,NOT_CLASSIFIED,FULL_SEO_P0_P1,NO,NO,NO,PASS
https://echobuddha.com/quotes/awareness/,/quotes/awareness/,QUOTE,INDEXABLE_CANONICAL_200,YES,Original Awareness Quotes Inspired by Buddhist Practice | Echo Buddha,Original Awareness Quotes,719,3591,0,NEVER_MONETIZE,51,SEO_P1_HIGH,NOT_PHASE_6_CORNERSTONE,NOT_CLASSIFIED,FULL_SEO_P0_P1|FULL_INDEXABLE_QUOTE_CATEGORY,NO,NO,NO,PASS
https://echobuddha.com/quotes/awareness/acceptance-before-next-step/,/quotes/awareness/acceptance-before-next-step/,QUOTE,NOINDEX_USER_PAGE_200,YES,Acceptance Mindfulness Quote: Naming the Moment Clearly | Echo Buddha,Acceptance Mindfulness Quote: Naming the Moment Clearly,785,4055,0,NEVER_MONETIZE,43,SEO_P3_LIMITED,NOT_CORNERSTONE,T1_LOW_TEMPLATE_RISK,100%_AUTOMATED_SEMANTIC_SCREEN,NO,NO,NO,PASS
https://echobuddha.com/quotes/awareness/anger-asks-for-speed-awareness-asks-for-one-more/,/quotes/awareness/anger-asks-for-speed-awareness-asks-for-one-more/,QUOTE,NOINDEX_USER_PAGE_200,YES,Original Awareness Reflection: Anger asks for speed; awareness... | Echo Buddha,Original Awareness Reflection: Anger asks for speed; awareness...,608,2898,0,NEVER_MONETIZE,NOT_SCORED,SEO_P3_LIMITED,NOT_CORNERSTONE,T1_LOW_TEMPLATE_RISK,100%_AUTOMATED_SEMANTIC_SCREEN,NO,NO,NO,PASS
https://echobuddha.com/quotes/awareness/awareness-does-not-remove-the-storm-it-keeps-you/,/quotes/awareness/awareness-does-not-remove-the-storm-it-keeps-you/,QUOTE,NOINDEX_USER_PAGE_200,YES,Original Awareness Reflection: Awareness does not remove the... | Echo Buddha,Original Awareness Reflection: Awareness does not remove the...,620,2948,0,NEVER_MONETIZE,NOT_SCORED,SEO_P3_LIMITED,NOT_CORNERSTONE,T1_LOW_TEMPLATE_RISK,100%_AUTOMATED_SEMANTIC_SCREEN,NO,NO,NO,PASS
https://echobuddha.com/quotes/awareness/clear-seeing-begins-with-the-courage-to-stop-looking/,/quotes/awareness/clear-seeing-begins-with-the-courage-to-stop-looking/,QUOTE,NOINDEX_USER_PAGE_200,YES,Original Awareness Reflection: Clear seeing begins with the... | Echo Buddha,Original Awareness Reflection: Clear seeing begins with the...,616,2912,0,NEVER_MONETIZE,NOT_SCORED,SEO_P3_LIMITED,NOT_CORNERSTONE,T1_LOW_TEMPLATE_RISK,100%_AUTOMATED_SEMANTIC_SCREEN,NO,NO,NO,PASS
https://echobuddha.com/quotes/awareness/feelings-are-honest-about-their-presence-not-always-about/,/quotes/awareness/feelings-are-honest-about-their-presence-not-always-about/,QUOTE,NOINDEX_USER_PAGE_200,YES,Original Awareness Reflection: Feelings are honest about their... | Echo Buddha,Original Awareness Reflection: Feelings are honest about their...,609,2966,0,NEVER_MONETIZE,NOT_SCORED,SEO_P3_LIMITED,NOT_CORNERSTONE,T1_LOW_TEMPLATE_RISK,100%_AUTOMATED_SEMANTIC_SCREEN,NO,NO,NO,PASS
https://echobuddha.com/quotes/awareness/feelings-without-the-wheel/,/quotes/awareness/feelings-without-the-wheel/,QUOTE,NOINDEX_USER_PAGE_200,YES,Emotional Balance Quote: Feel Deeply Without Being Ruled | Echo Buddha,Emotional Balance Quote: Feel Deeply Without Being Ruled,770,3970,0,NEVER_MONETIZE,43,SEO_P3_LIMITED,NOT_CORNERSTONE,T1_LOW_TEMPLATE_RISK,100%_AUTOMATED_SEMANTIC_SCREEN,NO,NO,NO,PASS
https://echobuddha.com/quotes/awareness/look-beneath-the-reaction-and-you-may-find-a/,/quotes/awareness/look-beneath-the-reaction-and-you-may-find-a/,QUOTE,NOINDEX_USER_PAGE_200,YES,Original Awareness Reflection: Look beneath the reaction and... | Echo Buddha,Original Awareness Reflection: Look beneath the reaction and...,619,2943,0,NEVER_MONETIZE,NOT_SCORED,SEO_P2_EMERGING,NOT_CORNERSTONE,T1_LOW_TEMPLATE_RISK,100%_AUTOMATED_SEMANTIC_SCREEN,NO,NO,NO,PASS
https://echobuddha.com/quotes/awareness/name-the-feeling-gently-and-it-may-stop-speaking/,/quotes/awareness/name-the-feeling-gently-and-it-may-stop-speaking/,QUOTE,NOINDEX_USER_PAGE_200,YES,"Original Awareness Reflection: Name the feeling gently, and... | Echo Buddha","Original Awareness Reflection: Name the feeling gently, and...",615,2915,0,NEVER_MONETIZE,NOT_SCORED,SEO_P3_LIMITED,NOT_CORNERSTONE,T1_LOW_TEMPLATE_RISK,100%_AUTOMATED_SEMANTIC_SCREEN,NO,NO,NO,PASS
https://echobuddha.com/quotes/awareness/notice-the-habit-before-trying-to-become-someone-without/,/quotes/awareness/notice-the-habit-before-trying-to-become-someone-without/,QUOTE,NOINDEX_USER_PAGE_200,YES,Original Awareness Reflection: Notice the habit before trying... | Echo Buddha,Original Awareness Reflection: Notice the habit before trying...,607,2894,0,NEVER_MONETIZE,NOT_SCORED,SEO_P3_LIMITED,NOT_CORNERSTONE,T1_LOW_TEMPLATE_RISK,100%_AUTOMATED_SEMANTIC_SCREEN,NO,NO,NO,PASS
https://echobuddha.com/quotes/awareness/one-breath-before-anger-replies/,/quotes/awareness/one-breath-before-anger-replies/,QUOTE,NOINDEX_USER_PAGE_200,YES,Buddhist Quote About Anger: One Breath Before Reply | Echo Buddha,Buddhist Quote About Anger: One Breath Before Reply,784,3899,0,NEVER_MONETIZE,43,SEO_P3_LIMITED,NOT_CORNERSTONE,T1_LOW_TEMPLATE_RISK,100%_AUTOMATED_SEMANTIC_SCREEN,NO,NO,NO,PASS
https://echobuddha.com/quotes/awareness/small-acts-of-attention-can-turn-an-ordinary-day/,/quotes/awareness/small-acts-of-attention-can-turn-an-ordinary-day/,QUOTE,NOINDEX_USER_PAGE_200,YES,Original Awareness Reflection: Small acts of attention can... | Echo Buddha,Original Awareness Reflection: Small acts of attention can...,610,2893,0,NEVER_MONETIZE,NOT_SCORED,SEO_P2_EMERGING,NOT_CORNERSTONE,T1_LOW_TEMPLATE_RISK,100%_AUTOMATED_SEMANTIC_SCREEN,NO,NO,NO,PASS
https://echobuddha.com/quotes/awareness/the-body-often-knows-you-are-overwhelmed-before-the/,/quotes/awareness/the-body-often-knows-you-are-overwhelmed-before-the/,QUOTE,NOINDEX_USER_PAGE_200,YES,Original Awareness Reflection: The body often knows you... | Echo Buddha,Original Awareness Reflection: The body often knows you...,624,2938,0,NEVER_MONETIZE,NOT_SCORED,SEO_P3_LIMITED,NOT_CORNERSTONE,T1_LOW_TEMPLATE_RISK,100%_AUTOMATED_SEMANTIC_SCREEN,NO,NO,NO,PASS
https://echobuddha.com/quotes/awareness/thoughts-are-visitors/,/quotes/awareness/thoughts-are-visitors/,QUOTE,NOINDEX_USER_PAGE_200,YES,Buddhist Quote for Overthinking: Thoughts Are Visitors | Echo Buddha,Buddhist Quote for Overthinking: Thoughts Are Visitors,796,3999,0,NEVER_MONETIZE,43,SEO_P3_LIMITED,NOT_CORNERSTONE,T1_LOW_TEMPLATE_RISK,100%_AUTOMATED_SEMANTIC_SCREEN,NO,NO,NO,PASS
https://echobuddha.com/quotes/awareness/thoughts-pass-without-commanding-you/,/quotes/awareness/thoughts-pass-without-commanding-you/,QUOTE,NOINDEX_USER_PAGE_200,YES,Calm Mind Quote: Let Thoughts Pass Without Chasing Them | Echo Buddha,Calm Mind Quote: Let Thoughts Pass Without Chasing Them,823,4083,0,NEVER_MONETIZE,43,SEO_P3_LIMITED,NOT_CORNERSTONE,T1_LOW_TEMPLATE_RISK,100%_AUTOMATED_SEMANTIC_SCREEN,NO,NO,NO,PASS
https://echobuddha.com/quotes/awareness/what-you-can-observe-clearly-no-longer-controls-you/,/quotes/awareness/what-you-can-observe-clearly-no-longer-controls-you/,QUOTE,NOINDEX_USER_PAGE_200,YES,Original Awareness Reflection: What you can observe clearly... | Echo Buddha,Original Awareness Reflection: What you can observe clearly...,620,2936,0,NEVER_MONETIZE,NOT_SCORED,SEO_P3_LIMITED,NOT_CORNERSTONE,T1_LOW_TEMPLATE_RISK,100%_AUTOMATED_SEMANTIC_SCREEN,NO,NO,NO,PASS
https://echobuddha.com/quotes/awareness/when-the-mind-tightens-let-the-body-be-your/,/quotes/awareness/when-the-mind-tightens-let-the-body-be-your/,QUOTE,NOINDEX_USER_PAGE_200,YES,"Original Awareness Reflection: When the mind tightens, let... | Echo Buddha","Original Awareness Reflection: When the mind tightens, let...",608,2872,0,NEVER_MONETIZE,NOT_SCORED,SEO_P3_LIMITED,NOT_CORNERSTONE,T1_LOW_TEMPLATE_RISK,100%_AUTOMATED_SEMANTIC_SCREEN,NO,NO,NO,PASS
https://echobuddha.com/quotes/compassion/,/quotes/compassion/,QUOTE,INDEXABLE_CANONICAL_200,YES,Original Compassion Quotes Inspired by Buddhist Practice | Echo Buddha,Original Compassion Quotes,692,3531,0,NEVER_MONETIZE,51,SEO_P1_HIGH,NOT_PHASE_6_CORNERSTONE,NOT_CLASSIFIED,FULL_SEO_P0_P1|FULL_INDEXABLE_QUOTE_CATEGORY,NO,NO,NO,PASS
https://echobuddha.com/quotes/compassion/a-gentle-response-can-end-suffering-that-anger-would/,/quotes/compassion/a-gentle-response-can-end-suffering-that-anger-would/,QUOTE,NOINDEX_USER_PAGE_200,YES,Original Compassion Reflection: A gentle response can end... | Echo Buddha,Original Compassion Reflection: A gentle response can end...,596,2839,0,NEVER_MONETIZE,NOT_SCORED,SEO_P3_LIMITED,NOT_CORNERSTONE,T1_LOW_TEMPLATE_RISK,100%_AUTOMATED_SEMANTIC_SCREEN,NO,NO,NO,PASS
https://echobuddha.com/quotes/compassion/before-judging-another-life-remember-how-much-of-your/,/quotes/compassion/before-judging-another-life-remember-how-much-of-your/,QUOTE,NOINDEX_USER_PAGE_200,YES,"Original Compassion Reflection: Before judging another life, remember... | Echo Buddha","Original Compassion Reflection: Before judging another life, remember...",602,2915,0,NEVER_MONETIZE,NOT_SCORED,SEO_P3_LIMITED,NOT_CORNERSTONE,T1_LOW_TEMPLATE_RISK,100%_AUTOMATED_SEMANTIC_SCREEN,NO,NO,NO,PASS
https://echobuddha.com/quotes/compassion/compassion-asks-what-hurts-before-it-asks-who-is/,/quotes/compassion/compassion-asks-what-hurts-before-it-asks-who-is/,QUOTE,NOINDEX_USER_PAGE_200,YES,Original Compassion Reflection: Compassion asks what hurts before... | Echo Buddha,Original Compassion Reflection: Compassion asks what hurts before...,608,2877,0,NEVER_MONETIZE,NOT_SCORED,SEO_P3_LIMITED,NOT_CORNERSTONE,T1_LOW_TEMPLATE_RISK,100%_AUTOMATED_SEMANTIC_SCREEN,NO,NO,NO,PASS
https://echobuddha.com/quotes/compassion/compassion-grows-where-judgment-loosens-its-grip/,/quotes/compassion/compassion-grows-where-judgment-loosens-its-grip/,QUOTE,NOINDEX_USER_PAGE_200,YES,Original Compassion Reflection: Compassion grows where judgment loosens... | Echo Buddha,Original Compassion Reflection: Compassion grows where judgment loosens...,586,2834,0,NEVER_MONETIZE,NOT_SCORED,SEO_P3_LIMITED,NOT_CORNERSTONE,T1_LOW_TEMPLATE_RISK,100%_AUTOMATED_SEMANTIC_SCREEN,NO,NO,NO,PASS
https://echobuddha.com/quotes/compassion/compassion-sees-pain-clearly/,/quotes/compassion/compassion-sees-pain-clearly/,QUOTE,NOINDEX_USER_PAGE_200,YES,Compassion Buddhist Quote: Seeing Pain Behind Behavior | Echo Buddha,Compassion Buddhist Quote: Seeing Pain Behind Behavior,761,3934,0,NEVER_MONETIZE,43,SEO_P3_LIMITED,NOT_CORNERSTONE,T1_LOW_TEMPLATE_RISK,100%_AUTOMATED_SEMANTIC_SCREEN,NO,NO,NO,PASS
https://echobuddha.com/quotes/compassion/gentle-self-compassion/,/quotes/compassion/gentle-self-compassion/,QUOTE,NOINDEX_USER_PAGE_200,YES,Self Compassion Mindfulness Quote: Gentle Inner Speech | Echo Buddha,Self Compassion Mindfulness Quote: Gentle Inner Speech,758,3943,0,NEVER_MONETIZE,43,SEO_P3_LIMITED,NOT_CORNERSTONE,T1_LOW_TEMPLATE_RISK,100%_AUTOMATED_SEMANTIC_SCREEN,NO,NO,NO,PASS
https://echobuddha.com/quotes/compassion/kindness-as-quiet-practice/,/quotes/compassion/kindness-as-quiet-practice/,QUOTE,NOINDEX_USER_PAGE_200,YES,Kindness Quote for Daily Life: A Quiet Practice | Echo Buddha,Kindness Quote for Daily Life: A Quiet Practice,771,3882,0,NEVER_MONETIZE,43,SEO_P3_LIMITED,NOT_CORNERSTONE,T1_LOW_TEMPLATE_RISK,100%_AUTOMATED_SEMANTIC_SCREEN,NO,NO,NO,PASS
https://echobuddha.com/quotes/compassion/kindness-does-not-need-an-audience-to-become-meaningful/,/quotes/compassion/kindness-does-not-need-an-audience-to-become-meaningful/,QUOTE,NOINDEX_USER_PAGE_200,YES,Original Compassion Reflection: Kindness does not need an... | Echo Buddha,Original Compassion Reflection: Kindness does not need an...,591,2843,0,NEVER_MONETIZE,NOT_SCORED,SEO_P3_LIMITED,NOT_CORNERSTONE,T1_LOW_TEMPLATE_RISK,100%_AUTOMATED_SEMANTIC_SCREEN,NO,NO,NO,PASS
https://echobuddha.com/quotes/compassion/let-kindness-be-the-echo-you-leave-in-every/,/quotes/compassion/let-kindness-be-the-echo-you-leave-in-every/,QUOTE,NOINDEX_USER_PAGE_200,YES,Original Compassion Reflection: Let kindness be the echo... | Echo Buddha,Original Compassion Reflection: Let kindness be the echo...,594,2804,0,NEVER_MONETIZE,NOT_SCORED,SEO_P2_EMERGING,NOT_CORNERSTONE,T1_LOW_TEMPLATE_RISK,100%_AUTOMATED_SEMANTIC_SCREEN,NO,NO,NO,PASS
https://echobuddha.com/quotes/compassion/let-your-boundaries-be-clear-and-your-heart-remain/,/quotes/compassion/let-your-boundaries-be-clear-and-your-heart-remain/,QUOTE,NOINDEX_USER_PAGE_200,YES,Original Compassion Reflection: Let your boundaries be clear... | Echo Buddha,Original Compassion Reflection: Let your boundaries be clear...,594,2822,0,NEVER_MONETIZE,NOT_SCORED,SEO_P3_LIMITED,NOT_CORNERSTONE,T1_LOW_TEMPLATE_RISK,100%_AUTOMATED_SEMANTIC_SCREEN,NO,NO,NO,PASS
https://echobuddha.com/quotes/compassion/loving-kindness-without-harm/,/quotes/compassion/loving-kindness-without-harm/,QUOTE,NOINDEX_USER_PAGE_200,YES,Loving Kindness Quote: Goodwill Toward Self and Others | Echo Buddha,Loving Kindness Quote: Goodwill Toward Self and Others,773,3956,0,NEVER_MONETIZE,43,SEO_P3_LIMITED,NOT_CORNERSTONE,T1_LOW_TEMPLATE_RISK,100%_AUTOMATED_SEMANTIC_SCREEN,NO,NO,NO,PASS
https://echobuddha.com/quotes/compassion/offer-others-the-patience-you-hope-to-receive-on/,/quotes/compassion/offer-others-the-patience-you-hope-to-receive-on/,QUOTE,NOINDEX_USER_PAGE_200,YES,Original Compassion Reflection: Offer others the patience you... | Echo Buddha,Original Compassion Reflection: Offer others the patience you...,607,2887,0,NEVER_MONETIZE,NOT_SCORED,SEO_P3_LIMITED,NOT_CORNERSTONE,T1_LOW_TEMPLATE_RISK,100%_AUTOMATED_SEMANTIC_SCREEN,NO,NO,NO,PASS
https://echobuddha.com/quotes/compassion/small-kindnesses-often-reach-places-that-advice-cannot/,/quotes/compassion/small-kindnesses-often-reach-places-that-advice-cannot/,QUOTE,NOINDEX_USER_PAGE_200,YES,Original Compassion Reflection: Small kindnesses often reach places... | Echo Buddha,Original Compassion Reflection: Small kindnesses often reach places...,582,2821,0,NEVER_MONETIZE,NOT_SCORED,SEO_P3_LIMITED,NOT_CORNERSTONE,T1_LOW_TEMPLATE_RISK,100%_AUTOMATED_SEMANTIC_SCREEN,NO,NO,NO,PASS
https://echobuddha.com/quotes/compassion/the-heart-becomes-spacious-each-time-it-chooses-care/,/quotes/compassion/the-heart-becomes-spacious-each-time-it-chooses-care/,QUOTE,NOINDEX_USER_PAGE_200,YES,Original Compassion Reflection: The heart becomes spacious each... | Echo Buddha,Original Compassion Reflection: The heart becomes spacious each...,595,2870,0,NEVER_MONETIZE,NOT_SCORED,SEO_P3_LIMITED,NOT_CORNERSTONE,T1_LOW_TEMPLATE_RISK,100%_AUTOMATED_SEMANTIC_SCREEN,NO,NO,NO,PASS
https://echobuddha.com/quotes/compassion/to-understand-someone-is-not-to-excuse-harm-it/,/quotes/compassion/to-understand-someone-is-not-to-excuse-harm-it/,QUOTE,NOINDEX_USER_PAGE_200,YES,Original Compassion Reflection: To understand someone is not... | Echo Buddha,Original Compassion Reflection: To understand someone is not...,608,2879,0,NEVER_MONETIZE,NOT_SCORED,SEO_P3_LIMITED,NOT_CORNERSTONE,T1_LOW_TEMPLATE_RISK,100%_AUTOMATED_SEMANTIC_SCREEN,NO,NO,NO,PASS
https://echobuddha.com/quotes/compassion/when-you-cannot-remove-anothers-burden-do-not-add/,/quotes/compassion/when-you-cannot-remove-anothers-burden-do-not-add/,QUOTE,NOINDEX_USER_PAGE_200,YES,Original Compassion Reflection: When you cannot remove another&#39;s... | Echo Buddha,Original Compassion Reflection: When you cannot remove another's...,601,2861,0,NEVER_MONETIZE,NOT_SCORED,SEO_P3_LIMITED,NOT_CORNERSTONE,T1_LOW_TEMPLATE_RISK,100%_AUTOMATED_SEMANTIC_SCREEN,NO,NO,NO,PASS
https://echobuddha.com/quotes/impermanence/,/quotes/impermanence/,QUOTE,INDEXABLE_CANONICAL_200,YES,Original Impermanence Quotes Inspired by Buddhist Practice | Echo Buddha,Original Impermanence Quotes,614,3085,0,NEVER_MONETIZE,49,SEO_P2_EMERGING,NOT_PHASE_6_CORNERSTONE,NOT_CLASSIFIED,FULL_INDEXABLE_QUOTE_CATEGORY,NO,NO,NO,PASS
https://echobuddha.com/quotes/impermanence/acceptance-begins-where-the-argument-with-change-ends/,/quotes/impermanence/acceptance-begins-where-the-argument-with-change-ends/,QUOTE,NOINDEX_USER_PAGE_200,YES,Original Impermanence Reflection: Acceptance begins where the argument... | Echo Buddha,Original Impermanence Reflection: Acceptance begins where the argument...,591,2858,0,NEVER_MONETIZE,NOT_SCORED,SEO_P3_LIMITED,NOT_CORNERSTONE,T1_LOW_TEMPLATE_RISK,100%_AUTOMATED_SEMANTIC_SCREEN,NO,NO,NO,PASS
https://echobuddha.com/quotes/impermanence/because-this-moment-will-pass-meet-it-while-it/,/quotes/impermanence/because-this-moment-will-pass-meet-it-while-it/,QUOTE,NOINDEX_USER_PAGE_200,YES,"Original Impermanence Reflection: Because this moment will pass,... | Echo Buddha","Original Impermanence Reflection: Because this moment will pass,...",602,2867,0,NEVER_MONETIZE,NOT_SCORED,SEO_P3_LIMITED,NOT_CORNERSTONE,T1_LOW_TEMPLATE_RISK,100%_AUTOMATED_SEMANTIC_SCREEN,NO,NO,NO,PASS
https://echobuddha.com/quotes/impermanence/change-is-how-life-continues/,/quotes/impermanence/change-is-how-life-continues/,QUOTE,NOINDEX_USER_PAGE_200,YES,Impermanence Buddhist Quote: Change Is How Life Continues | Echo Buddha,Impermanence Buddhist Quote: Change Is How Life Continues,777,3930,0,NEVER_MONETIZE,44,SEO_P2_EMERGING,NOT_CORNERSTONE,T1_LOW_TEMPLATE_RISK,100%_AUTOMATED_SEMANTIC_SCREEN,NO,NO,NO,PASS
https://echobuddha.com/quotes/impermanence/change-takes-nothing-personally-it-simply-continues/,/quotes/impermanence/change-takes-nothing-personally-it-simply-continues/,QUOTE,NOINDEX_USER_PAGE_200,YES,Original Impermanence Reflection: Change takes nothing personally; it... | Echo Buddha,Original Impermanence Reflection: Change takes nothing personally; it...,583,2845,0,NEVER_MONETIZE,NOT_SCORED,SEO_P3_LIMITED,NOT_CORNERSTONE,T1_LOW_TEMPLATE_RISK,100%_AUTOMATED_SEMANTIC_SCREEN,NO,NO,NO,PASS
https://echobuddha.com/quotes/impermanence/everything-changes-including-the-part-of-you-that-fears/,/quotes/impermanence/everything-changes-including-the-part-of-you-that-fears/,QUOTE,NOINDEX_USER_PAGE_200,YES,"Original Impermanence Reflection: Everything changes, including the part... | Echo Buddha","Original Impermanence Reflection: Everything changes, including the part...",588,2877,0,NEVER_MONETIZE,NOT_SCORED,SEO_P2_EMERGING,NOT_CORNERSTONE,T1_LOW_TEMPLATE_RISK,100%_AUTOMATED_SEMANTIC_SCREEN,NO,NO,NO,PASS
https://echobuddha.com/quotes/impermanence/hold-each-day-carefully-knowing-it-cannot-be-held/,/quotes/impermanence/hold-each-day-carefully-knowing-it-cannot-be-held/,QUOTE,NOINDEX_USER_PAGE_200,YES,"Original Impermanence Reflection: Hold each day carefully, knowing... | Echo Buddha","Original Impermanence Reflection: Hold each day carefully, knowing...",589,2837,0,NEVER_MONETIZE,NOT_SCORED,SEO_P3_LIMITED,NOT_CORNERSTONE,T1_LOW_TEMPLATE_RISK,100%_AUTOMATED_SEMANTIC_SCREEN,NO,NO,NO,PASS
https://echobuddha.com/quotes/impermanence/meet-change-softly/,/quotes/impermanence/meet-change-softly/,QUOTE,NOINDEX_USER_PAGE_200,YES,Buddhist Quote About Change: Meet Change Softly | Echo Buddha,Buddhist Quote About Change: Meet Change Softly,752,3813,0,NEVER_MONETIZE,43,SEO_P3_LIMITED,NOT_CORNERSTONE,T1_LOW_TEMPLATE_RISK,100%_AUTOMATED_SEMANTIC_SCREEN,NO,NO,NO,PASS
https://echobuddha.com/quotes/impermanence/no-season-is-asked-to-remain-in-order-to/,/quotes/impermanence/no-season-is-asked-to-remain-in-order-to/,QUOTE,NOINDEX_USER_PAGE_200,YES,Original Impermanence Reflection: No season is asked to... | Echo Buddha,Original Impermanence Reflection: No season is asked to...,591,2781,0,NEVER_MONETIZE,NOT_SCORED,SEO_P3_LIMITED,NOT_CORNERSTONE,T1_LOW_TEMPLATE_RISK,100%_AUTOMATED_SEMANTIC_SCREEN,NO,NO,NO,PASS
https://echobuddha.com/quotes/impermanence/the-fading-flower-does-not-make-its-blooming-less/,/quotes/impermanence/the-fading-flower-does-not-make-its-blooming-less/,QUOTE,NOINDEX_USER_PAGE_200,YES,Original Impermanence Reflection: The fading flower does not... | Echo Buddha,Original Impermanence Reflection: The fading flower does not...,586,2830,0,NEVER_MONETIZE,NOT_SCORED,SEO_P2_EMERGING,NOT_CORNERSTONE,T1_LOW_TEMPLATE_RISK,100%_AUTOMATED_SEMANTIC_SCREEN,NO,NO,NO,PASS
https://echobuddha.com/quotes/impermanence/the-passing-of-joy-teaches-gratitude-the-passing-of/,/quotes/impermanence/the-passing-of-joy-teaches-gratitude-the-passing-of/,QUOTE,NOINDEX_USER_PAGE_200,YES,Original Impermanence Reflection: The passing of joy teaches... | Echo Buddha,Original Impermanence Reflection: The passing of joy teaches...,595,2865,0,NEVER_MONETIZE,NOT_SCORED,SEO_P2_EMERGING,NOT_CORNERSTONE,T1_LOW_TEMPLATE_RISK,100%_AUTOMATED_SEMANTIC_SCREEN,NO,NO,NO,PASS
https://echobuddha.com/quotes/impermanence/todays-certainty-may-become-tomorrows-lesson-in-humility/,/quotes/impermanence/todays-certainty-may-become-tomorrows-lesson-in-humility/,QUOTE,NOINDEX_USER_PAGE_200,YES,Original Impermanence Reflection: Today&#39;s certainty may become tomorrow&#39;s... | Echo Buddha,Original Impermanence Reflection: Today's certainty may become tomorrow's...,579,2844,0,NEVER_MONETIZE,NOT_SCORED,SEO_P3_LIMITED,NOT_CORNERSTONE,T1_LOW_TEMPLATE_RISK,100%_AUTOMATED_SEMANTIC_SCREEN,NO,NO,NO,PASS
https://echobuddha.com/quotes/impermanence/what-changes-is-not-always-lost-sometimes-it-is/,/quotes/impermanence/what-changes-is-not-always-lost-sometimes-it-is/,QUOTE,NOINDEX_USER_PAGE_200,YES,Original Impermanence Reflection: What changes is not always... | Echo Buddha,Original Impermanence Reflection: What changes is not always...,592,2867,0,NEVER_MONETIZE,NOT_SCORED,SEO_P3_LIMITED,NOT_CORNERSTONE,T1_LOW_TEMPLATE_RISK,100%_AUTOMATED_SEMANTIC_SCREEN,NO,NO,NO,PASS
https://echobuddha.com/quotes/letting-go/,/quotes/letting-go/,QUOTE,INDEXABLE_CANONICAL_200,YES,Original Letting Go Quotes Inspired by Buddhist Practice | Echo Buddha,Original Letting Go Quotes,772,3872,0,NEVER_MONETIZE,52,SEO_P0_CRITICAL,C0_CRITICAL,NOT_CLASSIFIED,FULL_SEO_P0_P1|FULL_C0_C1|FULL_INDEXABLE_QUOTE_CATEGORY,NO,NO,NO,PASS
https://echobuddha.com/quotes/letting-go/an-open-hand-can-care-for-what-a-clenched/,/quotes/letting-go/an-open-hand-can-care-for-what-a-clenched/,QUOTE,NOINDEX_USER_PAGE_200,YES,Original Letting Go Reflection: An open hand can care... | Echo Buddha,Original Letting Go Reflection: An open hand can care...,615,2866,0,NEVER_MONETIZE,NOT_SCORED,SEO_P3_LIMITED,NOT_CORNERSTONE,T1_LOW_TEMPLATE_RISK,100%_AUTOMATED_SEMANTIC_SCREEN,NO,NO,NO,PASS
https://echobuddha.com/quotes/letting-go/caring-without-clinging/,/quotes/letting-go/caring-without-clinging/,QUOTE,NOINDEX_USER_PAGE_200,YES,Letting Go Buddhist Quote: Caring Without Clinging | Echo Buddha,Letting Go Buddhist Quote: Caring Without Clinging,785,3925,0,NEVER_MONETIZE,43,SEO_P3_LIMITED,NOT_CORNERSTONE,T1_LOW_TEMPLATE_RISK,100%_AUTOMATED_SEMANTIC_SCREEN,NO,NO,NO,PASS
https://echobuddha.com/quotes/letting-go/forgiveness-without-approving-harm/,/quotes/letting-go/forgiveness-without-approving-harm/,QUOTE,NOINDEX_USER_PAGE_200,YES,Buddhist Forgiveness Quote: Release Without Approving Harm | Echo Buddha,Buddhist Forgiveness Quote: Release Without Approving Harm,771,4040,0,NEVER_MONETIZE,43,SEO_P3_LIMITED,NOT_CORNERSTONE,T1_LOW_TEMPLATE_RISK,100%_AUTOMATED_SEMANTIC_SCREEN,NO,NO,NO,PASS
https://echobuddha.com/quotes/letting-go/freedom-often-sounds-like-the-quiet-end-of-an/,/quotes/letting-go/freedom-often-sounds-like-the-quiet-end-of-an/,QUOTE,NOINDEX_USER_PAGE_200,YES,Original Letting Go Reflection: Freedom often sounds like the... | Echo Buddha,Original Letting Go Reflection: Freedom often sounds like the...,617,2923,0,NEVER_MONETIZE,NOT_SCORED,SEO_P3_LIMITED,NOT_CORNERSTONE,T1_LOW_TEMPLATE_RISK,100%_AUTOMATED_SEMANTIC_SCREEN,NO,NO,NO,PASS
https://echobuddha.com/quotes/letting-go/let-the-feeling-pass-through-without-building-it-a/,/quotes/letting-go/let-the-feeling-pass-through-without-building-it-a/,QUOTE,NOINDEX_USER_PAGE_200,YES,Original Letting Go Reflection: Let the feeling pass through... | Echo Buddha,Original Letting Go Reflection: Let the feeling pass through...,615,2940,0,NEVER_MONETIZE,NOT_SCORED,SEO_P3_LIMITED,NOT_CORNERSTONE,T1_LOW_TEMPLATE_RISK,100%_AUTOMATED_SEMANTIC_SCREEN,NO,NO,NO,PASS
https://echobuddha.com/quotes/letting-go/letting-go-begins-by-admitting-how-tightly-you-are/,/quotes/letting-go/letting-go-begins-by-admitting-how-tightly-you-are/,QUOTE,NOINDEX_USER_PAGE_200,YES,Original Letting Go Reflection: Letting go begins by admitting... | Echo Buddha,Original Letting Go Reflection: Letting go begins by admitting...,613,2912,0,NEVER_MONETIZE,NOT_SCORED,SEO_P3_LIMITED,NOT_CORNERSTONE,T1_LOW_TEMPLATE_RISK,100%_AUTOMATED_SEMANTIC_SCREEN,NO,NO,NO,PASS
https://echobuddha.com/quotes/letting-go/open-hands-non-attachment/,/quotes/letting-go/open-hands-non-attachment/,QUOTE,NOINDEX_USER_PAGE_200,YES,Non Attachment Quote: Hold Life With Open Hands | Echo Buddha,Non Attachment Quote: Hold Life With Open Hands,776,3856,0,NEVER_MONETIZE,43,SEO_P3_LIMITED,NOT_CORNERSTONE,T1_LOW_TEMPLATE_RISK,100%_AUTOMATED_SEMANTIC_SCREEN,NO,NO,NO,PASS
https://echobuddha.com/quotes/letting-go/peace-enters-when-control-is-no-longer-the-price/,/quotes/letting-go/peace-enters-when-control-is-no-longer-the-price/,QUOTE,NOINDEX_USER_PAGE_200,YES,Original Letting Go Reflection: Peace enters when control is... | Echo Buddha,Original Letting Go Reflection: Peace enters when control is...,629,2948,0,NEVER_MONETIZE,NOT_SCORED,SEO_P3_LIMITED,NOT_CORNERSTONE,T1_LOW_TEMPLATE_RISK,100%_AUTOMATED_SEMANTIC_SCREEN,NO,NO,NO,PASS
https://echobuddha.com/quotes/letting-go/release-the-need-to-replay-what-can-no-longer/,/quotes/letting-go/release-the-need-to-replay-what-can-no-longer/,QUOTE,NOINDEX_USER_PAGE_200,YES,Original Letting Go Reflection: Release the need to replay... | Echo Buddha,Original Letting Go Reflection: Release the need to replay...,617,2906,0,NEVER_MONETIZE,NOT_SCORED,SEO_P3_LIMITED,NOT_CORNERSTONE,T1_LOW_TEMPLATE_RISK,100%_AUTOMATED_SEMANTIC_SCREEN,NO,NO,NO,PASS
https://echobuddha.com/quotes/letting-go/release-the-outcome-but-keep-the-care-you-bring/,/quotes/letting-go/release-the-outcome-but-keep-the-care-you-bring/,QUOTE,NOINDEX_USER_PAGE_200,YES,"Original Letting Go Reflection: Release the outcome, but keep... | Echo Buddha","Original Letting Go Reflection: Release the outcome, but keep...",626,2932,0,NEVER_MONETIZE,NOT_SCORED,SEO_P3_LIMITED,NOT_CORNERSTONE,T1_LOW_TEMPLATE_RISK,100%_AUTOMATED_SEMANTIC_SCREEN,NO,NO,NO,PASS
https://echobuddha.com/quotes/letting-go/soften-around-stress/,/quotes/letting-go/soften-around-stress/,QUOTE,NOINDEX_USER_PAGE_200,YES,Buddhist Quote for Stress: Soften Around Pressure | Echo Buddha,Buddhist Quote for Stress: Soften Around Pressure,772,3885,0,NEVER_MONETIZE,43,SEO_P3_LIMITED,NOT_CORNERSTONE,T1_LOW_TEMPLATE_RISK,100%_AUTOMATED_SEMANTIC_SCREEN,NO,NO,NO,PASS
https://echobuddha.com/quotes/letting-go/what-leaves-your-life-may-still-leave-wisdom-behind/,/quotes/letting-go/what-leaves-your-life-may-still-leave-wisdom-behind/,QUOTE,NOINDEX_USER_PAGE_200,YES,Original Letting Go Reflection: What leaves your life may... | Echo Buddha,Original Letting Go Reflection: What leaves your life may...,607,2872,0,NEVER_MONETIZE,NOT_SCORED,SEO_P2_EMERGING,NOT_CORNERSTONE,T1_LOW_TEMPLATE_RISK,100%_AUTOMATED_SEMANTIC_SCREEN,NO,NO,NO,PASS
https://echobuddha.com/quotes/letting-go/where-attachment-begins/,/quotes/letting-go/where-attachment-begins/,QUOTE,NOINDEX_USER_PAGE_200,YES,Buddhist Attachment Quote: Noticing Where Clinging Begins | Echo Buddha,Buddhist Attachment Quote: Noticing Where Clinging Begins,748,3813,0,NEVER_MONETIZE,43,SEO_P3_LIMITED,NOT_CORNERSTONE,T1_LOW_TEMPLATE_RISK,100%_AUTOMATED_SEMANTIC_SCREEN,NO,NO,NO,PASS
https://echobuddha.com/quotes/letting-go/you-can-honor-the-past-without-asking-it-to/,/quotes/letting-go/you-can-honor-the-past-without-asking-it-to/,QUOTE,NOINDEX_USER_PAGE_200,YES,Original Letting Go Reflection: You can honor the past... | Echo Buddha,Original Letting Go Reflection: You can honor the past...,621,2908,0,NEVER_MONETIZE,NOT_SCORED,SEO_P3_LIMITED,NOT_CORNERSTONE,T1_LOW_TEMPLATE_RISK,100%_AUTOMATED_SEMANTIC_SCREEN,NO,NO,NO,PASS
https://echobuddha.com/quotes/letting-go/you-do-not-betray-a-memory-by-allowing-yourself/,/quotes/letting-go/you-do-not-betray-a-memory-by-allowing-yourself/,QUOTE,NOINDEX_USER_PAGE_200,YES,Original Letting Go Reflection: You do not betray a... | Echo Buddha,Original Letting Go Reflection: You do not betray a...,619,2906,0,NEVER_MONETIZE,NOT_SCORED,SEO_P3_LIMITED,NOT_CORNERSTONE,T1_LOW_TEMPLATE_RISK,100%_AUTOMATED_SEMANTIC_SCREEN,NO,NO,NO,PASS
https://echobuddha.com/quotes/letting-go/you-do-not-need-to-carry-every-thought-that/,/quotes/letting-go/you-do-not-need-to-carry-every-thought-that/,QUOTE,NOINDEX_USER_PAGE_200,YES,Original Letting Go Reflection: You do not need to... | Echo Buddha,Original Letting Go Reflection: You do not need to...,616,2874,0,NEVER_MONETIZE,NOT_SCORED,SEO_P2_EMERGING,NOT_CORNERSTONE,T1_LOW_TEMPLATE_RISK,100%_AUTOMATED_SEMANTIC_SCREEN,NO,NO,NO,PASS
https://echobuddha.com/quotes/meditation/,/quotes/meditation/,QUOTE,INDEXABLE_CANONICAL_200,YES,Original Meditation Quotes Inspired by Buddhist Practice | Echo Buddha,Original Meditation Quotes,651,3271,0,NEVER_MONETIZE,50,SEO_P1_HIGH,NOT_PHASE_6_CORNERSTONE,NOT_CLASSIFIED,FULL_SEO_P0_P1|FULL_INDEXABLE_QUOTE_CATEGORY,NO,NO,NO,PASS
https://echobuddha.com/quotes/meditation/a-short-sincere-practice-can-steady-a-long-and/,/quotes/meditation/a-short-sincere-practice-can-steady-a-long-and/,QUOTE,NOINDEX_USER_PAGE_200,YES,Original Meditation Reflection: A short sincere practice can... | Echo Buddha,Original Meditation Reflection: A short sincere practice can...,615,2943,0,NEVER_MONETIZE,NOT_SCORED,SEO_P2_EMERGING,NOT_CORNERSTONE,T1_LOW_TEMPLATE_RISK,100%_AUTOMATED_SEMANTIC_SCREEN,NO,NO,NO,PASS
https://echobuddha.com/quotes/meditation/do-not-search-meditation-for-a-special-self-notice/,/quotes/meditation/do-not-search-meditation-for-a-special-self-notice/,QUOTE,NOINDEX_USER_PAGE_200,YES,Original Meditation Reflection: Do not search meditation for... | Echo Buddha,Original Meditation Reflection: Do not search meditation for...,611,2969,0,NEVER_MONETIZE,NOT_SCORED,SEO_P3_LIMITED,NOT_CORNERSTONE,T1_LOW_TEMPLATE_RISK,100%_AUTOMATED_SEMANTIC_SCREEN,NO,NO,NO,PASS
https://echobuddha.com/quotes/meditation/every-return-from-distraction-strengthens-the-path-home/,/quotes/meditation/every-return-from-distraction-strengthens-the-path-home/,QUOTE,NOINDEX_USER_PAGE_200,YES,Original Meditation Reflection: Every return from distraction strengthens... | Echo Buddha,Original Meditation Reflection: Every return from distraction strengthens...,591,2897,0,NEVER_MONETIZE,NOT_SCORED,SEO_P3_LIMITED,NOT_CORNERSTONE,T1_LOW_TEMPLATE_RISK,100%_AUTOMATED_SEMANTIC_SCREEN,NO,NO,NO,PASS
https://echobuddha.com/quotes/meditation/few-quiet-minutes/,/quotes/meditation/few-quiet-minutes/,QUOTE,NOINDEX_USER_PAGE_200,YES,Beginner Meditation Wisdom: A Few Quiet Minutes | Echo Buddha,Beginner Meditation Wisdom: A Few Quiet Minutes,801,4057,0,NEVER_MONETIZE,43,SEO_P3_LIMITED,NOT_CORNERSTONE,T1_LOW_TEMPLATE_RISK,100%_AUTOMATED_SEMANTIC_SCREEN,NO,NO,NO,PASS
https://echobuddha.com/quotes/meditation/follow-the-breath-lightly-as-you-would-listen-to/,/quotes/meditation/follow-the-breath-lightly-as-you-would-listen-to/,QUOTE,NOINDEX_USER_PAGE_200,YES,"Original Meditation Reflection: Follow the breath lightly, as... | Echo Buddha","Original Meditation Reflection: Follow the breath lightly, as...",598,2872,0,NEVER_MONETIZE,NOT_SCORED,SEO_P3_LIMITED,NOT_CORNERSTONE,T1_LOW_TEMPLATE_RISK,100%_AUTOMATED_SEMANTIC_SCREEN,NO,NO,NO,PASS
https://echobuddha.com/quotes/meditation/meditation-is-not-leaving-life-it-is-learning-how/,/quotes/meditation/meditation-is-not-leaving-life-it-is-learning-how/,QUOTE,NOINDEX_USER_PAGE_200,YES,Original Meditation Reflection: Meditation is not leaving life;... | Echo Buddha,Original Meditation Reflection: Meditation is not leaving life;...,610,2915,0,NEVER_MONETIZE,NOT_SCORED,SEO_P2_EMERGING,NOT_CORNERSTONE,T1_LOW_TEMPLATE_RISK,100%_AUTOMATED_SEMANTIC_SCREEN,NO,NO,NO,PASS
https://echobuddha.com/quotes/meditation/meditation-is-returning/,/quotes/meditation/meditation-is-returning/,QUOTE,NOINDEX_USER_PAGE_200,YES,Meditation Quote for Beginners: Meditation Is Returning | Echo Buddha,Meditation Quote for Beginners: Meditation Is Returning,794,4121,0,NEVER_MONETIZE,43,SEO_P3_LIMITED,NOT_CORNERSTONE,T1_LOW_TEMPLATE_RISK,100%_AUTOMATED_SEMANTIC_SCREEN,NO,NO,NO,PASS
https://echobuddha.com/quotes/meditation/one-honest-breath/,/quotes/meditation/one-honest-breath/,QUOTE,NOINDEX_USER_PAGE_200,YES,Mindful Breathing Quote: One Honest Breath | Echo Buddha,Mindful Breathing Quote: One Honest Breath,812,4058,0,NEVER_MONETIZE,43,SEO_P3_LIMITED,NOT_CORNERSTONE,T1_LOW_TEMPLATE_RISK,100%_AUTOMATED_SEMANTIC_SCREEN,NO,NO,NO,PASS
https://echobuddha.com/quotes/meditation/silence-is-not-empty-when-the-heart-is-listening/,/quotes/meditation/silence-is-not-empty-when-the-heart-is-listening/,QUOTE,NOINDEX_USER_PAGE_200,YES,Original Meditation Reflection: Silence is not empty when... | Echo Buddha,Original Meditation Reflection: Silence is not empty when...,599,2867,0,NEVER_MONETIZE,NOT_SCORED,SEO_P2_EMERGING,NOT_CORNERSTONE,T1_LOW_TEMPLATE_RISK,100%_AUTOMATED_SEMANTIC_SCREEN,NO,NO,NO,PASS
https://echobuddha.com/quotes/meditation/sit-with-the-day-as-it-is-before-asking/,/quotes/meditation/sit-with-the-day-as-it-is-before-asking/,QUOTE,NOINDEX_USER_PAGE_200,YES,Original Meditation Reflection: Sit with the day as... | Echo Buddha,Original Meditation Reflection: Sit with the day as...,609,2865,0,NEVER_MONETIZE,NOT_SCORED,SEO_P2_EMERGING,NOT_CORNERSTONE,T1_LOW_TEMPLATE_RISK,100%_AUTOMATED_SEMANTIC_SCREEN,NO,NO,NO,PASS
https://echobuddha.com/quotes/meditation/sit-without-demanding-silence-and-the-mind-will-teach/,/quotes/meditation/sit-without-demanding-silence-and-the-mind-will-teach/,QUOTE,NOINDEX_USER_PAGE_200,YES,"Original Meditation Reflection: Sit without demanding silence, and... | Echo Buddha","Original Meditation Reflection: Sit without demanding silence, and...",612,2961,0,NEVER_MONETIZE,NOT_SCORED,SEO_P3_LIMITED,NOT_CORNERSTONE,T1_LOW_TEMPLATE_RISK,100%_AUTOMATED_SEMANTIC_SCREEN,NO,NO,NO,PASS
https://echobuddha.com/quotes/meditation/the-bell-fades-but-careful-listening-can-continue/,/quotes/meditation/the-bell-fades-but-careful-listening-can-continue/,QUOTE,NOINDEX_USER_PAGE_200,YES,"Original Meditation Reflection: The bell fades, but careful... | Echo Buddha","Original Meditation Reflection: The bell fades, but careful...",594,2856,0,NEVER_MONETIZE,NOT_SCORED,SEO_P3_LIMITED,NOT_CORNERSTONE,T1_LOW_TEMPLATE_RISK,100%_AUTOMATED_SEMANTIC_SCREEN,NO,NO,NO,PASS
https://echobuddha.com/quotes/meditation/the-cushion-is-a-place-to-practice-returning-not/,/quotes/meditation/the-cushion-is-a-place-to-practice-returning-not/,QUOTE,NOINDEX_USER_PAGE_200,YES,Original Meditation Reflection: The cushion is a place... | Echo Buddha,Original Meditation Reflection: The cushion is a place...,615,2925,0,NEVER_MONETIZE,NOT_SCORED,SEO_P3_LIMITED,NOT_CORNERSTONE,T1_LOW_TEMPLATE_RISK,100%_AUTOMATED_SEMANTIC_SCREEN,NO,NO,NO,PASS
https://echobuddha.com/quotes/meditation/when-stillness-feels-impossible-begin-by-noticing-the-restlessness/,/quotes/meditation/when-stillness-feels-impossible-begin-by-noticing-the-restlessness/,QUOTE,NOINDEX_USER_PAGE_200,YES,"Original Meditation Reflection: When stillness feels impossible, begin... | Echo Buddha","Original Meditation Reflection: When stillness feels impossible, begin...",601,2959,0,NEVER_MONETIZE,NOT_SCORED,SEO_P2_EMERGING,NOT_CORNERSTONE,T1_LOW_TEMPLATE_RISK,100%_AUTOMATED_SEMANTIC_SCREEN,NO,NO,NO,PASS
https://echobuddha.com/quotes/mindfulness/,/quotes/mindfulness/,QUOTE,INDEXABLE_CANONICAL_200,YES,Original Mindfulness Quotes Inspired by Buddhist Practice | Echo Buddha,Original Mindfulness Quotes,724,3663,0,NEVER_MONETIZE,52,SEO_P1_HIGH,NOT_PHASE_6_CORNERSTONE,NOT_CLASSIFIED,FULL_SEO_P0_P1|FULL_INDEXABLE_QUOTE_CATEGORY,NO,NO,NO,PASS
https://echobuddha.com/quotes/mindfulness/a-peaceful-mind-begins-with-one-honest-breath/,/quotes/mindfulness/a-peaceful-mind-begins-with-one-honest-breath/,QUOTE,NOINDEX_USER_PAGE_200,YES,Original Mindfulness Reflection: A peaceful mind begins with... | Echo Buddha,Original Mindfulness Reflection: A peaceful mind begins with...,603,2853,0,NEVER_MONETIZE,NOT_SCORED,SEO_P2_EMERGING,NOT_CORNERSTONE,T1_LOW_TEMPLATE_RISK,100%_AUTOMATED_SEMANTIC_SCREEN,NO,NO,NO,PASS
https://echobuddha.com/quotes/mindfulness/a-wandering-mind-is-not-a-failed-mind-it/,/quotes/mindfulness/a-wandering-mind-is-not-a-failed-mind-it/,QUOTE,NOINDEX_USER_PAGE_200,YES,Original Mindfulness Reflection: A wandering mind is not... | Echo Buddha,Original Mindfulness Reflection: A wandering mind is not...,624,2909,0,NEVER_MONETIZE,NOT_SCORED,SEO_P3_LIMITED,NOT_CORNERSTONE,T1_LOW_TEMPLATE_RISK,100%_AUTOMATED_SEMANTIC_SCREEN,NO,NO,NO,PASS
https://echobuddha.com/quotes/mindfulness/awareness-begins-when-hurry-loosens-its-hold/,/quotes/mindfulness/awareness-begins-when-hurry-loosens-its-hold/,QUOTE,NOINDEX_USER_PAGE_200,YES,Original Mindfulness Reflection: Awareness begins when hurry loosens... | Echo Buddha,Original Mindfulness Reflection: Awareness begins when hurry loosens...,586,2819,0,NEVER_MONETIZE,NOT_SCORED,SEO_P3_LIMITED,NOT_CORNERSTONE,T1_LOW_TEMPLATE_RISK,100%_AUTOMATED_SEMANTIC_SCREEN,NO,NO,NO,PASS
https://echobuddha.com/quotes/mindfulness/begin-the-day-with-awareness/,/quotes/mindfulness/begin-the-day-with-awareness/,QUOTE,NOINDEX_USER_PAGE_200,YES,Mindfulness Quote for Daily Life: Begin the Day With Awareness | Echo Buddha,Mindfulness Quote for Daily Life: Begin the Day With Awareness,855,4310,0,NEVER_MONETIZE,45,SEO_P3_LIMITED,NOT_CORNERSTONE,T1_LOW_TEMPLATE_RISK,100%_AUTOMATED_SEMANTIC_SCREEN,NO,NO,NO,PASS
https://echobuddha.com/quotes/mindfulness/give-one-ordinary-task-the-dignity-of-your-full/,/quotes/mindfulness/give-one-ordinary-task-the-dignity-of-your-full/,QUOTE,NOINDEX_USER_PAGE_200,YES,Original Mindfulness Reflection: Give one ordinary task the... | Echo Buddha,Original Mindfulness Reflection: Give one ordinary task the...,596,2863,0,NEVER_MONETIZE,NOT_SCORED,SEO_P3_LIMITED,NOT_CORNERSTONE,T1_LOW_TEMPLATE_RISK,100%_AUTOMATED_SEMANTIC_SCREEN,NO,NO,NO,PASS
https://echobuddha.com/quotes/mindfulness/gratitude-notices-enough/,/quotes/mindfulness/gratitude-notices-enough/,QUOTE,NOINDEX_USER_PAGE_200,YES,Gratitude Mindfulness Quote: Noticing Enough | Echo Buddha,Gratitude Mindfulness Quote: Noticing Enough,764,3895,0,NEVER_MONETIZE,43,SEO_P3_LIMITED,NOT_CORNERSTONE,T1_LOW_TEMPLATE_RISK,100%_AUTOMATED_SEMANTIC_SCREEN,NO,NO,NO,PASS
https://echobuddha.com/quotes/mindfulness/ground-yourself-gently/,/quotes/mindfulness/ground-yourself-gently/,QUOTE,NOINDEX_USER_PAGE_200,YES,Mindfulness Quote for Anxiety: Ground Yourself Gently | Echo Buddha,Mindfulness Quote for Anxiety: Ground Yourself Gently,781,3953,0,NEVER_MONETIZE,43,SEO_P3_LIMITED,NOT_CORNERSTONE,T1_LOW_TEMPLATE_RISK,100%_AUTOMATED_SEMANTIC_SCREEN,NO,NO,NO,PASS
https://echobuddha.com/quotes/mindfulness/listen-before-answering/,/quotes/mindfulness/listen-before-answering/,QUOTE,NOINDEX_USER_PAGE_200,YES,Mindful Listening Quote: Listen Before Answering | Echo Buddha,Mindful Listening Quote: Listen Before Answering,780,4031,0,NEVER_MONETIZE,43,SEO_P2_EMERGING,NOT_CORNERSTONE,T1_LOW_TEMPLATE_RISK,100%_AUTOMATED_SEMANTIC_SCREEN,NO,NO,NO,PASS
https://echobuddha.com/quotes/mindfulness/listen-to-the-moment-before-filling-it-with-your/,/quotes/mindfulness/listen-to-the-moment-before-filling-it-with-your/,QUOTE,NOINDEX_USER_PAGE_200,YES,Original Mindfulness Reflection: Listen to the moment before... | Echo Buddha,Original Mindfulness Reflection: Listen to the moment before...,607,2872,0,NEVER_MONETIZE,NOT_SCORED,SEO_P2_EMERGING,NOT_CORNERSTONE,T1_LOW_TEMPLATE_RISK,100%_AUTOMATED_SEMANTIC_SCREEN,NO,NO,NO,PASS
https://echobuddha.com/quotes/mindfulness/notice-what-is-here-before-deciding-what-it-means/,/quotes/mindfulness/notice-what-is-here-before-deciding-what-it-means/,QUOTE,NOINDEX_USER_PAGE_200,YES,Original Mindfulness Reflection: Notice what is here before... | Echo Buddha,Original Mindfulness Reflection: Notice what is here before...,591,2812,0,NEVER_MONETIZE,NOT_SCORED,SEO_P3_LIMITED,NOT_CORNERSTONE,T1_LOW_TEMPLATE_RISK,100%_AUTOMATED_SEMANTIC_SCREEN,NO,NO,NO,PASS
https://echobuddha.com/quotes/mindfulness/one-mindful-pause-can-change-the-direction-of-an/,/quotes/mindfulness/one-mindful-pause-can-change-the-direction-of-an/,QUOTE,NOINDEX_USER_PAGE_200,YES,Original Mindfulness Reflection: One mindful pause can change... | Echo Buddha,Original Mindfulness Reflection: One mindful pause can change...,601,2882,0,NEVER_MONETIZE,NOT_SCORED,SEO_P2_EMERGING,NOT_CORNERSTONE,T1_LOW_TEMPLATE_RISK,100%_AUTOMATED_SEMANTIC_SCREEN,NO,NO,NO,PASS
https://echobuddha.com/quotes/mindfulness/peace-begins-with-attention/,/quotes/mindfulness/peace-begins-with-attention/,QUOTE,NOINDEX_USER_PAGE_200,YES,Inner Peace Buddhist Quote: Peace Begins With Attention | Echo Buddha,Inner Peace Buddhist Quote: Peace Begins With Attention,808,4149,0,NEVER_MONETIZE,43,SEO_P3_LIMITED,NOT_CORNERSTONE,T1_LOW_TEMPLATE_RISK,100%_AUTOMATED_SEMANTIC_SCREEN,NO,NO,NO,PASS
https://echobuddha.com/quotes/mindfulness/peace-grows-when-attention-stops-running-ahead-of-the/,/quotes/mindfulness/peace-grows-when-attention-stops-running-ahead-of-the/,QUOTE,NOINDEX_USER_PAGE_200,YES,Original Mindfulness Reflection: Peace grows when attention stops... | Echo Buddha,Original Mindfulness Reflection: Peace grows when attention stops...,594,2855,0,NEVER_MONETIZE,NOT_SCORED,SEO_P3_LIMITED,NOT_CORNERSTONE,T1_LOW_TEMPLATE_RISK,100%_AUTOMATED_SEMANTIC_SCREEN,NO,NO,NO,PASS
https://echobuddha.com/quotes/mindfulness/present-moment-one-step/,/quotes/mindfulness/present-moment-one-step/,QUOTE,NOINDEX_USER_PAGE_200,YES,"Present Moment Quote: One Breath, One Sound, One Step | Echo Buddha","Present Moment Quote: One Breath, One Sound, One Step",788,3881,0,NEVER_MONETIZE,43,SEO_P3_LIMITED,NOT_CORNERSTONE,T1_LOW_TEMPLATE_RISK,100%_AUTOMATED_SEMANTIC_SCREEN,NO,NO,NO,PASS
https://echobuddha.com/quotes/mindfulness/return-to-the-breath-before-you-return-to-the/,/quotes/mindfulness/return-to-the-breath-before-you-return-to-the/,QUOTE,NOINDEX_USER_PAGE_200,YES,Original Mindfulness Reflection: Return to the breath before... | Echo Buddha,Original Mindfulness Reflection: Return to the breath before...,602,2864,0,NEVER_MONETIZE,NOT_SCORED,SEO_P3_LIMITED,NOT_CORNERSTONE,T1_LOW_TEMPLATE_RISK,100%_AUTOMATED_SEMANTIC_SCREEN,NO,NO,NO,PASS
https://echobuddha.com/quotes/mindfulness/the-more-clearly-you-notice-life-the-less-carelessly/,/quotes/mindfulness/the-more-clearly-you-notice-life-the-less-carelessly/,QUOTE,NOINDEX_USER_PAGE_200,YES,Original Mindfulness Reflection: The more clearly you notice... | Echo Buddha,Original Mindfulness Reflection: The more clearly you notice...,610,2926,0,NEVER_MONETIZE,NOT_SCORED,SEO_P3_LIMITED,NOT_CORNERSTONE,T1_LOW_TEMPLATE_RISK,100%_AUTOMATED_SEMANTIC_SCREEN,NO,NO,NO,PASS
https://echobuddha.com/quotes/mindfulness/the-present-moment-asks-for-your-attention-not-your/,/quotes/mindfulness/the-present-moment-asks-for-your-attention-not-your/,QUOTE,NOINDEX_USER_PAGE_200,YES,Original Mindfulness Reflection: The present moment asks for... | Echo Buddha,Original Mindfulness Reflection: The present moment asks for...,599,2894,0,NEVER_MONETIZE,NOT_SCORED,SEO_P3_LIMITED,NOT_CORNERSTONE,T1_LOW_TEMPLATE_RISK,100%_AUTOMATED_SEMANTIC_SCREEN,NO,NO,NO,PASS
https://echobuddha.com/quotes/patience/,/quotes/patience/,QUOTE,INDEXABLE_CANONICAL_200,YES,Original Patience Quotes Inspired by Buddhist Practice | Echo Buddha,Original Patience Quotes,723,3614,0,NEVER_MONETIZE,52,SEO_P1_HIGH,NOT_PHASE_6_CORNERSTONE,NOT_CLASSIFIED,FULL_SEO_P0_P1|FULL_INDEXABLE_QUOTE_CATEGORY,NO,NO,NO,PASS
https://echobuddha.com/quotes/patience/a-difficult-moment-becomes-heavier-when-we-demand-that/,/quotes/patience/a-difficult-moment-becomes-heavier-when-we-demand-that/,QUOTE,NOINDEX_USER_PAGE_200,YES,Original Patience Reflection: A difficult moment becomes heavier... | Echo Buddha,Original Patience Reflection: A difficult moment becomes heavier...,613,2932,0,NEVER_MONETIZE,NOT_SCORED,SEO_P3_LIMITED,NOT_CORNERSTONE,T1_LOW_TEMPLATE_RISK,100%_AUTOMATED_SEMANTIC_SCREEN,NO,NO,NO,PASS
https://echobuddha.com/quotes/patience/be-patient-with-the-part-of-you-that-is/,/quotes/patience/be-patient-with-the-part-of-you-that-is/,QUOTE,NOINDEX_USER_PAGE_200,YES,Original Patience Reflection: Be patient with the part... | Echo Buddha,Original Patience Reflection: Be patient with the part...,622,2928,0,NEVER_MONETIZE,NOT_SCORED,SEO_P3_LIMITED,NOT_CORNERSTONE,T1_LOW_TEMPLATE_RISK,100%_AUTOMATED_SEMANTIC_SCREEN,NO,NO,NO,PASS
https://echobuddha.com/quotes/patience/family-kindness-and-patience/,/quotes/patience/family-kindness-and-patience/,QUOTE,NOINDEX_USER_PAGE_200,YES,Kindness in Family Quote: Patience With People Close to Us | Echo Buddha,Kindness in Family Quote: Patience With People Close to Us,788,4004,0,NEVER_MONETIZE,43,SEO_P3_LIMITED,NOT_CORNERSTONE,T1_LOW_TEMPLATE_RISK,100%_AUTOMATED_SEMANTIC_SCREEN,NO,NO,NO,PASS
https://echobuddha.com/quotes/patience/growth-is-quiet-work-often-invisible-until-the-season/,/quotes/patience/growth-is-quiet-work-often-invisible-until-the-season/,QUOTE,NOINDEX_USER_PAGE_200,YES,"Original Patience Reflection: Growth is quiet work, often... | Echo Buddha","Original Patience Reflection: Growth is quiet work, often...",601,2873,0,NEVER_MONETIZE,NOT_SCORED,SEO_P3_LIMITED,NOT_CORNERSTONE,T1_LOW_TEMPLATE_RISK,100%_AUTOMATED_SEMANTIC_SCREEN,NO,NO,NO,PASS
https://echobuddha.com/quotes/patience/not-every-delay-is-an-obstacle-some-are-invitations/,/quotes/patience/not-every-delay-is-an-obstacle-some-are-invitations/,QUOTE,NOINDEX_USER_PAGE_200,YES,Original Patience Reflection: Not every delay is an... | Echo Buddha,Original Patience Reflection: Not every delay is an...,614,2876,0,NEVER_MONETIZE,NOT_SCORED,SEO_P3_LIMITED,NOT_CORNERSTONE,T1_LOW_TEMPLATE_RISK,100%_AUTOMATED_SEMANTIC_SCREEN,NO,NO,NO,PASS
https://echobuddha.com/quotes/patience/patience-is-the-strength-to-remain-present-while-life/,/quotes/patience/patience-is-the-strength-to-remain-present-while-life/,QUOTE,NOINDEX_USER_PAGE_200,YES,Original Patience Reflection: Patience is the strength to... | Echo Buddha,Original Patience Reflection: Patience is the strength to...,623,2926,0,NEVER_MONETIZE,NOT_SCORED,SEO_P3_LIMITED,NOT_CORNERSTONE,T1_LOW_TEMPLATE_RISK,100%_AUTOMATED_SEMANTIC_SCREEN,NO,NO,NO,PASS
https://echobuddha.com/quotes/patience/patience-makes-room-for-truth-to-arrive-without-force/,/quotes/patience/patience-makes-room-for-truth-to-arrive-without-force/,QUOTE,NOINDEX_USER_PAGE_200,YES,Original Patience Reflection: Patience makes room for truth... | Echo Buddha,Original Patience Reflection: Patience makes room for truth...,598,2833,0,NEVER_MONETIZE,NOT_SCORED,SEO_P3_LIMITED,NOT_CORNERSTONE,T1_LOW_TEMPLATE_RISK,100%_AUTOMATED_SEMANTIC_SCREEN,NO,NO,NO,PASS
https://echobuddha.com/quotes/patience/patience-softens-the-wait/,/quotes/patience/patience-softens-the-wait/,QUOTE,NOINDEX_USER_PAGE_200,YES,Patience Buddhist Quote: Softening During Delay | Echo Buddha,Patience Buddhist Quote: Softening During Delay,780,3942,0,NEVER_MONETIZE,43,SEO_P3_LIMITED,NOT_CORNERSTONE,T1_LOW_TEMPLATE_RISK,100%_AUTOMATED_SEMANTIC_SCREEN,NO,NO,NO,PASS
https://echobuddha.com/quotes/patience/some-answers-become-clear-only-after-the-mind-stops/,/quotes/patience/some-answers-become-clear-only-after-the-mind-stops/,QUOTE,NOINDEX_USER_PAGE_200,YES,Original Patience Reflection: Some answers become clear only... | Echo Buddha,Original Patience Reflection: Some answers become clear only...,612,2900,0,NEVER_MONETIZE,NOT_SCORED,SEO_P3_LIMITED,NOT_CORNERSTONE,T1_LOW_TEMPLATE_RISK,100%_AUTOMATED_SEMANTIC_SCREEN,NO,NO,NO,PASS
https://echobuddha.com/quotes/patience/stay-gentle-with-beginnings-they-are-carrying-more-than/,/quotes/patience/stay-gentle-with-beginnings-they-are-carrying-more-than/,QUOTE,NOINDEX_USER_PAGE_200,YES,Original Patience Reflection: Stay gentle with beginnings; they... | Echo Buddha,Original Patience Reflection: Stay gentle with beginnings; they...,608,2891,0,NEVER_MONETIZE,NOT_SCORED,SEO_P3_LIMITED,NOT_CORNERSTONE,T1_LOW_TEMPLATE_RISK,100%_AUTOMATED_SEMANTIC_SCREEN,NO,NO,NO,PASS
https://echobuddha.com/quotes/patience/the-path-unfolds-at-the-pace-of-sincere-practice/,/quotes/patience/the-path-unfolds-at-the-pace-of-sincere-practice/,QUOTE,NOINDEX_USER_PAGE_200,YES,Original Patience Reflection: The path unfolds at the... | Echo Buddha,Original Patience Reflection: The path unfolds at the...,622,2942,0,NEVER_MONETIZE,NOT_SCORED,SEO_P3_LIMITED,NOT_CORNERSTONE,T1_LOW_TEMPLATE_RISK,100%_AUTOMATED_SEMANTIC_SCREEN,NO,NO,NO,PASS
https://echobuddha.com/quotes/patience/wait-long-enough-for-the-first-reaction-to-become/,/quotes/patience/wait-long-enough-for-the-first-reaction-to-become/,QUOTE,NOINDEX_USER_PAGE_200,YES,Original Patience Reflection: Wait long enough for the... | Echo Buddha,Original Patience Reflection: Wait long enough for the...,610,2874,0,NEVER_MONETIZE,NOT_SCORED,SEO_P3_LIMITED,NOT_CORNERSTONE,T1_LOW_TEMPLATE_RISK,100%_AUTOMATED_SEMANTIC_SCREEN,NO,NO,NO,PASS
https://echobuddha.com/quotes/patience/when-anger-rises-pause-long-enough-to-see-the/,/quotes/patience/when-anger-rises-pause-long-enough-to-see-the/,QUOTE,NOINDEX_USER_PAGE_200,YES,"Original Patience Reflection: When anger rises, pause long... | Echo Buddha","Original Patience Reflection: When anger rises, pause long...",608,2854,0,NEVER_MONETIZE,NOT_SCORED,SEO_P2_EMERGING,NOT_CORNERSTONE,T1_LOW_TEMPLATE_RISK,100%_AUTOMATED_SEMANTIC_SCREEN,NO,NO,NO,PASS
https://echobuddha.com/quotes/practice/,/quotes/practice/,QUOTE,INDEXABLE_CANONICAL_200,YES,Original Practice Quotes Inspired by Buddhist Practice | Echo Buddha,Original Practice Quotes,675,3372,0,NEVER_MONETIZE,50,SEO_P1_HIGH,NOT_PHASE_6_CORNERSTONE,NOT_CLASSIFIED,FULL_SEO_P0_P1|FULL_INDEXABLE_QUOTE_CATEGORY,NO,NO,NO,PASS
https://echobuddha.com/quotes/practice/a-peaceful-life-is-built-from-peaceful-moments-practiced/,/quotes/practice/a-peaceful-life-is-built-from-peaceful-moments-practiced/,QUOTE,NOINDEX_USER_PAGE_200,YES,Original Practice Reflection: A peaceful life is built... | Echo Buddha,Original Practice Reflection: A peaceful life is built...,593,2839,0,NEVER_MONETIZE,NOT_SCORED,SEO_P3_LIMITED,NOT_CORNERSTONE,T1_LOW_TEMPLATE_RISK,100%_AUTOMATED_SEMANTIC_SCREEN,NO,NO,NO,PASS
https://echobuddha.com/quotes/practice/begin-with-what-is-possible-then-return-tomorrow/,/quotes/practice/begin-with-what-is-possible-then-return-tomorrow/,QUOTE,NOINDEX_USER_PAGE_200,YES,"Original Practice Reflection: Begin with what is possible,... | Echo Buddha","Original Practice Reflection: Begin with what is possible,...",587,2765,0,NEVER_MONETIZE,NOT_SCORED,SEO_P3_LIMITED,NOT_CORNERSTONE,T1_LOW_TEMPLATE_RISK,100%_AUTOMATED_SEMANTIC_SCREEN,NO,NO,NO,PASS
https://echobuddha.com/quotes/practice/bring-the-teaching-into-the-place-where-you-are/,/quotes/practice/bring-the-teaching-into-the-place-where-you-are/,QUOTE,NOINDEX_USER_PAGE_200,YES,Original Practice Reflection: Bring the teaching into the... | Echo Buddha,Original Practice Reflection: Bring the teaching into the...,598,2842,0,NEVER_MONETIZE,NOT_SCORED,SEO_P3_LIMITED,NOT_CORNERSTONE,T1_LOW_TEMPLATE_RISK,100%_AUTOMATED_SEMANTIC_SCREEN,NO,NO,NO,PASS
https://echobuddha.com/quotes/practice/daily-practice-turns-understanding-from-an-idea-into-a/,/quotes/practice/daily-practice-turns-understanding-from-an-idea-into-a/,QUOTE,NOINDEX_USER_PAGE_200,YES,Original Practice Reflection: Daily practice turns understanding from... | Echo Buddha,Original Practice Reflection: Daily practice turns understanding from...,611,2899,0,NEVER_MONETIZE,NOT_SCORED,SEO_P3_LIMITED,NOT_CORNERSTONE,T1_LOW_TEMPLATE_RISK,100%_AUTOMATED_SEMANTIC_SCREEN,NO,NO,NO,PASS
https://echobuddha.com/quotes/practice/do-not-wait-to-feel-ready-before-choosing-what/,/quotes/practice/do-not-wait-to-feel-ready-before-choosing-what/,QUOTE,NOINDEX_USER_PAGE_200,YES,Original Practice Reflection: Do not wait to feel... | Echo Buddha,Original Practice Reflection: Do not wait to feel...,595,2765,0,NEVER_MONETIZE,NOT_SCORED,SEO_P3_LIMITED,NOT_CORNERSTONE,T1_LOW_TEMPLATE_RISK,100%_AUTOMATED_SEMANTIC_SCREEN,NO,NO,NO,PASS
https://echobuddha.com/quotes/practice/eightfold-path-daily-choices/,/quotes/practice/eightfold-path-daily-choices/,QUOTE,NOINDEX_USER_PAGE_200,YES,Eightfold Path Quote: Daily Practice in Small Choices | Echo Buddha,Eightfold Path Quote: Daily Practice in Small Choices,759,3859,0,NEVER_MONETIZE,43,SEO_P3_LIMITED,NOT_CORNERSTONE,T1_LOW_TEMPLATE_RISK,100%_AUTOMATED_SEMANTIC_SCREEN,NO,NO,NO,PASS
https://echobuddha.com/quotes/practice/mindfulness-at-work-breath/,/quotes/practice/mindfulness-at-work-breath/,QUOTE,NOINDEX_USER_PAGE_200,YES,Mindfulness at Work Quote: Bring Awareness Into Daily Work | Echo Buddha,Mindfulness at Work Quote: Bring Awareness Into Daily Work,758,3811,0,NEVER_MONETIZE,43,SEO_P3_LIMITED,NOT_CORNERSTONE,T1_LOW_TEMPLATE_RISK,100%_AUTOMATED_SEMANTIC_SCREEN,NO,NO,NO,PASS
https://echobuddha.com/quotes/practice/practice-becomes-real-when-it-enters-your-speech-and/,/quotes/practice/practice-becomes-real-when-it-enters-your-speech-and/,QUOTE,NOINDEX_USER_PAGE_200,YES,Original Practice Reflection: Practice becomes real when it... | Echo Buddha,Original Practice Reflection: Practice becomes real when it...,596,2825,0,NEVER_MONETIZE,NOT_SCORED,SEO_P3_LIMITED,NOT_CORNERSTONE,T1_LOW_TEMPLATE_RISK,100%_AUTOMATED_SEMANTIC_SCREEN,NO,NO,NO,PASS
https://echobuddha.com/quotes/practice/right-intention-turns-the-heart/,/quotes/practice/right-intention-turns-the-heart/,QUOTE,NOINDEX_USER_PAGE_200,YES,Right Intention Quote: Choosing the Direction of the Heart | Echo Buddha,Right Intention Quote: Choosing the Direction of the Heart,764,3820,0,NEVER_MONETIZE,43,SEO_P3_LIMITED,NOT_CORNERSTONE,T1_LOW_TEMPLATE_RISK,100%_AUTOMATED_SEMANTIC_SCREEN,NO,NO,NO,PASS
https://echobuddha.com/quotes/practice/small-actions-shape-the-mind/,/quotes/practice/small-actions-shape-the-mind/,QUOTE,NOINDEX_USER_PAGE_200,YES,Daily Buddhist Practice Quote: Small Actions Shape the Mind | Echo Buddha,Daily Buddhist Practice Quote: Small Actions Shape the Mind,780,4007,0,NEVER_MONETIZE,43,SEO_P3_LIMITED,NOT_CORNERSTONE,T1_LOW_TEMPLATE_RISK,100%_AUTOMATED_SEMANTIC_SCREEN,NO,NO,NO,PASS
https://echobuddha.com/quotes/practice/the-path-is-not-far-away-it-is-the/,/quotes/practice/the-path-is-not-far-away-it-is-the/,QUOTE,NOINDEX_USER_PAGE_200,YES,Original Practice Reflection: The path is not far... | Echo Buddha,Original Practice Reflection: The path is not far...,596,2762,0,NEVER_MONETIZE,NOT_SCORED,SEO_P2_EMERGING,NOT_CORNERSTONE,T1_LOW_TEMPLATE_RISK,100%_AUTOMATED_SEMANTIC_SCREEN,NO,NO,NO,PASS
https://echobuddha.com/quotes/practice/the-path-is-shaped-by-what-you-repeat-when/,/quotes/practice/the-path-is-shaped-by-what-you-repeat-when/,QUOTE,NOINDEX_USER_PAGE_200,YES,Original Practice Reflection: The path is shaped by... | Echo Buddha,Original Practice Reflection: The path is shaped by...,604,2795,0,NEVER_MONETIZE,NOT_SCORED,SEO_P3_LIMITED,NOT_CORNERSTONE,T1_LOW_TEMPLATE_RISK,100%_AUTOMATED_SEMANTIC_SCREEN,NO,NO,NO,PASS
https://echobuddha.com/quotes/practice/the-smallest-wholesome-action-is-larger-than-the-finest/,/quotes/practice/the-smallest-wholesome-action-is-larger-than-the-finest/,QUOTE,NOINDEX_USER_PAGE_200,YES,Original Practice Reflection: The smallest wholesome action is... | Echo Buddha,Original Practice Reflection: The smallest wholesome action is...,594,2874,0,NEVER_MONETIZE,NOT_SCORED,SEO_P3_LIMITED,NOT_CORNERSTONE,T1_LOW_TEMPLATE_RISK,100%_AUTOMATED_SEMANTIC_SCREEN,NO,NO,NO,PASS
https://echobuddha.com/quotes/practice/walk-slowly-enough-to-notice-where-your-life-is/,/quotes/practice/walk-slowly-enough-to-notice-where-your-life-is/,QUOTE,NOINDEX_USER_PAGE_200,YES,Original Practice Reflection: Walk slowly enough to notice... | Echo Buddha,Original Practice Reflection: Walk slowly enough to notice...,605,2861,0,NEVER_MONETIZE,NOT_SCORED,SEO_P3_LIMITED,NOT_CORNERSTONE,T1_LOW_TEMPLATE_RISK,100%_AUTOMATED_SEMANTIC_SCREEN,NO,NO,NO,PASS
https://echobuddha.com/quotes/practice/your-next-response-is-always-part-of-the-path/,/quotes/practice/your-next-response-is-always-part-of-the-path/,QUOTE,NOINDEX_USER_PAGE_200,YES,Original Practice Reflection: Your next response is always... | Echo Buddha,Original Practice Reflection: Your next response is always...,586,2759,0,NEVER_MONETIZE,NOT_SCORED,SEO_P2_EMERGING,NOT_CORNERSTONE,T1_LOW_TEMPLATE_RISK,100%_AUTOMATED_SEMANTIC_SCREEN,NO,NO,NO,PASS
https://echobuddha.com/quotes/renewal/,/quotes/renewal/,QUOTE,INDEXABLE_CANONICAL_200,YES,Original Renewal Quotes Inspired by Buddhist Practice | Echo Buddha,Original Renewal Quotes,663,3266,0,NEVER_MONETIZE,49,SEO_P2_EMERGING,NOT_PHASE_6_CORNERSTONE,NOT_CLASSIFIED,FULL_INDEXABLE_QUOTE_CATEGORY,NO,NO,NO,PASS
https://echobuddha.com/quotes/renewal/a-mistake-becomes-a-teacher-when-honesty-enters-the/,/quotes/renewal/a-mistake-becomes-a-teacher-when-honesty-enters-the/,QUOTE,NOINDEX_USER_PAGE_200,YES,Original Renewal Reflection: A mistake becomes a teacher... | Echo Buddha,Original Renewal Reflection: A mistake becomes a teacher...,584,2750,0,NEVER_MONETIZE,NOT_SCORED,SEO_P3_LIMITED,NOT_CORNERSTONE,T1_LOW_TEMPLATE_RISK,100%_AUTOMATED_SEMANTIC_SCREEN,NO,NO,NO,PASS
https://echobuddha.com/quotes/renewal/a-new-direction-can-start-with-one-different-choice/,/quotes/renewal/a-new-direction-can-start-with-one-different-choice/,QUOTE,NOINDEX_USER_PAGE_200,YES,Original Renewal Reflection: A new direction can start... | Echo Buddha,Original Renewal Reflection: A new direction can start...,577,2735,0,NEVER_MONETIZE,NOT_SCORED,SEO_P3_LIMITED,NOT_CORNERSTONE,T1_LOW_TEMPLATE_RISK,100%_AUTOMATED_SEMANTIC_SCREEN,NO,NO,NO,PASS
https://echobuddha.com/quotes/renewal/begin-again-gently-the-breath-is-always-willing/,/quotes/renewal/begin-again-gently-the-breath-is-always-willing/,QUOTE,NOINDEX_USER_PAGE_200,YES,Original Renewal Reflection: Begin again gently; the breath... | Echo Buddha,Original Renewal Reflection: Begin again gently; the breath...,581,2750,0,NEVER_MONETIZE,NOT_SCORED,SEO_P2_EMERGING,NOT_CORNERSTONE,T1_LOW_TEMPLATE_RISK,100%_AUTOMATED_SEMANTIC_SCREEN,NO,NO,NO,PASS
https://echobuddha.com/quotes/renewal/begin-again-without-shame/,/quotes/renewal/begin-again-without-shame/,QUOTE,NOINDEX_USER_PAGE_200,YES,Renewal Mindfulness Quote: Begin Again Without Shame | Echo Buddha,Renewal Mindfulness Quote: Begin Again Without Shame,743,3754,0,NEVER_MONETIZE,43,SEO_P3_LIMITED,NOT_CORNERSTONE,T1_LOW_TEMPLATE_RISK,100%_AUTOMATED_SEMANTIC_SCREEN,NO,NO,NO,PASS
https://echobuddha.com/quotes/renewal/begin-again-without-turning-yesterday-into-a-sentence/,/quotes/renewal/begin-again-without-turning-yesterday-into-a-sentence/,QUOTE,NOINDEX_USER_PAGE_200,YES,Original Renewal Reflection: Begin again without turning yesterday... | Echo Buddha,Original Renewal Reflection: Begin again without turning yesterday...,573,2762,0,NEVER_MONETIZE,NOT_SCORED,SEO_P3_LIMITED,NOT_CORNERSTONE,T1_LOW_TEMPLATE_RISK,100%_AUTOMATED_SEMANTIC_SCREEN,NO,NO,NO,PASS
https://echobuddha.com/quotes/renewal/do-not-confuse-an-old-pattern-with-an-unchangeable/,/quotes/renewal/do-not-confuse-an-old-pattern-with-an-unchangeable/,QUOTE,NOINDEX_USER_PAGE_200,YES,Original Renewal Reflection: Do not confuse an old... | Echo Buddha,Original Renewal Reflection: Do not confuse an old...,581,2735,0,NEVER_MONETIZE,NOT_SCORED,SEO_P3_LIMITED,NOT_CORNERSTONE,T1_LOW_TEMPLATE_RISK,100%_AUTOMATED_SEMANTIC_SCREEN,NO,NO,NO,PASS
https://echobuddha.com/quotes/renewal/each-conscious-breath-is-a-small-vote-for-beginning/,/quotes/renewal/each-conscious-breath-is-a-small-vote-for-beginning/,QUOTE,NOINDEX_USER_PAGE_200,YES,Original Renewal Reflection: Each conscious breath is a... | Echo Buddha,Original Renewal Reflection: Each conscious breath is a...,580,2760,0,NEVER_MONETIZE,NOT_SCORED,SEO_P3_LIMITED,NOT_CORNERSTONE,T1_LOW_TEMPLATE_RISK,100%_AUTOMATED_SEMANTIC_SCREEN,NO,NO,NO,PASS
https://echobuddha.com/quotes/renewal/evening-release-reflection/,/quotes/renewal/evening-release-reflection/,QUOTE,NOINDEX_USER_PAGE_200,YES,Evening Reflection Quote: Release the Day Gently | Echo Buddha,Evening Reflection Quote: Release the Day Gently,752,3830,0,NEVER_MONETIZE,43,SEO_P3_LIMITED,NOT_CORNERSTONE,T1_LOW_TEMPLATE_RISK,100%_AUTOMATED_SEMANTIC_SCREEN,NO,NO,NO,PASS
https://echobuddha.com/quotes/renewal/gentle-hope-keeps-walking/,/quotes/renewal/gentle-hope-keeps-walking/,QUOTE,NOINDEX_USER_PAGE_200,YES,Buddhist Inspired Hope Quote: Gentle Hope | Echo Buddha,Buddhist Inspired Hope Quote: Gentle Hope,741,3709,0,NEVER_MONETIZE,50,SEO_P3_LIMITED,NOT_CORNERSTONE,T1_LOW_TEMPLATE_RISK,100%_AUTOMATED_SEMANTIC_SCREEN,NO,NO,NO,PASS
https://echobuddha.com/quotes/renewal/hope-can-be-quiet-and-still-keep-walking/,/quotes/renewal/hope-can-be-quiet-and-still-keep-walking/,QUOTE,NOINDEX_USER_PAGE_200,YES,Original Renewal Reflection: Hope can be quiet and... | Echo Buddha,Original Renewal Reflection: Hope can be quiet and...,570,2654,0,NEVER_MONETIZE,NOT_SCORED,SEO_P3_LIMITED,NOT_CORNERSTONE,T1_LOW_TEMPLATE_RISK,100%_AUTOMATED_SEMANTIC_SCREEN,NO,NO,NO,PASS
https://echobuddha.com/quotes/renewal/morning-is-not-the-only-time-a-life-can/,/quotes/renewal/morning-is-not-the-only-time-a-life-can/,QUOTE,NOINDEX_USER_PAGE_200,YES,Original Renewal Reflection: Morning is not the only... | Echo Buddha,Original Renewal Reflection: Morning is not the only...,584,2720,0,NEVER_MONETIZE,NOT_SCORED,SEO_P3_LIMITED,NOT_CORNERSTONE,T1_LOW_TEMPLATE_RISK,100%_AUTOMATED_SEMANTIC_SCREEN,NO,NO,NO,PASS
https://echobuddha.com/quotes/renewal/one-calm-morning-intention/,/quotes/renewal/one-calm-morning-intention/,QUOTE,NOINDEX_USER_PAGE_200,YES,Peaceful Morning Quote: One Calm Intention | Echo Buddha,Peaceful Morning Quote: One Calm Intention,758,3821,0,NEVER_MONETIZE,50,SEO_P3_LIMITED,NOT_CORNERSTONE,T1_LOW_TEMPLATE_RISK,100%_AUTOMATED_SEMANTIC_SCREEN,NO,NO,NO,PASS
https://echobuddha.com/quotes/renewal/repair-what-you-can-forgive-what-you-cannot-redo/,/quotes/renewal/repair-what-you-can-forgive-what-you-cannot-redo/,QUOTE,NOINDEX_USER_PAGE_200,YES,"Original Renewal Reflection: Repair what you can, forgive... | Echo Buddha","Original Renewal Reflection: Repair what you can, forgive...",603,2859,0,NEVER_MONETIZE,NOT_SCORED,SEO_P3_LIMITED,NOT_CORNERSTONE,T1_LOW_TEMPLATE_RISK,100%_AUTOMATED_SEMANTIC_SCREEN,NO,NO,NO,PASS
https://echobuddha.com/quotes/renewal/the-path-welcomes-your-return-more-often-than-pride/,/quotes/renewal/the-path-welcomes-your-return-more-often-than-pride/,QUOTE,NOINDEX_USER_PAGE_200,YES,Original Renewal Reflection: The path welcomes your return... | Echo Buddha,Original Renewal Reflection: The path welcomes your return...,581,2770,0,NEVER_MONETIZE,NOT_SCORED,SEO_P3_LIMITED,NOT_CORNERSTONE,T1_LOW_TEMPLATE_RISK,100%_AUTOMATED_SEMANTIC_SCREEN,NO,NO,NO,PASS
https://echobuddha.com/quotes/renewal/you-are-allowed-to-learn-slowly-and-still-be/,/quotes/renewal/you-are-allowed-to-learn-slowly-and-still-be/,QUOTE,NOINDEX_USER_PAGE_200,YES,Original Renewal Reflection: You are allowed to learn... | Echo Buddha,Original Renewal Reflection: You are allowed to learn...,581,2743,0,NEVER_MONETIZE,NOT_SCORED,SEO_P3_LIMITED,NOT_CORNERSTONE,T1_LOW_TEMPLATE_RISK,100%_AUTOMATED_SEMANTIC_SCREEN,NO,NO,NO,PASS
https://echobuddha.com/quotes/wisdom/,/quotes/wisdom/,QUOTE,INDEXABLE_CANONICAL_200,YES,Original Wisdom Quotes Inspired by Buddhist Practice | Echo Buddha,Original Wisdom Quotes,732,3733,0,NEVER_MONETIZE,50,SEO_P2_EMERGING,NOT_PHASE_6_CORNERSTONE,NOT_CLASSIFIED,FULL_INDEXABLE_QUOTE_CATEGORY,NO,NO,NO,PASS
https://echobuddha.com/quotes/wisdom/a-clear-mind-can-hold-two-truths-without-rushing/,/quotes/wisdom/a-clear-mind-can-hold-two-truths-without-rushing/,QUOTE,NOINDEX_USER_PAGE_200,YES,Original Wisdom Reflection: A clear mind can hold... | Echo Buddha,Original Wisdom Reflection: A clear mind can hold...,605,2803,0,NEVER_MONETIZE,NOT_SCORED,SEO_P3_LIMITED,NOT_CORNERSTONE,T1_LOW_TEMPLATE_RISK,100%_AUTOMATED_SEMANTIC_SCREEN,NO,NO,NO,PASS
https://echobuddha.com/quotes/wisdom/a-useful-truth-is-carried-with-humility-not-used/,/quotes/wisdom/a-useful-truth-is-carried-with-humility-not-used/,QUOTE,NOINDEX_USER_PAGE_200,YES,Original Wisdom Reflection: A useful truth is carried... | Echo Buddha,Original Wisdom Reflection: A useful truth is carried...,600,2788,0,NEVER_MONETIZE,NOT_SCORED,SEO_P3_LIMITED,NOT_CORNERSTONE,T1_LOW_TEMPLATE_RISK,100%_AUTOMATED_SEMANTIC_SCREEN,NO,NO,NO,PASS
https://echobuddha.com/quotes/wisdom/contentment-with-what-is-here/,/quotes/wisdom/contentment-with-what-is-here/,QUOTE,NOINDEX_USER_PAGE_200,YES,Contentment Buddhist Quote: Peace With What Is Here | Echo Buddha,Contentment Buddhist Quote: Peace With What Is Here,777,3903,0,NEVER_MONETIZE,43,SEO_P3_LIMITED,NOT_CORNERSTONE,T1_LOW_TEMPLATE_RISK,100%_AUTOMATED_SEMANTIC_SCREEN,NO,NO,NO,PASS
https://echobuddha.com/quotes/wisdom/difficult-people-and-boundaries/,/quotes/wisdom/difficult-people-and-boundaries/,QUOTE,NOINDEX_USER_PAGE_200,YES,Buddhist Quote About Difficult People: Boundaries Without Hatred | Echo Buddha,Buddhist Quote About Difficult People: Boundaries Without Hatred,739,3860,0,NEVER_MONETIZE,47,SEO_P3_LIMITED,NOT_CORNERSTONE,T1_LOW_TEMPLATE_RISK,100%_AUTOMATED_SEMANTIC_SCREEN,NO,NO,NO,PASS
https://echobuddha.com/quotes/wisdom/karma-begins-in-intention/,/quotes/wisdom/karma-begins-in-intention/,QUOTE,NOINDEX_USER_PAGE_200,YES,Karma Buddhist Quote: Intention Shapes Action | Echo Buddha,Karma Buddhist Quote: Intention Shapes Action,753,3807,0,NEVER_MONETIZE,44,SEO_P2_EMERGING,NOT_CORNERSTONE,T1_LOW_TEMPLATE_RISK,100%_AUTOMATED_SEMANTIC_SCREEN,NO,NO,NO,PASS
https://echobuddha.com/quotes/wisdom/knowing-when-not-to-speak-is-also-a-form/,/quotes/wisdom/knowing-when-not-to-speak-is-also-a-form/,QUOTE,NOINDEX_USER_PAGE_200,YES,Original Wisdom Reflection: Knowing when not to speak... | Echo Buddha,Original Wisdom Reflection: Knowing when not to speak...,600,2757,0,NEVER_MONETIZE,NOT_SCORED,SEO_P2_EMERGING,NOT_CORNERSTONE,T1_LOW_TEMPLATE_RISK,100%_AUTOMATED_SEMANTIC_SCREEN,NO,NO,NO,PASS
https://echobuddha.com/quotes/wisdom/learn-from-discomfort-without-turning-suffering-into-an-identity/,/quotes/wisdom/learn-from-discomfort-without-turning-suffering-into-an-identity/,QUOTE,NOINDEX_USER_PAGE_200,YES,Original Wisdom Reflection: Learn from discomfort without turning... | Echo Buddha,Original Wisdom Reflection: Learn from discomfort without turning...,591,2824,0,NEVER_MONETIZE,NOT_SCORED,SEO_P2_EMERGING,NOT_CORNERSTONE,T1_LOW_TEMPLATE_RISK,100%_AUTOMATED_SEMANTIC_SCREEN,NO,NO,NO,PASS
https://echobuddha.com/quotes/wisdom/right-speech-with-kindness/,/quotes/wisdom/right-speech-with-kindness/,QUOTE,NOINDEX_USER_PAGE_200,YES,Right Speech Quote: Truth With Kindness and Timing | Echo Buddha,Right Speech Quote: Truth With Kindness and Timing,777,3878,0,NEVER_MONETIZE,43,SEO_P3_LIMITED,NOT_CORNERSTONE,T1_LOW_TEMPLATE_RISK,100%_AUTOMATED_SEMANTIC_SCREEN,NO,NO,NO,PASS
https://echobuddha.com/quotes/wisdom/see-the-conditions-behind-an-action-and-blame-may/,/quotes/wisdom/see-the-conditions-behind-an-action-and-blame-may/,QUOTE,NOINDEX_USER_PAGE_200,YES,Original Wisdom Reflection: See the conditions behind an... | Echo Buddha,Original Wisdom Reflection: See the conditions behind an...,599,2851,0,NEVER_MONETIZE,NOT_SCORED,SEO_P3_LIMITED,NOT_CORNERSTONE,T1_LOW_TEMPLATE_RISK,100%_AUTOMATED_SEMANTIC_SCREEN,NO,NO,NO,PASS
https://echobuddha.com/quotes/wisdom/simplicity-clears-the-room/,/quotes/wisdom/simplicity-clears-the-room/,QUOTE,NOINDEX_USER_PAGE_200,YES,Simple Living Buddhist Quote: Needing Less to See Clearly | Echo Buddha,Simple Living Buddhist Quote: Needing Less to See Clearly,785,3928,0,NEVER_MONETIZE,43,SEO_P3_LIMITED,NOT_CORNERSTONE,T1_LOW_TEMPLATE_RISK,100%_AUTOMATED_SEMANTIC_SCREEN,NO,NO,NO,PASS
https://echobuddha.com/quotes/wisdom/the-lesson-repeats-until-attention-replaces-habit/,/quotes/wisdom/the-lesson-repeats-until-attention-replaces-habit/,QUOTE,NOINDEX_USER_PAGE_200,YES,Original Wisdom Reflection: The lesson repeats until attention... | Echo Buddha,Original Wisdom Reflection: The lesson repeats until attention...,592,2792,0,NEVER_MONETIZE,NOT_SCORED,SEO_P2_EMERGING,NOT_CORNERSTONE,T1_LOW_TEMPLATE_RISK,100%_AUTOMATED_SEMANTIC_SCREEN,NO,NO,NO,PASS
https://echobuddha.com/quotes/wisdom/the-wise-heart-changes-course-when-clearer-seeing-arrives/,/quotes/wisdom/the-wise-heart-changes-course-when-clearer-seeing-arrives/,QUOTE,NOINDEX_USER_PAGE_200,YES,Original Wisdom Reflection: The wise heart changes course... | Echo Buddha,Original Wisdom Reflection: The wise heart changes course...,587,2773,0,NEVER_MONETIZE,NOT_SCORED,SEO_P3_LIMITED,NOT_CORNERSTONE,T1_LOW_TEMPLATE_RISK,100%_AUTOMATED_SEMANTIC_SCREEN,NO,NO,NO,PASS
https://echobuddha.com/quotes/wisdom/understanding-suffering-honestly/,/quotes/wisdom/understanding-suffering-honestly/,QUOTE,NOINDEX_USER_PAGE_200,YES,Four Noble Truths Quote: Understanding Suffering Honestly | Echo Buddha,Four Noble Truths Quote: Understanding Suffering Honestly,764,3886,0,NEVER_MONETIZE,43,SEO_P3_LIMITED,NOT_CORNERSTONE,T1_LOW_TEMPLATE_RISK,100%_AUTOMATED_SEMANTIC_SCREEN,NO,NO,NO,PASS
https://echobuddha.com/quotes/wisdom/what-feels-urgent-is-not-always-what-matters-most/,/quotes/wisdom/what-feels-urgent-is-not-always-what-matters-most/,QUOTE,NOINDEX_USER_PAGE_200,YES,Original Wisdom Reflection: What feels urgent is not... | Echo Buddha,Original Wisdom Reflection: What feels urgent is not...,593,2751,0,NEVER_MONETIZE,NOT_SCORED,SEO_P3_LIMITED,NOT_CORNERSTONE,T1_LOW_TEMPLATE_RISK,100%_AUTOMATED_SEMANTIC_SCREEN,NO,NO,NO,PASS
https://echobuddha.com/quotes/wisdom/wisdom-is-less-interested-in-winning-than-in-ending/,/quotes/wisdom/wisdom-is-less-interested-in-winning-than-in-ending/,QUOTE,NOINDEX_USER_PAGE_200,YES,Original Wisdom Reflection: Wisdom is less interested in... | Echo Buddha,Original Wisdom Reflection: Wisdom is less interested in...,594,2784,0,NEVER_MONETIZE,NOT_SCORED,SEO_P3_LIMITED,NOT_CORNERSTONE,T1_LOW_TEMPLATE_RISK,100%_AUTOMATED_SEMANTIC_SCREEN,NO,NO,NO,PASS
https://echobuddha.com/quotes/wisdom/wisdom-is-the-art-of-meeting-life-without-adding/,/quotes/wisdom/wisdom-is-the-art-of-meeting-life-without-adding/,QUOTE,NOINDEX_USER_PAGE_200,YES,Original Wisdom Reflection: Wisdom is the art of... | Echo Buddha,Original Wisdom Reflection: Wisdom is the art of...,597,2794,0,NEVER_MONETIZE,NOT_SCORED,SEO_P2_EMERGING,NOT_CORNERSTONE,T1_LOW_TEMPLATE_RISK,100%_AUTOMATED_SEMANTIC_SCREEN,NO,NO,NO,PASS
https://echobuddha.com/quotes/wisdom/wisdom-sees-clearly/,/quotes/wisdom/wisdom-sees-clearly/,QUOTE,NOINDEX_USER_PAGE_200,YES,Buddhist Wisdom Quote: Clear Seeing With Humility | Echo Buddha,Buddhist Wisdom Quote: Clear Seeing With Humility,753,3782,0,NEVER_MONETIZE,43,SEO_P3_LIMITED,NOT_CORNERSTONE,T1_LOW_TEMPLATE_RISK,100%_AUTOMATED_SEMANTIC_SCREEN,NO,NO,NO,PASS
https://echobuddha.com/quotes/wisdom/wisdom-sees-the-whole-fire-not-only-the-spark/,/quotes/wisdom/wisdom-sees-the-whole-fire-not-only-the-spark/,QUOTE,NOINDEX_USER_PAGE_200,YES,"Original Wisdom Reflection: Wisdom sees the whole fire,... | Echo Buddha","Original Wisdom Reflection: Wisdom sees the whole fire,...",601,2790,0,NEVER_MONETIZE,NOT_SCORED,SEO_P3_LIMITED,NOT_CORNERSTONE,T1_LOW_TEMPLATE_RISK,100%_AUTOMATED_SEMANTIC_SCREEN,NO,NO,NO,PASS
https://echobuddha.com/quotes/wisdom/wise-silence/,/quotes/wisdom/wise-silence/,QUOTE,NOINDEX_USER_PAGE_200,YES,Buddhist Quote About Silence: Wise Restraint | Echo Buddha,Buddhist Quote About Silence: Wise Restraint,762,3792,0,NEVER_MONETIZE,40,SEO_P3_LIMITED,NOT_CORNERSTONE,T1_LOW_TEMPLATE_RISK,100%_AUTOMATED_SEMANTIC_SCREEN,NO,NO,NO,PASS
https://echobuddha.com/robots.txt,/robots.txt,TECHNICAL,TECHNICAL_ENDPOINT,NO,,,0,0,0,TECHNICAL_NON_HTML,NOT_SCORED,NOT_CLASSIFIED,NOT_CORNERSTONE,NOT_CLASSIFIED,100%_AUTOMATED_SEMANTIC_SCREEN,NO,NO,NO,PASS
https://echobuddha.com/search-index.json,/search-index.json,TECHNICAL,TECHNICAL_ENDPOINT,NO,,,0,0,0,TECHNICAL_NON_HTML,NOT_SCORED,NOT_CLASSIFIED,NOT_CORNERSTONE,NOT_CLASSIFIED,100%_AUTOMATED_SEMANTIC_SCREEN,NO,NO,NO,PASS
https://echobuddha.com/search.js,/search.js,TECHNICAL,TECHNICAL_ENDPOINT,NO,,,0,0,0,TECHNICAL_NON_HTML,NOT_SCORED,NOT_CLASSIFIED,NOT_CORNERSTONE,NOT_CLASSIFIED,100%_AUTOMATED_SEMANTIC_SCREEN,NO,NO,NO,PASS
https://echobuddha.com/search/,/search/,UTILITY,NOINDEX_USER_PAGE_200,YES,Search Echo Buddha | Echo Buddha,Search Echo Buddha,271,742,0,NEVER_MONETIZE,NOT_SCORED,SEO_P3_LIMITED,NOT_CORNERSTONE,NOT_CLASSIFIED,100%_AUTOMATED_SEMANTIC_SCREEN,NO,NO,NO,PASS
https://echobuddha.com/sitemap.xml,/sitemap.xml,TECHNICAL,TECHNICAL_ENDPOINT,NO,,,0,0,0,TECHNICAL_NON_HTML,NOT_SCORED,NOT_CLASSIFIED,NOT_CORNERSTONE,NOT_CLASSIFIED,100%_AUTOMATED_SEMANTIC_SCREEN,NO,NO,NO,PASS
https://echobuddha.com/start-here/,/start-here/,OTHER,INDEXABLE_CANONICAL_200,YES,Start Here - Begin Your Buddhist Wisdom and Mindfulness Journey | Echo Buddha,Begin Your Buddhist Wisdom and Mindfulness Journey,561,2331,0,NEVER_MONETIZE,76,SEO_P2_EMERGING,NOT_PHASE_6_CORNERSTONE,NOT_CLASSIFIED,100%_AUTOMATED_SEMANTIC_SCREEN,NO,NO,NO,PASS
https://echobuddha.com/terms-and-conditions/,/terms-and-conditions/,HISTORICAL_REDIRECT,PERMANENT_REDIRECT,NO,,,0,0,0,NOT_APPLICABLE,NOT_SCORED,NOT_CLASSIFIED,NOT_CORNERSTONE,NOT_CLASSIFIED,100%_AUTOMATED_SEMANTIC_SCREEN,NO,NO,NO,PASS
https://echobuddha.com/terms-of-use/,/terms-of-use/,LEGAL,INDEXABLE_CANONICAL_200,YES,Terms of Use | Echo Buddha,Terms of Use,292,774,0,NEVER_MONETIZE,NOT_SCORED,SEO_P2_EMERGING,NOT_PHASE_6_CORNERSTONE,NOT_CLASSIFIED,100%_AUTOMATED_SEMANTIC_SCREEN,NO,NO,NO,PASS
https://echobuddha.com/tools/,/tools/,UTILITY,INDEXABLE_CANONICAL_200,YES,Buddhist Mindfulness Tools and Daily Practice Resources | Echo Buddha,Buddhist Mindfulness Tools and Daily Practice Resources,674,3337,0,NEVER_MONETIZE,76,SEO_P1_HIGH,NOT_PHASE_6_CORNERSTONE,NOT_CLASSIFIED,FULL_SEO_P0_P1,NO,NO,NO,PASS
