URL,route,family,intended_state,expected_http_status,actual_http_status,location,final_url,final_http_status,content_type,canonical,robots,title,h1,sitemap,inlinks,structured_data_types,visible_text_chars,real_ad_signals,empty_ad_placeholders,fetch_error,captured_at
https://echobuddha.com/,/,HOME,INDEXABLE_CANONICAL_200,200,200,,https://echobuddha.com/,200,text/html,https://echobuddha.com/,"index, follow",Echo Buddha - Buddhist Wisdom for a Calmer Everyday Life,Echo Buddha,YES,343,WebSite|SearchAction|Organization|ImageObject|BreadcrumbList|ListItem|FAQPage|Question|Answer|ItemList,5420,0,0,,2026-09-15T02:25:22.664Z
https://echobuddha.com/404,/404,ERROR,NOINDEX_USER_PAGE_200,200,200,,https://echobuddha.com/404,200,text/html,,"noindex, follow",Page Not Found | Echo Buddha,Page Not Found,NO,0,,1390,0,0,,2026-09-15T02:25:22.947Z
https://echobuddha.com/404.html,/404.html,ERROR_ALIAS,TEMPORARY_REDIRECT,307,307,/404,https://echobuddha.com/404,200,text/html,,"noindex, follow",Page Not Found | Echo Buddha,Page Not Found,NO,0,,1390,0,0,,2026-09-15T02:25:22.949Z
https://echobuddha.com/about/,/about/,TRUST,INDEXABLE_CANONICAL_200,200,200,,https://echobuddha.com/about/,200,text/html,https://echobuddha.com/about/,"index, follow",About Echo Buddha | Echo Buddha,About Echo Buddha,YES,343,AboutPage|Organization|ImageObject,4275,0,0,,2026-09-15T02:25:22.946Z
https://echobuddha.com/ads.txt,/ads.txt,TECHNICAL,TECHNICAL_ENDPOINT,200,200,,https://echobuddha.com/ads.txt,200,text/plain,,"index, follow",,,NO,1,,0,0,0,,2026-09-15T02:25:22.756Z
https://echobuddha.com/articles/,/articles/,ARTICLE_NAVIGATION,INDEXABLE_CANONICAL_200,200,200,,https://echobuddha.com/articles/,200,text/html,https://echobuddha.com/articles/,"index, follow",Articles and Blog | Echo Buddha,Articles and Blog,YES,343,Blog|Organization|ImageObject|ItemList|ListItem|BreadcrumbList,12839,0,0,,2026-09-15T02:25:22.800Z
https://echobuddha.com/articles/beginning-a-daily-mindfulness-practice/,/articles/beginning-a-daily-mindfulness-practice/,ARTICLE,INDEXABLE_CANONICAL_200,200,200,,https://echobuddha.com/articles/beginning-a-daily-mindfulness-practice/,200,text/html,https://echobuddha.com/articles/beginning-a-daily-mindfulness-practice/,"index, follow",Daily Mindfulness Practice for Beginners | Echo Buddha,Beginning a Daily Mindfulness Practice,YES,24,BlogPosting|Article|Organization|ImageObject|WebPage|BreadcrumbList|ListItem|FAQPage|Question|Answer,9529,0,0,,2026-09-15T02:25:22.957Z
https://echobuddha.com/articles/buddhism-for-beginners-simple-guide/,/articles/buddhism-for-beginners-simple-guide/,ARTICLE,INDEXABLE_CANONICAL_200,200,200,,https://echobuddha.com/articles/buddhism-for-beginners-simple-guide/,200,text/html,https://echobuddha.com/articles/buddhism-for-beginners-simple-guide/,"index, follow",Buddhism for Beginners: A Simple Guide | Echo Buddha,Buddhism for Beginners: A Simple Guide to the Path,YES,11,BlogPosting|Article|Organization|ImageObject|WebPage|BreadcrumbList|ListItem|FAQPage|Question|Answer,11601,0,0,,2026-09-15T02:25:22.792Z
https://echobuddha.com/articles/buddhist-approach-to-anger/,/articles/buddhist-approach-to-anger/,ARTICLE,INDEXABLE_CANONICAL_200,200,200,,https://echobuddha.com/articles/buddhist-approach-to-anger/,200,text/html,https://echobuddha.com/articles/buddhist-approach-to-anger/,"index, follow",A Buddhist Approach to Anger | Echo Buddha,"A Buddhist Approach to Anger: Pause, Understand, Respond",YES,19,BlogPosting|Article|Organization|ImageObject|WebPage|BreadcrumbList|ListItem|FAQPage|Question|Answer,11820,0,0,,2026-09-15T02:25:22.953Z
https://echobuddha.com/articles/buddhist-gratitude-practice/,/articles/buddhist-gratitude-practice/,ARTICLE,INDEXABLE_CANONICAL_200,200,200,,https://echobuddha.com/articles/buddhist-gratitude-practice/,200,text/html,https://echobuddha.com/articles/buddhist-gratitude-practice/,"index, follow",Buddhist Gratitude Practice Without Forced Positivity | Echo Buddha,Buddhist Gratitude Practice: Appreciating Life Without Clinging,YES,4,BlogPosting|Article|Organization|ImageObject|WebPage|BreadcrumbList|ListItem|FAQPage|Question|Answer,11767,0,0,,2026-09-15T02:25:22.954Z
https://echobuddha.com/articles/buddhist-teachings-on-forgiveness/,/articles/buddhist-teachings-on-forgiveness/,ARTICLE,INDEXABLE_CANONICAL_200,200,200,,https://echobuddha.com/articles/buddhist-teachings-on-forgiveness/,200,text/html,https://echobuddha.com/articles/buddhist-teachings-on-forgiveness/,"index, follow",Buddhist Teachings on Forgiveness and Letting Go | Echo Buddha,Buddhist Teachings on Forgiveness: Letting Go Without Excusing Harm,YES,11,BlogPosting|Article|Organization|ImageObject|WebPage|BreadcrumbList|ListItem|FAQPage|Question|Answer,11693,0,0,,2026-09-15T02:25:22.951Z
https://echobuddha.com/articles/buddhist-teachings-on-impermanence/,/articles/buddhist-teachings-on-impermanence/,ARTICLE,INDEXABLE_CANONICAL_200,200,200,,https://echobuddha.com/articles/buddhist-teachings-on-impermanence/,200,text/html,https://echobuddha.com/articles/buddhist-teachings-on-impermanence/,"index, follow",Buddhist Teachings on Impermanence | Echo Buddha,Buddhist Teachings on Impermanence and Change,YES,8,BlogPosting|Article|Organization|ImageObject|WebPage|BreadcrumbList|ListItem|FAQPage|Question|Answer,10475,0,0,,2026-09-15T02:25:22.788Z
https://echobuddha.com/articles/buddhist-wisdom-for-overthinking/,/articles/buddhist-wisdom-for-overthinking/,ARTICLE,INDEXABLE_CANONICAL_200,200,200,,https://echobuddha.com/articles/buddhist-wisdom-for-overthinking/,200,text/html,https://echobuddha.com/articles/buddhist-wisdom-for-overthinking/,"index, follow",Buddhist Wisdom for Overthinking and a Busy Mind | Echo Buddha,Buddhist Wisdom for Overthinking: How to Calm a Busy Mind,YES,45,BlogPosting|Article|Organization|ImageObject|WebPage|BreadcrumbList|ListItem|FAQPage|Question|Answer,13418,0,0,,2026-09-15T02:25:22.919Z
https://echobuddha.com/articles/category/buddhist-wisdom/,/articles/category/buddhist-wisdom/,ARTICLE_NAVIGATION,INDEXABLE_CANONICAL_200,200,200,,https://echobuddha.com/articles/category/buddhist-wisdom/,200,text/html,https://echobuddha.com/articles/category/buddhist-wisdom/,"index, follow",Buddhist Wisdom Articles | Echo Buddha,Buddhist Wisdom Articles,YES,96,CollectionPage|Blog|ItemList|ListItem|BreadcrumbList,6573,0,0,,2026-09-15T02:25:22.995Z
https://echobuddha.com/articles/category/meditation/,/articles/category/meditation/,ARTICLE_NAVIGATION,INDEXABLE_CANONICAL_200,200,200,,https://echobuddha.com/articles/category/meditation/,200,text/html,https://echobuddha.com/articles/category/meditation/,"index, follow",Meditation Articles | Echo Buddha,Meditation Articles,YES,35,CollectionPage|Blog|ItemList|ListItem|BreadcrumbList,4019,0,0,,2026-09-15T02:25:23.019Z
https://echobuddha.com/articles/category/mindfulness/,/articles/category/mindfulness/,ARTICLE_NAVIGATION,INDEXABLE_CANONICAL_200,200,200,,https://echobuddha.com/articles/category/mindfulness/,200,text/html,https://echobuddha.com/articles/category/mindfulness/,"index, follow",Mindfulness Articles | Echo Buddha,Mindfulness Articles,YES,54,CollectionPage|Blog|ItemList|ListItem|BreadcrumbList,3176,0,0,,2026-09-15T02:25:23.031Z
https://echobuddha.com/articles/category/practice/,/articles/category/practice/,ARTICLE_NAVIGATION,INDEXABLE_CANONICAL_200,200,200,,https://echobuddha.com/articles/category/practice/,200,text/html,https://echobuddha.com/articles/category/practice/,"index, follow",Practice Articles | Echo Buddha,Practice Articles,YES,52,CollectionPage|Blog|ItemList|ListItem|BreadcrumbList,3597,0,0,,2026-09-15T02:25:23.032Z
https://echobuddha.com/articles/category/reflection/,/articles/category/reflection/,ARTICLE_NAVIGATION,INDEXABLE_CANONICAL_200,200,200,,https://echobuddha.com/articles/category/reflection/,200,text/html,https://echobuddha.com/articles/category/reflection/,"index, follow",Reflection Articles | Echo Buddha,Reflection Articles,YES,57,CollectionPage|Blog|ItemList|ListItem|BreadcrumbList,3637,0,0,,2026-09-15T02:25:23.164Z
https://echobuddha.com/articles/compassion-as-a-daily-discipline/,/articles/compassion-as-a-daily-discipline/,ARTICLE,INDEXABLE_CANONICAL_200,200,200,,https://echobuddha.com/articles/compassion-as-a-daily-discipline/,200,text/html,https://echobuddha.com/articles/compassion-as-a-daily-discipline/,"index, follow",Compassion as a Daily Buddhist Practice | Echo Buddha,Compassion as a Daily Discipline,YES,19,BlogPosting|Article|Organization|ImageObject|WebPage|BreadcrumbList|ListItem|FAQPage|Question|Answer,10235,0,0,,2026-09-15T02:25:23.170Z
https://echobuddha.com/articles/compassion-in-buddhism-beginner-guide/,/articles/compassion-in-buddhism-beginner-guide/,ARTICLE,INDEXABLE_CANONICAL_200,200,200,,https://echobuddha.com/articles/compassion-in-buddhism-beginner-guide/,200,text/html,https://echobuddha.com/articles/compassion-in-buddhism-beginner-guide/,"index, follow",Compassion in Buddhism: Beginner Guide and Daily Practice | Echo Buddha,Compassion in Buddhism: A Beginner&#39;s Guide,YES,7,BlogPosting|Article|Organization|ImageObject|WebPage|BreadcrumbList|ListItem|FAQPage|Question|Answer,10151,0,0,,2026-09-15T02:25:23.178Z
https://echobuddha.com/articles/compassion-with-boundaries/,/articles/compassion-with-boundaries/,ARTICLE,INDEXABLE_CANONICAL_200,200,200,,https://echobuddha.com/articles/compassion-with-boundaries/,200,text/html,https://echobuddha.com/articles/compassion-with-boundaries/,"index, follow",Compassion With Boundaries in Buddhist Practice | Echo Buddha,Compassion With Boundaries,YES,57,BlogPosting|Article|Organization|ImageObject|WebPage|BreadcrumbList|ListItem|FAQPage|Question|Answer,8443,0,0,,2026-09-15T02:25:23.199Z
https://echobuddha.com/articles/creating-a-peaceful-corner-at-home/,/articles/creating-a-peaceful-corner-at-home/,ARTICLE,INDEXABLE_CANONICAL_200,200,200,,https://echobuddha.com/articles/creating-a-peaceful-corner-at-home/,200,text/html,https://echobuddha.com/articles/creating-a-peaceful-corner-at-home/,"index, follow",Create a Peaceful Meditation Corner | Echo Buddha,Creating a Peaceful Corner at Home,YES,2,BlogPosting|Article|Organization|ImageObject|WebPage|BreadcrumbList|ListItem|FAQPage|Question|Answer,9384,0,0,,2026-09-15T02:25:23.180Z
https://echobuddha.com/articles/dhamma-vs-dharma/,/articles/dhamma-vs-dharma/,ARTICLE,INDEXABLE_CANONICAL_200,200,200,,https://echobuddha.com/articles/dhamma-vs-dharma/,200,text/html,https://echobuddha.com/articles/dhamma-vs-dharma/,"index, follow",Dhamma vs Dharma: Buddhist Meaning and Spelling | Echo Buddha,Dhamma vs Dharma: What Is the Difference?,YES,55,BlogPosting|Article|Organization|ImageObject|WebPage|BreadcrumbList|ListItem|FAQPage|Question|Answer,9247,0,0,,2026-09-15T02:25:23.200Z
https://echobuddha.com/articles/dhammapada-reflection-trained-mind/,/articles/dhammapada-reflection-trained-mind/,ARTICLE,INDEXABLE_CANONICAL_200,200,200,,https://echobuddha.com/articles/dhammapada-reflection-trained-mind/,200,text/html,https://echobuddha.com/articles/dhammapada-reflection-trained-mind/,"index, follow",Dhammapada Reflection on a Trained Mind and Peace | Echo Buddha,Dhammapada Reflection: A Trained Mind Brings Peace,YES,4,BlogPosting|Article|Organization|ImageObject|WebPage|BreadcrumbList|ListItem|FAQPage|Question|Answer,10105,0,0,,2026-09-15T02:25:23.274Z
https://echobuddha.com/articles/dhammapada-reflection-what-we-think/,/articles/dhammapada-reflection-what-we-think/,ARTICLE,INDEXABLE_CANONICAL_200,200,200,,https://echobuddha.com/articles/dhammapada-reflection-what-we-think/,200,text/html,https://echobuddha.com/articles/dhammapada-reflection-what-we-think/,"index, follow","Dhammapada What We Think: Translation, Paraphrase, Reflection | Echo Buddha","Dhammapada Reflection: What We Think, We Become",YES,5,BlogPosting|Article|Organization|ImageObject|WebPage|BreadcrumbList|ListItem|FAQPage|Question|Answer,12744,0,0,,2026-09-15T02:25:23.214Z
https://echobuddha.com/articles/dhammapada-verse-1-meaning/,/articles/dhammapada-verse-1-meaning/,ARTICLE,INDEXABLE_CANONICAL_200,200,200,,https://echobuddha.com/articles/dhammapada-verse-1-meaning/,200,text/html,https://echobuddha.com/articles/dhammapada-verse-1-meaning/,"index, follow",Dhammapada Verse 1 Meaning and Translation Caution | Echo Buddha,Dhammapada Verse 1 Meaning and Translation Caution,YES,36,BlogPosting|Article|Organization|ImageObject|WebPage|BreadcrumbList|ListItem|FAQPage|Question|Answer,9204,0,0,,2026-09-15T02:25:23.235Z
https://echobuddha.com/articles/eightfold-path-explained-daily-life/,/articles/eightfold-path-explained-daily-life/,ARTICLE,INDEXABLE_CANONICAL_200,200,200,,https://echobuddha.com/articles/eightfold-path-explained-daily-life/,200,text/html,https://echobuddha.com/articles/eightfold-path-explained-daily-life/,"index, follow",Eightfold Path in Daily Life | Echo Buddha,The Noble Eightfold Path Explained for Daily Life,YES,8,BlogPosting|Article|Organization|ImageObject|WebPage|BreadcrumbList|ListItem|FAQPage|Question|Answer,11309,0,0,,2026-09-15T02:25:23.269Z
https://echobuddha.com/articles/eightfold-path-explained/,/articles/eightfold-path-explained/,ARTICLE,INDEXABLE_CANONICAL_200,200,200,,https://echobuddha.com/articles/eightfold-path-explained/,200,text/html,https://echobuddha.com/articles/eightfold-path-explained/,"index, follow",The Noble Eightfold Path Explained for Beginners | Echo Buddha,The Noble Eightfold Path Explained for Beginners,YES,11,BlogPosting|Article|Organization|ImageObject|WebPage|BreadcrumbList|ListItem|FAQPage|Question|Answer,12455,0,0,,2026-09-15T02:25:23.272Z
https://echobuddha.com/articles/equanimity-in-buddhism/,/articles/equanimity-in-buddhism/,ARTICLE,INDEXABLE_CANONICAL_200,200,200,,https://echobuddha.com/articles/equanimity-in-buddhism/,200,text/html,https://echobuddha.com/articles/equanimity-in-buddhism/,"index, follow",Equanimity in Buddhism: Balanced Care Without Numbness | Echo Buddha,Equanimity in Buddhism: Calm Without Indifference,YES,2,BlogPosting|Article|Organization|ImageObject|WebPage|BreadcrumbList|ListItem|FAQPage|Question|Answer,12247,0,0,,2026-09-15T02:25:23.284Z
https://echobuddha.com/articles/first-week-buddhist-practice/,/articles/first-week-buddhist-practice/,ARTICLE,INDEXABLE_CANONICAL_200,200,200,,https://echobuddha.com/articles/first-week-buddhist-practice/,200,text/html,https://echobuddha.com/articles/first-week-buddhist-practice/,"index, follow",First Week Buddhist Practice for Beginners | Echo Buddha,First Week Buddhist Practice for Beginners,YES,33,BlogPosting|Article|Organization|ImageObject|WebPage|BreadcrumbList|ListItem|FAQPage|Question|Answer,7080,0,0,,2026-09-15T02:25:23.428Z
https://echobuddha.com/articles/five-precepts-in-daily-life/,/articles/five-precepts-in-daily-life/,ARTICLE,INDEXABLE_CANONICAL_200,200,200,,https://echobuddha.com/articles/five-precepts-in-daily-life/,200,text/html,https://echobuddha.com/articles/five-precepts-in-daily-life/,"index, follow",Five Precepts in Daily Life: Buddhist Ethics for Beginners | Echo Buddha,The Five Precepts in Daily Life: A Beginner&#39;s Guide to Buddhist Ethics,YES,4,BlogPosting|Article|Organization|ImageObject|WebPage|BreadcrumbList|ListItem|FAQPage|Question|Answer,15778,0,0,,2026-09-15T02:25:23.405Z
https://echobuddha.com/articles/four-noble-truths-explained-simply/,/articles/four-noble-truths-explained-simply/,ARTICLE,INDEXABLE_CANONICAL_200,200,200,,https://echobuddha.com/articles/four-noble-truths-explained-simply/,200,text/html,https://echobuddha.com/articles/four-noble-truths-explained-simply/,"index, follow",Four Noble Truths Explained Simply for Beginners | Echo Buddha,The Four Noble Truths Explained Simply,YES,6,BlogPosting|Article|Organization|ImageObject|WebPage|BreadcrumbList|ListItem|FAQPage|Question|Answer,10422,0,0,,2026-09-15T02:25:23.430Z
https://echobuddha.com/articles/four-noble-truths-explained/,/articles/four-noble-truths-explained/,ARTICLE,INDEXABLE_CANONICAL_200,200,200,,https://echobuddha.com/articles/four-noble-truths-explained/,200,text/html,https://echobuddha.com/articles/four-noble-truths-explained/,"index, follow",The Four Noble Truths Explained Simply | Echo Buddha,The Four Noble Truths Explained in Simple Everyday Language,YES,11,BlogPosting|Article|Organization|ImageObject|WebPage|BreadcrumbList|ListItem|FAQPage|Question|Answer,11788,0,0,,2026-09-15T02:25:23.408Z
https://echobuddha.com/articles/how-to-let-go-of-attachment-in-buddhism/,/articles/how-to-let-go-of-attachment-in-buddhism/,ARTICLE,INDEXABLE_CANONICAL_200,200,200,,https://echobuddha.com/articles/how-to-let-go-of-attachment-in-buddhism/,200,text/html,https://echobuddha.com/articles/how-to-let-go-of-attachment-in-buddhism/,"index, follow",How to Let Go of Attachment in Buddhism | Echo Buddha,How to Let Go of Attachment in Buddhism,YES,40,BlogPosting|Article|Organization|ImageObject|WebPage|BreadcrumbList|ListItem|FAQPage|Question|Answer,12959,0,0,,2026-09-15T02:25:23.444Z
https://echobuddha.com/articles/how-to-meditate-for-anxiety/,/articles/how-to-meditate-for-anxiety/,ARTICLE,INDEXABLE_CANONICAL_200,200,200,,https://echobuddha.com/articles/how-to-meditate-for-anxiety/,200,text/html,https://echobuddha.com/articles/how-to-meditate-for-anxiety/,"index, follow",How to Meditate for Anxiety Gently | Echo Buddha,How to Meditate for Anxiety Without Fighting Your Mind,YES,9,BlogPosting|Article|Organization|ImageObject|WebPage|BreadcrumbList|ListItem|FAQPage|Question|Answer,11322,0,0,,2026-09-15T02:25:23.276Z
https://echobuddha.com/articles/how-to-meditate-for-beginners/,/articles/how-to-meditate-for-beginners/,ARTICLE,INDEXABLE_CANONICAL_200,200,200,,https://echobuddha.com/articles/how-to-meditate-for-beginners/,200,text/html,https://echobuddha.com/articles/how-to-meditate-for-beginners/,"index, follow",How to Meditate for Beginners: Simple Buddhist Guide | Echo Buddha,How to Meditate for Beginners: A Simple Buddhist Guide,YES,21,BlogPosting|Article|Organization|ImageObject|WebPage|BreadcrumbList|ListItem|FAQPage|Question|Answer,10555,0,0,,2026-09-15T02:25:23.479Z
https://echobuddha.com/articles/how-to-practice-non-attachment/,/articles/how-to-practice-non-attachment/,HISTORICAL_REDIRECT,PERMANENT_REDIRECT,301,301,/articles/how-to-let-go-of-attachment-in-buddhism/,https://echobuddha.com/articles/how-to-let-go-of-attachment-in-buddhism/,200,text/html,https://echobuddha.com/articles/how-to-let-go-of-attachment-in-buddhism/,"index, follow",How to Let Go of Attachment in Buddhism | Echo Buddha,How to Let Go of Attachment in Buddhism,NO,0,BlogPosting|Article|Organization|ImageObject|WebPage|BreadcrumbList|ListItem|FAQPage|Question|Answer,12959,0,0,,2026-09-15T02:25:23.446Z
https://echobuddha.com/articles/impermanence-in-buddhism-letting-go/,/articles/impermanence-in-buddhism-letting-go/,ARTICLE,INDEXABLE_CANONICAL_200,200,200,,https://echobuddha.com/articles/impermanence-in-buddhism-letting-go/,200,text/html,https://echobuddha.com/articles/impermanence-in-buddhism-letting-go/,"index, follow",Impermanence in Buddhism and How to Let Go Gently | Echo Buddha,Impermanence in Buddhism: Learning to Let Go Gently,YES,5,BlogPosting|Article|Organization|ImageObject|WebPage|BreadcrumbList|ListItem|FAQPage|Question|Answer,10640,0,0,,2026-09-15T02:25:23.537Z
https://echobuddha.com/articles/impermanence-in-buddhism/,/articles/impermanence-in-buddhism/,ARTICLE,INDEXABLE_CANONICAL_200,200,200,,https://echobuddha.com/articles/impermanence-in-buddhism/,200,text/html,https://echobuddha.com/articles/impermanence-in-buddhism/,"index, follow",Impermanence in Buddhism: Accepting Change Peacefully | Echo Buddha,Impermanence in Buddhism: Learning to Accept Change Peacefully,YES,13,BlogPosting|Article|Organization|ImageObject|WebPage|BreadcrumbList|ListItem|FAQPage|Question|Answer,11870,0,0,,2026-09-15T02:25:23.511Z
https://echobuddha.com/articles/letting-go-without-giving-up/,/articles/letting-go-without-giving-up/,HISTORICAL_REDIRECT,PERMANENT_REDIRECT,301,301,/articles/how-to-let-go-of-attachment-in-buddhism/,https://echobuddha.com/articles/how-to-let-go-of-attachment-in-buddhism/,200,text/html,https://echobuddha.com/articles/how-to-let-go-of-attachment-in-buddhism/,"index, follow",How to Let Go of Attachment in Buddhism | Echo Buddha,How to Let Go of Attachment in Buddhism,NO,0,BlogPosting|Article|Organization|ImageObject|WebPage|BreadcrumbList|ListItem|FAQPage|Question|Answer,12959,0,0,,2026-09-15T02:25:23.440Z
https://echobuddha.com/articles/loving-kindness-meditation-beginners/,/articles/loving-kindness-meditation-beginners/,ARTICLE,INDEXABLE_CANONICAL_200,200,200,,https://echobuddha.com/articles/loving-kindness-meditation-beginners/,200,text/html,https://echobuddha.com/articles/loving-kindness-meditation-beginners/,"index, follow",Loving-Kindness Meditation for Beginners | Echo Buddha,Loving-Kindness Meditation for Beginners,YES,9,BlogPosting|Article|Organization|ImageObject|WebPage|BreadcrumbList|ListItem|FAQPage|Question|Answer,11316,0,0,,2026-09-15T02:25:23.509Z
https://echobuddha.com/articles/loving-kindness-meditation-guide/,/articles/loving-kindness-meditation-guide/,ARTICLE,INDEXABLE_CANONICAL_200,200,200,,https://echobuddha.com/articles/loving-kindness-meditation-guide/,200,text/html,https://echobuddha.com/articles/loving-kindness-meditation-guide/,"index, follow",Loving-Kindness Meditation Guide for Beginners | Echo Buddha,Loving-Kindness Meditation: A Gentle Practice Guide,YES,6,BlogPosting|Article|Organization|ImageObject|WebPage|BreadcrumbList|ListItem|FAQPage|Question|Answer,10980,0,0,,2026-09-15T02:25:23.532Z
https://echobuddha.com/articles/metta-meditation-script/,/articles/metta-meditation-script/,ARTICLE,INDEXABLE_CANONICAL_200,200,200,,https://echobuddha.com/articles/metta-meditation-script/,200,text/html,https://echobuddha.com/articles/metta-meditation-script/,"index, follow",Metta Meditation Script for Loving-Kindness Practice | Echo Buddha,Metta Meditation Script: A Loving-Kindness Practice for Yourself and Others,YES,8,BlogPosting|Article|Organization|ImageObject|WebPage|BreadcrumbList|ListItem|FAQPage|Question|Answer,12771,0,0,,2026-09-15T02:25:23.651Z
https://echobuddha.com/articles/mindful-email-and-texting/,/articles/mindful-email-and-texting/,ARTICLE,INDEXABLE_CANONICAL_200,200,200,,https://echobuddha.com/articles/mindful-email-and-texting/,200,text/html,https://echobuddha.com/articles/mindful-email-and-texting/,"index, follow",Mindful Email and Texting with Buddhist Right Speech | Echo Buddha,Mindful Email and Texting,YES,35,BlogPosting|Article|Organization|ImageObject|WebPage|BreadcrumbList|ListItem|FAQPage|Question|Answer,6915,0,0,,2026-09-15T02:25:23.648Z
https://echobuddha.com/articles/mindful-listening-in-everyday-life/,/articles/mindful-listening-in-everyday-life/,ARTICLE,INDEXABLE_CANONICAL_200,200,200,,https://echobuddha.com/articles/mindful-listening-in-everyday-life/,200,text/html,https://echobuddha.com/articles/mindful-listening-in-everyday-life/,"index, follow",Mindful Listening in Everyday Life | Echo Buddha,Mindful Listening in Everyday Life,YES,11,BlogPosting|Article|Organization|ImageObject|WebPage|BreadcrumbList|ListItem|FAQPage|Question|Answer,9719,0,0,,2026-09-15T02:25:23.688Z
https://echobuddha.com/articles/mindfulness-for-better-sleep/,/articles/mindfulness-for-better-sleep/,ARTICLE,INDEXABLE_CANONICAL_200,200,200,,https://echobuddha.com/articles/mindfulness-for-better-sleep/,200,text/html,https://echobuddha.com/articles/mindfulness-for-better-sleep/,"index, follow",Mindfulness for Better Sleep | Echo Buddha,Mindfulness for Better Sleep: A Gentle Evening Practice,YES,8,BlogPosting|Article|Organization|ImageObject|WebPage|BreadcrumbList|ListItem|FAQPage|Question|Answer,10350,0,0,,2026-09-15T02:25:23.705Z
https://echobuddha.com/articles/mindfulness-morning-routine/,/articles/mindfulness-morning-routine/,ARTICLE,INDEXABLE_CANONICAL_200,200,200,,https://echobuddha.com/articles/mindfulness-morning-routine/,200,text/html,https://echobuddha.com/articles/mindfulness-morning-routine/,"index, follow",Mindful Morning Routine for Beginners | Echo Buddha,A Mindful Morning Routine for a Calmer Day,YES,14,BlogPosting|Article|Organization|ImageObject|WebPage|BreadcrumbList|ListItem|FAQPage|Question|Answer,9857,0,0,,2026-09-15T02:25:23.678Z
https://echobuddha.com/articles/mindfulness-of-breathing-guide/,/articles/mindfulness-of-breathing-guide/,ARTICLE,INDEXABLE_CANONICAL_200,200,200,,https://echobuddha.com/articles/mindfulness-of-breathing-guide/,200,text/html,https://echobuddha.com/articles/mindfulness-of-breathing-guide/,"index, follow",Mindfulness of Breathing Guide for Calm and Clarity | Echo Buddha,Mindfulness of Breathing: A Step-by-Step Guide,YES,21,BlogPosting|Article|Organization|ImageObject|WebPage|BreadcrumbList|ListItem|FAQPage|Question|Answer,10644,0,0,,2026-09-15T02:25:23.735Z
https://echobuddha.com/articles/mindfulness-vs-meditation/,/articles/mindfulness-vs-meditation/,ARTICLE,INDEXABLE_CANONICAL_200,200,200,,https://echobuddha.com/articles/mindfulness-vs-meditation/,200,text/html,https://echobuddha.com/articles/mindfulness-vs-meditation/,"index, follow",Mindfulness vs Meditation: Simple Beginner Guide | Echo Buddha,Mindfulness vs Meditation: What Is the Difference for Beginners?,YES,43,BlogPosting|Article|Organization|ImageObject|WebPage|BreadcrumbList|ListItem|FAQPage|Question|Answer,12766,0,0,,2026-09-15T02:25:23.686Z
https://echobuddha.com/articles/noble-eightfold-path-practical-guide/,/articles/noble-eightfold-path-practical-guide/,ARTICLE,INDEXABLE_CANONICAL_200,200,200,,https://echobuddha.com/articles/noble-eightfold-path-practical-guide/,200,text/html,https://echobuddha.com/articles/noble-eightfold-path-practical-guide/,"index, follow",Noble Eightfold Path Practical Guide for Daily Life | Echo Buddha,The Noble Eightfold Path: A Practical Guide for Daily Life,YES,9,BlogPosting|Article|Organization|ImageObject|WebPage|BreadcrumbList|ListItem|FAQPage|Question|Answer,12485,0,0,,2026-09-15T02:25:23.770Z
https://echobuddha.com/articles/non-attachment-in-relationships/,/articles/non-attachment-in-relationships/,ARTICLE,INDEXABLE_CANONICAL_200,200,200,,https://echobuddha.com/articles/non-attachment-in-relationships/,200,text/html,https://echobuddha.com/articles/non-attachment-in-relationships/,"index, follow",Non-Attachment in Relationships Without Becoming Cold | Echo Buddha,Non-Attachment in Relationships,YES,43,BlogPosting|Article|Organization|ImageObject|WebPage|BreadcrumbList|ListItem|FAQPage|Question|Answer,7342,0,0,,2026-09-15T02:25:23.756Z
https://echobuddha.com/articles/right-livelihood-modern-life/,/articles/right-livelihood-modern-life/,ARTICLE,INDEXABLE_CANONICAL_200,200,200,,https://echobuddha.com/articles/right-livelihood-modern-life/,200,text/html,https://echobuddha.com/articles/right-livelihood-modern-life/,"index, follow",Right Livelihood in Modern Life: Buddhist Work Ethics | Echo Buddha,Right Livelihood in Modern Life: Buddhist Work Ethics Without Perfectionism,YES,2,BlogPosting|Article|Organization|ImageObject|WebPage|BreadcrumbList|ListItem|FAQPage|Question|Answer,14461,0,0,,2026-09-15T02:25:23.754Z
https://echobuddha.com/articles/right-speech-buddhism/,/articles/right-speech-buddhism/,ARTICLE,INDEXABLE_CANONICAL_200,200,200,,https://echobuddha.com/articles/right-speech-buddhism/,200,text/html,https://echobuddha.com/articles/right-speech-buddhism/,"index, follow","Right Speech in Buddhism: Meaning, Examples, and Practice | Echo Buddha",Right Speech in Buddhism: How to Speak with Kindness and Awareness,YES,50,BlogPosting|Article|Organization|ImageObject|WebPage|BreadcrumbList|ListItem|FAQPage|Question|Answer,13848,0,0,,2026-09-15T02:25:23.776Z
https://echobuddha.com/articles/right-speech-examples/,/articles/right-speech-examples/,ARTICLE,INDEXABLE_CANONICAL_200,200,200,,https://echobuddha.com/articles/right-speech-examples/,200,text/html,https://echobuddha.com/articles/right-speech-examples/,"index, follow",Right Speech Examples for Everyday Life | Echo Buddha,Right Speech Examples for Everyday Life,YES,7,BlogPosting|Article|Organization|ImageObject|WebPage|BreadcrumbList|ListItem|FAQPage|Question|Answer,6673,0,0,,2026-09-15T02:25:23.787Z
https://echobuddha.com/articles/three-poisons-buddhism-explained/,/articles/three-poisons-buddhism-explained/,ARTICLE,INDEXABLE_CANONICAL_200,200,200,,https://echobuddha.com/articles/three-poisons-buddhism-explained/,200,text/html,https://echobuddha.com/articles/three-poisons-buddhism-explained/,"index, follow","Three Poisons in Buddhism: Greed, Aversion, and Delusion | Echo Buddha","The Three Poisons in Buddhism: Greed, Hatred, and Delusion Explained",YES,3,BlogPosting|Article|Organization|ImageObject|WebPage|BreadcrumbList|ListItem|FAQPage|Question|Answer,14332,0,0,,2026-09-15T02:25:23.881Z
https://echobuddha.com/articles/three-ways-to-practice-patience/,/articles/three-ways-to-practice-patience/,ARTICLE,INDEXABLE_CANONICAL_200,200,200,,https://echobuddha.com/articles/three-ways-to-practice-patience/,200,text/html,https://echobuddha.com/articles/three-ways-to-practice-patience/,"index, follow",Three Ways to Practice Patience | Echo Buddha,Three Ways to Practice Patience,YES,13,BlogPosting|Article|Organization|ImageObject|WebPage|BreadcrumbList|ListItem|FAQPage|Question|Answer,9747,0,0,,2026-09-15T02:25:23.744Z
https://echobuddha.com/articles/visiting-a-buddhist-temple-respectfully/,/articles/visiting-a-buddhist-temple-respectfully/,ARTICLE,INDEXABLE_CANONICAL_200,200,200,,https://echobuddha.com/articles/visiting-a-buddhist-temple-respectfully/,200,text/html,https://echobuddha.com/articles/visiting-a-buddhist-temple-respectfully/,"index, follow",Visiting a Buddhist Temple Respectfully: Beginner Guide | Echo Buddha,Visiting a Buddhist Temple Respectfully,YES,11,BlogPosting|Article|Organization|ImageObject|WebPage|BreadcrumbList|ListItem|FAQPage|Question|Answer,7682,0,0,,2026-09-15T02:25:23.742Z
https://echobuddha.com/articles/walking-meditation-step-by-step/,/articles/walking-meditation-step-by-step/,ARTICLE,INDEXABLE_CANONICAL_200,200,200,,https://echobuddha.com/articles/walking-meditation-step-by-step/,200,text/html,https://echobuddha.com/articles/walking-meditation-step-by-step/,"index, follow",Walking Meditation: Step-by-Step Guide | Echo Buddha,Walking Meditation: A Step-by-Step Beginner&#39;s Guide,YES,8,BlogPosting|Article|Organization|ImageObject|WebPage|BreadcrumbList|ListItem|FAQPage|Question|Answer,9836,0,0,,2026-09-15T02:25:23.962Z
https://echobuddha.com/articles/what-is-buddhism-beginner-guide/,/articles/what-is-buddhism-beginner-guide/,ARTICLE,INDEXABLE_CANONICAL_200,200,200,,https://echobuddha.com/articles/what-is-buddhism-beginner-guide/,200,text/html,https://echobuddha.com/articles/what-is-buddhism-beginner-guide/,"index, follow",What Is Buddhism? Beginner Guide to Buddhist Wisdom | Echo Buddha,What Is Buddhism? A Beginner-Friendly Guide,YES,10,BlogPosting|Article|Organization|ImageObject|WebPage|BreadcrumbList|ListItem|FAQPage|Question|Answer,11503,0,0,,2026-09-15T02:25:23.920Z
https://echobuddha.com/articles/what-is-karma-in-buddhism/,/articles/what-is-karma-in-buddhism/,ARTICLE,INDEXABLE_CANONICAL_200,200,200,,https://echobuddha.com/articles/what-is-karma-in-buddhism/,200,text/html,https://echobuddha.com/articles/what-is-karma-in-buddhism/,"index, follow",How Karma Shapes Daily Choices in Buddhist Practice | Echo Buddha,How Karma Shapes Daily Choices in Buddhist Practice,YES,12,BlogPosting|Article|Organization|ImageObject|WebPage|BreadcrumbList|ListItem|FAQPage|Question|Answer,12042,0,0,,2026-09-15T02:25:23.935Z
https://echobuddha.com/articles/what-is-sangha-buddhist-community/,/articles/what-is-sangha-buddhist-community/,ARTICLE,INDEXABLE_CANONICAL_200,200,200,,https://echobuddha.com/articles/what-is-sangha-buddhist-community/,200,text/html,https://echobuddha.com/articles/what-is-sangha-buddhist-community/,"index, follow",What Is Sangha? Buddhist Community for Beginners | Echo Buddha,What Is Sangha? Why Buddhist Community Matters for Beginners,YES,6,BlogPosting|Article|Organization|ImageObject|WebPage|BreadcrumbList|ListItem|FAQPage|Question|Answer,14681,0,0,,2026-09-15T02:25:23.813Z
https://echobuddha.com/authors/echo-buddha-editorial/,/authors/echo-buddha-editorial/,TRUST,INDEXABLE_CANONICAL_200,200,200,,https://echobuddha.com/authors/echo-buddha-editorial/,200,text/html,https://echobuddha.com/authors/echo-buddha-editorial/,"index, follow",Echo Buddha Editorial | Echo Buddha,Echo Buddha Editorial,YES,343,ProfilePage|Organization|ImageObject,4174,0,0,,2026-09-15T02:25:23.967Z
https://echobuddha.com/buddhist-sources-and-citations/,/buddhist-sources-and-citations/,TRUST,INDEXABLE_CANONICAL_200,200,200,,https://echobuddha.com/buddhist-sources-and-citations/,200,text/html,https://echobuddha.com/buddhist-sources-and-citations/,"index, follow",Buddhist Sources and Citations | Echo Buddha,Buddhist Sources and Citations,YES,343,WebPage|Organization|ImageObject,5156,0,0,,2026-09-15T02:25:23.833Z
https://echobuddha.com/contact/,/contact/,UTILITY,INDEXABLE_CANONICAL_200,200,200,,https://echobuddha.com/contact/,200,text/html,https://echobuddha.com/contact/,"index, follow",Contact | Echo Buddha,Contact Echo Buddha,YES,343,ContactPage|Organization|ImageObject,2288,0,0,,2026-09-15T02:25:23.991Z
https://echobuddha.com/corrections/,/corrections/,TRUST,INDEXABLE_CANONICAL_200,200,200,,https://echobuddha.com/corrections/,200,text/html,https://echobuddha.com/corrections/,"index, follow",Corrections and Editorial Updates | Echo Buddha,Corrections and Editorial Updates,YES,343,WebPage|Organization|ImageObject,3892,0,0,,2026-09-15T02:25:23.995Z
https://echobuddha.com/daily-reflections/,/daily-reflections/,DAILY_REFLECTION,INDEXABLE_CANONICAL_200,200,200,,https://echobuddha.com/daily-reflections/,200,text/html,https://echobuddha.com/daily-reflections/,"index, follow",Daily Buddhist Reflections for Mindful Living | Echo Buddha,Daily Buddhist Reflections for Mindful Living,YES,343,CollectionPage|ItemList|ListItem|BreadcrumbList|FAQPage|Question|Answer,14462,0,0,,2026-09-15T02:25:23.842Z
https://echobuddha.com/daily-reflections/anger-as-a-signal/,/daily-reflections/anger-as-a-signal/,DAILY_REFLECTION,NOINDEX_USER_PAGE_200,200,200,,https://echobuddha.com/daily-reflections/anger-as-a-signal/,200,text/html,https://echobuddha.com/daily-reflections/anger-as-a-signal/,"noindex, follow",Anger Can Become a Signal - Daily Buddhist Reflection | Echo Buddha,Anger Can Become a Signal,NO,2,WebPage|Organization|ImageObject|Thing|CollectionPage|BreadcrumbList|ListItem,2686,0,0,,2026-09-15T02:25:24.016Z
https://echobuddha.com/daily-reflections/begin-again-without-shame/,/daily-reflections/begin-again-without-shame/,DAILY_REFLECTION,NOINDEX_USER_PAGE_200,200,200,,https://echobuddha.com/daily-reflections/begin-again-without-shame/,200,text/html,https://echobuddha.com/daily-reflections/begin-again-without-shame/,"noindex, follow",Begin Again Without Shame - Daily Buddhist Reflection | Echo Buddha,Begin Again Without Shame,NO,2,WebPage|Organization|ImageObject|Thing|CollectionPage|BreadcrumbList|ListItem,2651,0,0,,2026-09-15T02:25:24.037Z
https://echobuddha.com/daily-reflections/compassion-begins-nearby/,/daily-reflections/compassion-begins-nearby/,DAILY_REFLECTION,NOINDEX_USER_PAGE_200,200,200,,https://echobuddha.com/daily-reflections/compassion-begins-nearby/,200,text/html,https://echobuddha.com/daily-reflections/compassion-begins-nearby/,"noindex, follow",Compassion Begins Nearby - Daily Buddhist Reflection | Echo Buddha,Compassion Begins Nearby,NO,2,WebPage|Organization|ImageObject|Thing|CollectionPage|BreadcrumbList|ListItem,2662,0,0,,2026-09-15T02:25:24.067Z
https://echobuddha.com/daily-reflections/enough-for-this-moment/,/daily-reflections/enough-for-this-moment/,DAILY_REFLECTION,NOINDEX_USER_PAGE_200,200,200,,https://echobuddha.com/daily-reflections/enough-for-this-moment/,200,text/html,https://echobuddha.com/daily-reflections/enough-for-this-moment/,"noindex, follow",Enough for This Moment - Daily Buddhist Reflection | Echo Buddha,Enough for This Moment,NO,2,WebPage|Organization|ImageObject|Thing|CollectionPage|BreadcrumbList|ListItem,2585,0,0,,2026-09-15T02:25:24.093Z
https://echobuddha.com/daily-reflections/evening-release/,/daily-reflections/evening-release/,DAILY_REFLECTION,NOINDEX_USER_PAGE_200,200,200,,https://echobuddha.com/daily-reflections/evening-release/,200,text/html,https://echobuddha.com/daily-reflections/evening-release/,"noindex, follow",End the Day by Releasing - Daily Buddhist Reflection | Echo Buddha,End the Day by Releasing,NO,2,WebPage|Organization|ImageObject|Thing|CollectionPage|BreadcrumbList|ListItem,2698,0,0,,2026-09-15T02:25:24.090Z
https://echobuddha.com/daily-reflections/family-patience/,/daily-reflections/family-patience/,DAILY_REFLECTION,NOINDEX_USER_PAGE_200,200,200,,https://echobuddha.com/daily-reflections/family-patience/,200,text/html,https://echobuddha.com/daily-reflections/family-patience/,"noindex, follow",Patience at Home - Daily Buddhist Reflection | Echo Buddha,Patience at Home,NO,2,WebPage|Organization|ImageObject|Thing|CollectionPage|BreadcrumbList|ListItem,2604,0,0,,2026-09-15T02:25:24.161Z
https://echobuddha.com/daily-reflections/forgiveness-without-approval/,/daily-reflections/forgiveness-without-approval/,DAILY_REFLECTION,NOINDEX_USER_PAGE_200,200,200,,https://echobuddha.com/daily-reflections/forgiveness-without-approval/,200,text/html,https://echobuddha.com/daily-reflections/forgiveness-without-approval/,"noindex, follow",Forgiveness Is Not Approval - Daily Buddhist Reflection | Echo Buddha,Forgiveness Is Not Approval,NO,2,WebPage|Organization|ImageObject|Thing|CollectionPage|BreadcrumbList|ListItem,2664,0,0,,2026-09-15T02:25:24.178Z
https://echobuddha.com/daily-reflections/gratitude-for-change/,/daily-reflections/gratitude-for-change/,DAILY_REFLECTION,NOINDEX_USER_PAGE_200,200,200,,https://echobuddha.com/daily-reflections/gratitude-for-change/,200,text/html,https://echobuddha.com/daily-reflections/gratitude-for-change/,"noindex, follow",Gratitude for Change - Daily Buddhist Reflection | Echo Buddha,Gratitude for Change,NO,2,WebPage|Organization|ImageObject|Thing|CollectionPage|BreadcrumbList|ListItem,2545,0,0,,2026-09-15T02:25:24.221Z
https://echobuddha.com/daily-reflections/gratitude-notices-enough/,/daily-reflections/gratitude-notices-enough/,DAILY_REFLECTION,NOINDEX_USER_PAGE_200,200,200,,https://echobuddha.com/daily-reflections/gratitude-notices-enough/,200,text/html,https://echobuddha.com/daily-reflections/gratitude-notices-enough/,"noindex, follow",Gratitude Notices Enough - Daily Buddhist Reflection | Echo Buddha,Gratitude Notices Enough,NO,2,WebPage|Organization|ImageObject|Thing|CollectionPage|BreadcrumbList|ListItem,2607,0,0,,2026-09-15T02:25:24.207Z
https://echobuddha.com/daily-reflections/impermanence-softens-clinging/,/daily-reflections/impermanence-softens-clinging/,DAILY_REFLECTION,NOINDEX_USER_PAGE_200,200,200,,https://echobuddha.com/daily-reflections/impermanence-softens-clinging/,200,text/html,https://echobuddha.com/daily-reflections/impermanence-softens-clinging/,"noindex, follow",Impermanence Softens Clinging - Daily Buddhist Reflection | Echo Buddha,Impermanence Softens Clinging,NO,2,WebPage|Organization|ImageObject|Thing|CollectionPage|BreadcrumbList|ListItem,2656,0,0,,2026-09-15T02:25:24.274Z
https://echobuddha.com/daily-reflections/kindness-with-boundaries/,/daily-reflections/kindness-with-boundaries/,DAILY_REFLECTION,NOINDEX_USER_PAGE_200,200,200,,https://echobuddha.com/daily-reflections/kindness-with-boundaries/,200,text/html,https://echobuddha.com/daily-reflections/kindness-with-boundaries/,"noindex, follow",Kindness Can Have Boundaries - Daily Buddhist Reflection | Echo Buddha,Kindness Can Have Boundaries,NO,2,WebPage|Organization|ImageObject|Thing|CollectionPage|BreadcrumbList|ListItem,2669,0,0,,2026-09-15T02:25:24.240Z
https://echobuddha.com/daily-reflections/let-the-feeling-pass/,/daily-reflections/let-the-feeling-pass/,DAILY_REFLECTION,NOINDEX_USER_PAGE_200,200,200,,https://echobuddha.com/daily-reflections/let-the-feeling-pass/,200,text/html,https://echobuddha.com/daily-reflections/let-the-feeling-pass/,"noindex, follow",Let the Feeling Pass Through - Daily Buddhist Reflection | Echo Buddha,Let the Feeling Pass Through,NO,2,WebPage|Organization|ImageObject|Thing|CollectionPage|BreadcrumbList|ListItem,2788,0,0,,2026-09-15T02:25:24.241Z
https://echobuddha.com/daily-reflections/letting-go-keeps-care/,/daily-reflections/letting-go-keeps-care/,DAILY_REFLECTION,NOINDEX_USER_PAGE_200,200,200,,https://echobuddha.com/daily-reflections/letting-go-keeps-care/,200,text/html,https://echobuddha.com/daily-reflections/letting-go-keeps-care/,"noindex, follow",Letting Go Keeps the Care - Daily Buddhist Reflection | Echo Buddha,Letting Go Keeps the Care,NO,2,WebPage|Organization|ImageObject|Thing|CollectionPage|BreadcrumbList|ListItem,2631,0,0,,2026-09-15T02:25:24.283Z
https://echobuddha.com/daily-reflections/listen-before-answering/,/daily-reflections/listen-before-answering/,DAILY_REFLECTION,NOINDEX_USER_PAGE_200,200,200,,https://echobuddha.com/daily-reflections/listen-before-answering/,200,text/html,https://echobuddha.com/daily-reflections/listen-before-answering/,"noindex, follow",Listen Before Answering - Daily Buddhist Reflection | Echo Buddha,Listen Before Answering,NO,3,WebPage|Organization|ImageObject|Thing|CollectionPage|BreadcrumbList|ListItem,2645,0,0,,2026-09-15T02:25:24.277Z
https://echobuddha.com/daily-reflections/metta-for-a-difficult-person/,/daily-reflections/metta-for-a-difficult-person/,DAILY_REFLECTION,NOINDEX_USER_PAGE_200,200,200,,https://echobuddha.com/daily-reflections/metta-for-a-difficult-person/,200,text/html,https://echobuddha.com/daily-reflections/metta-for-a-difficult-person/,"noindex, follow",Metta Without Pretending - Daily Buddhist Reflection | Echo Buddha,Metta Without Pretending,NO,2,WebPage|Organization|ImageObject|Thing|CollectionPage|BreadcrumbList|ListItem,2704,0,0,,2026-09-15T02:25:24.327Z
https://echobuddha.com/daily-reflections/mindful-work/,/daily-reflections/mindful-work/,DAILY_REFLECTION,NOINDEX_USER_PAGE_200,200,200,,https://echobuddha.com/daily-reflections/mindful-work/,200,text/html,https://echobuddha.com/daily-reflections/mindful-work/,"noindex, follow",Work Can Carry Practice - Daily Buddhist Reflection | Echo Buddha,Work Can Carry Practice,NO,2,WebPage|Organization|ImageObject|Thing|CollectionPage|BreadcrumbList|ListItem,2608,0,0,,2026-09-15T02:25:24.334Z
https://echobuddha.com/daily-reflections/morning-intention/,/daily-reflections/morning-intention/,DAILY_REFLECTION,NOINDEX_USER_PAGE_200,200,200,,https://echobuddha.com/daily-reflections/morning-intention/,200,text/html,https://echobuddha.com/daily-reflections/morning-intention/,"noindex, follow",Begin With Intention - Daily Buddhist Reflection | Echo Buddha,Begin With Intention,NO,2,WebPage|Organization|ImageObject|Thing|CollectionPage|BreadcrumbList|ListItem,2587,0,0,,2026-09-15T02:25:24.411Z
https://echobuddha.com/daily-reflections/notice-before-fixing/,/daily-reflections/notice-before-fixing/,DAILY_REFLECTION,NOINDEX_USER_PAGE_200,200,200,,https://echobuddha.com/daily-reflections/notice-before-fixing/,200,text/html,https://echobuddha.com/daily-reflections/notice-before-fixing/,"noindex, follow",Notice Before Fixing - Daily Buddhist Reflection | Echo Buddha,Notice Before Fixing,NO,2,WebPage|Organization|ImageObject|Thing|CollectionPage|BreadcrumbList|ListItem,2639,0,0,,2026-09-15T02:25:24.413Z
https://echobuddha.com/daily-reflections/one-honest-breath/,/daily-reflections/one-honest-breath/,DAILY_REFLECTION,NOINDEX_USER_PAGE_200,200,200,,https://echobuddha.com/daily-reflections/one-honest-breath/,200,text/html,https://echobuddha.com/daily-reflections/one-honest-breath/,"noindex, follow",Return Through One Honest Breath - Daily Buddhist Reflection | Echo Buddha,Return Through One Honest Breath,NO,2,WebPage|Organization|ImageObject|Thing|CollectionPage|BreadcrumbList|ListItem,2722,0,0,,2026-09-15T02:25:24.468Z
https://echobuddha.com/daily-reflections/one-step-on-the-path/,/daily-reflections/one-step-on-the-path/,DAILY_REFLECTION,NOINDEX_USER_PAGE_200,200,200,,https://echobuddha.com/daily-reflections/one-step-on-the-path/,200,text/html,https://echobuddha.com/daily-reflections/one-step-on-the-path/,"noindex, follow",The Path Is One Step - Daily Buddhist Reflection | Echo Buddha,The Path Is One Step,NO,2,WebPage|Organization|ImageObject|Thing|CollectionPage|BreadcrumbList|ListItem,2626,0,0,,2026-09-15T02:25:24.429Z
https://echobuddha.com/daily-reflections/patience-before-anger-speaks/,/daily-reflections/patience-before-anger-speaks/,DAILY_REFLECTION,NOINDEX_USER_PAGE_200,200,200,,https://echobuddha.com/daily-reflections/patience-before-anger-speaks/,200,text/html,https://echobuddha.com/daily-reflections/patience-before-anger-speaks/,"noindex, follow",Patience Begins Before Anger Speaks - Daily Buddhist Reflection | Echo Buddha,Patience Begins Before Anger Speaks,NO,4,WebPage|Organization|ImageObject|Thing|CollectionPage|BreadcrumbList|ListItem,2885,0,0,,2026-09-15T02:25:24.280Z
https://echobuddha.com/daily-reflections/rest-without-escape/,/daily-reflections/rest-without-escape/,DAILY_REFLECTION,NOINDEX_USER_PAGE_200,200,200,,https://echobuddha.com/daily-reflections/rest-without-escape/,200,text/html,https://echobuddha.com/daily-reflections/rest-without-escape/,"noindex, follow",Rest Without Escape - Daily Buddhist Reflection | Echo Buddha,Rest Without Escape,NO,2,WebPage|Organization|ImageObject|Thing|CollectionPage|BreadcrumbList|ListItem,2674,0,0,,2026-09-15T02:25:24.493Z
https://echobuddha.com/daily-reflections/see-the-conditions/,/daily-reflections/see-the-conditions/,DAILY_REFLECTION,NOINDEX_USER_PAGE_200,200,200,,https://echobuddha.com/daily-reflections/see-the-conditions/,200,text/html,https://echobuddha.com/daily-reflections/see-the-conditions/,"noindex, follow",See the Conditions - Daily Buddhist Reflection | Echo Buddha,See the Conditions,NO,2,WebPage|Organization|ImageObject|Thing|CollectionPage|BreadcrumbList|ListItem,2606,0,0,,2026-09-15T02:25:24.494Z
https://echobuddha.com/daily-reflections/simple-goodwill/,/daily-reflections/simple-goodwill/,DAILY_REFLECTION,NOINDEX_USER_PAGE_200,200,200,,https://echobuddha.com/daily-reflections/simple-goodwill/,200,text/html,https://echobuddha.com/daily-reflections/simple-goodwill/,"noindex, follow",Simple Goodwill Counts - Daily Buddhist Reflection | Echo Buddha,Simple Goodwill Counts,NO,2,WebPage|Organization|ImageObject|Thing|CollectionPage|BreadcrumbList|ListItem,2582,0,0,,2026-09-15T02:25:24.509Z
https://echobuddha.com/daily-reflections/small-actions-shape-the-mind/,/daily-reflections/small-actions-shape-the-mind/,DAILY_REFLECTION,NOINDEX_USER_PAGE_200,200,200,,https://echobuddha.com/daily-reflections/small-actions-shape-the-mind/,200,text/html,https://echobuddha.com/daily-reflections/small-actions-shape-the-mind/,"noindex, follow",Small Actions Shape the Mind - Daily Buddhist Reflection | Echo Buddha,Small Actions Shape the Mind,NO,2,WebPage|Organization|ImageObject|Thing|CollectionPage|BreadcrumbList|ListItem,2656,0,0,,2026-09-15T02:25:24.584Z
https://echobuddha.com/daily-reflections/soften-the-inner-argument/,/daily-reflections/soften-the-inner-argument/,DAILY_REFLECTION,NOINDEX_USER_PAGE_200,200,200,,https://echobuddha.com/daily-reflections/soften-the-inner-argument/,200,text/html,https://echobuddha.com/daily-reflections/soften-the-inner-argument/,"noindex, follow",Soften the Inner Argument - Daily Buddhist Reflection | Echo Buddha,Soften the Inner Argument,NO,2,WebPage|Organization|ImageObject|Thing|CollectionPage|BreadcrumbList|ListItem,2613,0,0,,2026-09-15T02:25:24.533Z
https://echobuddha.com/daily-reflections/speech-can-reduce-suffering/,/daily-reflections/speech-can-reduce-suffering/,DAILY_REFLECTION,NOINDEX_USER_PAGE_200,200,200,,https://echobuddha.com/daily-reflections/speech-can-reduce-suffering/,200,text/html,https://echobuddha.com/daily-reflections/speech-can-reduce-suffering/,"noindex, follow",Speech Can Reduce Suffering - Daily Buddhist Reflection | Echo Buddha,Speech Can Reduce Suffering,NO,2,WebPage|Organization|ImageObject|Thing|CollectionPage|BreadcrumbList|ListItem,2594,0,0,,2026-09-15T02:25:24.532Z
https://echobuddha.com/daily-reflections/the-first-truth-is-kind/,/daily-reflections/the-first-truth-is-kind/,DAILY_REFLECTION,NOINDEX_USER_PAGE_200,200,200,,https://echobuddha.com/daily-reflections/the-first-truth-is-kind/,200,text/html,https://echobuddha.com/daily-reflections/the-first-truth-is-kind/,"noindex, follow",The First Truth Is Kind - Daily Buddhist Reflection | Echo Buddha,The First Truth Is Kind,NO,2,WebPage|Organization|ImageObject|Thing|CollectionPage|BreadcrumbList|ListItem,2612,0,0,,2026-09-15T02:25:24.406Z
https://echobuddha.com/daily-reflections/thoughts-are-visitors/,/daily-reflections/thoughts-are-visitors/,DAILY_REFLECTION,NOINDEX_USER_PAGE_200,200,200,,https://echobuddha.com/daily-reflections/thoughts-are-visitors/,200,text/html,https://echobuddha.com/daily-reflections/thoughts-are-visitors/,"noindex, follow",Thoughts Are Visitors - Daily Buddhist Reflection | Echo Buddha,Thoughts Are Visitors,NO,2,WebPage|Organization|ImageObject|Thing|CollectionPage|BreadcrumbList|ListItem,2711,0,0,,2026-09-15T02:25:24.566Z
https://echobuddha.com/daily-reflections/today/,/daily-reflections/today/,DAILY_REFLECTION,NOINDEX_USER_PAGE_200,200,200,,https://echobuddha.com/daily-reflections/today/,200,text/html,https://echobuddha.com/daily-reflections/today/,"noindex, follow",Today&#39;s Buddhist Reflection Prompt | Echo Buddha,Today's Buddhist Reflection Prompt,NO,38,WebPage|Organization|ImageObject|CollectionPage|BreadcrumbList|ListItem,14597,0,0,,2026-09-15T02:25:24.652Z
https://echobuddha.com/daily-reflections/walking-as-practice/,/daily-reflections/walking-as-practice/,DAILY_REFLECTION,NOINDEX_USER_PAGE_200,200,200,,https://echobuddha.com/daily-reflections/walking-as-practice/,200,text/html,https://echobuddha.com/daily-reflections/walking-as-practice/,"noindex, follow",Walking Can Be Practice - Daily Buddhist Reflection | Echo Buddha,Walking Can Be Practice,NO,2,WebPage|Organization|ImageObject|Thing|CollectionPage|BreadcrumbList|ListItem,2624,0,0,,2026-09-15T02:25:24.665Z
https://echobuddha.com/disclaimer/,/disclaimer/,LEGAL,INDEXABLE_CANONICAL_200,200,200,,https://echobuddha.com/disclaimer/,200,text/html,https://echobuddha.com/disclaimer/,"index, follow",Disclaimer | Echo Buddha,Disclaimer,YES,343,WebPage|Organization|ImageObject,3021,0,0,,2026-09-15T02:25:24.485Z
https://echobuddha.com/editorial-policy/,/editorial-policy/,TRUST,INDEXABLE_CANONICAL_200,200,200,,https://echobuddha.com/editorial-policy/,200,text/html,https://echobuddha.com/editorial-policy/,"index, follow",Editorial Policy | Echo Buddha,Editorial Policy,YES,343,WebPage|Organization|ImageObject,7900,0,0,,2026-09-15T02:25:24.496Z
https://echobuddha.com/how-echo-buddha-creates-content/,/how-echo-buddha-creates-content/,TRUST,INDEXABLE_CANONICAL_200,200,200,,https://echobuddha.com/how-echo-buddha-creates-content/,200,text/html,https://echobuddha.com/how-echo-buddha-creates-content/,"index, follow",How Echo Buddha Creates Content | Echo Buddha,How Echo Buddha Creates Content,YES,343,WebPage|Organization|ImageObject,5222,0,0,,2026-09-15T02:25:24.541Z
https://echobuddha.com/learn/,/learn/,LEARN_NAVIGATION,INDEXABLE_CANONICAL_200,200,200,,https://echobuddha.com/learn/,200,text/html,https://echobuddha.com/learn/,"index, follow",Learn Buddhist Wisdom for Daily Life | Echo Buddha,Learn Buddhist Wisdom for Daily Life,YES,343,CollectionPage|WebSite|BreadcrumbList|ListItem,3307,0,0,,2026-09-15T02:25:24.552Z
https://echobuddha.com/learn/buddhism-101/,/learn/buddhism-101/,LEARN_NAVIGATION,INDEXABLE_CANONICAL_200,200,200,,https://echobuddha.com/learn/buddhism-101/,200,text/html,https://echobuddha.com/learn/buddhism-101/,"index, follow",Buddhism 101 | Echo Buddha,Buddhism 101,YES,25,CollectionPage|BreadcrumbList|ListItem,6018,0,0,,2026-09-15T02:25:24.563Z
https://echobuddha.com/learn/buddhism-101/a-simple-daily-buddhist-practice/,/learn/buddhism-101/a-simple-daily-buddhist-practice/,LEARN_DETAIL,INDEXABLE_CANONICAL_200,200,200,,https://echobuddha.com/learn/buddhism-101/a-simple-daily-buddhist-practice/,200,text/html,https://echobuddha.com/learn/buddhism-101/a-simple-daily-buddhist-practice/,"index, follow",A Simple Daily Buddhist Practice | Echo Buddha,A Simple Daily Buddhist Practice,YES,31,Article|Organization|ImageObject|BreadcrumbList|ListItem,3440,0,0,,2026-09-15T02:25:24.729Z
https://echobuddha.com/learn/buddhism-101/dependent-origination-explained/,/learn/buddhism-101/dependent-origination-explained/,LEARN_DETAIL,INDEXABLE_CANONICAL_200,200,200,,https://echobuddha.com/learn/buddhism-101/dependent-origination-explained/,200,text/html,https://echobuddha.com/learn/buddhism-101/dependent-origination-explained/,"index, follow",Dependent Origination in Buddhism Explained for Beginners | Echo Buddha,Dependent Origination Explained,YES,10,Article|Organization|ImageObject|BreadcrumbList|ListItem,8479,0,0,,2026-09-15T02:25:24.737Z
https://echobuddha.com/learn/buddhism-101/five-aggregates-buddhism/,/learn/buddhism-101/five-aggregates-buddhism/,LEARN_DETAIL,INDEXABLE_CANONICAL_200,200,200,,https://echobuddha.com/learn/buddhism-101/five-aggregates-buddhism/,200,text/html,https://echobuddha.com/learn/buddhism-101/five-aggregates-buddhism/,"index, follow",The Five Aggregates in Buddhism Explained Simply | Echo Buddha,The Five Aggregates in Buddhism,YES,3,Article|Organization|ImageObject|BreadcrumbList|ListItem,8400,0,0,,2026-09-15T02:25:24.758Z
https://echobuddha.com/learn/buddhism-101/five-hindrances-in-buddhism/,/learn/buddhism-101/five-hindrances-in-buddhism/,LEARN_DETAIL,INDEXABLE_CANONICAL_200,200,200,,https://echobuddha.com/learn/buddhism-101/five-hindrances-in-buddhism/,200,text/html,https://echobuddha.com/learn/buddhism-101/five-hindrances-in-buddhism/,"index, follow",Five Hindrances in Buddhism Explained for Beginners | Echo Buddha,The Five Hindrances in Buddhism,YES,3,Article|Organization|ImageObject|BreadcrumbList|ListItem,3572,0,0,,2026-09-15T02:25:24.792Z
https://echobuddha.com/learn/buddhism-101/five-precepts-buddhism/,/learn/buddhism-101/five-precepts-buddhism/,LEARN_DETAIL,INDEXABLE_CANONICAL_200,200,200,,https://echobuddha.com/learn/buddhism-101/five-precepts-buddhism/,200,text/html,https://echobuddha.com/learn/buddhism-101/five-precepts-buddhism/,"index, follow",The Five Precepts in Buddhism: A Beginner&#39;s Guide to Ethical Living | Echo Buddha,The Five Precepts in Buddhism,YES,10,Article|Organization|ImageObject|BreadcrumbList|ListItem,9980,0,0,,2026-09-15T02:25:24.776Z
https://echobuddha.com/learn/buddhism-101/four-brahmaviharas/,/learn/buddhism-101/four-brahmaviharas/,LEARN_DETAIL,INDEXABLE_CANONICAL_200,200,200,,https://echobuddha.com/learn/buddhism-101/four-brahmaviharas/,200,text/html,https://echobuddha.com/learn/buddhism-101/four-brahmaviharas/,"index, follow","The Four Brahmaviharas: Loving-Kindness, Compassion, Joy, and Equanimity | Echo Buddha",The Four Brahmaviharas,YES,3,Article|Organization|ImageObject|BreadcrumbList|ListItem,3809,0,0,,2026-09-15T02:25:24.791Z
https://echobuddha.com/learn/buddhism-101/how-to-practice-buddhism-at-home/,/learn/buddhism-101/how-to-practice-buddhism-at-home/,LEARN_DETAIL,INDEXABLE_CANONICAL_200,200,200,,https://echobuddha.com/learn/buddhism-101/how-to-practice-buddhism-at-home/,200,text/html,https://echobuddha.com/learn/buddhism-101/how-to-practice-buddhism-at-home/,"index, follow",How to Practice Buddhism at Home | Echo Buddha,How to Practice Buddhism at Home,YES,8,Article|Organization|ImageObject|BreadcrumbList|ListItem,3571,0,0,,2026-09-15T02:25:24.846Z
https://echobuddha.com/learn/buddhism-101/middle-way-explained-for-beginners/,/learn/buddhism-101/middle-way-explained-for-beginners/,LEARN_DETAIL,INDEXABLE_CANONICAL_200,200,200,,https://echobuddha.com/learn/buddhism-101/middle-way-explained-for-beginners/,200,text/html,https://echobuddha.com/learn/buddhism-101/middle-way-explained-for-beginners/,"index, follow",The Middle Way in Buddhism Explained for Beginners | Echo Buddha,The Middle Way Explained for Beginners,YES,3,Article|Organization|ImageObject|BreadcrumbList|ListItem,3706,0,0,,2026-09-15T02:25:24.806Z
https://echobuddha.com/learn/buddhism-101/right-livelihood-buddhism/,/learn/buddhism-101/right-livelihood-buddhism/,LEARN_DETAIL,INDEXABLE_CANONICAL_200,200,200,,https://echobuddha.com/learn/buddhism-101/right-livelihood-buddhism/,200,text/html,https://echobuddha.com/learn/buddhism-101/right-livelihood-buddhism/,"index, follow",Right Livelihood in Buddhism: A Beginner&#39;s Guide to Ethical Work | Echo Buddha,Right Livelihood in Buddhism,YES,7,Article|Organization|ImageObject|BreadcrumbList|ListItem,9118,0,0,,2026-09-15T02:25:24.647Z
https://echobuddha.com/learn/buddhism-101/the-four-noble-truths-explained/,/learn/buddhism-101/the-four-noble-truths-explained/,LEARN_DETAIL,INDEXABLE_CANONICAL_200,200,200,,https://echobuddha.com/learn/buddhism-101/the-four-noble-truths-explained/,200,text/html,https://echobuddha.com/learn/buddhism-101/the-four-noble-truths-explained/,"index, follow",The Four Noble Truths Explained | Echo Buddha,The Four Noble Truths Explained,YES,9,Article|Organization|ImageObject|BreadcrumbList|ListItem,3798,0,0,,2026-09-15T02:25:24.842Z
https://echobuddha.com/learn/buddhism-101/the-noble-eightfold-path-explained/,/learn/buddhism-101/the-noble-eightfold-path-explained/,LEARN_DETAIL,INDEXABLE_CANONICAL_200,200,200,,https://echobuddha.com/learn/buddhism-101/the-noble-eightfold-path-explained/,200,text/html,https://echobuddha.com/learn/buddhism-101/the-noble-eightfold-path-explained/,"index, follow",The Noble Eightfold Path Explained | Echo Buddha,The Noble Eightfold Path Explained,YES,8,Article|Organization|ImageObject|BreadcrumbList|ListItem,3712,0,0,,2026-09-15T02:25:24.900Z
https://echobuddha.com/learn/buddhism-101/the-three-jewels-explained/,/learn/buddhism-101/the-three-jewels-explained/,LEARN_DETAIL,INDEXABLE_CANONICAL_200,200,200,,https://echobuddha.com/learn/buddhism-101/the-three-jewels-explained/,200,text/html,https://echobuddha.com/learn/buddhism-101/the-three-jewels-explained/,"index, follow",The Three Jewels Explained | Echo Buddha,The Three Jewels Explained,YES,12,Article|Organization|ImageObject|BreadcrumbList|ListItem,3719,0,0,,2026-09-15T02:25:24.728Z
https://echobuddha.com/learn/buddhism-101/three-marks-of-existence/,/learn/buddhism-101/three-marks-of-existence/,LEARN_DETAIL,INDEXABLE_CANONICAL_200,200,200,,https://echobuddha.com/learn/buddhism-101/three-marks-of-existence/,200,text/html,https://echobuddha.com/learn/buddhism-101/three-marks-of-existence/,"index, follow",The Three Marks of Existence in Buddhism Explained Simply | Echo Buddha,The Three Marks of Existence,YES,6,Article|Organization|ImageObject|BreadcrumbList|ListItem,8109,0,0,,2026-09-15T02:25:24.906Z
https://echobuddha.com/learn/buddhism-101/threefold-training-sila-samadhi-panna/,/learn/buddhism-101/threefold-training-sila-samadhi-panna/,LEARN_DETAIL,INDEXABLE_CANONICAL_200,200,200,,https://echobuddha.com/learn/buddhism-101/threefold-training-sila-samadhi-panna/,200,text/html,https://echobuddha.com/learn/buddhism-101/threefold-training-sila-samadhi-panna/,"index, follow","Threefold Training in Buddhism: Sila, Samadhi, and Panna | Echo Buddha","The Threefold Training: Sila, Samadhi, and Panna",YES,3,Article|Organization|ImageObject|BreadcrumbList|ListItem,4013,0,0,,2026-09-15T02:25:24.983Z
https://echobuddha.com/learn/buddhism-101/what-is-buddhism/,/learn/buddhism-101/what-is-buddhism/,LEARN_DETAIL,INDEXABLE_CANONICAL_200,200,200,,https://echobuddha.com/learn/buddhism-101/what-is-buddhism/,200,text/html,https://echobuddha.com/learn/buddhism-101/what-is-buddhism/,"index, follow",What Is Buddhism? A Clear Beginner&#39;s Guide | Echo Buddha,What Is Buddhism?,YES,8,Article|Organization|ImageObject|BreadcrumbList|ListItem,6203,0,0,,2026-09-15T02:25:24.983Z
https://echobuddha.com/learn/buddhism-101/what-is-impermanence/,/learn/buddhism-101/what-is-impermanence/,LEARN_DETAIL,INDEXABLE_CANONICAL_200,200,200,,https://echobuddha.com/learn/buddhism-101/what-is-impermanence/,200,text/html,https://echobuddha.com/learn/buddhism-101/what-is-impermanence/,"index, follow",What Is Impermanence? | Echo Buddha,What Is Impermanence?,YES,28,Article|Organization|ImageObject|BreadcrumbList|ListItem,5620,0,0,,2026-09-15T02:25:24.982Z
https://echobuddha.com/learn/buddhism-101/what-is-karma-in-buddhism/,/learn/buddhism-101/what-is-karma-in-buddhism/,LEARN_DETAIL,INDEXABLE_CANONICAL_200,200,200,,https://echobuddha.com/learn/buddhism-101/what-is-karma-in-buddhism/,200,text/html,https://echobuddha.com/learn/buddhism-101/what-is-karma-in-buddhism/,"index, follow",What Is Karma in Buddhism? A Beginner&#39;s Guide | Echo Buddha,What Is Karma in Buddhism?,YES,8,Article|Organization|ImageObject|BreadcrumbList|ListItem,5933,0,0,,2026-09-15T02:25:25.005Z
https://echobuddha.com/learn/buddhism-101/what-is-mindfulness/,/learn/buddhism-101/what-is-mindfulness/,LEARN_DETAIL,INDEXABLE_CANONICAL_200,200,200,,https://echobuddha.com/learn/buddhism-101/what-is-mindfulness/,200,text/html,https://echobuddha.com/learn/buddhism-101/what-is-mindfulness/,"index, follow",What Is Mindfulness? | Echo Buddha,What Is Mindfulness?,YES,41,Article|Organization|ImageObject|BreadcrumbList|ListItem,3541,0,0,,2026-09-15T02:25:25.018Z
https://echobuddha.com/learn/buddhism-101/who-was-the-buddha/,/learn/buddhism-101/who-was-the-buddha/,LEARN_DETAIL,INDEXABLE_CANONICAL_200,200,200,,https://echobuddha.com/learn/buddhism-101/who-was-the-buddha/,200,text/html,https://echobuddha.com/learn/buddhism-101/who-was-the-buddha/,"index, follow",Who Was the Buddha? A Simple Beginner-Friendly Explanation | Echo Buddha,Who Was the Buddha?,YES,5,Article|Organization|ImageObject|BreadcrumbList|ListItem,4373,0,0,,2026-09-15T02:25:24.868Z
https://echobuddha.com/learn/buddhism-for-beginners/,/learn/buddhism-for-beginners/,LEARN_DETAIL,INDEXABLE_CANONICAL_200,200,200,,https://echobuddha.com/learn/buddhism-for-beginners/,200,text/html,https://echobuddha.com/learn/buddhism-for-beginners/,"index, follow",Buddhism for Beginners - Simple Buddhist Teachings | Echo Buddha,Buddhism for Beginners,YES,10,CollectionPage|BreadcrumbList|ListItem|FAQPage|Question|Answer,5845,0,0,,2026-09-15T02:25:25.024Z
https://echobuddha.com/learn/buddhist-dictionary/,/learn/buddhist-dictionary/,DICTIONARY,INDEXABLE_CANONICAL_200,200,200,,https://echobuddha.com/learn/buddhist-dictionary/,200,text/html,https://echobuddha.com/learn/buddhist-dictionary/,"index, follow",Buddhist Dictionary | Echo Buddha,Buddhist Dictionary,YES,22,CollectionPage|DefinedTermSet|DefinedTerm|BreadcrumbList|ListItem,3831,0,0,,2026-09-15T02:25:25.041Z
https://echobuddha.com/learn/buddhist-dictionary/anatta/,/learn/buddhist-dictionary/anatta/,DICTIONARY,INDEXABLE_CANONICAL_200,200,200,,https://echobuddha.com/learn/buddhist-dictionary/anatta/,200,text/html,https://echobuddha.com/learn/buddhist-dictionary/anatta/,"index, follow",Anatta Meaning: Non-Self in Buddhism Explained for Beginners | Echo Buddha,Anatta,YES,14,Article|Organization|ImageObject|BreadcrumbList|ListItem|DefinedTerm|DefinedTermSet,2813,0,0,,2026-09-15T02:25:25.074Z
https://echobuddha.com/learn/buddhist-dictionary/anicca/,/learn/buddhist-dictionary/anicca/,DICTIONARY,INDEXABLE_CANONICAL_200,200,200,,https://echobuddha.com/learn/buddhist-dictionary/anicca/,200,text/html,https://echobuddha.com/learn/buddhist-dictionary/anicca/,"index, follow",Anicca Meaning: Impermanence in Buddhism Explained Simply | Echo Buddha,Anicca,YES,28,Article|Organization|ImageObject|BreadcrumbList|ListItem|DefinedTerm|DefinedTermSet,2798,0,0,,2026-09-15T02:25:25.087Z
https://echobuddha.com/learn/buddhist-dictionary/compassion/,/learn/buddhist-dictionary/compassion/,DICTIONARY,INDEXABLE_CANONICAL_200,200,200,,https://echobuddha.com/learn/buddhist-dictionary/compassion/,200,text/html,https://echobuddha.com/learn/buddhist-dictionary/compassion/,"index, follow",Compassion Meaning in Buddhist Wisdom | Echo Buddha,Compassion,YES,45,Article|Organization|ImageObject|BreadcrumbList|ListItem|DefinedTerm|DefinedTermSet,2577,0,0,,2026-09-15T02:25:25.115Z
https://echobuddha.com/learn/buddhist-dictionary/dhamma/,/learn/buddhist-dictionary/dhamma/,DICTIONARY,INDEXABLE_CANONICAL_200,200,200,,https://echobuddha.com/learn/buddhist-dictionary/dhamma/,200,text/html,https://echobuddha.com/learn/buddhist-dictionary/dhamma/,"index, follow",Dhamma Meaning: Buddhist Teaching and Truth | Echo Buddha,Dhamma,YES,73,Article|Organization|ImageObject|BreadcrumbList|ListItem|DefinedTerm|DefinedTermSet,4785,0,0,,2026-09-15T02:25:25.139Z
https://echobuddha.com/learn/buddhist-dictionary/dukkha/,/learn/buddhist-dictionary/dukkha/,DICTIONARY,INDEXABLE_CANONICAL_200,200,200,,https://echobuddha.com/learn/buddhist-dictionary/dukkha/,200,text/html,https://echobuddha.com/learn/buddhist-dictionary/dukkha/,"index, follow",Dukkha Meaning: Suffering and Unsatisfactoriness in Buddhism | Echo Buddha,Dukkha,YES,45,Article|Organization|ImageObject|BreadcrumbList|ListItem|DefinedTerm|DefinedTermSet,2838,0,0,,2026-09-15T02:25:25.148Z
https://echobuddha.com/learn/buddhist-dictionary/karma/,/learn/buddhist-dictionary/karma/,DICTIONARY,INDEXABLE_CANONICAL_200,200,200,,https://echobuddha.com/learn/buddhist-dictionary/karma/,200,text/html,https://echobuddha.com/learn/buddhist-dictionary/karma/,"index, follow","Karma Meaning in Buddhism: Intention, Action, and Consequences | Echo Buddha",Karma,YES,35,Article|Organization|ImageObject|BreadcrumbList|ListItem|DefinedTerm|DefinedTermSet,2877,0,0,,2026-09-15T02:25:25.224Z
https://echobuddha.com/learn/buddhist-dictionary/karuna/,/learn/buddhist-dictionary/karuna/,DICTIONARY,INDEXABLE_CANONICAL_200,200,200,,https://echobuddha.com/learn/buddhist-dictionary/karuna/,200,text/html,https://echobuddha.com/learn/buddhist-dictionary/karuna/,"index, follow",Karuna Meaning: Compassion in Buddhism | Echo Buddha,Karuna,YES,11,Article|Organization|ImageObject|BreadcrumbList|ListItem|DefinedTerm|DefinedTermSet,2595,0,0,,2026-09-15T02:25:25.282Z
https://echobuddha.com/learn/buddhist-dictionary/metta/,/learn/buddhist-dictionary/metta/,DICTIONARY,INDEXABLE_CANONICAL_200,200,200,,https://echobuddha.com/learn/buddhist-dictionary/metta/,200,text/html,https://echobuddha.com/learn/buddhist-dictionary/metta/,"index, follow",Metta Meaning: Loving-Kindness in Buddhism | Echo Buddha,Metta,YES,22,Article|Organization|ImageObject|BreadcrumbList|ListItem|DefinedTerm|DefinedTermSet,4873,0,0,,2026-09-15T02:25:25.225Z
https://echobuddha.com/learn/buddhist-dictionary/mindfulness/,/learn/buddhist-dictionary/mindfulness/,DICTIONARY,INDEXABLE_CANONICAL_200,200,200,,https://echobuddha.com/learn/buddhist-dictionary/mindfulness/,200,text/html,https://echobuddha.com/learn/buddhist-dictionary/mindfulness/,"index, follow",Mindfulness Meaning in Buddhist Practice | Echo Buddha,Mindfulness,YES,34,Article|Organization|ImageObject|BreadcrumbList|ListItem|DefinedTerm|DefinedTermSet,2615,0,0,,2026-09-15T02:25:25.245Z
https://echobuddha.com/learn/buddhist-dictionary/nirvana/,/learn/buddhist-dictionary/nirvana/,DICTIONARY,INDEXABLE_CANONICAL_200,200,200,,https://echobuddha.com/learn/buddhist-dictionary/nirvana/,200,text/html,https://echobuddha.com/learn/buddhist-dictionary/nirvana/,"index, follow",Nirvana Meaning in Buddhism Explained Simply | Echo Buddha,Nirvana,YES,4,Article|Organization|ImageObject|BreadcrumbList|ListItem|DefinedTerm|DefinedTermSet,2708,0,0,,2026-09-15T02:25:25.263Z
https://echobuddha.com/learn/buddhist-dictionary/pali-canon/,/learn/buddhist-dictionary/pali-canon/,DICTIONARY,INDEXABLE_CANONICAL_200,200,200,,https://echobuddha.com/learn/buddhist-dictionary/pali-canon/,200,text/html,https://echobuddha.com/learn/buddhist-dictionary/pali-canon/,"index, follow",Pali Canon Meaning for Beginners | Echo Buddha,Pali Canon,YES,6,Article|Organization|ImageObject|BreadcrumbList|ListItem|DefinedTerm|DefinedTermSet,3555,0,0,,2026-09-15T02:25:25.257Z
https://echobuddha.com/learn/buddhist-dictionary/sangha/,/learn/buddhist-dictionary/sangha/,DICTIONARY,INDEXABLE_CANONICAL_200,200,200,,https://echobuddha.com/learn/buddhist-dictionary/sangha/,200,text/html,https://echobuddha.com/learn/buddhist-dictionary/sangha/,"index, follow",Sangha Meaning: Buddhist Community Explained Simply | Echo Buddha,Sangha,YES,7,Article|Organization|ImageObject|BreadcrumbList|ListItem|DefinedTerm|DefinedTermSet,3027,0,0,,2026-09-15T02:25:25.342Z
https://echobuddha.com/learn/buddhist-dictionary/sati/,/learn/buddhist-dictionary/sati/,DICTIONARY,INDEXABLE_CANONICAL_200,200,200,,https://echobuddha.com/learn/buddhist-dictionary/sati/,200,text/html,https://echobuddha.com/learn/buddhist-dictionary/sati/,"index, follow",Sati Meaning: Mindfulness in Buddhist Practice | Echo Buddha,Sati,YES,60,Article|Organization|ImageObject|BreadcrumbList|ListItem|DefinedTerm|DefinedTermSet,2696,0,0,,2026-09-15T02:25:25.333Z
https://echobuddha.com/learn/buddhist-dictionary/sutta/,/learn/buddhist-dictionary/sutta/,DICTIONARY,INDEXABLE_CANONICAL_200,200,200,,https://echobuddha.com/learn/buddhist-dictionary/sutta/,200,text/html,https://echobuddha.com/learn/buddhist-dictionary/sutta/,"index, follow",Sutta Meaning in Buddhism | Echo Buddha,Sutta,YES,8,Article|Organization|ImageObject|BreadcrumbList|ListItem|DefinedTerm|DefinedTermSet,3133,0,0,,2026-09-15T02:25:25.334Z
https://echobuddha.com/learn/buddhist-resources/,/learn/buddhist-resources/,LEARN_NAVIGATION,INDEXABLE_CANONICAL_200,200,200,,https://echobuddha.com/learn/buddhist-resources/,200,text/html,https://echobuddha.com/learn/buddhist-resources/,"index, follow",Buddhist Resources | Echo Buddha,Buddhist Resources,YES,7,CollectionPage|BreadcrumbList|ListItem,4953,0,0,,2026-09-15T02:25:25.356Z
https://echobuddha.com/learn/dhammapada-reflections/,/learn/dhammapada-reflections/,LEARN_NAVIGATION,INDEXABLE_CANONICAL_200,200,200,,https://echobuddha.com/learn/dhammapada-reflections/,200,text/html,https://echobuddha.com/learn/dhammapada-reflections/,"index, follow",Dhammapada Reflections | Echo Buddha,Dhammapada Reflections,YES,13,CollectionPage|BreadcrumbList|ListItem,3058,0,0,,2026-09-15T02:25:25.445Z
https://echobuddha.com/learn/dhammapada-reflections/avoid-evil-do-good-purify-the-mind/,/learn/dhammapada-reflections/avoid-evil-do-good-purify-the-mind/,LEARN_DETAIL,INDEXABLE_CANONICAL_200,200,200,,https://echobuddha.com/learn/dhammapada-reflections/avoid-evil-do-good-purify-the-mind/,200,text/html,https://echobuddha.com/learn/dhammapada-reflections/avoid-evil-do-good-purify-the-mind/,"index, follow","Avoid Evil, Do Good, Purify the Mind | Echo Buddha","Avoid Evil, Do Good, Purify the Mind",YES,3,Article|Organization|ImageObject|BreadcrumbList|ListItem,3608,0,0,,2026-09-15T02:25:25.404Z
https://echobuddha.com/learn/dhammapada-reflections/better-than-a-thousand-empty-words/,/learn/dhammapada-reflections/better-than-a-thousand-empty-words/,LEARN_DETAIL,INDEXABLE_CANONICAL_200,200,200,,https://echobuddha.com/learn/dhammapada-reflections/better-than-a-thousand-empty-words/,200,text/html,https://echobuddha.com/learn/dhammapada-reflections/better-than-a-thousand-empty-words/,"index, follow",Better Than a Thousand Empty Words | Echo Buddha,Better Than a Thousand Empty Words,YES,3,Article|Organization|ImageObject|BreadcrumbList|ListItem,3296,0,0,,2026-09-15T02:25:25.521Z
https://echobuddha.com/learn/dhammapada-reflections/hatred-is-not-ended-by-hatred/,/learn/dhammapada-reflections/hatred-is-not-ended-by-hatred/,LEARN_DETAIL,INDEXABLE_CANONICAL_200,200,200,,https://echobuddha.com/learn/dhammapada-reflections/hatred-is-not-ended-by-hatred/,200,text/html,https://echobuddha.com/learn/dhammapada-reflections/hatred-is-not-ended-by-hatred/,"index, follow",Hatred Is Not Ended by Hatred | Echo Buddha,Hatred Is Not Ended by Hatred,YES,3,Article|Organization|ImageObject|BreadcrumbList|ListItem,3233,0,0,,2026-09-15T02:25:25.457Z
https://echobuddha.com/learn/dhammapada-reflections/peace-comes-from-a-trained-mind/,/learn/dhammapada-reflections/peace-comes-from-a-trained-mind/,LEARN_DETAIL,INDEXABLE_CANONICAL_200,200,200,,https://echobuddha.com/learn/dhammapada-reflections/peace-comes-from-a-trained-mind/,200,text/html,https://echobuddha.com/learn/dhammapada-reflections/peace-comes-from-a-trained-mind/,"index, follow",Peace Comes from a Trained Mind | Echo Buddha,Peace Comes from a Trained Mind,YES,4,Article|Organization|ImageObject|BreadcrumbList|ListItem,3289,0,0,,2026-09-15T02:25:25.487Z
https://echobuddha.com/learn/dhammapada-reflections/the-mind-leads-all-things/,/learn/dhammapada-reflections/the-mind-leads-all-things/,LEARN_DETAIL,INDEXABLE_CANONICAL_200,200,200,,https://echobuddha.com/learn/dhammapada-reflections/the-mind-leads-all-things/,200,text/html,https://echobuddha.com/learn/dhammapada-reflections/the-mind-leads-all-things/,"index, follow",The Mind Leads All Things | Echo Buddha,The Mind Leads All Things,YES,5,Article|Organization|ImageObject|BreadcrumbList|ListItem,3304,0,0,,2026-09-15T02:25:25.496Z
https://echobuddha.com/learn/eightfold-path/,/learn/eightfold-path/,LEARN_DETAIL,INDEXABLE_CANONICAL_200,200,200,,https://echobuddha.com/learn/eightfold-path/,200,text/html,https://echobuddha.com/learn/eightfold-path/,"index, follow",Noble Eightfold Path for Daily Life | Echo Buddha,The Noble Eightfold Path for Daily Life,YES,42,Article|Organization|ImageObject|BreadcrumbList|ListItem,6030,0,0,,2026-09-15T02:25:25.514Z
https://echobuddha.com/learn/four-noble-truths/,/learn/four-noble-truths/,LEARN_DETAIL,INDEXABLE_CANONICAL_200,200,200,,https://echobuddha.com/learn/four-noble-truths/,200,text/html,https://echobuddha.com/learn/four-noble-truths/,"index, follow",Four Noble Truths Explained for Beginners | Echo Buddha,The Four Noble Truths Explained for Beginners,YES,17,Article|Organization|ImageObject|BreadcrumbList|ListItem,5696,0,0,,2026-09-15T02:25:25.348Z
https://echobuddha.com/learn/questions-about-buddhism/,/learn/questions-about-buddhism/,LEARN_NAVIGATION,INDEXABLE_CANONICAL_200,200,200,,https://echobuddha.com/learn/questions-about-buddhism/,200,text/html,https://echobuddha.com/learn/questions-about-buddhism/,"index, follow",Questions About Buddhism | Echo Buddha,Questions About Buddhism,YES,9,FAQPage|Question|Answer|BreadcrumbList|ListItem,8896,0,0,,2026-09-15T02:25:25.400Z
https://echobuddha.com/learn/sutta-for-daily-life/,/learn/sutta-for-daily-life/,LEARN_NAVIGATION,INDEXABLE_CANONICAL_200,200,200,,https://echobuddha.com/learn/sutta-for-daily-life/,200,text/html,https://echobuddha.com/learn/sutta-for-daily-life/,"index, follow",Sutta for Daily Life | Echo Buddha,Sutta for Daily Life,YES,12,CollectionPage|BreadcrumbList|ListItem,3691,0,0,,2026-09-15T02:25:25.593Z
https://echobuddha.com/learn/sutta-for-daily-life/buddhas-teaching-on-patience/,/learn/sutta-for-daily-life/buddhas-teaching-on-patience/,LEARN_DETAIL,INDEXABLE_CANONICAL_200,200,200,,https://echobuddha.com/learn/sutta-for-daily-life/buddhas-teaching-on-patience/,200,text/html,https://echobuddha.com/learn/sutta-for-daily-life/buddhas-teaching-on-patience/,"index, follow",The Buddha&#39;s Teaching on Patience | Echo Buddha,The Buddha&#39;s Teaching on Patience,YES,4,Article|Organization|ImageObject|BreadcrumbList|ListItem,2985,0,0,,2026-09-15T02:25:25.598Z
https://echobuddha.com/learn/sutta-for-daily-life/dhammacakkappavattana-sutta-four-noble-truths/,/learn/sutta-for-daily-life/dhammacakkappavattana-sutta-four-noble-truths/,LEARN_DETAIL,INDEXABLE_CANONICAL_200,200,200,,https://echobuddha.com/learn/sutta-for-daily-life/dhammacakkappavattana-sutta-four-noble-truths/,200,text/html,https://echobuddha.com/learn/sutta-for-daily-life/dhammacakkappavattana-sutta-four-noble-truths/,"index, follow",Dhammacakkappavattana Sutta and the Four Noble Truths | Echo Buddha,Dhammacakkappavattana Sutta: Four Noble Truths in Context,YES,4,Article|Organization|ImageObject|BreadcrumbList|ListItem,4868,0,0,,2026-09-15T02:25:25.596Z
https://echobuddha.com/learn/sutta-for-daily-life/how-to-read-a-buddhist-sutta/,/learn/sutta-for-daily-life/how-to-read-a-buddhist-sutta/,LEARN_DETAIL,INDEXABLE_CANONICAL_200,200,200,,https://echobuddha.com/learn/sutta-for-daily-life/how-to-read-a-buddhist-sutta/,200,text/html,https://echobuddha.com/learn/sutta-for-daily-life/how-to-read-a-buddhist-sutta/,"index, follow",How to Read a Buddhist Sutta: A Beginner&#39;s Guide | Echo Buddha,How to Read a Buddhist Sutta: A Beginner&#39;s Guide,YES,2,Article|Organization|ImageObject|BreadcrumbList|ListItem,11092,0,0,,2026-09-15T02:25:25.846Z
https://echobuddha.com/learn/sutta-for-daily-life/kalama-sutta-and-wise-thinking/,/learn/sutta-for-daily-life/kalama-sutta-and-wise-thinking/,LEARN_DETAIL,INDEXABLE_CANONICAL_200,200,200,,https://echobuddha.com/learn/sutta-for-daily-life/kalama-sutta-and-wise-thinking/,200,text/html,https://echobuddha.com/learn/sutta-for-daily-life/kalama-sutta-and-wise-thinking/,"index, follow",The Kalama Sutta and Wise Thinking | Echo Buddha,The Kalama Sutta and Wise Thinking,YES,3,Article|Organization|ImageObject|BreadcrumbList|ListItem,3326,0,0,,2026-09-15T02:25:25.640Z
https://echobuddha.com/learn/sutta-for-daily-life/magga-vibhanga-sutta-eightfold-path/,/learn/sutta-for-daily-life/magga-vibhanga-sutta-eightfold-path/,LEARN_DETAIL,INDEXABLE_CANONICAL_200,200,200,,https://echobuddha.com/learn/sutta-for-daily-life/magga-vibhanga-sutta-eightfold-path/,200,text/html,https://echobuddha.com/learn/sutta-for-daily-life/magga-vibhanga-sutta-eightfold-path/,"index, follow",Magga-vibhanga Sutta and the Noble Eightfold Path | Echo Buddha,Magga-vibhanga Sutta: Eightfold Path Explained Simply,YES,4,Article|Organization|ImageObject|BreadcrumbList|ListItem,4776,0,0,,2026-09-15T02:25:25.657Z
https://echobuddha.com/learn/sutta-for-daily-life/metta-sutta-explained-for-daily-life/,/learn/sutta-for-daily-life/metta-sutta-explained-for-daily-life/,LEARN_DETAIL,INDEXABLE_CANONICAL_200,200,200,,https://echobuddha.com/learn/sutta-for-daily-life/metta-sutta-explained-for-daily-life/,200,text/html,https://echobuddha.com/learn/sutta-for-daily-life/metta-sutta-explained-for-daily-life/,"index, follow",The Metta Sutta Explained for Daily Life | Echo Buddha,The Metta Sutta Explained for Daily Life,YES,4,Article|Organization|ImageObject|BreadcrumbList|ListItem,4912,0,0,,2026-09-15T02:25:25.681Z
https://echobuddha.com/learn/sutta-for-daily-life/mindfulness-of-breathing-explained-simply/,/learn/sutta-for-daily-life/mindfulness-of-breathing-explained-simply/,LEARN_DETAIL,INDEXABLE_CANONICAL_200,200,200,,https://echobuddha.com/learn/sutta-for-daily-life/mindfulness-of-breathing-explained-simply/,200,text/html,https://echobuddha.com/learn/sutta-for-daily-life/mindfulness-of-breathing-explained-simply/,"index, follow",Mindfulness of Breathing Explained Simply | Echo Buddha,Mindfulness of Breathing Explained Simply,YES,3,Article|Organization|ImageObject|BreadcrumbList|ListItem,3186,0,0,,2026-09-15T02:25:25.698Z
https://echobuddha.com/learn/sutta-for-daily-life/right-speech-in-daily-life/,/learn/sutta-for-daily-life/right-speech-in-daily-life/,LEARN_DETAIL,INDEXABLE_CANONICAL_200,200,200,,https://echobuddha.com/learn/sutta-for-daily-life/right-speech-in-daily-life/,200,text/html,https://echobuddha.com/learn/sutta-for-daily-life/right-speech-in-daily-life/,"index, follow",Right Speech in Daily Life | Echo Buddha,Right Speech in Daily Life,YES,11,Article|Organization|ImageObject|BreadcrumbList|ListItem,2959,0,0,,2026-09-15T02:25:25.713Z
https://echobuddha.com/meditation-guide/,/meditation-guide/,OTHER,INDEXABLE_CANONICAL_200,200,200,,https://echobuddha.com/meditation-guide/,200,text/html,https://echobuddha.com/meditation-guide/,"index, follow",Meditation Guide for Beginners | Echo Buddha,Meditation Guide for Beginners,YES,14,HowTo|HowToStep|FAQPage|Question|Answer|BreadcrumbList|ListItem,10751,0,0,,2026-09-15T02:25:25.798Z
https://echobuddha.com/meditation-safety/,/meditation-safety/,TRUST,INDEXABLE_CANONICAL_200,200,200,,https://echobuddha.com/meditation-safety/,200,text/html,https://echobuddha.com/meditation-safety/,"index, follow",Meditation Safety and Gentle Practice | Echo Buddha,Meditation Safety and Gentle Practice,YES,55,WebPage|Organization|ImageObject,3291,0,0,,2026-09-15T02:25:25.803Z
https://echobuddha.com/meditation/,/meditation/,MEDITATION,INDEXABLE_CANONICAL_200,200,200,,https://echobuddha.com/meditation/,200,text/html,https://echobuddha.com/meditation/,"index, follow",Beginner Meditation Guides and Mindfulness Practices | Echo Buddha,Beginner Meditation Guides and Mindfulness Practices,YES,343,CollectionPage|WebSite|BreadcrumbList|ListItem,3004,0,0,,2026-09-15T02:25:25.754Z
https://echobuddha.com/meditation/10-minute-meditation-practice/,/meditation/10-minute-meditation-practice/,MEDITATION,INDEXABLE_CANONICAL_200,200,200,,https://echobuddha.com/meditation/10-minute-meditation-practice/,200,text/html,https://echobuddha.com/meditation/10-minute-meditation-practice/,"index, follow",10-Minute Meditation Practice | Echo Buddha,10-Minute Meditation Practice,YES,3,Article|Organization|ImageObject|BreadcrumbList|ListItem,3975,0,0,,2026-09-15T02:25:25.828Z
https://echobuddha.com/meditation/5-minute-meditation-practice/,/meditation/5-minute-meditation-practice/,MEDITATION,INDEXABLE_CANONICAL_200,200,200,,https://echobuddha.com/meditation/5-minute-meditation-practice/,200,text/html,https://echobuddha.com/meditation/5-minute-meditation-practice/,"index, follow",5-Minute Meditation Practice | Echo Buddha,5-Minute Meditation Practice,YES,5,Article|Organization|ImageObject|BreadcrumbList|ListItem,3600,0,0,,2026-09-15T02:25:25.849Z
https://echobuddha.com/meditation/breathing-meditation/,/meditation/breathing-meditation/,MEDITATION,INDEXABLE_CANONICAL_200,200,200,,https://echobuddha.com/meditation/breathing-meditation/,200,text/html,https://echobuddha.com/meditation/breathing-meditation/,"index, follow",Breathing Meditation | Echo Buddha,Breathing Meditation,YES,10,Article|Organization|ImageObject|BreadcrumbList|ListItem,5406,0,0,,2026-09-15T02:25:25.844Z
https://echobuddha.com/meditation/loving-kindness-meditation/,/meditation/loving-kindness-meditation/,MEDITATION,INDEXABLE_CANONICAL_200,200,200,,https://echobuddha.com/meditation/loving-kindness-meditation/,200,text/html,https://echobuddha.com/meditation/loving-kindness-meditation/,"index, follow",Loving-Kindness Meditation | Echo Buddha,Loving-Kindness Meditation,YES,11,Article|Organization|ImageObject|BreadcrumbList|ListItem,5182,0,0,,2026-09-15T02:25:25.881Z
https://echobuddha.com/meditation/meditation-for-beginners/,/meditation/meditation-for-beginners/,MEDITATION,INDEXABLE_CANONICAL_200,200,200,,https://echobuddha.com/meditation/meditation-for-beginners/,200,text/html,https://echobuddha.com/meditation/meditation-for-beginners/,"index, follow",Meditation for Beginners | Echo Buddha,Meditation for Beginners,YES,37,Article|Organization|ImageObject|BreadcrumbList|ListItem,3706,0,0,,2026-09-15T02:25:25.922Z
https://echobuddha.com/meditation/meditation-posture-for-beginners/,/meditation/meditation-posture-for-beginners/,MEDITATION,INDEXABLE_CANONICAL_200,200,200,,https://echobuddha.com/meditation/meditation-posture-for-beginners/,200,text/html,https://echobuddha.com/meditation/meditation-posture-for-beginners/,"index, follow",Meditation Posture for Beginners | Echo Buddha,Meditation Posture for Beginners,YES,3,Article|Organization|ImageObject|BreadcrumbList|ListItem,4117,0,0,,2026-09-15T02:25:25.991Z
https://echobuddha.com/meditation/mindfulness-in-daily-life/,/meditation/mindfulness-in-daily-life/,MEDITATION,INDEXABLE_CANONICAL_200,200,200,,https://echobuddha.com/meditation/mindfulness-in-daily-life/,200,text/html,https://echobuddha.com/meditation/mindfulness-in-daily-life/,"index, follow",Mindfulness in Daily Life | Echo Buddha,Mindfulness in Daily Life,YES,5,Article|Organization|ImageObject|BreadcrumbList|ListItem,3734,0,0,,2026-09-15T02:25:25.989Z
https://echobuddha.com/meditation/walking-meditation/,/meditation/walking-meditation/,MEDITATION,INDEXABLE_CANONICAL_200,200,200,,https://echobuddha.com/meditation/walking-meditation/,200,text/html,https://echobuddha.com/meditation/walking-meditation/,"index, follow",Walking Meditation | Echo Buddha,Walking Meditation,YES,5,Article|Organization|ImageObject|BreadcrumbList|ListItem,5024,0,0,,2026-09-15T02:25:25.968Z
https://echobuddha.com/meditation/when-meditation-feels-hard/,/meditation/when-meditation-feels-hard/,MEDITATION,INDEXABLE_CANONICAL_200,200,200,,https://echobuddha.com/meditation/when-meditation-feels-hard/,200,text/html,https://echobuddha.com/meditation/when-meditation-feels-hard/,"index, follow",What to Do When Meditation Feels Hard | Echo Buddha,What to Do When Meditation Feels Hard,YES,2,Article|Organization|ImageObject|BreadcrumbList|ListItem,5253,0,0,,2026-09-15T02:25:26.303Z
https://echobuddha.com/mindful-living/,/mindful-living/,OTHER,INDEXABLE_CANONICAL_200,200,200,,https://echobuddha.com/mindful-living/,200,text/html,https://echobuddha.com/mindful-living/,"index, follow",Mindful Living with Buddhist Wisdom | Echo Buddha,Mindful Living with Buddhist Wisdom,YES,4,CollectionPage|BreadcrumbList|ListItem|FAQPage|Question|Answer,5577,0,0,,2026-09-15T02:25:26.041Z
https://echobuddha.com/privacy-policy/,/privacy-policy/,LEGAL,INDEXABLE_CANONICAL_200,200,200,,https://echobuddha.com/privacy-policy/,200,text/html,https://echobuddha.com/privacy-policy/,"index, follow",Privacy Policy | Echo Buddha,Privacy Policy,YES,343,PrivacyPolicy|Organization|ImageObject,4271,0,0,,2026-09-15T02:25:26.047Z
https://echobuddha.com/quote-attribution-policy/,/quote-attribution-policy/,TRUST,INDEXABLE_CANONICAL_200,200,200,,https://echobuddha.com/quote-attribution-policy/,200,text/html,https://echobuddha.com/quote-attribution-policy/,"index, follow",Quote Attribution Policy | Echo Buddha,Quote Attribution Policy,YES,170,WebPage|Organization|ImageObject,3804,0,0,,2026-09-15T02:25:26.088Z
https://echobuddha.com/quotes/,/quotes/,QUOTE,INDEXABLE_CANONICAL_200,200,200,,https://echobuddha.com/quotes/,200,text/html,https://echobuddha.com/quotes/,"index, follow",Original Buddhist-Inspired Quotes | Echo Buddha,Original Buddhist-Inspired Quotes,YES,343,CollectionPage|BreadcrumbList|ListItem,18762,0,0,,2026-09-15T02:25:26.080Z
https://echobuddha.com/quotes/awareness/,/quotes/awareness/,QUOTE,INDEXABLE_CANONICAL_200,200,200,,https://echobuddha.com/quotes/awareness/,200,text/html,https://echobuddha.com/quotes/awareness/,"index, follow",Original Awareness Quotes Inspired by Buddhist Practice | Echo Buddha,Original Awareness Quotes,YES,37,CollectionPage|BreadcrumbList|ListItem,4816,0,0,,2026-09-15T02:25:26.113Z
https://echobuddha.com/quotes/awareness/acceptance-before-next-step/,/quotes/awareness/acceptance-before-next-step/,QUOTE,NOINDEX_USER_PAGE_200,200,200,,https://echobuddha.com/quotes/awareness/acceptance-before-next-step/,200,text/html,https://echobuddha.com/quotes/awareness/acceptance-before-next-step/,"noindex, follow",Acceptance Mindfulness Quote: Naming the Moment Clearly | Echo Buddha,Acceptance Mindfulness Quote: Naming the Moment Clearly,NO,2,WebPage|Organization|ImageObject|Thing|Quotation|CollectionPage|BreadcrumbList|ListItem,5300,0,0,,2026-09-15T02:25:26.111Z
https://echobuddha.com/quotes/awareness/anger-asks-for-speed-awareness-asks-for-one-more/,/quotes/awareness/anger-asks-for-speed-awareness-asks-for-one-more/,QUOTE,NOINDEX_USER_PAGE_200,200,200,,https://echobuddha.com/quotes/awareness/anger-asks-for-speed-awareness-asks-for-one-more/,200,text/html,https://echobuddha.com/quotes/awareness/anger-asks-for-speed-awareness-asks-for-one-more/,"noindex, follow",Original Awareness Reflection: Anger asks for speed; awareness... | Echo Buddha,Original Awareness Reflection: Anger asks for speed; awareness...,NO,17,WebPage|Organization|ImageObject|Thing|Quotation|CollectionPage|BreadcrumbList|ListItem,4163,0,0,,2026-09-15T02:25:26.115Z
https://echobuddha.com/quotes/awareness/awareness-does-not-remove-the-storm-it-keeps-you/,/quotes/awareness/awareness-does-not-remove-the-storm-it-keeps-you/,QUOTE,NOINDEX_USER_PAGE_200,200,200,,https://echobuddha.com/quotes/awareness/awareness-does-not-remove-the-storm-it-keeps-you/,200,text/html,https://echobuddha.com/quotes/awareness/awareness-does-not-remove-the-storm-it-keeps-you/,"noindex, follow",Original Awareness Reflection: Awareness does not remove the... | Echo Buddha,Original Awareness Reflection: Awareness does not remove the...,NO,2,WebPage|Organization|ImageObject|Thing|Quotation|CollectionPage|BreadcrumbList|ListItem,4211,0,0,,2026-09-15T02:25:26.166Z
https://echobuddha.com/quotes/awareness/clear-seeing-begins-with-the-courage-to-stop-looking/,/quotes/awareness/clear-seeing-begins-with-the-courage-to-stop-looking/,QUOTE,NOINDEX_USER_PAGE_200,200,200,,https://echobuddha.com/quotes/awareness/clear-seeing-begins-with-the-courage-to-stop-looking/,200,text/html,https://echobuddha.com/quotes/awareness/clear-seeing-begins-with-the-courage-to-stop-looking/,"noindex, follow",Original Awareness Reflection: Clear seeing begins with the... | Echo Buddha,Original Awareness Reflection: Clear seeing begins with the...,NO,2,WebPage|Organization|ImageObject|Thing|Quotation|CollectionPage|BreadcrumbList|ListItem,4174,0,0,,2026-09-15T02:25:26.234Z
https://echobuddha.com/quotes/awareness/feelings-are-honest-about-their-presence-not-always-about/,/quotes/awareness/feelings-are-honest-about-their-presence-not-always-about/,QUOTE,NOINDEX_USER_PAGE_200,200,200,,https://echobuddha.com/quotes/awareness/feelings-are-honest-about-their-presence-not-always-about/,200,text/html,https://echobuddha.com/quotes/awareness/feelings-are-honest-about-their-presence-not-always-about/,"noindex, follow",Original Awareness Reflection: Feelings are honest about their... | Echo Buddha,Original Awareness Reflection: Feelings are honest about their...,NO,2,WebPage|Organization|ImageObject|Thing|Quotation|CollectionPage|BreadcrumbList|ListItem,4231,0,0,,2026-09-15T02:25:26.225Z
https://echobuddha.com/quotes/awareness/feelings-without-the-wheel/,/quotes/awareness/feelings-without-the-wheel/,QUOTE,NOINDEX_USER_PAGE_200,200,200,,https://echobuddha.com/quotes/awareness/feelings-without-the-wheel/,200,text/html,https://echobuddha.com/quotes/awareness/feelings-without-the-wheel/,"noindex, follow",Emotional Balance Quote: Feel Deeply Without Being Ruled | Echo Buddha,Emotional Balance Quote: Feel Deeply Without Being Ruled,NO,2,WebPage|Organization|ImageObject|Thing|Quotation|CollectionPage|BreadcrumbList|ListItem,5216,0,0,,2026-09-15T02:25:26.258Z
https://echobuddha.com/quotes/awareness/look-beneath-the-reaction-and-you-may-find-a/,/quotes/awareness/look-beneath-the-reaction-and-you-may-find-a/,QUOTE,NOINDEX_USER_PAGE_200,200,200,,https://echobuddha.com/quotes/awareness/look-beneath-the-reaction-and-you-may-find-a/,200,text/html,https://echobuddha.com/quotes/awareness/look-beneath-the-reaction-and-you-may-find-a/,"noindex, follow",Original Awareness Reflection: Look beneath the reaction and... | Echo Buddha,Original Awareness Reflection: Look beneath the reaction and...,NO,2,WebPage|Organization|ImageObject|Thing|Quotation|CollectionPage|BreadcrumbList|ListItem,4206,0,0,,2026-09-15T02:25:26.275Z
https://echobuddha.com/quotes/awareness/name-the-feeling-gently-and-it-may-stop-speaking/,/quotes/awareness/name-the-feeling-gently-and-it-may-stop-speaking/,QUOTE,NOINDEX_USER_PAGE_200,200,200,,https://echobuddha.com/quotes/awareness/name-the-feeling-gently-and-it-may-stop-speaking/,200,text/html,https://echobuddha.com/quotes/awareness/name-the-feeling-gently-and-it-may-stop-speaking/,"noindex, follow","Original Awareness Reflection: Name the feeling gently, and... | Echo Buddha","Original Awareness Reflection: Name the feeling gently, and...",NO,17,WebPage|Organization|ImageObject|Thing|Quotation|CollectionPage|BreadcrumbList|ListItem,4177,0,0,,2026-09-15T02:25:26.291Z
https://echobuddha.com/quotes/awareness/notice-the-habit-before-trying-to-become-someone-without/,/quotes/awareness/notice-the-habit-before-trying-to-become-someone-without/,QUOTE,NOINDEX_USER_PAGE_200,200,200,,https://echobuddha.com/quotes/awareness/notice-the-habit-before-trying-to-become-someone-without/,200,text/html,https://echobuddha.com/quotes/awareness/notice-the-habit-before-trying-to-become-someone-without/,"noindex, follow",Original Awareness Reflection: Notice the habit before trying... | Echo Buddha,Original Awareness Reflection: Notice the habit before trying...,NO,2,WebPage|Organization|ImageObject|Thing|Quotation|CollectionPage|BreadcrumbList|ListItem,4158,0,0,,2026-09-15T02:25:26.307Z
https://echobuddha.com/quotes/awareness/one-breath-before-anger-replies/,/quotes/awareness/one-breath-before-anger-replies/,QUOTE,NOINDEX_USER_PAGE_200,200,200,,https://echobuddha.com/quotes/awareness/one-breath-before-anger-replies/,200,text/html,https://echobuddha.com/quotes/awareness/one-breath-before-anger-replies/,"noindex, follow",Buddhist Quote About Anger: One Breath Before Reply | Echo Buddha,Buddhist Quote About Anger: One Breath Before Reply,NO,2,WebPage|Organization|ImageObject|Thing|Quotation|CollectionPage|BreadcrumbList|ListItem,5140,0,0,,2026-09-15T02:25:26.390Z
https://echobuddha.com/quotes/awareness/small-acts-of-attention-can-turn-an-ordinary-day/,/quotes/awareness/small-acts-of-attention-can-turn-an-ordinary-day/,QUOTE,NOINDEX_USER_PAGE_200,200,200,,https://echobuddha.com/quotes/awareness/small-acts-of-attention-can-turn-an-ordinary-day/,200,text/html,https://echobuddha.com/quotes/awareness/small-acts-of-attention-can-turn-an-ordinary-day/,"noindex, follow",Original Awareness Reflection: Small acts of attention can... | Echo Buddha,Original Awareness Reflection: Small acts of attention can...,NO,17,WebPage|Organization|ImageObject|Thing|Quotation|CollectionPage|BreadcrumbList|ListItem,4154,0,0,,2026-09-15T02:25:26.345Z
https://echobuddha.com/quotes/awareness/the-body-often-knows-you-are-overwhelmed-before-the/,/quotes/awareness/the-body-often-knows-you-are-overwhelmed-before-the/,QUOTE,NOINDEX_USER_PAGE_200,200,200,,https://echobuddha.com/quotes/awareness/the-body-often-knows-you-are-overwhelmed-before-the/,200,text/html,https://echobuddha.com/quotes/awareness/the-body-often-knows-you-are-overwhelmed-before-the/,"noindex, follow",Original Awareness Reflection: The body often knows you... | Echo Buddha,Original Awareness Reflection: The body often knows you...,NO,5,WebPage|Organization|ImageObject|Thing|Quotation|CollectionPage|BreadcrumbList|ListItem,4196,0,0,,2026-09-15T02:25:26.335Z
https://echobuddha.com/quotes/awareness/thoughts-are-visitors/,/quotes/awareness/thoughts-are-visitors/,QUOTE,NOINDEX_USER_PAGE_200,200,200,,https://echobuddha.com/quotes/awareness/thoughts-are-visitors/,200,text/html,https://echobuddha.com/quotes/awareness/thoughts-are-visitors/,"noindex, follow",Buddhist Quote for Overthinking: Thoughts Are Visitors | Echo Buddha,Buddhist Quote for Overthinking: Thoughts Are Visitors,NO,2,WebPage|Organization|ImageObject|Thing|Quotation|CollectionPage|BreadcrumbList|ListItem,5243,0,0,,2026-09-15T02:25:26.387Z
https://echobuddha.com/quotes/awareness/thoughts-pass-without-commanding-you/,/quotes/awareness/thoughts-pass-without-commanding-you/,QUOTE,NOINDEX_USER_PAGE_200,200,200,,https://echobuddha.com/quotes/awareness/thoughts-pass-without-commanding-you/,200,text/html,https://echobuddha.com/quotes/awareness/thoughts-pass-without-commanding-you/,"noindex, follow",Calm Mind Quote: Let Thoughts Pass Without Chasing Them | Echo Buddha,Calm Mind Quote: Let Thoughts Pass Without Chasing Them,NO,2,WebPage|Organization|ImageObject|Thing|Quotation|CollectionPage|BreadcrumbList|ListItem,5328,0,0,,2026-09-15T02:25:26.419Z
https://echobuddha.com/quotes/awareness/what-you-can-observe-clearly-no-longer-controls-you/,/quotes/awareness/what-you-can-observe-clearly-no-longer-controls-you/,QUOTE,NOINDEX_USER_PAGE_200,200,200,,https://echobuddha.com/quotes/awareness/what-you-can-observe-clearly-no-longer-controls-you/,200,text/html,https://echobuddha.com/quotes/awareness/what-you-can-observe-clearly-no-longer-controls-you/,"noindex, follow",Original Awareness Reflection: What you can observe clearly... | Echo Buddha,Original Awareness Reflection: What you can observe clearly...,NO,2,WebPage|Organization|ImageObject|Thing|Quotation|CollectionPage|BreadcrumbList|ListItem,4198,0,0,,2026-09-15T02:25:26.486Z
https://echobuddha.com/quotes/awareness/when-the-mind-tightens-let-the-body-be-your/,/quotes/awareness/when-the-mind-tightens-let-the-body-be-your/,QUOTE,NOINDEX_USER_PAGE_200,200,200,,https://echobuddha.com/quotes/awareness/when-the-mind-tightens-let-the-body-be-your/,200,text/html,https://echobuddha.com/quotes/awareness/when-the-mind-tightens-let-the-body-be-your/,"noindex, follow","Original Awareness Reflection: When the mind tightens, let... | Echo Buddha","Original Awareness Reflection: When the mind tightens, let...",NO,2,WebPage|Organization|ImageObject|Thing|Quotation|CollectionPage|BreadcrumbList|ListItem,4133,0,0,,2026-09-15T02:25:26.483Z
https://echobuddha.com/quotes/compassion/,/quotes/compassion/,QUOTE,INDEXABLE_CANONICAL_200,200,200,,https://echobuddha.com/quotes/compassion/,200,text/html,https://echobuddha.com/quotes/compassion/,"index, follow",Original Compassion Quotes Inspired by Buddhist Practice | Echo Buddha,Original Compassion Quotes,YES,36,CollectionPage|BreadcrumbList|ListItem,4761,0,0,,2026-09-15T02:25:26.505Z
https://echobuddha.com/quotes/compassion/a-gentle-response-can-end-suffering-that-anger-would/,/quotes/compassion/a-gentle-response-can-end-suffering-that-anger-would/,QUOTE,NOINDEX_USER_PAGE_200,200,200,,https://echobuddha.com/quotes/compassion/a-gentle-response-can-end-suffering-that-anger-would/,200,text/html,https://echobuddha.com/quotes/compassion/a-gentle-response-can-end-suffering-that-anger-would/,"noindex, follow",Original Compassion Reflection: A gentle response can end... | Echo Buddha,Original Compassion Reflection: A gentle response can end...,NO,2,WebPage|Organization|ImageObject|Thing|Quotation|CollectionPage|BreadcrumbList|ListItem,4099,0,0,,2026-09-15T02:25:26.509Z
https://echobuddha.com/quotes/compassion/before-judging-another-life-remember-how-much-of-your/,/quotes/compassion/before-judging-another-life-remember-how-much-of-your/,QUOTE,NOINDEX_USER_PAGE_200,200,200,,https://echobuddha.com/quotes/compassion/before-judging-another-life-remember-how-much-of-your/,200,text/html,https://echobuddha.com/quotes/compassion/before-judging-another-life-remember-how-much-of-your/,"noindex, follow","Original Compassion Reflection: Before judging another life, remember... | Echo Buddha","Original Compassion Reflection: Before judging another life, remember...",NO,5,WebPage|Organization|ImageObject|Thing|Quotation|CollectionPage|BreadcrumbList|ListItem,4187,0,0,,2026-09-15T02:25:26.527Z
https://echobuddha.com/quotes/compassion/compassion-asks-what-hurts-before-it-asks-who-is/,/quotes/compassion/compassion-asks-what-hurts-before-it-asks-who-is/,QUOTE,NOINDEX_USER_PAGE_200,200,200,,https://echobuddha.com/quotes/compassion/compassion-asks-what-hurts-before-it-asks-who-is/,200,text/html,https://echobuddha.com/quotes/compassion/compassion-asks-what-hurts-before-it-asks-who-is/,"noindex, follow",Original Compassion Reflection: Compassion asks what hurts before... | Echo Buddha,Original Compassion Reflection: Compassion asks what hurts before...,NO,2,WebPage|Organization|ImageObject|Thing|Quotation|CollectionPage|BreadcrumbList|ListItem,4145,0,0,,2026-09-15T02:25:26.562Z
https://echobuddha.com/quotes/compassion/compassion-grows-where-judgment-loosens-its-grip/,/quotes/compassion/compassion-grows-where-judgment-loosens-its-grip/,QUOTE,NOINDEX_USER_PAGE_200,200,200,,https://echobuddha.com/quotes/compassion/compassion-grows-where-judgment-loosens-its-grip/,200,text/html,https://echobuddha.com/quotes/compassion/compassion-grows-where-judgment-loosens-its-grip/,"noindex, follow",Original Compassion Reflection: Compassion grows where judgment loosens... | Echo Buddha,Original Compassion Reflection: Compassion grows where judgment loosens...,NO,17,WebPage|Organization|ImageObject|Thing|Quotation|CollectionPage|BreadcrumbList|ListItem,4108,0,0,,2026-09-15T02:25:26.554Z
https://echobuddha.com/quotes/compassion/compassion-sees-pain-clearly/,/quotes/compassion/compassion-sees-pain-clearly/,QUOTE,NOINDEX_USER_PAGE_200,200,200,,https://echobuddha.com/quotes/compassion/compassion-sees-pain-clearly/,200,text/html,https://echobuddha.com/quotes/compassion/compassion-sees-pain-clearly/,"noindex, follow",Compassion Buddhist Quote: Seeing Pain Behind Behavior | Echo Buddha,Compassion Buddhist Quote: Seeing Pain Behind Behavior,NO,2,WebPage|Organization|ImageObject|Thing|Quotation|CollectionPage|BreadcrumbList|ListItem,5178,0,0,,2026-09-15T02:25:26.570Z
https://echobuddha.com/quotes/compassion/gentle-self-compassion/,/quotes/compassion/gentle-self-compassion/,QUOTE,NOINDEX_USER_PAGE_200,200,200,,https://echobuddha.com/quotes/compassion/gentle-self-compassion/,200,text/html,https://echobuddha.com/quotes/compassion/gentle-self-compassion/,"noindex, follow",Self Compassion Mindfulness Quote: Gentle Inner Speech | Echo Buddha,Self Compassion Mindfulness Quote: Gentle Inner Speech,NO,2,WebPage|Organization|ImageObject|Thing|Quotation|CollectionPage|BreadcrumbList|ListItem,5187,0,0,,2026-09-15T02:25:26.585Z
https://echobuddha.com/quotes/compassion/kindness-as-quiet-practice/,/quotes/compassion/kindness-as-quiet-practice/,QUOTE,NOINDEX_USER_PAGE_200,200,200,,https://echobuddha.com/quotes/compassion/kindness-as-quiet-practice/,200,text/html,https://echobuddha.com/quotes/compassion/kindness-as-quiet-practice/,"noindex, follow",Kindness Quote for Daily Life: A Quiet Practice | Echo Buddha,Kindness Quote for Daily Life: A Quiet Practice,NO,2,WebPage|Organization|ImageObject|Thing|Quotation|CollectionPage|BreadcrumbList|ListItem,5119,0,0,,2026-09-15T02:25:26.638Z
https://echobuddha.com/quotes/compassion/kindness-does-not-need-an-audience-to-become-meaningful/,/quotes/compassion/kindness-does-not-need-an-audience-to-become-meaningful/,QUOTE,NOINDEX_USER_PAGE_200,200,200,,https://echobuddha.com/quotes/compassion/kindness-does-not-need-an-audience-to-become-meaningful/,200,text/html,https://echobuddha.com/quotes/compassion/kindness-does-not-need-an-audience-to-become-meaningful/,"noindex, follow",Original Compassion Reflection: Kindness does not need an... | Echo Buddha,Original Compassion Reflection: Kindness does not need an...,NO,17,WebPage|Organization|ImageObject|Thing|Quotation|CollectionPage|BreadcrumbList|ListItem,4103,0,0,,2026-09-15T02:25:26.619Z
https://echobuddha.com/quotes/compassion/let-kindness-be-the-echo-you-leave-in-every/,/quotes/compassion/let-kindness-be-the-echo-you-leave-in-every/,QUOTE,NOINDEX_USER_PAGE_200,200,200,,https://echobuddha.com/quotes/compassion/let-kindness-be-the-echo-you-leave-in-every/,200,text/html,https://echobuddha.com/quotes/compassion/let-kindness-be-the-echo-you-leave-in-every/,"noindex, follow",Original Compassion Reflection: Let kindness be the echo... | Echo Buddha,Original Compassion Reflection: Let kindness be the echo...,NO,17,WebPage|Organization|ImageObject|Thing|Quotation|CollectionPage|BreadcrumbList|ListItem,4063,0,0,,2026-09-15T02:25:26.653Z
https://echobuddha.com/quotes/compassion/let-your-boundaries-be-clear-and-your-heart-remain/,/quotes/compassion/let-your-boundaries-be-clear-and-your-heart-remain/,QUOTE,NOINDEX_USER_PAGE_200,200,200,,https://echobuddha.com/quotes/compassion/let-your-boundaries-be-clear-and-your-heart-remain/,200,text/html,https://echobuddha.com/quotes/compassion/let-your-boundaries-be-clear-and-your-heart-remain/,"noindex, follow",Original Compassion Reflection: Let your boundaries be clear... | Echo Buddha,Original Compassion Reflection: Let your boundaries be clear...,NO,2,WebPage|Organization|ImageObject|Thing|Quotation|CollectionPage|BreadcrumbList|ListItem,4085,0,0,,2026-09-15T02:25:26.712Z
https://echobuddha.com/quotes/compassion/loving-kindness-without-harm/,/quotes/compassion/loving-kindness-without-harm/,QUOTE,NOINDEX_USER_PAGE_200,200,200,,https://echobuddha.com/quotes/compassion/loving-kindness-without-harm/,200,text/html,https://echobuddha.com/quotes/compassion/loving-kindness-without-harm/,"noindex, follow",Loving Kindness Quote: Goodwill Toward Self and Others | Echo Buddha,Loving Kindness Quote: Goodwill Toward Self and Others,NO,2,WebPage|Organization|ImageObject|Thing|Quotation|CollectionPage|BreadcrumbList|ListItem,5200,0,0,,2026-09-15T02:25:26.733Z
https://echobuddha.com/quotes/compassion/offer-others-the-patience-you-hope-to-receive-on/,/quotes/compassion/offer-others-the-patience-you-hope-to-receive-on/,QUOTE,NOINDEX_USER_PAGE_200,200,200,,https://echobuddha.com/quotes/compassion/offer-others-the-patience-you-hope-to-receive-on/,200,text/html,https://echobuddha.com/quotes/compassion/offer-others-the-patience-you-hope-to-receive-on/,"noindex, follow",Original Compassion Reflection: Offer others the patience you... | Echo Buddha,Original Compassion Reflection: Offer others the patience you...,NO,2,WebPage|Organization|ImageObject|Thing|Quotation|CollectionPage|BreadcrumbList|ListItem,4151,0,0,,2026-09-15T02:25:26.750Z
https://echobuddha.com/quotes/compassion/small-kindnesses-often-reach-places-that-advice-cannot/,/quotes/compassion/small-kindnesses-often-reach-places-that-advice-cannot/,QUOTE,NOINDEX_USER_PAGE_200,200,200,,https://echobuddha.com/quotes/compassion/small-kindnesses-often-reach-places-that-advice-cannot/,200,text/html,https://echobuddha.com/quotes/compassion/small-kindnesses-often-reach-places-that-advice-cannot/,"noindex, follow",Original Compassion Reflection: Small kindnesses often reach places... | Echo Buddha,Original Compassion Reflection: Small kindnesses often reach places...,NO,2,WebPage|Organization|ImageObject|Thing|Quotation|CollectionPage|BreadcrumbList|ListItem,4091,0,0,,2026-09-15T02:25:26.735Z
https://echobuddha.com/quotes/compassion/the-heart-becomes-spacious-each-time-it-chooses-care/,/quotes/compassion/the-heart-becomes-spacious-each-time-it-chooses-care/,QUOTE,NOINDEX_USER_PAGE_200,200,200,,https://echobuddha.com/quotes/compassion/the-heart-becomes-spacious-each-time-it-chooses-care/,200,text/html,https://echobuddha.com/quotes/compassion/the-heart-becomes-spacious-each-time-it-chooses-care/,"noindex, follow",Original Compassion Reflection: The heart becomes spacious each... | Echo Buddha,Original Compassion Reflection: The heart becomes spacious each...,NO,2,WebPage|Organization|ImageObject|Thing|Quotation|CollectionPage|BreadcrumbList|ListItem,4136,0,0,,2026-09-15T02:25:26.760Z
https://echobuddha.com/quotes/compassion/to-understand-someone-is-not-to-excuse-harm-it/,/quotes/compassion/to-understand-someone-is-not-to-excuse-harm-it/,QUOTE,NOINDEX_USER_PAGE_200,200,200,,https://echobuddha.com/quotes/compassion/to-understand-someone-is-not-to-excuse-harm-it/,200,text/html,https://echobuddha.com/quotes/compassion/to-understand-someone-is-not-to-excuse-harm-it/,"noindex, follow",Original Compassion Reflection: To understand someone is not... | Echo Buddha,Original Compassion Reflection: To understand someone is not...,NO,2,WebPage|Organization|ImageObject|Thing|Quotation|CollectionPage|BreadcrumbList|ListItem,4142,0,0,,2026-09-15T02:25:26.799Z
https://echobuddha.com/quotes/compassion/when-you-cannot-remove-anothers-burden-do-not-add/,/quotes/compassion/when-you-cannot-remove-anothers-burden-do-not-add/,QUOTE,NOINDEX_USER_PAGE_200,200,200,,https://echobuddha.com/quotes/compassion/when-you-cannot-remove-anothers-burden-do-not-add/,200,text/html,https://echobuddha.com/quotes/compassion/when-you-cannot-remove-anothers-burden-do-not-add/,"noindex, follow",Original Compassion Reflection: When you cannot remove another&#39;s... | Echo Buddha,Original Compassion Reflection: When you cannot remove another&#39;s...,NO,2,WebPage|Organization|ImageObject|Thing|Quotation|CollectionPage|BreadcrumbList|ListItem,4156,0,0,,2026-09-15T02:25:26.791Z
https://echobuddha.com/quotes/impermanence/,/quotes/impermanence/,QUOTE,INDEXABLE_CANONICAL_200,200,200,,https://echobuddha.com/quotes/impermanence/,200,text/html,https://echobuddha.com/quotes/impermanence/,"index, follow",Original Impermanence Quotes Inspired by Buddhist Practice | Echo Buddha,Original Impermanence Quotes,YES,34,CollectionPage|BreadcrumbList|ListItem,4321,0,0,,2026-09-15T02:25:26.809Z
https://echobuddha.com/quotes/impermanence/acceptance-begins-where-the-argument-with-change-ends/,/quotes/impermanence/acceptance-begins-where-the-argument-with-change-ends/,QUOTE,NOINDEX_USER_PAGE_200,200,200,,https://echobuddha.com/quotes/impermanence/acceptance-begins-where-the-argument-with-change-ends/,200,text/html,https://echobuddha.com/quotes/impermanence/acceptance-begins-where-the-argument-with-change-ends/,"noindex, follow",Original Impermanence Reflection: Acceptance begins where the argument... | Echo Buddha,Original Impermanence Reflection: Acceptance begins where the argument...,NO,2,WebPage|Organization|ImageObject|Thing|Quotation|CollectionPage|BreadcrumbList|ListItem,4131,0,0,,2026-09-15T02:25:26.838Z
https://echobuddha.com/quotes/impermanence/because-this-moment-will-pass-meet-it-while-it/,/quotes/impermanence/because-this-moment-will-pass-meet-it-while-it/,QUOTE,NOINDEX_USER_PAGE_200,200,200,,https://echobuddha.com/quotes/impermanence/because-this-moment-will-pass-meet-it-while-it/,200,text/html,https://echobuddha.com/quotes/impermanence/because-this-moment-will-pass-meet-it-while-it/,"noindex, follow","Original Impermanence Reflection: Because this moment will pass,... | Echo Buddha","Original Impermanence Reflection: Because this moment will pass,...",NO,13,WebPage|Organization|ImageObject|Thing|Quotation|CollectionPage|BreadcrumbList|ListItem,4134,0,0,,2026-09-15T02:25:26.863Z
https://echobuddha.com/quotes/impermanence/change-is-how-life-continues/,/quotes/impermanence/change-is-how-life-continues/,QUOTE,NOINDEX_USER_PAGE_200,200,200,,https://echobuddha.com/quotes/impermanence/change-is-how-life-continues/,200,text/html,https://echobuddha.com/quotes/impermanence/change-is-how-life-continues/,"noindex, follow",Impermanence Buddhist Quote: Change Is How Life Continues | Echo Buddha,Impermanence Buddhist Quote: Change Is How Life Continues,NO,2,WebPage|Organization|ImageObject|Thing|Quotation|CollectionPage|BreadcrumbList|ListItem,5177,0,0,,2026-09-15T02:25:26.885Z
https://echobuddha.com/quotes/impermanence/change-takes-nothing-personally-it-simply-continues/,/quotes/impermanence/change-takes-nothing-personally-it-simply-continues/,QUOTE,NOINDEX_USER_PAGE_200,200,200,,https://echobuddha.com/quotes/impermanence/change-takes-nothing-personally-it-simply-continues/,200,text/html,https://echobuddha.com/quotes/impermanence/change-takes-nothing-personally-it-simply-continues/,"noindex, follow",Original Impermanence Reflection: Change takes nothing personally; it... | Echo Buddha,Original Impermanence Reflection: Change takes nothing personally; it...,NO,5,WebPage|Organization|ImageObject|Thing|Quotation|CollectionPage|BreadcrumbList|ListItem,4117,0,0,,2026-09-15T02:25:26.960Z
https://echobuddha.com/quotes/impermanence/everything-changes-including-the-part-of-you-that-fears/,/quotes/impermanence/everything-changes-including-the-part-of-you-that-fears/,QUOTE,NOINDEX_USER_PAGE_200,200,200,,https://echobuddha.com/quotes/impermanence/everything-changes-including-the-part-of-you-that-fears/,200,text/html,https://echobuddha.com/quotes/impermanence/everything-changes-including-the-part-of-you-that-fears/,"noindex, follow","Original Impermanence Reflection: Everything changes, including the part... | Echo Buddha","Original Impermanence Reflection: Everything changes, including the part...",NO,13,WebPage|Organization|ImageObject|Thing|Quotation|CollectionPage|BreadcrumbList|ListItem,4152,0,0,,2026-09-15T02:25:26.995Z
https://echobuddha.com/quotes/impermanence/hold-each-day-carefully-knowing-it-cannot-be-held/,/quotes/impermanence/hold-each-day-carefully-knowing-it-cannot-be-held/,QUOTE,NOINDEX_USER_PAGE_200,200,200,,https://echobuddha.com/quotes/impermanence/hold-each-day-carefully-knowing-it-cannot-be-held/,200,text/html,https://echobuddha.com/quotes/impermanence/hold-each-day-carefully-knowing-it-cannot-be-held/,"noindex, follow","Original Impermanence Reflection: Hold each day carefully, knowing... | Echo Buddha","Original Impermanence Reflection: Hold each day carefully, knowing...",NO,2,WebPage|Organization|ImageObject|Thing|Quotation|CollectionPage|BreadcrumbList|ListItem,4106,0,0,,2026-09-15T02:25:26.992Z
https://echobuddha.com/quotes/impermanence/meet-change-softly/,/quotes/impermanence/meet-change-softly/,QUOTE,NOINDEX_USER_PAGE_200,200,200,,https://echobuddha.com/quotes/impermanence/meet-change-softly/,200,text/html,https://echobuddha.com/quotes/impermanence/meet-change-softly/,"noindex, follow",Buddhist Quote About Change: Meet Change Softly | Echo Buddha,Buddhist Quote About Change: Meet Change Softly,NO,2,WebPage|Organization|ImageObject|Thing|Quotation|CollectionPage|BreadcrumbList|ListItem,5050,0,0,,2026-09-15T02:25:26.998Z
https://echobuddha.com/quotes/impermanence/no-season-is-asked-to-remain-in-order-to/,/quotes/impermanence/no-season-is-asked-to-remain-in-order-to/,QUOTE,NOINDEX_USER_PAGE_200,200,200,,https://echobuddha.com/quotes/impermanence/no-season-is-asked-to-remain-in-order-to/,200,text/html,https://echobuddha.com/quotes/impermanence/no-season-is-asked-to-remain-in-order-to/,"noindex, follow",Original Impermanence Reflection: No season is asked to... | Echo Buddha,Original Impermanence Reflection: No season is asked to...,NO,2,WebPage|Organization|ImageObject|Thing|Quotation|CollectionPage|BreadcrumbList|ListItem,4039,0,0,,2026-09-15T02:25:26.993Z
https://echobuddha.com/quotes/impermanence/the-fading-flower-does-not-make-its-blooming-less/,/quotes/impermanence/the-fading-flower-does-not-make-its-blooming-less/,QUOTE,NOINDEX_USER_PAGE_200,200,200,,https://echobuddha.com/quotes/impermanence/the-fading-flower-does-not-make-its-blooming-less/,200,text/html,https://echobuddha.com/quotes/impermanence/the-fading-flower-does-not-make-its-blooming-less/,"noindex, follow",Original Impermanence Reflection: The fading flower does not... | Echo Buddha,Original Impermanence Reflection: The fading flower does not...,NO,13,WebPage|Organization|ImageObject|Thing|Quotation|CollectionPage|BreadcrumbList|ListItem,4093,0,0,,2026-09-15T02:25:27.000Z
https://echobuddha.com/quotes/impermanence/the-passing-of-joy-teaches-gratitude-the-passing-of/,/quotes/impermanence/the-passing-of-joy-teaches-gratitude-the-passing-of/,QUOTE,NOINDEX_USER_PAGE_200,200,200,,https://echobuddha.com/quotes/impermanence/the-passing-of-joy-teaches-gratitude-the-passing-of/,200,text/html,https://echobuddha.com/quotes/impermanence/the-passing-of-joy-teaches-gratitude-the-passing-of/,"noindex, follow",Original Impermanence Reflection: The passing of joy teaches... | Echo Buddha,Original Impermanence Reflection: The passing of joy teaches...,NO,2,WebPage|Organization|ImageObject|Thing|Quotation|CollectionPage|BreadcrumbList|ListItem,4128,0,0,,2026-09-15T02:25:27.042Z
https://echobuddha.com/quotes/impermanence/todays-certainty-may-become-tomorrows-lesson-in-humility/,/quotes/impermanence/todays-certainty-may-become-tomorrows-lesson-in-humility/,QUOTE,NOINDEX_USER_PAGE_200,200,200,,https://echobuddha.com/quotes/impermanence/todays-certainty-may-become-tomorrows-lesson-in-humility/,200,text/html,https://echobuddha.com/quotes/impermanence/todays-certainty-may-become-tomorrows-lesson-in-humility/,"noindex, follow",Original Impermanence Reflection: Today&#39;s certainty may become tomorrow&#39;s... | Echo Buddha,Original Impermanence Reflection: Today&#39;s certainty may become tomorrow&#39;s...,NO,2,WebPage|Organization|ImageObject|Thing|Quotation|CollectionPage|BreadcrumbList|ListItem,4176,0,0,,2026-09-15T02:25:27.040Z
https://echobuddha.com/quotes/impermanence/what-changes-is-not-always-lost-sometimes-it-is/,/quotes/impermanence/what-changes-is-not-always-lost-sometimes-it-is/,QUOTE,NOINDEX_USER_PAGE_200,200,200,,https://echobuddha.com/quotes/impermanence/what-changes-is-not-always-lost-sometimes-it-is/,200,text/html,https://echobuddha.com/quotes/impermanence/what-changes-is-not-always-lost-sometimes-it-is/,"noindex, follow",Original Impermanence Reflection: What changes is not always... | Echo Buddha,Original Impermanence Reflection: What changes is not always...,NO,2,WebPage|Organization|ImageObject|Thing|Quotation|CollectionPage|BreadcrumbList|ListItem,4130,0,0,,2026-09-15T02:25:27.046Z
https://echobuddha.com/quotes/letting-go/,/quotes/letting-go/,QUOTE,INDEXABLE_CANONICAL_200,200,200,,https://echobuddha.com/quotes/letting-go/,200,text/html,https://echobuddha.com/quotes/letting-go/,"index, follow",Original Letting Go Quotes Inspired by Buddhist Practice | Echo Buddha,Original Letting Go Quotes,YES,40,CollectionPage|BreadcrumbList|ListItem,5098,0,0,,2026-09-15T02:25:27.069Z
https://echobuddha.com/quotes/letting-go/an-open-hand-can-care-for-what-a-clenched/,/quotes/letting-go/an-open-hand-can-care-for-what-a-clenched/,QUOTE,NOINDEX_USER_PAGE_200,200,200,,https://echobuddha.com/quotes/letting-go/an-open-hand-can-care-for-what-a-clenched/,200,text/html,https://echobuddha.com/quotes/letting-go/an-open-hand-can-care-for-what-a-clenched/,"noindex, follow",Original Letting Go Reflection: An open hand can care... | Echo Buddha,Original Letting Go Reflection: An open hand can care...,NO,2,WebPage|Organization|ImageObject|Thing|Quotation|CollectionPage|BreadcrumbList|ListItem,4122,0,0,,2026-09-15T02:25:27.114Z
https://echobuddha.com/quotes/letting-go/caring-without-clinging/,/quotes/letting-go/caring-without-clinging/,QUOTE,NOINDEX_USER_PAGE_200,200,200,,https://echobuddha.com/quotes/letting-go/caring-without-clinging/,200,text/html,https://echobuddha.com/quotes/letting-go/caring-without-clinging/,"noindex, follow",Letting Go Buddhist Quote: Caring Without Clinging | Echo Buddha,Letting Go Buddhist Quote: Caring Without Clinging,NO,2,WebPage|Organization|ImageObject|Thing|Quotation|CollectionPage|BreadcrumbList|ListItem,5165,0,0,,2026-09-15T02:25:27.185Z
https://echobuddha.com/quotes/letting-go/forgiveness-without-approving-harm/,/quotes/letting-go/forgiveness-without-approving-harm/,QUOTE,NOINDEX_USER_PAGE_200,200,200,,https://echobuddha.com/quotes/letting-go/forgiveness-without-approving-harm/,200,text/html,https://echobuddha.com/quotes/letting-go/forgiveness-without-approving-harm/,"noindex, follow",Buddhist Forgiveness Quote: Release Without Approving Harm | Echo Buddha,Buddhist Forgiveness Quote: Release Without Approving Harm,NO,2,WebPage|Organization|ImageObject|Thing|Quotation|CollectionPage|BreadcrumbList|ListItem,5288,0,0,,2026-09-15T02:25:27.213Z
https://echobuddha.com/quotes/letting-go/freedom-often-sounds-like-the-quiet-end-of-an/,/quotes/letting-go/freedom-often-sounds-like-the-quiet-end-of-an/,QUOTE,NOINDEX_USER_PAGE_200,200,200,,https://echobuddha.com/quotes/letting-go/freedom-often-sounds-like-the-quiet-end-of-an/,200,text/html,https://echobuddha.com/quotes/letting-go/freedom-often-sounds-like-the-quiet-end-of-an/,"noindex, follow",Original Letting Go Reflection: Freedom often sounds like the... | Echo Buddha,Original Letting Go Reflection: Freedom often sounds like the...,NO,2,WebPage|Organization|ImageObject|Thing|Quotation|CollectionPage|BreadcrumbList|ListItem,4187,0,0,,2026-09-15T02:25:27.215Z
https://echobuddha.com/quotes/letting-go/let-the-feeling-pass-through-without-building-it-a/,/quotes/letting-go/let-the-feeling-pass-through-without-building-it-a/,QUOTE,NOINDEX_USER_PAGE_200,200,200,,https://echobuddha.com/quotes/letting-go/let-the-feeling-pass-through-without-building-it-a/,200,text/html,https://echobuddha.com/quotes/letting-go/let-the-feeling-pass-through-without-building-it-a/,"noindex, follow",Original Letting Go Reflection: Let the feeling pass through... | Echo Buddha,Original Letting Go Reflection: Let the feeling pass through...,NO,2,WebPage|Organization|ImageObject|Thing|Quotation|CollectionPage|BreadcrumbList|ListItem,4203,0,0,,2026-09-15T02:25:27.230Z
https://echobuddha.com/quotes/letting-go/letting-go-begins-by-admitting-how-tightly-you-are/,/quotes/letting-go/letting-go-begins-by-admitting-how-tightly-you-are/,QUOTE,NOINDEX_USER_PAGE_200,200,200,,https://echobuddha.com/quotes/letting-go/letting-go-begins-by-admitting-how-tightly-you-are/,200,text/html,https://echobuddha.com/quotes/letting-go/letting-go-begins-by-admitting-how-tightly-you-are/,"noindex, follow",Original Letting Go Reflection: Letting go begins by admitting... | Echo Buddha,Original Letting Go Reflection: Letting go begins by admitting...,NO,26,WebPage|Organization|ImageObject|Thing|Quotation|CollectionPage|BreadcrumbList|ListItem,4177,0,0,,2026-09-15T02:25:27.232Z
https://echobuddha.com/quotes/letting-go/open-hands-non-attachment/,/quotes/letting-go/open-hands-non-attachment/,QUOTE,NOINDEX_USER_PAGE_200,200,200,,https://echobuddha.com/quotes/letting-go/open-hands-non-attachment/,200,text/html,https://echobuddha.com/quotes/letting-go/open-hands-non-attachment/,"noindex, follow",Non Attachment Quote: Hold Life With Open Hands | Echo Buddha,Non Attachment Quote: Hold Life With Open Hands,NO,2,WebPage|Organization|ImageObject|Thing|Quotation|CollectionPage|BreadcrumbList|ListItem,5093,0,0,,2026-09-15T02:25:27.244Z
https://echobuddha.com/quotes/letting-go/peace-enters-when-control-is-no-longer-the-price/,/quotes/letting-go/peace-enters-when-control-is-no-longer-the-price/,QUOTE,NOINDEX_USER_PAGE_200,200,200,,https://echobuddha.com/quotes/letting-go/peace-enters-when-control-is-no-longer-the-price/,200,text/html,https://echobuddha.com/quotes/letting-go/peace-enters-when-control-is-no-longer-the-price/,"noindex, follow",Original Letting Go Reflection: Peace enters when control is... | Echo Buddha,Original Letting Go Reflection: Peace enters when control is...,NO,3,WebPage|Organization|ImageObject|Thing|Quotation|CollectionPage|BreadcrumbList|ListItem,4211,0,0,,2026-09-15T02:25:27.245Z
https://echobuddha.com/quotes/letting-go/release-the-need-to-replay-what-can-no-longer/,/quotes/letting-go/release-the-need-to-replay-what-can-no-longer/,QUOTE,NOINDEX_USER_PAGE_200,200,200,,https://echobuddha.com/quotes/letting-go/release-the-need-to-replay-what-can-no-longer/,200,text/html,https://echobuddha.com/quotes/letting-go/release-the-need-to-replay-what-can-no-longer/,"noindex, follow",Original Letting Go Reflection: Release the need to replay... | Echo Buddha,Original Letting Go Reflection: Release the need to replay...,NO,26,WebPage|Organization|ImageObject|Thing|Quotation|CollectionPage|BreadcrumbList|ListItem,4167,0,0,,2026-09-15T02:25:27.275Z
https://echobuddha.com/quotes/letting-go/release-the-outcome-but-keep-the-care-you-bring/,/quotes/letting-go/release-the-outcome-but-keep-the-care-you-bring/,QUOTE,NOINDEX_USER_PAGE_200,200,200,,https://echobuddha.com/quotes/letting-go/release-the-outcome-but-keep-the-care-you-bring/,200,text/html,https://echobuddha.com/quotes/letting-go/release-the-outcome-but-keep-the-care-you-bring/,"noindex, follow","Original Letting Go Reflection: Release the outcome, but keep... | Echo Buddha","Original Letting Go Reflection: Release the outcome, but keep...",NO,2,WebPage|Organization|ImageObject|Thing|Quotation|CollectionPage|BreadcrumbList|ListItem,4196,0,0,,2026-09-15T02:25:27.273Z
https://echobuddha.com/quotes/letting-go/soften-around-stress/,/quotes/letting-go/soften-around-stress/,QUOTE,NOINDEX_USER_PAGE_200,200,200,,https://echobuddha.com/quotes/letting-go/soften-around-stress/,200,text/html,https://echobuddha.com/quotes/letting-go/soften-around-stress/,"noindex, follow",Buddhist Quote for Stress: Soften Around Pressure | Echo Buddha,Buddhist Quote for Stress: Soften Around Pressure,NO,2,WebPage|Organization|ImageObject|Thing|Quotation|CollectionPage|BreadcrumbList|ListItem,5124,0,0,,2026-09-15T02:25:27.312Z
https://echobuddha.com/quotes/letting-go/what-leaves-your-life-may-still-leave-wisdom-behind/,/quotes/letting-go/what-leaves-your-life-may-still-leave-wisdom-behind/,QUOTE,NOINDEX_USER_PAGE_200,200,200,,https://echobuddha.com/quotes/letting-go/what-leaves-your-life-may-still-leave-wisdom-behind/,200,text/html,https://echobuddha.com/quotes/letting-go/what-leaves-your-life-may-still-leave-wisdom-behind/,"noindex, follow",Original Letting Go Reflection: What leaves your life may... | Echo Buddha,Original Letting Go Reflection: What leaves your life may...,NO,2,WebPage|Organization|ImageObject|Thing|Quotation|CollectionPage|BreadcrumbList|ListItem,4132,0,0,,2026-09-15T02:25:27.335Z
https://echobuddha.com/quotes/letting-go/where-attachment-begins/,/quotes/letting-go/where-attachment-begins/,QUOTE,NOINDEX_USER_PAGE_200,200,200,,https://echobuddha.com/quotes/letting-go/where-attachment-begins/,200,text/html,https://echobuddha.com/quotes/letting-go/where-attachment-begins/,"noindex, follow",Buddhist Attachment Quote: Noticing Where Clinging Begins | Echo Buddha,Buddhist Attachment Quote: Noticing Where Clinging Begins,NO,2,WebPage|Organization|ImageObject|Thing|Quotation|CollectionPage|BreadcrumbList|ListItem,5060,0,0,,2026-09-15T02:25:27.455Z
https://echobuddha.com/quotes/letting-go/you-can-honor-the-past-without-asking-it-to/,/quotes/letting-go/you-can-honor-the-past-without-asking-it-to/,QUOTE,NOINDEX_USER_PAGE_200,200,200,,https://echobuddha.com/quotes/letting-go/you-can-honor-the-past-without-asking-it-to/,200,text/html,https://echobuddha.com/quotes/letting-go/you-can-honor-the-past-without-asking-it-to/,"noindex, follow",Original Letting Go Reflection: You can honor the past... | Echo Buddha,Original Letting Go Reflection: You can honor the past...,NO,5,WebPage|Organization|ImageObject|Thing|Quotation|CollectionPage|BreadcrumbList|ListItem,4165,0,0,,2026-09-15T02:25:27.409Z
https://echobuddha.com/quotes/letting-go/you-do-not-betray-a-memory-by-allowing-yourself/,/quotes/letting-go/you-do-not-betray-a-memory-by-allowing-yourself/,QUOTE,NOINDEX_USER_PAGE_200,200,200,,https://echobuddha.com/quotes/letting-go/you-do-not-betray-a-memory-by-allowing-yourself/,200,text/html,https://echobuddha.com/quotes/letting-go/you-do-not-betray-a-memory-by-allowing-yourself/,"noindex, follow",Original Letting Go Reflection: You do not betray a... | Echo Buddha,Original Letting Go Reflection: You do not betray a...,NO,2,WebPage|Organization|ImageObject|Thing|Quotation|CollectionPage|BreadcrumbList|ListItem,4160,0,0,,2026-09-15T02:25:27.457Z
https://echobuddha.com/quotes/letting-go/you-do-not-need-to-carry-every-thought-that/,/quotes/letting-go/you-do-not-need-to-carry-every-thought-that/,QUOTE,NOINDEX_USER_PAGE_200,200,200,,https://echobuddha.com/quotes/letting-go/you-do-not-need-to-carry-every-thought-that/,200,text/html,https://echobuddha.com/quotes/letting-go/you-do-not-need-to-carry-every-thought-that/,"noindex, follow",Original Letting Go Reflection: You do not need to... | Echo Buddha,Original Letting Go Reflection: You do not need to...,NO,26,WebPage|Organization|ImageObject|Thing|Quotation|CollectionPage|BreadcrumbList|ListItem,4127,0,0,,2026-09-15T02:25:27.441Z
https://echobuddha.com/quotes/meditation/,/quotes/meditation/,QUOTE,INDEXABLE_CANONICAL_200,200,200,,https://echobuddha.com/quotes/meditation/,200,text/html,https://echobuddha.com/quotes/meditation/,"index, follow",Original Meditation Quotes Inspired by Buddhist Practice | Echo Buddha,Original Meditation Quotes,YES,38,CollectionPage|BreadcrumbList|ListItem,4497,0,0,,2026-09-15T02:25:27.468Z
https://echobuddha.com/quotes/meditation/a-short-sincere-practice-can-steady-a-long-and/,/quotes/meditation/a-short-sincere-practice-can-steady-a-long-and/,QUOTE,NOINDEX_USER_PAGE_200,200,200,,https://echobuddha.com/quotes/meditation/a-short-sincere-practice-can-steady-a-long-and/,200,text/html,https://echobuddha.com/quotes/meditation/a-short-sincere-practice-can-steady-a-long-and/,"noindex, follow",Original Meditation Reflection: A short sincere practice can... | Echo Buddha,Original Meditation Reflection: A short sincere practice can...,NO,2,WebPage|Organization|ImageObject|Thing|Quotation|CollectionPage|BreadcrumbList|ListItem,4206,0,0,,2026-09-15T02:25:27.473Z
https://echobuddha.com/quotes/meditation/do-not-search-meditation-for-a-special-self-notice/,/quotes/meditation/do-not-search-meditation-for-a-special-self-notice/,QUOTE,NOINDEX_USER_PAGE_200,200,200,,https://echobuddha.com/quotes/meditation/do-not-search-meditation-for-a-special-self-notice/,200,text/html,https://echobuddha.com/quotes/meditation/do-not-search-meditation-for-a-special-self-notice/,"noindex, follow",Original Meditation Reflection: Do not search meditation for... | Echo Buddha,Original Meditation Reflection: Do not search meditation for...,NO,2,WebPage|Organization|ImageObject|Thing|Quotation|CollectionPage|BreadcrumbList|ListItem,4232,0,0,,2026-09-15T02:25:27.472Z
https://echobuddha.com/quotes/meditation/every-return-from-distraction-strengthens-the-path-home/,/quotes/meditation/every-return-from-distraction-strengthens-the-path-home/,QUOTE,NOINDEX_USER_PAGE_200,200,200,,https://echobuddha.com/quotes/meditation/every-return-from-distraction-strengthens-the-path-home/,200,text/html,https://echobuddha.com/quotes/meditation/every-return-from-distraction-strengthens-the-path-home/,"noindex, follow",Original Meditation Reflection: Every return from distraction strengthens... | Echo Buddha,Original Meditation Reflection: Every return from distraction strengthens...,NO,2,WebPage|Organization|ImageObject|Thing|Quotation|CollectionPage|BreadcrumbList|ListItem,4173,0,0,,2026-09-15T02:25:27.477Z
https://echobuddha.com/quotes/meditation/few-quiet-minutes/,/quotes/meditation/few-quiet-minutes/,QUOTE,NOINDEX_USER_PAGE_200,200,200,,https://echobuddha.com/quotes/meditation/few-quiet-minutes/,200,text/html,https://echobuddha.com/quotes/meditation/few-quiet-minutes/,"noindex, follow",Beginner Meditation Wisdom: A Few Quiet Minutes | Echo Buddha,Beginner Meditation Wisdom: A Few Quiet Minutes,NO,2,WebPage|Organization|ImageObject|Thing|Quotation|CollectionPage|BreadcrumbList|ListItem,5294,0,0,,2026-09-15T02:25:27.512Z
https://echobuddha.com/quotes/meditation/follow-the-breath-lightly-as-you-would-listen-to/,/quotes/meditation/follow-the-breath-lightly-as-you-would-listen-to/,QUOTE,NOINDEX_USER_PAGE_200,200,200,,https://echobuddha.com/quotes/meditation/follow-the-breath-lightly-as-you-would-listen-to/,200,text/html,https://echobuddha.com/quotes/meditation/follow-the-breath-lightly-as-you-would-listen-to/,"noindex, follow","Original Meditation Reflection: Follow the breath lightly, as... | Echo Buddha","Original Meditation Reflection: Follow the breath lightly, as...",NO,2,WebPage|Organization|ImageObject|Thing|Quotation|CollectionPage|BreadcrumbList|ListItem,4136,0,0,,2026-09-15T02:25:27.509Z
https://echobuddha.com/quotes/meditation/meditation-is-not-leaving-life-it-is-learning-how/,/quotes/meditation/meditation-is-not-leaving-life-it-is-learning-how/,QUOTE,NOINDEX_USER_PAGE_200,200,200,,https://echobuddha.com/quotes/meditation/meditation-is-not-leaving-life-it-is-learning-how/,200,text/html,https://echobuddha.com/quotes/meditation/meditation-is-not-leaving-life-it-is-learning-how/,"noindex, follow",Original Meditation Reflection: Meditation is not leaving life;... | Echo Buddha,Original Meditation Reflection: Meditation is not leaving life;...,NO,24,WebPage|Organization|ImageObject|Thing|Quotation|CollectionPage|BreadcrumbList|ListItem,4181,0,0,,2026-09-15T02:25:27.556Z
https://echobuddha.com/quotes/meditation/meditation-is-returning/,/quotes/meditation/meditation-is-returning/,QUOTE,NOINDEX_USER_PAGE_200,200,200,,https://echobuddha.com/quotes/meditation/meditation-is-returning/,200,text/html,https://echobuddha.com/quotes/meditation/meditation-is-returning/,"noindex, follow",Meditation Quote for Beginners: Meditation Is Returning | Echo Buddha,Meditation Quote for Beginners: Meditation Is Returning,NO,2,WebPage|Organization|ImageObject|Thing|Quotation|CollectionPage|BreadcrumbList|ListItem,5366,0,0,,2026-09-15T02:25:27.584Z
https://echobuddha.com/quotes/meditation/one-honest-breath/,/quotes/meditation/one-honest-breath/,QUOTE,NOINDEX_USER_PAGE_200,200,200,,https://echobuddha.com/quotes/meditation/one-honest-breath/,200,text/html,https://echobuddha.com/quotes/meditation/one-honest-breath/,"noindex, follow",Mindful Breathing Quote: One Honest Breath | Echo Buddha,Mindful Breathing Quote: One Honest Breath,NO,3,WebPage|Organization|ImageObject|Thing|Quotation|CollectionPage|BreadcrumbList|ListItem,5290,0,0,,2026-09-15T02:25:27.651Z
https://echobuddha.com/quotes/meditation/silence-is-not-empty-when-the-heart-is-listening/,/quotes/meditation/silence-is-not-empty-when-the-heart-is-listening/,QUOTE,NOINDEX_USER_PAGE_200,200,200,,https://echobuddha.com/quotes/meditation/silence-is-not-empty-when-the-heart-is-listening/,200,text/html,https://echobuddha.com/quotes/meditation/silence-is-not-empty-when-the-heart-is-listening/,"noindex, follow",Original Meditation Reflection: Silence is not empty when... | Echo Buddha,Original Meditation Reflection: Silence is not empty when...,NO,24,WebPage|Organization|ImageObject|Thing|Quotation|CollectionPage|BreadcrumbList|ListItem,4127,0,0,,2026-09-15T02:25:27.671Z
https://echobuddha.com/quotes/meditation/sit-with-the-day-as-it-is-before-asking/,/quotes/meditation/sit-with-the-day-as-it-is-before-asking/,QUOTE,NOINDEX_USER_PAGE_200,200,200,,https://echobuddha.com/quotes/meditation/sit-with-the-day-as-it-is-before-asking/,200,text/html,https://echobuddha.com/quotes/meditation/sit-with-the-day-as-it-is-before-asking/,"noindex, follow",Original Meditation Reflection: Sit with the day as... | Echo Buddha,Original Meditation Reflection: Sit with the day as...,NO,2,WebPage|Organization|ImageObject|Thing|Quotation|CollectionPage|BreadcrumbList|ListItem,4119,0,0,,2026-09-15T02:25:27.708Z
https://echobuddha.com/quotes/meditation/sit-without-demanding-silence-and-the-mind-will-teach/,/quotes/meditation/sit-without-demanding-silence-and-the-mind-will-teach/,QUOTE,NOINDEX_USER_PAGE_200,200,200,,https://echobuddha.com/quotes/meditation/sit-without-demanding-silence-and-the-mind-will-teach/,200,text/html,https://echobuddha.com/quotes/meditation/sit-without-demanding-silence-and-the-mind-will-teach/,"noindex, follow","Original Meditation Reflection: Sit without demanding silence, and... | Echo Buddha","Original Meditation Reflection: Sit without demanding silence, and...",NO,24,WebPage|Organization|ImageObject|Thing|Quotation|CollectionPage|BreadcrumbList|ListItem,4230,0,0,,2026-09-15T02:25:27.710Z
https://echobuddha.com/quotes/meditation/the-bell-fades-but-careful-listening-can-continue/,/quotes/meditation/the-bell-fades-but-careful-listening-can-continue/,QUOTE,NOINDEX_USER_PAGE_200,200,200,,https://echobuddha.com/quotes/meditation/the-bell-fades-but-careful-listening-can-continue/,200,text/html,https://echobuddha.com/quotes/meditation/the-bell-fades-but-careful-listening-can-continue/,"noindex, follow","Original Meditation Reflection: The bell fades, but careful... | Echo Buddha","Original Meditation Reflection: The bell fades, but careful...",NO,2,WebPage|Organization|ImageObject|Thing|Quotation|CollectionPage|BreadcrumbList|ListItem,4118,0,0,,2026-09-15T02:25:27.704Z
https://echobuddha.com/quotes/meditation/the-cushion-is-a-place-to-practice-returning-not/,/quotes/meditation/the-cushion-is-a-place-to-practice-returning-not/,QUOTE,NOINDEX_USER_PAGE_200,200,200,,https://echobuddha.com/quotes/meditation/the-cushion-is-a-place-to-practice-returning-not/,200,text/html,https://echobuddha.com/quotes/meditation/the-cushion-is-a-place-to-practice-returning-not/,"noindex, follow",Original Meditation Reflection: The cushion is a place... | Echo Buddha,Original Meditation Reflection: The cushion is a place...,NO,5,WebPage|Organization|ImageObject|Thing|Quotation|CollectionPage|BreadcrumbList|ListItem,4182,0,0,,2026-09-15T02:25:27.698Z
https://echobuddha.com/quotes/meditation/when-stillness-feels-impossible-begin-by-noticing-the-restlessness/,/quotes/meditation/when-stillness-feels-impossible-begin-by-noticing-the-restlessness/,QUOTE,NOINDEX_USER_PAGE_200,200,200,,https://echobuddha.com/quotes/meditation/when-stillness-feels-impossible-begin-by-noticing-the-restlessness/,200,text/html,https://echobuddha.com/quotes/meditation/when-stillness-feels-impossible-begin-by-noticing-the-restlessness/,"noindex, follow","Original Meditation Reflection: When stillness feels impossible, begin... | Echo Buddha","Original Meditation Reflection: When stillness feels impossible, begin...",NO,2,WebPage|Organization|ImageObject|Thing|Quotation|CollectionPage|BreadcrumbList|ListItem,4232,0,0,,2026-09-15T02:25:27.703Z
https://echobuddha.com/quotes/mindfulness/,/quotes/mindfulness/,QUOTE,INDEXABLE_CANONICAL_200,200,200,,https://echobuddha.com/quotes/mindfulness/,200,text/html,https://echobuddha.com/quotes/mindfulness/,"index, follow",Original Mindfulness Quotes Inspired by Buddhist Practice | Echo Buddha,Original Mindfulness Quotes,YES,42,CollectionPage|BreadcrumbList|ListItem,4890,0,0,,2026-09-15T02:25:27.711Z
https://echobuddha.com/quotes/mindfulness/a-peaceful-mind-begins-with-one-honest-breath/,/quotes/mindfulness/a-peaceful-mind-begins-with-one-honest-breath/,QUOTE,NOINDEX_USER_PAGE_200,200,200,,https://echobuddha.com/quotes/mindfulness/a-peaceful-mind-begins-with-one-honest-breath/,200,text/html,https://echobuddha.com/quotes/mindfulness/a-peaceful-mind-begins-with-one-honest-breath/,"noindex, follow",Original Mindfulness Reflection: A peaceful mind begins with... | Echo Buddha,Original Mindfulness Reflection: A peaceful mind begins with...,NO,23,WebPage|Organization|ImageObject|Thing|Quotation|CollectionPage|BreadcrumbList|ListItem,4116,0,0,,2026-09-15T02:25:27.740Z
https://echobuddha.com/quotes/mindfulness/a-wandering-mind-is-not-a-failed-mind-it/,/quotes/mindfulness/a-wandering-mind-is-not-a-failed-mind-it/,QUOTE,NOINDEX_USER_PAGE_200,200,200,,https://echobuddha.com/quotes/mindfulness/a-wandering-mind-is-not-a-failed-mind-it/,200,text/html,https://echobuddha.com/quotes/mindfulness/a-wandering-mind-is-not-a-failed-mind-it/,"noindex, follow",Original Mindfulness Reflection: A wandering mind is not... | Echo Buddha,Original Mindfulness Reflection: A wandering mind is not...,NO,2,WebPage|Organization|ImageObject|Thing|Quotation|CollectionPage|BreadcrumbList|ListItem,4168,0,0,,2026-09-15T02:25:27.754Z
https://echobuddha.com/quotes/mindfulness/awareness-begins-when-hurry-loosens-its-hold/,/quotes/mindfulness/awareness-begins-when-hurry-loosens-its-hold/,QUOTE,NOINDEX_USER_PAGE_200,200,200,,https://echobuddha.com/quotes/mindfulness/awareness-begins-when-hurry-loosens-its-hold/,200,text/html,https://echobuddha.com/quotes/mindfulness/awareness-begins-when-hurry-loosens-its-hold/,"noindex, follow",Original Mindfulness Reflection: Awareness begins when hurry loosens... | Echo Buddha,Original Mindfulness Reflection: Awareness begins when hurry loosens...,NO,2,WebPage|Organization|ImageObject|Thing|Quotation|CollectionPage|BreadcrumbList|ListItem,4090,0,0,,2026-09-15T02:25:27.786Z
https://echobuddha.com/quotes/mindfulness/begin-the-day-with-awareness/,/quotes/mindfulness/begin-the-day-with-awareness/,QUOTE,NOINDEX_USER_PAGE_200,200,200,,https://echobuddha.com/quotes/mindfulness/begin-the-day-with-awareness/,200,text/html,https://echobuddha.com/quotes/mindfulness/begin-the-day-with-awareness/,"noindex, follow",Mindfulness Quote for Daily Life: Begin the Day With Awareness | Echo Buddha,Mindfulness Quote for Daily Life: Begin the Day With Awareness,NO,2,WebPage|Organization|ImageObject|Thing|Quotation|CollectionPage|BreadcrumbList|ListItem,5562,0,0,,2026-09-15T02:25:27.888Z
https://echobuddha.com/quotes/mindfulness/give-one-ordinary-task-the-dignity-of-your-full/,/quotes/mindfulness/give-one-ordinary-task-the-dignity-of-your-full/,QUOTE,NOINDEX_USER_PAGE_200,200,200,,https://echobuddha.com/quotes/mindfulness/give-one-ordinary-task-the-dignity-of-your-full/,200,text/html,https://echobuddha.com/quotes/mindfulness/give-one-ordinary-task-the-dignity-of-your-full/,"noindex, follow",Original Mindfulness Reflection: Give one ordinary task the... | Echo Buddha,Original Mindfulness Reflection: Give one ordinary task the...,NO,2,WebPage|Organization|ImageObject|Thing|Quotation|CollectionPage|BreadcrumbList|ListItem,4125,0,0,,2026-09-15T02:25:27.887Z
https://echobuddha.com/quotes/mindfulness/gratitude-notices-enough/,/quotes/mindfulness/gratitude-notices-enough/,QUOTE,NOINDEX_USER_PAGE_200,200,200,,https://echobuddha.com/quotes/mindfulness/gratitude-notices-enough/,200,text/html,https://echobuddha.com/quotes/mindfulness/gratitude-notices-enough/,"noindex, follow",Gratitude Mindfulness Quote: Noticing Enough | Echo Buddha,Gratitude Mindfulness Quote: Noticing Enough,NO,2,WebPage|Organization|ImageObject|Thing|Quotation|CollectionPage|BreadcrumbList|ListItem,5129,0,0,,2026-09-15T02:25:27.922Z
https://echobuddha.com/quotes/mindfulness/ground-yourself-gently/,/quotes/mindfulness/ground-yourself-gently/,QUOTE,NOINDEX_USER_PAGE_200,200,200,,https://echobuddha.com/quotes/mindfulness/ground-yourself-gently/,200,text/html,https://echobuddha.com/quotes/mindfulness/ground-yourself-gently/,"noindex, follow",Mindfulness Quote for Anxiety: Ground Yourself Gently | Echo Buddha,Mindfulness Quote for Anxiety: Ground Yourself Gently,NO,2,WebPage|Organization|ImageObject|Thing|Quotation|CollectionPage|BreadcrumbList|ListItem,5196,0,0,,2026-09-15T02:25:27.988Z
https://echobuddha.com/quotes/mindfulness/listen-before-answering/,/quotes/mindfulness/listen-before-answering/,QUOTE,NOINDEX_USER_PAGE_200,200,200,,https://echobuddha.com/quotes/mindfulness/listen-before-answering/,200,text/html,https://echobuddha.com/quotes/mindfulness/listen-before-answering/,"noindex, follow",Mindful Listening Quote: Listen Before Answering | Echo Buddha,Mindful Listening Quote: Listen Before Answering,NO,2,WebPage|Organization|ImageObject|Thing|Quotation|CollectionPage|BreadcrumbList|ListItem,5269,0,0,,2026-09-15T02:25:27.959Z
https://echobuddha.com/quotes/mindfulness/listen-to-the-moment-before-filling-it-with-your/,/quotes/mindfulness/listen-to-the-moment-before-filling-it-with-your/,QUOTE,NOINDEX_USER_PAGE_200,200,200,,https://echobuddha.com/quotes/mindfulness/listen-to-the-moment-before-filling-it-with-your/,200,text/html,https://echobuddha.com/quotes/mindfulness/listen-to-the-moment-before-filling-it-with-your/,"noindex, follow",Original Mindfulness Reflection: Listen to the moment before... | Echo Buddha,Original Mindfulness Reflection: Listen to the moment before...,NO,2,WebPage|Organization|ImageObject|Thing|Quotation|CollectionPage|BreadcrumbList|ListItem,4135,0,0,,2026-09-15T02:25:27.935Z
https://echobuddha.com/quotes/mindfulness/notice-what-is-here-before-deciding-what-it-means/,/quotes/mindfulness/notice-what-is-here-before-deciding-what-it-means/,QUOTE,NOINDEX_USER_PAGE_200,200,200,,https://echobuddha.com/quotes/mindfulness/notice-what-is-here-before-deciding-what-it-means/,200,text/html,https://echobuddha.com/quotes/mindfulness/notice-what-is-here-before-deciding-what-it-means/,"noindex, follow",Original Mindfulness Reflection: Notice what is here before... | Echo Buddha,Original Mindfulness Reflection: Notice what is here before...,NO,5,WebPage|Organization|ImageObject|Thing|Quotation|CollectionPage|BreadcrumbList|ListItem,4074,0,0,,2026-09-15T02:25:27.958Z
https://echobuddha.com/quotes/mindfulness/one-mindful-pause-can-change-the-direction-of-an/,/quotes/mindfulness/one-mindful-pause-can-change-the-direction-of-an/,QUOTE,NOINDEX_USER_PAGE_200,200,200,,https://echobuddha.com/quotes/mindfulness/one-mindful-pause-can-change-the-direction-of-an/,200,text/html,https://echobuddha.com/quotes/mindfulness/one-mindful-pause-can-change-the-direction-of-an/,"noindex, follow",Original Mindfulness Reflection: One mindful pause can change... | Echo Buddha,Original Mindfulness Reflection: One mindful pause can change...,NO,2,WebPage|Organization|ImageObject|Thing|Quotation|CollectionPage|BreadcrumbList|ListItem,4146,0,0,,2026-09-15T02:25:27.949Z
https://echobuddha.com/quotes/mindfulness/peace-begins-with-attention/,/quotes/mindfulness/peace-begins-with-attention/,QUOTE,NOINDEX_USER_PAGE_200,200,200,,https://echobuddha.com/quotes/mindfulness/peace-begins-with-attention/,200,text/html,https://echobuddha.com/quotes/mindfulness/peace-begins-with-attention/,"noindex, follow",Inner Peace Buddhist Quote: Peace Begins With Attention | Echo Buddha,Inner Peace Buddhist Quote: Peace Begins With Attention,NO,2,WebPage|Organization|ImageObject|Thing|Quotation|CollectionPage|BreadcrumbList|ListItem,5394,0,0,,2026-09-15T02:25:27.962Z
https://echobuddha.com/quotes/mindfulness/peace-grows-when-attention-stops-running-ahead-of-the/,/quotes/mindfulness/peace-grows-when-attention-stops-running-ahead-of-the/,QUOTE,NOINDEX_USER_PAGE_200,200,200,,https://echobuddha.com/quotes/mindfulness/peace-grows-when-attention-stops-running-ahead-of-the/,200,text/html,https://echobuddha.com/quotes/mindfulness/peace-grows-when-attention-stops-running-ahead-of-the/,"noindex, follow",Original Mindfulness Reflection: Peace grows when attention stops... | Echo Buddha,Original Mindfulness Reflection: Peace grows when attention stops...,NO,23,WebPage|Organization|ImageObject|Thing|Quotation|CollectionPage|BreadcrumbList|ListItem,4123,0,0,,2026-09-15T02:25:27.986Z
https://echobuddha.com/quotes/mindfulness/present-moment-one-step/,/quotes/mindfulness/present-moment-one-step/,QUOTE,NOINDEX_USER_PAGE_200,200,200,,https://echobuddha.com/quotes/mindfulness/present-moment-one-step/,200,text/html,https://echobuddha.com/quotes/mindfulness/present-moment-one-step/,"noindex, follow","Present Moment Quote: One Breath, One Sound, One Step | Echo Buddha","Present Moment Quote: One Breath, One Sound, One Step",NO,3,WebPage|Organization|ImageObject|Thing|Quotation|CollectionPage|BreadcrumbList|ListItem,5124,0,0,,2026-09-15T02:25:28.017Z
https://echobuddha.com/quotes/mindfulness/return-to-the-breath-before-you-return-to-the/,/quotes/mindfulness/return-to-the-breath-before-you-return-to-the/,QUOTE,NOINDEX_USER_PAGE_200,200,200,,https://echobuddha.com/quotes/mindfulness/return-to-the-breath-before-you-return-to-the/,200,text/html,https://echobuddha.com/quotes/mindfulness/return-to-the-breath-before-you-return-to-the/,"noindex, follow",Original Mindfulness Reflection: Return to the breath before... | Echo Buddha,Original Mindfulness Reflection: Return to the breath before...,NO,23,WebPage|Organization|ImageObject|Thing|Quotation|CollectionPage|BreadcrumbList|ListItem,4127,0,0,,2026-09-15T02:25:28.016Z
https://echobuddha.com/quotes/mindfulness/the-more-clearly-you-notice-life-the-less-carelessly/,/quotes/mindfulness/the-more-clearly-you-notice-life-the-less-carelessly/,QUOTE,NOINDEX_USER_PAGE_200,200,200,,https://echobuddha.com/quotes/mindfulness/the-more-clearly-you-notice-life-the-less-carelessly/,200,text/html,https://echobuddha.com/quotes/mindfulness/the-more-clearly-you-notice-life-the-less-carelessly/,"noindex, follow",Original Mindfulness Reflection: The more clearly you notice... | Echo Buddha,Original Mindfulness Reflection: The more clearly you notice...,NO,2,WebPage|Organization|ImageObject|Thing|Quotation|CollectionPage|BreadcrumbList|ListItem,4189,0,0,,2026-09-15T02:25:28.130Z
https://echobuddha.com/quotes/mindfulness/the-present-moment-asks-for-your-attention-not-your/,/quotes/mindfulness/the-present-moment-asks-for-your-attention-not-your/,QUOTE,NOINDEX_USER_PAGE_200,200,200,,https://echobuddha.com/quotes/mindfulness/the-present-moment-asks-for-your-attention-not-your/,200,text/html,https://echobuddha.com/quotes/mindfulness/the-present-moment-asks-for-your-attention-not-your/,"noindex, follow",Original Mindfulness Reflection: The present moment asks for... | Echo Buddha,Original Mindfulness Reflection: The present moment asks for...,NO,2,WebPage|Organization|ImageObject|Thing|Quotation|CollectionPage|BreadcrumbList|ListItem,4157,0,0,,2026-09-15T02:25:28.166Z
https://echobuddha.com/quotes/patience/,/quotes/patience/,QUOTE,INDEXABLE_CANONICAL_200,200,200,,https://echobuddha.com/quotes/patience/,200,text/html,https://echobuddha.com/quotes/patience/,"index, follow",Original Patience Quotes Inspired by Buddhist Practice | Echo Buddha,Original Patience Quotes,YES,31,CollectionPage|BreadcrumbList|ListItem,4838,0,0,,2026-09-15T02:25:28.321Z
https://echobuddha.com/quotes/patience/a-difficult-moment-becomes-heavier-when-we-demand-that/,/quotes/patience/a-difficult-moment-becomes-heavier-when-we-demand-that/,QUOTE,NOINDEX_USER_PAGE_200,200,200,,https://echobuddha.com/quotes/patience/a-difficult-moment-becomes-heavier-when-we-demand-that/,200,text/html,https://echobuddha.com/quotes/patience/a-difficult-moment-becomes-heavier-when-we-demand-that/,"noindex, follow",Original Patience Reflection: A difficult moment becomes heavier... | Echo Buddha,Original Patience Reflection: A difficult moment becomes heavier...,NO,2,WebPage|Organization|ImageObject|Thing|Quotation|CollectionPage|BreadcrumbList|ListItem,4199,0,0,,2026-09-15T02:25:28.160Z
https://echobuddha.com/quotes/patience/be-patient-with-the-part-of-you-that-is/,/quotes/patience/be-patient-with-the-part-of-you-that-is/,QUOTE,NOINDEX_USER_PAGE_200,200,200,,https://echobuddha.com/quotes/patience/be-patient-with-the-part-of-you-that-is/,200,text/html,https://echobuddha.com/quotes/patience/be-patient-with-the-part-of-you-that-is/,"noindex, follow",Original Patience Reflection: Be patient with the part... | Echo Buddha,Original Patience Reflection: Be patient with the part...,NO,2,WebPage|Organization|ImageObject|Thing|Quotation|CollectionPage|BreadcrumbList|ListItem,4185,0,0,,2026-09-15T02:25:28.174Z
https://echobuddha.com/quotes/patience/family-kindness-and-patience/,/quotes/patience/family-kindness-and-patience/,QUOTE,NOINDEX_USER_PAGE_200,200,200,,https://echobuddha.com/quotes/patience/family-kindness-and-patience/,200,text/html,https://echobuddha.com/quotes/patience/family-kindness-and-patience/,"noindex, follow",Kindness in Family Quote: Patience With People Close to Us | Echo Buddha,Kindness in Family Quote: Patience With People Close to Us,NO,3,WebPage|Organization|ImageObject|Thing|Quotation|CollectionPage|BreadcrumbList|ListItem,5252,0,0,,2026-09-15T02:25:28.204Z
https://echobuddha.com/quotes/patience/growth-is-quiet-work-often-invisible-until-the-season/,/quotes/patience/growth-is-quiet-work-often-invisible-until-the-season/,QUOTE,NOINDEX_USER_PAGE_200,200,200,,https://echobuddha.com/quotes/patience/growth-is-quiet-work-often-invisible-until-the-season/,200,text/html,https://echobuddha.com/quotes/patience/growth-is-quiet-work-often-invisible-until-the-season/,"noindex, follow","Original Patience Reflection: Growth is quiet work, often... | Echo Buddha","Original Patience Reflection: Growth is quiet work, often...",NO,2,WebPage|Organization|ImageObject|Thing|Quotation|CollectionPage|BreadcrumbList|ListItem,4133,0,0,,2026-09-15T02:25:28.188Z
https://echobuddha.com/quotes/patience/not-every-delay-is-an-obstacle-some-are-invitations/,/quotes/patience/not-every-delay-is-an-obstacle-some-are-invitations/,QUOTE,NOINDEX_USER_PAGE_200,200,200,,https://echobuddha.com/quotes/patience/not-every-delay-is-an-obstacle-some-are-invitations/,200,text/html,https://echobuddha.com/quotes/patience/not-every-delay-is-an-obstacle-some-are-invitations/,"noindex, follow",Original Patience Reflection: Not every delay is an... | Echo Buddha,Original Patience Reflection: Not every delay is an...,NO,14,WebPage|Organization|ImageObject|Thing|Quotation|CollectionPage|BreadcrumbList|ListItem,4130,0,0,,2026-09-15T02:25:28.204Z
https://echobuddha.com/quotes/patience/patience-is-the-strength-to-remain-present-while-life/,/quotes/patience/patience-is-the-strength-to-remain-present-while-life/,QUOTE,NOINDEX_USER_PAGE_200,200,200,,https://echobuddha.com/quotes/patience/patience-is-the-strength-to-remain-present-while-life/,200,text/html,https://echobuddha.com/quotes/patience/patience-is-the-strength-to-remain-present-while-life/,"noindex, follow",Original Patience Reflection: Patience is the strength to... | Echo Buddha,Original Patience Reflection: Patience is the strength to...,NO,14,WebPage|Organization|ImageObject|Thing|Quotation|CollectionPage|BreadcrumbList|ListItem,4186,0,0,,2026-09-15T02:25:28.219Z
https://echobuddha.com/quotes/patience/patience-makes-room-for-truth-to-arrive-without-force/,/quotes/patience/patience-makes-room-for-truth-to-arrive-without-force/,QUOTE,NOINDEX_USER_PAGE_200,200,200,,https://echobuddha.com/quotes/patience/patience-makes-room-for-truth-to-arrive-without-force/,200,text/html,https://echobuddha.com/quotes/patience/patience-makes-room-for-truth-to-arrive-without-force/,"noindex, follow",Original Patience Reflection: Patience makes room for truth... | Echo Buddha,Original Patience Reflection: Patience makes room for truth...,NO,2,WebPage|Organization|ImageObject|Thing|Quotation|CollectionPage|BreadcrumbList|ListItem,4095,0,0,,2026-09-15T02:25:28.221Z
https://echobuddha.com/quotes/patience/patience-softens-the-wait/,/quotes/patience/patience-softens-the-wait/,QUOTE,NOINDEX_USER_PAGE_200,200,200,,https://echobuddha.com/quotes/patience/patience-softens-the-wait/,200,text/html,https://echobuddha.com/quotes/patience/patience-softens-the-wait/,"noindex, follow",Patience Buddhist Quote: Softening During Delay | Echo Buddha,Patience Buddhist Quote: Softening During Delay,NO,2,WebPage|Organization|ImageObject|Thing|Quotation|CollectionPage|BreadcrumbList|ListItem,5179,0,0,,2026-09-15T02:25:28.265Z
https://echobuddha.com/quotes/patience/some-answers-become-clear-only-after-the-mind-stops/,/quotes/patience/some-answers-become-clear-only-after-the-mind-stops/,QUOTE,NOINDEX_USER_PAGE_200,200,200,,https://echobuddha.com/quotes/patience/some-answers-become-clear-only-after-the-mind-stops/,200,text/html,https://echobuddha.com/quotes/patience/some-answers-become-clear-only-after-the-mind-stops/,"noindex, follow",Original Patience Reflection: Some answers become clear only... | Echo Buddha,Original Patience Reflection: Some answers become clear only...,NO,2,WebPage|Organization|ImageObject|Thing|Quotation|CollectionPage|BreadcrumbList|ListItem,4163,0,0,,2026-09-15T02:25:28.262Z
https://echobuddha.com/quotes/patience/stay-gentle-with-beginnings-they-are-carrying-more-than/,/quotes/patience/stay-gentle-with-beginnings-they-are-carrying-more-than/,QUOTE,NOINDEX_USER_PAGE_200,200,200,,https://echobuddha.com/quotes/patience/stay-gentle-with-beginnings-they-are-carrying-more-than/,200,text/html,https://echobuddha.com/quotes/patience/stay-gentle-with-beginnings-they-are-carrying-more-than/,"noindex, follow",Original Patience Reflection: Stay gentle with beginnings; they... | Echo Buddha,Original Patience Reflection: Stay gentle with beginnings; they...,NO,2,WebPage|Organization|ImageObject|Thing|Quotation|CollectionPage|BreadcrumbList|ListItem,4157,0,0,,2026-09-15T02:25:28.357Z
https://echobuddha.com/quotes/patience/the-path-unfolds-at-the-pace-of-sincere-practice/,/quotes/patience/the-path-unfolds-at-the-pace-of-sincere-practice/,QUOTE,NOINDEX_USER_PAGE_200,200,200,,https://echobuddha.com/quotes/patience/the-path-unfolds-at-the-pace-of-sincere-practice/,200,text/html,https://echobuddha.com/quotes/patience/the-path-unfolds-at-the-pace-of-sincere-practice/,"noindex, follow",Original Patience Reflection: The path unfolds at the... | Echo Buddha,Original Patience Reflection: The path unfolds at the...,NO,2,WebPage|Organization|ImageObject|Thing|Quotation|CollectionPage|BreadcrumbList|ListItem,4198,0,0,,2026-09-15T02:25:28.431Z
https://echobuddha.com/quotes/patience/wait-long-enough-for-the-first-reaction-to-become/,/quotes/patience/wait-long-enough-for-the-first-reaction-to-become/,QUOTE,NOINDEX_USER_PAGE_200,200,200,,https://echobuddha.com/quotes/patience/wait-long-enough-for-the-first-reaction-to-become/,200,text/html,https://echobuddha.com/quotes/patience/wait-long-enough-for-the-first-reaction-to-become/,"noindex, follow",Original Patience Reflection: Wait long enough for the... | Echo Buddha,Original Patience Reflection: Wait long enough for the...,NO,5,WebPage|Organization|ImageObject|Thing|Quotation|CollectionPage|BreadcrumbList|ListItem,4131,0,0,,2026-09-15T02:25:28.409Z
https://echobuddha.com/quotes/patience/when-anger-rises-pause-long-enough-to-see-the/,/quotes/patience/when-anger-rises-pause-long-enough-to-see-the/,QUOTE,NOINDEX_USER_PAGE_200,200,200,,https://echobuddha.com/quotes/patience/when-anger-rises-pause-long-enough-to-see-the/,200,text/html,https://echobuddha.com/quotes/patience/when-anger-rises-pause-long-enough-to-see-the/,"noindex, follow","Original Patience Reflection: When anger rises, pause long... | Echo Buddha","Original Patience Reflection: When anger rises, pause long...",NO,14,WebPage|Organization|ImageObject|Thing|Quotation|CollectionPage|BreadcrumbList|ListItem,4115,0,0,,2026-09-15T02:25:28.407Z
https://echobuddha.com/quotes/practice/,/quotes/practice/,QUOTE,INDEXABLE_CANONICAL_200,200,200,,https://echobuddha.com/quotes/practice/,200,text/html,https://echobuddha.com/quotes/practice/,"index, follow",Original Practice Quotes Inspired by Buddhist Practice | Echo Buddha,Original Practice Quotes,YES,50,CollectionPage|BreadcrumbList|ListItem,4596,0,0,,2026-09-15T02:25:28.414Z
https://echobuddha.com/quotes/practice/a-peaceful-life-is-built-from-peaceful-moments-practiced/,/quotes/practice/a-peaceful-life-is-built-from-peaceful-moments-practiced/,QUOTE,NOINDEX_USER_PAGE_200,200,200,,https://echobuddha.com/quotes/practice/a-peaceful-life-is-built-from-peaceful-moments-practiced/,200,text/html,https://echobuddha.com/quotes/practice/a-peaceful-life-is-built-from-peaceful-moments-practiced/,"noindex, follow",Original Practice Reflection: A peaceful life is built... | Echo Buddha,Original Practice Reflection: A peaceful life is built...,NO,2,WebPage|Organization|ImageObject|Thing|Quotation|CollectionPage|BreadcrumbList|ListItem,4096,0,0,,2026-09-15T02:25:28.448Z
https://echobuddha.com/quotes/practice/begin-with-what-is-possible-then-return-tomorrow/,/quotes/practice/begin-with-what-is-possible-then-return-tomorrow/,QUOTE,NOINDEX_USER_PAGE_200,200,200,,https://echobuddha.com/quotes/practice/begin-with-what-is-possible-then-return-tomorrow/,200,text/html,https://echobuddha.com/quotes/practice/begin-with-what-is-possible-then-return-tomorrow/,"noindex, follow","Original Practice Reflection: Begin with what is possible,... | Echo Buddha","Original Practice Reflection: Begin with what is possible,...",NO,2,WebPage|Organization|ImageObject|Thing|Quotation|CollectionPage|BreadcrumbList|ListItem,4026,0,0,,2026-09-15T02:25:28.452Z
https://echobuddha.com/quotes/practice/bring-the-teaching-into-the-place-where-you-are/,/quotes/practice/bring-the-teaching-into-the-place-where-you-are/,QUOTE,NOINDEX_USER_PAGE_200,200,200,,https://echobuddha.com/quotes/practice/bring-the-teaching-into-the-place-where-you-are/,200,text/html,https://echobuddha.com/quotes/practice/bring-the-teaching-into-the-place-where-you-are/,"noindex, follow",Original Practice Reflection: Bring the teaching into the... | Echo Buddha,Original Practice Reflection: Bring the teaching into the...,NO,2,WebPage|Organization|ImageObject|Thing|Quotation|CollectionPage|BreadcrumbList|ListItem,4102,0,0,,2026-09-15T02:25:28.450Z
https://echobuddha.com/quotes/practice/daily-practice-turns-understanding-from-an-idea-into-a/,/quotes/practice/daily-practice-turns-understanding-from-an-idea-into-a/,QUOTE,NOINDEX_USER_PAGE_200,200,200,,https://echobuddha.com/quotes/practice/daily-practice-turns-understanding-from-an-idea-into-a/,200,text/html,https://echobuddha.com/quotes/practice/daily-practice-turns-understanding-from-an-idea-into-a/,"noindex, follow",Original Practice Reflection: Daily practice turns understanding from... | Echo Buddha,Original Practice Reflection: Daily practice turns understanding from...,NO,2,WebPage|Organization|ImageObject|Thing|Quotation|CollectionPage|BreadcrumbList|ListItem,4171,0,0,,2026-09-15T02:25:28.485Z
https://echobuddha.com/quotes/practice/do-not-wait-to-feel-ready-before-choosing-what/,/quotes/practice/do-not-wait-to-feel-ready-before-choosing-what/,QUOTE,NOINDEX_USER_PAGE_200,200,200,,https://echobuddha.com/quotes/practice/do-not-wait-to-feel-ready-before-choosing-what/,200,text/html,https://echobuddha.com/quotes/practice/do-not-wait-to-feel-ready-before-choosing-what/,"noindex, follow",Original Practice Reflection: Do not wait to feel... | Echo Buddha,Original Practice Reflection: Do not wait to feel...,NO,2,WebPage|Organization|ImageObject|Thing|Quotation|CollectionPage|BreadcrumbList|ListItem,4017,0,0,,2026-09-15T02:25:28.490Z
https://echobuddha.com/quotes/practice/eightfold-path-daily-choices/,/quotes/practice/eightfold-path-daily-choices/,QUOTE,NOINDEX_USER_PAGE_200,200,200,,https://echobuddha.com/quotes/practice/eightfold-path-daily-choices/,200,text/html,https://echobuddha.com/quotes/practice/eightfold-path-daily-choices/,"noindex, follow",Eightfold Path Quote: Daily Practice in Small Choices | Echo Buddha,Eightfold Path Quote: Daily Practice in Small Choices,NO,3,WebPage|Organization|ImageObject|Thing|Quotation|CollectionPage|BreadcrumbList|ListItem,5102,0,0,,2026-09-15T02:25:28.500Z
https://echobuddha.com/quotes/practice/mindfulness-at-work-breath/,/quotes/practice/mindfulness-at-work-breath/,QUOTE,NOINDEX_USER_PAGE_200,200,200,,https://echobuddha.com/quotes/practice/mindfulness-at-work-breath/,200,text/html,https://echobuddha.com/quotes/practice/mindfulness-at-work-breath/,"noindex, follow",Mindfulness at Work Quote: Bring Awareness Into Daily Work | Echo Buddha,Mindfulness at Work Quote: Bring Awareness Into Daily Work,NO,3,WebPage|Organization|ImageObject|Thing|Quotation|CollectionPage|BreadcrumbList|ListItem,5059,0,0,,2026-09-15T02:25:28.589Z
https://echobuddha.com/quotes/practice/practice-becomes-real-when-it-enters-your-speech-and/,/quotes/practice/practice-becomes-real-when-it-enters-your-speech-and/,QUOTE,NOINDEX_USER_PAGE_200,200,200,,https://echobuddha.com/quotes/practice/practice-becomes-real-when-it-enters-your-speech-and/,200,text/html,https://echobuddha.com/quotes/practice/practice-becomes-real-when-it-enters-your-speech-and/,"noindex, follow",Original Practice Reflection: Practice becomes real when it... | Echo Buddha,Original Practice Reflection: Practice becomes real when it...,NO,23,WebPage|Organization|ImageObject|Thing|Quotation|CollectionPage|BreadcrumbList|ListItem,4087,0,0,,2026-09-15T02:25:28.586Z
https://echobuddha.com/quotes/practice/right-intention-turns-the-heart/,/quotes/practice/right-intention-turns-the-heart/,QUOTE,NOINDEX_USER_PAGE_200,200,200,,https://echobuddha.com/quotes/practice/right-intention-turns-the-heart/,200,text/html,https://echobuddha.com/quotes/practice/right-intention-turns-the-heart/,"noindex, follow",Right Intention Quote: Choosing the Direction of the Heart | Echo Buddha,Right Intention Quote: Choosing the Direction of the Heart,NO,5,WebPage|Organization|ImageObject|Thing|Quotation|CollectionPage|BreadcrumbList|ListItem,5068,0,0,,2026-09-15T02:25:28.482Z
https://echobuddha.com/quotes/practice/small-actions-shape-the-mind/,/quotes/practice/small-actions-shape-the-mind/,QUOTE,NOINDEX_USER_PAGE_200,200,200,,https://echobuddha.com/quotes/practice/small-actions-shape-the-mind/,200,text/html,https://echobuddha.com/quotes/practice/small-actions-shape-the-mind/,"noindex, follow",Daily Buddhist Practice Quote: Small Actions Shape the Mind | Echo Buddha,Daily Buddhist Practice Quote: Small Actions Shape the Mind,NO,5,WebPage|Organization|ImageObject|Thing|Quotation|CollectionPage|BreadcrumbList|ListItem,5256,0,0,,2026-09-15T02:25:28.702Z
https://echobuddha.com/quotes/practice/the-path-is-not-far-away-it-is-the/,/quotes/practice/the-path-is-not-far-away-it-is-the/,QUOTE,NOINDEX_USER_PAGE_200,200,200,,https://echobuddha.com/quotes/practice/the-path-is-not-far-away-it-is-the/,200,text/html,https://echobuddha.com/quotes/practice/the-path-is-not-far-away-it-is-the/,"noindex, follow",Original Practice Reflection: The path is not far... | Echo Buddha,Original Practice Reflection: The path is not far...,NO,23,WebPage|Organization|ImageObject|Thing|Quotation|CollectionPage|BreadcrumbList|ListItem,4014,0,0,,2026-09-15T02:25:28.649Z
https://echobuddha.com/quotes/practice/the-path-is-shaped-by-what-you-repeat-when/,/quotes/practice/the-path-is-shaped-by-what-you-repeat-when/,QUOTE,NOINDEX_USER_PAGE_200,200,200,,https://echobuddha.com/quotes/practice/the-path-is-shaped-by-what-you-repeat-when/,200,text/html,https://echobuddha.com/quotes/practice/the-path-is-shaped-by-what-you-repeat-when/,"noindex, follow",Original Practice Reflection: The path is shaped by... | Echo Buddha,Original Practice Reflection: The path is shaped by...,NO,2,WebPage|Organization|ImageObject|Thing|Quotation|CollectionPage|BreadcrumbList|ListItem,4049,0,0,,2026-09-15T02:25:28.674Z
https://echobuddha.com/quotes/practice/the-smallest-wholesome-action-is-larger-than-the-finest/,/quotes/practice/the-smallest-wholesome-action-is-larger-than-the-finest/,QUOTE,NOINDEX_USER_PAGE_200,200,200,,https://echobuddha.com/quotes/practice/the-smallest-wholesome-action-is-larger-than-the-finest/,200,text/html,https://echobuddha.com/quotes/practice/the-smallest-wholesome-action-is-larger-than-the-finest/,"noindex, follow",Original Practice Reflection: The smallest wholesome action is... | Echo Buddha,Original Practice Reflection: The smallest wholesome action is...,NO,5,WebPage|Organization|ImageObject|Thing|Quotation|CollectionPage|BreadcrumbList|ListItem,4139,0,0,,2026-09-15T02:25:28.683Z
https://echobuddha.com/quotes/practice/walk-slowly-enough-to-notice-where-your-life-is/,/quotes/practice/walk-slowly-enough-to-notice-where-your-life-is/,QUOTE,NOINDEX_USER_PAGE_200,200,200,,https://echobuddha.com/quotes/practice/walk-slowly-enough-to-notice-where-your-life-is/,200,text/html,https://echobuddha.com/quotes/practice/walk-slowly-enough-to-notice-where-your-life-is/,"noindex, follow",Original Practice Reflection: Walk slowly enough to notice... | Echo Buddha,Original Practice Reflection: Walk slowly enough to notice...,NO,23,WebPage|Organization|ImageObject|Thing|Quotation|CollectionPage|BreadcrumbList|ListItem,4122,0,0,,2026-09-15T02:25:28.686Z
https://echobuddha.com/quotes/practice/your-next-response-is-always-part-of-the-path/,/quotes/practice/your-next-response-is-always-part-of-the-path/,QUOTE,NOINDEX_USER_PAGE_200,200,200,,https://echobuddha.com/quotes/practice/your-next-response-is-always-part-of-the-path/,200,text/html,https://echobuddha.com/quotes/practice/your-next-response-is-always-part-of-the-path/,"noindex, follow",Original Practice Reflection: Your next response is always... | Echo Buddha,Original Practice Reflection: Your next response is always...,NO,2,WebPage|Organization|ImageObject|Thing|Quotation|CollectionPage|BreadcrumbList|ListItem,4020,0,0,,2026-09-15T02:25:28.687Z
https://echobuddha.com/quotes/renewal/,/quotes/renewal/,QUOTE,INDEXABLE_CANONICAL_200,200,200,,https://echobuddha.com/quotes/renewal/,200,text/html,https://echobuddha.com/quotes/renewal/,"index, follow",Original Renewal Quotes Inspired by Buddhist Practice | Echo Buddha,Original Renewal Quotes,YES,29,CollectionPage|BreadcrumbList|ListItem,4493,0,0,,2026-09-15T02:25:28.729Z
https://echobuddha.com/quotes/renewal/a-mistake-becomes-a-teacher-when-honesty-enters-the/,/quotes/renewal/a-mistake-becomes-a-teacher-when-honesty-enters-the/,QUOTE,NOINDEX_USER_PAGE_200,200,200,,https://echobuddha.com/quotes/renewal/a-mistake-becomes-a-teacher-when-honesty-enters-the/,200,text/html,https://echobuddha.com/quotes/renewal/a-mistake-becomes-a-teacher-when-honesty-enters-the/,"noindex, follow",Original Renewal Reflection: A mistake becomes a teacher... | Echo Buddha,Original Renewal Reflection: A mistake becomes a teacher...,NO,2,WebPage|Organization|ImageObject|Thing|Quotation|CollectionPage|BreadcrumbList|ListItem,4009,0,0,,2026-09-15T02:25:28.748Z
https://echobuddha.com/quotes/renewal/a-new-direction-can-start-with-one-different-choice/,/quotes/renewal/a-new-direction-can-start-with-one-different-choice/,QUOTE,NOINDEX_USER_PAGE_200,200,200,,https://echobuddha.com/quotes/renewal/a-new-direction-can-start-with-one-different-choice/,200,text/html,https://echobuddha.com/quotes/renewal/a-new-direction-can-start-with-one-different-choice/,"noindex, follow",Original Renewal Reflection: A new direction can start... | Echo Buddha,Original Renewal Reflection: A new direction can start...,NO,16,WebPage|Organization|ImageObject|Thing|Quotation|CollectionPage|BreadcrumbList|ListItem,3992,0,0,,2026-09-15T02:25:28.734Z
https://echobuddha.com/quotes/renewal/begin-again-gently-the-breath-is-always-willing/,/quotes/renewal/begin-again-gently-the-breath-is-always-willing/,QUOTE,NOINDEX_USER_PAGE_200,200,200,,https://echobuddha.com/quotes/renewal/begin-again-gently-the-breath-is-always-willing/,200,text/html,https://echobuddha.com/quotes/renewal/begin-again-gently-the-breath-is-always-willing/,"noindex, follow",Original Renewal Reflection: Begin again gently; the breath... | Echo Buddha,Original Renewal Reflection: Begin again gently; the breath...,NO,16,WebPage|Organization|ImageObject|Thing|Quotation|CollectionPage|BreadcrumbList|ListItem,4012,0,0,,2026-09-15T02:25:28.777Z
https://echobuddha.com/quotes/renewal/begin-again-without-shame/,/quotes/renewal/begin-again-without-shame/,QUOTE,NOINDEX_USER_PAGE_200,200,200,,https://echobuddha.com/quotes/renewal/begin-again-without-shame/,200,text/html,https://echobuddha.com/quotes/renewal/begin-again-without-shame/,"noindex, follow",Renewal Mindfulness Quote: Begin Again Without Shame | Echo Buddha,Renewal Mindfulness Quote: Begin Again Without Shame,NO,2,WebPage|Organization|ImageObject|Thing|Quotation|CollectionPage|BreadcrumbList|ListItem,4996,0,0,,2026-09-15T02:25:28.842Z
https://echobuddha.com/quotes/renewal/begin-again-without-turning-yesterday-into-a-sentence/,/quotes/renewal/begin-again-without-turning-yesterday-into-a-sentence/,QUOTE,NOINDEX_USER_PAGE_200,200,200,,https://echobuddha.com/quotes/renewal/begin-again-without-turning-yesterday-into-a-sentence/,200,text/html,https://echobuddha.com/quotes/renewal/begin-again-without-turning-yesterday-into-a-sentence/,"noindex, follow",Original Renewal Reflection: Begin again without turning yesterday... | Echo Buddha,Original Renewal Reflection: Begin again without turning yesterday...,NO,16,WebPage|Organization|ImageObject|Thing|Quotation|CollectionPage|BreadcrumbList|ListItem,4031,0,0,,2026-09-15T02:25:28.812Z
https://echobuddha.com/quotes/renewal/do-not-confuse-an-old-pattern-with-an-unchangeable/,/quotes/renewal/do-not-confuse-an-old-pattern-with-an-unchangeable/,QUOTE,NOINDEX_USER_PAGE_200,200,200,,https://echobuddha.com/quotes/renewal/do-not-confuse-an-old-pattern-with-an-unchangeable/,200,text/html,https://echobuddha.com/quotes/renewal/do-not-confuse-an-old-pattern-with-an-unchangeable/,"noindex, follow",Original Renewal Reflection: Do not confuse an old... | Echo Buddha,Original Renewal Reflection: Do not confuse an old...,NO,2,WebPage|Organization|ImageObject|Thing|Quotation|CollectionPage|BreadcrumbList|ListItem,3988,0,0,,2026-09-15T02:25:28.899Z
https://echobuddha.com/quotes/renewal/each-conscious-breath-is-a-small-vote-for-beginning/,/quotes/renewal/each-conscious-breath-is-a-small-vote-for-beginning/,QUOTE,NOINDEX_USER_PAGE_200,200,200,,https://echobuddha.com/quotes/renewal/each-conscious-breath-is-a-small-vote-for-beginning/,200,text/html,https://echobuddha.com/quotes/renewal/each-conscious-breath-is-a-small-vote-for-beginning/,"noindex, follow",Original Renewal Reflection: Each conscious breath is a... | Echo Buddha,Original Renewal Reflection: Each conscious breath is a...,NO,2,WebPage|Organization|ImageObject|Thing|Quotation|CollectionPage|BreadcrumbList|ListItem,4018,0,0,,2026-09-15T02:25:28.915Z
https://echobuddha.com/quotes/renewal/evening-release-reflection/,/quotes/renewal/evening-release-reflection/,QUOTE,NOINDEX_USER_PAGE_200,200,200,,https://echobuddha.com/quotes/renewal/evening-release-reflection/,200,text/html,https://echobuddha.com/quotes/renewal/evening-release-reflection/,"noindex, follow",Evening Reflection Quote: Release the Day Gently | Echo Buddha,Evening Reflection Quote: Release the Day Gently,NO,2,WebPage|Organization|ImageObject|Thing|Quotation|CollectionPage|BreadcrumbList|ListItem,5068,0,0,,2026-09-15T02:25:28.923Z
https://echobuddha.com/quotes/renewal/gentle-hope-keeps-walking/,/quotes/renewal/gentle-hope-keeps-walking/,QUOTE,NOINDEX_USER_PAGE_200,200,200,,https://echobuddha.com/quotes/renewal/gentle-hope-keeps-walking/,200,text/html,https://echobuddha.com/quotes/renewal/gentle-hope-keeps-walking/,"noindex, follow",Buddhist Inspired Hope Quote: Gentle Hope | Echo Buddha,Buddhist Inspired Hope Quote: Gentle Hope,NO,2,WebPage|Organization|ImageObject|Thing|Quotation|CollectionPage|BreadcrumbList|ListItem,4940,0,0,,2026-09-15T02:25:28.991Z
https://echobuddha.com/quotes/renewal/hope-can-be-quiet-and-still-keep-walking/,/quotes/renewal/hope-can-be-quiet-and-still-keep-walking/,QUOTE,NOINDEX_USER_PAGE_200,200,200,,https://echobuddha.com/quotes/renewal/hope-can-be-quiet-and-still-keep-walking/,200,text/html,https://echobuddha.com/quotes/renewal/hope-can-be-quiet-and-still-keep-walking/,"noindex, follow",Original Renewal Reflection: Hope can be quiet and... | Echo Buddha,Original Renewal Reflection: Hope can be quiet and...,NO,3,WebPage|Organization|ImageObject|Thing|Quotation|CollectionPage|BreadcrumbList|ListItem,3907,0,0,,2026-09-15T02:25:28.920Z
https://echobuddha.com/quotes/renewal/morning-is-not-the-only-time-a-life-can/,/quotes/renewal/morning-is-not-the-only-time-a-life-can/,QUOTE,NOINDEX_USER_PAGE_200,200,200,,https://echobuddha.com/quotes/renewal/morning-is-not-the-only-time-a-life-can/,200,text/html,https://echobuddha.com/quotes/renewal/morning-is-not-the-only-time-a-life-can/,"noindex, follow",Original Renewal Reflection: Morning is not the only... | Echo Buddha,Original Renewal Reflection: Morning is not the only...,NO,2,WebPage|Organization|ImageObject|Thing|Quotation|CollectionPage|BreadcrumbList|ListItem,3975,0,0,,2026-09-15T02:25:28.939Z
https://echobuddha.com/quotes/renewal/one-calm-morning-intention/,/quotes/renewal/one-calm-morning-intention/,QUOTE,NOINDEX_USER_PAGE_200,200,200,,https://echobuddha.com/quotes/renewal/one-calm-morning-intention/,200,text/html,https://echobuddha.com/quotes/renewal/one-calm-morning-intention/,"noindex, follow",Peaceful Morning Quote: One Calm Intention | Echo Buddha,Peaceful Morning Quote: One Calm Intention,NO,2,WebPage|Organization|ImageObject|Thing|Quotation|CollectionPage|BreadcrumbList|ListItem,5053,0,0,,2026-09-15T02:25:28.983Z
https://echobuddha.com/quotes/renewal/repair-what-you-can-forgive-what-you-cannot-redo/,/quotes/renewal/repair-what-you-can-forgive-what-you-cannot-redo/,QUOTE,NOINDEX_USER_PAGE_200,200,200,,https://echobuddha.com/quotes/renewal/repair-what-you-can-forgive-what-you-cannot-redo/,200,text/html,https://echobuddha.com/quotes/renewal/repair-what-you-can-forgive-what-you-cannot-redo/,"noindex, follow","Original Renewal Reflection: Repair what you can, forgive... | Echo Buddha","Original Renewal Reflection: Repair what you can, forgive...",NO,3,WebPage|Organization|ImageObject|Thing|Quotation|CollectionPage|BreadcrumbList|ListItem,4119,0,0,,2026-09-15T02:25:28.976Z
https://echobuddha.com/quotes/renewal/the-path-welcomes-your-return-more-often-than-pride/,/quotes/renewal/the-path-welcomes-your-return-more-often-than-pride/,QUOTE,NOINDEX_USER_PAGE_200,200,200,,https://echobuddha.com/quotes/renewal/the-path-welcomes-your-return-more-often-than-pride/,200,text/html,https://echobuddha.com/quotes/renewal/the-path-welcomes-your-return-more-often-than-pride/,"noindex, follow",Original Renewal Reflection: The path welcomes your return... | Echo Buddha,Original Renewal Reflection: The path welcomes your return...,NO,5,WebPage|Organization|ImageObject|Thing|Quotation|CollectionPage|BreadcrumbList|ListItem,4031,0,0,,2026-09-15T02:25:29.000Z
https://echobuddha.com/quotes/renewal/you-are-allowed-to-learn-slowly-and-still-be/,/quotes/renewal/you-are-allowed-to-learn-slowly-and-still-be/,QUOTE,NOINDEX_USER_PAGE_200,200,200,,https://echobuddha.com/quotes/renewal/you-are-allowed-to-learn-slowly-and-still-be/,200,text/html,https://echobuddha.com/quotes/renewal/you-are-allowed-to-learn-slowly-and-still-be/,"noindex, follow",Original Renewal Reflection: You are allowed to learn... | Echo Buddha,Original Renewal Reflection: You are allowed to learn...,NO,2,WebPage|Organization|ImageObject|Thing|Quotation|CollectionPage|BreadcrumbList|ListItem,3999,0,0,,2026-09-15T02:25:29.009Z
https://echobuddha.com/quotes/wisdom/,/quotes/wisdom/,QUOTE,INDEXABLE_CANONICAL_200,200,200,,https://echobuddha.com/quotes/wisdom/,200,text/html,https://echobuddha.com/quotes/wisdom/,"index, follow",Original Wisdom Quotes Inspired by Buddhist Practice | Echo Buddha,Original Wisdom Quotes,YES,66,CollectionPage|BreadcrumbList|ListItem,4955,0,0,,2026-09-15T02:25:29.062Z
https://echobuddha.com/quotes/wisdom/a-clear-mind-can-hold-two-truths-without-rushing/,/quotes/wisdom/a-clear-mind-can-hold-two-truths-without-rushing/,QUOTE,NOINDEX_USER_PAGE_200,200,200,,https://echobuddha.com/quotes/wisdom/a-clear-mind-can-hold-two-truths-without-rushing/,200,text/html,https://echobuddha.com/quotes/wisdom/a-clear-mind-can-hold-two-truths-without-rushing/,"noindex, follow",Original Wisdom Reflection: A clear mind can hold... | Echo Buddha,Original Wisdom Reflection: A clear mind can hold...,NO,40,WebPage|Organization|ImageObject|Thing|Quotation|CollectionPage|BreadcrumbList|ListItem,4055,0,0,,2026-09-15T02:25:29.090Z
https://echobuddha.com/quotes/wisdom/a-useful-truth-is-carried-with-humility-not-used/,/quotes/wisdom/a-useful-truth-is-carried-with-humility-not-used/,QUOTE,NOINDEX_USER_PAGE_200,200,200,,https://echobuddha.com/quotes/wisdom/a-useful-truth-is-carried-with-humility-not-used/,200,text/html,https://echobuddha.com/quotes/wisdom/a-useful-truth-is-carried-with-humility-not-used/,"noindex, follow",Original Wisdom Reflection: A useful truth is carried... | Echo Buddha,Original Wisdom Reflection: A useful truth is carried...,NO,2,WebPage|Organization|ImageObject|Thing|Quotation|CollectionPage|BreadcrumbList|ListItem,4044,0,0,,2026-09-15T02:25:29.132Z
https://echobuddha.com/quotes/wisdom/contentment-with-what-is-here/,/quotes/wisdom/contentment-with-what-is-here/,QUOTE,NOINDEX_USER_PAGE_200,200,200,,https://echobuddha.com/quotes/wisdom/contentment-with-what-is-here/,200,text/html,https://echobuddha.com/quotes/wisdom/contentment-with-what-is-here/,"noindex, follow",Contentment Buddhist Quote: Peace With What Is Here | Echo Buddha,Contentment Buddhist Quote: Peace With What Is Here,NO,2,WebPage|Organization|ImageObject|Thing|Quotation|CollectionPage|BreadcrumbList|ListItem,5144,0,0,,2026-09-15T02:25:29.206Z
https://echobuddha.com/quotes/wisdom/difficult-people-and-boundaries/,/quotes/wisdom/difficult-people-and-boundaries/,QUOTE,NOINDEX_USER_PAGE_200,200,200,,https://echobuddha.com/quotes/wisdom/difficult-people-and-boundaries/,200,text/html,https://echobuddha.com/quotes/wisdom/difficult-people-and-boundaries/,"noindex, follow",Buddhist Quote About Difficult People: Boundaries Without Hatred | Echo Buddha,Buddhist Quote About Difficult People: Boundaries Without Hatred,NO,2,WebPage|Organization|ImageObject|Thing|Quotation|CollectionPage|BreadcrumbList|ListItem,5114,0,0,,2026-09-15T02:25:29.161Z
https://echobuddha.com/quotes/wisdom/karma-begins-in-intention/,/quotes/wisdom/karma-begins-in-intention/,QUOTE,NOINDEX_USER_PAGE_200,200,200,,https://echobuddha.com/quotes/wisdom/karma-begins-in-intention/,200,text/html,https://echobuddha.com/quotes/wisdom/karma-begins-in-intention/,"noindex, follow",Karma Buddhist Quote: Intention Shapes Action | Echo Buddha,Karma Buddhist Quote: Intention Shapes Action,NO,3,WebPage|Organization|ImageObject|Thing|Quotation|CollectionPage|BreadcrumbList|ListItem,5042,0,0,,2026-09-15T02:25:29.265Z
https://echobuddha.com/quotes/wisdom/knowing-when-not-to-speak-is-also-a-form/,/quotes/wisdom/knowing-when-not-to-speak-is-also-a-form/,QUOTE,NOINDEX_USER_PAGE_200,200,200,,https://echobuddha.com/quotes/wisdom/knowing-when-not-to-speak-is-also-a-form/,200,text/html,https://echobuddha.com/quotes/wisdom/knowing-when-not-to-speak-is-also-a-form/,"noindex, follow",Original Wisdom Reflection: Knowing when not to speak... | Echo Buddha,Original Wisdom Reflection: Knowing when not to speak...,NO,5,WebPage|Organization|ImageObject|Thing|Quotation|CollectionPage|BreadcrumbList|ListItem,4013,0,0,,2026-09-15T02:25:29.191Z
https://echobuddha.com/quotes/wisdom/learn-from-discomfort-without-turning-suffering-into-an-identity/,/quotes/wisdom/learn-from-discomfort-without-turning-suffering-into-an-identity/,QUOTE,NOINDEX_USER_PAGE_200,200,200,,https://echobuddha.com/quotes/wisdom/learn-from-discomfort-without-turning-suffering-into-an-identity/,200,text/html,https://echobuddha.com/quotes/wisdom/learn-from-discomfort-without-turning-suffering-into-an-identity/,"noindex, follow",Original Wisdom Reflection: Learn from discomfort without turning... | Echo Buddha,Original Wisdom Reflection: Learn from discomfort without turning...,NO,2,WebPage|Organization|ImageObject|Thing|Quotation|CollectionPage|BreadcrumbList|ListItem,4092,0,0,,2026-09-15T02:25:29.208Z
https://echobuddha.com/quotes/wisdom/right-speech-with-kindness/,/quotes/wisdom/right-speech-with-kindness/,QUOTE,NOINDEX_USER_PAGE_200,200,200,,https://echobuddha.com/quotes/wisdom/right-speech-with-kindness/,200,text/html,https://echobuddha.com/quotes/wisdom/right-speech-with-kindness/,"noindex, follow",Right Speech Quote: Truth With Kindness and Timing | Echo Buddha,Right Speech Quote: Truth With Kindness and Timing,NO,3,WebPage|Organization|ImageObject|Thing|Quotation|CollectionPage|BreadcrumbList|ListItem,5118,0,0,,2026-09-15T02:25:29.225Z
https://echobuddha.com/quotes/wisdom/see-the-conditions-behind-an-action-and-blame-may/,/quotes/wisdom/see-the-conditions-behind-an-action-and-blame-may/,QUOTE,NOINDEX_USER_PAGE_200,200,200,,https://echobuddha.com/quotes/wisdom/see-the-conditions-behind-an-action-and-blame-may/,200,text/html,https://echobuddha.com/quotes/wisdom/see-the-conditions-behind-an-action-and-blame-may/,"noindex, follow",Original Wisdom Reflection: See the conditions behind an... | Echo Buddha,Original Wisdom Reflection: See the conditions behind an...,NO,2,WebPage|Organization|ImageObject|Thing|Quotation|CollectionPage|BreadcrumbList|ListItem,4110,0,0,,2026-09-15T02:25:29.228Z
https://echobuddha.com/quotes/wisdom/simplicity-clears-the-room/,/quotes/wisdom/simplicity-clears-the-room/,QUOTE,NOINDEX_USER_PAGE_200,200,200,,https://echobuddha.com/quotes/wisdom/simplicity-clears-the-room/,200,text/html,https://echobuddha.com/quotes/wisdom/simplicity-clears-the-room/,"noindex, follow",Simple Living Buddhist Quote: Needing Less to See Clearly | Echo Buddha,Simple Living Buddhist Quote: Needing Less to See Clearly,NO,2,WebPage|Organization|ImageObject|Thing|Quotation|CollectionPage|BreadcrumbList|ListItem,5175,0,0,,2026-09-15T02:25:29.267Z
https://echobuddha.com/quotes/wisdom/the-lesson-repeats-until-attention-replaces-habit/,/quotes/wisdom/the-lesson-repeats-until-attention-replaces-habit/,QUOTE,NOINDEX_USER_PAGE_200,200,200,,https://echobuddha.com/quotes/wisdom/the-lesson-repeats-until-attention-replaces-habit/,200,text/html,https://echobuddha.com/quotes/wisdom/the-lesson-repeats-until-attention-replaces-habit/,"noindex, follow",Original Wisdom Reflection: The lesson repeats until attention... | Echo Buddha,Original Wisdom Reflection: The lesson repeats until attention...,NO,2,WebPage|Organization|ImageObject|Thing|Quotation|CollectionPage|BreadcrumbList|ListItem,4057,0,0,,2026-09-15T02:25:29.233Z
https://echobuddha.com/quotes/wisdom/the-wise-heart-changes-course-when-clearer-seeing-arrives/,/quotes/wisdom/the-wise-heart-changes-course-when-clearer-seeing-arrives/,QUOTE,NOINDEX_USER_PAGE_200,200,200,,https://echobuddha.com/quotes/wisdom/the-wise-heart-changes-course-when-clearer-seeing-arrives/,200,text/html,https://echobuddha.com/quotes/wisdom/the-wise-heart-changes-course-when-clearer-seeing-arrives/,"noindex, follow",Original Wisdom Reflection: The wise heart changes course... | Echo Buddha,Original Wisdom Reflection: The wise heart changes course...,NO,2,WebPage|Organization|ImageObject|Thing|Quotation|CollectionPage|BreadcrumbList|ListItem,4033,0,0,,2026-09-15T02:25:29.303Z
https://echobuddha.com/quotes/wisdom/understanding-suffering-honestly/,/quotes/wisdom/understanding-suffering-honestly/,QUOTE,NOINDEX_USER_PAGE_200,200,200,,https://echobuddha.com/quotes/wisdom/understanding-suffering-honestly/,200,text/html,https://echobuddha.com/quotes/wisdom/understanding-suffering-honestly/,"noindex, follow",Four Noble Truths Quote: Understanding Suffering Honestly | Echo Buddha,Four Noble Truths Quote: Understanding Suffering Honestly,NO,2,WebPage|Organization|ImageObject|Thing|Quotation|CollectionPage|BreadcrumbList|ListItem,5133,0,0,,2026-09-15T02:25:29.313Z
https://echobuddha.com/quotes/wisdom/what-feels-urgent-is-not-always-what-matters-most/,/quotes/wisdom/what-feels-urgent-is-not-always-what-matters-most/,QUOTE,NOINDEX_USER_PAGE_200,200,200,,https://echobuddha.com/quotes/wisdom/what-feels-urgent-is-not-always-what-matters-most/,200,text/html,https://echobuddha.com/quotes/wisdom/what-feels-urgent-is-not-always-what-matters-most/,"noindex, follow",Original Wisdom Reflection: What feels urgent is not... | Echo Buddha,Original Wisdom Reflection: What feels urgent is not...,NO,3,WebPage|Organization|ImageObject|Thing|Quotation|CollectionPage|BreadcrumbList|ListItem,4006,0,0,,2026-09-15T02:25:29.361Z
https://echobuddha.com/quotes/wisdom/wisdom-is-less-interested-in-winning-than-in-ending/,/quotes/wisdom/wisdom-is-less-interested-in-winning-than-in-ending/,QUOTE,NOINDEX_USER_PAGE_200,200,200,,https://echobuddha.com/quotes/wisdom/wisdom-is-less-interested-in-winning-than-in-ending/,200,text/html,https://echobuddha.com/quotes/wisdom/wisdom-is-less-interested-in-winning-than-in-ending/,"noindex, follow",Original Wisdom Reflection: Wisdom is less interested in... | Echo Buddha,Original Wisdom Reflection: Wisdom is less interested in...,NO,2,WebPage|Organization|ImageObject|Thing|Quotation|CollectionPage|BreadcrumbList|ListItem,4043,0,0,,2026-09-15T02:25:29.394Z
https://echobuddha.com/quotes/wisdom/wisdom-is-the-art-of-meeting-life-without-adding/,/quotes/wisdom/wisdom-is-the-art-of-meeting-life-without-adding/,QUOTE,NOINDEX_USER_PAGE_200,200,200,,https://echobuddha.com/quotes/wisdom/wisdom-is-the-art-of-meeting-life-without-adding/,200,text/html,https://echobuddha.com/quotes/wisdom/wisdom-is-the-art-of-meeting-life-without-adding/,"noindex, follow",Original Wisdom Reflection: Wisdom is the art of... | Echo Buddha,Original Wisdom Reflection: Wisdom is the art of...,NO,40,WebPage|Organization|ImageObject|Thing|Quotation|CollectionPage|BreadcrumbList|ListItem,4045,0,0,,2026-09-15T02:25:29.444Z
https://echobuddha.com/quotes/wisdom/wisdom-sees-clearly/,/quotes/wisdom/wisdom-sees-clearly/,QUOTE,NOINDEX_USER_PAGE_200,200,200,,https://echobuddha.com/quotes/wisdom/wisdom-sees-clearly/,200,text/html,https://echobuddha.com/quotes/wisdom/wisdom-sees-clearly/,"noindex, follow",Buddhist Wisdom Quote: Clear Seeing With Humility | Echo Buddha,Buddhist Wisdom Quote: Clear Seeing With Humility,NO,2,WebPage|Organization|ImageObject|Thing|Quotation|CollectionPage|BreadcrumbList|ListItem,5021,0,0,,2026-09-15T02:25:29.457Z
https://echobuddha.com/quotes/wisdom/wisdom-sees-the-whole-fire-not-only-the-spark/,/quotes/wisdom/wisdom-sees-the-whole-fire-not-only-the-spark/,QUOTE,NOINDEX_USER_PAGE_200,200,200,,https://echobuddha.com/quotes/wisdom/wisdom-sees-the-whole-fire-not-only-the-spark/,200,text/html,https://echobuddha.com/quotes/wisdom/wisdom-sees-the-whole-fire-not-only-the-spark/,"noindex, follow","Original Wisdom Reflection: Wisdom sees the whole fire,... | Echo Buddha","Original Wisdom Reflection: Wisdom sees the whole fire,...",NO,40,WebPage|Organization|ImageObject|Thing|Quotation|CollectionPage|BreadcrumbList|ListItem,4048,0,0,,2026-09-15T02:25:29.445Z
https://echobuddha.com/quotes/wisdom/wise-silence/,/quotes/wisdom/wise-silence/,QUOTE,NOINDEX_USER_PAGE_200,200,200,,https://echobuddha.com/quotes/wisdom/wise-silence/,200,text/html,https://echobuddha.com/quotes/wisdom/wise-silence/,"noindex, follow",Buddhist Quote About Silence: Wise Restraint | Echo Buddha,Buddhist Quote About Silence: Wise Restraint,NO,3,WebPage|Organization|ImageObject|Thing|Quotation|CollectionPage|BreadcrumbList|ListItem,5026,0,0,,2026-09-15T02:25:29.534Z
https://echobuddha.com/robots.txt,/robots.txt,TECHNICAL,TECHNICAL_ENDPOINT,200,200,,https://echobuddha.com/robots.txt,200,text/plain; charset=utf-8,,"index, follow",,,NO,0,,0,0,0,,2026-09-15T02:25:29.294Z
https://echobuddha.com/search-index.json,/search-index.json,TECHNICAL,TECHNICAL_ENDPOINT,200,200,,https://echobuddha.com/search-index.json,200,application/json,,"index, follow",,,NO,0,,0,0,0,,2026-09-15T02:25:29.390Z
https://echobuddha.com/search.js,/search.js,TECHNICAL,TECHNICAL_ENDPOINT,200,200,,https://echobuddha.com/search.js,200,text/javascript,,"index, follow",,,NO,0,,0,0,0,,2026-09-15T02:25:29.346Z
https://echobuddha.com/search/,/search/,UTILITY,NOINDEX_USER_PAGE_200,200,200,,https://echobuddha.com/search/,200,text/html,https://echobuddha.com/search/,"noindex, follow",Search Echo Buddha | Echo Buddha,Search Echo Buddha,NO,343,,1930,0,0,,2026-09-15T02:25:29.347Z
https://echobuddha.com/sitemap.xml,/sitemap.xml,TECHNICAL,TECHNICAL_ENDPOINT,200,200,,https://echobuddha.com/sitemap.xml,200,application/xml,,"index, follow",,,NO,343,,0,0,0,,2026-09-15T02:25:29.360Z
https://echobuddha.com/start-here/,/start-here/,OTHER,INDEXABLE_CANONICAL_200,200,200,,https://echobuddha.com/start-here/,200,text/html,https://echobuddha.com/start-here/,"index, follow",Start Here - Begin Your Buddhist Wisdom and Mindfulness Journey | Echo Buddha,Begin Your Buddhist Wisdom and Mindfulness Journey,YES,343,WebPage|WebSite|BreadcrumbList|ListItem|FAQPage|Question|Answer,3568,0,0,,2026-09-15T02:25:29.367Z
https://echobuddha.com/terms-and-conditions/,/terms-and-conditions/,HISTORICAL_REDIRECT,PERMANENT_REDIRECT,301,301,/terms-of-use/,https://echobuddha.com/terms-of-use/,200,text/html,https://echobuddha.com/terms-of-use/,"index, follow",Terms of Use | Echo Buddha,Terms of Use,NO,0,WebPage|Organization|ImageObject,1956,0,0,,2026-09-15T02:25:29.580Z
https://echobuddha.com/terms-of-use/,/terms-of-use/,LEGAL,INDEXABLE_CANONICAL_200,200,200,,https://echobuddha.com/terms-of-use/,200,text/html,https://echobuddha.com/terms-of-use/,"index, follow",Terms of Use | Echo Buddha,Terms of Use,YES,343,WebPage|Organization|ImageObject,1956,0,0,,2026-09-15T02:25:29.575Z
https://echobuddha.com/tools/,/tools/,UTILITY,INDEXABLE_CANONICAL_200,200,200,,https://echobuddha.com/tools/,200,text/html,https://echobuddha.com/tools/,"index, follow",Buddhist Mindfulness Tools and Daily Practice Resources | Echo Buddha,Buddhist Mindfulness Tools and Daily Practice Resources,YES,343,CollectionPage|ItemList|ListItem|BreadcrumbList,4566,0,0,,2026-09-15T02:25:29.598Z
https://echobuddha.com/learn/questions-about-buddhism/did-buddha-order-buddha-images/,/learn/questions-about-buddhism/did-buddha-order-buddha-images/,LEARN_DETAIL,INDEXABLE_CANONICAL_200,200,200,,https://echobuddha.com/learn/questions-about-buddhism/did-buddha-order-buddha-images/,200,text/html,https://echobuddha.com/learn/questions-about-buddhism/did-buddha-order-buddha-images/,"index, follow",Did the Buddha Order Buddha Images? | Echo Buddha,Did the Buddha Order the Construction and Veneration of Buddha Images?,YES,4,Article|Organization|ImageObject|BreadcrumbList|ListItem,9920,0,0,,2026-09-15T02:25:29.435Z
https://echobuddha.com/learn/questions-about-buddhism/respecting-buddha-after-parinibbana/,/learn/questions-about-buddhism/respecting-buddha-after-parinibbana/,LEARN_DETAIL,INDEXABLE_CANONICAL_200,200,200,,https://echobuddha.com/learn/questions-about-buddhism/respecting-buddha-after-parinibbana/,200,text/html,https://echobuddha.com/learn/questions-about-buddhism/respecting-buddha-after-parinibbana/,"index, follow",How Is the Buddha Honored After Parinibbāna? | Echo Buddha,How Can the Buddha Be Respected After Parinibbāna?,YES,3,Article|Organization|ImageObject|BreadcrumbList|ListItem,9232,0,0,,2026-09-15T02:25:29.427Z
https://echobuddha.com/learn/questions-about-buddhism/is-buddha-image-only-uddesika-cetiya/,/learn/questions-about-buddhism/is-buddha-image-only-uddesika-cetiya/,LEARN_DETAIL,INDEXABLE_CANONICAL_200,200,200,,https://echobuddha.com/learn/questions-about-buddhism/is-buddha-image-only-uddesika-cetiya/,200,text/html,https://echobuddha.com/learn/questions-about-buddhism/is-buddha-image-only-uddesika-cetiya/,"index, follow",Is a Buddha Image the Only Uddesika Cetiya? | Echo Buddha,Is a Buddha Image the Only Uddesika Cetiya?,YES,3,Article|Organization|ImageObject|BreadcrumbList|ListItem,9861,0,0,,2026-09-15T02:25:29.431Z
https://echobuddha.com/learn/questions-about-buddhism/why-no-buddha-statue-at-jetavana/,/learn/questions-about-buddhism/why-no-buddha-statue-at-jetavana/,LEARN_DETAIL,INDEXABLE_CANONICAL_200,200,200,,https://echobuddha.com/learn/questions-about-buddhism/why-no-buddha-statue-at-jetavana/,200,text/html,https://echobuddha.com/learn/questions-about-buddhism/why-no-buddha-statue-at-jetavana/,"index, follow",Why Didn’t the Buddha Ask for a Statue at Jetavana? | Echo Buddha,"If a Buddha Image Can Be an Uddesika Cetiya, Why Didn’t the Buddha Ask for a Statue at Jetavana?",YES,2,Article|Organization|ImageObject|BreadcrumbList|ListItem,9886,0,0,,2026-09-15T02:25:29.456Z
