source_url,declared_canonical,google_selected_canonical_if_known,sitemap_inclusion,internal_link_destination_count,internal_link_canonical_conflicts,gsc_data_attribution,redirect_state,duplicate_overlap_clusters,overlap_cluster_count,phase_2_value_score,search_protection_tier,canonical_flags,indexing_stability,change_restriction
https://echobuddha.com/about/,https://echobuddha.com/about/,NOT_AVAILABLE,true,337,0,Page-row evidence attributed to https://echobuddha.com/about/,200,OWNER:https://echobuddha.com/about/,1,NOT_APPLICABLE,SEO_P1_HIGH,CANONICAL_SELF_CONSISTENT | CANONICAL_UNKNOWN_GOOGLE_SELECTED,NOT_VERIFIED: URL Inspection/Google-selected canonical unavailable,"NO SEO-R3/R4 CHANGE WITHOUT QUERY, BACKLINK, MAPPING, REDIRECT, AND MONITORING EVIDENCE"
https://echobuddha.com/articles/beginning-a-daily-mindfulness-practice/,https://echobuddha.com/articles/beginning-a-daily-mindfulness-practice/,NOT_AVAILABLE,true,24,0,NO_PAGE_ROW_IN_EXPORT,200,OWNER:https://echobuddha.com/learn/buddhism-101/what-is-mindfulness/ | TI-0090 | TI-0107 | TI-0108 | TI-0146 | TI-0164 | TI-0166 | TI-0167 | TI-0174 | TI-0178 | TI-0181 | TI-0182 | TI-0183 | TI-0251 | TI-0284 | TI-0291 | TI-0301 | TI-0317 | TI-0326 | TI-0327 | TI-0415 | TI-0512 | TI-0516 | TI-0518 | TI-0535,45,58,SEO_P3_LIMITED,CANONICAL_SELF_CONSISTENT | CANONICAL_UNKNOWN_GOOGLE_SELECTED,NOT_VERIFIED: URL Inspection/Google-selected canonical unavailable,Phase 4 may evaluate; user value still controls
https://echobuddha.com/articles/buddhism-for-beginners-simple-guide/,https://echobuddha.com/articles/buddhism-for-beginners-simple-guide/,NOT_AVAILABLE,true,11,0,Page-row evidence attributed to https://echobuddha.com/articles/buddhism-for-beginners-simple-guide/,200,OWNER:https://echobuddha.com/learn/buddhism-for-beginners/ | TI-0022 | TI-0029 | TI-0038 | TI-0055 | TI-0091 | TI-0101 | TI-0109 | TI-0143 | TI-0147 | TI-0165 | TI-0184 | TI-0291 | TI-0292 | TI-0298 | TI-0311 | TI-0312 | TI-0322 | TI-0328 | TI-0425 | TI-0493 | TI-0498 | TI-0500 | TI-0540 | TI-0697,26,60,SEO_P3_LIMITED,CANONICAL_SELF_CONSISTENT | CANONICAL_UNKNOWN_GOOGLE_SELECTED,NOT_VERIFIED: URL Inspection/Google-selected canonical unavailable,Phase 4 may evaluate; user value still controls
https://echobuddha.com/articles/buddhist-approach-to-anger/,https://echobuddha.com/articles/buddhist-approach-to-anger/,NOT_AVAILABLE,true,19,0,Page-row evidence attributed to https://echobuddha.com/articles/buddhist-approach-to-anger/,200,TI-0110 | TI-0208 | TI-0403 | TI-0419 | TI-0426 | TI-0427 | TI-0557,7,70,SEO_P2_EMERGING,CANONICAL_SELF_CONSISTENT | CANONICAL_UNKNOWN_GOOGLE_SELECTED,NOT_VERIFIED: URL Inspection/Google-selected canonical unavailable,Evidence and impact review required before destructive change
https://echobuddha.com/articles/buddhist-gratitude-practice/,https://echobuddha.com/articles/buddhist-gratitude-practice/,NOT_AVAILABLE,true,4,0,Page-row evidence attributed to https://echobuddha.com/articles/buddhist-gratitude-practice/,200,TI-0299 | TI-0306 | TI-0329 | TI-0491 | TI-0564 | TI-0652 | TI-0684 | TI-0692 | TI-0693 | TI-0796 | TI-0799 | TI-0918 | TI-0919 | TI-1051 | TI-1198 | TI-1222,16,69,SEO_P3_LIMITED,CANONICAL_SELF_CONSISTENT | CANONICAL_UNKNOWN_GOOGLE_SELECTED,NOT_VERIFIED: URL Inspection/Google-selected canonical unavailable,Phase 4 may evaluate; user value still controls
https://echobuddha.com/articles/buddhist-teachings-on-forgiveness/,https://echobuddha.com/articles/buddhist-teachings-on-forgiveness/,NOT_AVAILABLE,true,11,0,Page-row evidence attributed to https://echobuddha.com/articles/buddhist-teachings-on-forgiveness/,200,TI-0089 | TI-0428 | TI-0509 | TI-0549 | TI-0565 | TI-0566 | TI-0642 | TI-0654 | TI-0799 | TI-0876 | TI-0877 | TI-0948 | TI-1010 | TI-1054 | TI-1162 | TI-1199,16,69,SEO_P3_LIMITED,CANONICAL_SELF_CONSISTENT | CANONICAL_UNKNOWN_GOOGLE_SELECTED,NOT_VERIFIED: URL Inspection/Google-selected canonical unavailable,Phase 4 may evaluate; user value still controls
https://echobuddha.com/articles/buddhist-teachings-on-impermanence/,https://echobuddha.com/articles/buddhist-teachings-on-impermanence/,NOT_AVAILABLE,true,10,0,Page-row evidence attributed to https://echobuddha.com/articles/buddhist-teachings-on-impermanence/,200,OWNER:https://echobuddha.com/learn/buddhism-101/what-is-impermanence/ | ND-0934 | ND-0939 | TI-0089 | TI-0099 | TI-0111 | TI-0185 | TI-0208 | TI-0323 | TI-0404 | TI-0417 | TI-0429 | TI-0430 | TI-0636 | TI-0688 | TI-0708 | TI-0712,17,63,SEO_P3_LIMITED,CANONICAL_SELF_CONSISTENT | CANONICAL_UNKNOWN_GOOGLE_SELECTED,NOT_VERIFIED: URL Inspection/Google-selected canonical unavailable,Phase 4 may evaluate; user value still controls
https://echobuddha.com/articles/buddhist-wisdom-for-overthinking/,https://echobuddha.com/articles/buddhist-wisdom-for-overthinking/,NOT_AVAILABLE,true,45,0,Page-row evidence attributed to https://echobuddha.com/articles/buddhist-wisdom-for-overthinking/,200,OWNER:https://echobuddha.com/articles/how-to-meditate-for-anxiety/ | TI-0385 | TI-0567,3,66,SEO_P1_HIGH,CANONICAL_SELF_CONSISTENT | CANONICAL_UNKNOWN_GOOGLE_SELECTED,NOT_VERIFIED: URL Inspection/Google-selected canonical unavailable,"NO SEO-R3/R4 CHANGE WITHOUT QUERY, BACKLINK, MAPPING, REDIRECT, AND MONITORING EVIDENCE"
https://echobuddha.com/articles/category/buddhist-wisdom/,https://echobuddha.com/articles/category/buddhist-wisdom/,NOT_AVAILABLE,true,95,0,Page-row evidence attributed to https://echobuddha.com/articles/category/buddhist-wisdom/,200,OWNER:https://echobuddha.com/articles/,1,50,SEO_P2_EMERGING,CANONICAL_SELF_CONSISTENT | CANONICAL_UNKNOWN_GOOGLE_SELECTED,NOT_VERIFIED: URL Inspection/Google-selected canonical unavailable,Evidence and impact review required before destructive change
https://echobuddha.com/articles/category/meditation/,https://echobuddha.com/articles/category/meditation/,NOT_AVAILABLE,true,35,0,Page-row evidence attributed to https://echobuddha.com/articles/category/meditation/,200,OWNER:https://echobuddha.com/articles/,1,49,SEO_P2_EMERGING,CANONICAL_SELF_CONSISTENT | CANONICAL_UNKNOWN_GOOGLE_SELECTED,NOT_VERIFIED: URL Inspection/Google-selected canonical unavailable,Evidence and impact review required before destructive change
https://echobuddha.com/articles/category/mindfulness/,https://echobuddha.com/articles/category/mindfulness/,NOT_AVAILABLE,true,54,0,Page-row evidence attributed to https://echobuddha.com/articles/category/mindfulness/,200,OWNER:https://echobuddha.com/articles/,1,49,SEO_P2_EMERGING,CANONICAL_SELF_CONSISTENT | CANONICAL_UNKNOWN_GOOGLE_SELECTED,NOT_VERIFIED: URL Inspection/Google-selected canonical unavailable,Evidence and impact review required before destructive change
https://echobuddha.com/articles/category/reflection/,https://echobuddha.com/articles/category/reflection/,NOT_AVAILABLE,true,57,0,NO_PAGE_ROW_IN_EXPORT,200,OWNER:https://echobuddha.com/articles/,1,49,SEO_P2_EMERGING,CANONICAL_SELF_CONSISTENT | CANONICAL_UNKNOWN_GOOGLE_SELECTED,NOT_VERIFIED: URL Inspection/Google-selected canonical unavailable,Evidence and impact review required before destructive change
https://echobuddha.com/articles/compassion-as-a-daily-discipline/,https://echobuddha.com/articles/compassion-as-a-daily-discipline/,NOT_AVAILABLE,true,19,0,Page-row evidence attributed to https://echobuddha.com/articles/compassion-as-a-daily-discipline/,200,OWNER:https://echobuddha.com/articles/compassion-in-buddhism-beginner-guide/ | TI-0013 | TI-0027 | TI-0081 | TI-0088 | TI-0112 | TI-0113 | TI-0167 | TI-0186 | TI-0214 | TI-0261 | TI-0296 | TI-0299 | TI-0403 | TI-0404 | TI-0412 | TI-0431 | TI-0432 | TI-0433 | TI-0550 | TI-0551 | TI-0552 | TI-0657 | TI-0755 | TI-0802,34,63,SEO_P3_LIMITED,CANONICAL_SELF_CONSISTENT | CANONICAL_UNKNOWN_GOOGLE_SELECTED,NOT_VERIFIED: URL Inspection/Google-selected canonical unavailable,Phase 4 may evaluate; user value still controls
https://echobuddha.com/articles/compassion-in-buddhism-beginner-guide/,https://echobuddha.com/articles/compassion-in-buddhism-beginner-guide/,NOT_AVAILABLE,true,7,0,Page-row evidence attributed to https://echobuddha.com/articles/compassion-in-buddhism-beginner-guide/,200,OWNER:https://echobuddha.com/articles/compassion-in-buddhism-beginner-guide/ | ND-0402 | TI-0081 | TI-0243 | TI-0378 | TI-0523 | TI-0524 | TI-0568 | TI-0623 | TI-0743 | TI-0789 | TI-0821 | TI-0822 | TI-0847 | TI-0909 | TI-0952 | TI-0953 | TI-0995 | TI-0996 | TI-1018 | TI-1088 | TI-1223,22,77,SEO_P1_HIGH,CANONICAL_SELF_CONSISTENT | CANONICAL_UNKNOWN_GOOGLE_SELECTED,NOT_VERIFIED: URL Inspection/Google-selected canonical unavailable,"NO SEO-R3/R4 CHANGE WITHOUT QUERY, BACKLINK, MAPPING, REDIRECT, AND MONITORING EVIDENCE"
https://echobuddha.com/articles/compassion-with-boundaries/,https://echobuddha.com/articles/compassion-with-boundaries/,NOT_AVAILABLE,true,56,0,Page-row evidence attributed to https://echobuddha.com/articles/compassion-with-boundaries/,200,OWNER:https://echobuddha.com/articles/compassion-in-buddhism-beginner-guide/ | ND-0402 | TI-0027 | TI-0171 | TI-0187 | TI-0188 | TI-0330 | TI-0434 | TI-0491 | TI-0492 | TI-0623 | TI-0649 | TI-0713 | TI-0801 | TI-0853 | TI-0861 | TI-0862 | TI-0873 | TI-0894 | TI-0913 | TI-0916 | TI-1009 | TI-1019 | TI-1052 | TI-1190,25,68,SEO_P2_EMERGING,CANONICAL_SELF_CONSISTENT | CANONICAL_UNKNOWN_GOOGLE_SELECTED,NOT_VERIFIED: URL Inspection/Google-selected canonical unavailable,Evidence and impact review required before destructive change
https://echobuddha.com/articles/creating-a-peaceful-corner-at-home/,https://echobuddha.com/articles/creating-a-peaceful-corner-at-home/,NOT_AVAILABLE,true,2,0,NO_PAGE_ROW_IN_EXPORT,200,OWNER:https://echobuddha.com/meditation/ | TI-0215 | TI-0216 | TI-0217 | TI-0435 | TI-0436 | TI-0437 | TI-0629 | TI-0655 | TI-0658 | TI-0706 | TI-0714 | TI-0760 | TI-1008 | TI-1089,15,71,SEO_P2_EMERGING,CANONICAL_SELF_CONSISTENT | CANONICAL_UNKNOWN_GOOGLE_SELECTED,NOT_VERIFIED: URL Inspection/Google-selected canonical unavailable,Evidence and impact review required before destructive change
https://echobuddha.com/articles/dhamma-vs-dharma/,https://echobuddha.com/articles/dhamma-vs-dharma/,NOT_AVAILABLE,true,55,0,Page-row evidence attributed to https://echobuddha.com/articles/dhamma-vs-dharma/,200,OWNER:https://echobuddha.com/learn/buddhist-dictionary/dhamma/ | ND-0233 | TI-0044 | TI-0331 | TI-0332 | TI-0509 | TI-0569 | TI-0627 | TI-0852 | TI-0967 | TI-1020 | TI-1115 | TI-1116 | TI-1117 | TI-1142 | TI-1173,16,63,SEO_P1_HIGH,CANONICAL_SELF_CONSISTENT | CANONICAL_UNKNOWN_GOOGLE_SELECTED,NOT_VERIFIED: URL Inspection/Google-selected canonical unavailable,"NO SEO-R3/R4 CHANGE WITHOUT QUERY, BACKLINK, MAPPING, REDIRECT, AND MONITORING EVIDENCE"
https://echobuddha.com/articles/dhammapada-reflection-trained-mind/,https://echobuddha.com/articles/dhammapada-reflection-trained-mind/,NOT_AVAILABLE,true,4,0,Page-row evidence attributed to https://echobuddha.com/articles/dhammapada-reflection-trained-mind/,200,OWNER:https://echobuddha.com/learn/dhammapada-reflections/ | TI-0114 | TI-0628 | TI-0633 | TI-0659 | TI-0823 | TI-0852 | TI-0874 | TI-0881 | TI-1021 | TI-1118,11,58,SEO_P3_LIMITED,CANONICAL_SELF_CONSISTENT | CANONICAL_UNKNOWN_GOOGLE_SELECTED,NOT_VERIFIED: URL Inspection/Google-selected canonical unavailable,Phase 4 may evaluate; user value still controls
https://echobuddha.com/articles/dhammapada-reflection-what-we-think/,https://echobuddha.com/articles/dhammapada-reflection-what-we-think/,NOT_AVAILABLE,true,5,0,Page-row evidence attributed to https://echobuddha.com/articles/dhammapada-reflection-what-we-think/,200,OWNER:https://echobuddha.com/learn/dhammapada-reflections/ | ND-0239 | TI-0622 | TI-0628 | TI-0660 | TI-1022 | TI-1119 | TI-1120 | TI-1121 | TI-1142 | TI-1159 | TI-1174,12,65,SEO_P2_EMERGING,CANONICAL_SELF_CONSISTENT | CANONICAL_UNKNOWN_GOOGLE_SELECTED,NOT_VERIFIED: URL Inspection/Google-selected canonical unavailable,Evidence and impact review required before destructive change
https://echobuddha.com/articles/dhammapada-verse-1-meaning/,https://echobuddha.com/articles/dhammapada-verse-1-meaning/,NOT_AVAILABLE,true,36,0,Page-row evidence attributed to https://echobuddha.com/articles/dhammapada-verse-1-meaning/,200,OWNER:https://echobuddha.com/learn/dhammapada-reflections/ | ND-0239 | TI-0622 | TI-0627 | TI-0633 | TI-0661 | TI-0662 | TI-1023 | TI-1122 | TI-1123 | TI-1124 | TI-1175,12,65,SEO_P2_EMERGING,CANONICAL_SELF_CONSISTENT | CANONICAL_UNKNOWN_GOOGLE_SELECTED,NOT_VERIFIED: URL Inspection/Google-selected canonical unavailable,Evidence and impact review required before destructive change
https://echobuddha.com/articles/eightfold-path-explained/,https://echobuddha.com/articles/eightfold-path-explained/,NOT_AVAILABLE,true,11,0,Page-row evidence attributed to https://echobuddha.com/articles/eightfold-path-explained/,200,OWNER:https://echobuddha.com/learn/eightfold-path/ | TI-0010 | TI-0063 | TI-0065 | TI-0087 | TI-0102 | TI-0115 | TI-0127 | TI-0140 | TI-0244 | TI-0255 | TI-0259 | TI-0333 | TI-0388 | TI-0389 | TI-0490 | TI-0514 | TI-0529 | TI-0560 | TI-0570 | TI-0746,21,64,SEO_P2_EMERGING,CANONICAL_SELF_CONSISTENT | CANONICAL_UNKNOWN_GOOGLE_SELECTED,NOT_VERIFIED: URL Inspection/Google-selected canonical unavailable,Evidence and impact review required before destructive change
https://echobuddha.com/articles/eightfold-path-explained-daily-life/,https://echobuddha.com/articles/eightfold-path-explained-daily-life/,NOT_AVAILABLE,true,8,0,Page-row evidence attributed to https://echobuddha.com/articles/eightfold-path-explained-daily-life/,200,OWNER:https://echobuddha.com/learn/eightfold-path/ | TI-0012 | TI-0037 | TI-0048 | TI-0104 | TI-0116 | TI-0117 | TI-0175 | TI-0490 | TI-0553 | TI-0571 | TI-0572,12,68,SEO_P2_EMERGING,CANONICAL_SELF_CONSISTENT | CANONICAL_UNKNOWN_GOOGLE_SELECTED,NOT_VERIFIED: URL Inspection/Google-selected canonical unavailable,Evidence and impact review required before destructive change
https://echobuddha.com/articles/first-week-buddhist-practice/,https://echobuddha.com/articles/first-week-buddhist-practice/,NOT_AVAILABLE,true,33,0,Page-row evidence attributed to https://echobuddha.com/articles/first-week-buddhist-practice/,200,OWNER:https://echobuddha.com/learn/buddhism-for-beginners/ | ND-0431 | ND-0887 | TI-0090 | TI-0133 | TI-0148 | TI-0189 | TI-0245 | TI-0296 | TI-0297 | TI-0307 | TI-0320 | TI-0334 | TI-0335 | TI-0367 | TI-0492 | TI-0493 | TI-0504 | TI-0513 | TI-0546 | TI-0573 | TI-0574 | TI-0756 | TI-0848 | TI-1000,26,70,SEO_P2_EMERGING,CANONICAL_SELF_CONSISTENT | CANONICAL_UNKNOWN_GOOGLE_SELECTED,NOT_VERIFIED: URL Inspection/Google-selected canonical unavailable,Evidence and impact review required before destructive change
https://echobuddha.com/articles/five-precepts-in-daily-life/,https://echobuddha.com/articles/five-precepts-in-daily-life/,NOT_AVAILABLE,true,4,0,Page-row evidence attributed to https://echobuddha.com/articles/five-precepts-in-daily-life/,200,OWNER:https://echobuddha.com/learn/buddhism-101/five-precepts-buddhism/ | TI-0149 | TI-0251 | TI-0367 | TI-0377 | TI-0382 | TI-0384 | TI-0390 | TI-0575 | TI-0576 | TI-0609 | TI-0610 | TI-0613 | TI-0617 | TI-0803 | TI-1234,16,73,SEO_P1_HIGH,CANONICAL_SELF_CONSISTENT | CANONICAL_UNKNOWN_GOOGLE_SELECTED,NOT_VERIFIED: URL Inspection/Google-selected canonical unavailable,"NO SEO-R3/R4 CHANGE WITHOUT QUERY, BACKLINK, MAPPING, REDIRECT, AND MONITORING EVIDENCE"
https://echobuddha.com/articles/four-noble-truths-explained/,https://echobuddha.com/articles/four-noble-truths-explained/,NOT_AVAILABLE,true,9,0,Page-row evidence attributed to https://echobuddha.com/articles/four-noble-truths-explained/,200,OWNER:https://echobuddha.com/learn/four-noble-truths/ | TI-0002 | TI-0019 | TI-0043 | TI-0066 | TI-0095 | TI-0139 | TI-0244 | TI-0254 | TI-0262 | TI-0310 | TI-0336 | TI-0577,13,63,SEO_P3_LIMITED,CANONICAL_SELF_CONSISTENT | CANONICAL_UNKNOWN_GOOGLE_SELECTED,NOT_VERIFIED: URL Inspection/Google-selected canonical unavailable,Phase 4 may evaluate; user value still controls
https://echobuddha.com/articles/four-noble-truths-explained-simply/,https://echobuddha.com/articles/four-noble-truths-explained-simply/,NOT_AVAILABLE,true,6,0,Page-row evidence attributed to https://echobuddha.com/articles/four-noble-truths-explained-simply/,200,OWNER:https://echobuddha.com/learn/four-noble-truths/ | TI-0001 | TI-0019 | TI-0040 | TI-0087 | TI-0253 | TI-0258 | TI-0337 | TI-0383 | TI-0386 | TI-0391 | TI-0392 | TI-0511 | TI-0558 | TI-0578 | TI-0579,16,61,SEO_P2_EMERGING,CANONICAL_SELF_CONSISTENT | CANONICAL_UNKNOWN_GOOGLE_SELECTED,NOT_VERIFIED: URL Inspection/Google-selected canonical unavailable,Evidence and impact review required before destructive change
https://echobuddha.com/articles/how-to-let-go-of-attachment-in-buddhism/,https://echobuddha.com/articles/how-to-let-go-of-attachment-in-buddhism/,NOT_AVAILABLE,true,21,0,Page-row evidence attributed to https://echobuddha.com/articles/how-to-let-go-of-attachment-in-buddhism/,200,OWNER:https://echobuddha.com/articles/how-to-let-go-of-attachment-in-buddhism/ | ND-0667 | TI-0054 | TI-0094 | TI-0218 | TI-0407 | TI-0438 | TI-0439 | TI-0806 | TI-0859 | TI-0891 | TI-1006 | TI-1010 | TI-1051 | TI-1057 | TI-1097 | TI-1098 | TI-1099,18,71,SEO_P1_HIGH,CANONICAL_SELF_CONSISTENT | CANONICAL_UNKNOWN_GOOGLE_SELECTED,NOT_VERIFIED: URL Inspection/Google-selected canonical unavailable,"NO SEO-R3/R4 CHANGE WITHOUT QUERY, BACKLINK, MAPPING, REDIRECT, AND MONITORING EVIDENCE"
https://echobuddha.com/articles/how-to-meditate-for-anxiety/,https://echobuddha.com/articles/how-to-meditate-for-anxiety/,NOT_AVAILABLE,true,9,0,Page-row evidence attributed to https://echobuddha.com/articles/how-to-meditate-for-anxiety/,200,OWNER:https://echobuddha.com/articles/how-to-meditate-for-anxiety/ | TI-0134 | TI-0144 | TI-0515 | TI-0663 | TI-0710 | TI-0715 | TI-0763 | TI-0895 | TI-0896 | TI-0968 | TI-0969 | TI-1007 | TI-1008 | TI-1070 | TI-1106,16,75,SEO_P2_EMERGING,CANONICAL_SELF_CONSISTENT | CANONICAL_UNKNOWN_GOOGLE_SELECTED,NOT_VERIFIED: URL Inspection/Google-selected canonical unavailable,Evidence and impact review required before destructive change
https://echobuddha.com/articles/how-to-meditate-for-beginners/,https://echobuddha.com/articles/how-to-meditate-for-beginners/,NOT_AVAILABLE,true,21,0,Page-row evidence attributed to https://echobuddha.com/articles/how-to-meditate-for-beginners/,200,OWNER:https://echobuddha.com/meditation/ | ND-0359 | TI-0038 | TI-0067 | TI-0106 | TI-0134 | TI-0135 | TI-0245 | TI-0248 | TI-0264 | TI-0338 | TI-0503 | TI-0526 | TI-0580 | TI-0610 | TI-0648 | TI-0800 | TI-1024 | TI-1025 | TI-1071 | TI-1072 | TI-1089 | TI-1176 | TI-1189,24,69,SEO_P3_LIMITED,CANONICAL_SELF_CONSISTENT | CANONICAL_UNKNOWN_GOOGLE_SELECTED,NOT_VERIFIED: URL Inspection/Google-selected canonical unavailable,Phase 4 may evaluate; user value still controls
https://echobuddha.com/articles/how-to-practice-non-attachment/,https://echobuddha.com/articles/how-to-practice-non-attachment/,NOT_AVAILABLE,true,29,0,Page-row evidence attributed to https://echobuddha.com/articles/how-to-practice-non-attachment/,200,OWNER:https://echobuddha.com/articles/how-to-let-go-of-attachment-in-buddhism/ | ND-0465 | ND-0878 | TI-0047 | TI-0213 | TI-0219 | TI-0302 | TI-0407 | TI-0411 | TI-0412 | TI-0416 | TI-0440 | TI-0631 | TI-0692 | TI-0795 | TI-0948 | TI-1017 | TI-1061 | TI-1062 | TI-1063 | TI-1064 | TI-1104,22,59,SEO_P2_EMERGING,CANONICAL_SELF_CONSISTENT | CANONICAL_UNKNOWN_GOOGLE_SELECTED,NOT_VERIFIED: URL Inspection/Google-selected canonical unavailable,Evidence and impact review required before destructive change
https://echobuddha.com/articles/impermanence-in-buddhism/,https://echobuddha.com/articles/impermanence-in-buddhism/,NOT_AVAILABLE,true,10,0,Page-row evidence attributed to https://echobuddha.com/articles/impermanence-in-buddhism/,200,OWNER:https://echobuddha.com/learn/buddhism-101/what-is-impermanence/ | ND-0939 | TI-0420 | TI-0441 | TI-0499 | TI-0581 | TI-0636 | TI-0656 | TI-0819,9,63,SEO_P3_LIMITED,CANONICAL_SELF_CONSISTENT | CANONICAL_UNKNOWN_GOOGLE_SELECTED,NOT_VERIFIED: URL Inspection/Google-selected canonical unavailable,Phase 4 may evaluate; user value still controls
https://echobuddha.com/articles/impermanence-in-buddhism-letting-go/,https://echobuddha.com/articles/impermanence-in-buddhism-letting-go/,NOT_AVAILABLE,true,5,0,Page-row evidence attributed to https://echobuddha.com/articles/impermanence-in-buddhism-letting-go/,200,OWNER:https://echobuddha.com/learn/buddhism-101/what-is-impermanence/ | ND-0934 | TI-0054 | TI-0305 | TI-0499 | TI-0515 | TI-0647 | TI-0664 | TI-0685 | TI-0688 | TI-1163,11,64,SEO_P2_EMERGING,CANONICAL_SELF_CONSISTENT | CANONICAL_UNKNOWN_GOOGLE_SELECTED,NOT_VERIFIED: URL Inspection/Google-selected canonical unavailable,Evidence and impact review required before destructive change
https://echobuddha.com/articles/,https://echobuddha.com/articles/,NOT_AVAILABLE,true,337,0,Page-row evidence attributed to https://echobuddha.com/articles/,200,OWNER:https://echobuddha.com/articles/,1,50,SEO_P1_HIGH,CANONICAL_SELF_CONSISTENT | CANONICAL_UNKNOWN_GOOGLE_SELECTED,NOT_VERIFIED: URL Inspection/Google-selected canonical unavailable,"NO SEO-R3/R4 CHANGE WITHOUT QUERY, BACKLINK, MAPPING, REDIRECT, AND MONITORING EVIDENCE"
https://echobuddha.com/articles/letting-go-without-giving-up/,https://echobuddha.com/articles/letting-go-without-giving-up/,NOT_AVAILABLE,true,14,0,NO_PAGE_ROW_IN_EXPORT,200,OWNER:https://echobuddha.com/articles/how-to-let-go-of-attachment-in-buddhism/ | ND-0594 | ND-0878 | TI-0177 | TI-0632 | TI-0642 | TI-0693 | TI-0764 | TI-0795 | TI-0891 | TI-1066 | TI-1067 | TI-1068 | TI-1107,14,58,SEO_P3_LIMITED,CANONICAL_SELF_CONSISTENT | CANONICAL_UNKNOWN_GOOGLE_SELECTED,NOT_VERIFIED: URL Inspection/Google-selected canonical unavailable,Phase 4 may evaluate; user value still controls
https://echobuddha.com/articles/loving-kindness-meditation-beginners/,https://echobuddha.com/articles/loving-kindness-meditation-beginners/,NOT_AVAILABLE,true,9,0,NO_PAGE_ROW_IN_EXPORT,200,OWNER:https://echobuddha.com/learn/buddhist-dictionary/metta/ | ND-0266 | TI-0004 | TI-0007 | TI-0014 | TI-0015 | TI-0023 | TI-0028 | TI-0053 | TI-0165 | TI-0166 | TI-0168 | TI-0190 | TI-0220 | TI-0221 | TI-0297 | TI-0300 | TI-0304 | TI-0314 | TI-0318 | TI-0339 | TI-0442 | TI-0443 | TI-0503 | TI-0511,42,63,SEO_P3_LIMITED,CANONICAL_SELF_CONSISTENT | CANONICAL_UNKNOWN_GOOGLE_SELECTED,NOT_VERIFIED: URL Inspection/Google-selected canonical unavailable,Phase 4 may evaluate; user value still controls
https://echobuddha.com/articles/loving-kindness-meditation-guide/,https://echobuddha.com/articles/loving-kindness-meditation-guide/,NOT_AVAILABLE,true,6,0,Page-row evidence attributed to https://echobuddha.com/articles/loving-kindness-meditation-guide/,200,OWNER:https://echobuddha.com/learn/buddhist-dictionary/metta/ | ND-0266 | TI-0004 | TI-0005 | TI-0016 | TI-0030 | TI-0049 | TI-0055 | TI-0056 | TI-0085 | TI-0135 | TI-0170 | TI-0295 | TI-0301 | TI-0303 | TI-0340 | TI-0444 | TI-0445 | TI-0504 | TI-0510 | TI-0521 | TI-0537 | TI-0547 | TI-0583 | TI-0716,38,63,SEO_P3_LIMITED,CANONICAL_SELF_CONSISTENT | CANONICAL_UNKNOWN_GOOGLE_SELECTED,NOT_VERIFIED: URL Inspection/Google-selected canonical unavailable,Phase 4 may evaluate; user value still controls
https://echobuddha.com/articles/metta-meditation-script/,https://echobuddha.com/articles/metta-meditation-script/,NOT_AVAILABLE,true,8,0,Page-row evidence attributed to https://echobuddha.com/articles/metta-meditation-script/,200,OWNER:https://echobuddha.com/learn/buddhist-dictionary/metta/ | TI-0053 | TI-0085 | TI-0118 | TI-0191 | TI-0192 | TI-0193 | TI-0325 | TI-0341 | TI-0342 | TI-0512 | TI-0556 | TI-0686 | TI-0755 | TI-0801 | TI-0909 | TI-0910 | TI-0951 | TI-1073 | TI-1074 | TI-1203 | TI-1204 | TI-1205 | TI-1224 | TI-1225,25,70,SEO_P2_EMERGING,CANONICAL_SELF_CONSISTENT | CANONICAL_UNKNOWN_GOOGLE_SELECTED,NOT_VERIFIED: URL Inspection/Google-selected canonical unavailable,Evidence and impact review required before destructive change
https://echobuddha.com/articles/mindful-email-and-texting/,https://echobuddha.com/articles/mindful-email-and-texting/,NOT_AVAILABLE,true,35,0,Page-row evidence attributed to https://echobuddha.com/articles/mindful-email-and-texting/,200,OWNER:https://echobuddha.com/articles/right-speech-buddhism/ | ND-0229 | ND-0887 | TI-0212 | TI-0606 | TI-0666 | TI-0731 | TI-0849 | TI-0959 | TI-0960,10,68,SEO_P2_EMERGING,CANONICAL_SELF_CONSISTENT | CANONICAL_UNKNOWN_GOOGLE_SELECTED,NOT_VERIFIED: URL Inspection/Google-selected canonical unavailable,Evidence and impact review required before destructive change
https://echobuddha.com/articles/mindful-listening-in-everyday-life/,https://echobuddha.com/articles/mindful-listening-in-everyday-life/,NOT_AVAILABLE,true,11,0,Page-row evidence attributed to https://echobuddha.com/articles/mindful-listening-in-everyday-life/,200,OWNER:https://echobuddha.com/articles/right-speech-buddhism/ | TI-0294 | TI-0321 | TI-0424 | TI-0667 | TI-0849 | TI-1065,7,65,SEO_P3_LIMITED,CANONICAL_SELF_CONSISTENT | CANONICAL_UNKNOWN_GOOGLE_SELECTED,NOT_VERIFIED: URL Inspection/Google-selected canonical unavailable,Phase 4 may evaluate; user value still controls
https://echobuddha.com/articles/mindfulness-for-better-sleep/,https://echobuddha.com/articles/mindfulness-for-better-sleep/,NOT_AVAILABLE,true,8,0,NO_PAGE_ROW_IN_EXPORT,200,TI-0164 | TI-0211 | TI-0446 | TI-0447 | TI-0508 | TI-0554 | TI-0668 | TI-0669 | TI-0687 | TI-0691 | TI-0709 | TI-0717 | TI-0745 | TI-0814 | TI-0815 | TI-0816 | TI-0817 | TI-1069 | TI-1075 | TI-1108 | TI-1109 | TI-1169 | TI-1170 | TI-1202,24,75,SEO_P2_EMERGING,CANONICAL_SELF_CONSISTENT | CANONICAL_UNKNOWN_GOOGLE_SELECTED,NOT_VERIFIED: URL Inspection/Google-selected canonical unavailable,Evidence and impact review required before destructive change
https://echobuddha.com/articles/mindfulness-morning-routine/,https://echobuddha.com/articles/mindfulness-morning-routine/,NOT_AVAILABLE,true,14,0,NO_PAGE_ROW_IN_EXPORT,200,OWNER:https://echobuddha.com/learn/buddhism-101/what-is-mindfulness/ | TI-0103 | TI-0168 | TI-0179 | TI-0194 | TI-0284 | TI-0292 | TI-0303 | TI-0319 | TI-0343 | TI-0513 | TI-0517 | TI-0519 | TI-0536 | TI-0584 | TI-0585 | TI-0687 | TI-0812 | TI-0854 | TI-0867 | TI-0868 | TI-0893 | TI-0961 | TI-0997 | TI-1028,38,65,SEO_P3_LIMITED,CANONICAL_SELF_CONSISTENT | CANONICAL_UNKNOWN_GOOGLE_SELECTED,NOT_VERIFIED: URL Inspection/Google-selected canonical unavailable,Phase 4 may evaluate; user value still controls
https://echobuddha.com/articles/mindfulness-of-breathing-guide/,https://echobuddha.com/articles/mindfulness-of-breathing-guide/,NOT_AVAILABLE,true,21,0,NO_PAGE_ROW_IN_EXPORT,200,OWNER:https://echobuddha.com/articles/mindfulness-of-breathing-guide/ | ND-0359 | TI-0508 | TI-0559 | TI-0586 | TI-0634 | TI-0641 | TI-0698 | TI-0744 | TI-0765 | TI-0824 | TI-0843 | TI-0854 | TI-0869 | TI-0882 | TI-0914 | TI-0920 | TI-0954 | TI-0955 | TI-0962 | TI-0963 | TI-1044 | TI-1219 | TI-1220 | TI-1235,26,75,SEO_P2_EMERGING,CANONICAL_SELF_CONSISTENT | CANONICAL_UNKNOWN_GOOGLE_SELECTED,NOT_VERIFIED: URL Inspection/Google-selected canonical unavailable,Evidence and impact review required before destructive change
https://echobuddha.com/articles/mindfulness-vs-meditation/,https://echobuddha.com/articles/mindfulness-vs-meditation/,NOT_AVAILABLE,true,43,0,NO_PAGE_ROW_IN_EXPORT,200,OWNER:https://echobuddha.com/learn/buddhism-101/what-is-mindfulness/ | TI-0169 | TI-0180 | TI-0295 | TI-0298 | TI-0418 | TI-0448 | TI-0449 | TI-0450 | TI-0505 | TI-0507 | TI-0555 | TI-0634 | TI-0670 | TI-0691 | TI-0718 | TI-0719 | TI-0754 | TI-0759 | TI-0766 | TI-0870 | TI-0871 | TI-0879 | TI-0880 | TI-0998,34,63,SEO_P3_LIMITED,CANONICAL_SELF_CONSISTENT | CANONICAL_UNKNOWN_GOOGLE_SELECTED,NOT_VERIFIED: URL Inspection/Google-selected canonical unavailable,Phase 4 may evaluate; user value still controls
https://echobuddha.com/articles/noble-eightfold-path-practical-guide/,https://echobuddha.com/articles/noble-eightfold-path-practical-guide/,NOT_AVAILABLE,true,9,0,Page-row evidence attributed to https://echobuddha.com/articles/noble-eightfold-path-practical-guide/,200,OWNER:https://echobuddha.com/learn/eightfold-path/ | TI-0009 | TI-0037 | TI-0127 | TI-0150 | TI-0256 | TI-0587 | TI-0614 | TI-0615 | TI-0618 | TI-0619,11,63,SEO_P1_HIGH,CANONICAL_SELF_CONSISTENT | CANONICAL_UNKNOWN_GOOGLE_SELECTED,NOT_VERIFIED: URL Inspection/Google-selected canonical unavailable,"NO SEO-R3/R4 CHANGE WITHOUT QUERY, BACKLINK, MAPPING, REDIRECT, AND MONITORING EVIDENCE"
https://echobuddha.com/articles/non-attachment-in-relationships/,https://echobuddha.com/articles/non-attachment-in-relationships/,NOT_AVAILABLE,true,38,0,Page-row evidence attributed to https://echobuddha.com/articles/non-attachment-in-relationships/,200,OWNER:https://echobuddha.com/articles/how-to-let-go-of-attachment-in-buddhism/ | ND-0465 | ND-0594 | ND-0667 | TI-0631 | TI-0632 | TI-0796 | TI-0807 | TI-0864 | TI-1006 | TI-1054 | TI-1145 | TI-1146 | TI-1147 | TI-1191,15,67,SEO_P3_LIMITED,CANONICAL_SELF_CONSISTENT | CANONICAL_UNKNOWN_GOOGLE_SELECTED,NOT_VERIFIED: URL Inspection/Google-selected canonical unavailable,Phase 4 may evaluate; user value still controls
https://echobuddha.com/articles/right-livelihood-modern-life/,https://echobuddha.com/articles/right-livelihood-modern-life/,NOT_AVAILABLE,true,2,0,Page-row evidence attributed to https://echobuddha.com/articles/right-livelihood-modern-life/,200,OWNER:https://echobuddha.com/learn/buddhism-101/right-livelihood-buddhism/ | TI-0380 | TI-0588 | TI-0609 | TI-1233,5,63,SEO_P3_LIMITED,CANONICAL_SELF_CONSISTENT | CANONICAL_UNKNOWN_GOOGLE_SELECTED,NOT_VERIFIED: URL Inspection/Google-selected canonical unavailable,Phase 4 may evaluate; user value still controls
https://echobuddha.com/articles/right-speech-buddhism/,https://echobuddha.com/articles/right-speech-buddhism/,NOT_AVAILABLE,true,50,0,Page-row evidence attributed to https://echobuddha.com/articles/right-speech-buddhism/,200,OWNER:https://echobuddha.com/articles/right-speech-buddhism/ | ND-0238 | TI-0241 | TI-0265 | TI-0344 | TI-0378 | TI-0393 | TI-0530 | TI-0589 | TI-0590 | TI-0591 | TI-0592 | TI-0606 | TI-0616 | TI-0802 | TI-0825 | TI-0853 | TI-0910 | TI-0964 | TI-0965 | TI-0994 | TI-0999 | TI-1030 | TI-1090 | TI-1143,27,78,SEO_P0_CRITICAL,CANONICAL_SELF_CONSISTENT | CANONICAL_UNKNOWN_GOOGLE_SELECTED,NOT_VERIFIED: URL Inspection/Google-selected canonical unavailable,"NO SEO-R3/R4 CHANGE WITHOUT QUERY, BACKLINK, MAPPING, REDIRECT, AND MONITORING EVIDENCE"
https://echobuddha.com/articles/right-speech-examples/,https://echobuddha.com/articles/right-speech-examples/,NOT_AVAILABLE,true,7,0,Page-row evidence attributed to https://echobuddha.com/articles/right-speech-examples/,200,OWNER:https://echobuddha.com/articles/right-speech-buddhism/ | ND-0229 | ND-0238 | ND-0431 | TI-0057 | TI-0241 | TI-0294 | TI-0345 | TI-0731 | TI-1157 | TI-1158,11,60,SEO_P3_LIMITED,CANONICAL_SELF_CONSISTENT | CANONICAL_UNKNOWN_GOOGLE_SELECTED,NOT_VERIFIED: URL Inspection/Google-selected canonical unavailable,Phase 4 may evaluate; user value still controls
https://echobuddha.com/articles/three-poisons-buddhism-explained/,https://echobuddha.com/articles/three-poisons-buddhism-explained/,NOT_AVAILABLE,true,3,0,Page-row evidence attributed to https://echobuddha.com/articles/three-poisons-buddhism-explained/,200,TI-0804 | TI-0883 | TI-0911 | TI-0912 | TI-0915 | TI-0950 | TI-0972,7,72,SEO_P1_HIGH,CANONICAL_SELF_CONSISTENT | CANONICAL_UNKNOWN_GOOGLE_SELECTED,NOT_VERIFIED: URL Inspection/Google-selected canonical unavailable,"NO SEO-R3/R4 CHANGE WITHOUT QUERY, BACKLINK, MAPPING, REDIRECT, AND MONITORING EVIDENCE"
https://echobuddha.com/articles/three-ways-to-practice-patience/,https://echobuddha.com/articles/three-ways-to-practice-patience/,NOT_AVAILABLE,true,13,0,Page-row evidence attributed to https://echobuddha.com/articles/three-ways-to-practice-patience/,200,OWNER:https://echobuddha.com/articles/three-ways-to-practice-patience/ | TI-0411 | TI-0451 | TI-0452 | TI-0762,5,65,SEO_P2_EMERGING,CANONICAL_SELF_CONSISTENT | CANONICAL_UNKNOWN_GOOGLE_SELECTED,NOT_VERIFIED: URL Inspection/Google-selected canonical unavailable,Evidence and impact review required before destructive change
https://echobuddha.com/articles/visiting-a-buddhist-temple-respectfully/,https://echobuddha.com/articles/visiting-a-buddhist-temple-respectfully/,NOT_AVAILABLE,true,8,0,Page-row evidence attributed to https://echobuddha.com/articles/visiting-a-buddhist-temple-respectfully/,200,OWNER:https://echobuddha.com/articles/what-is-sangha-buddhist-community/ | ND-0233 | ND-0876 | TI-0132 | TI-0505,5,72,SEO_P2_EMERGING,CANONICAL_SELF_CONSISTENT | CANONICAL_UNKNOWN_GOOGLE_SELECTED,NOT_VERIFIED: URL Inspection/Google-selected canonical unavailable,Evidence and impact review required before destructive change
https://echobuddha.com/articles/walking-meditation-step-by-step/,https://echobuddha.com/articles/walking-meditation-step-by-step/,NOT_AVAILABLE,true,8,0,Page-row evidence attributed to https://echobuddha.com/articles/walking-meditation-step-by-step/,200,OWNER:https://echobuddha.com/meditation/walking-meditation/ | TI-0024 | TI-0105 | TI-0169 | TI-0170 | TI-0222 | TI-0223 | TI-0422 | TI-0423 | TI-0453 | TI-0629 | TI-0671 | TI-0707 | TI-0720 | TI-0761 | TI-0800 | TI-1007,17,65,SEO_P3_LIMITED,CANONICAL_SELF_CONSISTENT | CANONICAL_UNKNOWN_GOOGLE_SELECTED,NOT_VERIFIED: URL Inspection/Google-selected canonical unavailable,Phase 4 may evaluate; user value still controls
https://echobuddha.com/articles/what-is-buddhism-beginner-guide/,https://echobuddha.com/articles/what-is-buddhism-beginner-guide/,NOT_AVAILABLE,true,10,0,Page-row evidence attributed to https://echobuddha.com/articles/what-is-buddhism-beginner-guide/,200,OWNER:https://echobuddha.com/learn/buddhism-for-beginners/ | TI-0096 | TI-0097 | TI-0132 | TI-0243 | TI-0346 | TI-0500 | TI-0507 | TI-0672 | TI-0757 | TI-0790 | TI-0848,12,61,SEO_P2_EMERGING,CANONICAL_SELF_CONSISTENT | CANONICAL_UNKNOWN_GOOGLE_SELECTED,NOT_VERIFIED: URL Inspection/Google-selected canonical unavailable,Evidence and impact review required before destructive change
https://echobuddha.com/articles/what-is-karma-in-buddhism/,https://echobuddha.com/articles/what-is-karma-in-buddhism/,NOT_AVAILABLE,true,12,0,Page-row evidence attributed to https://echobuddha.com/articles/what-is-karma-in-buddhism/,200,OWNER:https://echobuddha.com/learn/buddhism-101/what-is-karma-in-buddhism/ | TI-0088 | TI-0098 | TI-0263 | TI-0302 | TI-0387 | TI-0527 | TI-0593 | TI-0855 | TI-0973,10,64,SEO_P2_EMERGING,CANONICAL_SELF_CONSISTENT | CANONICAL_UNKNOWN_GOOGLE_SELECTED,NOT_VERIFIED: URL Inspection/Google-selected canonical unavailable,Evidence and impact review required before destructive change
https://echobuddha.com/articles/what-is-sangha-buddhist-community/,https://echobuddha.com/articles/what-is-sangha-buddhist-community/,NOT_AVAILABLE,true,6,0,Page-row evidence attributed to https://echobuddha.com/articles/what-is-sangha-buddhist-community/,200,OWNER:https://echobuddha.com/articles/what-is-sangha-buddhist-community/ | ND-0876 | TI-0133 | TI-0151 | TI-0152 | TI-0195 | TI-0248 | TI-0300 | TI-0324 | TI-0347 | TI-0377 | TI-0498 | TI-0510 | TI-0516 | TI-0517 | TI-0548 | TI-0594,17,77,SEO_P1_HIGH,CANONICAL_SELF_CONSISTENT | CANONICAL_UNKNOWN_GOOGLE_SELECTED,NOT_VERIFIED: URL Inspection/Google-selected canonical unavailable,"NO SEO-R3/R4 CHANGE WITHOUT QUERY, BACKLINK, MAPPING, REDIRECT, AND MONITORING EVIDENCE"
https://echobuddha.com/authors/echo-buddha-editorial/,https://echobuddha.com/authors/echo-buddha-editorial/,NOT_AVAILABLE,true,337,0,NO_PAGE_ROW_IN_EXPORT,200,OWNER:https://echobuddha.com/about/,1,NOT_APPLICABLE,SEO_P2_EMERGING,CANONICAL_SELF_CONSISTENT | CANONICAL_UNKNOWN_GOOGLE_SELECTED,NOT_VERIFIED: URL Inspection/Google-selected canonical unavailable,Evidence and impact review required before destructive change
https://echobuddha.com/buddhist-sources-and-citations/,https://echobuddha.com/buddhist-sources-and-citations/,NOT_AVAILABLE,true,337,0,Page-row evidence attributed to https://echobuddha.com/buddhist-sources-and-citations/,200,OWNER:https://echobuddha.com/about/,1,NOT_APPLICABLE,SEO_P2_EMERGING,CANONICAL_SELF_CONSISTENT | CANONICAL_UNKNOWN_GOOGLE_SELECTED,NOT_VERIFIED: URL Inspection/Google-selected canonical unavailable,Evidence and impact review required before destructive change
https://echobuddha.com/contact/,https://echobuddha.com/contact/,NOT_AVAILABLE,true,337,0,Page-row evidence attributed to https://echobuddha.com/contact/,200,OWNER:https://echobuddha.com/about/,1,NOT_APPLICABLE,SEO_P2_EMERGING,CANONICAL_SELF_CONSISTENT | CANONICAL_UNKNOWN_GOOGLE_SELECTED,NOT_VERIFIED: URL Inspection/Google-selected canonical unavailable,Evidence and impact review required before destructive change
https://echobuddha.com/corrections/,https://echobuddha.com/corrections/,NOT_AVAILABLE,true,337,0,Page-row evidence attributed to https://echobuddha.com/corrections/,200,OWNER:https://echobuddha.com/about/,1,NOT_APPLICABLE,SEO_P2_EMERGING,CANONICAL_SELF_CONSISTENT | CANONICAL_UNKNOWN_GOOGLE_SELECTED,NOT_VERIFIED: URL Inspection/Google-selected canonical unavailable,Evidence and impact review required before destructive change
https://echobuddha.com/disclaimer/,https://echobuddha.com/disclaimer/,NOT_AVAILABLE,true,337,0,Page-row evidence attributed to https://echobuddha.com/disclaimer/,200,OWNER:https://echobuddha.com/about/,1,NOT_APPLICABLE,SEO_P2_EMERGING,CANONICAL_SELF_CONSISTENT | CANONICAL_UNKNOWN_GOOGLE_SELECTED,NOT_VERIFIED: URL Inspection/Google-selected canonical unavailable,Evidence and impact review required before destructive change
https://echobuddha.com/editorial-policy/,https://echobuddha.com/editorial-policy/,NOT_AVAILABLE,true,337,0,Page-row evidence attributed to https://echobuddha.com/editorial-policy/,200,OWNER:https://echobuddha.com/about/,1,NOT_APPLICABLE,SEO_P2_EMERGING,CANONICAL_SELF_CONSISTENT | CANONICAL_UNKNOWN_GOOGLE_SELECTED,NOT_VERIFIED: URL Inspection/Google-selected canonical unavailable,Evidence and impact review required before destructive change
https://echobuddha.com/how-echo-buddha-creates-content/,https://echobuddha.com/how-echo-buddha-creates-content/,NOT_AVAILABLE,true,337,0,Page-row evidence attributed to https://echobuddha.com/how-echo-buddha-creates-content/,200,OWNER:https://echobuddha.com/about/,1,NOT_APPLICABLE,SEO_P2_EMERGING,CANONICAL_SELF_CONSISTENT | CANONICAL_UNKNOWN_GOOGLE_SELECTED,NOT_VERIFIED: URL Inspection/Google-selected canonical unavailable,Evidence and impact review required before destructive change
https://echobuddha.com/,https://echobuddha.com/,NOT_AVAILABLE,true,337,0,Page-row evidence attributed to https://echobuddha.com/,200,OWNER:https://echobuddha.com/,1,79,SEO_P0_CRITICAL,CANONICAL_SELF_CONSISTENT | CANONICAL_UNKNOWN_GOOGLE_SELECTED,NOT_VERIFIED: URL Inspection/Google-selected canonical unavailable,"NO SEO-R3/R4 CHANGE WITHOUT QUERY, BACKLINK, MAPPING, REDIRECT, AND MONITORING EVIDENCE"
https://echobuddha.com/learn/buddhism-101/a-simple-daily-buddhist-practice/,https://echobuddha.com/learn/buddhism-101/a-simple-daily-buddhist-practice/,NOT_AVAILABLE,true,31,0,Page-row evidence attributed to https://echobuddha.com/learn/buddhism-101/a-simple-daily-buddhist-practice/,200,OWNER:https://echobuddha.com/learn/buddhism-for-beginners/ | TI-0013 | TI-0093 | TI-0098 | TI-0171 | TI-0172 | TI-0174 | TI-0224 | TI-0260 | TI-0306 | TI-0307 | TI-0348 | TI-0416 | TI-0417 | TI-0419 | TI-0454 | TI-0455 | TI-0456 | TI-0523 | TI-0526 | TI-0541 | TI-0542,22,72,SEO_P2_EMERGING,CANONICAL_SELF_CONSISTENT | CANONICAL_UNKNOWN_GOOGLE_SELECTED,NOT_VERIFIED: URL Inspection/Google-selected canonical unavailable,Evidence and impact review required before destructive change
https://echobuddha.com/learn/buddhism-101/dependent-origination-explained/,https://echobuddha.com/learn/buddhism-101/dependent-origination-explained/,NOT_AVAILABLE,true,10,0,Page-row evidence attributed to https://echobuddha.com/learn/buddhism-101/dependent-origination-explained/,200,OWNER:https://echobuddha.com/learn/buddhism-101/ | TI-0039 | TI-0061 | TI-0064 | TI-0091 | TI-0153 | TI-0154 | TI-0196 | TI-0253 | TI-0255 | TI-0304 | TI-0316 | TI-0349 | TI-0518 | TI-0519 | TI-0521 | TI-0528 | TI-0531 | TI-0545 | TI-0637 | TI-0752 | TI-0911,22,72,SEO_P2_EMERGING,CANONICAL_SELF_CONSISTENT | CANONICAL_UNKNOWN_GOOGLE_SELECTED,NOT_VERIFIED: URL Inspection/Google-selected canonical unavailable,Evidence and impact review required before destructive change
https://echobuddha.com/learn/buddhism-101/five-aggregates-buddhism/,https://echobuddha.com/learn/buddhism-101/five-aggregates-buddhism/,NOT_AVAILABLE,true,3,0,Page-row evidence attributed to https://echobuddha.com/learn/buddhism-101/five-aggregates-buddhism/,200,OWNER:https://echobuddha.com/learn/buddhism-101/ | TI-0060 | TI-0100 | TI-0138 | TI-0139 | TI-0142 | TI-0252 | TI-0293 | TI-0313 | TI-0376 | TI-0501 | TI-0502 | TI-0637 | TI-0683 | TI-0912,15,73,SEO_P2_EMERGING,CANONICAL_SELF_CONSISTENT | CANONICAL_UNKNOWN_GOOGLE_SELECTED,NOT_VERIFIED: URL Inspection/Google-selected canonical unavailable,Evidence and impact review required before destructive change
https://echobuddha.com/learn/buddhism-101/five-hindrances-in-buddhism/,https://echobuddha.com/learn/buddhism-101/five-hindrances-in-buddhism/,NOT_AVAILABLE,true,3,0,Page-row evidence attributed to https://echobuddha.com/learn/buddhism-101/five-hindrances-in-buddhism/,200,OWNER:https://echobuddha.com/learn/buddhism-101/ | TI-0039 | TI-0059 | TI-0062 | TI-0101 | TI-0138 | TI-0155 | TI-0156 | TI-0197 | TI-0258 | TI-0259 | TI-0314 | TI-0315 | TI-0350 | TI-0384 | TI-0520 | TI-0522 | TI-0535 | TI-0536 | TI-0537 | TI-0595 | TI-0753 | TI-0915,23,72,SEO_P2_EMERGING,CANONICAL_SELF_CONSISTENT | CANONICAL_UNKNOWN_GOOGLE_SELECTED,NOT_VERIFIED: URL Inspection/Google-selected canonical unavailable,Evidence and impact review required before destructive change
https://echobuddha.com/learn/buddhism-101/five-precepts-buddhism/,https://echobuddha.com/learn/buddhism-101/five-precepts-buddhism/,NOT_AVAILABLE,true,10,0,Page-row evidence attributed to https://echobuddha.com/learn/buddhism-101/five-precepts-buddhism/,200,OWNER:https://echobuddha.com/learn/buddhism-101/five-precepts-buddhism/ | TI-0126 | TI-0246 | TI-0247 | TI-0376 | TI-0803 | TI-1233,7,79,SEO_P2_EMERGING,CANONICAL_SELF_CONSISTENT | CANONICAL_UNKNOWN_GOOGLE_SELECTED,NOT_VERIFIED: URL Inspection/Google-selected canonical unavailable,Evidence and impact review required before destructive change
https://echobuddha.com/learn/buddhism-101/four-brahmaviharas/,https://echobuddha.com/learn/buddhism-101/four-brahmaviharas/,NOT_AVAILABLE,true,3,0,Page-row evidence attributed to https://echobuddha.com/learn/buddhism-101/four-brahmaviharas/,200,TI-0611 | TI-0767 | TI-0789 | TI-0856 | TI-0857 | TI-0858 | TI-0860 | TI-0863 | TI-0913 | TI-0917 | TI-0951 | TI-0994 | TI-1001 | TI-1002 | TI-1045 | TI-1046 | TI-1237 | TI-1238,18,79,SEO_P2_EMERGING,CANONICAL_SELF_CONSISTENT | CANONICAL_UNKNOWN_GOOGLE_SELECTED,NOT_VERIFIED: URL Inspection/Google-selected canonical unavailable,Evidence and impact review required before destructive change
https://echobuddha.com/learn/buddhism-101/how-to-practice-buddhism-at-home/,https://echobuddha.com/learn/buddhism-101/how-to-practice-buddhism-at-home/,NOT_AVAILABLE,true,8,0,Page-row evidence attributed to https://echobuddha.com/learn/buddhism-101/how-to-practice-buddhism-at-home/,200,OWNER:https://echobuddha.com/learn/buddhism-for-beginners/ | TI-0047 | TI-0094 | TI-0225 | TI-0305 | TI-0414 | TI-0457 | TI-0458 | TI-0459 | TI-0524 | TI-0527 | TI-0530 | TI-0689 | TI-0697 | TI-0756 | TI-0757 | TI-0768 | TI-1206,18,80,SEO_P2_EMERGING,CANONICAL_SELF_CONSISTENT | CANONICAL_UNKNOWN_GOOGLE_SELECTED,NOT_VERIFIED: URL Inspection/Google-selected canonical unavailable,Evidence and impact review required before destructive change
https://echobuddha.com/learn/buddhism-101/,https://echobuddha.com/learn/buddhism-101/,NOT_AVAILABLE,true,25,0,Page-row evidence attributed to https://echobuddha.com/learn/buddhism-101/,200,OWNER:https://echobuddha.com/learn/buddhism-101/ | TI-0119 | TI-0120 | TI-0218 | TI-0225 | TI-0226 | TI-0227 | TI-0425 | TI-0441 | TI-0460 | TI-0461 | TI-0462,12,80,SEO_P2_EMERGING,CANONICAL_SELF_CONSISTENT | CANONICAL_UNKNOWN_GOOGLE_SELECTED,NOT_VERIFIED: URL Inspection/Google-selected canonical unavailable,Evidence and impact review required before destructive change
https://echobuddha.com/learn/buddhism-101/middle-way-explained-for-beginners/,https://echobuddha.com/learn/buddhism-101/middle-way-explained-for-beginners/,NOT_AVAILABLE,true,3,0,Page-row evidence attributed to https://echobuddha.com/learn/buddhism-101/middle-way-explained-for-beginners/,200,OWNER:https://echobuddha.com/learn/buddhism-101/ | TI-0059 | TI-0061 | TI-0092 | TI-0102 | TI-0143 | TI-0252 | TI-0266 | TI-0267 | TI-0351 | TI-0379 | TI-0381 | TI-0383 | TI-0506 | TI-0538 | TI-0539 | TI-0544 | TI-0643 | TI-0950,19,73,SEO_P2_EMERGING,CANONICAL_SELF_CONSISTENT | CANONICAL_UNKNOWN_GOOGLE_SELECTED,NOT_VERIFIED: URL Inspection/Google-selected canonical unavailable,Evidence and impact review required before destructive change
https://echobuddha.com/learn/buddhism-101/right-livelihood-buddhism/,https://echobuddha.com/learn/buddhism-101/right-livelihood-buddhism/,NOT_AVAILABLE,true,7,0,Page-row evidence attributed to https://echobuddha.com/learn/buddhism-101/right-livelihood-buddhism/,200,OWNER:https://echobuddha.com/learn/buddhism-101/right-livelihood-buddhism/ | TI-0126 | TI-0136 | TI-0137 | TI-0380 | TI-1234,6,79,SEO_P2_EMERGING,CANONICAL_SELF_CONSISTENT | CANONICAL_UNKNOWN_GOOGLE_SELECTED,NOT_VERIFIED: URL Inspection/Google-selected canonical unavailable,Evidence and impact review required before destructive change
https://echobuddha.com/learn/buddhism-101/the-four-noble-truths-explained/,https://echobuddha.com/learn/buddhism-101/the-four-noble-truths-explained/,NOT_AVAILABLE,true,9,0,Page-row evidence attributed to https://echobuddha.com/learn/buddhism-101/the-four-noble-truths-explained/,200,OWNER:https://echobuddha.com/learn/four-noble-truths/ | TI-0002 | TI-0025 | TI-0040 | TI-0041 | TI-0052 | TI-0140 | TI-0145 | TI-0160 | TI-0501,10,72,SEO_P2_EMERGING,CANONICAL_SELF_CONSISTENT | CANONICAL_UNKNOWN_GOOGLE_SELECTED,NOT_VERIFIED: URL Inspection/Google-selected canonical unavailable,Evidence and impact review required before destructive change
https://echobuddha.com/learn/buddhism-101/the-noble-eightfold-path-explained/,https://echobuddha.com/learn/buddhism-101/the-noble-eightfold-path-explained/,NOT_AVAILABLE,true,8,0,Page-row evidence attributed to https://echobuddha.com/learn/buddhism-101/the-noble-eightfold-path-explained/,200,OWNER:https://echobuddha.com/learn/eightfold-path/ | TI-0010 | TI-0042 | TI-0052 | TI-0095 | TI-0121 | TI-0159 | TI-0175 | TI-0256 | TI-0502 | TI-0596 | TI-0651,12,72,SEO_P2_EMERGING,CANONICAL_SELF_CONSISTENT | CANONICAL_UNKNOWN_GOOGLE_SELECTED,NOT_VERIFIED: URL Inspection/Google-selected canonical unavailable,Evidence and impact review required before destructive change
https://echobuddha.com/learn/buddhism-101/the-three-jewels-explained/,https://echobuddha.com/learn/buddhism-101/the-three-jewels-explained/,NOT_AVAILABLE,true,10,0,Page-row evidence attributed to https://echobuddha.com/learn/buddhism-101/the-three-jewels-explained/,200,OWNER:https://echobuddha.com/articles/what-is-sangha-buddhist-community/ | TI-0080 | TI-0159 | TI-0160 | TI-0293 | TI-0310 | TI-0506 | TI-0525 | TI-0529 | TI-0695 | TI-0752 | TI-0753 | TI-0804 | TI-0805,14,72,SEO_P2_EMERGING,CANONICAL_SELF_CONSISTENT | CANONICAL_UNKNOWN_GOOGLE_SELECTED,NOT_VERIFIED: URL Inspection/Google-selected canonical unavailable,Evidence and impact review required before destructive change
https://echobuddha.com/learn/buddhism-101/three-marks-of-existence/,https://echobuddha.com/learn/buddhism-101/three-marks-of-existence/,NOT_AVAILABLE,true,6,0,Page-row evidence attributed to https://echobuddha.com/learn/buddhism-101/three-marks-of-existence/,200,OWNER:https://echobuddha.com/learn/buddhism-101/ | TI-0060 | TI-0080 | TI-0141 | TI-0254 | TI-0257 | TI-0379 | TI-0532,8,73,SEO_P2_EMERGING,CANONICAL_SELF_CONSISTENT | CANONICAL_UNKNOWN_GOOGLE_SELECTED,NOT_VERIFIED: URL Inspection/Google-selected canonical unavailable,Evidence and impact review required before destructive change
https://echobuddha.com/learn/buddhism-101/threefold-training-sila-samadhi-panna/,https://echobuddha.com/learn/buddhism-101/threefold-training-sila-samadhi-panna/,NOT_AVAILABLE,true,3,0,Page-row evidence attributed to https://echobuddha.com/learn/buddhism-101/threefold-training-sila-samadhi-panna/,200,OWNER:https://echobuddha.com/learn/eightfold-path/,1,74,SEO_P2_EMERGING,CANONICAL_SELF_CONSISTENT | CANONICAL_UNKNOWN_GOOGLE_SELECTED,NOT_VERIFIED: URL Inspection/Google-selected canonical unavailable,Evidence and impact review required before destructive change
https://echobuddha.com/learn/buddhism-101/what-is-buddhism/,https://echobuddha.com/learn/buddhism-101/what-is-buddhism/,NOT_AVAILABLE,true,8,0,Page-row evidence attributed to https://echobuddha.com/learn/buddhism-101/what-is-buddhism/,200,OWNER:https://echobuddha.com/learn/buddhism-for-beginners/ | TI-0011 | TI-0096 | TI-0136 | TI-0246 | TI-0311 | TI-0400 | TI-0405 | TI-0460 | TI-0533 | TI-0689 | TI-0826 | TI-1092 | TI-1229,14,72,SEO_P2_EMERGING,CANONICAL_SELF_CONSISTENT | CANONICAL_UNKNOWN_GOOGLE_SELECTED,NOT_VERIFIED: URL Inspection/Google-selected canonical unavailable,Evidence and impact review required before destructive change
https://echobuddha.com/learn/buddhism-101/what-is-impermanence/,https://echobuddha.com/learn/buddhism-101/what-is-impermanence/,NOT_AVAILABLE,true,28,0,Page-row evidence attributed to https://echobuddha.com/learn/buddhism-101/what-is-impermanence/,200,OWNER:https://echobuddha.com/learn/buddhism-101/what-is-impermanence/ | TI-0036 | TI-0099 | TI-0405 | TI-0406 | TI-0420 | TI-0463 | TI-0645 | TI-0647 | TI-0705 | TI-0958,11,84,SEO_P2_EMERGING,CANONICAL_SELF_CONSISTENT | CANONICAL_UNKNOWN_GOOGLE_SELECTED,NOT_VERIFIED: URL Inspection/Google-selected canonical unavailable,Evidence and impact review required before destructive change
https://echobuddha.com/learn/buddhism-101/what-is-karma-in-buddhism/,https://echobuddha.com/learn/buddhism-101/what-is-karma-in-buddhism/,NOT_AVAILABLE,true,8,0,Page-row evidence attributed to https://echobuddha.com/learn/buddhism-101/what-is-karma-in-buddhism/,200,OWNER:https://echobuddha.com/learn/buddhism-101/what-is-karma-in-buddhism/ | TI-0011 | TI-0097 | TI-0137 | TI-0247 | TI-0312 | TI-0401 | TI-0406 | TI-0461 | TI-0534 | TI-0646 | TI-0811 | TI-0855,13,84,SEO_P2_EMERGING,CANONICAL_SELF_CONSISTENT | CANONICAL_UNKNOWN_GOOGLE_SELECTED,NOT_VERIFIED: URL Inspection/Google-selected canonical unavailable,Evidence and impact review required before destructive change
https://echobuddha.com/learn/buddhism-101/what-is-mindfulness/,https://echobuddha.com/learn/buddhism-101/what-is-mindfulness/,NOT_AVAILABLE,true,41,0,Page-row evidence attributed to https://echobuddha.com/learn/buddhism-101/what-is-mindfulness/,200,OWNER:https://echobuddha.com/learn/buddhism-101/what-is-mindfulness/ | TI-0036 | TI-0122 | TI-0209 | TI-0210 | TI-0211 | TI-0400 | TI-0401 | TI-0413 | TI-0415 | TI-0418 | TI-0421 | TI-0464 | TI-0698 | TI-0700 | TI-0701 | TI-0702 | TI-0703 | TI-0872 | TI-0893 | TI-0949 | TI-0956 | TI-1014 | TI-1015 | TI-1016,28,85,SEO_P1_HIGH,CANONICAL_SELF_CONSISTENT | CANONICAL_UNKNOWN_GOOGLE_SELECTED,NOT_VERIFIED: URL Inspection/Google-selected canonical unavailable,"NO SEO-R3/R4 CHANGE WITHOUT QUERY, BACKLINK, MAPPING, REDIRECT, AND MONITORING EVIDENCE"
https://echobuddha.com/learn/buddhism-101/who-was-the-buddha/,https://echobuddha.com/learn/buddhism-101/who-was-the-buddha/,NOT_AVAILABLE,true,3,0,Page-row evidence attributed to https://echobuddha.com/learn/buddhism-101/who-was-the-buddha/,200,OWNER:https://echobuddha.com/learn/buddhism-101/,1,72,SEO_P2_EMERGING,CANONICAL_SELF_CONSISTENT | CANONICAL_UNKNOWN_GOOGLE_SELECTED,NOT_VERIFIED: URL Inspection/Google-selected canonical unavailable,Evidence and impact review required before destructive change
https://echobuddha.com/learn/buddhism-for-beginners/,https://echobuddha.com/learn/buddhism-for-beginners/,NOT_AVAILABLE,true,10,0,Page-row evidence attributed to https://echobuddha.com/learn/buddhism-for-beginners/,200,OWNER:https://echobuddha.com/learn/buddhism-for-beginners/ | TI-0022 | TI-0067 | TI-0148 | TI-0151 | TI-0153 | TI-0155 | TI-0185 | TI-0198 | TI-0266 | TI-0268 | TI-0339 | TI-0348 | TI-0352 | TI-0353 | TI-0390 | TI-0561 | TI-0565 | TI-0583 | TI-0584 | TI-0597 | TI-0598 | TI-0672 | TI-0768 | TI-0826,26,90,SEO_P1_HIGH,CANONICAL_SELF_CONSISTENT | CANONICAL_UNKNOWN_GOOGLE_SELECTED,NOT_VERIFIED: URL Inspection/Google-selected canonical unavailable,"NO SEO-R3/R4 CHANGE WITHOUT QUERY, BACKLINK, MAPPING, REDIRECT, AND MONITORING EVIDENCE"
https://echobuddha.com/learn/buddhist-dictionary/anatta/,https://echobuddha.com/learn/buddhist-dictionary/anatta/,NOT_AVAILABLE,true,14,0,Page-row evidence attributed to https://echobuddha.com/learn/buddhist-dictionary/anatta/,200,OWNER:https://echobuddha.com/learn/buddhist-dictionary/ | TI-0062 | TI-0064 | TI-0092 | TI-0128 | TI-0130 | TI-0147 | TI-0239 | TI-0268 | TI-0269 | TI-0282 | TI-0354 | TI-0388 | TI-0391 | TI-0480 | TI-0487 | TI-0582 | TI-0599 | TI-0600 | TI-0683 | TI-0805 | TI-0972,22,78,SEO_P2_EMERGING,CANONICAL_SELF_CONSISTENT | CANONICAL_UNKNOWN_GOOGLE_SELECTED,NOT_VERIFIED: URL Inspection/Google-selected canonical unavailable,Evidence and impact review required before destructive change
https://echobuddha.com/learn/buddhist-dictionary/anicca/,https://echobuddha.com/learn/buddhist-dictionary/anicca/,NOT_AVAILABLE,true,28,0,Page-row evidence attributed to https://echobuddha.com/learn/buddhist-dictionary/anicca/,200,OWNER:https://echobuddha.com/learn/buddhism-101/what-is-impermanence/ | TI-0020 | TI-0129 | TI-0142 | TI-0161 | TI-0239 | TI-0257 | TI-0278 | TI-0285 | TI-0308 | TI-0581 | TI-0645 | TI-0664 | TI-0712 | TI-0921 | TI-1177,16,72,SEO_P2_EMERGING,CANONICAL_SELF_CONSISTENT | CANONICAL_UNKNOWN_GOOGLE_SELECTED,NOT_VERIFIED: URL Inspection/Google-selected canonical unavailable,Evidence and impact review required before destructive change
https://echobuddha.com/learn/buddhist-dictionary/compassion/,https://echobuddha.com/learn/buddhist-dictionary/compassion/,NOT_AVAILABLE,true,45,0,Page-row evidence attributed to https://echobuddha.com/learn/buddhist-dictionary/compassion/,200,OWNER:https://echobuddha.com/articles/compassion-in-buddhism-beginner-guide/ | TI-0068 | TI-0069 | TI-0112 | TI-0157 | TI-0187 | TI-0228 | TI-0279 | TI-0286 | TI-0331 | TI-0346 | TI-0397 | TI-0426 | TI-0429 | TI-0543 | TI-0567 | TI-0601 | TI-0630 | TI-0808 | TI-0821 | TI-0825 | TI-0827 | TI-0856 | TI-0970 | TI-1026,30,72,SEO_P2_EMERGING,CANONICAL_SELF_CONSISTENT | CANONICAL_UNKNOWN_GOOGLE_SELECTED,NOT_VERIFIED: URL Inspection/Google-selected canonical unavailable,Evidence and impact review required before destructive change
https://echobuddha.com/learn/buddhist-dictionary/dhamma/,https://echobuddha.com/learn/buddhist-dictionary/dhamma/,NOT_AVAILABLE,true,73,0,Page-row evidence attributed to https://echobuddha.com/learn/buddhist-dictionary/dhamma/,200,OWNER:https://echobuddha.com/learn/buddhist-dictionary/dhamma/ | TI-0044 | TI-0286 | TI-0287 | TI-0488 | TI-0566 | TI-0661 | TI-0874 | TI-0974 | TI-1013 | TI-1093 | TI-1094 | TI-1095 | TI-1144 | TI-1159,15,81,SEO_P1_HIGH,CANONICAL_SELF_CONSISTENT | CANONICAL_UNKNOWN_GOOGLE_SELECTED,NOT_VERIFIED: URL Inspection/Google-selected canonical unavailable,"NO SEO-R3/R4 CHANGE WITHOUT QUERY, BACKLINK, MAPPING, REDIRECT, AND MONITORING EVIDENCE"
https://echobuddha.com/learn/buddhist-dictionary/dukkha/,https://echobuddha.com/learn/buddhist-dictionary/dukkha/,NOT_AVAILABLE,true,45,0,Page-row evidence attributed to https://echobuddha.com/learn/buddhist-dictionary/dukkha/,200,OWNER:https://echobuddha.com/learn/four-noble-truths/ | TI-0162 | TI-0240 | TI-0265 | TI-0280 | TI-0288 | TI-0481 | TI-0749 | TI-0793 | TI-0920 | TI-0949 | TI-1031 | TI-1056 | TI-1075 | TI-1114 | TI-1125 | TI-1126 | TI-1128 | TI-1179 | TI-1207 | TI-1208 | TI-1209 | TI-1210 | TI-1211 | TI-1212,30,73,SEO_P2_EMERGING,CANONICAL_SELF_CONSISTENT | CANONICAL_UNKNOWN_GOOGLE_SELECTED,NOT_VERIFIED: URL Inspection/Google-selected canonical unavailable,Evidence and impact review required before destructive change
https://echobuddha.com/learn/buddhist-dictionary/,https://echobuddha.com/learn/buddhist-dictionary/,NOT_AVAILABLE,true,22,0,Page-row evidence attributed to https://echobuddha.com/learn/buddhist-dictionary/,200,OWNER:https://echobuddha.com/learn/buddhist-dictionary/,1,56,SEO_P2_EMERGING,CANONICAL_SELF_CONSISTENT | CANONICAL_UNKNOWN_GOOGLE_SELECTED,NOT_VERIFIED: URL Inspection/Google-selected canonical unavailable,Evidence and impact review required before destructive change
https://echobuddha.com/learn/buddhist-dictionary/karma/,https://echobuddha.com/learn/buddhist-dictionary/karma/,NOT_AVAILABLE,true,35,0,Page-row evidence attributed to https://echobuddha.com/learn/buddhist-dictionary/karma/,200,OWNER:https://echobuddha.com/learn/buddhism-101/what-is-karma-in-buddhism/ | TI-0240 | TI-0270 | TI-0283 | TI-0393 | TI-0482 | TI-0489 | TI-0646 | TI-0973,9,72,SEO_P2_EMERGING,CANONICAL_SELF_CONSISTENT | CANONICAL_UNKNOWN_GOOGLE_SELECTED,NOT_VERIFIED: URL Inspection/Google-selected canonical unavailable,Evidence and impact review required before destructive change
https://echobuddha.com/learn/buddhist-dictionary/karuna/,https://echobuddha.com/learn/buddhist-dictionary/karuna/,NOT_AVAILABLE,true,11,0,NO_PAGE_ROW_IN_EXPORT,200,OWNER:https://echobuddha.com/articles/compassion-in-buddhism-beginner-guide/ | ND-0627 | ND-0927 | TI-0045 | TI-0068 | TI-0079 | TI-0158 | TI-0226 | TI-0278 | TI-0280 | TI-0465 | TI-0480 | TI-0482 | TI-0568 | TI-0589 | TI-0657 | TI-0713 | TI-0828 | TI-0829 | TI-0830 | TI-0857 | TI-0971 | TI-1027 | TI-1074 | TI-1129,28,72,SEO_P2_EMERGING,CANONICAL_SELF_CONSISTENT | CANONICAL_UNKNOWN_GOOGLE_SELECTED,NOT_VERIFIED: URL Inspection/Google-selected canonical unavailable,Evidence and impact review required before destructive change
https://echobuddha.com/learn/buddhist-dictionary/metta/,https://echobuddha.com/learn/buddhist-dictionary/metta/,NOT_AVAILABLE,true,22,0,Page-row evidence attributed to https://echobuddha.com/learn/buddhist-dictionary/metta/,200,OWNER:https://echobuddha.com/learn/buddhist-dictionary/metta/ | TI-0046 | TI-0079 | TI-0163 | TI-0227 | TI-0229 | TI-0285 | TI-0288 | TI-0341 | TI-0466 | TI-0487 | TI-0489 | TI-0590 | TI-0630 | TI-0665 | TI-0716 | TI-0822 | TI-0858 | TI-0966 | TI-1019 | TI-1131 | TI-1132 | TI-1133 | TI-1134 | TI-1182,26,85,SEO_P1_HIGH,CANONICAL_SELF_CONSISTENT | CANONICAL_UNKNOWN_GOOGLE_SELECTED,NOT_VERIFIED: URL Inspection/Google-selected canonical unavailable,"NO SEO-R3/R4 CHANGE WITHOUT QUERY, BACKLINK, MAPPING, REDIRECT, AND MONITORING EVIDENCE"
https://echobuddha.com/learn/buddhist-dictionary/mindfulness/,https://echobuddha.com/learn/buddhist-dictionary/mindfulness/,NOT_AVAILABLE,true,34,0,Page-row evidence attributed to https://echobuddha.com/learn/buddhist-dictionary/mindfulness/,200,OWNER:https://echobuddha.com/learn/buddhism-101/what-is-mindfulness/ | ND-0356 | TI-0003 | TI-0069 | TI-0093 | TI-0113 | TI-0181 | TI-0188 | TI-0209 | TI-0230 | TI-0281 | TI-0287 | TI-0329 | TI-0332 | TI-0334 | TI-0398 | TI-0427 | TI-0430 | TI-0440 | TI-0467 | TI-0468 | TI-0469 | TI-0591 | TI-0593 | TI-0644,43,72,SEO_P2_EMERGING,CANONICAL_SELF_CONSISTENT | CANONICAL_UNKNOWN_GOOGLE_SELECTED,NOT_VERIFIED: URL Inspection/Google-selected canonical unavailable,Evidence and impact review required before destructive change
https://echobuddha.com/learn/buddhist-dictionary/nirvana/,https://echobuddha.com/learn/buddhist-dictionary/nirvana/,NOT_AVAILABLE,true,4,0,Page-row evidence attributed to https://echobuddha.com/learn/buddhist-dictionary/nirvana/,200,OWNER:https://echobuddha.com/learn/buddhist-dictionary/ | TI-0020 | TI-0070 | TI-0078 | TI-0100 | TI-0128 | TI-0141 | TI-0158 | TI-0163 | TI-0173 | TI-0462 | TI-0481 | TI-0522 | TI-0531 | TI-0577 | TI-0643 | TI-0695 | TI-0883,18,79,SEO_P2_EMERGING,CANONICAL_SELF_CONSISTENT | CANONICAL_UNKNOWN_GOOGLE_SELECTED,NOT_VERIFIED: URL Inspection/Google-selected canonical unavailable,Evidence and impact review required before destructive change
https://echobuddha.com/learn/buddhist-dictionary/pali-canon/,https://echobuddha.com/learn/buddhist-dictionary/pali-canon/,NOT_AVAILABLE,true,6,0,Page-row evidence attributed to https://echobuddha.com/learn/buddhist-dictionary/pali-canon/,200,OWNER:https://echobuddha.com/learn/sutta-for-daily-life/ | ND-0307 | TI-0123 | TI-0130 | TI-0176 | TI-0190 | TI-0199 | TI-0326 | TI-0328 | TI-0340 | TI-0343 | TI-0355 | TI-0520 | TI-0528 | TI-0573 | TI-0594 | TI-0597 | TI-0602 | TI-0621 | TI-0721 | TI-1012 | TI-1091 | TI-1096,23,73,SEO_P2_EMERGING,CANONICAL_SELF_CONSISTENT | CANONICAL_UNKNOWN_GOOGLE_SELECTED,NOT_VERIFIED: URL Inspection/Google-selected canonical unavailable,Evidence and impact review required before destructive change
https://echobuddha.com/learn/buddhist-dictionary/sangha/,https://echobuddha.com/learn/buddhist-dictionary/sangha/,NOT_AVAILABLE,true,7,0,Page-row evidence attributed to https://echobuddha.com/learn/buddhist-dictionary/sangha/,200,OWNER:https://echobuddha.com/articles/what-is-sangha-buddhist-community/ | ND-0927 | TI-0070 | TI-0129 | TI-0152 | TI-0279 | TI-0281 | TI-0309 | TI-0483,9,79,SEO_P2_EMERGING,CANONICAL_SELF_CONSISTENT | CANONICAL_UNKNOWN_GOOGLE_SELECTED,NOT_VERIFIED: URL Inspection/Google-selected canonical unavailable,Evidence and impact review required before destructive change
https://echobuddha.com/learn/buddhist-dictionary/sati/,https://echobuddha.com/learn/buddhist-dictionary/sati/,NOT_AVAILABLE,true,60,0,Page-row evidence attributed to https://echobuddha.com/learn/buddhist-dictionary/sati/,200,OWNER:https://echobuddha.com/learn/buddhism-101/what-is-mindfulness/ | ND-0356 | TI-0003 | TI-0157 | TI-0172 | TI-0186 | TI-0327 | TI-0330 | TI-0413 | TI-0470 | TI-0483 | TI-0488 | TI-0564 | TI-0569 | TI-0574 | TI-0673 | TI-0696 | TI-0717 | TI-0766 | TI-0769 | TI-0793 | TI-0882 | TI-0885 | TI-0886 | TI-0887,35,75,SEO_P1_HIGH,CANONICAL_SELF_CONSISTENT | CANONICAL_UNKNOWN_GOOGLE_SELECTED,NOT_VERIFIED: URL Inspection/Google-selected canonical unavailable,"NO SEO-R3/R4 CHANGE WITHOUT QUERY, BACKLINK, MAPPING, REDIRECT, AND MONITORING EVIDENCE"
https://echobuddha.com/learn/buddhist-dictionary/sutta/,https://echobuddha.com/learn/buddhist-dictionary/sutta/,NOT_AVAILABLE,true,8,0,Page-row evidence attributed to https://echobuddha.com/learn/buddhist-dictionary/sutta/,200,OWNER:https://echobuddha.com/learn/sutta-for-daily-life/ | ND-0307 | ND-0627 | TI-0045 | TI-0046 | TI-0078 | TI-0119 | TI-0161 | TI-0162 | TI-0231 | TI-0282 | TI-0283 | TI-0344 | TI-0397 | TI-0398 | TI-0414 | TI-0438 | TI-0471 | TI-0621 | TI-0694 | TI-0699 | TI-0892,22,74,SEO_P2_EMERGING,CANONICAL_SELF_CONSISTENT | CANONICAL_UNKNOWN_GOOGLE_SELECTED,NOT_VERIFIED: URL Inspection/Google-selected canonical unavailable,Evidence and impact review required before destructive change
https://echobuddha.com/learn/buddhist-resources/,https://echobuddha.com/learn/buddhist-resources/,NOT_AVAILABLE,true,51,0,Page-row evidence attributed to https://echobuddha.com/learn/buddhist-resources/,200,OWNER:https://echobuddha.com/learn/ | TI-0110 | TI-0111 | TI-0214 | TI-0224 | TI-0228 | TI-0230 | TI-0428 | TI-0434 | TI-0470 | TI-0472,11,81,SEO_P2_EMERGING,CANONICAL_SELF_CONSISTENT | CANONICAL_UNKNOWN_GOOGLE_SELECTED,NOT_VERIFIED: URL Inspection/Google-selected canonical unavailable,Evidence and impact review required before destructive change
https://echobuddha.com/learn/dhammapada-reflections/avoid-evil-do-good-purify-the-mind/,https://echobuddha.com/learn/dhammapada-reflections/avoid-evil-do-good-purify-the-mind/,NOT_AVAILABLE,true,3,0,Page-row evidence attributed to https://echobuddha.com/learn/dhammapada-reflections/avoid-evil-do-good-purify-the-mind/,200,OWNER:https://echobuddha.com/learn/dhammapada-reflections/ | TI-0484 | TI-0794 | TI-0881 | TI-0975 | TI-1005 | TI-1087 | TI-1144 | TI-1173 | TI-1174 | TI-1175,11,79,SEO_P2_EMERGING,CANONICAL_SELF_CONSISTENT | CANONICAL_UNKNOWN_GOOGLE_SELECTED,NOT_VERIFIED: URL Inspection/Google-selected canonical unavailable,Evidence and impact review required before destructive change
https://echobuddha.com/learn/dhammapada-reflections/better-than-a-thousand-empty-words/,https://echobuddha.com/learn/dhammapada-reflections/better-than-a-thousand-empty-words/,NOT_AVAILABLE,true,3,0,Page-row evidence attributed to https://echobuddha.com/learn/dhammapada-reflections/better-than-a-thousand-empty-words/,200,OWNER:https://echobuddha.com/learn/dhammapada-reflections/ | TI-0897 | TI-0930 | TI-1049 | TI-1050 | TI-1087 | TI-1093 | TI-1115 | TI-1118 | TI-1119 | TI-1122,11,78,SEO_P2_EMERGING,CANONICAL_SELF_CONSISTENT | CANONICAL_UNKNOWN_GOOGLE_SELECTED,NOT_VERIFIED: URL Inspection/Google-selected canonical unavailable,Evidence and impact review required before destructive change
https://echobuddha.com/learn/dhammapada-reflections/hatred-is-not-ended-by-hatred/,https://echobuddha.com/learn/dhammapada-reflections/hatred-is-not-ended-by-hatred/,NOT_AVAILABLE,true,3,0,Page-row evidence attributed to https://echobuddha.com/learn/dhammapada-reflections/hatred-is-not-ended-by-hatred/,200,OWNER:https://echobuddha.com/learn/dhammapada-reflections/ | TI-0747 | TI-0930 | TI-0931 | TI-0932 | TI-1005 | TI-1013 | TI-1020 | TI-1021 | TI-1022 | TI-1023,11,78,SEO_P2_EMERGING,CANONICAL_SELF_CONSISTENT | CANONICAL_UNKNOWN_GOOGLE_SELECTED,NOT_VERIFIED: URL Inspection/Google-selected canonical unavailable,Evidence and impact review required before destructive change
https://echobuddha.com/learn/dhammapada-reflections/,https://echobuddha.com/learn/dhammapada-reflections/,NOT_AVAILABLE,true,13,0,Page-row evidence attributed to https://echobuddha.com/learn/dhammapada-reflections/,200,OWNER:https://echobuddha.com/learn/dhammapada-reflections/ | ND-0237 | TI-0659 | TI-0660 | TI-0662 | TI-0747 | TI-0897 | TI-0898 | TI-0899 | TI-0967 | TI-0974 | TI-0975,12,88,SEO_P2_EMERGING,CANONICAL_SELF_CONSISTENT | CANONICAL_UNKNOWN_GOOGLE_SELECTED,NOT_VERIFIED: URL Inspection/Google-selected canonical unavailable,Evidence and impact review required before destructive change
https://echobuddha.com/learn/dhammapada-reflections/peace-comes-from-a-trained-mind/,https://echobuddha.com/learn/dhammapada-reflections/peace-comes-from-a-trained-mind/,NOT_AVAILABLE,true,4,0,NO_PAGE_ROW_IN_EXPORT,200,OWNER:https://echobuddha.com/learn/dhammapada-reflections/ | TI-0114 | TI-0750 | TI-0794 | TI-0898 | TI-0931 | TI-1049 | TI-1094 | TI-1116 | TI-1120 | TI-1123,11,78,SEO_P2_EMERGING,CANONICAL_SELF_CONSISTENT | CANONICAL_UNKNOWN_GOOGLE_SELECTED,NOT_VERIFIED: URL Inspection/Google-selected canonical unavailable,Evidence and impact review required before destructive change
https://echobuddha.com/learn/dhammapada-reflections/the-mind-leads-all-things/,https://echobuddha.com/learn/dhammapada-reflections/the-mind-leads-all-things/,NOT_AVAILABLE,true,5,0,Page-row evidence attributed to https://echobuddha.com/learn/dhammapada-reflections/the-mind-leads-all-things/,200,OWNER:https://echobuddha.com/learn/dhammapada-reflections/ | TI-0484 | TI-0750 | TI-0823 | TI-0899 | TI-0932 | TI-1050 | TI-1095 | TI-1117 | TI-1121 | TI-1124,11,78,SEO_P2_EMERGING,CANONICAL_SELF_CONSISTENT | CANONICAL_UNKNOWN_GOOGLE_SELECTED,NOT_VERIFIED: URL Inspection/Google-selected canonical unavailable,Evidence and impact review required before destructive change
https://echobuddha.com/learn/eightfold-path/,https://echobuddha.com/learn/eightfold-path/,NOT_AVAILABLE,true,42,0,Page-row evidence attributed to https://echobuddha.com/learn/eightfold-path/,200,OWNER:https://echobuddha.com/learn/eightfold-path/ | TI-0009 | TI-0012 | TI-0058 | TI-0063 | TI-0121 | TI-0200 | TI-0271 | TI-0272 | TI-0273 | TI-0274 | TI-0356 | TI-0382 | TI-0562,14,89,SEO_P1_HIGH,CANONICAL_SELF_CONSISTENT | CANONICAL_UNKNOWN_GOOGLE_SELECTED,NOT_VERIFIED: URL Inspection/Google-selected canonical unavailable,"NO SEO-R3/R4 CHANGE WITHOUT QUERY, BACKLINK, MAPPING, REDIRECT, AND MONITORING EVIDENCE"
https://echobuddha.com/learn/four-noble-truths/,https://echobuddha.com/learn/four-noble-truths/,NOT_AVAILABLE,true,17,0,Page-row evidence attributed to https://echobuddha.com/learn/four-noble-truths/,200,OWNER:https://echobuddha.com/learn/four-noble-truths/ | TI-0001 | TI-0025 | TI-0043 | TI-0065 | TI-0154 | TI-0156 | TI-0201 | TI-0267 | TI-0269 | TI-0275 | TI-0276 | TI-0318 | TI-0357 | TI-0358 | TI-0540 | TI-0547 | TI-0563 | TI-0585 | TI-0596 | TI-0602 | TI-0603,22,88,SEO_P2_EMERGING,CANONICAL_SELF_CONSISTENT | CANONICAL_UNKNOWN_GOOGLE_SELECTED,NOT_VERIFIED: URL Inspection/Google-selected canonical unavailable,Evidence and impact review required before destructive change
https://echobuddha.com/learn/,https://echobuddha.com/learn/,NOT_AVAILABLE,true,337,0,Page-row evidence attributed to https://echobuddha.com/learn/,200,OWNER:https://echobuddha.com/learn/,1,54,SEO_P2_EMERGING,CANONICAL_SELF_CONSISTENT | CANONICAL_UNKNOWN_GOOGLE_SELECTED,NOT_VERIFIED: URL Inspection/Google-selected canonical unavailable,Evidence and impact review required before destructive change
https://echobuddha.com/learn/questions-about-buddhism/,https://echobuddha.com/learn/questions-about-buddhism/,NOT_AVAILABLE,true,5,0,Page-row evidence attributed to https://echobuddha.com/learn/questions-about-buddhism/,200,OWNER:https://echobuddha.com/learn/ | TI-0120 | TI-0231 | TI-0439 | TI-0457 | TI-0465 | TI-0466,7,75,SEO_P2_EMERGING,CANONICAL_SELF_CONSISTENT | CANONICAL_UNKNOWN_GOOGLE_SELECTED,NOT_VERIFIED: URL Inspection/Google-selected canonical unavailable,Evidence and impact review required before destructive change
https://echobuddha.com/learn/sutta-for-daily-life/buddhas-teaching-on-patience/,https://echobuddha.com/learn/sutta-for-daily-life/buddhas-teaching-on-patience/,NOT_AVAILABLE,true,4,0,Page-row evidence attributed to https://echobuddha.com/learn/sutta-for-daily-life/buddhas-teaching-on-patience/,200,OWNER:https://echobuddha.com/articles/three-ways-to-practice-patience/ | TI-0751 | TI-0892 | TI-0976 | TI-1012 | TI-1053,6,83,SEO_P2_EMERGING,CANONICAL_SELF_CONSISTENT | CANONICAL_UNKNOWN_GOOGLE_SELECTED,NOT_VERIFIED: URL Inspection/Google-selected canonical unavailable,Evidence and impact review required before destructive change
https://echobuddha.com/learn/sutta-for-daily-life/dhammacakkappavattana-sutta-four-noble-truths/,https://echobuddha.com/learn/sutta-for-daily-life/dhammacakkappavattana-sutta-four-noble-truths/,NOT_AVAILABLE,true,4,0,NO_PAGE_ROW_IN_EXPORT,200,OWNER:https://echobuddha.com/learn/four-noble-truths/ | TI-0041 | TI-0066 | TI-0071 | TI-0249 | TI-0275 | TI-0392 | TI-0394 | TI-0611,9,82,SEO_P2_EMERGING,CANONICAL_SELF_CONSISTENT | CANONICAL_UNKNOWN_GOOGLE_SELECTED,NOT_VERIFIED: URL Inspection/Google-selected canonical unavailable,Evidence and impact review required before destructive change
https://echobuddha.com/learn/sutta-for-daily-life/how-to-read-a-buddhist-sutta/,https://echobuddha.com/learn/sutta-for-daily-life/how-to-read-a-buddhist-sutta/,NOT_AVAILABLE,true,2,0,NO_PAGE_ROW_IN_EXPORT,200,OWNER:https://echobuddha.com/ | TI-0264 | TI-0533 | TI-0534 | TI-0699 | TI-0770 | TI-0850 | TI-1053 | TI-1096,9,88,SEO_P2_EMERGING,CANONICAL_SELF_CONSISTENT | CANONICAL_UNKNOWN_GOOGLE_SELECTED,NOT_VERIFIED: URL Inspection/Google-selected canonical unavailable,Evidence and impact review required before destructive change
https://echobuddha.com/learn/sutta-for-daily-life/,https://echobuddha.com/learn/sutta-for-daily-life/,NOT_AVAILABLE,true,12,0,NO_PAGE_ROW_IN_EXPORT,200,OWNER:https://echobuddha.com/learn/sutta-for-daily-life/ | ND-0237 | TI-0026 | TI-0050 | TI-0058 | TI-0116 | TI-0124 | TI-0125 | TI-0149 | TI-0150 | TI-0182 | TI-0345 | TI-0395 | TI-0471 | TI-0473 | TI-0721 | TI-0770 | TI-0771 | TI-0976,19,89,SEO_P2_EMERGING,CANONICAL_SELF_CONSISTENT | CANONICAL_UNKNOWN_GOOGLE_SELECTED,NOT_VERIFIED: URL Inspection/Google-selected canonical unavailable,Evidence and impact review required before destructive change
https://echobuddha.com/learn/sutta-for-daily-life/kalama-sutta-and-wise-thinking/,https://echobuddha.com/learn/sutta-for-daily-life/kalama-sutta-and-wise-thinking/,NOT_AVAILABLE,true,3,0,Page-row evidence attributed to https://echobuddha.com/learn/sutta-for-daily-life/kalama-sutta-and-wise-thinking/,200,OWNER:https://echobuddha.com/learn/sutta-for-daily-life/ | TI-0249 | TI-0250 | TI-0694 | TI-0751 | TI-0771 | TI-0850 | TI-1091,8,82,SEO_P2_EMERGING,CANONICAL_SELF_CONSISTENT | CANONICAL_UNKNOWN_GOOGLE_SELECTED,NOT_VERIFIED: URL Inspection/Google-selected canonical unavailable,Evidence and impact review required before destructive change
https://echobuddha.com/learn/sutta-for-daily-life/magga-vibhanga-sutta-eightfold-path/,https://echobuddha.com/learn/sutta-for-daily-life/magga-vibhanga-sutta-eightfold-path/,NOT_AVAILABLE,true,4,0,Page-row evidence attributed to https://echobuddha.com/learn/sutta-for-daily-life/magga-vibhanga-sutta-eightfold-path/,200,OWNER:https://echobuddha.com/learn/eightfold-path/ | TI-0042 | TI-0071 | TI-0115 | TI-0250 | TI-0271 | TI-0571 | TI-0618 | TI-0748,9,84,SEO_P2_EMERGING,CANONICAL_SELF_CONSISTENT | CANONICAL_UNKNOWN_GOOGLE_SELECTED,NOT_VERIFIED: URL Inspection/Google-selected canonical unavailable,Evidence and impact review required before destructive change
https://echobuddha.com/learn/sutta-for-daily-life/metta-sutta-explained-for-daily-life/,https://echobuddha.com/learn/sutta-for-daily-life/metta-sutta-explained-for-daily-life/,NOT_AVAILABLE,true,4,0,Page-row evidence attributed to https://echobuddha.com/learn/sutta-for-daily-life/metta-sutta-explained-for-daily-life/,200,OWNER:https://echobuddha.com/learn/buddhist-dictionary/metta/ | TI-0026 | TI-0272 | TI-0359 | TI-0360 | TI-0381 | TI-0389 | TI-0396 | TI-0486 | TI-0525 | TI-0572 | TI-0617 | TI-0619,13,91,SEO_P1_HIGH,CANONICAL_SELF_CONSISTENT | CANONICAL_UNKNOWN_GOOGLE_SELECTED,NOT_VERIFIED: URL Inspection/Google-selected canonical unavailable,"NO SEO-R3/R4 CHANGE WITHOUT QUERY, BACKLINK, MAPPING, REDIRECT, AND MONITORING EVIDENCE"
https://echobuddha.com/learn/sutta-for-daily-life/mindfulness-of-breathing-explained-simply/,https://echobuddha.com/learn/sutta-for-daily-life/mindfulness-of-breathing-explained-simply/,NOT_AVAILABLE,true,3,0,NO_PAGE_ROW_IN_EXPORT,200,OWNER:https://echobuddha.com/articles/mindfulness-of-breathing-guide/ | TI-0173 | TI-0210 | TI-0232 | TI-0308 | TI-0309 | TI-0313 | TI-0336 | TI-0474 | TI-0532 | TI-0578 | TI-0586 | TI-0644 | TI-0669 | TI-0696 | TI-0711 | TI-0719 | TI-0722 | TI-0772 | TI-0835 | TI-0836 | TI-0837 | TI-0838 | TI-0977 | TI-1029,32,82,SEO_P2_EMERGING,CANONICAL_SELF_CONSISTENT | CANONICAL_UNKNOWN_GOOGLE_SELECTED,NOT_VERIFIED: URL Inspection/Google-selected canonical unavailable,Evidence and impact review required before destructive change
https://echobuddha.com/learn/sutta-for-daily-life/right-speech-in-daily-life/,https://echobuddha.com/learn/sutta-for-daily-life/right-speech-in-daily-life/,NOT_AVAILABLE,true,11,0,NO_PAGE_ROW_IN_EXPORT,200,OWNER:https://echobuddha.com/articles/right-speech-buddhism/ | TI-0051 | TI-0057 | TI-0117 | TI-0124 | TI-0356 | TI-0486 | TI-0588 | TI-0592 | TI-0604 | TI-0666 | TI-0667 | TI-1078 | TI-1079,14,82,SEO_P2_EMERGING,CANONICAL_SELF_CONSISTENT | CANONICAL_UNKNOWN_GOOGLE_SELECTED,NOT_VERIFIED: URL Inspection/Google-selected canonical unavailable,Evidence and impact review required before destructive change
https://echobuddha.com/meditation/10-minute-meditation-practice/,https://echobuddha.com/meditation/10-minute-meditation-practice/,NOT_AVAILABLE,true,3,0,Page-row evidence attributed to https://echobuddha.com/meditation/10-minute-meditation-practice/,200,OWNER:https://echobuddha.com/meditation/ | ND-0088 | ND-0089 | ND-0092 | ND-0094 | ND-0105 | ND-0223 | ND-0224 | ND-0230 | TI-0021 | TI-0082 | TI-0083 | TI-0084 | TI-0191 | TI-0204 | TI-0219 | TI-0399 | TI-0431 | TI-0435 | TI-0442 | TI-0451 | TI-0453 | TI-0454 | TI-0458 | TI-0467,31,76,SEO_P2_EMERGING,CANONICAL_SELF_CONSISTENT | CANONICAL_UNKNOWN_GOOGLE_SELECTED,NOT_VERIFIED: URL Inspection/Google-selected canonical unavailable,Evidence and impact review required before destructive change
https://echobuddha.com/meditation/5-minute-meditation-practice/,https://echobuddha.com/meditation/5-minute-meditation-practice/,NOT_AVAILABLE,true,5,0,Page-row evidence attributed to https://echobuddha.com/meditation/5-minute-meditation-practice/,200,OWNER:https://echobuddha.com/meditation/ | ND-0087 | ND-0088 | ND-0090 | ND-0099 | ND-0213 | ND-0218 | ND-0219 | ND-0220 | TI-0021 | TI-0072 | TI-0073 | TI-0074 | TI-0192 | TI-0203 | TI-0213 | TI-0402 | TI-0422 | TI-0432 | TI-0436 | TI-0443 | TI-0452 | TI-0455 | TI-0459 | TI-0468,31,76,SEO_P2_EMERGING,CANONICAL_SELF_CONSISTENT | CANONICAL_UNKNOWN_GOOGLE_SELECTED,NOT_VERIFIED: URL Inspection/Google-selected canonical unavailable,Evidence and impact review required before destructive change
https://echobuddha.com/meditation/breathing-meditation/,https://echobuddha.com/meditation/breathing-meditation/,NOT_AVAILABLE,true,10,0,Page-row evidence attributed to https://echobuddha.com/meditation/breathing-meditation/,200,OWNER:https://echobuddha.com/articles/mindfulness-of-breathing-guide/ | ND-0142 | ND-0220 | ND-0224 | ND-0225 | ND-0228 | ND-0232 | ND-0235 | ND-0240 | TI-0033 | TI-0034 | TI-0072 | TI-0075 | TI-0082 | TI-0205 | TI-0215 | TI-0220 | TI-0222 | TI-0232 | TI-0233 | TI-0408 | TI-0444 | TI-0448 | TI-0477 | TI-0676,27,74,SEO_P2_EMERGING,CANONICAL_SELF_CONSISTENT | CANONICAL_UNKNOWN_GOOGLE_SELECTED,NOT_VERIFIED: URL Inspection/Google-selected canonical unavailable,Evidence and impact review required before destructive change
https://echobuddha.com/meditation/,https://echobuddha.com/meditation/,NOT_AVAILABLE,true,337,0,Page-row evidence attributed to https://echobuddha.com/meditation/,200,OWNER:https://echobuddha.com/meditation/,1,56,SEO_P2_EMERGING,CANONICAL_SELF_CONSISTENT | CANONICAL_UNKNOWN_GOOGLE_SELECTED,NOT_VERIFIED: URL Inspection/Google-selected canonical unavailable,Evidence and impact review required before destructive change
https://echobuddha.com/meditation/loving-kindness-meditation/,https://echobuddha.com/meditation/loving-kindness-meditation/,NOT_AVAILABLE,true,11,0,NO_PAGE_ROW_IN_EXPORT,200,OWNER:https://echobuddha.com/learn/buddhist-dictionary/metta/ | ND-0201 | ND-0219 | ND-0222 | ND-0223 | ND-0226 | ND-0232 | ND-0234 | ND-0236 | TI-0023 | TI-0033 | TI-0035 | TI-0049 | TI-0073 | TI-0076 | TI-0083 | TI-0118 | TI-0206 | TI-0216 | TI-0223 | TI-0229 | TI-0234 | TI-0409 | TI-0449 | TI-0478,38,71,SEO_P2_EMERGING,CANONICAL_SELF_CONSISTENT | CANONICAL_UNKNOWN_GOOGLE_SELECTED,NOT_VERIFIED: URL Inspection/Google-selected canonical unavailable,Evidence and impact review required before destructive change
https://echobuddha.com/meditation/meditation-for-beginners/,https://echobuddha.com/meditation/meditation-for-beginners/,NOT_AVAILABLE,true,37,0,Page-row evidence attributed to https://echobuddha.com/meditation/meditation-for-beginners/,200,OWNER:https://echobuddha.com/meditation/ | ND-0087 | ND-0089 | ND-0091 | ND-0093 | ND-0142 | ND-0178 | ND-0201 | ND-0221 | TI-0006 | TI-0007 | TI-0008 | TI-0016 | TI-0017 | TI-0075 | TI-0076 | TI-0077 | TI-0103 | TI-0107 | TI-0109 | TI-0123 | TI-0189 | TI-0193 | TI-0195 | TI-0196,43,69,SEO_P3_LIMITED,CANONICAL_SELF_CONSISTENT | CANONICAL_UNKNOWN_GOOGLE_SELECTED,NOT_VERIFIED: URL Inspection/Google-selected canonical unavailable,Phase 4 may evaluate; user value still controls
https://echobuddha.com/meditation/meditation-posture-for-beginners/,https://echobuddha.com/meditation/meditation-posture-for-beginners/,NOT_AVAILABLE,true,3,0,Page-row evidence attributed to https://echobuddha.com/meditation/meditation-posture-for-beginners/,200,OWNER:https://echobuddha.com/meditation/ | ND-0092 | ND-0093 | ND-0096 | ND-0099 | ND-0174 | ND-0226 | ND-0228 | ND-0231 | TI-0006 | TI-0015 | TI-0018 | TI-0030 | TI-0031 | TI-0176 | TI-0183 | TI-0184 | TI-0194 | TI-0205 | TI-0206 | TI-0207 | TI-0335 | TI-0342 | TI-0347 | TI-0349,40,76,SEO_P2_EMERGING,CANONICAL_SELF_CONSISTENT | CANONICAL_UNKNOWN_GOOGLE_SELECTED,NOT_VERIFIED: URL Inspection/Google-selected canonical unavailable,Evidence and impact review required before destructive change
https://echobuddha.com/meditation/mindfulness-in-daily-life/,https://echobuddha.com/meditation/mindfulness-in-daily-life/,NOT_AVAILABLE,true,5,0,Page-row evidence attributed to https://echobuddha.com/meditation/mindfulness-in-daily-life/,200,OWNER:https://echobuddha.com/learn/buddhism-101/what-is-mindfulness/ | ND-0090 | ND-0091 | ND-0094 | ND-0096 | ND-0205 | ND-0222 | ND-0225 | ND-0227 | TI-0048 | TI-0050 | TI-0051 | TI-0108 | TI-0122 | TI-0200 | TI-0277 | TI-0359 | TI-0361 | TI-0362 | TI-0424 | TI-0433 | TI-0447 | TI-0456 | TI-0469 | TI-0474,43,70,SEO_P2_EMERGING,CANONICAL_SELF_CONSISTENT | CANONICAL_UNKNOWN_GOOGLE_SELECTED,NOT_VERIFIED: URL Inspection/Google-selected canonical unavailable,Evidence and impact review required before destructive change
https://echobuddha.com/meditation/walking-meditation/,https://echobuddha.com/meditation/walking-meditation/,NOT_AVAILABLE,true,5,0,NO_PAGE_ROW_IN_EXPORT,200,OWNER:https://echobuddha.com/meditation/walking-meditation/ | ND-0205 | ND-0213 | ND-0221 | ND-0230 | ND-0231 | ND-0236 | ND-0240 | ND-0244 | TI-0024 | TI-0034 | TI-0035 | TI-0074 | TI-0077 | TI-0084 | TI-0207 | TI-0217 | TI-0221 | TI-0235 | TI-0410 | TI-0445 | TI-0450 | TI-0479 | TI-0678 | TI-0896,26,84,SEO_P2_EMERGING,CANONICAL_SELF_CONSISTENT | CANONICAL_UNKNOWN_GOOGLE_SELECTED,NOT_VERIFIED: URL Inspection/Google-selected canonical unavailable,Evidence and impact review required before destructive change
https://echobuddha.com/meditation/when-meditation-feels-hard/,https://echobuddha.com/meditation/when-meditation-feels-hard/,NOT_AVAILABLE,true,2,0,Page-row evidence attributed to https://echobuddha.com/meditation/when-meditation-feels-hard/,200,OWNER:https://echobuddha.com/meditation/ | ND-0105 | ND-0174 | ND-0178 | ND-0218 | ND-0227 | ND-0234 | ND-0235 | ND-0244 | TI-0408 | TI-0409 | TI-0410 | TI-0463 | TI-0464 | TI-0626 | TI-0635 | TI-0638 | TI-0690 | TI-0714 | TI-0720 | TI-0726 | TI-0777 | TI-0839 | TI-1070 | TI-1176,25,81,SEO_P2_EMERGING,CANONICAL_SELF_CONSISTENT | CANONICAL_UNKNOWN_GOOGLE_SELECTED,NOT_VERIFIED: URL Inspection/Google-selected canonical unavailable,Evidence and impact review required before destructive change
https://echobuddha.com/meditation-guide/,https://echobuddha.com/meditation-guide/,NOT_AVAILABLE,true,14,0,Page-row evidence attributed to https://echobuddha.com/meditation-guide/,200,OWNER:https://echobuddha.com/meditation/ | TI-0005 | TI-0008 | TI-0014 | TI-0018 | TI-0029 | TI-0032 | TI-0105 | TI-0106 | TI-0178 | TI-0179 | TI-0180 | TI-0199 | TI-0233 | TI-0234 | TI-0235 | TI-0315 | TI-0316 | TI-0320 | TI-0324 | TI-0325 | TI-0353 | TI-0358 | TI-0475 | TI-0476,34,83,SEO_P2_EMERGING,CANONICAL_SELF_CONSISTENT | CANONICAL_UNKNOWN_GOOGLE_SELECTED,NOT_VERIFIED: URL Inspection/Google-selected canonical unavailable,Evidence and impact review required before destructive change
https://echobuddha.com/meditation-safety/,https://echobuddha.com/meditation-safety/,NOT_AVAILABLE,true,25,0,Page-row evidence attributed to https://echobuddha.com/meditation-safety/,200,OWNER:https://echobuddha.com/about/,1,NOT_APPLICABLE,SEO_P3_LIMITED,CANONICAL_SELF_CONSISTENT | CANONICAL_UNKNOWN_GOOGLE_SELECTED,NOT_VERIFIED: URL Inspection/Google-selected canonical unavailable,Phase 4 may evaluate; user value still controls
https://echobuddha.com/privacy-policy/,https://echobuddha.com/privacy-policy/,NOT_AVAILABLE,true,337,0,Page-row evidence attributed to https://echobuddha.com/privacy-policy/,200,OWNER:https://echobuddha.com/about/,1,NOT_APPLICABLE,SEO_P2_EMERGING,CANONICAL_SELF_CONSISTENT | CANONICAL_UNKNOWN_GOOGLE_SELECTED,NOT_VERIFIED: URL Inspection/Google-selected canonical unavailable,Evidence and impact review required before destructive change
https://echobuddha.com/quote-attribution-policy/,https://echobuddha.com/quote-attribution-policy/,NOT_AVAILABLE,true,170,0,Page-row evidence attributed to https://echobuddha.com/quote-attribution-policy/,200,OWNER:https://echobuddha.com/about/,1,NOT_APPLICABLE,SEO_P2_EMERGING,CANONICAL_SELF_CONSISTENT | CANONICAL_UNKNOWN_GOOGLE_SELECTED,NOT_VERIFIED: URL Inspection/Google-selected canonical unavailable,Evidence and impact review required before destructive change
https://echobuddha.com/quotes/awareness/acceptance-before-next-step/,https://echobuddha.com/quotes/awareness/acceptance-before-next-step/,NOT_AVAILABLE,true,2,0,NO_PAGE_ROW_IN_EXPORT,200,OWNER:https://echobuddha.com/quotes/ | ND-0009 | ND-0018 | ND-0039 | ND-0065 | ND-0103 | ND-0106 | ND-0112 | ND-0113 | ND-0117 | ND-0172 | ND-0564 | ND-0572 | ND-0578 | ND-0595 | ND-0604 | ND-0628 | ND-0629 | ND-0641 | ND-0668 | ND-0669 | ND-0675 | ND-0692 | ND-0699 | ND-0722,66,43,SEO_P3_LIMITED,CANONICAL_SELF_CONSISTENT | CANONICAL_UNKNOWN_GOOGLE_SELECTED,NOT_VERIFIED: URL Inspection/Google-selected canonical unavailable,Phase 4 may evaluate; user value still controls
https://echobuddha.com/quotes/awareness/feelings-without-the-wheel/,https://echobuddha.com/quotes/awareness/feelings-without-the-wheel/,NOT_AVAILABLE,true,2,0,Page-row evidence attributed to https://echobuddha.com/quotes/awareness/feelings-without-the-wheel/,200,OWNER:https://echobuddha.com/quotes/ | ND-0007 | ND-0009 | ND-0013 | ND-0052 | ND-0097 | ND-0098 | ND-0102 | ND-0104 | ND-0116 | ND-0147 | ND-0445 | ND-0483 | ND-0489 | ND-0497 | ND-0511 | ND-0521 | ND-0544 | ND-0545 | ND-0558 | ND-0576 | ND-0577 | ND-0583 | ND-0596 | ND-0603,66,43,SEO_P3_LIMITED,CANONICAL_SELF_CONSISTENT | CANONICAL_UNKNOWN_GOOGLE_SELECTED,NOT_VERIFIED: URL Inspection/Google-selected canonical unavailable,Phase 4 may evaluate; user value still controls
https://echobuddha.com/quotes/awareness/,https://echobuddha.com/quotes/awareness/,NOT_AVAILABLE,true,37,0,Page-row evidence attributed to https://echobuddha.com/quotes/awareness/,200,OWNER:https://echobuddha.com/quotes/,1,51,SEO_P1_HIGH,CANONICAL_SELF_CONSISTENT | CANONICAL_UNKNOWN_GOOGLE_SELECTED,NOT_VERIFIED: URL Inspection/Google-selected canonical unavailable,"NO SEO-R3/R4 CHANGE WITHOUT QUERY, BACKLINK, MAPPING, REDIRECT, AND MONITORING EVIDENCE"
https://echobuddha.com/quotes/awareness/one-breath-before-anger-replies/,https://echobuddha.com/quotes/awareness/one-breath-before-anger-replies/,NOT_AVAILABLE,true,2,0,NO_PAGE_ROW_IN_EXPORT,200,OWNER:https://echobuddha.com/quotes/ | ND-0004 | ND-0007 | ND-0018 | ND-0060 | ND-0100 | ND-0101 | ND-0108 | ND-0110 | ND-0128 | ND-0158 | ND-0250 | ND-0271 | ND-0288 | ND-0398 | ND-0458 | ND-0470 | ND-0471 | ND-0532 | ND-0567 | ND-0588 | ND-0597 | ND-0605 | ND-0616 | ND-0622,69,43,SEO_P3_LIMITED,CANONICAL_SELF_CONSISTENT | CANONICAL_UNKNOWN_GOOGLE_SELECTED,NOT_VERIFIED: URL Inspection/Google-selected canonical unavailable,Phase 4 may evaluate; user value still controls
https://echobuddha.com/quotes/awareness/thoughts-are-visitors/,https://echobuddha.com/quotes/awareness/thoughts-are-visitors/,NOT_AVAILABLE,true,2,0,Page-row evidence attributed to https://echobuddha.com/quotes/awareness/thoughts-are-visitors/,200,OWNER:https://echobuddha.com/quotes/ | ND-0004 | ND-0013 | ND-0039 | ND-0067 | ND-0109 | ND-0111 | ND-0114 | ND-0115 | ND-0145 | ND-0180 | ND-0365 | ND-0384 | ND-0457 | ND-0477 | ND-0501 | ND-0527 | ND-0543 | ND-0610 | ND-0646 | ND-0674 | ND-0683 | ND-0695 | ND-0710 | ND-0714,68,43,SEO_P3_LIMITED,CANONICAL_SELF_CONSISTENT | CANONICAL_UNKNOWN_GOOGLE_SELECTED,NOT_VERIFIED: URL Inspection/Google-selected canonical unavailable,Phase 4 may evaluate; user value still controls
https://echobuddha.com/quotes/awareness/thoughts-pass-without-commanding-you/,https://echobuddha.com/quotes/awareness/thoughts-pass-without-commanding-you/,NOT_AVAILABLE,true,2,0,NO_PAGE_ROW_IN_EXPORT,200,OWNER:https://echobuddha.com/quotes/ | ND-0052 | ND-0060 | ND-0065 | ND-0067 | ND-0119 | ND-0124 | ND-0125 | ND-0131 | ND-0195 | ND-0215 | ND-0763 | ND-0768 | ND-0792 | ND-0813 | ND-0814 | ND-0826 | ND-0842 | ND-0843 | ND-0849 | ND-0860 | ND-0864 | ND-0866 | ND-0872 | ND-0873,65,43,SEO_P3_LIMITED,CANONICAL_SELF_CONSISTENT | CANONICAL_UNKNOWN_GOOGLE_SELECTED,NOT_VERIFIED: URL Inspection/Google-selected canonical unavailable,Phase 4 may evaluate; user value still controls
https://echobuddha.com/quotes/compassion/compassion-sees-pain-clearly/,https://echobuddha.com/quotes/compassion/compassion-sees-pain-clearly/,NOT_AVAILABLE,true,2,0,NO_PAGE_ROW_IN_EXPORT,200,OWNER:https://echobuddha.com/quotes/ | ND-0063 | ND-0072 | ND-0074 | ND-0120 | ND-0132 | ND-0135 | ND-0140 | ND-0149 | ND-0154 | ND-0171 | ND-0175 | ND-0177 | ND-0185 | ND-0289 | ND-0291 | ND-0309 | ND-0317 | ND-0337 | ND-0360 | ND-0366 | ND-0385 | ND-0421 | ND-0435 | ND-0441,61,43,SEO_P3_LIMITED,CANONICAL_SELF_CONSISTENT | CANONICAL_UNKNOWN_GOOGLE_SELECTED,NOT_VERIFIED: URL Inspection/Google-selected canonical unavailable,Phase 4 may evaluate; user value still controls
https://echobuddha.com/quotes/compassion/gentle-self-compassion/,https://echobuddha.com/quotes/compassion/gentle-self-compassion/,NOT_AVAILABLE,true,2,0,NO_PAGE_ROW_IN_EXPORT,200,OWNER:https://echobuddha.com/quotes/ | ND-0063 | ND-0068 | ND-0070 | ND-0122 | ND-0129 | ND-0133 | ND-0136 | ND-0143 | ND-0148 | ND-0164 | ND-0169 | ND-0173 | ND-0179 | ND-0281 | ND-0284 | ND-0293 | ND-0298 | ND-0308 | ND-0321 | ND-0345 | ND-0370 | ND-0403 | ND-0415 | ND-0422,60,43,SEO_P3_LIMITED,CANONICAL_SELF_CONSISTENT | CANONICAL_UNKNOWN_GOOGLE_SELECTED,NOT_VERIFIED: URL Inspection/Google-selected canonical unavailable,Phase 4 may evaluate; user value still controls
https://echobuddha.com/quotes/compassion/,https://echobuddha.com/quotes/compassion/,NOT_AVAILABLE,true,36,0,Page-row evidence attributed to https://echobuddha.com/quotes/compassion/,200,OWNER:https://echobuddha.com/quotes/,1,51,SEO_P1_HIGH,CANONICAL_SELF_CONSISTENT | CANONICAL_UNKNOWN_GOOGLE_SELECTED,NOT_VERIFIED: URL Inspection/Google-selected canonical unavailable,"NO SEO-R3/R4 CHANGE WITHOUT QUERY, BACKLINK, MAPPING, REDIRECT, AND MONITORING EVIDENCE"
https://echobuddha.com/quotes/compassion/kindness-as-quiet-practice/,https://echobuddha.com/quotes/compassion/kindness-as-quiet-practice/,NOT_AVAILABLE,true,2,0,Page-row evidence attributed to https://echobuddha.com/quotes/compassion/kindness-as-quiet-practice/,200,OWNER:https://echobuddha.com/quotes/ | ND-0068 | ND-0072 | ND-0078 | ND-0127 | ND-0138 | ND-0146 | ND-0152 | ND-0159 | ND-0161 | ND-0181 | ND-0183 | ND-0190 | ND-0200 | ND-0313 | ND-0318 | ND-0338 | ND-0342 | ND-0361 | ND-0368 | ND-0386 | ND-0390 | ND-0414 | ND-0454 | ND-0472,72,43,SEO_P3_LIMITED,CANONICAL_SELF_CONSISTENT | CANONICAL_UNKNOWN_GOOGLE_SELECTED,NOT_VERIFIED: URL Inspection/Google-selected canonical unavailable,Phase 4 may evaluate; user value still controls
https://echobuddha.com/quotes/compassion/loving-kindness-without-harm/,https://echobuddha.com/quotes/compassion/loving-kindness-without-harm/,NOT_AVAILABLE,true,2,0,Page-row evidence attributed to https://echobuddha.com/quotes/compassion/loving-kindness-without-harm/,200,OWNER:https://echobuddha.com/quotes/ | ND-0070 | ND-0074 | ND-0078 | ND-0123 | ND-0144 | ND-0150 | ND-0155 | ND-0162 | ND-0168 | ND-0184 | ND-0191 | ND-0198 | ND-0202 | ND-0328 | ND-0330 | ND-0346 | ND-0353 | ND-0371 | ND-0399 | ND-0406 | ND-0432 | ND-0446 | ND-0468 | ND-0484,60,43,SEO_P3_LIMITED,CANONICAL_SELF_CONSISTENT | CANONICAL_UNKNOWN_GOOGLE_SELECTED,NOT_VERIFIED: URL Inspection/Google-selected canonical unavailable,Phase 4 may evaluate; user value still controls
https://echobuddha.com/quotes/impermanence/change-is-how-life-continues/,https://echobuddha.com/quotes/impermanence/change-is-how-life-continues/,NOT_AVAILABLE,true,2,0,Page-row evidence attributed to https://echobuddha.com/quotes/impermanence/change-is-how-life-continues/,200,OWNER:https://echobuddha.com/quotes/ | ND-0077 | ND-0141 | ND-0166 | ND-0176 | ND-0179 | ND-0185 | ND-0186 | ND-0192 | ND-0200 | ND-0202 | ND-0206 | ND-0207 | ND-0212 | ND-0377 | ND-0378 | ND-0397 | ND-0400 | ND-0407 | ND-0425 | ND-0456 | ND-0495 | ND-0498 | ND-0570 | ND-0571,48,44,SEO_P2_EMERGING,CANONICAL_SELF_CONSISTENT | CANONICAL_UNKNOWN_GOOGLE_SELECTED,NOT_VERIFIED: URL Inspection/Google-selected canonical unavailable,Evidence and impact review required before destructive change
https://echobuddha.com/quotes/impermanence/,https://echobuddha.com/quotes/impermanence/,NOT_AVAILABLE,true,33,0,Page-row evidence attributed to https://echobuddha.com/quotes/impermanence/,200,OWNER:https://echobuddha.com/quotes/,1,49,SEO_P2_EMERGING,CANONICAL_SELF_CONSISTENT | CANONICAL_UNKNOWN_GOOGLE_SELECTED,NOT_VERIFIED: URL Inspection/Google-selected canonical unavailable,Evidence and impact review required before destructive change
https://echobuddha.com/quotes/impermanence/meet-change-softly/,https://echobuddha.com/quotes/impermanence/meet-change-softly/,NOT_AVAILABLE,true,2,0,NO_PAGE_ROW_IN_EXPORT,200,OWNER:https://echobuddha.com/quotes/ | ND-0077 | ND-0095 | ND-0107 | ND-0118 | ND-0130 | ND-0133 | ND-0135 | ND-0139 | ND-0146 | ND-0150 | ND-0157 | ND-0160 | ND-0165 | ND-0248 | ND-0255 | ND-0258 | ND-0262 | ND-0271 | ND-0272 | ND-0276 | ND-0282 | ND-0286 | ND-0329 | ND-0333,53,43,SEO_P3_LIMITED,CANONICAL_SELF_CONSISTENT | CANONICAL_UNKNOWN_GOOGLE_SELECTED,NOT_VERIFIED: URL Inspection/Google-selected canonical unavailable,Phase 4 may evaluate; user value still controls
https://echobuddha.com/quotes/,https://echobuddha.com/quotes/,NOT_AVAILABLE,true,337,0,Page-row evidence attributed to https://echobuddha.com/quotes/,200,OWNER:https://echobuddha.com/quotes/,1,51,SEO_P1_HIGH,CANONICAL_SELF_CONSISTENT | CANONICAL_UNKNOWN_GOOGLE_SELECTED,NOT_VERIFIED: URL Inspection/Google-selected canonical unavailable,"NO SEO-R3/R4 CHANGE WITHOUT QUERY, BACKLINK, MAPPING, REDIRECT, AND MONITORING EVIDENCE"
https://echobuddha.com/quotes/letting-go/caring-without-clinging/,https://echobuddha.com/quotes/letting-go/caring-without-clinging/,NOT_AVAILABLE,true,2,0,Page-row evidence attributed to https://echobuddha.com/quotes/letting-go/caring-without-clinging/,200,OWNER:https://echobuddha.com/quotes/ | ND-0036 | ND-0054 | ND-0059 | ND-0062 | ND-0182 | ND-0193 | ND-0208 | ND-0210 | ND-0383 | ND-0388 | ND-0423 | ND-0460 | ND-0479 | ND-0480 | ND-0496 | ND-0502 | ND-0517 | ND-0518 | ND-0528 | ND-0540 | ND-0548 | ND-0562 | ND-0589 | ND-0590,55,43,SEO_P3_LIMITED,CANONICAL_SELF_CONSISTENT | CANONICAL_UNKNOWN_GOOGLE_SELECTED,NOT_VERIFIED: URL Inspection/Google-selected canonical unavailable,Phase 4 may evaluate; user value still controls
https://echobuddha.com/quotes/letting-go/forgiveness-without-approving-harm/,https://echobuddha.com/quotes/letting-go/forgiveness-without-approving-harm/,NOT_AVAILABLE,true,2,0,NO_PAGE_ROW_IN_EXPORT,200,OWNER:https://echobuddha.com/quotes/ | ND-0006 | ND-0026 | ND-0040 | ND-0062 | ND-0137 | ND-0170 | ND-0196 | ND-0199 | ND-0262 | ND-0264 | ND-0306 | ND-0339 | ND-0357 | ND-0363 | ND-0410 | ND-0433 | ND-0436 | ND-0446 | ND-0459 | ND-0473 | ND-0481 | ND-0490 | ND-0525 | ND-0537,55,43,SEO_P3_LIMITED,CANONICAL_SELF_CONSISTENT | CANONICAL_UNKNOWN_GOOGLE_SELECTED,NOT_VERIFIED: URL Inspection/Google-selected canonical unavailable,Phase 4 may evaluate; user value still controls
https://echobuddha.com/quotes/letting-go/,https://echobuddha.com/quotes/letting-go/,NOT_AVAILABLE,true,40,0,Page-row evidence attributed to https://echobuddha.com/quotes/letting-go/,200,OWNER:https://echobuddha.com/quotes/,1,52,SEO_P0_CRITICAL,CANONICAL_SELF_CONSISTENT | CANONICAL_UNKNOWN_GOOGLE_SELECTED,NOT_VERIFIED: URL Inspection/Google-selected canonical unavailable,"NO SEO-R3/R4 CHANGE WITHOUT QUERY, BACKLINK, MAPPING, REDIRECT, AND MONITORING EVIDENCE"
https://echobuddha.com/quotes/letting-go/open-hands-non-attachment/,https://echobuddha.com/quotes/letting-go/open-hands-non-attachment/,NOT_AVAILABLE,true,2,0,NO_PAGE_ROW_IN_EXPORT,200,OWNER:https://echobuddha.com/quotes/ | ND-0024 | ND-0040 | ND-0049 | ND-0059 | ND-0156 | ND-0163 | ND-0187 | ND-0189 | ND-0276 | ND-0314 | ND-0324 | ND-0349 | ND-0376 | ND-0391 | ND-0411 | ND-0415 | ND-0435 | ND-0437 | ND-0449 | ND-0464 | ND-0472 | ND-0484 | ND-0507 | ND-0519,54,43,SEO_P3_LIMITED,CANONICAL_SELF_CONSISTENT | CANONICAL_UNKNOWN_GOOGLE_SELECTED,NOT_VERIFIED: URL Inspection/Google-selected canonical unavailable,Phase 4 may evaluate; user value still controls
https://echobuddha.com/quotes/letting-go/soften-around-stress/,https://echobuddha.com/quotes/letting-go/soften-around-stress/,NOT_AVAILABLE,true,2,0,Page-row evidence attributed to https://echobuddha.com/quotes/letting-go/soften-around-stress/,200,OWNER:https://echobuddha.com/quotes/ | ND-0010 | ND-0026 | ND-0049 | ND-0054 | ND-0134 | ND-0167 | ND-0188 | ND-0194 | ND-0245 | ND-0258 | ND-0275 | ND-0294 | ND-0311 | ND-0331 | ND-0354 | ND-0384 | ND-0404 | ND-0416 | ND-0426 | ND-0443 | ND-0445 | ND-0467 | ND-0469 | ND-0470,55,43,SEO_P3_LIMITED,CANONICAL_SELF_CONSISTENT | CANONICAL_UNKNOWN_GOOGLE_SELECTED,NOT_VERIFIED: URL Inspection/Google-selected canonical unavailable,Phase 4 may evaluate; user value still controls
https://echobuddha.com/quotes/letting-go/where-attachment-begins/,https://echobuddha.com/quotes/letting-go/where-attachment-begins/,NOT_AVAILABLE,true,2,0,NO_PAGE_ROW_IN_EXPORT,200,OWNER:https://echobuddha.com/quotes/ | ND-0006 | ND-0010 | ND-0024 | ND-0036 | ND-0121 | ND-0126 | ND-0151 | ND-0153 | ND-0243 | ND-0252 | ND-0255 | ND-0261 | ND-0269 | ND-0273 | ND-0297 | ND-0299 | ND-0315 | ND-0321 | ND-0337 | ND-0355 | ND-0361 | ND-0371 | ND-0392 | ND-0408,55,43,SEO_P3_LIMITED,CANONICAL_SELF_CONSISTENT | CANONICAL_UNKNOWN_GOOGLE_SELECTED,NOT_VERIFIED: URL Inspection/Google-selected canonical unavailable,Phase 4 may evaluate; user value still controls
https://echobuddha.com/quotes/meditation/few-quiet-minutes/,https://echobuddha.com/quotes/meditation/few-quiet-minutes/,NOT_AVAILABLE,true,2,0,NO_PAGE_ROW_IN_EXPORT,200,OWNER:https://echobuddha.com/quotes/ | ND-0082 | ND-0085 | ND-0637 | ND-0642 | ND-0649 | ND-0650 | ND-0677 | ND-0687 | ND-0688 | ND-0726 | ND-0731 | ND-0750 | ND-0755 | ND-0766 | ND-0771 | ND-0773 | ND-0782 | ND-0789 | ND-0791 | ND-0793 | ND-0802 | ND-0805 | ND-0817 | ND-0828,55,43,SEO_P3_LIMITED,CANONICAL_SELF_CONSISTENT | CANONICAL_UNKNOWN_GOOGLE_SELECTED,NOT_VERIFIED: URL Inspection/Google-selected canonical unavailable,Phase 4 may evaluate; user value still controls
https://echobuddha.com/quotes/meditation/,https://echobuddha.com/quotes/meditation/,NOT_AVAILABLE,true,38,0,Page-row evidence attributed to https://echobuddha.com/quotes/meditation/,200,OWNER:https://echobuddha.com/quotes/,1,50,SEO_P1_HIGH,CANONICAL_SELF_CONSISTENT | CANONICAL_UNKNOWN_GOOGLE_SELECTED,NOT_VERIFIED: URL Inspection/Google-selected canonical unavailable,"NO SEO-R3/R4 CHANGE WITHOUT QUERY, BACKLINK, MAPPING, REDIRECT, AND MONITORING EVIDENCE"
https://echobuddha.com/quotes/meditation/meditation-is-returning/,https://echobuddha.com/quotes/meditation/meditation-is-returning/,NOT_AVAILABLE,true,2,0,NO_PAGE_ROW_IN_EXPORT,200,OWNER:https://echobuddha.com/quotes/ | ND-0082 | ND-0084 | ND-0524 | ND-0547 | ND-0553 | ND-0556 | ND-0557 | ND-0587 | ND-0626 | ND-0648 | ND-0651 | ND-0655 | ND-0658 | ND-0672 | ND-0678 | ND-0680 | ND-0681 | ND-0691 | ND-0698 | ND-0701 | ND-0705 | ND-0707 | ND-0717 | ND-0741,69,43,SEO_P3_LIMITED,CANONICAL_SELF_CONSISTENT | CANONICAL_UNKNOWN_GOOGLE_SELECTED,NOT_VERIFIED: URL Inspection/Google-selected canonical unavailable,Phase 4 may evaluate; user value still controls
https://echobuddha.com/quotes/meditation/one-honest-breath/,https://echobuddha.com/quotes/meditation/one-honest-breath/,NOT_AVAILABLE,true,3,0,NO_PAGE_ROW_IN_EXPORT,200,OWNER:https://echobuddha.com/quotes/ | ND-0084 | ND-0085 | ND-0711 | ND-0718 | ND-0720 | ND-0721 | ND-0745 | ND-0753 | ND-0785 | ND-0801 | ND-0803 | ND-0806 | ND-0816 | ND-0818 | ND-0821 | ND-0824 | ND-0830 | ND-0833 | ND-0834 | ND-0835 | ND-0840 | ND-0846 | ND-0847 | ND-0850,63,43,SEO_P3_LIMITED,CANONICAL_SELF_CONSISTENT | CANONICAL_UNKNOWN_GOOGLE_SELECTED,NOT_VERIFIED: URL Inspection/Google-selected canonical unavailable,Phase 4 may evaluate; user value still controls
https://echobuddha.com/quotes/mindfulness/begin-the-day-with-awareness/,https://echobuddha.com/quotes/mindfulness/begin-the-day-with-awareness/,NOT_AVAILABLE,true,2,0,Page-row evidence attributed to https://echobuddha.com/quotes/mindfulness/begin-the-day-with-awareness/,200,OWNER:https://echobuddha.com/quotes/ | ND-0075 | ND-0080 | ND-0081 | ND-0083 | ND-0086 | ND-0147 | ND-0158 | ND-0172 | ND-0180 | ND-0215 | ND-0729 | ND-0795 | ND-0851 | ND-0855 | ND-0856 | ND-0863 | ND-0885 | ND-0889 | ND-0906 | ND-0907 | ND-0915 | ND-0918 | ND-0921 | ND-0928,63,45,SEO_P3_LIMITED,CANONICAL_SELF_CONSISTENT | CANONICAL_UNKNOWN_GOOGLE_SELECTED,NOT_VERIFIED: URL Inspection/Google-selected canonical unavailable,Phase 4 may evaluate; user value still controls
https://echobuddha.com/quotes/mindfulness/gratitude-notices-enough/,https://echobuddha.com/quotes/mindfulness/gratitude-notices-enough/,NOT_AVAILABLE,true,2,0,NO_PAGE_ROW_IN_EXPORT,200,OWNER:https://echobuddha.com/quotes/ | ND-0019 | ND-0031 | ND-0035 | ND-0069 | ND-0080 | ND-0097 | ND-0100 | ND-0103 | ND-0109 | ND-0119 | ND-0420 | ND-0430 | ND-0452 | ND-0485 | ND-0486 | ND-0499 | ND-0514 | ND-0515 | ND-0522 | ND-0534 | ND-0542 | ND-0546 | ND-0559 | ND-0561,66,43,SEO_P3_LIMITED,CANONICAL_SELF_CONSISTENT | CANONICAL_UNKNOWN_GOOGLE_SELECTED,NOT_VERIFIED: URL Inspection/Google-selected canonical unavailable,Phase 4 may evaluate; user value still controls
https://echobuddha.com/quotes/mindfulness/ground-yourself-gently/,https://echobuddha.com/quotes/mindfulness/ground-yourself-gently/,NOT_AVAILABLE,true,2,0,Page-row evidence attributed to https://echobuddha.com/quotes/mindfulness/ground-yourself-gently/,200,OWNER:https://echobuddha.com/quotes/ | ND-0031 | ND-0043 | ND-0050 | ND-0075 | ND-0079 | ND-0104 | ND-0110 | ND-0113 | ND-0115 | ND-0131 | ND-0448 | ND-0461 | ND-0509 | ND-0535 | ND-0568 | ND-0580 | ND-0598 | ND-0600 | ND-0608 | ND-0619 | ND-0623 | ND-0631 | ND-0647 | ND-0653,67,43,SEO_P3_LIMITED,CANONICAL_SELF_CONSISTENT | CANONICAL_UNKNOWN_GOOGLE_SELECTED,NOT_VERIFIED: URL Inspection/Google-selected canonical unavailable,Phase 4 may evaluate; user value still controls
https://echobuddha.com/quotes/mindfulness/,https://echobuddha.com/quotes/mindfulness/,NOT_AVAILABLE,true,42,0,Page-row evidence attributed to https://echobuddha.com/quotes/mindfulness/,200,OWNER:https://echobuddha.com/quotes/,1,52,SEO_P1_HIGH,CANONICAL_SELF_CONSISTENT | CANONICAL_UNKNOWN_GOOGLE_SELECTED,NOT_VERIFIED: URL Inspection/Google-selected canonical unavailable,"NO SEO-R3/R4 CHANGE WITHOUT QUERY, BACKLINK, MAPPING, REDIRECT, AND MONITORING EVIDENCE"
https://echobuddha.com/quotes/mindfulness/listen-before-answering/,https://echobuddha.com/quotes/mindfulness/listen-before-answering/,NOT_AVAILABLE,true,2,0,Page-row evidence attributed to https://echobuddha.com/quotes/mindfulness/listen-before-answering/,200,OWNER:https://echobuddha.com/quotes/ | ND-0035 | ND-0038 | ND-0050 | ND-0076 | ND-0083 | ND-0102 | ND-0108 | ND-0112 | ND-0114 | ND-0125 | ND-0493 | ND-0500 | ND-0523 | ND-0552 | ND-0554 | ND-0569 | ND-0584 | ND-0585 | ND-0592 | ND-0609 | ND-0611 | ND-0615 | ND-0632 | ND-0634,48,43,SEO_P3_LIMITED,CANONICAL_SELF_CONSISTENT | CANONICAL_UNKNOWN_GOOGLE_SELECTED,NOT_VERIFIED: URL Inspection/Google-selected canonical unavailable,Phase 4 may evaluate; user value still controls
https://echobuddha.com/quotes/mindfulness/peace-begins-with-attention/,https://echobuddha.com/quotes/mindfulness/peace-begins-with-attention/,NOT_AVAILABLE,true,2,0,NO_PAGE_ROW_IN_EXPORT,200,OWNER:https://echobuddha.com/quotes/ | ND-0069 | ND-0073 | ND-0076 | ND-0079 | ND-0086 | ND-0116 | ND-0117 | ND-0128 | ND-0145 | ND-0195 | ND-0712 | ND-0735 | ND-0756 | ND-0762 | ND-0794 | ND-0811 | ND-0812 | ND-0823 | ND-0838 | ND-0839 | ND-0845 | ND-0859 | ND-0861 | ND-0870,67,43,SEO_P3_LIMITED,CANONICAL_SELF_CONSISTENT | CANONICAL_UNKNOWN_GOOGLE_SELECTED,NOT_VERIFIED: URL Inspection/Google-selected canonical unavailable,Phase 4 may evaluate; user value still controls
https://echobuddha.com/quotes/mindfulness/present-moment-one-step/,https://echobuddha.com/quotes/mindfulness/present-moment-one-step/,NOT_AVAILABLE,true,3,0,NO_PAGE_ROW_IN_EXPORT,200,OWNER:https://echobuddha.com/quotes/ | ND-0019 | ND-0038 | ND-0043 | ND-0073 | ND-0081 | ND-0098 | ND-0101 | ND-0106 | ND-0111 | ND-0124 | ND-0380 | ND-0427 | ND-0440 | ND-0444 | ND-0474 | ND-0505 | ND-0506 | ND-0516 | ND-0533 | ND-0536 | ND-0555 | ND-0560 | ND-0565 | ND-0579,66,43,SEO_P3_LIMITED,CANONICAL_SELF_CONSISTENT | CANONICAL_UNKNOWN_GOOGLE_SELECTED,NOT_VERIFIED: URL Inspection/Google-selected canonical unavailable,Phase 4 may evaluate; user value still controls
https://echobuddha.com/quotes/patience/family-kindness-and-patience/,https://echobuddha.com/quotes/patience/family-kindness-and-patience/,NOT_AVAILABLE,true,3,0,NO_PAGE_ROW_IN_EXPORT,200,OWNER:https://echobuddha.com/quotes/ | ND-0057 | ND-0197 | ND-0203 | ND-0211 | ND-0216 | ND-0319 | ND-0367 | ND-0368 | ND-0381 | ND-0387 | ND-0394 | ND-0413 | ND-0417 | ND-0422 | ND-0441 | ND-0442 | ND-0455 | ND-0462 | ND-0482 | ND-0487 | ND-0508 | ND-0520 | ND-0529 | ND-0531,60,43,SEO_P3_LIMITED,CANONICAL_SELF_CONSISTENT | CANONICAL_UNKNOWN_GOOGLE_SELECTED,NOT_VERIFIED: URL Inspection/Google-selected canonical unavailable,Phase 4 may evaluate; user value still controls
https://echobuddha.com/quotes/patience/,https://echobuddha.com/quotes/patience/,NOT_AVAILABLE,true,31,0,Page-row evidence attributed to https://echobuddha.com/quotes/patience/,200,OWNER:https://echobuddha.com/quotes/,1,52,SEO_P1_HIGH,CANONICAL_SELF_CONSISTENT | CANONICAL_UNKNOWN_GOOGLE_SELECTED,NOT_VERIFIED: URL Inspection/Google-selected canonical unavailable,"NO SEO-R3/R4 CHANGE WITHOUT QUERY, BACKLINK, MAPPING, REDIRECT, AND MONITORING EVIDENCE"
https://echobuddha.com/quotes/patience/patience-softens-the-wait/,https://echobuddha.com/quotes/patience/patience-softens-the-wait/,NOT_AVAILABLE,true,2,0,NO_PAGE_ROW_IN_EXPORT,200,OWNER:https://echobuddha.com/quotes/ | ND-0057 | ND-0204 | ND-0209 | ND-0214 | ND-0217 | ND-0343 | ND-0375 | ND-0393 | ND-0409 | ND-0419 | ND-0447 | ND-0450 | ND-0453 | ND-0463 | ND-0467 | ND-0475 | ND-0476 | ND-0488 | ND-0492 | ND-0503 | ND-0512 | ND-0541 | ND-0551 | ND-0563,44,43,SEO_P3_LIMITED,CANONICAL_SELF_CONSISTENT | CANONICAL_UNKNOWN_GOOGLE_SELECTED,NOT_VERIFIED: URL Inspection/Google-selected canonical unavailable,Phase 4 may evaluate; user value still controls
https://echobuddha.com/quotes/practice/eightfold-path-daily-choices/,https://echobuddha.com/quotes/practice/eightfold-path-daily-choices/,NOT_AVAILABLE,true,3,0,Page-row evidence attributed to https://echobuddha.com/quotes/practice/eightfold-path-daily-choices/,200,OWNER:https://echobuddha.com/quotes/ | ND-0022 | ND-0025 | ND-0033 | ND-0211 | ND-0214 | ND-0267 | ND-0295 | ND-0297 | ND-0304 | ND-0310 | ND-0316 | ND-0329 | ND-0340 | ND-0345 | ND-0354 | ND-0360 | ND-0362 | ND-0372 | ND-0374 | ND-0377 | ND-0386 | ND-0391 | ND-0399 | ND-0410,54,43,SEO_P3_LIMITED,CANONICAL_SELF_CONSISTENT | CANONICAL_UNKNOWN_GOOGLE_SELECTED,NOT_VERIFIED: URL Inspection/Google-selected canonical unavailable,Phase 4 may evaluate; user value still controls
https://echobuddha.com/quotes/practice/,https://echobuddha.com/quotes/practice/,NOT_AVAILABLE,true,50,0,Page-row evidence attributed to https://echobuddha.com/quotes/practice/,200,OWNER:https://echobuddha.com/quotes/,1,50,SEO_P1_HIGH,CANONICAL_SELF_CONSISTENT | CANONICAL_UNKNOWN_GOOGLE_SELECTED,NOT_VERIFIED: URL Inspection/Google-selected canonical unavailable,"NO SEO-R3/R4 CHANGE WITHOUT QUERY, BACKLINK, MAPPING, REDIRECT, AND MONITORING EVIDENCE"
https://echobuddha.com/quotes/practice/mindfulness-at-work-breath/,https://echobuddha.com/quotes/practice/mindfulness-at-work-breath/,NOT_AVAILABLE,true,3,0,NO_PAGE_ROW_IN_EXPORT,200,OWNER:https://echobuddha.com/quotes/ | ND-0022 | ND-0027 | ND-0030 | ND-0197 | ND-0204 | ND-0251 | ND-0259 | ND-0261 | ND-0263 | ND-0268 | ND-0272 | ND-0279 | ND-0284 | ND-0291 | ND-0292 | ND-0300 | ND-0305 | ND-0318 | ND-0323 | ND-0324 | ND-0330 | ND-0331 | ND-0339 | ND-0350,66,43,SEO_P3_LIMITED,CANONICAL_SELF_CONSISTENT | CANONICAL_UNKNOWN_GOOGLE_SELECTED,NOT_VERIFIED: URL Inspection/Google-selected canonical unavailable,Phase 4 may evaluate; user value still controls
https://echobuddha.com/quotes/practice/right-intention-turns-the-heart/,https://echobuddha.com/quotes/practice/right-intention-turns-the-heart/,NOT_AVAILABLE,true,5,0,NO_PAGE_ROW_IN_EXPORT,200,OWNER:https://echobuddha.com/quotes/ | ND-0025 | ND-0027 | ND-0045 | ND-0203 | ND-0209 | ND-0249 | ND-0253 | ND-0270 | ND-0273 | ND-0277 | ND-0283 | ND-0286 | ND-0296 | ND-0298 | ND-0311 | ND-0317 | ND-0320 | ND-0332 | ND-0334 | ND-0342 | ND-0348 | ND-0349 | ND-0353 | ND-0363,43,43,SEO_P3_LIMITED,CANONICAL_SELF_CONSISTENT | CANONICAL_UNKNOWN_GOOGLE_SELECTED,NOT_VERIFIED: URL Inspection/Google-selected canonical unavailable,Phase 4 may evaluate; user value still controls
https://echobuddha.com/quotes/practice/small-actions-shape-the-mind/,https://echobuddha.com/quotes/practice/small-actions-shape-the-mind/,NOT_AVAILABLE,true,5,0,Page-row evidence attributed to https://echobuddha.com/quotes/practice/small-actions-shape-the-mind/,200,OWNER:https://echobuddha.com/quotes/ | ND-0030 | ND-0033 | ND-0045 | ND-0216 | ND-0217 | ND-0287 | ND-0301 | ND-0351 | ND-0355 | ND-0364 | ND-0379 | ND-0396 | ND-0403 | ND-0421 | ND-0424 | ND-0434 | ND-0439 | ND-0454 | ND-0464 | ND-0466 | ND-0468 | ND-0469 | ND-0481 | ND-0494,46,43,SEO_P3_LIMITED,CANONICAL_SELF_CONSISTENT | CANONICAL_UNKNOWN_GOOGLE_SELECTED,NOT_VERIFIED: URL Inspection/Google-selected canonical unavailable,Phase 4 may evaluate; user value still controls
https://echobuddha.com/quotes/renewal/begin-again-without-shame/,https://echobuddha.com/quotes/renewal/begin-again-without-shame/,NOT_AVAILABLE,true,2,0,NO_PAGE_ROW_IN_EXPORT,200,OWNER:https://echobuddha.com/quotes/ | ND-0051 | ND-0064 | ND-0066 | ND-0126 | ND-0163 | ND-0167 | ND-0170 | ND-0193 | ND-0246 | ND-0256 | ND-0265 | ND-0268 | ND-0278 | ND-0282 | ND-0283 | ND-0285 | ND-0287 | ND-0293 | ND-0309 | ND-0316 | ND-0325 | ND-0335 | ND-0338 | ND-0344,66,43,SEO_P3_LIMITED,CANONICAL_SELF_CONSISTENT | CANONICAL_UNKNOWN_GOOGLE_SELECTED,NOT_VERIFIED: URL Inspection/Google-selected canonical unavailable,Phase 4 may evaluate; user value still controls
https://echobuddha.com/quotes/renewal/evening-release-reflection/,https://echobuddha.com/quotes/renewal/evening-release-reflection/,NOT_AVAILABLE,true,2,0,NO_PAGE_ROW_IN_EXPORT,200,OWNER:https://echobuddha.com/quotes/ | ND-0056 | ND-0064 | ND-0071 | ND-0153 | ND-0189 | ND-0194 | ND-0199 | ND-0210 | ND-0260 | ND-0290 | ND-0304 | ND-0322 | ND-0323 | ND-0341 | ND-0347 | ND-0348 | ND-0352 | ND-0370 | ND-0385 | ND-0401 | ND-0407 | ND-0412 | ND-0414 | ND-0429,54,43,SEO_P3_LIMITED,CANONICAL_SELF_CONSISTENT | CANONICAL_UNKNOWN_GOOGLE_SELECTED,NOT_VERIFIED: URL Inspection/Google-selected canonical unavailable,Phase 4 may evaluate; user value still controls
https://echobuddha.com/quotes/renewal/gentle-hope-keeps-walking/,https://echobuddha.com/quotes/renewal/gentle-hope-keeps-walking/,NOT_AVAILABLE,true,2,0,NO_PAGE_ROW_IN_EXPORT,200,OWNER:https://echobuddha.com/quotes/ | ND-0051 | ND-0056 | ND-0061 | ND-0121 | ND-0134 | ND-0137 | ND-0156 | ND-0182 | ND-0241 | ND-0242 | ND-0247 | ND-0248 | ND-0257 | ND-0259 | ND-0270 | ND-0274 | ND-0281 | ND-0289 | ND-0295 | ND-0302 | ND-0312 | ND-0313 | ND-0326 | ND-0328,49,50,SEO_P3_LIMITED,CANONICAL_SELF_CONSISTENT | CANONICAL_UNKNOWN_GOOGLE_SELECTED,NOT_VERIFIED: URL Inspection/Google-selected canonical unavailable,Phase 4 may evaluate; user value still controls
https://echobuddha.com/quotes/renewal/,https://echobuddha.com/quotes/renewal/,NOT_AVAILABLE,true,29,0,Page-row evidence attributed to https://echobuddha.com/quotes/renewal/,200,OWNER:https://echobuddha.com/quotes/,1,49,SEO_P2_EMERGING,CANONICAL_SELF_CONSISTENT | CANONICAL_UNKNOWN_GOOGLE_SELECTED,NOT_VERIFIED: URL Inspection/Google-selected canonical unavailable,Evidence and impact review required before destructive change
https://echobuddha.com/quotes/renewal/one-calm-morning-intention/,https://echobuddha.com/quotes/renewal/one-calm-morning-intention/,NOT_AVAILABLE,true,2,0,NO_PAGE_ROW_IN_EXPORT,200,OWNER:https://echobuddha.com/quotes/ | ND-0061 | ND-0066 | ND-0071 | ND-0151 | ND-0187 | ND-0188 | ND-0196 | ND-0208 | ND-0254 | ND-0280 | ND-0303 | ND-0305 | ND-0308 | ND-0327 | ND-0333 | ND-0334 | ND-0336 | ND-0366 | ND-0374 | ND-0380 | ND-0382 | ND-0389 | ND-0390 | ND-0405,43,50,SEO_P3_LIMITED,CANONICAL_SELF_CONSISTENT | CANONICAL_UNKNOWN_GOOGLE_SELECTED,NOT_VERIFIED: URL Inspection/Google-selected canonical unavailable,Phase 4 may evaluate; user value still controls
https://echobuddha.com/quotes/wisdom/contentment-with-what-is-here/,https://echobuddha.com/quotes/wisdom/contentment-with-what-is-here/,NOT_AVAILABLE,true,2,0,NO_PAGE_ROW_IN_EXPORT,200,OWNER:https://echobuddha.com/quotes/ | ND-0012 | ND-0016 | ND-0021 | ND-0037 | ND-0041 | ND-0053 | ND-0055 | ND-0157 | ND-0164 | ND-0171 | ND-0181 | ND-0184 | ND-0206 | ND-0302 | ND-0325 | ND-0350 | ND-0373 | ND-0382 | ND-0392 | ND-0401 | ND-0428 | ND-0494 | ND-0507 | ND-0508,45,43,SEO_P3_LIMITED,CANONICAL_SELF_CONSISTENT | CANONICAL_UNKNOWN_GOOGLE_SELECTED,NOT_VERIFIED: URL Inspection/Google-selected canonical unavailable,Phase 4 may evaluate; user value still controls
https://echobuddha.com/quotes/wisdom/difficult-people-and-boundaries/,https://echobuddha.com/quotes/wisdom/difficult-people-and-boundaries/,NOT_AVAILABLE,true,2,0,NO_PAGE_ROW_IN_EXPORT,200,OWNER:https://echobuddha.com/quotes/ | ND-0001 | ND-0002 | ND-0003 | ND-0005 | ND-0012 | ND-0014 | ND-0017 | ND-0095 | ND-0120 | ND-0122 | ND-0123 | ND-0127 | ND-0141 | ND-0241 | ND-0243 | ND-0245 | ND-0246 | ND-0250 | ND-0251 | ND-0253 | ND-0254 | ND-0260 | ND-0264 | ND-0267,47,47,SEO_P3_LIMITED,CANONICAL_SELF_CONSISTENT | CANONICAL_UNKNOWN_GOOGLE_SELECTED,NOT_VERIFIED: URL Inspection/Google-selected canonical unavailable,Phase 4 may evaluate; user value still controls
https://echobuddha.com/quotes/wisdom/,https://echobuddha.com/quotes/wisdom/,NOT_AVAILABLE,true,66,0,Page-row evidence attributed to https://echobuddha.com/quotes/wisdom/,200,OWNER:https://echobuddha.com/quotes/,1,50,SEO_P2_EMERGING,CANONICAL_SELF_CONSISTENT | CANONICAL_UNKNOWN_GOOGLE_SELECTED,NOT_VERIFIED: URL Inspection/Google-selected canonical unavailable,Evidence and impact review required before destructive change
https://echobuddha.com/quotes/wisdom/karma-begins-in-intention/,https://echobuddha.com/quotes/wisdom/karma-begins-in-intention/,NOT_AVAILABLE,true,3,0,Page-row evidence attributed to https://echobuddha.com/quotes/wisdom/karma-begins-in-intention/,200,OWNER:https://echobuddha.com/quotes/ | ND-0003 | ND-0011 | ND-0020 | ND-0023 | ND-0032 | ND-0037 | ND-0042 | ND-0130 | ND-0136 | ND-0140 | ND-0152 | ND-0155 | ND-0176 | ND-0257 | ND-0265 | ND-0279 | ND-0296 | ND-0303 | ND-0315 | ND-0322 | ND-0340 | ND-0396 | ND-0411 | ND-0413,47,44,SEO_P2_EMERGING,CANONICAL_SELF_CONSISTENT | CANONICAL_UNKNOWN_GOOGLE_SELECTED,NOT_VERIFIED: URL Inspection/Google-selected canonical unavailable,Evidence and impact review required before destructive change
https://echobuddha.com/quotes/wisdom/right-speech-with-kindness/,https://echobuddha.com/quotes/wisdom/right-speech-with-kindness/,NOT_AVAILABLE,true,3,0,NO_PAGE_ROW_IN_EXPORT,200,OWNER:https://echobuddha.com/quotes/ | ND-0014 | ND-0029 | ND-0032 | ND-0044 | ND-0046 | ND-0053 | ND-0058 | ND-0160 | ND-0169 | ND-0175 | ND-0183 | ND-0191 | ND-0207 | ND-0249 | ND-0312 | ND-0335 | ND-0358 | ND-0389 | ND-0408 | ND-0412 | ND-0438 | ND-0504 | ND-0519 | ND-0520,61,43,SEO_P3_LIMITED,CANONICAL_SELF_CONSISTENT | CANONICAL_UNKNOWN_GOOGLE_SELECTED,NOT_VERIFIED: URL Inspection/Google-selected canonical unavailable,Phase 4 may evaluate; user value still controls
https://echobuddha.com/quotes/wisdom/simplicity-clears-the-room/,https://echobuddha.com/quotes/wisdom/simplicity-clears-the-room/,NOT_AVAILABLE,true,2,0,NO_PAGE_ROW_IN_EXPORT,200,OWNER:https://echobuddha.com/quotes/ | ND-0017 | ND-0034 | ND-0042 | ND-0047 | ND-0048 | ND-0055 | ND-0058 | ND-0165 | ND-0173 | ND-0177 | ND-0190 | ND-0198 | ND-0212 | ND-0326 | ND-0344 | ND-0369 | ND-0395 | ND-0405 | ND-0418 | ND-0429 | ND-0451 | ND-0513 | ND-0530 | ND-0531,43,43,SEO_P3_LIMITED,CANONICAL_SELF_CONSISTENT | CANONICAL_UNKNOWN_GOOGLE_SELECTED,NOT_VERIFIED: URL Inspection/Google-selected canonical unavailable,Phase 4 may evaluate; user value still controls
https://echobuddha.com/quotes/wisdom/understanding-suffering-honestly/,https://echobuddha.com/quotes/wisdom/understanding-suffering-honestly/,NOT_AVAILABLE,true,2,0,NO_PAGE_ROW_IN_EXPORT,200,OWNER:https://echobuddha.com/quotes/ | ND-0005 | ND-0015 | ND-0021 | ND-0023 | ND-0028 | ND-0046 | ND-0048 | ND-0139 | ND-0148 | ND-0154 | ND-0161 | ND-0168 | ND-0192 | ND-0274 | ND-0285 | ND-0299 | ND-0300 | ND-0332 | ND-0336 | ND-0352 | ND-0372 | ND-0404 | ND-0434 | ND-0449,48,43,SEO_P3_LIMITED,CANONICAL_SELF_CONSISTENT | CANONICAL_UNKNOWN_GOOGLE_SELECTED,NOT_VERIFIED: URL Inspection/Google-selected canonical unavailable,Phase 4 may evaluate; user value still controls
https://echobuddha.com/quotes/wisdom/wisdom-sees-clearly/,https://echobuddha.com/quotes/wisdom/wisdom-sees-clearly/,NOT_AVAILABLE,true,2,0,Page-row evidence attributed to https://echobuddha.com/quotes/wisdom/wisdom-sees-clearly/,200,OWNER:https://echobuddha.com/quotes/ | ND-0002 | ND-0008 | ND-0011 | ND-0015 | ND-0016 | ND-0029 | ND-0034 | ND-0118 | ND-0129 | ND-0132 | ND-0138 | ND-0144 | ND-0166 | ND-0242 | ND-0252 | ND-0256 | ND-0263 | ND-0277 | ND-0280 | ND-0290 | ND-0294 | ND-0306 | ND-0310 | ND-0364,47,43,SEO_P3_LIMITED,CANONICAL_SELF_CONSISTENT | CANONICAL_UNKNOWN_GOOGLE_SELECTED,NOT_VERIFIED: URL Inspection/Google-selected canonical unavailable,Phase 4 may evaluate; user value still controls
https://echobuddha.com/quotes/wisdom/wise-silence/,https://echobuddha.com/quotes/wisdom/wise-silence/,NOT_AVAILABLE,true,3,0,Page-row evidence attributed to https://echobuddha.com/quotes/wisdom/wise-silence/,200,OWNER:https://echobuddha.com/quotes/ | ND-0001 | ND-0008 | ND-0020 | ND-0028 | ND-0041 | ND-0044 | ND-0047 | ND-0107 | ND-0143 | ND-0149 | ND-0159 | ND-0162 | ND-0186 | ND-0247 | ND-0269 | ND-0275 | ND-0278 | ND-0288 | ND-0292 | ND-0320 | ND-0327 | ND-0341 | ND-0357 | ND-0362,52,40,SEO_P3_LIMITED,CANONICAL_SELF_CONSISTENT | CANONICAL_UNKNOWN_GOOGLE_SELECTED,NOT_VERIFIED: URL Inspection/Google-selected canonical unavailable,Phase 4 may evaluate; user value still controls
https://echobuddha.com/start-here/,https://echobuddha.com/start-here/,NOT_AVAILABLE,true,337,0,NO_PAGE_ROW_IN_EXPORT,200,TI-0790 | TI-1000 | TI-1003 | TI-1206 | TI-1228 | TI-1229,6,76,SEO_P2_EMERGING,CANONICAL_SELF_CONSISTENT | CANONICAL_UNKNOWN_GOOGLE_SELECTED,NOT_VERIFIED: URL Inspection/Google-selected canonical unavailable,Evidence and impact review required before destructive change
https://echobuddha.com/terms-of-use/,https://echobuddha.com/terms-of-use/,NOT_AVAILABLE,true,337,0,Page-row evidence attributed to https://echobuddha.com/terms-of-use/,200,OWNER:https://echobuddha.com/about/,1,NOT_APPLICABLE,SEO_P2_EMERGING,CANONICAL_SELF_CONSISTENT | CANONICAL_UNKNOWN_GOOGLE_SELECTED,NOT_VERIFIED: URL Inspection/Google-selected canonical unavailable,Evidence and impact review required before destructive change
