URL,data_source,linking_domains,external_links,significant_referring_pages,anchor_text,destination_status,external_link_equity_present,protection_tier,evidence,required_future_check,confidence
https://echobuddha.com/404.html,Authenticated GSC Links UI/exports 2026-08-24 + URL Inspection referringUrls,NO_EXTERNAL_DOMAINS_OBSERVED_IN_CURRENT_FIRST_PARTY_SAMPLES,NO_EXTERNAL_ROWS_RETURNED; NOT_A_ZERO_BACKLINK_CLAIM,NO_EXTERNAL_REFERRERS_RETURNED,NOT_AVAILABLE_FROM_GSC_LINKS_OR_URL_INSPECTION,PAGE_FETCH_STATE_UNSPECIFIED,NOT_OBSERVED_IN_CURRENT_GSC_SAMPLES,SEO_UNKNOWN,"GSC_LINKS_REPORT_RETURNED_NO_USABLE_ROWS; URL Inspection referringUrls 0, external 0. No-row evidence is sampled and is not proof of zero backlinks.",RECHECK_DURING_PHASE_4_IF_DESTRUCTIVE_CHANGE_IS_PROPOSED,HIGH_THAT_CURRENT_FIRST_PARTY_REPORT_WAS_CHECKED; LIMITED_COVERAGE_OF_WEB_LINKS
https://echobuddha.com/about/,Authenticated GSC Links UI/exports 2026-08-24 + URL Inspection referringUrls,NO_EXTERNAL_DOMAINS_OBSERVED_IN_CURRENT_FIRST_PARTY_SAMPLES,NO_EXTERNAL_ROWS_RETURNED; NOT_A_ZERO_BACKLINK_CLAIM,NO_EXTERNAL_REFERRERS_RETURNED,NOT_AVAILABLE_FROM_GSC_LINKS_OR_URL_INSPECTION,SUCCESSFUL,NOT_OBSERVED_IN_CURRENT_GSC_SAMPLES,SEO_P1_HIGH,"GSC_LINKS_REPORT_RETURNED_NO_USABLE_ROWS; URL Inspection referringUrls 0, external 0. No-row evidence is sampled and is not proof of zero backlinks.",RECHECK_BEFORE_ANY_FUTURE_URL_MIGRATION,HIGH_THAT_CURRENT_FIRST_PARTY_REPORT_WAS_CHECKED; LIMITED_COVERAGE_OF_WEB_LINKS
https://echobuddha.com/articles/beginning-a-daily-mindfulness-practice/,Authenticated GSC Links UI/exports 2026-08-24 + URL Inspection referringUrls,NO_EXTERNAL_DOMAINS_OBSERVED_IN_CURRENT_FIRST_PARTY_SAMPLES,NO_EXTERNAL_ROWS_RETURNED; NOT_A_ZERO_BACKLINK_CLAIM,NO_EXTERNAL_REFERRERS_RETURNED,NOT_AVAILABLE_FROM_GSC_LINKS_OR_URL_INSPECTION,SUCCESSFUL,NOT_OBSERVED_IN_CURRENT_GSC_SAMPLES,SEO_P3_LIMITED,"GSC_LINKS_REPORT_RETURNED_NO_USABLE_ROWS; URL Inspection referringUrls 0, external 0. No-row evidence is sampled and is not proof of zero backlinks.",RECHECK_DURING_PHASE_4_IF_DESTRUCTIVE_CHANGE_IS_PROPOSED,HIGH_THAT_CURRENT_FIRST_PARTY_REPORT_WAS_CHECKED; LIMITED_COVERAGE_OF_WEB_LINKS
https://echobuddha.com/articles/buddhism-for-beginners-simple-guide/,Authenticated GSC Links UI/exports 2026-08-24 + URL Inspection referringUrls,NO_EXTERNAL_DOMAINS_OBSERVED_IN_CURRENT_FIRST_PARTY_SAMPLES,NO_EXTERNAL_ROWS_RETURNED; NOT_A_ZERO_BACKLINK_CLAIM,NO_EXTERNAL_REFERRERS_RETURNED,NOT_AVAILABLE_FROM_GSC_LINKS_OR_URL_INSPECTION,SUCCESSFUL,NOT_OBSERVED_IN_CURRENT_GSC_SAMPLES,SEO_P3_LIMITED,"GSC_LINKS_REPORT_RETURNED_NO_USABLE_ROWS; URL Inspection referringUrls 1, external 0. No-row evidence is sampled and is not proof of zero backlinks.",RECHECK_DURING_PHASE_4_IF_DESTRUCTIVE_CHANGE_IS_PROPOSED,HIGH_THAT_CURRENT_FIRST_PARTY_REPORT_WAS_CHECKED; LIMITED_COVERAGE_OF_WEB_LINKS
https://echobuddha.com/articles/buddhist-approach-to-anger/,Authenticated GSC Links UI/exports 2026-08-24 + URL Inspection referringUrls,NO_EXTERNAL_DOMAINS_OBSERVED_IN_CURRENT_FIRST_PARTY_SAMPLES,NO_EXTERNAL_ROWS_RETURNED; NOT_A_ZERO_BACKLINK_CLAIM,NO_EXTERNAL_REFERRERS_RETURNED,NOT_AVAILABLE_FROM_GSC_LINKS_OR_URL_INSPECTION,SUCCESSFUL,NOT_OBSERVED_IN_CURRENT_GSC_SAMPLES,SEO_P2_EMERGING,"GSC_LINKS_REPORT_RETURNED_NO_USABLE_ROWS; URL Inspection referringUrls 0, external 0. No-row evidence is sampled and is not proof of zero backlinks.",RECHECK_DURING_PHASE_4_IF_DESTRUCTIVE_CHANGE_IS_PROPOSED,HIGH_THAT_CURRENT_FIRST_PARTY_REPORT_WAS_CHECKED; LIMITED_COVERAGE_OF_WEB_LINKS
https://echobuddha.com/articles/buddhist-gratitude-practice/,Authenticated GSC Links UI/exports 2026-08-24 + URL Inspection referringUrls,NO_EXTERNAL_DOMAINS_OBSERVED_IN_CURRENT_FIRST_PARTY_SAMPLES,NO_EXTERNAL_ROWS_RETURNED; NOT_A_ZERO_BACKLINK_CLAIM,NO_EXTERNAL_REFERRERS_RETURNED,NOT_AVAILABLE_FROM_GSC_LINKS_OR_URL_INSPECTION,SUCCESSFUL,NOT_OBSERVED_IN_CURRENT_GSC_SAMPLES,SEO_P3_LIMITED,"GSC_LINKS_REPORT_RETURNED_NO_USABLE_ROWS; URL Inspection referringUrls 1, external 0. No-row evidence is sampled and is not proof of zero backlinks.",RECHECK_DURING_PHASE_4_IF_DESTRUCTIVE_CHANGE_IS_PROPOSED,HIGH_THAT_CURRENT_FIRST_PARTY_REPORT_WAS_CHECKED; LIMITED_COVERAGE_OF_WEB_LINKS
https://echobuddha.com/articles/buddhist-teachings-on-forgiveness/,Authenticated GSC Links UI/exports 2026-08-24 + URL Inspection referringUrls,NO_EXTERNAL_DOMAINS_OBSERVED_IN_CURRENT_FIRST_PARTY_SAMPLES,NO_EXTERNAL_ROWS_RETURNED; NOT_A_ZERO_BACKLINK_CLAIM,NO_EXTERNAL_REFERRERS_RETURNED,NOT_AVAILABLE_FROM_GSC_LINKS_OR_URL_INSPECTION,SUCCESSFUL,NOT_OBSERVED_IN_CURRENT_GSC_SAMPLES,SEO_P3_LIMITED,"GSC_LINKS_REPORT_RETURNED_NO_USABLE_ROWS; URL Inspection referringUrls 1, external 0. No-row evidence is sampled and is not proof of zero backlinks.",RECHECK_DURING_PHASE_4_IF_DESTRUCTIVE_CHANGE_IS_PROPOSED,HIGH_THAT_CURRENT_FIRST_PARTY_REPORT_WAS_CHECKED; LIMITED_COVERAGE_OF_WEB_LINKS
https://echobuddha.com/articles/buddhist-teachings-on-impermanence/,Authenticated GSC Links UI/exports 2026-08-24 + URL Inspection referringUrls,NO_EXTERNAL_DOMAINS_OBSERVED_IN_CURRENT_FIRST_PARTY_SAMPLES,NO_EXTERNAL_ROWS_RETURNED; NOT_A_ZERO_BACKLINK_CLAIM,NO_EXTERNAL_REFERRERS_RETURNED,NOT_AVAILABLE_FROM_GSC_LINKS_OR_URL_INSPECTION,SUCCESSFUL,NOT_OBSERVED_IN_CURRENT_GSC_SAMPLES,SEO_P3_LIMITED,"GSC_LINKS_REPORT_RETURNED_NO_USABLE_ROWS; URL Inspection referringUrls 0, external 0. No-row evidence is sampled and is not proof of zero backlinks.",RECHECK_DURING_PHASE_4_IF_DESTRUCTIVE_CHANGE_IS_PROPOSED,HIGH_THAT_CURRENT_FIRST_PARTY_REPORT_WAS_CHECKED; LIMITED_COVERAGE_OF_WEB_LINKS
https://echobuddha.com/articles/buddhist-wisdom-for-overthinking/,Authenticated GSC Links UI/exports 2026-08-24 + URL Inspection referringUrls,NO_EXTERNAL_DOMAINS_OBSERVED_IN_CURRENT_FIRST_PARTY_SAMPLES,NO_EXTERNAL_ROWS_RETURNED; NOT_A_ZERO_BACKLINK_CLAIM,NO_EXTERNAL_REFERRERS_RETURNED,NOT_AVAILABLE_FROM_GSC_LINKS_OR_URL_INSPECTION,SUCCESSFUL,NOT_OBSERVED_IN_CURRENT_GSC_SAMPLES,SEO_P1_HIGH,"GSC_LINKS_REPORT_RETURNED_NO_USABLE_ROWS; URL Inspection referringUrls 0, external 0. No-row evidence is sampled and is not proof of zero backlinks.",RECHECK_BEFORE_ANY_FUTURE_URL_MIGRATION,HIGH_THAT_CURRENT_FIRST_PARTY_REPORT_WAS_CHECKED; LIMITED_COVERAGE_OF_WEB_LINKS
https://echobuddha.com/articles/category/buddhist-wisdom/,Authenticated GSC Links UI/exports 2026-08-24 + URL Inspection referringUrls,NO_EXTERNAL_DOMAINS_OBSERVED_IN_CURRENT_FIRST_PARTY_SAMPLES,NO_EXTERNAL_ROWS_RETURNED; NOT_A_ZERO_BACKLINK_CLAIM,NO_EXTERNAL_REFERRERS_RETURNED,NOT_AVAILABLE_FROM_GSC_LINKS_OR_URL_INSPECTION,SUCCESSFUL,NOT_OBSERVED_IN_CURRENT_GSC_SAMPLES,SEO_P2_EMERGING,"GSC_LINKS_REPORT_RETURNED_NO_USABLE_ROWS; URL Inspection referringUrls 0, external 0. No-row evidence is sampled and is not proof of zero backlinks.",RECHECK_DURING_PHASE_4_IF_DESTRUCTIVE_CHANGE_IS_PROPOSED,HIGH_THAT_CURRENT_FIRST_PARTY_REPORT_WAS_CHECKED; LIMITED_COVERAGE_OF_WEB_LINKS
https://echobuddha.com/articles/category/meditation/,Authenticated GSC Links UI/exports 2026-08-24 + URL Inspection referringUrls,NO_EXTERNAL_DOMAINS_OBSERVED_IN_CURRENT_FIRST_PARTY_SAMPLES,NO_EXTERNAL_ROWS_RETURNED; NOT_A_ZERO_BACKLINK_CLAIM,NO_EXTERNAL_REFERRERS_RETURNED,NOT_AVAILABLE_FROM_GSC_LINKS_OR_URL_INSPECTION,SUCCESSFUL,NOT_OBSERVED_IN_CURRENT_GSC_SAMPLES,SEO_P2_EMERGING,"GSC_LINKS_REPORT_RETURNED_NO_USABLE_ROWS; URL Inspection referringUrls 0, external 0. No-row evidence is sampled and is not proof of zero backlinks.",RECHECK_DURING_PHASE_4_IF_DESTRUCTIVE_CHANGE_IS_PROPOSED,HIGH_THAT_CURRENT_FIRST_PARTY_REPORT_WAS_CHECKED; LIMITED_COVERAGE_OF_WEB_LINKS
https://echobuddha.com/articles/category/mindfulness/,Authenticated GSC Links UI/exports 2026-08-24 + URL Inspection referringUrls,NO_EXTERNAL_DOMAINS_OBSERVED_IN_CURRENT_FIRST_PARTY_SAMPLES,NO_EXTERNAL_ROWS_RETURNED; NOT_A_ZERO_BACKLINK_CLAIM,NO_EXTERNAL_REFERRERS_RETURNED,NOT_AVAILABLE_FROM_GSC_LINKS_OR_URL_INSPECTION,SUCCESSFUL,NOT_OBSERVED_IN_CURRENT_GSC_SAMPLES,SEO_P2_EMERGING,"GSC_LINKS_REPORT_RETURNED_NO_USABLE_ROWS; URL Inspection referringUrls 0, external 0. No-row evidence is sampled and is not proof of zero backlinks.",RECHECK_DURING_PHASE_4_IF_DESTRUCTIVE_CHANGE_IS_PROPOSED,HIGH_THAT_CURRENT_FIRST_PARTY_REPORT_WAS_CHECKED; LIMITED_COVERAGE_OF_WEB_LINKS
https://echobuddha.com/articles/category/practice/,Authenticated GSC Links UI/exports 2026-08-24 + URL Inspection referringUrls,NO_EXTERNAL_DOMAINS_OBSERVED_IN_CURRENT_FIRST_PARTY_SAMPLES,NO_EXTERNAL_ROWS_RETURNED; NOT_A_ZERO_BACKLINK_CLAIM,NO_EXTERNAL_REFERRERS_RETURNED,NOT_AVAILABLE_FROM_GSC_LINKS_OR_URL_INSPECTION,SUCCESSFUL,NOT_OBSERVED_IN_CURRENT_GSC_SAMPLES,SEO_P2_EMERGING,"GSC_LINKS_REPORT_RETURNED_NO_USABLE_ROWS; URL Inspection referringUrls 0, external 0. No-row evidence is sampled and is not proof of zero backlinks.",RECHECK_DURING_PHASE_4_IF_DESTRUCTIVE_CHANGE_IS_PROPOSED,HIGH_THAT_CURRENT_FIRST_PARTY_REPORT_WAS_CHECKED; LIMITED_COVERAGE_OF_WEB_LINKS
https://echobuddha.com/articles/category/reflection/,Authenticated GSC Links UI/exports 2026-08-24 + URL Inspection referringUrls,NO_EXTERNAL_DOMAINS_OBSERVED_IN_CURRENT_FIRST_PARTY_SAMPLES,NO_EXTERNAL_ROWS_RETURNED; NOT_A_ZERO_BACKLINK_CLAIM,NO_EXTERNAL_REFERRERS_RETURNED,NOT_AVAILABLE_FROM_GSC_LINKS_OR_URL_INSPECTION,SUCCESSFUL,NOT_OBSERVED_IN_CURRENT_GSC_SAMPLES,SEO_P2_EMERGING,"GSC_LINKS_REPORT_RETURNED_NO_USABLE_ROWS; URL Inspection referringUrls 0, external 0. No-row evidence is sampled and is not proof of zero backlinks.",RECHECK_DURING_PHASE_4_IF_DESTRUCTIVE_CHANGE_IS_PROPOSED,HIGH_THAT_CURRENT_FIRST_PARTY_REPORT_WAS_CHECKED; LIMITED_COVERAGE_OF_WEB_LINKS
https://echobuddha.com/articles/compassion-as-a-daily-discipline/,Authenticated GSC Links UI/exports 2026-08-24 + URL Inspection referringUrls,NO_EXTERNAL_DOMAINS_OBSERVED_IN_CURRENT_FIRST_PARTY_SAMPLES,NO_EXTERNAL_ROWS_RETURNED; NOT_A_ZERO_BACKLINK_CLAIM,NO_EXTERNAL_REFERRERS_RETURNED,NOT_AVAILABLE_FROM_GSC_LINKS_OR_URL_INSPECTION,SUCCESSFUL,NOT_OBSERVED_IN_CURRENT_GSC_SAMPLES,SEO_P3_LIMITED,"GSC_LINKS_REPORT_RETURNED_NO_USABLE_ROWS; URL Inspection referringUrls 0, external 0. No-row evidence is sampled and is not proof of zero backlinks.",RECHECK_DURING_PHASE_4_IF_DESTRUCTIVE_CHANGE_IS_PROPOSED,HIGH_THAT_CURRENT_FIRST_PARTY_REPORT_WAS_CHECKED; LIMITED_COVERAGE_OF_WEB_LINKS
https://echobuddha.com/articles/compassion-in-buddhism-beginner-guide/,Authenticated GSC Links UI/exports 2026-08-24 + URL Inspection referringUrls,NO_EXTERNAL_DOMAINS_OBSERVED_IN_CURRENT_FIRST_PARTY_SAMPLES,NO_EXTERNAL_ROWS_RETURNED; NOT_A_ZERO_BACKLINK_CLAIM,NO_EXTERNAL_REFERRERS_RETURNED,NOT_AVAILABLE_FROM_GSC_LINKS_OR_URL_INSPECTION,SUCCESSFUL,NOT_OBSERVED_IN_CURRENT_GSC_SAMPLES,SEO_P1_HIGH,"GSC_LINKS_REPORT_RETURNED_NO_USABLE_ROWS; URL Inspection referringUrls 0, external 0. No-row evidence is sampled and is not proof of zero backlinks.",RECHECK_BEFORE_ANY_FUTURE_URL_MIGRATION,HIGH_THAT_CURRENT_FIRST_PARTY_REPORT_WAS_CHECKED; LIMITED_COVERAGE_OF_WEB_LINKS
https://echobuddha.com/articles/compassion-with-boundaries/,Authenticated GSC Links UI/exports 2026-08-24 + URL Inspection referringUrls,NO_EXTERNAL_DOMAINS_OBSERVED_IN_CURRENT_FIRST_PARTY_SAMPLES,NO_EXTERNAL_ROWS_RETURNED; NOT_A_ZERO_BACKLINK_CLAIM,NO_EXTERNAL_REFERRERS_RETURNED,NOT_AVAILABLE_FROM_GSC_LINKS_OR_URL_INSPECTION,SUCCESSFUL,NOT_OBSERVED_IN_CURRENT_GSC_SAMPLES,SEO_P1_HIGH,"GSC_LINKS_REPORT_RETURNED_NO_USABLE_ROWS; URL Inspection referringUrls 1, external 0. No-row evidence is sampled and is not proof of zero backlinks.",RECHECK_BEFORE_ANY_FUTURE_URL_MIGRATION,HIGH_THAT_CURRENT_FIRST_PARTY_REPORT_WAS_CHECKED; LIMITED_COVERAGE_OF_WEB_LINKS
https://echobuddha.com/articles/creating-a-peaceful-corner-at-home/,Authenticated GSC Links UI/exports 2026-08-24 + URL Inspection referringUrls,NO_EXTERNAL_DOMAINS_OBSERVED_IN_CURRENT_FIRST_PARTY_SAMPLES,NO_EXTERNAL_ROWS_RETURNED; NOT_A_ZERO_BACKLINK_CLAIM,NO_EXTERNAL_REFERRERS_RETURNED,NOT_AVAILABLE_FROM_GSC_LINKS_OR_URL_INSPECTION,SUCCESSFUL,NOT_OBSERVED_IN_CURRENT_GSC_SAMPLES,SEO_P2_EMERGING,"GSC_LINKS_REPORT_RETURNED_NO_USABLE_ROWS; URL Inspection referringUrls 1, external 0. No-row evidence is sampled and is not proof of zero backlinks.",RECHECK_DURING_PHASE_4_IF_DESTRUCTIVE_CHANGE_IS_PROPOSED,HIGH_THAT_CURRENT_FIRST_PARTY_REPORT_WAS_CHECKED; LIMITED_COVERAGE_OF_WEB_LINKS
https://echobuddha.com/articles/dhamma-vs-dharma/,Authenticated GSC Links UI/exports 2026-08-24 + URL Inspection referringUrls,NO_EXTERNAL_DOMAINS_OBSERVED_IN_CURRENT_FIRST_PARTY_SAMPLES,NO_EXTERNAL_ROWS_RETURNED; NOT_A_ZERO_BACKLINK_CLAIM,NO_EXTERNAL_REFERRERS_RETURNED,NOT_AVAILABLE_FROM_GSC_LINKS_OR_URL_INSPECTION,SUCCESSFUL,NOT_OBSERVED_IN_CURRENT_GSC_SAMPLES,SEO_P1_HIGH,"GSC_LINKS_REPORT_RETURNED_NO_USABLE_ROWS; URL Inspection referringUrls 1, external 0. No-row evidence is sampled and is not proof of zero backlinks.",RECHECK_BEFORE_ANY_FUTURE_URL_MIGRATION,HIGH_THAT_CURRENT_FIRST_PARTY_REPORT_WAS_CHECKED; LIMITED_COVERAGE_OF_WEB_LINKS
https://echobuddha.com/articles/dhammapada-reflection-trained-mind/,Authenticated GSC Links UI/exports 2026-08-24 + URL Inspection referringUrls,NO_EXTERNAL_DOMAINS_OBSERVED_IN_CURRENT_FIRST_PARTY_SAMPLES,NO_EXTERNAL_ROWS_RETURNED; NOT_A_ZERO_BACKLINK_CLAIM,NO_EXTERNAL_REFERRERS_RETURNED,NOT_AVAILABLE_FROM_GSC_LINKS_OR_URL_INSPECTION,SUCCESSFUL,NOT_OBSERVED_IN_CURRENT_GSC_SAMPLES,SEO_P3_LIMITED,"GSC_LINKS_REPORT_RETURNED_NO_USABLE_ROWS; URL Inspection referringUrls 0, external 0. No-row evidence is sampled and is not proof of zero backlinks.",RECHECK_DURING_PHASE_4_IF_DESTRUCTIVE_CHANGE_IS_PROPOSED,HIGH_THAT_CURRENT_FIRST_PARTY_REPORT_WAS_CHECKED; LIMITED_COVERAGE_OF_WEB_LINKS
https://echobuddha.com/articles/dhammapada-reflection-what-we-think/,Authenticated GSC Links UI/exports 2026-08-24 + URL Inspection referringUrls,NO_EXTERNAL_DOMAINS_OBSERVED_IN_CURRENT_FIRST_PARTY_SAMPLES,NO_EXTERNAL_ROWS_RETURNED; NOT_A_ZERO_BACKLINK_CLAIM,NO_EXTERNAL_REFERRERS_RETURNED,NOT_AVAILABLE_FROM_GSC_LINKS_OR_URL_INSPECTION,SUCCESSFUL,NOT_OBSERVED_IN_CURRENT_GSC_SAMPLES,SEO_P1_HIGH,"GSC_LINKS_REPORT_RETURNED_NO_USABLE_ROWS; URL Inspection referringUrls 0, external 0. No-row evidence is sampled and is not proof of zero backlinks.",RECHECK_BEFORE_ANY_FUTURE_URL_MIGRATION,HIGH_THAT_CURRENT_FIRST_PARTY_REPORT_WAS_CHECKED; LIMITED_COVERAGE_OF_WEB_LINKS
https://echobuddha.com/articles/dhammapada-verse-1-meaning/,Authenticated GSC Links UI/exports 2026-08-24 + URL Inspection referringUrls,NO_EXTERNAL_DOMAINS_OBSERVED_IN_CURRENT_FIRST_PARTY_SAMPLES,NO_EXTERNAL_ROWS_RETURNED; NOT_A_ZERO_BACKLINK_CLAIM,NO_EXTERNAL_REFERRERS_RETURNED,NOT_AVAILABLE_FROM_GSC_LINKS_OR_URL_INSPECTION,SUCCESSFUL,NOT_OBSERVED_IN_CURRENT_GSC_SAMPLES,SEO_P1_HIGH,"GSC_LINKS_REPORT_RETURNED_NO_USABLE_ROWS; URL Inspection referringUrls 1, external 0. No-row evidence is sampled and is not proof of zero backlinks.",RECHECK_BEFORE_ANY_FUTURE_URL_MIGRATION,HIGH_THAT_CURRENT_FIRST_PARTY_REPORT_WAS_CHECKED; LIMITED_COVERAGE_OF_WEB_LINKS
https://echobuddha.com/articles/eightfold-path-explained/,Authenticated GSC Links UI/exports 2026-08-24 + URL Inspection referringUrls,NO_EXTERNAL_DOMAINS_OBSERVED_IN_CURRENT_FIRST_PARTY_SAMPLES,NO_EXTERNAL_ROWS_RETURNED; NOT_A_ZERO_BACKLINK_CLAIM,NO_EXTERNAL_REFERRERS_RETURNED,NOT_AVAILABLE_FROM_GSC_LINKS_OR_URL_INSPECTION,SUCCESSFUL,NOT_OBSERVED_IN_CURRENT_GSC_SAMPLES,SEO_P2_EMERGING,"GSC_LINKS_REPORT_RETURNED_NO_USABLE_ROWS; URL Inspection referringUrls 0, external 0. No-row evidence is sampled and is not proof of zero backlinks.",RECHECK_DURING_PHASE_4_IF_DESTRUCTIVE_CHANGE_IS_PROPOSED,HIGH_THAT_CURRENT_FIRST_PARTY_REPORT_WAS_CHECKED; LIMITED_COVERAGE_OF_WEB_LINKS
https://echobuddha.com/articles/eightfold-path-explained-daily-life/,Authenticated GSC Links UI/exports 2026-08-24 + URL Inspection referringUrls,NO_EXTERNAL_DOMAINS_OBSERVED_IN_CURRENT_FIRST_PARTY_SAMPLES,NO_EXTERNAL_ROWS_RETURNED; NOT_A_ZERO_BACKLINK_CLAIM,NO_EXTERNAL_REFERRERS_RETURNED,NOT_AVAILABLE_FROM_GSC_LINKS_OR_URL_INSPECTION,SUCCESSFUL,NOT_OBSERVED_IN_CURRENT_GSC_SAMPLES,SEO_P2_EMERGING,"GSC_LINKS_REPORT_RETURNED_NO_USABLE_ROWS; URL Inspection referringUrls 1, external 0. No-row evidence is sampled and is not proof of zero backlinks.",RECHECK_DURING_PHASE_4_IF_DESTRUCTIVE_CHANGE_IS_PROPOSED,HIGH_THAT_CURRENT_FIRST_PARTY_REPORT_WAS_CHECKED; LIMITED_COVERAGE_OF_WEB_LINKS
https://echobuddha.com/articles/equanimity-in-buddhism/,Authenticated GSC Links UI/exports 2026-08-24 + URL Inspection referringUrls,NO_EXTERNAL_DOMAINS_OBSERVED_IN_CURRENT_FIRST_PARTY_SAMPLES,NO_EXTERNAL_ROWS_RETURNED; NOT_A_ZERO_BACKLINK_CLAIM,NO_EXTERNAL_REFERRERS_RETURNED,NOT_AVAILABLE_FROM_GSC_LINKS_OR_URL_INSPECTION,SUCCESSFUL,NOT_OBSERVED_IN_CURRENT_GSC_SAMPLES,SEO_P2_EMERGING,"GSC_LINKS_REPORT_RETURNED_NO_USABLE_ROWS; URL Inspection referringUrls 1, external 0. No-row evidence is sampled and is not proof of zero backlinks.",RECHECK_DURING_PHASE_4_IF_DESTRUCTIVE_CHANGE_IS_PROPOSED,HIGH_THAT_CURRENT_FIRST_PARTY_REPORT_WAS_CHECKED; LIMITED_COVERAGE_OF_WEB_LINKS
https://echobuddha.com/articles/first-week-buddhist-practice/,Authenticated GSC Links UI/exports 2026-08-24 + URL Inspection referringUrls,NO_EXTERNAL_DOMAINS_OBSERVED_IN_CURRENT_FIRST_PARTY_SAMPLES,NO_EXTERNAL_ROWS_RETURNED; NOT_A_ZERO_BACKLINK_CLAIM,NO_EXTERNAL_REFERRERS_RETURNED,NOT_AVAILABLE_FROM_GSC_LINKS_OR_URL_INSPECTION,SUCCESSFUL,NOT_OBSERVED_IN_CURRENT_GSC_SAMPLES,SEO_P2_EMERGING,"GSC_LINKS_REPORT_RETURNED_NO_USABLE_ROWS; URL Inspection referringUrls 1, external 0. No-row evidence is sampled and is not proof of zero backlinks.",RECHECK_DURING_PHASE_4_IF_DESTRUCTIVE_CHANGE_IS_PROPOSED,HIGH_THAT_CURRENT_FIRST_PARTY_REPORT_WAS_CHECKED; LIMITED_COVERAGE_OF_WEB_LINKS
https://echobuddha.com/articles/five-precepts-in-daily-life/,Authenticated GSC Links UI/exports 2026-08-24 + URL Inspection referringUrls,NO_EXTERNAL_DOMAINS_OBSERVED_IN_CURRENT_FIRST_PARTY_SAMPLES,NO_EXTERNAL_ROWS_RETURNED; NOT_A_ZERO_BACKLINK_CLAIM,NO_EXTERNAL_REFERRERS_RETURNED,NOT_AVAILABLE_FROM_GSC_LINKS_OR_URL_INSPECTION,SUCCESSFUL,NOT_OBSERVED_IN_CURRENT_GSC_SAMPLES,SEO_P1_HIGH,"GSC_LINKS_REPORT_RETURNED_NO_USABLE_ROWS; URL Inspection referringUrls 1, external 0. No-row evidence is sampled and is not proof of zero backlinks.",RECHECK_BEFORE_ANY_FUTURE_URL_MIGRATION,HIGH_THAT_CURRENT_FIRST_PARTY_REPORT_WAS_CHECKED; LIMITED_COVERAGE_OF_WEB_LINKS
https://echobuddha.com/articles/four-noble-truths-explained/,Authenticated GSC Links UI/exports 2026-08-24 + URL Inspection referringUrls,NO_EXTERNAL_DOMAINS_OBSERVED_IN_CURRENT_FIRST_PARTY_SAMPLES,NO_EXTERNAL_ROWS_RETURNED; NOT_A_ZERO_BACKLINK_CLAIM,NO_EXTERNAL_REFERRERS_RETURNED,NOT_AVAILABLE_FROM_GSC_LINKS_OR_URL_INSPECTION,SUCCESSFUL,NOT_OBSERVED_IN_CURRENT_GSC_SAMPLES,SEO_P3_LIMITED,"GSC_LINKS_REPORT_RETURNED_NO_USABLE_ROWS; URL Inspection referringUrls 0, external 0. No-row evidence is sampled and is not proof of zero backlinks.",RECHECK_DURING_PHASE_4_IF_DESTRUCTIVE_CHANGE_IS_PROPOSED,HIGH_THAT_CURRENT_FIRST_PARTY_REPORT_WAS_CHECKED; LIMITED_COVERAGE_OF_WEB_LINKS
https://echobuddha.com/articles/four-noble-truths-explained-simply/,Authenticated GSC Links UI/exports 2026-08-24 + URL Inspection referringUrls,NO_EXTERNAL_DOMAINS_OBSERVED_IN_CURRENT_FIRST_PARTY_SAMPLES,NO_EXTERNAL_ROWS_RETURNED; NOT_A_ZERO_BACKLINK_CLAIM,NO_EXTERNAL_REFERRERS_RETURNED,NOT_AVAILABLE_FROM_GSC_LINKS_OR_URL_INSPECTION,SUCCESSFUL,NOT_OBSERVED_IN_CURRENT_GSC_SAMPLES,SEO_P2_EMERGING,"GSC_LINKS_REPORT_RETURNED_NO_USABLE_ROWS; URL Inspection referringUrls 0, external 0. No-row evidence is sampled and is not proof of zero backlinks.",RECHECK_DURING_PHASE_4_IF_DESTRUCTIVE_CHANGE_IS_PROPOSED,HIGH_THAT_CURRENT_FIRST_PARTY_REPORT_WAS_CHECKED; LIMITED_COVERAGE_OF_WEB_LINKS
https://echobuddha.com/articles/how-to-let-go-of-attachment-in-buddhism/,Authenticated GSC Links UI/exports 2026-08-24 + URL Inspection referringUrls,NO_EXTERNAL_DOMAINS_OBSERVED_IN_CURRENT_FIRST_PARTY_SAMPLES,NO_EXTERNAL_ROWS_RETURNED; NOT_A_ZERO_BACKLINK_CLAIM,NO_EXTERNAL_REFERRERS_RETURNED,NOT_AVAILABLE_FROM_GSC_LINKS_OR_URL_INSPECTION,SUCCESSFUL,NOT_OBSERVED_IN_CURRENT_GSC_SAMPLES,SEO_P1_HIGH,"GSC_LINKS_REPORT_RETURNED_NO_USABLE_ROWS; URL Inspection referringUrls 0, external 0. No-row evidence is sampled and is not proof of zero backlinks.",RECHECK_BEFORE_ANY_FUTURE_URL_MIGRATION,HIGH_THAT_CURRENT_FIRST_PARTY_REPORT_WAS_CHECKED; LIMITED_COVERAGE_OF_WEB_LINKS
https://echobuddha.com/articles/how-to-meditate-for-anxiety/,Authenticated GSC Links UI/exports 2026-08-24 + URL Inspection referringUrls,NO_EXTERNAL_DOMAINS_OBSERVED_IN_CURRENT_FIRST_PARTY_SAMPLES,NO_EXTERNAL_ROWS_RETURNED; NOT_A_ZERO_BACKLINK_CLAIM,NO_EXTERNAL_REFERRERS_RETURNED,NOT_AVAILABLE_FROM_GSC_LINKS_OR_URL_INSPECTION,SUCCESSFUL,NOT_OBSERVED_IN_CURRENT_GSC_SAMPLES,SEO_P2_EMERGING,"GSC_LINKS_REPORT_RETURNED_NO_USABLE_ROWS; URL Inspection referringUrls 0, external 0. No-row evidence is sampled and is not proof of zero backlinks.",RECHECK_DURING_PHASE_4_IF_DESTRUCTIVE_CHANGE_IS_PROPOSED,HIGH_THAT_CURRENT_FIRST_PARTY_REPORT_WAS_CHECKED; LIMITED_COVERAGE_OF_WEB_LINKS
https://echobuddha.com/articles/how-to-meditate-for-beginners/,Authenticated GSC Links UI/exports 2026-08-24 + URL Inspection referringUrls,NO_EXTERNAL_DOMAINS_OBSERVED_IN_CURRENT_FIRST_PARTY_SAMPLES,NO_EXTERNAL_ROWS_RETURNED; NOT_A_ZERO_BACKLINK_CLAIM,NO_EXTERNAL_REFERRERS_RETURNED,NOT_AVAILABLE_FROM_GSC_LINKS_OR_URL_INSPECTION,SUCCESSFUL,NOT_OBSERVED_IN_CURRENT_GSC_SAMPLES,SEO_P3_LIMITED,"GSC_LINKS_REPORT_RETURNED_NO_USABLE_ROWS; URL Inspection referringUrls 0, external 0. No-row evidence is sampled and is not proof of zero backlinks.",RECHECK_DURING_PHASE_4_IF_DESTRUCTIVE_CHANGE_IS_PROPOSED,HIGH_THAT_CURRENT_FIRST_PARTY_REPORT_WAS_CHECKED; LIMITED_COVERAGE_OF_WEB_LINKS
https://echobuddha.com/articles/how-to-practice-non-attachment/,Authenticated GSC Links UI/exports 2026-08-24 + URL Inspection referringUrls,NO_EXTERNAL_DOMAINS_OBSERVED_IN_CURRENT_FIRST_PARTY_SAMPLES,NO_EXTERNAL_ROWS_RETURNED; NOT_A_ZERO_BACKLINK_CLAIM,NO_EXTERNAL_REFERRERS_RETURNED,NOT_AVAILABLE_FROM_GSC_LINKS_OR_URL_INSPECTION,SUCCESSFUL,NOT_OBSERVED_IN_CURRENT_GSC_SAMPLES,SEO_P2_EMERGING,"GSC_LINKS_REPORT_RETURNED_NO_USABLE_ROWS; URL Inspection referringUrls 0, external 0. No-row evidence is sampled and is not proof of zero backlinks.",RECHECK_DURING_PHASE_4_IF_DESTRUCTIVE_CHANGE_IS_PROPOSED,HIGH_THAT_CURRENT_FIRST_PARTY_REPORT_WAS_CHECKED; LIMITED_COVERAGE_OF_WEB_LINKS
https://echobuddha.com/articles/impermanence-in-buddhism/,Authenticated GSC Links UI/exports 2026-08-24 + URL Inspection referringUrls,NO_EXTERNAL_DOMAINS_OBSERVED_IN_CURRENT_FIRST_PARTY_SAMPLES,NO_EXTERNAL_ROWS_RETURNED; NOT_A_ZERO_BACKLINK_CLAIM,NO_EXTERNAL_REFERRERS_RETURNED,NOT_AVAILABLE_FROM_GSC_LINKS_OR_URL_INSPECTION,SUCCESSFUL,NOT_OBSERVED_IN_CURRENT_GSC_SAMPLES,SEO_P2_EMERGING,"GSC_LINKS_REPORT_RETURNED_NO_USABLE_ROWS; URL Inspection referringUrls 0, external 0. No-row evidence is sampled and is not proof of zero backlinks.",RECHECK_DURING_PHASE_4_IF_DESTRUCTIVE_CHANGE_IS_PROPOSED,HIGH_THAT_CURRENT_FIRST_PARTY_REPORT_WAS_CHECKED; LIMITED_COVERAGE_OF_WEB_LINKS
https://echobuddha.com/articles/impermanence-in-buddhism-letting-go/,Authenticated GSC Links UI/exports 2026-08-24 + URL Inspection referringUrls,NO_EXTERNAL_DOMAINS_OBSERVED_IN_CURRENT_FIRST_PARTY_SAMPLES,NO_EXTERNAL_ROWS_RETURNED; NOT_A_ZERO_BACKLINK_CLAIM,NO_EXTERNAL_REFERRERS_RETURNED,NOT_AVAILABLE_FROM_GSC_LINKS_OR_URL_INSPECTION,SUCCESSFUL,NOT_OBSERVED_IN_CURRENT_GSC_SAMPLES,SEO_P2_EMERGING,"GSC_LINKS_REPORT_RETURNED_NO_USABLE_ROWS; URL Inspection referringUrls 0, external 0. No-row evidence is sampled and is not proof of zero backlinks.",RECHECK_DURING_PHASE_4_IF_DESTRUCTIVE_CHANGE_IS_PROPOSED,HIGH_THAT_CURRENT_FIRST_PARTY_REPORT_WAS_CHECKED; LIMITED_COVERAGE_OF_WEB_LINKS
https://echobuddha.com/articles/,Authenticated GSC Links UI/exports 2026-08-24 + URL Inspection referringUrls,NO_EXTERNAL_DOMAINS_OBSERVED_IN_CURRENT_FIRST_PARTY_SAMPLES,NO_EXTERNAL_ROWS_RETURNED; NOT_A_ZERO_BACKLINK_CLAIM,NO_EXTERNAL_REFERRERS_RETURNED,NOT_AVAILABLE_FROM_GSC_LINKS_OR_URL_INSPECTION,SUCCESSFUL,NOT_OBSERVED_IN_CURRENT_GSC_SAMPLES,SEO_P1_HIGH,"GSC_LINKS_REPORT_RETURNED_NO_USABLE_ROWS; URL Inspection referringUrls 0, external 0. No-row evidence is sampled and is not proof of zero backlinks.",RECHECK_BEFORE_ANY_FUTURE_URL_MIGRATION,HIGH_THAT_CURRENT_FIRST_PARTY_REPORT_WAS_CHECKED; LIMITED_COVERAGE_OF_WEB_LINKS
https://echobuddha.com/articles/letting-go-without-giving-up/,Authenticated GSC Links UI/exports 2026-08-24 + URL Inspection referringUrls,NO_EXTERNAL_DOMAINS_OBSERVED_IN_CURRENT_FIRST_PARTY_SAMPLES,NO_EXTERNAL_ROWS_RETURNED; NOT_A_ZERO_BACKLINK_CLAIM,NO_EXTERNAL_REFERRERS_RETURNED,NOT_AVAILABLE_FROM_GSC_LINKS_OR_URL_INSPECTION,SUCCESSFUL,NOT_OBSERVED_IN_CURRENT_GSC_SAMPLES,SEO_P3_LIMITED,"GSC_LINKS_REPORT_RETURNED_NO_USABLE_ROWS; URL Inspection referringUrls 0, external 0. No-row evidence is sampled and is not proof of zero backlinks.",RECHECK_DURING_PHASE_4_IF_DESTRUCTIVE_CHANGE_IS_PROPOSED,HIGH_THAT_CURRENT_FIRST_PARTY_REPORT_WAS_CHECKED; LIMITED_COVERAGE_OF_WEB_LINKS
https://echobuddha.com/articles/loving-kindness-meditation-beginners/,Authenticated GSC Links UI/exports 2026-08-24 + URL Inspection referringUrls,NO_EXTERNAL_DOMAINS_OBSERVED_IN_CURRENT_FIRST_PARTY_SAMPLES,NO_EXTERNAL_ROWS_RETURNED; NOT_A_ZERO_BACKLINK_CLAIM,NO_EXTERNAL_REFERRERS_RETURNED,NOT_AVAILABLE_FROM_GSC_LINKS_OR_URL_INSPECTION,SUCCESSFUL,NOT_OBSERVED_IN_CURRENT_GSC_SAMPLES,SEO_P3_LIMITED,"GSC_LINKS_REPORT_RETURNED_NO_USABLE_ROWS; URL Inspection referringUrls 0, external 0. No-row evidence is sampled and is not proof of zero backlinks.",RECHECK_DURING_PHASE_4_IF_DESTRUCTIVE_CHANGE_IS_PROPOSED,HIGH_THAT_CURRENT_FIRST_PARTY_REPORT_WAS_CHECKED; LIMITED_COVERAGE_OF_WEB_LINKS
https://echobuddha.com/articles/loving-kindness-meditation-guide/,Authenticated GSC Links UI/exports 2026-08-24 + URL Inspection referringUrls,NO_EXTERNAL_DOMAINS_OBSERVED_IN_CURRENT_FIRST_PARTY_SAMPLES,NO_EXTERNAL_ROWS_RETURNED; NOT_A_ZERO_BACKLINK_CLAIM,NO_EXTERNAL_REFERRERS_RETURNED,NOT_AVAILABLE_FROM_GSC_LINKS_OR_URL_INSPECTION,SUCCESSFUL,NOT_OBSERVED_IN_CURRENT_GSC_SAMPLES,SEO_P3_LIMITED,"GSC_LINKS_REPORT_RETURNED_NO_USABLE_ROWS; URL Inspection referringUrls 0, external 0. No-row evidence is sampled and is not proof of zero backlinks.",RECHECK_DURING_PHASE_4_IF_DESTRUCTIVE_CHANGE_IS_PROPOSED,HIGH_THAT_CURRENT_FIRST_PARTY_REPORT_WAS_CHECKED; LIMITED_COVERAGE_OF_WEB_LINKS
https://echobuddha.com/articles/metta-meditation-script/,Authenticated GSC Links UI/exports 2026-08-24 + URL Inspection referringUrls,NO_EXTERNAL_DOMAINS_OBSERVED_IN_CURRENT_FIRST_PARTY_SAMPLES,NO_EXTERNAL_ROWS_RETURNED; NOT_A_ZERO_BACKLINK_CLAIM,NO_EXTERNAL_REFERRERS_RETURNED,NOT_AVAILABLE_FROM_GSC_LINKS_OR_URL_INSPECTION,SUCCESSFUL,NOT_OBSERVED_IN_CURRENT_GSC_SAMPLES,SEO_P2_EMERGING,"GSC_LINKS_REPORT_RETURNED_NO_USABLE_ROWS; URL Inspection referringUrls 0, external 0. No-row evidence is sampled and is not proof of zero backlinks.",RECHECK_DURING_PHASE_4_IF_DESTRUCTIVE_CHANGE_IS_PROPOSED,HIGH_THAT_CURRENT_FIRST_PARTY_REPORT_WAS_CHECKED; LIMITED_COVERAGE_OF_WEB_LINKS
https://echobuddha.com/articles/mindful-email-and-texting/,Authenticated GSC Links UI/exports 2026-08-24 + URL Inspection referringUrls,NO_EXTERNAL_DOMAINS_OBSERVED_IN_CURRENT_FIRST_PARTY_SAMPLES,NO_EXTERNAL_ROWS_RETURNED; NOT_A_ZERO_BACKLINK_CLAIM,NO_EXTERNAL_REFERRERS_RETURNED,NOT_AVAILABLE_FROM_GSC_LINKS_OR_URL_INSPECTION,SUCCESSFUL,NOT_OBSERVED_IN_CURRENT_GSC_SAMPLES,SEO_P2_EMERGING,"GSC_LINKS_REPORT_RETURNED_NO_USABLE_ROWS; URL Inspection referringUrls 1, external 0. No-row evidence is sampled and is not proof of zero backlinks.",RECHECK_DURING_PHASE_4_IF_DESTRUCTIVE_CHANGE_IS_PROPOSED,HIGH_THAT_CURRENT_FIRST_PARTY_REPORT_WAS_CHECKED; LIMITED_COVERAGE_OF_WEB_LINKS
https://echobuddha.com/articles/mindful-listening-in-everyday-life/,Authenticated GSC Links UI/exports 2026-08-24 + URL Inspection referringUrls,NO_EXTERNAL_DOMAINS_OBSERVED_IN_CURRENT_FIRST_PARTY_SAMPLES,NO_EXTERNAL_ROWS_RETURNED; NOT_A_ZERO_BACKLINK_CLAIM,NO_EXTERNAL_REFERRERS_RETURNED,NOT_AVAILABLE_FROM_GSC_LINKS_OR_URL_INSPECTION,SUCCESSFUL,NOT_OBSERVED_IN_CURRENT_GSC_SAMPLES,SEO_P3_LIMITED,"GSC_LINKS_REPORT_RETURNED_NO_USABLE_ROWS; URL Inspection referringUrls 0, external 0. No-row evidence is sampled and is not proof of zero backlinks.",RECHECK_DURING_PHASE_4_IF_DESTRUCTIVE_CHANGE_IS_PROPOSED,HIGH_THAT_CURRENT_FIRST_PARTY_REPORT_WAS_CHECKED; LIMITED_COVERAGE_OF_WEB_LINKS
https://echobuddha.com/articles/mindfulness-for-better-sleep/,Authenticated GSC Links UI/exports 2026-08-24 + URL Inspection referringUrls,NO_EXTERNAL_DOMAINS_OBSERVED_IN_CURRENT_FIRST_PARTY_SAMPLES,NO_EXTERNAL_ROWS_RETURNED; NOT_A_ZERO_BACKLINK_CLAIM,NO_EXTERNAL_REFERRERS_RETURNED,NOT_AVAILABLE_FROM_GSC_LINKS_OR_URL_INSPECTION,SUCCESSFUL,NOT_OBSERVED_IN_CURRENT_GSC_SAMPLES,SEO_P2_EMERGING,"GSC_LINKS_REPORT_RETURNED_NO_USABLE_ROWS; URL Inspection referringUrls 0, external 0. No-row evidence is sampled and is not proof of zero backlinks.",RECHECK_DURING_PHASE_4_IF_DESTRUCTIVE_CHANGE_IS_PROPOSED,HIGH_THAT_CURRENT_FIRST_PARTY_REPORT_WAS_CHECKED; LIMITED_COVERAGE_OF_WEB_LINKS
https://echobuddha.com/articles/mindfulness-morning-routine/,Authenticated GSC Links UI/exports 2026-08-24 + URL Inspection referringUrls,NO_EXTERNAL_DOMAINS_OBSERVED_IN_CURRENT_FIRST_PARTY_SAMPLES,NO_EXTERNAL_ROWS_RETURNED; NOT_A_ZERO_BACKLINK_CLAIM,NO_EXTERNAL_REFERRERS_RETURNED,NOT_AVAILABLE_FROM_GSC_LINKS_OR_URL_INSPECTION,SUCCESSFUL,NOT_OBSERVED_IN_CURRENT_GSC_SAMPLES,SEO_P3_LIMITED,"GSC_LINKS_REPORT_RETURNED_NO_USABLE_ROWS; URL Inspection referringUrls 0, external 0. No-row evidence is sampled and is not proof of zero backlinks.",RECHECK_DURING_PHASE_4_IF_DESTRUCTIVE_CHANGE_IS_PROPOSED,HIGH_THAT_CURRENT_FIRST_PARTY_REPORT_WAS_CHECKED; LIMITED_COVERAGE_OF_WEB_LINKS
https://echobuddha.com/articles/mindfulness-of-breathing-guide/,Authenticated GSC Links UI/exports 2026-08-24 + URL Inspection referringUrls,NO_EXTERNAL_DOMAINS_OBSERVED_IN_CURRENT_FIRST_PARTY_SAMPLES,NO_EXTERNAL_ROWS_RETURNED; NOT_A_ZERO_BACKLINK_CLAIM,NO_EXTERNAL_REFERRERS_RETURNED,NOT_AVAILABLE_FROM_GSC_LINKS_OR_URL_INSPECTION,SUCCESSFUL,NOT_OBSERVED_IN_CURRENT_GSC_SAMPLES,SEO_P2_EMERGING,"GSC_LINKS_REPORT_RETURNED_NO_USABLE_ROWS; URL Inspection referringUrls 0, external 0. No-row evidence is sampled and is not proof of zero backlinks.",RECHECK_DURING_PHASE_4_IF_DESTRUCTIVE_CHANGE_IS_PROPOSED,HIGH_THAT_CURRENT_FIRST_PARTY_REPORT_WAS_CHECKED; LIMITED_COVERAGE_OF_WEB_LINKS
https://echobuddha.com/articles/mindfulness-vs-meditation/,Authenticated GSC Links UI/exports 2026-08-24 + URL Inspection referringUrls,NO_EXTERNAL_DOMAINS_OBSERVED_IN_CURRENT_FIRST_PARTY_SAMPLES,NO_EXTERNAL_ROWS_RETURNED; NOT_A_ZERO_BACKLINK_CLAIM,NO_EXTERNAL_REFERRERS_RETURNED,NOT_AVAILABLE_FROM_GSC_LINKS_OR_URL_INSPECTION,SUCCESSFUL,NOT_OBSERVED_IN_CURRENT_GSC_SAMPLES,SEO_P3_LIMITED,"GSC_LINKS_REPORT_RETURNED_NO_USABLE_ROWS; URL Inspection referringUrls 0, external 0. No-row evidence is sampled and is not proof of zero backlinks.",RECHECK_DURING_PHASE_4_IF_DESTRUCTIVE_CHANGE_IS_PROPOSED,HIGH_THAT_CURRENT_FIRST_PARTY_REPORT_WAS_CHECKED; LIMITED_COVERAGE_OF_WEB_LINKS
https://echobuddha.com/articles/noble-eightfold-path-practical-guide/,Authenticated GSC Links UI/exports 2026-08-24 + URL Inspection referringUrls,NO_EXTERNAL_DOMAINS_OBSERVED_IN_CURRENT_FIRST_PARTY_SAMPLES,NO_EXTERNAL_ROWS_RETURNED; NOT_A_ZERO_BACKLINK_CLAIM,NO_EXTERNAL_REFERRERS_RETURNED,NOT_AVAILABLE_FROM_GSC_LINKS_OR_URL_INSPECTION,SUCCESSFUL,NOT_OBSERVED_IN_CURRENT_GSC_SAMPLES,SEO_P1_HIGH,"GSC_LINKS_REPORT_RETURNED_NO_USABLE_ROWS; URL Inspection referringUrls 0, external 0. No-row evidence is sampled and is not proof of zero backlinks.",RECHECK_BEFORE_ANY_FUTURE_URL_MIGRATION,HIGH_THAT_CURRENT_FIRST_PARTY_REPORT_WAS_CHECKED; LIMITED_COVERAGE_OF_WEB_LINKS
https://echobuddha.com/articles/non-attachment-in-relationships/,Authenticated GSC Links UI/exports 2026-08-24 + URL Inspection referringUrls,NO_EXTERNAL_DOMAINS_OBSERVED_IN_CURRENT_FIRST_PARTY_SAMPLES,NO_EXTERNAL_ROWS_RETURNED; NOT_A_ZERO_BACKLINK_CLAIM,NO_EXTERNAL_REFERRERS_RETURNED,NOT_AVAILABLE_FROM_GSC_LINKS_OR_URL_INSPECTION,SUCCESSFUL,NOT_OBSERVED_IN_CURRENT_GSC_SAMPLES,SEO_P3_LIMITED,"GSC_LINKS_REPORT_RETURNED_NO_USABLE_ROWS; URL Inspection referringUrls 1, external 0. No-row evidence is sampled and is not proof of zero backlinks.",RECHECK_DURING_PHASE_4_IF_DESTRUCTIVE_CHANGE_IS_PROPOSED,HIGH_THAT_CURRENT_FIRST_PARTY_REPORT_WAS_CHECKED; LIMITED_COVERAGE_OF_WEB_LINKS
https://echobuddha.com/articles/right-livelihood-modern-life/,Authenticated GSC Links UI/exports 2026-08-24 + URL Inspection referringUrls,NO_EXTERNAL_DOMAINS_OBSERVED_IN_CURRENT_FIRST_PARTY_SAMPLES,NO_EXTERNAL_ROWS_RETURNED; NOT_A_ZERO_BACKLINK_CLAIM,NO_EXTERNAL_REFERRERS_RETURNED,NOT_AVAILABLE_FROM_GSC_LINKS_OR_URL_INSPECTION,SUCCESSFUL,NOT_OBSERVED_IN_CURRENT_GSC_SAMPLES,SEO_P3_LIMITED,"GSC_LINKS_REPORT_RETURNED_NO_USABLE_ROWS; URL Inspection referringUrls 1, external 0. No-row evidence is sampled and is not proof of zero backlinks.",RECHECK_DURING_PHASE_4_IF_DESTRUCTIVE_CHANGE_IS_PROPOSED,HIGH_THAT_CURRENT_FIRST_PARTY_REPORT_WAS_CHECKED; LIMITED_COVERAGE_OF_WEB_LINKS
https://echobuddha.com/articles/right-speech-buddhism/,Authenticated GSC Links UI/exports 2026-08-24 + URL Inspection referringUrls,NO_EXTERNAL_DOMAINS_OBSERVED_IN_CURRENT_FIRST_PARTY_SAMPLES,NO_EXTERNAL_ROWS_RETURNED; NOT_A_ZERO_BACKLINK_CLAIM,NO_EXTERNAL_REFERRERS_RETURNED,NOT_AVAILABLE_FROM_GSC_LINKS_OR_URL_INSPECTION,SUCCESSFUL,NOT_OBSERVED_IN_CURRENT_GSC_SAMPLES,SEO_P0_CRITICAL,"GSC_LINKS_REPORT_RETURNED_NO_USABLE_ROWS; URL Inspection referringUrls 0, external 0. No-row evidence is sampled and is not proof of zero backlinks.",RECHECK_BEFORE_ANY_FUTURE_URL_MIGRATION,HIGH_THAT_CURRENT_FIRST_PARTY_REPORT_WAS_CHECKED; LIMITED_COVERAGE_OF_WEB_LINKS
https://echobuddha.com/articles/right-speech-examples/,Authenticated GSC Links UI/exports 2026-08-24 + URL Inspection referringUrls,NO_EXTERNAL_DOMAINS_OBSERVED_IN_CURRENT_FIRST_PARTY_SAMPLES,NO_EXTERNAL_ROWS_RETURNED; NOT_A_ZERO_BACKLINK_CLAIM,NO_EXTERNAL_REFERRERS_RETURNED,NOT_AVAILABLE_FROM_GSC_LINKS_OR_URL_INSPECTION,SUCCESSFUL,NOT_OBSERVED_IN_CURRENT_GSC_SAMPLES,SEO_P3_LIMITED,"GSC_LINKS_REPORT_RETURNED_NO_USABLE_ROWS; URL Inspection referringUrls 1, external 0. No-row evidence is sampled and is not proof of zero backlinks.",RECHECK_DURING_PHASE_4_IF_DESTRUCTIVE_CHANGE_IS_PROPOSED,HIGH_THAT_CURRENT_FIRST_PARTY_REPORT_WAS_CHECKED; LIMITED_COVERAGE_OF_WEB_LINKS
https://echobuddha.com/articles/three-poisons-buddhism-explained/,Authenticated GSC Links UI/exports 2026-08-24 + URL Inspection referringUrls,NO_EXTERNAL_DOMAINS_OBSERVED_IN_CURRENT_FIRST_PARTY_SAMPLES,NO_EXTERNAL_ROWS_RETURNED; NOT_A_ZERO_BACKLINK_CLAIM,NO_EXTERNAL_REFERRERS_RETURNED,NOT_AVAILABLE_FROM_GSC_LINKS_OR_URL_INSPECTION,SUCCESSFUL,NOT_OBSERVED_IN_CURRENT_GSC_SAMPLES,SEO_P1_HIGH,"GSC_LINKS_REPORT_RETURNED_NO_USABLE_ROWS; URL Inspection referringUrls 1, external 0. No-row evidence is sampled and is not proof of zero backlinks.",RECHECK_BEFORE_ANY_FUTURE_URL_MIGRATION,HIGH_THAT_CURRENT_FIRST_PARTY_REPORT_WAS_CHECKED; LIMITED_COVERAGE_OF_WEB_LINKS
https://echobuddha.com/articles/three-ways-to-practice-patience/,Authenticated GSC Links UI/exports 2026-08-24 + URL Inspection referringUrls,NO_EXTERNAL_DOMAINS_OBSERVED_IN_CURRENT_FIRST_PARTY_SAMPLES,NO_EXTERNAL_ROWS_RETURNED; NOT_A_ZERO_BACKLINK_CLAIM,NO_EXTERNAL_REFERRERS_RETURNED,NOT_AVAILABLE_FROM_GSC_LINKS_OR_URL_INSPECTION,SUCCESSFUL,NOT_OBSERVED_IN_CURRENT_GSC_SAMPLES,SEO_P2_EMERGING,"GSC_LINKS_REPORT_RETURNED_NO_USABLE_ROWS; URL Inspection referringUrls 0, external 0. No-row evidence is sampled and is not proof of zero backlinks.",RECHECK_DURING_PHASE_4_IF_DESTRUCTIVE_CHANGE_IS_PROPOSED,HIGH_THAT_CURRENT_FIRST_PARTY_REPORT_WAS_CHECKED; LIMITED_COVERAGE_OF_WEB_LINKS
https://echobuddha.com/articles/visiting-a-buddhist-temple-respectfully/,Authenticated GSC Links UI/exports 2026-08-24 + URL Inspection referringUrls,NO_EXTERNAL_DOMAINS_OBSERVED_IN_CURRENT_FIRST_PARTY_SAMPLES,NO_EXTERNAL_ROWS_RETURNED; NOT_A_ZERO_BACKLINK_CLAIM,NO_EXTERNAL_REFERRERS_RETURNED,NOT_AVAILABLE_FROM_GSC_LINKS_OR_URL_INSPECTION,SUCCESSFUL,NOT_OBSERVED_IN_CURRENT_GSC_SAMPLES,SEO_P1_HIGH,"GSC_LINKS_REPORT_RETURNED_NO_USABLE_ROWS; URL Inspection referringUrls 1, external 0. No-row evidence is sampled and is not proof of zero backlinks.",RECHECK_BEFORE_ANY_FUTURE_URL_MIGRATION,HIGH_THAT_CURRENT_FIRST_PARTY_REPORT_WAS_CHECKED; LIMITED_COVERAGE_OF_WEB_LINKS
https://echobuddha.com/articles/walking-meditation-step-by-step/,Authenticated GSC Links UI/exports 2026-08-24 + URL Inspection referringUrls,NO_EXTERNAL_DOMAINS_OBSERVED_IN_CURRENT_FIRST_PARTY_SAMPLES,NO_EXTERNAL_ROWS_RETURNED; NOT_A_ZERO_BACKLINK_CLAIM,NO_EXTERNAL_REFERRERS_RETURNED,NOT_AVAILABLE_FROM_GSC_LINKS_OR_URL_INSPECTION,SUCCESSFUL,NOT_OBSERVED_IN_CURRENT_GSC_SAMPLES,SEO_P3_LIMITED,"GSC_LINKS_REPORT_RETURNED_NO_USABLE_ROWS; URL Inspection referringUrls 0, external 0. No-row evidence is sampled and is not proof of zero backlinks.",RECHECK_DURING_PHASE_4_IF_DESTRUCTIVE_CHANGE_IS_PROPOSED,HIGH_THAT_CURRENT_FIRST_PARTY_REPORT_WAS_CHECKED; LIMITED_COVERAGE_OF_WEB_LINKS
https://echobuddha.com/articles/what-is-buddhism-beginner-guide/,Authenticated GSC Links UI/exports 2026-08-24 + URL Inspection referringUrls,NO_EXTERNAL_DOMAINS_OBSERVED_IN_CURRENT_FIRST_PARTY_SAMPLES,NO_EXTERNAL_ROWS_RETURNED; NOT_A_ZERO_BACKLINK_CLAIM,NO_EXTERNAL_REFERRERS_RETURNED,NOT_AVAILABLE_FROM_GSC_LINKS_OR_URL_INSPECTION,SUCCESSFUL,NOT_OBSERVED_IN_CURRENT_GSC_SAMPLES,SEO_P2_EMERGING,"GSC_LINKS_REPORT_RETURNED_NO_USABLE_ROWS; URL Inspection referringUrls 0, external 0. No-row evidence is sampled and is not proof of zero backlinks.",RECHECK_DURING_PHASE_4_IF_DESTRUCTIVE_CHANGE_IS_PROPOSED,HIGH_THAT_CURRENT_FIRST_PARTY_REPORT_WAS_CHECKED; LIMITED_COVERAGE_OF_WEB_LINKS
https://echobuddha.com/articles/what-is-karma-in-buddhism/,Authenticated GSC Links UI/exports 2026-08-24 + URL Inspection referringUrls,NO_EXTERNAL_DOMAINS_OBSERVED_IN_CURRENT_FIRST_PARTY_SAMPLES,NO_EXTERNAL_ROWS_RETURNED; NOT_A_ZERO_BACKLINK_CLAIM,NO_EXTERNAL_REFERRERS_RETURNED,NOT_AVAILABLE_FROM_GSC_LINKS_OR_URL_INSPECTION,SUCCESSFUL,NOT_OBSERVED_IN_CURRENT_GSC_SAMPLES,SEO_P2_EMERGING,"GSC_LINKS_REPORT_RETURNED_NO_USABLE_ROWS; URL Inspection referringUrls 0, external 0. No-row evidence is sampled and is not proof of zero backlinks.",RECHECK_DURING_PHASE_4_IF_DESTRUCTIVE_CHANGE_IS_PROPOSED,HIGH_THAT_CURRENT_FIRST_PARTY_REPORT_WAS_CHECKED; LIMITED_COVERAGE_OF_WEB_LINKS
https://echobuddha.com/articles/what-is-sangha-buddhist-community/,Authenticated GSC Links UI/exports 2026-08-24 + URL Inspection referringUrls,NO_EXTERNAL_DOMAINS_OBSERVED_IN_CURRENT_FIRST_PARTY_SAMPLES,NO_EXTERNAL_ROWS_RETURNED; NOT_A_ZERO_BACKLINK_CLAIM,NO_EXTERNAL_REFERRERS_RETURNED,NOT_AVAILABLE_FROM_GSC_LINKS_OR_URL_INSPECTION,SUCCESSFUL,NOT_OBSERVED_IN_CURRENT_GSC_SAMPLES,SEO_P1_HIGH,"GSC_LINKS_REPORT_RETURNED_NO_USABLE_ROWS; URL Inspection referringUrls 1, external 0. No-row evidence is sampled and is not proof of zero backlinks.",RECHECK_BEFORE_ANY_FUTURE_URL_MIGRATION,HIGH_THAT_CURRENT_FIRST_PARTY_REPORT_WAS_CHECKED; LIMITED_COVERAGE_OF_WEB_LINKS
https://echobuddha.com/authors/echo-buddha-editorial/,Authenticated GSC Links UI/exports 2026-08-24 + URL Inspection referringUrls,NO_EXTERNAL_DOMAINS_OBSERVED_IN_CURRENT_FIRST_PARTY_SAMPLES,NO_EXTERNAL_ROWS_RETURNED; NOT_A_ZERO_BACKLINK_CLAIM,NO_EXTERNAL_REFERRERS_RETURNED,NOT_AVAILABLE_FROM_GSC_LINKS_OR_URL_INSPECTION,SUCCESSFUL,NOT_OBSERVED_IN_CURRENT_GSC_SAMPLES,SEO_P2_EMERGING,"GSC_LINKS_REPORT_RETURNED_NO_USABLE_ROWS; URL Inspection referringUrls 0, external 0. No-row evidence is sampled and is not proof of zero backlinks.",RECHECK_DURING_PHASE_4_IF_DESTRUCTIVE_CHANGE_IS_PROPOSED,HIGH_THAT_CURRENT_FIRST_PARTY_REPORT_WAS_CHECKED; LIMITED_COVERAGE_OF_WEB_LINKS
https://echobuddha.com/buddhist-sources-and-citations/,Authenticated GSC Links UI/exports 2026-08-24 + URL Inspection referringUrls,NO_EXTERNAL_DOMAINS_OBSERVED_IN_CURRENT_FIRST_PARTY_SAMPLES,NO_EXTERNAL_ROWS_RETURNED; NOT_A_ZERO_BACKLINK_CLAIM,NO_EXTERNAL_REFERRERS_RETURNED,NOT_AVAILABLE_FROM_GSC_LINKS_OR_URL_INSPECTION,SUCCESSFUL,NOT_OBSERVED_IN_CURRENT_GSC_SAMPLES,SEO_P2_EMERGING,"GSC_LINKS_REPORT_RETURNED_NO_USABLE_ROWS; URL Inspection referringUrls 1, external 0. No-row evidence is sampled and is not proof of zero backlinks.",RECHECK_DURING_PHASE_4_IF_DESTRUCTIVE_CHANGE_IS_PROPOSED,HIGH_THAT_CURRENT_FIRST_PARTY_REPORT_WAS_CHECKED; LIMITED_COVERAGE_OF_WEB_LINKS
https://echobuddha.com/contact/,Authenticated GSC Links UI/exports 2026-08-24 + URL Inspection referringUrls,NO_EXTERNAL_DOMAINS_OBSERVED_IN_CURRENT_FIRST_PARTY_SAMPLES,NO_EXTERNAL_ROWS_RETURNED; NOT_A_ZERO_BACKLINK_CLAIM,NO_EXTERNAL_REFERRERS_RETURNED,NOT_AVAILABLE_FROM_GSC_LINKS_OR_URL_INSPECTION,SUCCESSFUL,NOT_OBSERVED_IN_CURRENT_GSC_SAMPLES,SEO_P2_EMERGING,"GSC_LINKS_REPORT_RETURNED_NO_USABLE_ROWS; URL Inspection referringUrls 0, external 0. No-row evidence is sampled and is not proof of zero backlinks.",RECHECK_DURING_PHASE_4_IF_DESTRUCTIVE_CHANGE_IS_PROPOSED,HIGH_THAT_CURRENT_FIRST_PARTY_REPORT_WAS_CHECKED; LIMITED_COVERAGE_OF_WEB_LINKS
https://echobuddha.com/corrections/,Authenticated GSC Links UI/exports 2026-08-24 + URL Inspection referringUrls,NO_EXTERNAL_DOMAINS_OBSERVED_IN_CURRENT_FIRST_PARTY_SAMPLES,NO_EXTERNAL_ROWS_RETURNED; NOT_A_ZERO_BACKLINK_CLAIM,NO_EXTERNAL_REFERRERS_RETURNED,NOT_AVAILABLE_FROM_GSC_LINKS_OR_URL_INSPECTION,SUCCESSFUL,NOT_OBSERVED_IN_CURRENT_GSC_SAMPLES,SEO_P2_EMERGING,"GSC_LINKS_REPORT_RETURNED_NO_USABLE_ROWS; URL Inspection referringUrls 1, external 0. No-row evidence is sampled and is not proof of zero backlinks.",RECHECK_DURING_PHASE_4_IF_DESTRUCTIVE_CHANGE_IS_PROPOSED,HIGH_THAT_CURRENT_FIRST_PARTY_REPORT_WAS_CHECKED; LIMITED_COVERAGE_OF_WEB_LINKS
https://echobuddha.com/daily-reflections/anger-as-a-signal/,Authenticated GSC Links UI/exports 2026-08-24 + URL Inspection referringUrls,NO_EXTERNAL_DOMAINS_OBSERVED_IN_CURRENT_FIRST_PARTY_SAMPLES,NO_EXTERNAL_ROWS_RETURNED; NOT_A_ZERO_BACKLINK_CLAIM,NO_EXTERNAL_REFERRERS_RETURNED,NOT_AVAILABLE_FROM_GSC_LINKS_OR_URL_INSPECTION,SUCCESSFUL,NOT_OBSERVED_IN_CURRENT_GSC_SAMPLES,SEO_P2_EMERGING,"GSC_LINKS_REPORT_RETURNED_NO_USABLE_ROWS; URL Inspection referringUrls 0, external 0. No-row evidence is sampled and is not proof of zero backlinks.",RECHECK_DURING_PHASE_4_IF_DESTRUCTIVE_CHANGE_IS_PROPOSED,HIGH_THAT_CURRENT_FIRST_PARTY_REPORT_WAS_CHECKED; LIMITED_COVERAGE_OF_WEB_LINKS
https://echobuddha.com/daily-reflections/begin-again-without-shame/,Authenticated GSC Links UI/exports 2026-08-24 + URL Inspection referringUrls,NO_EXTERNAL_DOMAINS_OBSERVED_IN_CURRENT_FIRST_PARTY_SAMPLES,NO_EXTERNAL_ROWS_RETURNED; NOT_A_ZERO_BACKLINK_CLAIM,NO_EXTERNAL_REFERRERS_RETURNED,NOT_AVAILABLE_FROM_GSC_LINKS_OR_URL_INSPECTION,SUCCESSFUL,NOT_OBSERVED_IN_CURRENT_GSC_SAMPLES,SEO_P2_EMERGING,"GSC_LINKS_REPORT_RETURNED_NO_USABLE_ROWS; URL Inspection referringUrls 0, external 0. No-row evidence is sampled and is not proof of zero backlinks.",RECHECK_DURING_PHASE_4_IF_DESTRUCTIVE_CHANGE_IS_PROPOSED,HIGH_THAT_CURRENT_FIRST_PARTY_REPORT_WAS_CHECKED; LIMITED_COVERAGE_OF_WEB_LINKS
https://echobuddha.com/daily-reflections/compassion-begins-nearby/,Authenticated GSC Links UI/exports 2026-08-24 + URL Inspection referringUrls,NO_EXTERNAL_DOMAINS_OBSERVED_IN_CURRENT_FIRST_PARTY_SAMPLES,NO_EXTERNAL_ROWS_RETURNED; NOT_A_ZERO_BACKLINK_CLAIM,NO_EXTERNAL_REFERRERS_RETURNED,NOT_AVAILABLE_FROM_GSC_LINKS_OR_URL_INSPECTION,SUCCESSFUL,NOT_OBSERVED_IN_CURRENT_GSC_SAMPLES,SEO_P3_LIMITED,"GSC_LINKS_REPORT_RETURNED_NO_USABLE_ROWS; URL Inspection referringUrls 0, external 0. No-row evidence is sampled and is not proof of zero backlinks.",RECHECK_DURING_PHASE_4_IF_DESTRUCTIVE_CHANGE_IS_PROPOSED,HIGH_THAT_CURRENT_FIRST_PARTY_REPORT_WAS_CHECKED; LIMITED_COVERAGE_OF_WEB_LINKS
https://echobuddha.com/daily-reflections/enough-for-this-moment/,Authenticated GSC Links UI/exports 2026-08-24 + URL Inspection referringUrls,NO_EXTERNAL_DOMAINS_OBSERVED_IN_CURRENT_FIRST_PARTY_SAMPLES,NO_EXTERNAL_ROWS_RETURNED; NOT_A_ZERO_BACKLINK_CLAIM,NO_EXTERNAL_REFERRERS_RETURNED,NOT_AVAILABLE_FROM_GSC_LINKS_OR_URL_INSPECTION,SUCCESSFUL,NOT_OBSERVED_IN_CURRENT_GSC_SAMPLES,SEO_P3_LIMITED,"GSC_LINKS_REPORT_RETURNED_NO_USABLE_ROWS; URL Inspection referringUrls 0, external 0. No-row evidence is sampled and is not proof of zero backlinks.",RECHECK_DURING_PHASE_4_IF_DESTRUCTIVE_CHANGE_IS_PROPOSED,HIGH_THAT_CURRENT_FIRST_PARTY_REPORT_WAS_CHECKED; LIMITED_COVERAGE_OF_WEB_LINKS
https://echobuddha.com/daily-reflections/evening-release/,Authenticated GSC Links UI/exports 2026-08-24 + URL Inspection referringUrls,NO_EXTERNAL_DOMAINS_OBSERVED_IN_CURRENT_FIRST_PARTY_SAMPLES,NO_EXTERNAL_ROWS_RETURNED; NOT_A_ZERO_BACKLINK_CLAIM,NO_EXTERNAL_REFERRERS_RETURNED,NOT_AVAILABLE_FROM_GSC_LINKS_OR_URL_INSPECTION,SUCCESSFUL,NOT_OBSERVED_IN_CURRENT_GSC_SAMPLES,SEO_P3_LIMITED,"GSC_LINKS_REPORT_RETURNED_NO_USABLE_ROWS; URL Inspection referringUrls 0, external 0. No-row evidence is sampled and is not proof of zero backlinks.",RECHECK_DURING_PHASE_4_IF_DESTRUCTIVE_CHANGE_IS_PROPOSED,HIGH_THAT_CURRENT_FIRST_PARTY_REPORT_WAS_CHECKED; LIMITED_COVERAGE_OF_WEB_LINKS
https://echobuddha.com/daily-reflections/family-patience/,Authenticated GSC Links UI/exports 2026-08-24 + URL Inspection referringUrls,NO_EXTERNAL_DOMAINS_OBSERVED_IN_CURRENT_FIRST_PARTY_SAMPLES,NO_EXTERNAL_ROWS_RETURNED; NOT_A_ZERO_BACKLINK_CLAIM,NO_EXTERNAL_REFERRERS_RETURNED,NOT_AVAILABLE_FROM_GSC_LINKS_OR_URL_INSPECTION,SUCCESSFUL,NOT_OBSERVED_IN_CURRENT_GSC_SAMPLES,SEO_P2_EMERGING,"GSC_LINKS_REPORT_RETURNED_NO_USABLE_ROWS; URL Inspection referringUrls 0, external 0. No-row evidence is sampled and is not proof of zero backlinks.",RECHECK_DURING_PHASE_4_IF_DESTRUCTIVE_CHANGE_IS_PROPOSED,HIGH_THAT_CURRENT_FIRST_PARTY_REPORT_WAS_CHECKED; LIMITED_COVERAGE_OF_WEB_LINKS
https://echobuddha.com/daily-reflections/forgiveness-without-approval/,Authenticated GSC Links UI/exports 2026-08-24 + URL Inspection referringUrls,NO_EXTERNAL_DOMAINS_OBSERVED_IN_CURRENT_FIRST_PARTY_SAMPLES,NO_EXTERNAL_ROWS_RETURNED; NOT_A_ZERO_BACKLINK_CLAIM,NO_EXTERNAL_REFERRERS_RETURNED,NOT_AVAILABLE_FROM_GSC_LINKS_OR_URL_INSPECTION,SUCCESSFUL,NOT_OBSERVED_IN_CURRENT_GSC_SAMPLES,SEO_P3_LIMITED,"GSC_LINKS_REPORT_RETURNED_NO_USABLE_ROWS; URL Inspection referringUrls 0, external 0. No-row evidence is sampled and is not proof of zero backlinks.",RECHECK_DURING_PHASE_4_IF_DESTRUCTIVE_CHANGE_IS_PROPOSED,HIGH_THAT_CURRENT_FIRST_PARTY_REPORT_WAS_CHECKED; LIMITED_COVERAGE_OF_WEB_LINKS
https://echobuddha.com/daily-reflections/gratitude-for-change/,Authenticated GSC Links UI/exports 2026-08-24 + URL Inspection referringUrls,NO_EXTERNAL_DOMAINS_OBSERVED_IN_CURRENT_FIRST_PARTY_SAMPLES,NO_EXTERNAL_ROWS_RETURNED; NOT_A_ZERO_BACKLINK_CLAIM,NO_EXTERNAL_REFERRERS_RETURNED,NOT_AVAILABLE_FROM_GSC_LINKS_OR_URL_INSPECTION,SUCCESSFUL,NOT_OBSERVED_IN_CURRENT_GSC_SAMPLES,SEO_P2_EMERGING,"GSC_LINKS_REPORT_RETURNED_NO_USABLE_ROWS; URL Inspection referringUrls 0, external 0. No-row evidence is sampled and is not proof of zero backlinks.",RECHECK_DURING_PHASE_4_IF_DESTRUCTIVE_CHANGE_IS_PROPOSED,HIGH_THAT_CURRENT_FIRST_PARTY_REPORT_WAS_CHECKED; LIMITED_COVERAGE_OF_WEB_LINKS
https://echobuddha.com/daily-reflections/gratitude-notices-enough/,Authenticated GSC Links UI/exports 2026-08-24 + URL Inspection referringUrls,NO_EXTERNAL_DOMAINS_OBSERVED_IN_CURRENT_FIRST_PARTY_SAMPLES,NO_EXTERNAL_ROWS_RETURNED; NOT_A_ZERO_BACKLINK_CLAIM,NO_EXTERNAL_REFERRERS_RETURNED,NOT_AVAILABLE_FROM_GSC_LINKS_OR_URL_INSPECTION,SUCCESSFUL,NOT_OBSERVED_IN_CURRENT_GSC_SAMPLES,SEO_P3_LIMITED,"GSC_LINKS_REPORT_RETURNED_NO_USABLE_ROWS; URL Inspection referringUrls 0, external 0. No-row evidence is sampled and is not proof of zero backlinks.",RECHECK_DURING_PHASE_4_IF_DESTRUCTIVE_CHANGE_IS_PROPOSED,HIGH_THAT_CURRENT_FIRST_PARTY_REPORT_WAS_CHECKED; LIMITED_COVERAGE_OF_WEB_LINKS
https://echobuddha.com/daily-reflections/impermanence-softens-clinging/,Authenticated GSC Links UI/exports 2026-08-24 + URL Inspection referringUrls,NO_EXTERNAL_DOMAINS_OBSERVED_IN_CURRENT_FIRST_PARTY_SAMPLES,NO_EXTERNAL_ROWS_RETURNED; NOT_A_ZERO_BACKLINK_CLAIM,NO_EXTERNAL_REFERRERS_RETURNED,NOT_AVAILABLE_FROM_GSC_LINKS_OR_URL_INSPECTION,SUCCESSFUL,NOT_OBSERVED_IN_CURRENT_GSC_SAMPLES,SEO_P2_EMERGING,"GSC_LINKS_REPORT_RETURNED_NO_USABLE_ROWS; URL Inspection referringUrls 0, external 0. No-row evidence is sampled and is not proof of zero backlinks.",RECHECK_DURING_PHASE_4_IF_DESTRUCTIVE_CHANGE_IS_PROPOSED,HIGH_THAT_CURRENT_FIRST_PARTY_REPORT_WAS_CHECKED; LIMITED_COVERAGE_OF_WEB_LINKS
https://echobuddha.com/daily-reflections/,Authenticated GSC Links UI/exports 2026-08-24 + URL Inspection referringUrls,NO_EXTERNAL_DOMAINS_OBSERVED_IN_CURRENT_FIRST_PARTY_SAMPLES,NO_EXTERNAL_ROWS_RETURNED; NOT_A_ZERO_BACKLINK_CLAIM,NO_EXTERNAL_REFERRERS_RETURNED,NOT_AVAILABLE_FROM_GSC_LINKS_OR_URL_INSPECTION,SUCCESSFUL,NOT_OBSERVED_IN_CURRENT_GSC_SAMPLES,SEO_P1_HIGH,"GSC_LINKS_REPORT_RETURNED_NO_USABLE_ROWS; URL Inspection referringUrls 0, external 0. No-row evidence is sampled and is not proof of zero backlinks.",RECHECK_BEFORE_ANY_FUTURE_URL_MIGRATION,HIGH_THAT_CURRENT_FIRST_PARTY_REPORT_WAS_CHECKED; LIMITED_COVERAGE_OF_WEB_LINKS
https://echobuddha.com/daily-reflections/kindness-with-boundaries/,Authenticated GSC Links UI/exports 2026-08-24 + URL Inspection referringUrls,NO_EXTERNAL_DOMAINS_OBSERVED_IN_CURRENT_FIRST_PARTY_SAMPLES,NO_EXTERNAL_ROWS_RETURNED; NOT_A_ZERO_BACKLINK_CLAIM,NO_EXTERNAL_REFERRERS_RETURNED,NOT_AVAILABLE_FROM_GSC_LINKS_OR_URL_INSPECTION,SUCCESSFUL,NOT_OBSERVED_IN_CURRENT_GSC_SAMPLES,SEO_P3_LIMITED,"GSC_LINKS_REPORT_RETURNED_NO_USABLE_ROWS; URL Inspection referringUrls 0, external 0. No-row evidence is sampled and is not proof of zero backlinks.",RECHECK_DURING_PHASE_4_IF_DESTRUCTIVE_CHANGE_IS_PROPOSED,HIGH_THAT_CURRENT_FIRST_PARTY_REPORT_WAS_CHECKED; LIMITED_COVERAGE_OF_WEB_LINKS
https://echobuddha.com/daily-reflections/let-the-feeling-pass/,Authenticated GSC Links UI/exports 2026-08-24 + URL Inspection referringUrls,NO_EXTERNAL_DOMAINS_OBSERVED_IN_CURRENT_FIRST_PARTY_SAMPLES,NO_EXTERNAL_ROWS_RETURNED; NOT_A_ZERO_BACKLINK_CLAIM,NO_EXTERNAL_REFERRERS_RETURNED,NOT_AVAILABLE_FROM_GSC_LINKS_OR_URL_INSPECTION,SUCCESSFUL,NOT_OBSERVED_IN_CURRENT_GSC_SAMPLES,SEO_P3_LIMITED,"GSC_LINKS_REPORT_RETURNED_NO_USABLE_ROWS; URL Inspection referringUrls 0, external 0. No-row evidence is sampled and is not proof of zero backlinks.",RECHECK_DURING_PHASE_4_IF_DESTRUCTIVE_CHANGE_IS_PROPOSED,HIGH_THAT_CURRENT_FIRST_PARTY_REPORT_WAS_CHECKED; LIMITED_COVERAGE_OF_WEB_LINKS
https://echobuddha.com/daily-reflections/letting-go-keeps-care/,Authenticated GSC Links UI/exports 2026-08-24 + URL Inspection referringUrls,NO_EXTERNAL_DOMAINS_OBSERVED_IN_CURRENT_FIRST_PARTY_SAMPLES,NO_EXTERNAL_ROWS_RETURNED; NOT_A_ZERO_BACKLINK_CLAIM,NO_EXTERNAL_REFERRERS_RETURNED,NOT_AVAILABLE_FROM_GSC_LINKS_OR_URL_INSPECTION,SUCCESSFUL,NOT_OBSERVED_IN_CURRENT_GSC_SAMPLES,SEO_P3_LIMITED,"GSC_LINKS_REPORT_RETURNED_NO_USABLE_ROWS; URL Inspection referringUrls 0, external 0. No-row evidence is sampled and is not proof of zero backlinks.",RECHECK_DURING_PHASE_4_IF_DESTRUCTIVE_CHANGE_IS_PROPOSED,HIGH_THAT_CURRENT_FIRST_PARTY_REPORT_WAS_CHECKED; LIMITED_COVERAGE_OF_WEB_LINKS
https://echobuddha.com/daily-reflections/listen-before-answering/,Authenticated GSC Links UI/exports 2026-08-24 + URL Inspection referringUrls,NO_EXTERNAL_DOMAINS_OBSERVED_IN_CURRENT_FIRST_PARTY_SAMPLES,NO_EXTERNAL_ROWS_RETURNED; NOT_A_ZERO_BACKLINK_CLAIM,NO_EXTERNAL_REFERRERS_RETURNED,NOT_AVAILABLE_FROM_GSC_LINKS_OR_URL_INSPECTION,SUCCESSFUL,NOT_OBSERVED_IN_CURRENT_GSC_SAMPLES,SEO_P3_LIMITED,"GSC_LINKS_REPORT_RETURNED_NO_USABLE_ROWS; URL Inspection referringUrls 0, external 0. No-row evidence is sampled and is not proof of zero backlinks.",RECHECK_DURING_PHASE_4_IF_DESTRUCTIVE_CHANGE_IS_PROPOSED,HIGH_THAT_CURRENT_FIRST_PARTY_REPORT_WAS_CHECKED; LIMITED_COVERAGE_OF_WEB_LINKS
https://echobuddha.com/daily-reflections/metta-for-a-difficult-person/,Authenticated GSC Links UI/exports 2026-08-24 + URL Inspection referringUrls,NO_EXTERNAL_DOMAINS_OBSERVED_IN_CURRENT_FIRST_PARTY_SAMPLES,NO_EXTERNAL_ROWS_RETURNED; NOT_A_ZERO_BACKLINK_CLAIM,NO_EXTERNAL_REFERRERS_RETURNED,NOT_AVAILABLE_FROM_GSC_LINKS_OR_URL_INSPECTION,SUCCESSFUL,NOT_OBSERVED_IN_CURRENT_GSC_SAMPLES,SEO_P2_EMERGING,"GSC_LINKS_REPORT_RETURNED_NO_USABLE_ROWS; URL Inspection referringUrls 0, external 0. No-row evidence is sampled and is not proof of zero backlinks.",RECHECK_DURING_PHASE_4_IF_DESTRUCTIVE_CHANGE_IS_PROPOSED,HIGH_THAT_CURRENT_FIRST_PARTY_REPORT_WAS_CHECKED; LIMITED_COVERAGE_OF_WEB_LINKS
https://echobuddha.com/daily-reflections/mindful-work/,Authenticated GSC Links UI/exports 2026-08-24 + URL Inspection referringUrls,NO_EXTERNAL_DOMAINS_OBSERVED_IN_CURRENT_FIRST_PARTY_SAMPLES,NO_EXTERNAL_ROWS_RETURNED; NOT_A_ZERO_BACKLINK_CLAIM,NO_EXTERNAL_REFERRERS_RETURNED,NOT_AVAILABLE_FROM_GSC_LINKS_OR_URL_INSPECTION,SUCCESSFUL,NOT_OBSERVED_IN_CURRENT_GSC_SAMPLES,SEO_P3_LIMITED,"GSC_LINKS_REPORT_RETURNED_NO_USABLE_ROWS; URL Inspection referringUrls 0, external 0. No-row evidence is sampled and is not proof of zero backlinks.",RECHECK_DURING_PHASE_4_IF_DESTRUCTIVE_CHANGE_IS_PROPOSED,HIGH_THAT_CURRENT_FIRST_PARTY_REPORT_WAS_CHECKED; LIMITED_COVERAGE_OF_WEB_LINKS
https://echobuddha.com/daily-reflections/morning-intention/,Authenticated GSC Links UI/exports 2026-08-24 + URL Inspection referringUrls,NO_EXTERNAL_DOMAINS_OBSERVED_IN_CURRENT_FIRST_PARTY_SAMPLES,NO_EXTERNAL_ROWS_RETURNED; NOT_A_ZERO_BACKLINK_CLAIM,NO_EXTERNAL_REFERRERS_RETURNED,NOT_AVAILABLE_FROM_GSC_LINKS_OR_URL_INSPECTION,SUCCESSFUL,NOT_OBSERVED_IN_CURRENT_GSC_SAMPLES,SEO_P3_LIMITED,"GSC_LINKS_REPORT_RETURNED_NO_USABLE_ROWS; URL Inspection referringUrls 0, external 0. No-row evidence is sampled and is not proof of zero backlinks.",RECHECK_DURING_PHASE_4_IF_DESTRUCTIVE_CHANGE_IS_PROPOSED,HIGH_THAT_CURRENT_FIRST_PARTY_REPORT_WAS_CHECKED; LIMITED_COVERAGE_OF_WEB_LINKS
https://echobuddha.com/daily-reflections/notice-before-fixing/,Authenticated GSC Links UI/exports 2026-08-24 + URL Inspection referringUrls,NO_EXTERNAL_DOMAINS_OBSERVED_IN_CURRENT_FIRST_PARTY_SAMPLES,NO_EXTERNAL_ROWS_RETURNED; NOT_A_ZERO_BACKLINK_CLAIM,NO_EXTERNAL_REFERRERS_RETURNED,NOT_AVAILABLE_FROM_GSC_LINKS_OR_URL_INSPECTION,SUCCESSFUL,NOT_OBSERVED_IN_CURRENT_GSC_SAMPLES,SEO_P3_LIMITED,"GSC_LINKS_REPORT_RETURNED_NO_USABLE_ROWS; URL Inspection referringUrls 0, external 0. No-row evidence is sampled and is not proof of zero backlinks.",RECHECK_DURING_PHASE_4_IF_DESTRUCTIVE_CHANGE_IS_PROPOSED,HIGH_THAT_CURRENT_FIRST_PARTY_REPORT_WAS_CHECKED; LIMITED_COVERAGE_OF_WEB_LINKS
https://echobuddha.com/daily-reflections/one-honest-breath/,Authenticated GSC Links UI/exports 2026-08-24 + URL Inspection referringUrls,NO_EXTERNAL_DOMAINS_OBSERVED_IN_CURRENT_FIRST_PARTY_SAMPLES,NO_EXTERNAL_ROWS_RETURNED; NOT_A_ZERO_BACKLINK_CLAIM,NO_EXTERNAL_REFERRERS_RETURNED,NOT_AVAILABLE_FROM_GSC_LINKS_OR_URL_INSPECTION,SUCCESSFUL,NOT_OBSERVED_IN_CURRENT_GSC_SAMPLES,SEO_P3_LIMITED,"GSC_LINKS_REPORT_RETURNED_NO_USABLE_ROWS; URL Inspection referringUrls 0, external 0. No-row evidence is sampled and is not proof of zero backlinks.",RECHECK_DURING_PHASE_4_IF_DESTRUCTIVE_CHANGE_IS_PROPOSED,HIGH_THAT_CURRENT_FIRST_PARTY_REPORT_WAS_CHECKED; LIMITED_COVERAGE_OF_WEB_LINKS
https://echobuddha.com/daily-reflections/one-step-on-the-path/,Authenticated GSC Links UI/exports 2026-08-24 + URL Inspection referringUrls,NO_EXTERNAL_DOMAINS_OBSERVED_IN_CURRENT_FIRST_PARTY_SAMPLES,NO_EXTERNAL_ROWS_RETURNED; NOT_A_ZERO_BACKLINK_CLAIM,NO_EXTERNAL_REFERRERS_RETURNED,NOT_AVAILABLE_FROM_GSC_LINKS_OR_URL_INSPECTION,SUCCESSFUL,NOT_OBSERVED_IN_CURRENT_GSC_SAMPLES,SEO_P3_LIMITED,"GSC_LINKS_REPORT_RETURNED_NO_USABLE_ROWS; URL Inspection referringUrls 0, external 0. No-row evidence is sampled and is not proof of zero backlinks.",RECHECK_DURING_PHASE_4_IF_DESTRUCTIVE_CHANGE_IS_PROPOSED,HIGH_THAT_CURRENT_FIRST_PARTY_REPORT_WAS_CHECKED; LIMITED_COVERAGE_OF_WEB_LINKS
https://echobuddha.com/daily-reflections/patience-before-anger-speaks/,Authenticated GSC Links UI/exports 2026-08-24 + URL Inspection referringUrls,NO_EXTERNAL_DOMAINS_OBSERVED_IN_CURRENT_FIRST_PARTY_SAMPLES,NO_EXTERNAL_ROWS_RETURNED; NOT_A_ZERO_BACKLINK_CLAIM,NO_EXTERNAL_REFERRERS_RETURNED,NOT_AVAILABLE_FROM_GSC_LINKS_OR_URL_INSPECTION,SUCCESSFUL,NOT_OBSERVED_IN_CURRENT_GSC_SAMPLES,SEO_P2_EMERGING,"GSC_LINKS_REPORT_RETURNED_NO_USABLE_ROWS; URL Inspection referringUrls 0, external 0. No-row evidence is sampled and is not proof of zero backlinks.",RECHECK_DURING_PHASE_4_IF_DESTRUCTIVE_CHANGE_IS_PROPOSED,HIGH_THAT_CURRENT_FIRST_PARTY_REPORT_WAS_CHECKED; LIMITED_COVERAGE_OF_WEB_LINKS
https://echobuddha.com/daily-reflections/rest-without-escape/,Authenticated GSC Links UI/exports 2026-08-24 + URL Inspection referringUrls,NO_EXTERNAL_DOMAINS_OBSERVED_IN_CURRENT_FIRST_PARTY_SAMPLES,NO_EXTERNAL_ROWS_RETURNED; NOT_A_ZERO_BACKLINK_CLAIM,NO_EXTERNAL_REFERRERS_RETURNED,NOT_AVAILABLE_FROM_GSC_LINKS_OR_URL_INSPECTION,SUCCESSFUL,NOT_OBSERVED_IN_CURRENT_GSC_SAMPLES,SEO_P2_EMERGING,"GSC_LINKS_REPORT_RETURNED_NO_USABLE_ROWS; URL Inspection referringUrls 0, external 0. No-row evidence is sampled and is not proof of zero backlinks.",RECHECK_DURING_PHASE_4_IF_DESTRUCTIVE_CHANGE_IS_PROPOSED,HIGH_THAT_CURRENT_FIRST_PARTY_REPORT_WAS_CHECKED; LIMITED_COVERAGE_OF_WEB_LINKS
https://echobuddha.com/daily-reflections/see-the-conditions/,Authenticated GSC Links UI/exports 2026-08-24 + URL Inspection referringUrls,NO_EXTERNAL_DOMAINS_OBSERVED_IN_CURRENT_FIRST_PARTY_SAMPLES,NO_EXTERNAL_ROWS_RETURNED; NOT_A_ZERO_BACKLINK_CLAIM,NO_EXTERNAL_REFERRERS_RETURNED,NOT_AVAILABLE_FROM_GSC_LINKS_OR_URL_INSPECTION,SUCCESSFUL,NOT_OBSERVED_IN_CURRENT_GSC_SAMPLES,SEO_P3_LIMITED,"GSC_LINKS_REPORT_RETURNED_NO_USABLE_ROWS; URL Inspection referringUrls 0, external 0. No-row evidence is sampled and is not proof of zero backlinks.",RECHECK_DURING_PHASE_4_IF_DESTRUCTIVE_CHANGE_IS_PROPOSED,HIGH_THAT_CURRENT_FIRST_PARTY_REPORT_WAS_CHECKED; LIMITED_COVERAGE_OF_WEB_LINKS
https://echobuddha.com/daily-reflections/simple-goodwill/,Authenticated GSC Links UI/exports 2026-08-24 + URL Inspection referringUrls,NO_EXTERNAL_DOMAINS_OBSERVED_IN_CURRENT_FIRST_PARTY_SAMPLES,NO_EXTERNAL_ROWS_RETURNED; NOT_A_ZERO_BACKLINK_CLAIM,NO_EXTERNAL_REFERRERS_RETURNED,NOT_AVAILABLE_FROM_GSC_LINKS_OR_URL_INSPECTION,SUCCESSFUL,NOT_OBSERVED_IN_CURRENT_GSC_SAMPLES,SEO_P3_LIMITED,"GSC_LINKS_REPORT_RETURNED_NO_USABLE_ROWS; URL Inspection referringUrls 0, external 0. No-row evidence is sampled and is not proof of zero backlinks.",RECHECK_DURING_PHASE_4_IF_DESTRUCTIVE_CHANGE_IS_PROPOSED,HIGH_THAT_CURRENT_FIRST_PARTY_REPORT_WAS_CHECKED; LIMITED_COVERAGE_OF_WEB_LINKS
https://echobuddha.com/daily-reflections/small-actions-shape-the-mind/,Authenticated GSC Links UI/exports 2026-08-24 + URL Inspection referringUrls,NO_EXTERNAL_DOMAINS_OBSERVED_IN_CURRENT_FIRST_PARTY_SAMPLES,NO_EXTERNAL_ROWS_RETURNED; NOT_A_ZERO_BACKLINK_CLAIM,NO_EXTERNAL_REFERRERS_RETURNED,NOT_AVAILABLE_FROM_GSC_LINKS_OR_URL_INSPECTION,SUCCESSFUL,NOT_OBSERVED_IN_CURRENT_GSC_SAMPLES,SEO_P2_EMERGING,"GSC_LINKS_REPORT_RETURNED_NO_USABLE_ROWS; URL Inspection referringUrls 0, external 0. No-row evidence is sampled and is not proof of zero backlinks.",RECHECK_DURING_PHASE_4_IF_DESTRUCTIVE_CHANGE_IS_PROPOSED,HIGH_THAT_CURRENT_FIRST_PARTY_REPORT_WAS_CHECKED; LIMITED_COVERAGE_OF_WEB_LINKS
https://echobuddha.com/daily-reflections/soften-the-inner-argument/,Authenticated GSC Links UI/exports 2026-08-24 + URL Inspection referringUrls,NO_EXTERNAL_DOMAINS_OBSERVED_IN_CURRENT_FIRST_PARTY_SAMPLES,NO_EXTERNAL_ROWS_RETURNED; NOT_A_ZERO_BACKLINK_CLAIM,NO_EXTERNAL_REFERRERS_RETURNED,NOT_AVAILABLE_FROM_GSC_LINKS_OR_URL_INSPECTION,SUCCESSFUL,NOT_OBSERVED_IN_CURRENT_GSC_SAMPLES,SEO_P3_LIMITED,"GSC_LINKS_REPORT_RETURNED_NO_USABLE_ROWS; URL Inspection referringUrls 0, external 0. No-row evidence is sampled and is not proof of zero backlinks.",RECHECK_DURING_PHASE_4_IF_DESTRUCTIVE_CHANGE_IS_PROPOSED,HIGH_THAT_CURRENT_FIRST_PARTY_REPORT_WAS_CHECKED; LIMITED_COVERAGE_OF_WEB_LINKS
https://echobuddha.com/daily-reflections/speech-can-reduce-suffering/,Authenticated GSC Links UI/exports 2026-08-24 + URL Inspection referringUrls,NO_EXTERNAL_DOMAINS_OBSERVED_IN_CURRENT_FIRST_PARTY_SAMPLES,NO_EXTERNAL_ROWS_RETURNED; NOT_A_ZERO_BACKLINK_CLAIM,NO_EXTERNAL_REFERRERS_RETURNED,NOT_AVAILABLE_FROM_GSC_LINKS_OR_URL_INSPECTION,SUCCESSFUL,NOT_OBSERVED_IN_CURRENT_GSC_SAMPLES,SEO_P3_LIMITED,"GSC_LINKS_REPORT_RETURNED_NO_USABLE_ROWS; URL Inspection referringUrls 0, external 0. No-row evidence is sampled and is not proof of zero backlinks.",RECHECK_DURING_PHASE_4_IF_DESTRUCTIVE_CHANGE_IS_PROPOSED,HIGH_THAT_CURRENT_FIRST_PARTY_REPORT_WAS_CHECKED; LIMITED_COVERAGE_OF_WEB_LINKS
https://echobuddha.com/daily-reflections/the-first-truth-is-kind/,Authenticated GSC Links UI/exports 2026-08-24 + URL Inspection referringUrls,NO_EXTERNAL_DOMAINS_OBSERVED_IN_CURRENT_FIRST_PARTY_SAMPLES,NO_EXTERNAL_ROWS_RETURNED; NOT_A_ZERO_BACKLINK_CLAIM,NO_EXTERNAL_REFERRERS_RETURNED,NOT_AVAILABLE_FROM_GSC_LINKS_OR_URL_INSPECTION,SUCCESSFUL,NOT_OBSERVED_IN_CURRENT_GSC_SAMPLES,SEO_P3_LIMITED,"GSC_LINKS_REPORT_RETURNED_NO_USABLE_ROWS; URL Inspection referringUrls 0, external 0. No-row evidence is sampled and is not proof of zero backlinks.",RECHECK_DURING_PHASE_4_IF_DESTRUCTIVE_CHANGE_IS_PROPOSED,HIGH_THAT_CURRENT_FIRST_PARTY_REPORT_WAS_CHECKED; LIMITED_COVERAGE_OF_WEB_LINKS
https://echobuddha.com/daily-reflections/thoughts-are-visitors/,Authenticated GSC Links UI/exports 2026-08-24 + URL Inspection referringUrls,NO_EXTERNAL_DOMAINS_OBSERVED_IN_CURRENT_FIRST_PARTY_SAMPLES,NO_EXTERNAL_ROWS_RETURNED; NOT_A_ZERO_BACKLINK_CLAIM,NO_EXTERNAL_REFERRERS_RETURNED,NOT_AVAILABLE_FROM_GSC_LINKS_OR_URL_INSPECTION,SUCCESSFUL,NOT_OBSERVED_IN_CURRENT_GSC_SAMPLES,SEO_P2_EMERGING,"GSC_LINKS_REPORT_RETURNED_NO_USABLE_ROWS; URL Inspection referringUrls 0, external 0. No-row evidence is sampled and is not proof of zero backlinks.",RECHECK_DURING_PHASE_4_IF_DESTRUCTIVE_CHANGE_IS_PROPOSED,HIGH_THAT_CURRENT_FIRST_PARTY_REPORT_WAS_CHECKED; LIMITED_COVERAGE_OF_WEB_LINKS
https://echobuddha.com/daily-reflections/today/,Authenticated GSC Links UI/exports 2026-08-24 + URL Inspection referringUrls,NO_EXTERNAL_DOMAINS_OBSERVED_IN_CURRENT_FIRST_PARTY_SAMPLES,NO_EXTERNAL_ROWS_RETURNED; NOT_A_ZERO_BACKLINK_CLAIM,NO_EXTERNAL_REFERRERS_RETURNED,NOT_AVAILABLE_FROM_GSC_LINKS_OR_URL_INSPECTION,SUCCESSFUL,NOT_OBSERVED_IN_CURRENT_GSC_SAMPLES,SEO_P2_EMERGING,"GSC_LINKS_REPORT_RETURNED_NO_USABLE_ROWS; URL Inspection referringUrls 0, external 0. No-row evidence is sampled and is not proof of zero backlinks.",RECHECK_DURING_PHASE_4_IF_DESTRUCTIVE_CHANGE_IS_PROPOSED,HIGH_THAT_CURRENT_FIRST_PARTY_REPORT_WAS_CHECKED; LIMITED_COVERAGE_OF_WEB_LINKS
https://echobuddha.com/daily-reflections/walking-as-practice/,Authenticated GSC Links UI/exports 2026-08-24 + URL Inspection referringUrls,NO_EXTERNAL_DOMAINS_OBSERVED_IN_CURRENT_FIRST_PARTY_SAMPLES,NO_EXTERNAL_ROWS_RETURNED; NOT_A_ZERO_BACKLINK_CLAIM,NO_EXTERNAL_REFERRERS_RETURNED,NOT_AVAILABLE_FROM_GSC_LINKS_OR_URL_INSPECTION,SUCCESSFUL,NOT_OBSERVED_IN_CURRENT_GSC_SAMPLES,SEO_P2_EMERGING,"GSC_LINKS_REPORT_RETURNED_NO_USABLE_ROWS; URL Inspection referringUrls 0, external 0. No-row evidence is sampled and is not proof of zero backlinks.",RECHECK_DURING_PHASE_4_IF_DESTRUCTIVE_CHANGE_IS_PROPOSED,HIGH_THAT_CURRENT_FIRST_PARTY_REPORT_WAS_CHECKED; LIMITED_COVERAGE_OF_WEB_LINKS
https://echobuddha.com/disclaimer/,Authenticated GSC Links UI/exports 2026-08-24 + URL Inspection referringUrls,NO_EXTERNAL_DOMAINS_OBSERVED_IN_CURRENT_FIRST_PARTY_SAMPLES,NO_EXTERNAL_ROWS_RETURNED; NOT_A_ZERO_BACKLINK_CLAIM,NO_EXTERNAL_REFERRERS_RETURNED,NOT_AVAILABLE_FROM_GSC_LINKS_OR_URL_INSPECTION,SUCCESSFUL,NOT_OBSERVED_IN_CURRENT_GSC_SAMPLES,SEO_P2_EMERGING,"GSC_LINKS_REPORT_RETURNED_NO_USABLE_ROWS; URL Inspection referringUrls 0, external 0. No-row evidence is sampled and is not proof of zero backlinks.",RECHECK_DURING_PHASE_4_IF_DESTRUCTIVE_CHANGE_IS_PROPOSED,HIGH_THAT_CURRENT_FIRST_PARTY_REPORT_WAS_CHECKED; LIMITED_COVERAGE_OF_WEB_LINKS
https://echobuddha.com/editorial-policy/,Authenticated GSC Links UI/exports 2026-08-24 + URL Inspection referringUrls,NO_EXTERNAL_DOMAINS_OBSERVED_IN_CURRENT_FIRST_PARTY_SAMPLES,NO_EXTERNAL_ROWS_RETURNED; NOT_A_ZERO_BACKLINK_CLAIM,NO_EXTERNAL_REFERRERS_RETURNED,NOT_AVAILABLE_FROM_GSC_LINKS_OR_URL_INSPECTION,SUCCESSFUL,NOT_OBSERVED_IN_CURRENT_GSC_SAMPLES,SEO_P2_EMERGING,"GSC_LINKS_REPORT_RETURNED_NO_USABLE_ROWS; URL Inspection referringUrls 0, external 0. No-row evidence is sampled and is not proof of zero backlinks.",RECHECK_DURING_PHASE_4_IF_DESTRUCTIVE_CHANGE_IS_PROPOSED,HIGH_THAT_CURRENT_FIRST_PARTY_REPORT_WAS_CHECKED; LIMITED_COVERAGE_OF_WEB_LINKS
https://echobuddha.com/how-echo-buddha-creates-content/,Authenticated GSC Links UI/exports 2026-08-24 + URL Inspection referringUrls,NO_EXTERNAL_DOMAINS_OBSERVED_IN_CURRENT_FIRST_PARTY_SAMPLES,NO_EXTERNAL_ROWS_RETURNED; NOT_A_ZERO_BACKLINK_CLAIM,NO_EXTERNAL_REFERRERS_RETURNED,NOT_AVAILABLE_FROM_GSC_LINKS_OR_URL_INSPECTION,SUCCESSFUL,NOT_OBSERVED_IN_CURRENT_GSC_SAMPLES,SEO_P2_EMERGING,"GSC_LINKS_REPORT_RETURNED_NO_USABLE_ROWS; URL Inspection referringUrls 1, external 0. No-row evidence is sampled and is not proof of zero backlinks.",RECHECK_DURING_PHASE_4_IF_DESTRUCTIVE_CHANGE_IS_PROPOSED,HIGH_THAT_CURRENT_FIRST_PARTY_REPORT_WAS_CHECKED; LIMITED_COVERAGE_OF_WEB_LINKS
https://echobuddha.com/,Authenticated GSC Links UI/exports 2026-08-24 + URL Inspection referringUrls,NO_EXTERNAL_DOMAINS_OBSERVED_IN_CURRENT_FIRST_PARTY_SAMPLES,NO_EXTERNAL_ROWS_RETURNED; NOT_A_ZERO_BACKLINK_CLAIM,NO_EXTERNAL_REFERRERS_RETURNED,NOT_AVAILABLE_FROM_GSC_LINKS_OR_URL_INSPECTION,SUCCESSFUL,NOT_OBSERVED_IN_CURRENT_GSC_SAMPLES,SEO_P0_CRITICAL,"GSC_LINKS_REPORT_RETURNED_NO_USABLE_ROWS; URL Inspection referringUrls 1, external 0. No-row evidence is sampled and is not proof of zero backlinks.",RECHECK_BEFORE_ANY_FUTURE_URL_MIGRATION,HIGH_THAT_CURRENT_FIRST_PARTY_REPORT_WAS_CHECKED; LIMITED_COVERAGE_OF_WEB_LINKS
https://echobuddha.com/learn/buddhism-101/a-simple-daily-buddhist-practice/,Authenticated GSC Links UI/exports 2026-08-24 + URL Inspection referringUrls,NO_EXTERNAL_DOMAINS_OBSERVED_IN_CURRENT_FIRST_PARTY_SAMPLES,NO_EXTERNAL_ROWS_RETURNED; NOT_A_ZERO_BACKLINK_CLAIM,NO_EXTERNAL_REFERRERS_RETURNED,NOT_AVAILABLE_FROM_GSC_LINKS_OR_URL_INSPECTION,SUCCESSFUL,NOT_OBSERVED_IN_CURRENT_GSC_SAMPLES,SEO_P2_EMERGING,"GSC_LINKS_REPORT_RETURNED_NO_USABLE_ROWS; URL Inspection referringUrls 0, external 0. No-row evidence is sampled and is not proof of zero backlinks.",RECHECK_DURING_PHASE_4_IF_DESTRUCTIVE_CHANGE_IS_PROPOSED,HIGH_THAT_CURRENT_FIRST_PARTY_REPORT_WAS_CHECKED; LIMITED_COVERAGE_OF_WEB_LINKS
https://echobuddha.com/learn/buddhism-101/dependent-origination-explained/,Authenticated GSC Links UI/exports 2026-08-24 + URL Inspection referringUrls,NO_EXTERNAL_DOMAINS_OBSERVED_IN_CURRENT_FIRST_PARTY_SAMPLES,NO_EXTERNAL_ROWS_RETURNED; NOT_A_ZERO_BACKLINK_CLAIM,NO_EXTERNAL_REFERRERS_RETURNED,NOT_AVAILABLE_FROM_GSC_LINKS_OR_URL_INSPECTION,SUCCESSFUL,NOT_OBSERVED_IN_CURRENT_GSC_SAMPLES,SEO_P2_EMERGING,"GSC_LINKS_REPORT_RETURNED_NO_USABLE_ROWS; URL Inspection referringUrls 0, external 0. No-row evidence is sampled and is not proof of zero backlinks.",RECHECK_DURING_PHASE_4_IF_DESTRUCTIVE_CHANGE_IS_PROPOSED,HIGH_THAT_CURRENT_FIRST_PARTY_REPORT_WAS_CHECKED; LIMITED_COVERAGE_OF_WEB_LINKS
https://echobuddha.com/learn/buddhism-101/five-aggregates-buddhism/,Authenticated GSC Links UI/exports 2026-08-24 + URL Inspection referringUrls,NO_EXTERNAL_DOMAINS_OBSERVED_IN_CURRENT_FIRST_PARTY_SAMPLES,NO_EXTERNAL_ROWS_RETURNED; NOT_A_ZERO_BACKLINK_CLAIM,NO_EXTERNAL_REFERRERS_RETURNED,NOT_AVAILABLE_FROM_GSC_LINKS_OR_URL_INSPECTION,SUCCESSFUL,NOT_OBSERVED_IN_CURRENT_GSC_SAMPLES,SEO_P2_EMERGING,"GSC_LINKS_REPORT_RETURNED_NO_USABLE_ROWS; URL Inspection referringUrls 0, external 0. No-row evidence is sampled and is not proof of zero backlinks.",RECHECK_DURING_PHASE_4_IF_DESTRUCTIVE_CHANGE_IS_PROPOSED,HIGH_THAT_CURRENT_FIRST_PARTY_REPORT_WAS_CHECKED; LIMITED_COVERAGE_OF_WEB_LINKS
https://echobuddha.com/learn/buddhism-101/five-hindrances-in-buddhism/,Authenticated GSC Links UI/exports 2026-08-24 + URL Inspection referringUrls,NO_EXTERNAL_DOMAINS_OBSERVED_IN_CURRENT_FIRST_PARTY_SAMPLES,NO_EXTERNAL_ROWS_RETURNED; NOT_A_ZERO_BACKLINK_CLAIM,NO_EXTERNAL_REFERRERS_RETURNED,NOT_AVAILABLE_FROM_GSC_LINKS_OR_URL_INSPECTION,SUCCESSFUL,NOT_OBSERVED_IN_CURRENT_GSC_SAMPLES,SEO_P2_EMERGING,"GSC_LINKS_REPORT_RETURNED_NO_USABLE_ROWS; URL Inspection referringUrls 1, external 0. No-row evidence is sampled and is not proof of zero backlinks.",RECHECK_DURING_PHASE_4_IF_DESTRUCTIVE_CHANGE_IS_PROPOSED,HIGH_THAT_CURRENT_FIRST_PARTY_REPORT_WAS_CHECKED; LIMITED_COVERAGE_OF_WEB_LINKS
https://echobuddha.com/learn/buddhism-101/five-precepts-buddhism/,Authenticated GSC Links UI/exports 2026-08-24 + URL Inspection referringUrls,NO_EXTERNAL_DOMAINS_OBSERVED_IN_CURRENT_FIRST_PARTY_SAMPLES,NO_EXTERNAL_ROWS_RETURNED; NOT_A_ZERO_BACKLINK_CLAIM,NO_EXTERNAL_REFERRERS_RETURNED,NOT_AVAILABLE_FROM_GSC_LINKS_OR_URL_INSPECTION,SUCCESSFUL,NOT_OBSERVED_IN_CURRENT_GSC_SAMPLES,SEO_P2_EMERGING,"GSC_LINKS_REPORT_RETURNED_NO_USABLE_ROWS; URL Inspection referringUrls 0, external 0. No-row evidence is sampled and is not proof of zero backlinks.",RECHECK_DURING_PHASE_4_IF_DESTRUCTIVE_CHANGE_IS_PROPOSED,HIGH_THAT_CURRENT_FIRST_PARTY_REPORT_WAS_CHECKED; LIMITED_COVERAGE_OF_WEB_LINKS
https://echobuddha.com/learn/buddhism-101/four-brahmaviharas/,Authenticated GSC Links UI/exports 2026-08-24 + URL Inspection referringUrls,NO_EXTERNAL_DOMAINS_OBSERVED_IN_CURRENT_FIRST_PARTY_SAMPLES,NO_EXTERNAL_ROWS_RETURNED; NOT_A_ZERO_BACKLINK_CLAIM,NO_EXTERNAL_REFERRERS_RETURNED,NOT_AVAILABLE_FROM_GSC_LINKS_OR_URL_INSPECTION,SUCCESSFUL,NOT_OBSERVED_IN_CURRENT_GSC_SAMPLES,SEO_P2_EMERGING,"GSC_LINKS_REPORT_RETURNED_NO_USABLE_ROWS; URL Inspection referringUrls 1, external 0. No-row evidence is sampled and is not proof of zero backlinks.",RECHECK_DURING_PHASE_4_IF_DESTRUCTIVE_CHANGE_IS_PROPOSED,HIGH_THAT_CURRENT_FIRST_PARTY_REPORT_WAS_CHECKED; LIMITED_COVERAGE_OF_WEB_LINKS
https://echobuddha.com/learn/buddhism-101/how-to-practice-buddhism-at-home/,Authenticated GSC Links UI/exports 2026-08-24 + URL Inspection referringUrls,NO_EXTERNAL_DOMAINS_OBSERVED_IN_CURRENT_FIRST_PARTY_SAMPLES,NO_EXTERNAL_ROWS_RETURNED; NOT_A_ZERO_BACKLINK_CLAIM,NO_EXTERNAL_REFERRERS_RETURNED,NOT_AVAILABLE_FROM_GSC_LINKS_OR_URL_INSPECTION,SUCCESSFUL,NOT_OBSERVED_IN_CURRENT_GSC_SAMPLES,SEO_P2_EMERGING,"GSC_LINKS_REPORT_RETURNED_NO_USABLE_ROWS; URL Inspection referringUrls 0, external 0. No-row evidence is sampled and is not proof of zero backlinks.",RECHECK_DURING_PHASE_4_IF_DESTRUCTIVE_CHANGE_IS_PROPOSED,HIGH_THAT_CURRENT_FIRST_PARTY_REPORT_WAS_CHECKED; LIMITED_COVERAGE_OF_WEB_LINKS
https://echobuddha.com/learn/buddhism-101/,Authenticated GSC Links UI/exports 2026-08-24 + URL Inspection referringUrls,NO_EXTERNAL_DOMAINS_OBSERVED_IN_CURRENT_FIRST_PARTY_SAMPLES,NO_EXTERNAL_ROWS_RETURNED; NOT_A_ZERO_BACKLINK_CLAIM,NO_EXTERNAL_REFERRERS_RETURNED,NOT_AVAILABLE_FROM_GSC_LINKS_OR_URL_INSPECTION,SUCCESSFUL,NOT_OBSERVED_IN_CURRENT_GSC_SAMPLES,SEO_P2_EMERGING,"GSC_LINKS_REPORT_RETURNED_NO_USABLE_ROWS; URL Inspection referringUrls 0, external 0. No-row evidence is sampled and is not proof of zero backlinks.",RECHECK_DURING_PHASE_4_IF_DESTRUCTIVE_CHANGE_IS_PROPOSED,HIGH_THAT_CURRENT_FIRST_PARTY_REPORT_WAS_CHECKED; LIMITED_COVERAGE_OF_WEB_LINKS
https://echobuddha.com/learn/buddhism-101/middle-way-explained-for-beginners/,Authenticated GSC Links UI/exports 2026-08-24 + URL Inspection referringUrls,NO_EXTERNAL_DOMAINS_OBSERVED_IN_CURRENT_FIRST_PARTY_SAMPLES,NO_EXTERNAL_ROWS_RETURNED; NOT_A_ZERO_BACKLINK_CLAIM,NO_EXTERNAL_REFERRERS_RETURNED,NOT_AVAILABLE_FROM_GSC_LINKS_OR_URL_INSPECTION,SUCCESSFUL,NOT_OBSERVED_IN_CURRENT_GSC_SAMPLES,SEO_P2_EMERGING,"GSC_LINKS_REPORT_RETURNED_NO_USABLE_ROWS; URL Inspection referringUrls 1, external 0. No-row evidence is sampled and is not proof of zero backlinks.",RECHECK_DURING_PHASE_4_IF_DESTRUCTIVE_CHANGE_IS_PROPOSED,HIGH_THAT_CURRENT_FIRST_PARTY_REPORT_WAS_CHECKED; LIMITED_COVERAGE_OF_WEB_LINKS
https://echobuddha.com/learn/buddhism-101/right-livelihood-buddhism/,Authenticated GSC Links UI/exports 2026-08-24 + URL Inspection referringUrls,NO_EXTERNAL_DOMAINS_OBSERVED_IN_CURRENT_FIRST_PARTY_SAMPLES,NO_EXTERNAL_ROWS_RETURNED; NOT_A_ZERO_BACKLINK_CLAIM,NO_EXTERNAL_REFERRERS_RETURNED,NOT_AVAILABLE_FROM_GSC_LINKS_OR_URL_INSPECTION,SUCCESSFUL,NOT_OBSERVED_IN_CURRENT_GSC_SAMPLES,SEO_P2_EMERGING,"GSC_LINKS_REPORT_RETURNED_NO_USABLE_ROWS; URL Inspection referringUrls 0, external 0. No-row evidence is sampled and is not proof of zero backlinks.",RECHECK_DURING_PHASE_4_IF_DESTRUCTIVE_CHANGE_IS_PROPOSED,HIGH_THAT_CURRENT_FIRST_PARTY_REPORT_WAS_CHECKED; LIMITED_COVERAGE_OF_WEB_LINKS
https://echobuddha.com/learn/buddhism-101/the-four-noble-truths-explained/,Authenticated GSC Links UI/exports 2026-08-24 + URL Inspection referringUrls,NO_EXTERNAL_DOMAINS_OBSERVED_IN_CURRENT_FIRST_PARTY_SAMPLES,NO_EXTERNAL_ROWS_RETURNED; NOT_A_ZERO_BACKLINK_CLAIM,NO_EXTERNAL_REFERRERS_RETURNED,NOT_AVAILABLE_FROM_GSC_LINKS_OR_URL_INSPECTION,SUCCESSFUL,NOT_OBSERVED_IN_CURRENT_GSC_SAMPLES,SEO_P2_EMERGING,"GSC_LINKS_REPORT_RETURNED_NO_USABLE_ROWS; URL Inspection referringUrls 0, external 0. No-row evidence is sampled and is not proof of zero backlinks.",RECHECK_DURING_PHASE_4_IF_DESTRUCTIVE_CHANGE_IS_PROPOSED,HIGH_THAT_CURRENT_FIRST_PARTY_REPORT_WAS_CHECKED; LIMITED_COVERAGE_OF_WEB_LINKS
https://echobuddha.com/learn/buddhism-101/the-noble-eightfold-path-explained/,Authenticated GSC Links UI/exports 2026-08-24 + URL Inspection referringUrls,NO_EXTERNAL_DOMAINS_OBSERVED_IN_CURRENT_FIRST_PARTY_SAMPLES,NO_EXTERNAL_ROWS_RETURNED; NOT_A_ZERO_BACKLINK_CLAIM,NO_EXTERNAL_REFERRERS_RETURNED,NOT_AVAILABLE_FROM_GSC_LINKS_OR_URL_INSPECTION,SUCCESSFUL,NOT_OBSERVED_IN_CURRENT_GSC_SAMPLES,SEO_P2_EMERGING,"GSC_LINKS_REPORT_RETURNED_NO_USABLE_ROWS; URL Inspection referringUrls 0, external 0. No-row evidence is sampled and is not proof of zero backlinks.",RECHECK_DURING_PHASE_4_IF_DESTRUCTIVE_CHANGE_IS_PROPOSED,HIGH_THAT_CURRENT_FIRST_PARTY_REPORT_WAS_CHECKED; LIMITED_COVERAGE_OF_WEB_LINKS
https://echobuddha.com/learn/buddhism-101/the-three-jewels-explained/,Authenticated GSC Links UI/exports 2026-08-24 + URL Inspection referringUrls,NO_EXTERNAL_DOMAINS_OBSERVED_IN_CURRENT_FIRST_PARTY_SAMPLES,NO_EXTERNAL_ROWS_RETURNED; NOT_A_ZERO_BACKLINK_CLAIM,NO_EXTERNAL_REFERRERS_RETURNED,NOT_AVAILABLE_FROM_GSC_LINKS_OR_URL_INSPECTION,SUCCESSFUL,NOT_OBSERVED_IN_CURRENT_GSC_SAMPLES,SEO_P2_EMERGING,"GSC_LINKS_REPORT_RETURNED_NO_USABLE_ROWS; URL Inspection referringUrls 0, external 0. No-row evidence is sampled and is not proof of zero backlinks.",RECHECK_DURING_PHASE_4_IF_DESTRUCTIVE_CHANGE_IS_PROPOSED,HIGH_THAT_CURRENT_FIRST_PARTY_REPORT_WAS_CHECKED; LIMITED_COVERAGE_OF_WEB_LINKS
https://echobuddha.com/learn/buddhism-101/three-marks-of-existence/,Authenticated GSC Links UI/exports 2026-08-24 + URL Inspection referringUrls,NO_EXTERNAL_DOMAINS_OBSERVED_IN_CURRENT_FIRST_PARTY_SAMPLES,NO_EXTERNAL_ROWS_RETURNED; NOT_A_ZERO_BACKLINK_CLAIM,NO_EXTERNAL_REFERRERS_RETURNED,NOT_AVAILABLE_FROM_GSC_LINKS_OR_URL_INSPECTION,SUCCESSFUL,NOT_OBSERVED_IN_CURRENT_GSC_SAMPLES,SEO_P2_EMERGING,"GSC_LINKS_REPORT_RETURNED_NO_USABLE_ROWS; URL Inspection referringUrls 0, external 0. No-row evidence is sampled and is not proof of zero backlinks.",RECHECK_DURING_PHASE_4_IF_DESTRUCTIVE_CHANGE_IS_PROPOSED,HIGH_THAT_CURRENT_FIRST_PARTY_REPORT_WAS_CHECKED; LIMITED_COVERAGE_OF_WEB_LINKS
https://echobuddha.com/learn/buddhism-101/threefold-training-sila-samadhi-panna/,Authenticated GSC Links UI/exports 2026-08-24 + URL Inspection referringUrls,NO_EXTERNAL_DOMAINS_OBSERVED_IN_CURRENT_FIRST_PARTY_SAMPLES,NO_EXTERNAL_ROWS_RETURNED; NOT_A_ZERO_BACKLINK_CLAIM,NO_EXTERNAL_REFERRERS_RETURNED,NOT_AVAILABLE_FROM_GSC_LINKS_OR_URL_INSPECTION,SUCCESSFUL,NOT_OBSERVED_IN_CURRENT_GSC_SAMPLES,SEO_P1_HIGH,"GSC_LINKS_REPORT_RETURNED_NO_USABLE_ROWS; URL Inspection referringUrls 1, external 0. No-row evidence is sampled and is not proof of zero backlinks.",RECHECK_BEFORE_ANY_FUTURE_URL_MIGRATION,HIGH_THAT_CURRENT_FIRST_PARTY_REPORT_WAS_CHECKED; LIMITED_COVERAGE_OF_WEB_LINKS
https://echobuddha.com/learn/buddhism-101/what-is-buddhism/,Authenticated GSC Links UI/exports 2026-08-24 + URL Inspection referringUrls,NO_EXTERNAL_DOMAINS_OBSERVED_IN_CURRENT_FIRST_PARTY_SAMPLES,NO_EXTERNAL_ROWS_RETURNED; NOT_A_ZERO_BACKLINK_CLAIM,NO_EXTERNAL_REFERRERS_RETURNED,NOT_AVAILABLE_FROM_GSC_LINKS_OR_URL_INSPECTION,SUCCESSFUL,NOT_OBSERVED_IN_CURRENT_GSC_SAMPLES,SEO_P2_EMERGING,"GSC_LINKS_REPORT_RETURNED_NO_USABLE_ROWS; URL Inspection referringUrls 0, external 0. No-row evidence is sampled and is not proof of zero backlinks.",RECHECK_DURING_PHASE_4_IF_DESTRUCTIVE_CHANGE_IS_PROPOSED,HIGH_THAT_CURRENT_FIRST_PARTY_REPORT_WAS_CHECKED; LIMITED_COVERAGE_OF_WEB_LINKS
https://echobuddha.com/learn/buddhism-101/what-is-impermanence/,Authenticated GSC Links UI/exports 2026-08-24 + URL Inspection referringUrls,NO_EXTERNAL_DOMAINS_OBSERVED_IN_CURRENT_FIRST_PARTY_SAMPLES,NO_EXTERNAL_ROWS_RETURNED; NOT_A_ZERO_BACKLINK_CLAIM,NO_EXTERNAL_REFERRERS_RETURNED,NOT_AVAILABLE_FROM_GSC_LINKS_OR_URL_INSPECTION,SUCCESSFUL,NOT_OBSERVED_IN_CURRENT_GSC_SAMPLES,SEO_P2_EMERGING,"GSC_LINKS_REPORT_RETURNED_NO_USABLE_ROWS; URL Inspection referringUrls 0, external 0. No-row evidence is sampled and is not proof of zero backlinks.",RECHECK_DURING_PHASE_4_IF_DESTRUCTIVE_CHANGE_IS_PROPOSED,HIGH_THAT_CURRENT_FIRST_PARTY_REPORT_WAS_CHECKED; LIMITED_COVERAGE_OF_WEB_LINKS
https://echobuddha.com/learn/buddhism-101/what-is-karma-in-buddhism/,Authenticated GSC Links UI/exports 2026-08-24 + URL Inspection referringUrls,NO_EXTERNAL_DOMAINS_OBSERVED_IN_CURRENT_FIRST_PARTY_SAMPLES,NO_EXTERNAL_ROWS_RETURNED; NOT_A_ZERO_BACKLINK_CLAIM,NO_EXTERNAL_REFERRERS_RETURNED,NOT_AVAILABLE_FROM_GSC_LINKS_OR_URL_INSPECTION,SUCCESSFUL,NOT_OBSERVED_IN_CURRENT_GSC_SAMPLES,SEO_P2_EMERGING,"GSC_LINKS_REPORT_RETURNED_NO_USABLE_ROWS; URL Inspection referringUrls 0, external 0. No-row evidence is sampled and is not proof of zero backlinks.",RECHECK_DURING_PHASE_4_IF_DESTRUCTIVE_CHANGE_IS_PROPOSED,HIGH_THAT_CURRENT_FIRST_PARTY_REPORT_WAS_CHECKED; LIMITED_COVERAGE_OF_WEB_LINKS
https://echobuddha.com/learn/buddhism-101/what-is-mindfulness/,Authenticated GSC Links UI/exports 2026-08-24 + URL Inspection referringUrls,NO_EXTERNAL_DOMAINS_OBSERVED_IN_CURRENT_FIRST_PARTY_SAMPLES,NO_EXTERNAL_ROWS_RETURNED; NOT_A_ZERO_BACKLINK_CLAIM,NO_EXTERNAL_REFERRERS_RETURNED,NOT_AVAILABLE_FROM_GSC_LINKS_OR_URL_INSPECTION,SUCCESSFUL,NOT_OBSERVED_IN_CURRENT_GSC_SAMPLES,SEO_P1_HIGH,"GSC_LINKS_REPORT_RETURNED_NO_USABLE_ROWS; URL Inspection referringUrls 0, external 0. No-row evidence is sampled and is not proof of zero backlinks.",RECHECK_BEFORE_ANY_FUTURE_URL_MIGRATION,HIGH_THAT_CURRENT_FIRST_PARTY_REPORT_WAS_CHECKED; LIMITED_COVERAGE_OF_WEB_LINKS
https://echobuddha.com/learn/buddhism-101/who-was-the-buddha/,Authenticated GSC Links UI/exports 2026-08-24 + URL Inspection referringUrls,NO_EXTERNAL_DOMAINS_OBSERVED_IN_CURRENT_FIRST_PARTY_SAMPLES,NO_EXTERNAL_ROWS_RETURNED; NOT_A_ZERO_BACKLINK_CLAIM,NO_EXTERNAL_REFERRERS_RETURNED,NOT_AVAILABLE_FROM_GSC_LINKS_OR_URL_INSPECTION,SUCCESSFUL,NOT_OBSERVED_IN_CURRENT_GSC_SAMPLES,SEO_P2_EMERGING,"GSC_LINKS_REPORT_RETURNED_NO_USABLE_ROWS; URL Inspection referringUrls 1, external 0. No-row evidence is sampled and is not proof of zero backlinks.",RECHECK_DURING_PHASE_4_IF_DESTRUCTIVE_CHANGE_IS_PROPOSED,HIGH_THAT_CURRENT_FIRST_PARTY_REPORT_WAS_CHECKED; LIMITED_COVERAGE_OF_WEB_LINKS
https://echobuddha.com/learn/buddhism-for-beginners/,Authenticated GSC Links UI/exports 2026-08-24 + URL Inspection referringUrls,NO_EXTERNAL_DOMAINS_OBSERVED_IN_CURRENT_FIRST_PARTY_SAMPLES,NO_EXTERNAL_ROWS_RETURNED; NOT_A_ZERO_BACKLINK_CLAIM,NO_EXTERNAL_REFERRERS_RETURNED,NOT_AVAILABLE_FROM_GSC_LINKS_OR_URL_INSPECTION,SUCCESSFUL,NOT_OBSERVED_IN_CURRENT_GSC_SAMPLES,SEO_P1_HIGH,"GSC_LINKS_REPORT_RETURNED_NO_USABLE_ROWS; URL Inspection referringUrls 0, external 0. No-row evidence is sampled and is not proof of zero backlinks.",RECHECK_BEFORE_ANY_FUTURE_URL_MIGRATION,HIGH_THAT_CURRENT_FIRST_PARTY_REPORT_WAS_CHECKED; LIMITED_COVERAGE_OF_WEB_LINKS
https://echobuddha.com/learn/buddhist-dictionary/anatta/,Authenticated GSC Links UI/exports 2026-08-24 + URL Inspection referringUrls,NO_EXTERNAL_DOMAINS_OBSERVED_IN_CURRENT_FIRST_PARTY_SAMPLES,NO_EXTERNAL_ROWS_RETURNED; NOT_A_ZERO_BACKLINK_CLAIM,NO_EXTERNAL_REFERRERS_RETURNED,NOT_AVAILABLE_FROM_GSC_LINKS_OR_URL_INSPECTION,SUCCESSFUL,NOT_OBSERVED_IN_CURRENT_GSC_SAMPLES,SEO_P2_EMERGING,"GSC_LINKS_REPORT_RETURNED_NO_USABLE_ROWS; URL Inspection referringUrls 0, external 0. No-row evidence is sampled and is not proof of zero backlinks.",RECHECK_DURING_PHASE_4_IF_DESTRUCTIVE_CHANGE_IS_PROPOSED,HIGH_THAT_CURRENT_FIRST_PARTY_REPORT_WAS_CHECKED; LIMITED_COVERAGE_OF_WEB_LINKS
https://echobuddha.com/learn/buddhist-dictionary/anicca/,Authenticated GSC Links UI/exports 2026-08-24 + URL Inspection referringUrls,NO_EXTERNAL_DOMAINS_OBSERVED_IN_CURRENT_FIRST_PARTY_SAMPLES,NO_EXTERNAL_ROWS_RETURNED; NOT_A_ZERO_BACKLINK_CLAIM,NO_EXTERNAL_REFERRERS_RETURNED,NOT_AVAILABLE_FROM_GSC_LINKS_OR_URL_INSPECTION,SUCCESSFUL,NOT_OBSERVED_IN_CURRENT_GSC_SAMPLES,SEO_P2_EMERGING,"GSC_LINKS_REPORT_RETURNED_NO_USABLE_ROWS; URL Inspection referringUrls 0, external 0. No-row evidence is sampled and is not proof of zero backlinks.",RECHECK_DURING_PHASE_4_IF_DESTRUCTIVE_CHANGE_IS_PROPOSED,HIGH_THAT_CURRENT_FIRST_PARTY_REPORT_WAS_CHECKED; LIMITED_COVERAGE_OF_WEB_LINKS
https://echobuddha.com/learn/buddhist-dictionary/compassion/,Authenticated GSC Links UI/exports 2026-08-24 + URL Inspection referringUrls,NO_EXTERNAL_DOMAINS_OBSERVED_IN_CURRENT_FIRST_PARTY_SAMPLES,NO_EXTERNAL_ROWS_RETURNED; NOT_A_ZERO_BACKLINK_CLAIM,NO_EXTERNAL_REFERRERS_RETURNED,NOT_AVAILABLE_FROM_GSC_LINKS_OR_URL_INSPECTION,SUCCESSFUL,NOT_OBSERVED_IN_CURRENT_GSC_SAMPLES,SEO_P2_EMERGING,"GSC_LINKS_REPORT_RETURNED_NO_USABLE_ROWS; URL Inspection referringUrls 0, external 0. No-row evidence is sampled and is not proof of zero backlinks.",RECHECK_DURING_PHASE_4_IF_DESTRUCTIVE_CHANGE_IS_PROPOSED,HIGH_THAT_CURRENT_FIRST_PARTY_REPORT_WAS_CHECKED; LIMITED_COVERAGE_OF_WEB_LINKS
https://echobuddha.com/learn/buddhist-dictionary/dhamma/,Authenticated GSC Links UI/exports 2026-08-24 + URL Inspection referringUrls,NO_EXTERNAL_DOMAINS_OBSERVED_IN_CURRENT_FIRST_PARTY_SAMPLES,NO_EXTERNAL_ROWS_RETURNED; NOT_A_ZERO_BACKLINK_CLAIM,NO_EXTERNAL_REFERRERS_RETURNED,NOT_AVAILABLE_FROM_GSC_LINKS_OR_URL_INSPECTION,SUCCESSFUL,NOT_OBSERVED_IN_CURRENT_GSC_SAMPLES,SEO_P1_HIGH,"GSC_LINKS_REPORT_RETURNED_NO_USABLE_ROWS; URL Inspection referringUrls 0, external 0. No-row evidence is sampled and is not proof of zero backlinks.",RECHECK_BEFORE_ANY_FUTURE_URL_MIGRATION,HIGH_THAT_CURRENT_FIRST_PARTY_REPORT_WAS_CHECKED; LIMITED_COVERAGE_OF_WEB_LINKS
https://echobuddha.com/learn/buddhist-dictionary/dukkha/,Authenticated GSC Links UI/exports 2026-08-24 + URL Inspection referringUrls,NO_EXTERNAL_DOMAINS_OBSERVED_IN_CURRENT_FIRST_PARTY_SAMPLES,NO_EXTERNAL_ROWS_RETURNED; NOT_A_ZERO_BACKLINK_CLAIM,NO_EXTERNAL_REFERRERS_RETURNED,NOT_AVAILABLE_FROM_GSC_LINKS_OR_URL_INSPECTION,SUCCESSFUL,NOT_OBSERVED_IN_CURRENT_GSC_SAMPLES,SEO_P2_EMERGING,"GSC_LINKS_REPORT_RETURNED_NO_USABLE_ROWS; URL Inspection referringUrls 0, external 0. No-row evidence is sampled and is not proof of zero backlinks.",RECHECK_DURING_PHASE_4_IF_DESTRUCTIVE_CHANGE_IS_PROPOSED,HIGH_THAT_CURRENT_FIRST_PARTY_REPORT_WAS_CHECKED; LIMITED_COVERAGE_OF_WEB_LINKS
https://echobuddha.com/learn/buddhist-dictionary/,Authenticated GSC Links UI/exports 2026-08-24 + URL Inspection referringUrls,NO_EXTERNAL_DOMAINS_OBSERVED_IN_CURRENT_FIRST_PARTY_SAMPLES,NO_EXTERNAL_ROWS_RETURNED; NOT_A_ZERO_BACKLINK_CLAIM,NO_EXTERNAL_REFERRERS_RETURNED,NOT_AVAILABLE_FROM_GSC_LINKS_OR_URL_INSPECTION,SUCCESSFUL,NOT_OBSERVED_IN_CURRENT_GSC_SAMPLES,SEO_P2_EMERGING,"GSC_LINKS_REPORT_RETURNED_NO_USABLE_ROWS; URL Inspection referringUrls 0, external 0. No-row evidence is sampled and is not proof of zero backlinks.",RECHECK_DURING_PHASE_4_IF_DESTRUCTIVE_CHANGE_IS_PROPOSED,HIGH_THAT_CURRENT_FIRST_PARTY_REPORT_WAS_CHECKED; LIMITED_COVERAGE_OF_WEB_LINKS
https://echobuddha.com/learn/buddhist-dictionary/karma/,Authenticated GSC Links UI/exports 2026-08-24 + URL Inspection referringUrls,NO_EXTERNAL_DOMAINS_OBSERVED_IN_CURRENT_FIRST_PARTY_SAMPLES,NO_EXTERNAL_ROWS_RETURNED; NOT_A_ZERO_BACKLINK_CLAIM,NO_EXTERNAL_REFERRERS_RETURNED,NOT_AVAILABLE_FROM_GSC_LINKS_OR_URL_INSPECTION,SUCCESSFUL,NOT_OBSERVED_IN_CURRENT_GSC_SAMPLES,SEO_P2_EMERGING,"GSC_LINKS_REPORT_RETURNED_NO_USABLE_ROWS; URL Inspection referringUrls 0, external 0. No-row evidence is sampled and is not proof of zero backlinks.",RECHECK_DURING_PHASE_4_IF_DESTRUCTIVE_CHANGE_IS_PROPOSED,HIGH_THAT_CURRENT_FIRST_PARTY_REPORT_WAS_CHECKED; LIMITED_COVERAGE_OF_WEB_LINKS
https://echobuddha.com/learn/buddhist-dictionary/karuna/,Authenticated GSC Links UI/exports 2026-08-24 + URL Inspection referringUrls,NO_EXTERNAL_DOMAINS_OBSERVED_IN_CURRENT_FIRST_PARTY_SAMPLES,NO_EXTERNAL_ROWS_RETURNED; NOT_A_ZERO_BACKLINK_CLAIM,NO_EXTERNAL_REFERRERS_RETURNED,NOT_AVAILABLE_FROM_GSC_LINKS_OR_URL_INSPECTION,PAGE_FETCH_STATE_UNSPECIFIED,NOT_OBSERVED_IN_CURRENT_GSC_SAMPLES,SEO_P2_EMERGING,"GSC_LINKS_REPORT_RETURNED_NO_USABLE_ROWS; URL Inspection referringUrls 0, external 0. No-row evidence is sampled and is not proof of zero backlinks.",RECHECK_DURING_PHASE_4_IF_DESTRUCTIVE_CHANGE_IS_PROPOSED,HIGH_THAT_CURRENT_FIRST_PARTY_REPORT_WAS_CHECKED; LIMITED_COVERAGE_OF_WEB_LINKS
https://echobuddha.com/learn/buddhist-dictionary/metta/,Authenticated GSC Links UI/exports 2026-08-24 + URL Inspection referringUrls,NO_EXTERNAL_DOMAINS_OBSERVED_IN_CURRENT_FIRST_PARTY_SAMPLES,NO_EXTERNAL_ROWS_RETURNED; NOT_A_ZERO_BACKLINK_CLAIM,NO_EXTERNAL_REFERRERS_RETURNED,NOT_AVAILABLE_FROM_GSC_LINKS_OR_URL_INSPECTION,SUCCESSFUL,NOT_OBSERVED_IN_CURRENT_GSC_SAMPLES,SEO_P1_HIGH,"GSC_LINKS_REPORT_RETURNED_NO_USABLE_ROWS; URL Inspection referringUrls 0, external 0. No-row evidence is sampled and is not proof of zero backlinks.",RECHECK_BEFORE_ANY_FUTURE_URL_MIGRATION,HIGH_THAT_CURRENT_FIRST_PARTY_REPORT_WAS_CHECKED; LIMITED_COVERAGE_OF_WEB_LINKS
https://echobuddha.com/learn/buddhist-dictionary/mindfulness/,Authenticated GSC Links UI/exports 2026-08-24 + URL Inspection referringUrls,NO_EXTERNAL_DOMAINS_OBSERVED_IN_CURRENT_FIRST_PARTY_SAMPLES,NO_EXTERNAL_ROWS_RETURNED; NOT_A_ZERO_BACKLINK_CLAIM,NO_EXTERNAL_REFERRERS_RETURNED,NOT_AVAILABLE_FROM_GSC_LINKS_OR_URL_INSPECTION,SUCCESSFUL,NOT_OBSERVED_IN_CURRENT_GSC_SAMPLES,SEO_P2_EMERGING,"GSC_LINKS_REPORT_RETURNED_NO_USABLE_ROWS; URL Inspection referringUrls 0, external 0. No-row evidence is sampled and is not proof of zero backlinks.",RECHECK_DURING_PHASE_4_IF_DESTRUCTIVE_CHANGE_IS_PROPOSED,HIGH_THAT_CURRENT_FIRST_PARTY_REPORT_WAS_CHECKED; LIMITED_COVERAGE_OF_WEB_LINKS
https://echobuddha.com/learn/buddhist-dictionary/nirvana/,Authenticated GSC Links UI/exports 2026-08-24 + URL Inspection referringUrls,NO_EXTERNAL_DOMAINS_OBSERVED_IN_CURRENT_FIRST_PARTY_SAMPLES,NO_EXTERNAL_ROWS_RETURNED; NOT_A_ZERO_BACKLINK_CLAIM,NO_EXTERNAL_REFERRERS_RETURNED,NOT_AVAILABLE_FROM_GSC_LINKS_OR_URL_INSPECTION,SUCCESSFUL,NOT_OBSERVED_IN_CURRENT_GSC_SAMPLES,SEO_P2_EMERGING,"GSC_LINKS_REPORT_RETURNED_NO_USABLE_ROWS; URL Inspection referringUrls 0, external 0. No-row evidence is sampled and is not proof of zero backlinks.",RECHECK_DURING_PHASE_4_IF_DESTRUCTIVE_CHANGE_IS_PROPOSED,HIGH_THAT_CURRENT_FIRST_PARTY_REPORT_WAS_CHECKED; LIMITED_COVERAGE_OF_WEB_LINKS
https://echobuddha.com/learn/buddhist-dictionary/pali-canon/,Authenticated GSC Links UI/exports 2026-08-24 + URL Inspection referringUrls,NO_EXTERNAL_DOMAINS_OBSERVED_IN_CURRENT_FIRST_PARTY_SAMPLES,NO_EXTERNAL_ROWS_RETURNED; NOT_A_ZERO_BACKLINK_CLAIM,NO_EXTERNAL_REFERRERS_RETURNED,NOT_AVAILABLE_FROM_GSC_LINKS_OR_URL_INSPECTION,SUCCESSFUL,NOT_OBSERVED_IN_CURRENT_GSC_SAMPLES,SEO_P2_EMERGING,"GSC_LINKS_REPORT_RETURNED_NO_USABLE_ROWS; URL Inspection referringUrls 1, external 0. No-row evidence is sampled and is not proof of zero backlinks.",RECHECK_DURING_PHASE_4_IF_DESTRUCTIVE_CHANGE_IS_PROPOSED,HIGH_THAT_CURRENT_FIRST_PARTY_REPORT_WAS_CHECKED; LIMITED_COVERAGE_OF_WEB_LINKS
https://echobuddha.com/learn/buddhist-dictionary/sangha/,Authenticated GSC Links UI/exports 2026-08-24 + URL Inspection referringUrls,NO_EXTERNAL_DOMAINS_OBSERVED_IN_CURRENT_FIRST_PARTY_SAMPLES,NO_EXTERNAL_ROWS_RETURNED; NOT_A_ZERO_BACKLINK_CLAIM,NO_EXTERNAL_REFERRERS_RETURNED,NOT_AVAILABLE_FROM_GSC_LINKS_OR_URL_INSPECTION,SUCCESSFUL,NOT_OBSERVED_IN_CURRENT_GSC_SAMPLES,SEO_P2_EMERGING,"GSC_LINKS_REPORT_RETURNED_NO_USABLE_ROWS; URL Inspection referringUrls 0, external 0. No-row evidence is sampled and is not proof of zero backlinks.",RECHECK_DURING_PHASE_4_IF_DESTRUCTIVE_CHANGE_IS_PROPOSED,HIGH_THAT_CURRENT_FIRST_PARTY_REPORT_WAS_CHECKED; LIMITED_COVERAGE_OF_WEB_LINKS
https://echobuddha.com/learn/buddhist-dictionary/sati/,Authenticated GSC Links UI/exports 2026-08-24 + URL Inspection referringUrls,NO_EXTERNAL_DOMAINS_OBSERVED_IN_CURRENT_FIRST_PARTY_SAMPLES,NO_EXTERNAL_ROWS_RETURNED; NOT_A_ZERO_BACKLINK_CLAIM,NO_EXTERNAL_REFERRERS_RETURNED,NOT_AVAILABLE_FROM_GSC_LINKS_OR_URL_INSPECTION,SUCCESSFUL,NOT_OBSERVED_IN_CURRENT_GSC_SAMPLES,SEO_P1_HIGH,"GSC_LINKS_REPORT_RETURNED_NO_USABLE_ROWS; URL Inspection referringUrls 0, external 0. No-row evidence is sampled and is not proof of zero backlinks.",RECHECK_BEFORE_ANY_FUTURE_URL_MIGRATION,HIGH_THAT_CURRENT_FIRST_PARTY_REPORT_WAS_CHECKED; LIMITED_COVERAGE_OF_WEB_LINKS
https://echobuddha.com/learn/buddhist-dictionary/sutta/,Authenticated GSC Links UI/exports 2026-08-24 + URL Inspection referringUrls,NO_EXTERNAL_DOMAINS_OBSERVED_IN_CURRENT_FIRST_PARTY_SAMPLES,NO_EXTERNAL_ROWS_RETURNED; NOT_A_ZERO_BACKLINK_CLAIM,NO_EXTERNAL_REFERRERS_RETURNED,NOT_AVAILABLE_FROM_GSC_LINKS_OR_URL_INSPECTION,SUCCESSFUL,NOT_OBSERVED_IN_CURRENT_GSC_SAMPLES,SEO_P2_EMERGING,"GSC_LINKS_REPORT_RETURNED_NO_USABLE_ROWS; URL Inspection referringUrls 1, external 0. No-row evidence is sampled and is not proof of zero backlinks.",RECHECK_DURING_PHASE_4_IF_DESTRUCTIVE_CHANGE_IS_PROPOSED,HIGH_THAT_CURRENT_FIRST_PARTY_REPORT_WAS_CHECKED; LIMITED_COVERAGE_OF_WEB_LINKS
https://echobuddha.com/learn/buddhist-resources/,Authenticated GSC Links UI/exports 2026-08-24 + URL Inspection referringUrls,NO_EXTERNAL_DOMAINS_OBSERVED_IN_CURRENT_FIRST_PARTY_SAMPLES,NO_EXTERNAL_ROWS_RETURNED; NOT_A_ZERO_BACKLINK_CLAIM,NO_EXTERNAL_REFERRERS_RETURNED,NOT_AVAILABLE_FROM_GSC_LINKS_OR_URL_INSPECTION,SUCCESSFUL,NOT_OBSERVED_IN_CURRENT_GSC_SAMPLES,SEO_P2_EMERGING,"GSC_LINKS_REPORT_RETURNED_NO_USABLE_ROWS; URL Inspection referringUrls 0, external 0. No-row evidence is sampled and is not proof of zero backlinks.",RECHECK_DURING_PHASE_4_IF_DESTRUCTIVE_CHANGE_IS_PROPOSED,HIGH_THAT_CURRENT_FIRST_PARTY_REPORT_WAS_CHECKED; LIMITED_COVERAGE_OF_WEB_LINKS
https://echobuddha.com/learn/dhammapada-reflections/avoid-evil-do-good-purify-the-mind/,Authenticated GSC Links UI/exports 2026-08-24 + URL Inspection referringUrls,NO_EXTERNAL_DOMAINS_OBSERVED_IN_CURRENT_FIRST_PARTY_SAMPLES,NO_EXTERNAL_ROWS_RETURNED; NOT_A_ZERO_BACKLINK_CLAIM,NO_EXTERNAL_REFERRERS_RETURNED,NOT_AVAILABLE_FROM_GSC_LINKS_OR_URL_INSPECTION,SUCCESSFUL,NOT_OBSERVED_IN_CURRENT_GSC_SAMPLES,SEO_P2_EMERGING,"GSC_LINKS_REPORT_RETURNED_NO_USABLE_ROWS; URL Inspection referringUrls 0, external 0. No-row evidence is sampled and is not proof of zero backlinks.",RECHECK_DURING_PHASE_4_IF_DESTRUCTIVE_CHANGE_IS_PROPOSED,HIGH_THAT_CURRENT_FIRST_PARTY_REPORT_WAS_CHECKED; LIMITED_COVERAGE_OF_WEB_LINKS
https://echobuddha.com/learn/dhammapada-reflections/better-than-a-thousand-empty-words/,Authenticated GSC Links UI/exports 2026-08-24 + URL Inspection referringUrls,NO_EXTERNAL_DOMAINS_OBSERVED_IN_CURRENT_FIRST_PARTY_SAMPLES,NO_EXTERNAL_ROWS_RETURNED; NOT_A_ZERO_BACKLINK_CLAIM,NO_EXTERNAL_REFERRERS_RETURNED,NOT_AVAILABLE_FROM_GSC_LINKS_OR_URL_INSPECTION,SUCCESSFUL,NOT_OBSERVED_IN_CURRENT_GSC_SAMPLES,SEO_P2_EMERGING,"GSC_LINKS_REPORT_RETURNED_NO_USABLE_ROWS; URL Inspection referringUrls 0, external 0. No-row evidence is sampled and is not proof of zero backlinks.",RECHECK_DURING_PHASE_4_IF_DESTRUCTIVE_CHANGE_IS_PROPOSED,HIGH_THAT_CURRENT_FIRST_PARTY_REPORT_WAS_CHECKED; LIMITED_COVERAGE_OF_WEB_LINKS
https://echobuddha.com/learn/dhammapada-reflections/hatred-is-not-ended-by-hatred/,Authenticated GSC Links UI/exports 2026-08-24 + URL Inspection referringUrls,NO_EXTERNAL_DOMAINS_OBSERVED_IN_CURRENT_FIRST_PARTY_SAMPLES,NO_EXTERNAL_ROWS_RETURNED; NOT_A_ZERO_BACKLINK_CLAIM,NO_EXTERNAL_REFERRERS_RETURNED,NOT_AVAILABLE_FROM_GSC_LINKS_OR_URL_INSPECTION,SUCCESSFUL,NOT_OBSERVED_IN_CURRENT_GSC_SAMPLES,SEO_P2_EMERGING,"GSC_LINKS_REPORT_RETURNED_NO_USABLE_ROWS; URL Inspection referringUrls 0, external 0. No-row evidence is sampled and is not proof of zero backlinks.",RECHECK_DURING_PHASE_4_IF_DESTRUCTIVE_CHANGE_IS_PROPOSED,HIGH_THAT_CURRENT_FIRST_PARTY_REPORT_WAS_CHECKED; LIMITED_COVERAGE_OF_WEB_LINKS
https://echobuddha.com/learn/dhammapada-reflections/,Authenticated GSC Links UI/exports 2026-08-24 + URL Inspection referringUrls,NO_EXTERNAL_DOMAINS_OBSERVED_IN_CURRENT_FIRST_PARTY_SAMPLES,NO_EXTERNAL_ROWS_RETURNED; NOT_A_ZERO_BACKLINK_CLAIM,NO_EXTERNAL_REFERRERS_RETURNED,NOT_AVAILABLE_FROM_GSC_LINKS_OR_URL_INSPECTION,SUCCESSFUL,NOT_OBSERVED_IN_CURRENT_GSC_SAMPLES,SEO_P2_EMERGING,"GSC_LINKS_REPORT_RETURNED_NO_USABLE_ROWS; URL Inspection referringUrls 0, external 0. No-row evidence is sampled and is not proof of zero backlinks.",RECHECK_DURING_PHASE_4_IF_DESTRUCTIVE_CHANGE_IS_PROPOSED,HIGH_THAT_CURRENT_FIRST_PARTY_REPORT_WAS_CHECKED; LIMITED_COVERAGE_OF_WEB_LINKS
https://echobuddha.com/learn/dhammapada-reflections/peace-comes-from-a-trained-mind/,Authenticated GSC Links UI/exports 2026-08-24 + URL Inspection referringUrls,NO_EXTERNAL_DOMAINS_OBSERVED_IN_CURRENT_FIRST_PARTY_SAMPLES,NO_EXTERNAL_ROWS_RETURNED; NOT_A_ZERO_BACKLINK_CLAIM,NO_EXTERNAL_REFERRERS_RETURNED,NOT_AVAILABLE_FROM_GSC_LINKS_OR_URL_INSPECTION,PAGE_FETCH_STATE_UNSPECIFIED,NOT_OBSERVED_IN_CURRENT_GSC_SAMPLES,SEO_P2_EMERGING,"GSC_LINKS_REPORT_RETURNED_NO_USABLE_ROWS; URL Inspection referringUrls 0, external 0. No-row evidence is sampled and is not proof of zero backlinks.",RECHECK_DURING_PHASE_4_IF_DESTRUCTIVE_CHANGE_IS_PROPOSED,HIGH_THAT_CURRENT_FIRST_PARTY_REPORT_WAS_CHECKED; LIMITED_COVERAGE_OF_WEB_LINKS
https://echobuddha.com/learn/dhammapada-reflections/the-mind-leads-all-things/,Authenticated GSC Links UI/exports 2026-08-24 + URL Inspection referringUrls,NO_EXTERNAL_DOMAINS_OBSERVED_IN_CURRENT_FIRST_PARTY_SAMPLES,NO_EXTERNAL_ROWS_RETURNED; NOT_A_ZERO_BACKLINK_CLAIM,NO_EXTERNAL_REFERRERS_RETURNED,NOT_AVAILABLE_FROM_GSC_LINKS_OR_URL_INSPECTION,SUCCESSFUL,NOT_OBSERVED_IN_CURRENT_GSC_SAMPLES,SEO_P2_EMERGING,"GSC_LINKS_REPORT_RETURNED_NO_USABLE_ROWS; URL Inspection referringUrls 0, external 0. No-row evidence is sampled and is not proof of zero backlinks.",RECHECK_DURING_PHASE_4_IF_DESTRUCTIVE_CHANGE_IS_PROPOSED,HIGH_THAT_CURRENT_FIRST_PARTY_REPORT_WAS_CHECKED; LIMITED_COVERAGE_OF_WEB_LINKS
https://echobuddha.com/learn/eightfold-path/,Authenticated GSC Links UI/exports 2026-08-24 + URL Inspection referringUrls,NO_EXTERNAL_DOMAINS_OBSERVED_IN_CURRENT_FIRST_PARTY_SAMPLES,NO_EXTERNAL_ROWS_RETURNED; NOT_A_ZERO_BACKLINK_CLAIM,NO_EXTERNAL_REFERRERS_RETURNED,NOT_AVAILABLE_FROM_GSC_LINKS_OR_URL_INSPECTION,SUCCESSFUL,NOT_OBSERVED_IN_CURRENT_GSC_SAMPLES,SEO_P1_HIGH,"GSC_LINKS_REPORT_RETURNED_NO_USABLE_ROWS; URL Inspection referringUrls 0, external 0. No-row evidence is sampled and is not proof of zero backlinks.",RECHECK_BEFORE_ANY_FUTURE_URL_MIGRATION,HIGH_THAT_CURRENT_FIRST_PARTY_REPORT_WAS_CHECKED; LIMITED_COVERAGE_OF_WEB_LINKS
https://echobuddha.com/learn/four-noble-truths/,Authenticated GSC Links UI/exports 2026-08-24 + URL Inspection referringUrls,NO_EXTERNAL_DOMAINS_OBSERVED_IN_CURRENT_FIRST_PARTY_SAMPLES,NO_EXTERNAL_ROWS_RETURNED; NOT_A_ZERO_BACKLINK_CLAIM,NO_EXTERNAL_REFERRERS_RETURNED,NOT_AVAILABLE_FROM_GSC_LINKS_OR_URL_INSPECTION,SUCCESSFUL,NOT_OBSERVED_IN_CURRENT_GSC_SAMPLES,SEO_P2_EMERGING,"GSC_LINKS_REPORT_RETURNED_NO_USABLE_ROWS; URL Inspection referringUrls 0, external 0. No-row evidence is sampled and is not proof of zero backlinks.",RECHECK_DURING_PHASE_4_IF_DESTRUCTIVE_CHANGE_IS_PROPOSED,HIGH_THAT_CURRENT_FIRST_PARTY_REPORT_WAS_CHECKED; LIMITED_COVERAGE_OF_WEB_LINKS
https://echobuddha.com/learn/,Authenticated GSC Links UI/exports 2026-08-24 + URL Inspection referringUrls,NO_EXTERNAL_DOMAINS_OBSERVED_IN_CURRENT_FIRST_PARTY_SAMPLES,NO_EXTERNAL_ROWS_RETURNED; NOT_A_ZERO_BACKLINK_CLAIM,NO_EXTERNAL_REFERRERS_RETURNED,NOT_AVAILABLE_FROM_GSC_LINKS_OR_URL_INSPECTION,SUCCESSFUL,NOT_OBSERVED_IN_CURRENT_GSC_SAMPLES,SEO_P2_EMERGING,"GSC_LINKS_REPORT_RETURNED_NO_USABLE_ROWS; URL Inspection referringUrls 0, external 0. No-row evidence is sampled and is not proof of zero backlinks.",RECHECK_DURING_PHASE_4_IF_DESTRUCTIVE_CHANGE_IS_PROPOSED,HIGH_THAT_CURRENT_FIRST_PARTY_REPORT_WAS_CHECKED; LIMITED_COVERAGE_OF_WEB_LINKS
https://echobuddha.com/learn/questions-about-buddhism/,Authenticated GSC Links UI/exports 2026-08-24 + URL Inspection referringUrls,NO_EXTERNAL_DOMAINS_OBSERVED_IN_CURRENT_FIRST_PARTY_SAMPLES,NO_EXTERNAL_ROWS_RETURNED; NOT_A_ZERO_BACKLINK_CLAIM,NO_EXTERNAL_REFERRERS_RETURNED,NOT_AVAILABLE_FROM_GSC_LINKS_OR_URL_INSPECTION,SUCCESSFUL,NOT_OBSERVED_IN_CURRENT_GSC_SAMPLES,SEO_P2_EMERGING,"GSC_LINKS_REPORT_RETURNED_NO_USABLE_ROWS; URL Inspection referringUrls 0, external 0. No-row evidence is sampled and is not proof of zero backlinks.",RECHECK_DURING_PHASE_4_IF_DESTRUCTIVE_CHANGE_IS_PROPOSED,HIGH_THAT_CURRENT_FIRST_PARTY_REPORT_WAS_CHECKED; LIMITED_COVERAGE_OF_WEB_LINKS
https://echobuddha.com/learn/sutta-for-daily-life/buddhas-teaching-on-patience/,Authenticated GSC Links UI/exports 2026-08-24 + URL Inspection referringUrls,NO_EXTERNAL_DOMAINS_OBSERVED_IN_CURRENT_FIRST_PARTY_SAMPLES,NO_EXTERNAL_ROWS_RETURNED; NOT_A_ZERO_BACKLINK_CLAIM,NO_EXTERNAL_REFERRERS_RETURNED,NOT_AVAILABLE_FROM_GSC_LINKS_OR_URL_INSPECTION,SUCCESSFUL,NOT_OBSERVED_IN_CURRENT_GSC_SAMPLES,SEO_P2_EMERGING,"GSC_LINKS_REPORT_RETURNED_NO_USABLE_ROWS; URL Inspection referringUrls 0, external 0. No-row evidence is sampled and is not proof of zero backlinks.",RECHECK_DURING_PHASE_4_IF_DESTRUCTIVE_CHANGE_IS_PROPOSED,HIGH_THAT_CURRENT_FIRST_PARTY_REPORT_WAS_CHECKED; LIMITED_COVERAGE_OF_WEB_LINKS
https://echobuddha.com/learn/sutta-for-daily-life/dhammacakkappavattana-sutta-four-noble-truths/,Authenticated GSC Links UI/exports 2026-08-24 + URL Inspection referringUrls,NO_EXTERNAL_DOMAINS_OBSERVED_IN_CURRENT_FIRST_PARTY_SAMPLES,NO_EXTERNAL_ROWS_RETURNED; NOT_A_ZERO_BACKLINK_CLAIM,NO_EXTERNAL_REFERRERS_RETURNED,NOT_AVAILABLE_FROM_GSC_LINKS_OR_URL_INSPECTION,PAGE_FETCH_STATE_UNSPECIFIED,NOT_OBSERVED_IN_CURRENT_GSC_SAMPLES,SEO_P2_EMERGING,"GSC_LINKS_REPORT_RETURNED_NO_USABLE_ROWS; URL Inspection referringUrls 0, external 0. No-row evidence is sampled and is not proof of zero backlinks.",RECHECK_DURING_PHASE_4_IF_DESTRUCTIVE_CHANGE_IS_PROPOSED,HIGH_THAT_CURRENT_FIRST_PARTY_REPORT_WAS_CHECKED; LIMITED_COVERAGE_OF_WEB_LINKS
https://echobuddha.com/learn/sutta-for-daily-life/how-to-read-a-buddhist-sutta/,Authenticated GSC Links UI/exports 2026-08-24 + URL Inspection referringUrls,NO_EXTERNAL_DOMAINS_OBSERVED_IN_CURRENT_FIRST_PARTY_SAMPLES,NO_EXTERNAL_ROWS_RETURNED; NOT_A_ZERO_BACKLINK_CLAIM,NO_EXTERNAL_REFERRERS_RETURNED,NOT_AVAILABLE_FROM_GSC_LINKS_OR_URL_INSPECTION,SUCCESSFUL,NOT_OBSERVED_IN_CURRENT_GSC_SAMPLES,SEO_P2_EMERGING,"GSC_LINKS_REPORT_RETURNED_NO_USABLE_ROWS; URL Inspection referringUrls 0, external 0. No-row evidence is sampled and is not proof of zero backlinks.",RECHECK_DURING_PHASE_4_IF_DESTRUCTIVE_CHANGE_IS_PROPOSED,HIGH_THAT_CURRENT_FIRST_PARTY_REPORT_WAS_CHECKED; LIMITED_COVERAGE_OF_WEB_LINKS
https://echobuddha.com/learn/sutta-for-daily-life/,Authenticated GSC Links UI/exports 2026-08-24 + URL Inspection referringUrls,NO_EXTERNAL_DOMAINS_OBSERVED_IN_CURRENT_FIRST_PARTY_SAMPLES,NO_EXTERNAL_ROWS_RETURNED; NOT_A_ZERO_BACKLINK_CLAIM,NO_EXTERNAL_REFERRERS_RETURNED,NOT_AVAILABLE_FROM_GSC_LINKS_OR_URL_INSPECTION,SUCCESSFUL,NOT_OBSERVED_IN_CURRENT_GSC_SAMPLES,SEO_P2_EMERGING,"GSC_LINKS_REPORT_RETURNED_NO_USABLE_ROWS; URL Inspection referringUrls 0, external 0. No-row evidence is sampled and is not proof of zero backlinks.",RECHECK_DURING_PHASE_4_IF_DESTRUCTIVE_CHANGE_IS_PROPOSED,HIGH_THAT_CURRENT_FIRST_PARTY_REPORT_WAS_CHECKED; LIMITED_COVERAGE_OF_WEB_LINKS
https://echobuddha.com/learn/sutta-for-daily-life/kalama-sutta-and-wise-thinking/,Authenticated GSC Links UI/exports 2026-08-24 + URL Inspection referringUrls,NO_EXTERNAL_DOMAINS_OBSERVED_IN_CURRENT_FIRST_PARTY_SAMPLES,NO_EXTERNAL_ROWS_RETURNED; NOT_A_ZERO_BACKLINK_CLAIM,NO_EXTERNAL_REFERRERS_RETURNED,NOT_AVAILABLE_FROM_GSC_LINKS_OR_URL_INSPECTION,SUCCESSFUL,NOT_OBSERVED_IN_CURRENT_GSC_SAMPLES,SEO_P2_EMERGING,"GSC_LINKS_REPORT_RETURNED_NO_USABLE_ROWS; URL Inspection referringUrls 0, external 0. No-row evidence is sampled and is not proof of zero backlinks.",RECHECK_DURING_PHASE_4_IF_DESTRUCTIVE_CHANGE_IS_PROPOSED,HIGH_THAT_CURRENT_FIRST_PARTY_REPORT_WAS_CHECKED; LIMITED_COVERAGE_OF_WEB_LINKS
https://echobuddha.com/learn/sutta-for-daily-life/magga-vibhanga-sutta-eightfold-path/,Authenticated GSC Links UI/exports 2026-08-24 + URL Inspection referringUrls,NO_EXTERNAL_DOMAINS_OBSERVED_IN_CURRENT_FIRST_PARTY_SAMPLES,NO_EXTERNAL_ROWS_RETURNED; NOT_A_ZERO_BACKLINK_CLAIM,NO_EXTERNAL_REFERRERS_RETURNED,NOT_AVAILABLE_FROM_GSC_LINKS_OR_URL_INSPECTION,SUCCESSFUL,NOT_OBSERVED_IN_CURRENT_GSC_SAMPLES,SEO_P2_EMERGING,"GSC_LINKS_REPORT_RETURNED_NO_USABLE_ROWS; URL Inspection referringUrls 1, external 0. No-row evidence is sampled and is not proof of zero backlinks.",RECHECK_DURING_PHASE_4_IF_DESTRUCTIVE_CHANGE_IS_PROPOSED,HIGH_THAT_CURRENT_FIRST_PARTY_REPORT_WAS_CHECKED; LIMITED_COVERAGE_OF_WEB_LINKS
https://echobuddha.com/learn/sutta-for-daily-life/metta-sutta-explained-for-daily-life/,Authenticated GSC Links UI/exports 2026-08-24 + URL Inspection referringUrls,NO_EXTERNAL_DOMAINS_OBSERVED_IN_CURRENT_FIRST_PARTY_SAMPLES,NO_EXTERNAL_ROWS_RETURNED; NOT_A_ZERO_BACKLINK_CLAIM,NO_EXTERNAL_REFERRERS_RETURNED,NOT_AVAILABLE_FROM_GSC_LINKS_OR_URL_INSPECTION,SUCCESSFUL,NOT_OBSERVED_IN_CURRENT_GSC_SAMPLES,SEO_P1_HIGH,"GSC_LINKS_REPORT_RETURNED_NO_USABLE_ROWS; URL Inspection referringUrls 0, external 0. No-row evidence is sampled and is not proof of zero backlinks.",RECHECK_BEFORE_ANY_FUTURE_URL_MIGRATION,HIGH_THAT_CURRENT_FIRST_PARTY_REPORT_WAS_CHECKED; LIMITED_COVERAGE_OF_WEB_LINKS
https://echobuddha.com/learn/sutta-for-daily-life/mindfulness-of-breathing-explained-simply/,Authenticated GSC Links UI/exports 2026-08-24 + URL Inspection referringUrls,NO_EXTERNAL_DOMAINS_OBSERVED_IN_CURRENT_FIRST_PARTY_SAMPLES,NO_EXTERNAL_ROWS_RETURNED; NOT_A_ZERO_BACKLINK_CLAIM,NO_EXTERNAL_REFERRERS_RETURNED,NOT_AVAILABLE_FROM_GSC_LINKS_OR_URL_INSPECTION,SUCCESSFUL,NOT_OBSERVED_IN_CURRENT_GSC_SAMPLES,SEO_P2_EMERGING,"GSC_LINKS_REPORT_RETURNED_NO_USABLE_ROWS; URL Inspection referringUrls 0, external 0. No-row evidence is sampled and is not proof of zero backlinks.",RECHECK_DURING_PHASE_4_IF_DESTRUCTIVE_CHANGE_IS_PROPOSED,HIGH_THAT_CURRENT_FIRST_PARTY_REPORT_WAS_CHECKED; LIMITED_COVERAGE_OF_WEB_LINKS
https://echobuddha.com/learn/sutta-for-daily-life/right-speech-in-daily-life/,Authenticated GSC Links UI/exports 2026-08-24 + URL Inspection referringUrls,NO_EXTERNAL_DOMAINS_OBSERVED_IN_CURRENT_FIRST_PARTY_SAMPLES,NO_EXTERNAL_ROWS_RETURNED; NOT_A_ZERO_BACKLINK_CLAIM,NO_EXTERNAL_REFERRERS_RETURNED,NOT_AVAILABLE_FROM_GSC_LINKS_OR_URL_INSPECTION,SUCCESSFUL,NOT_OBSERVED_IN_CURRENT_GSC_SAMPLES,SEO_P2_EMERGING,"GSC_LINKS_REPORT_RETURNED_NO_USABLE_ROWS; URL Inspection referringUrls 0, external 0. No-row evidence is sampled and is not proof of zero backlinks.",RECHECK_DURING_PHASE_4_IF_DESTRUCTIVE_CHANGE_IS_PROPOSED,HIGH_THAT_CURRENT_FIRST_PARTY_REPORT_WAS_CHECKED; LIMITED_COVERAGE_OF_WEB_LINKS
https://echobuddha.com/meditation/10-minute-meditation-practice/,Authenticated GSC Links UI/exports 2026-08-24 + URL Inspection referringUrls,NO_EXTERNAL_DOMAINS_OBSERVED_IN_CURRENT_FIRST_PARTY_SAMPLES,NO_EXTERNAL_ROWS_RETURNED; NOT_A_ZERO_BACKLINK_CLAIM,NO_EXTERNAL_REFERRERS_RETURNED,NOT_AVAILABLE_FROM_GSC_LINKS_OR_URL_INSPECTION,SUCCESSFUL,NOT_OBSERVED_IN_CURRENT_GSC_SAMPLES,SEO_P2_EMERGING,"GSC_LINKS_REPORT_RETURNED_NO_USABLE_ROWS; URL Inspection referringUrls 1, external 0. No-row evidence is sampled and is not proof of zero backlinks.",RECHECK_DURING_PHASE_4_IF_DESTRUCTIVE_CHANGE_IS_PROPOSED,HIGH_THAT_CURRENT_FIRST_PARTY_REPORT_WAS_CHECKED; LIMITED_COVERAGE_OF_WEB_LINKS
https://echobuddha.com/meditation/5-minute-meditation-practice/,Authenticated GSC Links UI/exports 2026-08-24 + URL Inspection referringUrls,NO_EXTERNAL_DOMAINS_OBSERVED_IN_CURRENT_FIRST_PARTY_SAMPLES,NO_EXTERNAL_ROWS_RETURNED; NOT_A_ZERO_BACKLINK_CLAIM,NO_EXTERNAL_REFERRERS_RETURNED,NOT_AVAILABLE_FROM_GSC_LINKS_OR_URL_INSPECTION,SUCCESSFUL,NOT_OBSERVED_IN_CURRENT_GSC_SAMPLES,SEO_P2_EMERGING,"GSC_LINKS_REPORT_RETURNED_NO_USABLE_ROWS; URL Inspection referringUrls 0, external 0. No-row evidence is sampled and is not proof of zero backlinks.",RECHECK_DURING_PHASE_4_IF_DESTRUCTIVE_CHANGE_IS_PROPOSED,HIGH_THAT_CURRENT_FIRST_PARTY_REPORT_WAS_CHECKED; LIMITED_COVERAGE_OF_WEB_LINKS
https://echobuddha.com/meditation/breathing-meditation/,Authenticated GSC Links UI/exports 2026-08-24 + URL Inspection referringUrls,NO_EXTERNAL_DOMAINS_OBSERVED_IN_CURRENT_FIRST_PARTY_SAMPLES,NO_EXTERNAL_ROWS_RETURNED; NOT_A_ZERO_BACKLINK_CLAIM,NO_EXTERNAL_REFERRERS_RETURNED,NOT_AVAILABLE_FROM_GSC_LINKS_OR_URL_INSPECTION,SUCCESSFUL,NOT_OBSERVED_IN_CURRENT_GSC_SAMPLES,SEO_P2_EMERGING,"GSC_LINKS_REPORT_RETURNED_NO_USABLE_ROWS; URL Inspection referringUrls 0, external 0. No-row evidence is sampled and is not proof of zero backlinks.",RECHECK_DURING_PHASE_4_IF_DESTRUCTIVE_CHANGE_IS_PROPOSED,HIGH_THAT_CURRENT_FIRST_PARTY_REPORT_WAS_CHECKED; LIMITED_COVERAGE_OF_WEB_LINKS
https://echobuddha.com/meditation/,Authenticated GSC Links UI/exports 2026-08-24 + URL Inspection referringUrls,NO_EXTERNAL_DOMAINS_OBSERVED_IN_CURRENT_FIRST_PARTY_SAMPLES,NO_EXTERNAL_ROWS_RETURNED; NOT_A_ZERO_BACKLINK_CLAIM,NO_EXTERNAL_REFERRERS_RETURNED,NOT_AVAILABLE_FROM_GSC_LINKS_OR_URL_INSPECTION,SUCCESSFUL,NOT_OBSERVED_IN_CURRENT_GSC_SAMPLES,SEO_P2_EMERGING,"GSC_LINKS_REPORT_RETURNED_NO_USABLE_ROWS; URL Inspection referringUrls 0, external 0. No-row evidence is sampled and is not proof of zero backlinks.",RECHECK_DURING_PHASE_4_IF_DESTRUCTIVE_CHANGE_IS_PROPOSED,HIGH_THAT_CURRENT_FIRST_PARTY_REPORT_WAS_CHECKED; LIMITED_COVERAGE_OF_WEB_LINKS
https://echobuddha.com/meditation/loving-kindness-meditation/,Authenticated GSC Links UI/exports 2026-08-24 + URL Inspection referringUrls,NO_EXTERNAL_DOMAINS_OBSERVED_IN_CURRENT_FIRST_PARTY_SAMPLES,NO_EXTERNAL_ROWS_RETURNED; NOT_A_ZERO_BACKLINK_CLAIM,NO_EXTERNAL_REFERRERS_RETURNED,NOT_AVAILABLE_FROM_GSC_LINKS_OR_URL_INSPECTION,SUCCESSFUL,NOT_OBSERVED_IN_CURRENT_GSC_SAMPLES,SEO_P2_EMERGING,"GSC_LINKS_REPORT_RETURNED_NO_USABLE_ROWS; URL Inspection referringUrls 0, external 0. No-row evidence is sampled and is not proof of zero backlinks.",RECHECK_DURING_PHASE_4_IF_DESTRUCTIVE_CHANGE_IS_PROPOSED,HIGH_THAT_CURRENT_FIRST_PARTY_REPORT_WAS_CHECKED; LIMITED_COVERAGE_OF_WEB_LINKS
https://echobuddha.com/meditation/meditation-for-beginners/,Authenticated GSC Links UI/exports 2026-08-24 + URL Inspection referringUrls,NO_EXTERNAL_DOMAINS_OBSERVED_IN_CURRENT_FIRST_PARTY_SAMPLES,NO_EXTERNAL_ROWS_RETURNED; NOT_A_ZERO_BACKLINK_CLAIM,NO_EXTERNAL_REFERRERS_RETURNED,NOT_AVAILABLE_FROM_GSC_LINKS_OR_URL_INSPECTION,SUCCESSFUL,NOT_OBSERVED_IN_CURRENT_GSC_SAMPLES,SEO_P3_LIMITED,"GSC_LINKS_REPORT_RETURNED_NO_USABLE_ROWS; URL Inspection referringUrls 0, external 0. No-row evidence is sampled and is not proof of zero backlinks.",RECHECK_DURING_PHASE_4_IF_DESTRUCTIVE_CHANGE_IS_PROPOSED,HIGH_THAT_CURRENT_FIRST_PARTY_REPORT_WAS_CHECKED; LIMITED_COVERAGE_OF_WEB_LINKS
https://echobuddha.com/meditation/meditation-posture-for-beginners/,Authenticated GSC Links UI/exports 2026-08-24 + URL Inspection referringUrls,NO_EXTERNAL_DOMAINS_OBSERVED_IN_CURRENT_FIRST_PARTY_SAMPLES,NO_EXTERNAL_ROWS_RETURNED; NOT_A_ZERO_BACKLINK_CLAIM,NO_EXTERNAL_REFERRERS_RETURNED,NOT_AVAILABLE_FROM_GSC_LINKS_OR_URL_INSPECTION,SUCCESSFUL,NOT_OBSERVED_IN_CURRENT_GSC_SAMPLES,SEO_P2_EMERGING,"GSC_LINKS_REPORT_RETURNED_NO_USABLE_ROWS; URL Inspection referringUrls 1, external 0. No-row evidence is sampled and is not proof of zero backlinks.",RECHECK_DURING_PHASE_4_IF_DESTRUCTIVE_CHANGE_IS_PROPOSED,HIGH_THAT_CURRENT_FIRST_PARTY_REPORT_WAS_CHECKED; LIMITED_COVERAGE_OF_WEB_LINKS
https://echobuddha.com/meditation/mindfulness-in-daily-life/,Authenticated GSC Links UI/exports 2026-08-24 + URL Inspection referringUrls,NO_EXTERNAL_DOMAINS_OBSERVED_IN_CURRENT_FIRST_PARTY_SAMPLES,NO_EXTERNAL_ROWS_RETURNED; NOT_A_ZERO_BACKLINK_CLAIM,NO_EXTERNAL_REFERRERS_RETURNED,NOT_AVAILABLE_FROM_GSC_LINKS_OR_URL_INSPECTION,SUCCESSFUL,NOT_OBSERVED_IN_CURRENT_GSC_SAMPLES,SEO_P2_EMERGING,"GSC_LINKS_REPORT_RETURNED_NO_USABLE_ROWS; URL Inspection referringUrls 0, external 0. No-row evidence is sampled and is not proof of zero backlinks.",RECHECK_DURING_PHASE_4_IF_DESTRUCTIVE_CHANGE_IS_PROPOSED,HIGH_THAT_CURRENT_FIRST_PARTY_REPORT_WAS_CHECKED; LIMITED_COVERAGE_OF_WEB_LINKS
https://echobuddha.com/meditation/walking-meditation/,Authenticated GSC Links UI/exports 2026-08-24 + URL Inspection referringUrls,NO_EXTERNAL_DOMAINS_OBSERVED_IN_CURRENT_FIRST_PARTY_SAMPLES,NO_EXTERNAL_ROWS_RETURNED; NOT_A_ZERO_BACKLINK_CLAIM,NO_EXTERNAL_REFERRERS_RETURNED,NOT_AVAILABLE_FROM_GSC_LINKS_OR_URL_INSPECTION,SUCCESSFUL,NOT_OBSERVED_IN_CURRENT_GSC_SAMPLES,SEO_P2_EMERGING,"GSC_LINKS_REPORT_RETURNED_NO_USABLE_ROWS; URL Inspection referringUrls 0, external 0. No-row evidence is sampled and is not proof of zero backlinks.",RECHECK_DURING_PHASE_4_IF_DESTRUCTIVE_CHANGE_IS_PROPOSED,HIGH_THAT_CURRENT_FIRST_PARTY_REPORT_WAS_CHECKED; LIMITED_COVERAGE_OF_WEB_LINKS
https://echobuddha.com/meditation/when-meditation-feels-hard/,Authenticated GSC Links UI/exports 2026-08-24 + URL Inspection referringUrls,NO_EXTERNAL_DOMAINS_OBSERVED_IN_CURRENT_FIRST_PARTY_SAMPLES,NO_EXTERNAL_ROWS_RETURNED; NOT_A_ZERO_BACKLINK_CLAIM,NO_EXTERNAL_REFERRERS_RETURNED,NOT_AVAILABLE_FROM_GSC_LINKS_OR_URL_INSPECTION,SUCCESSFUL,NOT_OBSERVED_IN_CURRENT_GSC_SAMPLES,SEO_P2_EMERGING,"GSC_LINKS_REPORT_RETURNED_NO_USABLE_ROWS; URL Inspection referringUrls 1, external 0. No-row evidence is sampled and is not proof of zero backlinks.",RECHECK_DURING_PHASE_4_IF_DESTRUCTIVE_CHANGE_IS_PROPOSED,HIGH_THAT_CURRENT_FIRST_PARTY_REPORT_WAS_CHECKED; LIMITED_COVERAGE_OF_WEB_LINKS
https://echobuddha.com/meditation-guide/,Authenticated GSC Links UI/exports 2026-08-24 + URL Inspection referringUrls,NO_EXTERNAL_DOMAINS_OBSERVED_IN_CURRENT_FIRST_PARTY_SAMPLES,NO_EXTERNAL_ROWS_RETURNED; NOT_A_ZERO_BACKLINK_CLAIM,NO_EXTERNAL_REFERRERS_RETURNED,NOT_AVAILABLE_FROM_GSC_LINKS_OR_URL_INSPECTION,SUCCESSFUL,NOT_OBSERVED_IN_CURRENT_GSC_SAMPLES,SEO_P2_EMERGING,"GSC_LINKS_REPORT_RETURNED_NO_USABLE_ROWS; URL Inspection referringUrls 0, external 0. No-row evidence is sampled and is not proof of zero backlinks.",RECHECK_DURING_PHASE_4_IF_DESTRUCTIVE_CHANGE_IS_PROPOSED,HIGH_THAT_CURRENT_FIRST_PARTY_REPORT_WAS_CHECKED; LIMITED_COVERAGE_OF_WEB_LINKS
https://echobuddha.com/meditation-safety/,Authenticated GSC Links UI/exports 2026-08-24 + URL Inspection referringUrls,NO_EXTERNAL_DOMAINS_OBSERVED_IN_CURRENT_FIRST_PARTY_SAMPLES,NO_EXTERNAL_ROWS_RETURNED; NOT_A_ZERO_BACKLINK_CLAIM,NO_EXTERNAL_REFERRERS_RETURNED,NOT_AVAILABLE_FROM_GSC_LINKS_OR_URL_INSPECTION,SUCCESSFUL,NOT_OBSERVED_IN_CURRENT_GSC_SAMPLES,SEO_P3_LIMITED,"GSC_LINKS_REPORT_RETURNED_NO_USABLE_ROWS; URL Inspection referringUrls 1, external 0. No-row evidence is sampled and is not proof of zero backlinks.",RECHECK_DURING_PHASE_4_IF_DESTRUCTIVE_CHANGE_IS_PROPOSED,HIGH_THAT_CURRENT_FIRST_PARTY_REPORT_WAS_CHECKED; LIMITED_COVERAGE_OF_WEB_LINKS
https://echobuddha.com/mindful-living/,Authenticated GSC Links UI/exports 2026-08-24 + URL Inspection referringUrls,NO_EXTERNAL_DOMAINS_OBSERVED_IN_CURRENT_FIRST_PARTY_SAMPLES,NO_EXTERNAL_ROWS_RETURNED; NOT_A_ZERO_BACKLINK_CLAIM,NO_EXTERNAL_REFERRERS_RETURNED,NOT_AVAILABLE_FROM_GSC_LINKS_OR_URL_INSPECTION,SUCCESSFUL,NOT_OBSERVED_IN_CURRENT_GSC_SAMPLES,SEO_P1_HIGH,"GSC_LINKS_REPORT_RETURNED_NO_USABLE_ROWS; URL Inspection referringUrls 0, external 0. No-row evidence is sampled and is not proof of zero backlinks.",RECHECK_BEFORE_ANY_FUTURE_URL_MIGRATION,HIGH_THAT_CURRENT_FIRST_PARTY_REPORT_WAS_CHECKED; LIMITED_COVERAGE_OF_WEB_LINKS
https://echobuddha.com/privacy-policy/,Authenticated GSC Links UI/exports 2026-08-24 + URL Inspection referringUrls,NO_EXTERNAL_DOMAINS_OBSERVED_IN_CURRENT_FIRST_PARTY_SAMPLES,NO_EXTERNAL_ROWS_RETURNED; NOT_A_ZERO_BACKLINK_CLAIM,NO_EXTERNAL_REFERRERS_RETURNED,NOT_AVAILABLE_FROM_GSC_LINKS_OR_URL_INSPECTION,SUCCESSFUL,NOT_OBSERVED_IN_CURRENT_GSC_SAMPLES,SEO_P2_EMERGING,"GSC_LINKS_REPORT_RETURNED_NO_USABLE_ROWS; URL Inspection referringUrls 0, external 0. No-row evidence is sampled and is not proof of zero backlinks.",RECHECK_DURING_PHASE_4_IF_DESTRUCTIVE_CHANGE_IS_PROPOSED,HIGH_THAT_CURRENT_FIRST_PARTY_REPORT_WAS_CHECKED; LIMITED_COVERAGE_OF_WEB_LINKS
https://echobuddha.com/quote-attribution-policy/,Authenticated GSC Links UI/exports 2026-08-24 + URL Inspection referringUrls,NO_EXTERNAL_DOMAINS_OBSERVED_IN_CURRENT_FIRST_PARTY_SAMPLES,NO_EXTERNAL_ROWS_RETURNED; NOT_A_ZERO_BACKLINK_CLAIM,NO_EXTERNAL_REFERRERS_RETURNED,NOT_AVAILABLE_FROM_GSC_LINKS_OR_URL_INSPECTION,SUCCESSFUL,NOT_OBSERVED_IN_CURRENT_GSC_SAMPLES,SEO_P2_EMERGING,"GSC_LINKS_REPORT_RETURNED_NO_USABLE_ROWS; URL Inspection referringUrls 1, external 0. No-row evidence is sampled and is not proof of zero backlinks.",RECHECK_DURING_PHASE_4_IF_DESTRUCTIVE_CHANGE_IS_PROPOSED,HIGH_THAT_CURRENT_FIRST_PARTY_REPORT_WAS_CHECKED; LIMITED_COVERAGE_OF_WEB_LINKS
https://echobuddha.com/quotes/awareness/acceptance-before-next-step/,Authenticated GSC Links UI/exports 2026-08-24 + URL Inspection referringUrls,NO_EXTERNAL_DOMAINS_OBSERVED_IN_CURRENT_FIRST_PARTY_SAMPLES,NO_EXTERNAL_ROWS_RETURNED; NOT_A_ZERO_BACKLINK_CLAIM,NO_EXTERNAL_REFERRERS_RETURNED,NOT_AVAILABLE_FROM_GSC_LINKS_OR_URL_INSPECTION,SUCCESSFUL,NOT_OBSERVED_IN_CURRENT_GSC_SAMPLES,SEO_P3_LIMITED,"GSC_LINKS_REPORT_RETURNED_NO_USABLE_ROWS; URL Inspection referringUrls 0, external 0. No-row evidence is sampled and is not proof of zero backlinks.",RECHECK_DURING_PHASE_4_IF_DESTRUCTIVE_CHANGE_IS_PROPOSED,HIGH_THAT_CURRENT_FIRST_PARTY_REPORT_WAS_CHECKED; LIMITED_COVERAGE_OF_WEB_LINKS
https://echobuddha.com/quotes/awareness/anger-asks-for-speed-awareness-asks-for-one-more/,Authenticated GSC Links UI/exports 2026-08-24 + URL Inspection referringUrls,NO_EXTERNAL_DOMAINS_OBSERVED_IN_CURRENT_FIRST_PARTY_SAMPLES,NO_EXTERNAL_ROWS_RETURNED; NOT_A_ZERO_BACKLINK_CLAIM,NO_EXTERNAL_REFERRERS_RETURNED,NOT_AVAILABLE_FROM_GSC_LINKS_OR_URL_INSPECTION,SUCCESSFUL,NOT_OBSERVED_IN_CURRENT_GSC_SAMPLES,SEO_P3_LIMITED,"GSC_LINKS_REPORT_RETURNED_NO_USABLE_ROWS; URL Inspection referringUrls 0, external 0. No-row evidence is sampled and is not proof of zero backlinks.",RECHECK_DURING_PHASE_4_IF_DESTRUCTIVE_CHANGE_IS_PROPOSED,HIGH_THAT_CURRENT_FIRST_PARTY_REPORT_WAS_CHECKED; LIMITED_COVERAGE_OF_WEB_LINKS
https://echobuddha.com/quotes/awareness/awareness-does-not-remove-the-storm-it-keeps-you/,Authenticated GSC Links UI/exports 2026-08-24 + URL Inspection referringUrls,NO_EXTERNAL_DOMAINS_OBSERVED_IN_CURRENT_FIRST_PARTY_SAMPLES,NO_EXTERNAL_ROWS_RETURNED; NOT_A_ZERO_BACKLINK_CLAIM,NO_EXTERNAL_REFERRERS_RETURNED,NOT_AVAILABLE_FROM_GSC_LINKS_OR_URL_INSPECTION,SUCCESSFUL,NOT_OBSERVED_IN_CURRENT_GSC_SAMPLES,SEO_P3_LIMITED,"GSC_LINKS_REPORT_RETURNED_NO_USABLE_ROWS; URL Inspection referringUrls 1, external 0. No-row evidence is sampled and is not proof of zero backlinks.",RECHECK_DURING_PHASE_4_IF_DESTRUCTIVE_CHANGE_IS_PROPOSED,HIGH_THAT_CURRENT_FIRST_PARTY_REPORT_WAS_CHECKED; LIMITED_COVERAGE_OF_WEB_LINKS
https://echobuddha.com/quotes/awareness/clear-seeing-begins-with-the-courage-to-stop-looking/,Authenticated GSC Links UI/exports 2026-08-24 + URL Inspection referringUrls,NO_EXTERNAL_DOMAINS_OBSERVED_IN_CURRENT_FIRST_PARTY_SAMPLES,NO_EXTERNAL_ROWS_RETURNED; NOT_A_ZERO_BACKLINK_CLAIM,NO_EXTERNAL_REFERRERS_RETURNED,NOT_AVAILABLE_FROM_GSC_LINKS_OR_URL_INSPECTION,SUCCESSFUL,NOT_OBSERVED_IN_CURRENT_GSC_SAMPLES,SEO_P3_LIMITED,"GSC_LINKS_REPORT_RETURNED_NO_USABLE_ROWS; URL Inspection referringUrls 0, external 0. No-row evidence is sampled and is not proof of zero backlinks.",RECHECK_DURING_PHASE_4_IF_DESTRUCTIVE_CHANGE_IS_PROPOSED,HIGH_THAT_CURRENT_FIRST_PARTY_REPORT_WAS_CHECKED; LIMITED_COVERAGE_OF_WEB_LINKS
https://echobuddha.com/quotes/awareness/feelings-are-honest-about-their-presence-not-always-about/,Authenticated GSC Links UI/exports 2026-08-24 + URL Inspection referringUrls,NO_EXTERNAL_DOMAINS_OBSERVED_IN_CURRENT_FIRST_PARTY_SAMPLES,NO_EXTERNAL_ROWS_RETURNED; NOT_A_ZERO_BACKLINK_CLAIM,NO_EXTERNAL_REFERRERS_RETURNED,NOT_AVAILABLE_FROM_GSC_LINKS_OR_URL_INSPECTION,SUCCESSFUL,NOT_OBSERVED_IN_CURRENT_GSC_SAMPLES,SEO_P3_LIMITED,"GSC_LINKS_REPORT_RETURNED_NO_USABLE_ROWS; URL Inspection referringUrls 0, external 0. No-row evidence is sampled and is not proof of zero backlinks.",RECHECK_DURING_PHASE_4_IF_DESTRUCTIVE_CHANGE_IS_PROPOSED,HIGH_THAT_CURRENT_FIRST_PARTY_REPORT_WAS_CHECKED; LIMITED_COVERAGE_OF_WEB_LINKS
https://echobuddha.com/quotes/awareness/feelings-without-the-wheel/,Authenticated GSC Links UI/exports 2026-08-24 + URL Inspection referringUrls,NO_EXTERNAL_DOMAINS_OBSERVED_IN_CURRENT_FIRST_PARTY_SAMPLES,NO_EXTERNAL_ROWS_RETURNED; NOT_A_ZERO_BACKLINK_CLAIM,NO_EXTERNAL_REFERRERS_RETURNED,NOT_AVAILABLE_FROM_GSC_LINKS_OR_URL_INSPECTION,SUCCESSFUL,NOT_OBSERVED_IN_CURRENT_GSC_SAMPLES,SEO_P3_LIMITED,"GSC_LINKS_REPORT_RETURNED_NO_USABLE_ROWS; URL Inspection referringUrls 0, external 0. No-row evidence is sampled and is not proof of zero backlinks.",RECHECK_DURING_PHASE_4_IF_DESTRUCTIVE_CHANGE_IS_PROPOSED,HIGH_THAT_CURRENT_FIRST_PARTY_REPORT_WAS_CHECKED; LIMITED_COVERAGE_OF_WEB_LINKS
https://echobuddha.com/quotes/awareness/,Authenticated GSC Links UI/exports 2026-08-24 + URL Inspection referringUrls,NO_EXTERNAL_DOMAINS_OBSERVED_IN_CURRENT_FIRST_PARTY_SAMPLES,NO_EXTERNAL_ROWS_RETURNED; NOT_A_ZERO_BACKLINK_CLAIM,NO_EXTERNAL_REFERRERS_RETURNED,NOT_AVAILABLE_FROM_GSC_LINKS_OR_URL_INSPECTION,SUCCESSFUL,NOT_OBSERVED_IN_CURRENT_GSC_SAMPLES,SEO_P1_HIGH,"GSC_LINKS_REPORT_RETURNED_NO_USABLE_ROWS; URL Inspection referringUrls 0, external 0. No-row evidence is sampled and is not proof of zero backlinks.",RECHECK_BEFORE_ANY_FUTURE_URL_MIGRATION,HIGH_THAT_CURRENT_FIRST_PARTY_REPORT_WAS_CHECKED; LIMITED_COVERAGE_OF_WEB_LINKS
https://echobuddha.com/quotes/awareness/look-beneath-the-reaction-and-you-may-find-a/,Authenticated GSC Links UI/exports 2026-08-24 + URL Inspection referringUrls,NO_EXTERNAL_DOMAINS_OBSERVED_IN_CURRENT_FIRST_PARTY_SAMPLES,NO_EXTERNAL_ROWS_RETURNED; NOT_A_ZERO_BACKLINK_CLAIM,NO_EXTERNAL_REFERRERS_RETURNED,NOT_AVAILABLE_FROM_GSC_LINKS_OR_URL_INSPECTION,SUCCESSFUL,NOT_OBSERVED_IN_CURRENT_GSC_SAMPLES,SEO_P2_EMERGING,"GSC_LINKS_REPORT_RETURNED_NO_USABLE_ROWS; URL Inspection referringUrls 1, external 0. No-row evidence is sampled and is not proof of zero backlinks.",RECHECK_DURING_PHASE_4_IF_DESTRUCTIVE_CHANGE_IS_PROPOSED,HIGH_THAT_CURRENT_FIRST_PARTY_REPORT_WAS_CHECKED; LIMITED_COVERAGE_OF_WEB_LINKS
https://echobuddha.com/quotes/awareness/name-the-feeling-gently-and-it-may-stop-speaking/,Authenticated GSC Links UI/exports 2026-08-24 + URL Inspection referringUrls,NO_EXTERNAL_DOMAINS_OBSERVED_IN_CURRENT_FIRST_PARTY_SAMPLES,NO_EXTERNAL_ROWS_RETURNED; NOT_A_ZERO_BACKLINK_CLAIM,NO_EXTERNAL_REFERRERS_RETURNED,NOT_AVAILABLE_FROM_GSC_LINKS_OR_URL_INSPECTION,SUCCESSFUL,NOT_OBSERVED_IN_CURRENT_GSC_SAMPLES,SEO_P3_LIMITED,"GSC_LINKS_REPORT_RETURNED_NO_USABLE_ROWS; URL Inspection referringUrls 0, external 0. No-row evidence is sampled and is not proof of zero backlinks.",RECHECK_DURING_PHASE_4_IF_DESTRUCTIVE_CHANGE_IS_PROPOSED,HIGH_THAT_CURRENT_FIRST_PARTY_REPORT_WAS_CHECKED; LIMITED_COVERAGE_OF_WEB_LINKS
https://echobuddha.com/quotes/awareness/notice-the-habit-before-trying-to-become-someone-without/,Authenticated GSC Links UI/exports 2026-08-24 + URL Inspection referringUrls,NO_EXTERNAL_DOMAINS_OBSERVED_IN_CURRENT_FIRST_PARTY_SAMPLES,NO_EXTERNAL_ROWS_RETURNED; NOT_A_ZERO_BACKLINK_CLAIM,NO_EXTERNAL_REFERRERS_RETURNED,NOT_AVAILABLE_FROM_GSC_LINKS_OR_URL_INSPECTION,SUCCESSFUL,NOT_OBSERVED_IN_CURRENT_GSC_SAMPLES,SEO_P3_LIMITED,"GSC_LINKS_REPORT_RETURNED_NO_USABLE_ROWS; URL Inspection referringUrls 0, external 0. No-row evidence is sampled and is not proof of zero backlinks.",RECHECK_DURING_PHASE_4_IF_DESTRUCTIVE_CHANGE_IS_PROPOSED,HIGH_THAT_CURRENT_FIRST_PARTY_REPORT_WAS_CHECKED; LIMITED_COVERAGE_OF_WEB_LINKS
https://echobuddha.com/quotes/awareness/one-breath-before-anger-replies/,Authenticated GSC Links UI/exports 2026-08-24 + URL Inspection referringUrls,NO_EXTERNAL_DOMAINS_OBSERVED_IN_CURRENT_FIRST_PARTY_SAMPLES,NO_EXTERNAL_ROWS_RETURNED; NOT_A_ZERO_BACKLINK_CLAIM,NO_EXTERNAL_REFERRERS_RETURNED,NOT_AVAILABLE_FROM_GSC_LINKS_OR_URL_INSPECTION,SUCCESSFUL,NOT_OBSERVED_IN_CURRENT_GSC_SAMPLES,SEO_P3_LIMITED,"GSC_LINKS_REPORT_RETURNED_NO_USABLE_ROWS; URL Inspection referringUrls 0, external 0. No-row evidence is sampled and is not proof of zero backlinks.",RECHECK_DURING_PHASE_4_IF_DESTRUCTIVE_CHANGE_IS_PROPOSED,HIGH_THAT_CURRENT_FIRST_PARTY_REPORT_WAS_CHECKED; LIMITED_COVERAGE_OF_WEB_LINKS
https://echobuddha.com/quotes/awareness/small-acts-of-attention-can-turn-an-ordinary-day/,Authenticated GSC Links UI/exports 2026-08-24 + URL Inspection referringUrls,NO_EXTERNAL_DOMAINS_OBSERVED_IN_CURRENT_FIRST_PARTY_SAMPLES,NO_EXTERNAL_ROWS_RETURNED; NOT_A_ZERO_BACKLINK_CLAIM,NO_EXTERNAL_REFERRERS_RETURNED,NOT_AVAILABLE_FROM_GSC_LINKS_OR_URL_INSPECTION,SUCCESSFUL,NOT_OBSERVED_IN_CURRENT_GSC_SAMPLES,SEO_P2_EMERGING,"GSC_LINKS_REPORT_RETURNED_NO_USABLE_ROWS; URL Inspection referringUrls 1, external 0. No-row evidence is sampled and is not proof of zero backlinks.",RECHECK_DURING_PHASE_4_IF_DESTRUCTIVE_CHANGE_IS_PROPOSED,HIGH_THAT_CURRENT_FIRST_PARTY_REPORT_WAS_CHECKED; LIMITED_COVERAGE_OF_WEB_LINKS
https://echobuddha.com/quotes/awareness/the-body-often-knows-you-are-overwhelmed-before-the/,Authenticated GSC Links UI/exports 2026-08-24 + URL Inspection referringUrls,NO_EXTERNAL_DOMAINS_OBSERVED_IN_CURRENT_FIRST_PARTY_SAMPLES,NO_EXTERNAL_ROWS_RETURNED; NOT_A_ZERO_BACKLINK_CLAIM,NO_EXTERNAL_REFERRERS_RETURNED,NOT_AVAILABLE_FROM_GSC_LINKS_OR_URL_INSPECTION,SUCCESSFUL,NOT_OBSERVED_IN_CURRENT_GSC_SAMPLES,SEO_P3_LIMITED,"GSC_LINKS_REPORT_RETURNED_NO_USABLE_ROWS; URL Inspection referringUrls 1, external 0. No-row evidence is sampled and is not proof of zero backlinks.",RECHECK_DURING_PHASE_4_IF_DESTRUCTIVE_CHANGE_IS_PROPOSED,HIGH_THAT_CURRENT_FIRST_PARTY_REPORT_WAS_CHECKED; LIMITED_COVERAGE_OF_WEB_LINKS
https://echobuddha.com/quotes/awareness/thoughts-are-visitors/,Authenticated GSC Links UI/exports 2026-08-24 + URL Inspection referringUrls,NO_EXTERNAL_DOMAINS_OBSERVED_IN_CURRENT_FIRST_PARTY_SAMPLES,NO_EXTERNAL_ROWS_RETURNED; NOT_A_ZERO_BACKLINK_CLAIM,NO_EXTERNAL_REFERRERS_RETURNED,NOT_AVAILABLE_FROM_GSC_LINKS_OR_URL_INSPECTION,SUCCESSFUL,NOT_OBSERVED_IN_CURRENT_GSC_SAMPLES,SEO_P3_LIMITED,"GSC_LINKS_REPORT_RETURNED_NO_USABLE_ROWS; URL Inspection referringUrls 0, external 0. No-row evidence is sampled and is not proof of zero backlinks.",RECHECK_DURING_PHASE_4_IF_DESTRUCTIVE_CHANGE_IS_PROPOSED,HIGH_THAT_CURRENT_FIRST_PARTY_REPORT_WAS_CHECKED; LIMITED_COVERAGE_OF_WEB_LINKS
https://echobuddha.com/quotes/awareness/thoughts-pass-without-commanding-you/,Authenticated GSC Links UI/exports 2026-08-24 + URL Inspection referringUrls,NO_EXTERNAL_DOMAINS_OBSERVED_IN_CURRENT_FIRST_PARTY_SAMPLES,NO_EXTERNAL_ROWS_RETURNED; NOT_A_ZERO_BACKLINK_CLAIM,NO_EXTERNAL_REFERRERS_RETURNED,NOT_AVAILABLE_FROM_GSC_LINKS_OR_URL_INSPECTION,SUCCESSFUL,NOT_OBSERVED_IN_CURRENT_GSC_SAMPLES,SEO_P3_LIMITED,"GSC_LINKS_REPORT_RETURNED_NO_USABLE_ROWS; URL Inspection referringUrls 0, external 0. No-row evidence is sampled and is not proof of zero backlinks.",RECHECK_DURING_PHASE_4_IF_DESTRUCTIVE_CHANGE_IS_PROPOSED,HIGH_THAT_CURRENT_FIRST_PARTY_REPORT_WAS_CHECKED; LIMITED_COVERAGE_OF_WEB_LINKS
https://echobuddha.com/quotes/awareness/what-you-can-observe-clearly-no-longer-controls-you/,Authenticated GSC Links UI/exports 2026-08-24 + URL Inspection referringUrls,NO_EXTERNAL_DOMAINS_OBSERVED_IN_CURRENT_FIRST_PARTY_SAMPLES,NO_EXTERNAL_ROWS_RETURNED; NOT_A_ZERO_BACKLINK_CLAIM,NO_EXTERNAL_REFERRERS_RETURNED,NOT_AVAILABLE_FROM_GSC_LINKS_OR_URL_INSPECTION,SUCCESSFUL,NOT_OBSERVED_IN_CURRENT_GSC_SAMPLES,SEO_P3_LIMITED,"GSC_LINKS_REPORT_RETURNED_NO_USABLE_ROWS; URL Inspection referringUrls 0, external 0. No-row evidence is sampled and is not proof of zero backlinks.",RECHECK_DURING_PHASE_4_IF_DESTRUCTIVE_CHANGE_IS_PROPOSED,HIGH_THAT_CURRENT_FIRST_PARTY_REPORT_WAS_CHECKED; LIMITED_COVERAGE_OF_WEB_LINKS
https://echobuddha.com/quotes/awareness/when-the-mind-tightens-let-the-body-be-your/,Authenticated GSC Links UI/exports 2026-08-24 + URL Inspection referringUrls,NO_EXTERNAL_DOMAINS_OBSERVED_IN_CURRENT_FIRST_PARTY_SAMPLES,NO_EXTERNAL_ROWS_RETURNED; NOT_A_ZERO_BACKLINK_CLAIM,NO_EXTERNAL_REFERRERS_RETURNED,NOT_AVAILABLE_FROM_GSC_LINKS_OR_URL_INSPECTION,SUCCESSFUL,NOT_OBSERVED_IN_CURRENT_GSC_SAMPLES,SEO_P3_LIMITED,"GSC_LINKS_REPORT_RETURNED_NO_USABLE_ROWS; URL Inspection referringUrls 1, external 0. No-row evidence is sampled and is not proof of zero backlinks.",RECHECK_DURING_PHASE_4_IF_DESTRUCTIVE_CHANGE_IS_PROPOSED,HIGH_THAT_CURRENT_FIRST_PARTY_REPORT_WAS_CHECKED; LIMITED_COVERAGE_OF_WEB_LINKS
https://echobuddha.com/quotes/compassion/a-gentle-response-can-end-suffering-that-anger-would/,Authenticated GSC Links UI/exports 2026-08-24 + URL Inspection referringUrls,NO_EXTERNAL_DOMAINS_OBSERVED_IN_CURRENT_FIRST_PARTY_SAMPLES,NO_EXTERNAL_ROWS_RETURNED; NOT_A_ZERO_BACKLINK_CLAIM,NO_EXTERNAL_REFERRERS_RETURNED,NOT_AVAILABLE_FROM_GSC_LINKS_OR_URL_INSPECTION,SUCCESSFUL,NOT_OBSERVED_IN_CURRENT_GSC_SAMPLES,SEO_P3_LIMITED,"GSC_LINKS_REPORT_RETURNED_NO_USABLE_ROWS; URL Inspection referringUrls 0, external 0. No-row evidence is sampled and is not proof of zero backlinks.",RECHECK_DURING_PHASE_4_IF_DESTRUCTIVE_CHANGE_IS_PROPOSED,HIGH_THAT_CURRENT_FIRST_PARTY_REPORT_WAS_CHECKED; LIMITED_COVERAGE_OF_WEB_LINKS
https://echobuddha.com/quotes/compassion/before-judging-another-life-remember-how-much-of-your/,Authenticated GSC Links UI/exports 2026-08-24 + URL Inspection referringUrls,NO_EXTERNAL_DOMAINS_OBSERVED_IN_CURRENT_FIRST_PARTY_SAMPLES,NO_EXTERNAL_ROWS_RETURNED; NOT_A_ZERO_BACKLINK_CLAIM,NO_EXTERNAL_REFERRERS_RETURNED,NOT_AVAILABLE_FROM_GSC_LINKS_OR_URL_INSPECTION,SUCCESSFUL,NOT_OBSERVED_IN_CURRENT_GSC_SAMPLES,SEO_P3_LIMITED,"GSC_LINKS_REPORT_RETURNED_NO_USABLE_ROWS; URL Inspection referringUrls 0, external 0. No-row evidence is sampled and is not proof of zero backlinks.",RECHECK_DURING_PHASE_4_IF_DESTRUCTIVE_CHANGE_IS_PROPOSED,HIGH_THAT_CURRENT_FIRST_PARTY_REPORT_WAS_CHECKED; LIMITED_COVERAGE_OF_WEB_LINKS
https://echobuddha.com/quotes/compassion/compassion-asks-what-hurts-before-it-asks-who-is/,Authenticated GSC Links UI/exports 2026-08-24 + URL Inspection referringUrls,NO_EXTERNAL_DOMAINS_OBSERVED_IN_CURRENT_FIRST_PARTY_SAMPLES,NO_EXTERNAL_ROWS_RETURNED; NOT_A_ZERO_BACKLINK_CLAIM,NO_EXTERNAL_REFERRERS_RETURNED,NOT_AVAILABLE_FROM_GSC_LINKS_OR_URL_INSPECTION,SUCCESSFUL,NOT_OBSERVED_IN_CURRENT_GSC_SAMPLES,SEO_P3_LIMITED,"GSC_LINKS_REPORT_RETURNED_NO_USABLE_ROWS; URL Inspection referringUrls 0, external 0. No-row evidence is sampled and is not proof of zero backlinks.",RECHECK_DURING_PHASE_4_IF_DESTRUCTIVE_CHANGE_IS_PROPOSED,HIGH_THAT_CURRENT_FIRST_PARTY_REPORT_WAS_CHECKED; LIMITED_COVERAGE_OF_WEB_LINKS
https://echobuddha.com/quotes/compassion/compassion-grows-where-judgment-loosens-its-grip/,Authenticated GSC Links UI/exports 2026-08-24 + URL Inspection referringUrls,NO_EXTERNAL_DOMAINS_OBSERVED_IN_CURRENT_FIRST_PARTY_SAMPLES,NO_EXTERNAL_ROWS_RETURNED; NOT_A_ZERO_BACKLINK_CLAIM,NO_EXTERNAL_REFERRERS_RETURNED,NOT_AVAILABLE_FROM_GSC_LINKS_OR_URL_INSPECTION,SUCCESSFUL,NOT_OBSERVED_IN_CURRENT_GSC_SAMPLES,SEO_P3_LIMITED,"GSC_LINKS_REPORT_RETURNED_NO_USABLE_ROWS; URL Inspection referringUrls 0, external 0. No-row evidence is sampled and is not proof of zero backlinks.",RECHECK_DURING_PHASE_4_IF_DESTRUCTIVE_CHANGE_IS_PROPOSED,HIGH_THAT_CURRENT_FIRST_PARTY_REPORT_WAS_CHECKED; LIMITED_COVERAGE_OF_WEB_LINKS
https://echobuddha.com/quotes/compassion/compassion-sees-pain-clearly/,Authenticated GSC Links UI/exports 2026-08-24 + URL Inspection referringUrls,NO_EXTERNAL_DOMAINS_OBSERVED_IN_CURRENT_FIRST_PARTY_SAMPLES,NO_EXTERNAL_ROWS_RETURNED; NOT_A_ZERO_BACKLINK_CLAIM,NO_EXTERNAL_REFERRERS_RETURNED,NOT_AVAILABLE_FROM_GSC_LINKS_OR_URL_INSPECTION,SUCCESSFUL,NOT_OBSERVED_IN_CURRENT_GSC_SAMPLES,SEO_P3_LIMITED,"GSC_LINKS_REPORT_RETURNED_NO_USABLE_ROWS; URL Inspection referringUrls 0, external 0. No-row evidence is sampled and is not proof of zero backlinks.",RECHECK_DURING_PHASE_4_IF_DESTRUCTIVE_CHANGE_IS_PROPOSED,HIGH_THAT_CURRENT_FIRST_PARTY_REPORT_WAS_CHECKED; LIMITED_COVERAGE_OF_WEB_LINKS
https://echobuddha.com/quotes/compassion/gentle-self-compassion/,Authenticated GSC Links UI/exports 2026-08-24 + URL Inspection referringUrls,NO_EXTERNAL_DOMAINS_OBSERVED_IN_CURRENT_FIRST_PARTY_SAMPLES,NO_EXTERNAL_ROWS_RETURNED; NOT_A_ZERO_BACKLINK_CLAIM,NO_EXTERNAL_REFERRERS_RETURNED,NOT_AVAILABLE_FROM_GSC_LINKS_OR_URL_INSPECTION,SUCCESSFUL,NOT_OBSERVED_IN_CURRENT_GSC_SAMPLES,SEO_P3_LIMITED,"GSC_LINKS_REPORT_RETURNED_NO_USABLE_ROWS; URL Inspection referringUrls 0, external 0. No-row evidence is sampled and is not proof of zero backlinks.",RECHECK_DURING_PHASE_4_IF_DESTRUCTIVE_CHANGE_IS_PROPOSED,HIGH_THAT_CURRENT_FIRST_PARTY_REPORT_WAS_CHECKED; LIMITED_COVERAGE_OF_WEB_LINKS
https://echobuddha.com/quotes/compassion/,Authenticated GSC Links UI/exports 2026-08-24 + URL Inspection referringUrls,NO_EXTERNAL_DOMAINS_OBSERVED_IN_CURRENT_FIRST_PARTY_SAMPLES,NO_EXTERNAL_ROWS_RETURNED; NOT_A_ZERO_BACKLINK_CLAIM,NO_EXTERNAL_REFERRERS_RETURNED,NOT_AVAILABLE_FROM_GSC_LINKS_OR_URL_INSPECTION,SUCCESSFUL,NOT_OBSERVED_IN_CURRENT_GSC_SAMPLES,SEO_P1_HIGH,"GSC_LINKS_REPORT_RETURNED_NO_USABLE_ROWS; URL Inspection referringUrls 0, external 0. No-row evidence is sampled and is not proof of zero backlinks.",RECHECK_BEFORE_ANY_FUTURE_URL_MIGRATION,HIGH_THAT_CURRENT_FIRST_PARTY_REPORT_WAS_CHECKED; LIMITED_COVERAGE_OF_WEB_LINKS
https://echobuddha.com/quotes/compassion/kindness-as-quiet-practice/,Authenticated GSC Links UI/exports 2026-08-24 + URL Inspection referringUrls,NO_EXTERNAL_DOMAINS_OBSERVED_IN_CURRENT_FIRST_PARTY_SAMPLES,NO_EXTERNAL_ROWS_RETURNED; NOT_A_ZERO_BACKLINK_CLAIM,NO_EXTERNAL_REFERRERS_RETURNED,NOT_AVAILABLE_FROM_GSC_LINKS_OR_URL_INSPECTION,SUCCESSFUL,NOT_OBSERVED_IN_CURRENT_GSC_SAMPLES,SEO_P3_LIMITED,"GSC_LINKS_REPORT_RETURNED_NO_USABLE_ROWS; URL Inspection referringUrls 0, external 0. No-row evidence is sampled and is not proof of zero backlinks.",RECHECK_DURING_PHASE_4_IF_DESTRUCTIVE_CHANGE_IS_PROPOSED,HIGH_THAT_CURRENT_FIRST_PARTY_REPORT_WAS_CHECKED; LIMITED_COVERAGE_OF_WEB_LINKS
https://echobuddha.com/quotes/compassion/kindness-does-not-need-an-audience-to-become-meaningful/,Authenticated GSC Links UI/exports 2026-08-24 + URL Inspection referringUrls,NO_EXTERNAL_DOMAINS_OBSERVED_IN_CURRENT_FIRST_PARTY_SAMPLES,NO_EXTERNAL_ROWS_RETURNED; NOT_A_ZERO_BACKLINK_CLAIM,NO_EXTERNAL_REFERRERS_RETURNED,NOT_AVAILABLE_FROM_GSC_LINKS_OR_URL_INSPECTION,SUCCESSFUL,NOT_OBSERVED_IN_CURRENT_GSC_SAMPLES,SEO_P3_LIMITED,"GSC_LINKS_REPORT_RETURNED_NO_USABLE_ROWS; URL Inspection referringUrls 0, external 0. No-row evidence is sampled and is not proof of zero backlinks.",RECHECK_DURING_PHASE_4_IF_DESTRUCTIVE_CHANGE_IS_PROPOSED,HIGH_THAT_CURRENT_FIRST_PARTY_REPORT_WAS_CHECKED; LIMITED_COVERAGE_OF_WEB_LINKS
https://echobuddha.com/quotes/compassion/let-kindness-be-the-echo-you-leave-in-every/,Authenticated GSC Links UI/exports 2026-08-24 + URL Inspection referringUrls,NO_EXTERNAL_DOMAINS_OBSERVED_IN_CURRENT_FIRST_PARTY_SAMPLES,NO_EXTERNAL_ROWS_RETURNED; NOT_A_ZERO_BACKLINK_CLAIM,NO_EXTERNAL_REFERRERS_RETURNED,NOT_AVAILABLE_FROM_GSC_LINKS_OR_URL_INSPECTION,SUCCESSFUL,NOT_OBSERVED_IN_CURRENT_GSC_SAMPLES,SEO_P2_EMERGING,"GSC_LINKS_REPORT_RETURNED_NO_USABLE_ROWS; URL Inspection referringUrls 1, external 0. No-row evidence is sampled and is not proof of zero backlinks.",RECHECK_DURING_PHASE_4_IF_DESTRUCTIVE_CHANGE_IS_PROPOSED,HIGH_THAT_CURRENT_FIRST_PARTY_REPORT_WAS_CHECKED; LIMITED_COVERAGE_OF_WEB_LINKS
https://echobuddha.com/quotes/compassion/let-your-boundaries-be-clear-and-your-heart-remain/,Authenticated GSC Links UI/exports 2026-08-24 + URL Inspection referringUrls,NO_EXTERNAL_DOMAINS_OBSERVED_IN_CURRENT_FIRST_PARTY_SAMPLES,NO_EXTERNAL_ROWS_RETURNED; NOT_A_ZERO_BACKLINK_CLAIM,NO_EXTERNAL_REFERRERS_RETURNED,NOT_AVAILABLE_FROM_GSC_LINKS_OR_URL_INSPECTION,SUCCESSFUL,NOT_OBSERVED_IN_CURRENT_GSC_SAMPLES,SEO_P3_LIMITED,"GSC_LINKS_REPORT_RETURNED_NO_USABLE_ROWS; URL Inspection referringUrls 0, external 0. No-row evidence is sampled and is not proof of zero backlinks.",RECHECK_DURING_PHASE_4_IF_DESTRUCTIVE_CHANGE_IS_PROPOSED,HIGH_THAT_CURRENT_FIRST_PARTY_REPORT_WAS_CHECKED; LIMITED_COVERAGE_OF_WEB_LINKS
https://echobuddha.com/quotes/compassion/loving-kindness-without-harm/,Authenticated GSC Links UI/exports 2026-08-24 + URL Inspection referringUrls,NO_EXTERNAL_DOMAINS_OBSERVED_IN_CURRENT_FIRST_PARTY_SAMPLES,NO_EXTERNAL_ROWS_RETURNED; NOT_A_ZERO_BACKLINK_CLAIM,NO_EXTERNAL_REFERRERS_RETURNED,NOT_AVAILABLE_FROM_GSC_LINKS_OR_URL_INSPECTION,SUCCESSFUL,NOT_OBSERVED_IN_CURRENT_GSC_SAMPLES,SEO_P3_LIMITED,"GSC_LINKS_REPORT_RETURNED_NO_USABLE_ROWS; URL Inspection referringUrls 0, external 0. No-row evidence is sampled and is not proof of zero backlinks.",RECHECK_DURING_PHASE_4_IF_DESTRUCTIVE_CHANGE_IS_PROPOSED,HIGH_THAT_CURRENT_FIRST_PARTY_REPORT_WAS_CHECKED; LIMITED_COVERAGE_OF_WEB_LINKS
https://echobuddha.com/quotes/compassion/offer-others-the-patience-you-hope-to-receive-on/,Authenticated GSC Links UI/exports 2026-08-24 + URL Inspection referringUrls,NO_EXTERNAL_DOMAINS_OBSERVED_IN_CURRENT_FIRST_PARTY_SAMPLES,NO_EXTERNAL_ROWS_RETURNED; NOT_A_ZERO_BACKLINK_CLAIM,NO_EXTERNAL_REFERRERS_RETURNED,NOT_AVAILABLE_FROM_GSC_LINKS_OR_URL_INSPECTION,SUCCESSFUL,NOT_OBSERVED_IN_CURRENT_GSC_SAMPLES,SEO_P3_LIMITED,"GSC_LINKS_REPORT_RETURNED_NO_USABLE_ROWS; URL Inspection referringUrls 1, external 0. No-row evidence is sampled and is not proof of zero backlinks.",RECHECK_DURING_PHASE_4_IF_DESTRUCTIVE_CHANGE_IS_PROPOSED,HIGH_THAT_CURRENT_FIRST_PARTY_REPORT_WAS_CHECKED; LIMITED_COVERAGE_OF_WEB_LINKS
https://echobuddha.com/quotes/compassion/small-kindnesses-often-reach-places-that-advice-cannot/,Authenticated GSC Links UI/exports 2026-08-24 + URL Inspection referringUrls,NO_EXTERNAL_DOMAINS_OBSERVED_IN_CURRENT_FIRST_PARTY_SAMPLES,NO_EXTERNAL_ROWS_RETURNED; NOT_A_ZERO_BACKLINK_CLAIM,NO_EXTERNAL_REFERRERS_RETURNED,NOT_AVAILABLE_FROM_GSC_LINKS_OR_URL_INSPECTION,SUCCESSFUL,NOT_OBSERVED_IN_CURRENT_GSC_SAMPLES,SEO_P3_LIMITED,"GSC_LINKS_REPORT_RETURNED_NO_USABLE_ROWS; URL Inspection referringUrls 0, external 0. No-row evidence is sampled and is not proof of zero backlinks.",RECHECK_DURING_PHASE_4_IF_DESTRUCTIVE_CHANGE_IS_PROPOSED,HIGH_THAT_CURRENT_FIRST_PARTY_REPORT_WAS_CHECKED; LIMITED_COVERAGE_OF_WEB_LINKS
https://echobuddha.com/quotes/compassion/the-heart-becomes-spacious-each-time-it-chooses-care/,Authenticated GSC Links UI/exports 2026-08-24 + URL Inspection referringUrls,NO_EXTERNAL_DOMAINS_OBSERVED_IN_CURRENT_FIRST_PARTY_SAMPLES,NO_EXTERNAL_ROWS_RETURNED; NOT_A_ZERO_BACKLINK_CLAIM,NO_EXTERNAL_REFERRERS_RETURNED,NOT_AVAILABLE_FROM_GSC_LINKS_OR_URL_INSPECTION,SUCCESSFUL,NOT_OBSERVED_IN_CURRENT_GSC_SAMPLES,SEO_P3_LIMITED,"GSC_LINKS_REPORT_RETURNED_NO_USABLE_ROWS; URL Inspection referringUrls 0, external 0. No-row evidence is sampled and is not proof of zero backlinks.",RECHECK_DURING_PHASE_4_IF_DESTRUCTIVE_CHANGE_IS_PROPOSED,HIGH_THAT_CURRENT_FIRST_PARTY_REPORT_WAS_CHECKED; LIMITED_COVERAGE_OF_WEB_LINKS
https://echobuddha.com/quotes/compassion/to-understand-someone-is-not-to-excuse-harm-it/,Authenticated GSC Links UI/exports 2026-08-24 + URL Inspection referringUrls,NO_EXTERNAL_DOMAINS_OBSERVED_IN_CURRENT_FIRST_PARTY_SAMPLES,NO_EXTERNAL_ROWS_RETURNED; NOT_A_ZERO_BACKLINK_CLAIM,NO_EXTERNAL_REFERRERS_RETURNED,NOT_AVAILABLE_FROM_GSC_LINKS_OR_URL_INSPECTION,SUCCESSFUL,NOT_OBSERVED_IN_CURRENT_GSC_SAMPLES,SEO_P3_LIMITED,"GSC_LINKS_REPORT_RETURNED_NO_USABLE_ROWS; URL Inspection referringUrls 0, external 0. No-row evidence is sampled and is not proof of zero backlinks.",RECHECK_DURING_PHASE_4_IF_DESTRUCTIVE_CHANGE_IS_PROPOSED,HIGH_THAT_CURRENT_FIRST_PARTY_REPORT_WAS_CHECKED; LIMITED_COVERAGE_OF_WEB_LINKS
https://echobuddha.com/quotes/compassion/when-you-cannot-remove-anothers-burden-do-not-add/,Authenticated GSC Links UI/exports 2026-08-24 + URL Inspection referringUrls,NO_EXTERNAL_DOMAINS_OBSERVED_IN_CURRENT_FIRST_PARTY_SAMPLES,NO_EXTERNAL_ROWS_RETURNED; NOT_A_ZERO_BACKLINK_CLAIM,NO_EXTERNAL_REFERRERS_RETURNED,NOT_AVAILABLE_FROM_GSC_LINKS_OR_URL_INSPECTION,SUCCESSFUL,NOT_OBSERVED_IN_CURRENT_GSC_SAMPLES,SEO_P3_LIMITED,"GSC_LINKS_REPORT_RETURNED_NO_USABLE_ROWS; URL Inspection referringUrls 1, external 0. No-row evidence is sampled and is not proof of zero backlinks.",RECHECK_DURING_PHASE_4_IF_DESTRUCTIVE_CHANGE_IS_PROPOSED,HIGH_THAT_CURRENT_FIRST_PARTY_REPORT_WAS_CHECKED; LIMITED_COVERAGE_OF_WEB_LINKS
https://echobuddha.com/quotes/impermanence/acceptance-begins-where-the-argument-with-change-ends/,Authenticated GSC Links UI/exports 2026-08-24 + URL Inspection referringUrls,NO_EXTERNAL_DOMAINS_OBSERVED_IN_CURRENT_FIRST_PARTY_SAMPLES,NO_EXTERNAL_ROWS_RETURNED; NOT_A_ZERO_BACKLINK_CLAIM,NO_EXTERNAL_REFERRERS_RETURNED,NOT_AVAILABLE_FROM_GSC_LINKS_OR_URL_INSPECTION,SUCCESSFUL,NOT_OBSERVED_IN_CURRENT_GSC_SAMPLES,SEO_P3_LIMITED,"GSC_LINKS_REPORT_RETURNED_NO_USABLE_ROWS; URL Inspection referringUrls 0, external 0. No-row evidence is sampled and is not proof of zero backlinks.",RECHECK_DURING_PHASE_4_IF_DESTRUCTIVE_CHANGE_IS_PROPOSED,HIGH_THAT_CURRENT_FIRST_PARTY_REPORT_WAS_CHECKED; LIMITED_COVERAGE_OF_WEB_LINKS
https://echobuddha.com/quotes/impermanence/because-this-moment-will-pass-meet-it-while-it/,Authenticated GSC Links UI/exports 2026-08-24 + URL Inspection referringUrls,NO_EXTERNAL_DOMAINS_OBSERVED_IN_CURRENT_FIRST_PARTY_SAMPLES,NO_EXTERNAL_ROWS_RETURNED; NOT_A_ZERO_BACKLINK_CLAIM,NO_EXTERNAL_REFERRERS_RETURNED,NOT_AVAILABLE_FROM_GSC_LINKS_OR_URL_INSPECTION,SUCCESSFUL,NOT_OBSERVED_IN_CURRENT_GSC_SAMPLES,SEO_P3_LIMITED,"GSC_LINKS_REPORT_RETURNED_NO_USABLE_ROWS; URL Inspection referringUrls 1, external 0. No-row evidence is sampled and is not proof of zero backlinks.",RECHECK_DURING_PHASE_4_IF_DESTRUCTIVE_CHANGE_IS_PROPOSED,HIGH_THAT_CURRENT_FIRST_PARTY_REPORT_WAS_CHECKED; LIMITED_COVERAGE_OF_WEB_LINKS
https://echobuddha.com/quotes/impermanence/change-is-how-life-continues/,Authenticated GSC Links UI/exports 2026-08-24 + URL Inspection referringUrls,NO_EXTERNAL_DOMAINS_OBSERVED_IN_CURRENT_FIRST_PARTY_SAMPLES,NO_EXTERNAL_ROWS_RETURNED; NOT_A_ZERO_BACKLINK_CLAIM,NO_EXTERNAL_REFERRERS_RETURNED,NOT_AVAILABLE_FROM_GSC_LINKS_OR_URL_INSPECTION,SUCCESSFUL,NOT_OBSERVED_IN_CURRENT_GSC_SAMPLES,SEO_P2_EMERGING,"GSC_LINKS_REPORT_RETURNED_NO_USABLE_ROWS; URL Inspection referringUrls 0, external 0. No-row evidence is sampled and is not proof of zero backlinks.",RECHECK_DURING_PHASE_4_IF_DESTRUCTIVE_CHANGE_IS_PROPOSED,HIGH_THAT_CURRENT_FIRST_PARTY_REPORT_WAS_CHECKED; LIMITED_COVERAGE_OF_WEB_LINKS
https://echobuddha.com/quotes/impermanence/change-takes-nothing-personally-it-simply-continues/,Authenticated GSC Links UI/exports 2026-08-24 + URL Inspection referringUrls,NO_EXTERNAL_DOMAINS_OBSERVED_IN_CURRENT_FIRST_PARTY_SAMPLES,NO_EXTERNAL_ROWS_RETURNED; NOT_A_ZERO_BACKLINK_CLAIM,NO_EXTERNAL_REFERRERS_RETURNED,NOT_AVAILABLE_FROM_GSC_LINKS_OR_URL_INSPECTION,SUCCESSFUL,NOT_OBSERVED_IN_CURRENT_GSC_SAMPLES,SEO_P3_LIMITED,"GSC_LINKS_REPORT_RETURNED_NO_USABLE_ROWS; URL Inspection referringUrls 0, external 0. No-row evidence is sampled and is not proof of zero backlinks.",RECHECK_DURING_PHASE_4_IF_DESTRUCTIVE_CHANGE_IS_PROPOSED,HIGH_THAT_CURRENT_FIRST_PARTY_REPORT_WAS_CHECKED; LIMITED_COVERAGE_OF_WEB_LINKS
https://echobuddha.com/quotes/impermanence/everything-changes-including-the-part-of-you-that-fears/,Authenticated GSC Links UI/exports 2026-08-24 + URL Inspection referringUrls,NO_EXTERNAL_DOMAINS_OBSERVED_IN_CURRENT_FIRST_PARTY_SAMPLES,NO_EXTERNAL_ROWS_RETURNED; NOT_A_ZERO_BACKLINK_CLAIM,NO_EXTERNAL_REFERRERS_RETURNED,NOT_AVAILABLE_FROM_GSC_LINKS_OR_URL_INSPECTION,SUCCESSFUL,NOT_OBSERVED_IN_CURRENT_GSC_SAMPLES,SEO_P2_EMERGING,"GSC_LINKS_REPORT_RETURNED_NO_USABLE_ROWS; URL Inspection referringUrls 1, external 0. No-row evidence is sampled and is not proof of zero backlinks.",RECHECK_DURING_PHASE_4_IF_DESTRUCTIVE_CHANGE_IS_PROPOSED,HIGH_THAT_CURRENT_FIRST_PARTY_REPORT_WAS_CHECKED; LIMITED_COVERAGE_OF_WEB_LINKS
https://echobuddha.com/quotes/impermanence/hold-each-day-carefully-knowing-it-cannot-be-held/,Authenticated GSC Links UI/exports 2026-08-24 + URL Inspection referringUrls,NO_EXTERNAL_DOMAINS_OBSERVED_IN_CURRENT_FIRST_PARTY_SAMPLES,NO_EXTERNAL_ROWS_RETURNED; NOT_A_ZERO_BACKLINK_CLAIM,NO_EXTERNAL_REFERRERS_RETURNED,NOT_AVAILABLE_FROM_GSC_LINKS_OR_URL_INSPECTION,SUCCESSFUL,NOT_OBSERVED_IN_CURRENT_GSC_SAMPLES,SEO_P3_LIMITED,"GSC_LINKS_REPORT_RETURNED_NO_USABLE_ROWS; URL Inspection referringUrls 1, external 0. No-row evidence is sampled and is not proof of zero backlinks.",RECHECK_DURING_PHASE_4_IF_DESTRUCTIVE_CHANGE_IS_PROPOSED,HIGH_THAT_CURRENT_FIRST_PARTY_REPORT_WAS_CHECKED; LIMITED_COVERAGE_OF_WEB_LINKS
https://echobuddha.com/quotes/impermanence/,Authenticated GSC Links UI/exports 2026-08-24 + URL Inspection referringUrls,NO_EXTERNAL_DOMAINS_OBSERVED_IN_CURRENT_FIRST_PARTY_SAMPLES,NO_EXTERNAL_ROWS_RETURNED; NOT_A_ZERO_BACKLINK_CLAIM,NO_EXTERNAL_REFERRERS_RETURNED,NOT_AVAILABLE_FROM_GSC_LINKS_OR_URL_INSPECTION,SUCCESSFUL,NOT_OBSERVED_IN_CURRENT_GSC_SAMPLES,SEO_P2_EMERGING,"GSC_LINKS_REPORT_RETURNED_NO_USABLE_ROWS; URL Inspection referringUrls 0, external 0. No-row evidence is sampled and is not proof of zero backlinks.",RECHECK_DURING_PHASE_4_IF_DESTRUCTIVE_CHANGE_IS_PROPOSED,HIGH_THAT_CURRENT_FIRST_PARTY_REPORT_WAS_CHECKED; LIMITED_COVERAGE_OF_WEB_LINKS
https://echobuddha.com/quotes/impermanence/meet-change-softly/,Authenticated GSC Links UI/exports 2026-08-24 + URL Inspection referringUrls,NO_EXTERNAL_DOMAINS_OBSERVED_IN_CURRENT_FIRST_PARTY_SAMPLES,NO_EXTERNAL_ROWS_RETURNED; NOT_A_ZERO_BACKLINK_CLAIM,NO_EXTERNAL_REFERRERS_RETURNED,NOT_AVAILABLE_FROM_GSC_LINKS_OR_URL_INSPECTION,PAGE_FETCH_STATE_UNSPECIFIED,NOT_OBSERVED_IN_CURRENT_GSC_SAMPLES,SEO_P3_LIMITED,"GSC_LINKS_REPORT_RETURNED_NO_USABLE_ROWS; URL Inspection referringUrls 0, external 0. No-row evidence is sampled and is not proof of zero backlinks.",RECHECK_DURING_PHASE_4_IF_DESTRUCTIVE_CHANGE_IS_PROPOSED,HIGH_THAT_CURRENT_FIRST_PARTY_REPORT_WAS_CHECKED; LIMITED_COVERAGE_OF_WEB_LINKS
https://echobuddha.com/quotes/impermanence/no-season-is-asked-to-remain-in-order-to/,Authenticated GSC Links UI/exports 2026-08-24 + URL Inspection referringUrls,NO_EXTERNAL_DOMAINS_OBSERVED_IN_CURRENT_FIRST_PARTY_SAMPLES,NO_EXTERNAL_ROWS_RETURNED; NOT_A_ZERO_BACKLINK_CLAIM,NO_EXTERNAL_REFERRERS_RETURNED,NOT_AVAILABLE_FROM_GSC_LINKS_OR_URL_INSPECTION,SUCCESSFUL,NOT_OBSERVED_IN_CURRENT_GSC_SAMPLES,SEO_P3_LIMITED,"GSC_LINKS_REPORT_RETURNED_NO_USABLE_ROWS; URL Inspection referringUrls 0, external 0. No-row evidence is sampled and is not proof of zero backlinks.",RECHECK_DURING_PHASE_4_IF_DESTRUCTIVE_CHANGE_IS_PROPOSED,HIGH_THAT_CURRENT_FIRST_PARTY_REPORT_WAS_CHECKED; LIMITED_COVERAGE_OF_WEB_LINKS
https://echobuddha.com/quotes/impermanence/the-fading-flower-does-not-make-its-blooming-less/,Authenticated GSC Links UI/exports 2026-08-24 + URL Inspection referringUrls,NO_EXTERNAL_DOMAINS_OBSERVED_IN_CURRENT_FIRST_PARTY_SAMPLES,NO_EXTERNAL_ROWS_RETURNED; NOT_A_ZERO_BACKLINK_CLAIM,NO_EXTERNAL_REFERRERS_RETURNED,NOT_AVAILABLE_FROM_GSC_LINKS_OR_URL_INSPECTION,SUCCESSFUL,NOT_OBSERVED_IN_CURRENT_GSC_SAMPLES,SEO_P2_EMERGING,"GSC_LINKS_REPORT_RETURNED_NO_USABLE_ROWS; URL Inspection referringUrls 0, external 0. No-row evidence is sampled and is not proof of zero backlinks.",RECHECK_DURING_PHASE_4_IF_DESTRUCTIVE_CHANGE_IS_PROPOSED,HIGH_THAT_CURRENT_FIRST_PARTY_REPORT_WAS_CHECKED; LIMITED_COVERAGE_OF_WEB_LINKS
https://echobuddha.com/quotes/impermanence/the-passing-of-joy-teaches-gratitude-the-passing-of/,Authenticated GSC Links UI/exports 2026-08-24 + URL Inspection referringUrls,NO_EXTERNAL_DOMAINS_OBSERVED_IN_CURRENT_FIRST_PARTY_SAMPLES,NO_EXTERNAL_ROWS_RETURNED; NOT_A_ZERO_BACKLINK_CLAIM,NO_EXTERNAL_REFERRERS_RETURNED,NOT_AVAILABLE_FROM_GSC_LINKS_OR_URL_INSPECTION,SUCCESSFUL,NOT_OBSERVED_IN_CURRENT_GSC_SAMPLES,SEO_P2_EMERGING,"GSC_LINKS_REPORT_RETURNED_NO_USABLE_ROWS; URL Inspection referringUrls 0, external 0. No-row evidence is sampled and is not proof of zero backlinks.",RECHECK_DURING_PHASE_4_IF_DESTRUCTIVE_CHANGE_IS_PROPOSED,HIGH_THAT_CURRENT_FIRST_PARTY_REPORT_WAS_CHECKED; LIMITED_COVERAGE_OF_WEB_LINKS
https://echobuddha.com/quotes/impermanence/todays-certainty-may-become-tomorrows-lesson-in-humility/,Authenticated GSC Links UI/exports 2026-08-24 + URL Inspection referringUrls,NO_EXTERNAL_DOMAINS_OBSERVED_IN_CURRENT_FIRST_PARTY_SAMPLES,NO_EXTERNAL_ROWS_RETURNED; NOT_A_ZERO_BACKLINK_CLAIM,NO_EXTERNAL_REFERRERS_RETURNED,NOT_AVAILABLE_FROM_GSC_LINKS_OR_URL_INSPECTION,SUCCESSFUL,NOT_OBSERVED_IN_CURRENT_GSC_SAMPLES,SEO_P3_LIMITED,"GSC_LINKS_REPORT_RETURNED_NO_USABLE_ROWS; URL Inspection referringUrls 1, external 0. No-row evidence is sampled and is not proof of zero backlinks.",RECHECK_DURING_PHASE_4_IF_DESTRUCTIVE_CHANGE_IS_PROPOSED,HIGH_THAT_CURRENT_FIRST_PARTY_REPORT_WAS_CHECKED; LIMITED_COVERAGE_OF_WEB_LINKS
https://echobuddha.com/quotes/impermanence/what-changes-is-not-always-lost-sometimes-it-is/,Authenticated GSC Links UI/exports 2026-08-24 + URL Inspection referringUrls,NO_EXTERNAL_DOMAINS_OBSERVED_IN_CURRENT_FIRST_PARTY_SAMPLES,NO_EXTERNAL_ROWS_RETURNED; NOT_A_ZERO_BACKLINK_CLAIM,NO_EXTERNAL_REFERRERS_RETURNED,NOT_AVAILABLE_FROM_GSC_LINKS_OR_URL_INSPECTION,SUCCESSFUL,NOT_OBSERVED_IN_CURRENT_GSC_SAMPLES,SEO_P3_LIMITED,"GSC_LINKS_REPORT_RETURNED_NO_USABLE_ROWS; URL Inspection referringUrls 0, external 0. No-row evidence is sampled and is not proof of zero backlinks.",RECHECK_DURING_PHASE_4_IF_DESTRUCTIVE_CHANGE_IS_PROPOSED,HIGH_THAT_CURRENT_FIRST_PARTY_REPORT_WAS_CHECKED; LIMITED_COVERAGE_OF_WEB_LINKS
https://echobuddha.com/quotes/,Authenticated GSC Links UI/exports 2026-08-24 + URL Inspection referringUrls,NO_EXTERNAL_DOMAINS_OBSERVED_IN_CURRENT_FIRST_PARTY_SAMPLES,NO_EXTERNAL_ROWS_RETURNED; NOT_A_ZERO_BACKLINK_CLAIM,NO_EXTERNAL_REFERRERS_RETURNED,NOT_AVAILABLE_FROM_GSC_LINKS_OR_URL_INSPECTION,SUCCESSFUL,NOT_OBSERVED_IN_CURRENT_GSC_SAMPLES,SEO_P1_HIGH,"GSC_LINKS_REPORT_RETURNED_NO_USABLE_ROWS; URL Inspection referringUrls 0, external 0. No-row evidence is sampled and is not proof of zero backlinks.",RECHECK_BEFORE_ANY_FUTURE_URL_MIGRATION,HIGH_THAT_CURRENT_FIRST_PARTY_REPORT_WAS_CHECKED; LIMITED_COVERAGE_OF_WEB_LINKS
https://echobuddha.com/quotes/letting-go/an-open-hand-can-care-for-what-a-clenched/,Authenticated GSC Links UI/exports 2026-08-24 + URL Inspection referringUrls,NO_EXTERNAL_DOMAINS_OBSERVED_IN_CURRENT_FIRST_PARTY_SAMPLES,NO_EXTERNAL_ROWS_RETURNED; NOT_A_ZERO_BACKLINK_CLAIM,NO_EXTERNAL_REFERRERS_RETURNED,NOT_AVAILABLE_FROM_GSC_LINKS_OR_URL_INSPECTION,SUCCESSFUL,NOT_OBSERVED_IN_CURRENT_GSC_SAMPLES,SEO_P3_LIMITED,"GSC_LINKS_REPORT_RETURNED_NO_USABLE_ROWS; URL Inspection referringUrls 0, external 0. No-row evidence is sampled and is not proof of zero backlinks.",RECHECK_DURING_PHASE_4_IF_DESTRUCTIVE_CHANGE_IS_PROPOSED,HIGH_THAT_CURRENT_FIRST_PARTY_REPORT_WAS_CHECKED; LIMITED_COVERAGE_OF_WEB_LINKS
https://echobuddha.com/quotes/letting-go/caring-without-clinging/,Authenticated GSC Links UI/exports 2026-08-24 + URL Inspection referringUrls,NO_EXTERNAL_DOMAINS_OBSERVED_IN_CURRENT_FIRST_PARTY_SAMPLES,NO_EXTERNAL_ROWS_RETURNED; NOT_A_ZERO_BACKLINK_CLAIM,NO_EXTERNAL_REFERRERS_RETURNED,NOT_AVAILABLE_FROM_GSC_LINKS_OR_URL_INSPECTION,SUCCESSFUL,NOT_OBSERVED_IN_CURRENT_GSC_SAMPLES,SEO_P3_LIMITED,"GSC_LINKS_REPORT_RETURNED_NO_USABLE_ROWS; URL Inspection referringUrls 0, external 0. No-row evidence is sampled and is not proof of zero backlinks.",RECHECK_DURING_PHASE_4_IF_DESTRUCTIVE_CHANGE_IS_PROPOSED,HIGH_THAT_CURRENT_FIRST_PARTY_REPORT_WAS_CHECKED; LIMITED_COVERAGE_OF_WEB_LINKS
https://echobuddha.com/quotes/letting-go/forgiveness-without-approving-harm/,Authenticated GSC Links UI/exports 2026-08-24 + URL Inspection referringUrls,NO_EXTERNAL_DOMAINS_OBSERVED_IN_CURRENT_FIRST_PARTY_SAMPLES,NO_EXTERNAL_ROWS_RETURNED; NOT_A_ZERO_BACKLINK_CLAIM,NO_EXTERNAL_REFERRERS_RETURNED,NOT_AVAILABLE_FROM_GSC_LINKS_OR_URL_INSPECTION,SUCCESSFUL,NOT_OBSERVED_IN_CURRENT_GSC_SAMPLES,SEO_P3_LIMITED,"GSC_LINKS_REPORT_RETURNED_NO_USABLE_ROWS; URL Inspection referringUrls 0, external 0. No-row evidence is sampled and is not proof of zero backlinks.",RECHECK_DURING_PHASE_4_IF_DESTRUCTIVE_CHANGE_IS_PROPOSED,HIGH_THAT_CURRENT_FIRST_PARTY_REPORT_WAS_CHECKED; LIMITED_COVERAGE_OF_WEB_LINKS
https://echobuddha.com/quotes/letting-go/freedom-often-sounds-like-the-quiet-end-of-an/,Authenticated GSC Links UI/exports 2026-08-24 + URL Inspection referringUrls,NO_EXTERNAL_DOMAINS_OBSERVED_IN_CURRENT_FIRST_PARTY_SAMPLES,NO_EXTERNAL_ROWS_RETURNED; NOT_A_ZERO_BACKLINK_CLAIM,NO_EXTERNAL_REFERRERS_RETURNED,NOT_AVAILABLE_FROM_GSC_LINKS_OR_URL_INSPECTION,SUCCESSFUL,NOT_OBSERVED_IN_CURRENT_GSC_SAMPLES,SEO_P3_LIMITED,"GSC_LINKS_REPORT_RETURNED_NO_USABLE_ROWS; URL Inspection referringUrls 0, external 0. No-row evidence is sampled and is not proof of zero backlinks.",RECHECK_DURING_PHASE_4_IF_DESTRUCTIVE_CHANGE_IS_PROPOSED,HIGH_THAT_CURRENT_FIRST_PARTY_REPORT_WAS_CHECKED; LIMITED_COVERAGE_OF_WEB_LINKS
https://echobuddha.com/quotes/letting-go/,Authenticated GSC Links UI/exports 2026-08-24 + URL Inspection referringUrls,NO_EXTERNAL_DOMAINS_OBSERVED_IN_CURRENT_FIRST_PARTY_SAMPLES,NO_EXTERNAL_ROWS_RETURNED; NOT_A_ZERO_BACKLINK_CLAIM,NO_EXTERNAL_REFERRERS_RETURNED,NOT_AVAILABLE_FROM_GSC_LINKS_OR_URL_INSPECTION,SUCCESSFUL,NOT_OBSERVED_IN_CURRENT_GSC_SAMPLES,SEO_P0_CRITICAL,"GSC_LINKS_REPORT_RETURNED_NO_USABLE_ROWS; URL Inspection referringUrls 0, external 0. No-row evidence is sampled and is not proof of zero backlinks.",RECHECK_BEFORE_ANY_FUTURE_URL_MIGRATION,HIGH_THAT_CURRENT_FIRST_PARTY_REPORT_WAS_CHECKED; LIMITED_COVERAGE_OF_WEB_LINKS
https://echobuddha.com/quotes/letting-go/let-the-feeling-pass-through-without-building-it-a/,Authenticated GSC Links UI/exports 2026-08-24 + URL Inspection referringUrls,NO_EXTERNAL_DOMAINS_OBSERVED_IN_CURRENT_FIRST_PARTY_SAMPLES,NO_EXTERNAL_ROWS_RETURNED; NOT_A_ZERO_BACKLINK_CLAIM,NO_EXTERNAL_REFERRERS_RETURNED,NOT_AVAILABLE_FROM_GSC_LINKS_OR_URL_INSPECTION,SUCCESSFUL,NOT_OBSERVED_IN_CURRENT_GSC_SAMPLES,SEO_P3_LIMITED,"GSC_LINKS_REPORT_RETURNED_NO_USABLE_ROWS; URL Inspection referringUrls 1, external 0. No-row evidence is sampled and is not proof of zero backlinks.",RECHECK_DURING_PHASE_4_IF_DESTRUCTIVE_CHANGE_IS_PROPOSED,HIGH_THAT_CURRENT_FIRST_PARTY_REPORT_WAS_CHECKED; LIMITED_COVERAGE_OF_WEB_LINKS
https://echobuddha.com/quotes/letting-go/letting-go-begins-by-admitting-how-tightly-you-are/,Authenticated GSC Links UI/exports 2026-08-24 + URL Inspection referringUrls,NO_EXTERNAL_DOMAINS_OBSERVED_IN_CURRENT_FIRST_PARTY_SAMPLES,NO_EXTERNAL_ROWS_RETURNED; NOT_A_ZERO_BACKLINK_CLAIM,NO_EXTERNAL_REFERRERS_RETURNED,NOT_AVAILABLE_FROM_GSC_LINKS_OR_URL_INSPECTION,SUCCESSFUL,NOT_OBSERVED_IN_CURRENT_GSC_SAMPLES,SEO_P3_LIMITED,"GSC_LINKS_REPORT_RETURNED_NO_USABLE_ROWS; URL Inspection referringUrls 0, external 0. No-row evidence is sampled and is not proof of zero backlinks.",RECHECK_DURING_PHASE_4_IF_DESTRUCTIVE_CHANGE_IS_PROPOSED,HIGH_THAT_CURRENT_FIRST_PARTY_REPORT_WAS_CHECKED; LIMITED_COVERAGE_OF_WEB_LINKS
https://echobuddha.com/quotes/letting-go/open-hands-non-attachment/,Authenticated GSC Links UI/exports 2026-08-24 + URL Inspection referringUrls,NO_EXTERNAL_DOMAINS_OBSERVED_IN_CURRENT_FIRST_PARTY_SAMPLES,NO_EXTERNAL_ROWS_RETURNED; NOT_A_ZERO_BACKLINK_CLAIM,NO_EXTERNAL_REFERRERS_RETURNED,NOT_AVAILABLE_FROM_GSC_LINKS_OR_URL_INSPECTION,SUCCESSFUL,NOT_OBSERVED_IN_CURRENT_GSC_SAMPLES,SEO_P3_LIMITED,"GSC_LINKS_REPORT_RETURNED_NO_USABLE_ROWS; URL Inspection referringUrls 0, external 0. No-row evidence is sampled and is not proof of zero backlinks.",RECHECK_DURING_PHASE_4_IF_DESTRUCTIVE_CHANGE_IS_PROPOSED,HIGH_THAT_CURRENT_FIRST_PARTY_REPORT_WAS_CHECKED; LIMITED_COVERAGE_OF_WEB_LINKS
https://echobuddha.com/quotes/letting-go/peace-enters-when-control-is-no-longer-the-price/,Authenticated GSC Links UI/exports 2026-08-24 + URL Inspection referringUrls,NO_EXTERNAL_DOMAINS_OBSERVED_IN_CURRENT_FIRST_PARTY_SAMPLES,NO_EXTERNAL_ROWS_RETURNED; NOT_A_ZERO_BACKLINK_CLAIM,NO_EXTERNAL_REFERRERS_RETURNED,NOT_AVAILABLE_FROM_GSC_LINKS_OR_URL_INSPECTION,SUCCESSFUL,NOT_OBSERVED_IN_CURRENT_GSC_SAMPLES,SEO_P3_LIMITED,"GSC_LINKS_REPORT_RETURNED_NO_USABLE_ROWS; URL Inspection referringUrls 0, external 0. No-row evidence is sampled and is not proof of zero backlinks.",RECHECK_DURING_PHASE_4_IF_DESTRUCTIVE_CHANGE_IS_PROPOSED,HIGH_THAT_CURRENT_FIRST_PARTY_REPORT_WAS_CHECKED; LIMITED_COVERAGE_OF_WEB_LINKS
https://echobuddha.com/quotes/letting-go/release-the-need-to-replay-what-can-no-longer/,Authenticated GSC Links UI/exports 2026-08-24 + URL Inspection referringUrls,NO_EXTERNAL_DOMAINS_OBSERVED_IN_CURRENT_FIRST_PARTY_SAMPLES,NO_EXTERNAL_ROWS_RETURNED; NOT_A_ZERO_BACKLINK_CLAIM,NO_EXTERNAL_REFERRERS_RETURNED,NOT_AVAILABLE_FROM_GSC_LINKS_OR_URL_INSPECTION,SUCCESSFUL,NOT_OBSERVED_IN_CURRENT_GSC_SAMPLES,SEO_P3_LIMITED,"GSC_LINKS_REPORT_RETURNED_NO_USABLE_ROWS; URL Inspection referringUrls 0, external 0. No-row evidence is sampled and is not proof of zero backlinks.",RECHECK_DURING_PHASE_4_IF_DESTRUCTIVE_CHANGE_IS_PROPOSED,HIGH_THAT_CURRENT_FIRST_PARTY_REPORT_WAS_CHECKED; LIMITED_COVERAGE_OF_WEB_LINKS
https://echobuddha.com/quotes/letting-go/release-the-outcome-but-keep-the-care-you-bring/,Authenticated GSC Links UI/exports 2026-08-24 + URL Inspection referringUrls,NO_EXTERNAL_DOMAINS_OBSERVED_IN_CURRENT_FIRST_PARTY_SAMPLES,NO_EXTERNAL_ROWS_RETURNED; NOT_A_ZERO_BACKLINK_CLAIM,NO_EXTERNAL_REFERRERS_RETURNED,NOT_AVAILABLE_FROM_GSC_LINKS_OR_URL_INSPECTION,SUCCESSFUL,NOT_OBSERVED_IN_CURRENT_GSC_SAMPLES,SEO_P3_LIMITED,"GSC_LINKS_REPORT_RETURNED_NO_USABLE_ROWS; URL Inspection referringUrls 0, external 0. No-row evidence is sampled and is not proof of zero backlinks.",RECHECK_DURING_PHASE_4_IF_DESTRUCTIVE_CHANGE_IS_PROPOSED,HIGH_THAT_CURRENT_FIRST_PARTY_REPORT_WAS_CHECKED; LIMITED_COVERAGE_OF_WEB_LINKS
https://echobuddha.com/quotes/letting-go/soften-around-stress/,Authenticated GSC Links UI/exports 2026-08-24 + URL Inspection referringUrls,NO_EXTERNAL_DOMAINS_OBSERVED_IN_CURRENT_FIRST_PARTY_SAMPLES,NO_EXTERNAL_ROWS_RETURNED; NOT_A_ZERO_BACKLINK_CLAIM,NO_EXTERNAL_REFERRERS_RETURNED,NOT_AVAILABLE_FROM_GSC_LINKS_OR_URL_INSPECTION,SUCCESSFUL,NOT_OBSERVED_IN_CURRENT_GSC_SAMPLES,SEO_P3_LIMITED,"GSC_LINKS_REPORT_RETURNED_NO_USABLE_ROWS; URL Inspection referringUrls 0, external 0. No-row evidence is sampled and is not proof of zero backlinks.",RECHECK_DURING_PHASE_4_IF_DESTRUCTIVE_CHANGE_IS_PROPOSED,HIGH_THAT_CURRENT_FIRST_PARTY_REPORT_WAS_CHECKED; LIMITED_COVERAGE_OF_WEB_LINKS
https://echobuddha.com/quotes/letting-go/what-leaves-your-life-may-still-leave-wisdom-behind/,Authenticated GSC Links UI/exports 2026-08-24 + URL Inspection referringUrls,NO_EXTERNAL_DOMAINS_OBSERVED_IN_CURRENT_FIRST_PARTY_SAMPLES,NO_EXTERNAL_ROWS_RETURNED; NOT_A_ZERO_BACKLINK_CLAIM,NO_EXTERNAL_REFERRERS_RETURNED,NOT_AVAILABLE_FROM_GSC_LINKS_OR_URL_INSPECTION,SUCCESSFUL,NOT_OBSERVED_IN_CURRENT_GSC_SAMPLES,SEO_P2_EMERGING,"GSC_LINKS_REPORT_RETURNED_NO_USABLE_ROWS; URL Inspection referringUrls 0, external 0. No-row evidence is sampled and is not proof of zero backlinks.",RECHECK_DURING_PHASE_4_IF_DESTRUCTIVE_CHANGE_IS_PROPOSED,HIGH_THAT_CURRENT_FIRST_PARTY_REPORT_WAS_CHECKED; LIMITED_COVERAGE_OF_WEB_LINKS
https://echobuddha.com/quotes/letting-go/where-attachment-begins/,Authenticated GSC Links UI/exports 2026-08-24 + URL Inspection referringUrls,NO_EXTERNAL_DOMAINS_OBSERVED_IN_CURRENT_FIRST_PARTY_SAMPLES,NO_EXTERNAL_ROWS_RETURNED; NOT_A_ZERO_BACKLINK_CLAIM,NO_EXTERNAL_REFERRERS_RETURNED,NOT_AVAILABLE_FROM_GSC_LINKS_OR_URL_INSPECTION,PAGE_FETCH_STATE_UNSPECIFIED,NOT_OBSERVED_IN_CURRENT_GSC_SAMPLES,SEO_P3_LIMITED,"GSC_LINKS_REPORT_RETURNED_NO_USABLE_ROWS; URL Inspection referringUrls 0, external 0. No-row evidence is sampled and is not proof of zero backlinks.",RECHECK_DURING_PHASE_4_IF_DESTRUCTIVE_CHANGE_IS_PROPOSED,HIGH_THAT_CURRENT_FIRST_PARTY_REPORT_WAS_CHECKED; LIMITED_COVERAGE_OF_WEB_LINKS
https://echobuddha.com/quotes/letting-go/you-can-honor-the-past-without-asking-it-to/,Authenticated GSC Links UI/exports 2026-08-24 + URL Inspection referringUrls,NO_EXTERNAL_DOMAINS_OBSERVED_IN_CURRENT_FIRST_PARTY_SAMPLES,NO_EXTERNAL_ROWS_RETURNED; NOT_A_ZERO_BACKLINK_CLAIM,NO_EXTERNAL_REFERRERS_RETURNED,NOT_AVAILABLE_FROM_GSC_LINKS_OR_URL_INSPECTION,SUCCESSFUL,NOT_OBSERVED_IN_CURRENT_GSC_SAMPLES,SEO_P3_LIMITED,"GSC_LINKS_REPORT_RETURNED_NO_USABLE_ROWS; URL Inspection referringUrls 1, external 0. No-row evidence is sampled and is not proof of zero backlinks.",RECHECK_DURING_PHASE_4_IF_DESTRUCTIVE_CHANGE_IS_PROPOSED,HIGH_THAT_CURRENT_FIRST_PARTY_REPORT_WAS_CHECKED; LIMITED_COVERAGE_OF_WEB_LINKS
https://echobuddha.com/quotes/letting-go/you-do-not-betray-a-memory-by-allowing-yourself/,Authenticated GSC Links UI/exports 2026-08-24 + URL Inspection referringUrls,NO_EXTERNAL_DOMAINS_OBSERVED_IN_CURRENT_FIRST_PARTY_SAMPLES,NO_EXTERNAL_ROWS_RETURNED; NOT_A_ZERO_BACKLINK_CLAIM,NO_EXTERNAL_REFERRERS_RETURNED,NOT_AVAILABLE_FROM_GSC_LINKS_OR_URL_INSPECTION,SUCCESSFUL,NOT_OBSERVED_IN_CURRENT_GSC_SAMPLES,SEO_P3_LIMITED,"GSC_LINKS_REPORT_RETURNED_NO_USABLE_ROWS; URL Inspection referringUrls 0, external 0. No-row evidence is sampled and is not proof of zero backlinks.",RECHECK_DURING_PHASE_4_IF_DESTRUCTIVE_CHANGE_IS_PROPOSED,HIGH_THAT_CURRENT_FIRST_PARTY_REPORT_WAS_CHECKED; LIMITED_COVERAGE_OF_WEB_LINKS
https://echobuddha.com/quotes/letting-go/you-do-not-need-to-carry-every-thought-that/,Authenticated GSC Links UI/exports 2026-08-24 + URL Inspection referringUrls,NO_EXTERNAL_DOMAINS_OBSERVED_IN_CURRENT_FIRST_PARTY_SAMPLES,NO_EXTERNAL_ROWS_RETURNED; NOT_A_ZERO_BACKLINK_CLAIM,NO_EXTERNAL_REFERRERS_RETURNED,NOT_AVAILABLE_FROM_GSC_LINKS_OR_URL_INSPECTION,SUCCESSFUL,NOT_OBSERVED_IN_CURRENT_GSC_SAMPLES,SEO_P2_EMERGING,"GSC_LINKS_REPORT_RETURNED_NO_USABLE_ROWS; URL Inspection referringUrls 0, external 0. No-row evidence is sampled and is not proof of zero backlinks.",RECHECK_DURING_PHASE_4_IF_DESTRUCTIVE_CHANGE_IS_PROPOSED,HIGH_THAT_CURRENT_FIRST_PARTY_REPORT_WAS_CHECKED; LIMITED_COVERAGE_OF_WEB_LINKS
https://echobuddha.com/quotes/meditation/a-short-sincere-practice-can-steady-a-long-and/,Authenticated GSC Links UI/exports 2026-08-24 + URL Inspection referringUrls,NO_EXTERNAL_DOMAINS_OBSERVED_IN_CURRENT_FIRST_PARTY_SAMPLES,NO_EXTERNAL_ROWS_RETURNED; NOT_A_ZERO_BACKLINK_CLAIM,NO_EXTERNAL_REFERRERS_RETURNED,NOT_AVAILABLE_FROM_GSC_LINKS_OR_URL_INSPECTION,SUCCESSFUL,NOT_OBSERVED_IN_CURRENT_GSC_SAMPLES,SEO_P2_EMERGING,"GSC_LINKS_REPORT_RETURNED_NO_USABLE_ROWS; URL Inspection referringUrls 0, external 0. No-row evidence is sampled and is not proof of zero backlinks.",RECHECK_DURING_PHASE_4_IF_DESTRUCTIVE_CHANGE_IS_PROPOSED,HIGH_THAT_CURRENT_FIRST_PARTY_REPORT_WAS_CHECKED; LIMITED_COVERAGE_OF_WEB_LINKS
https://echobuddha.com/quotes/meditation/do-not-search-meditation-for-a-special-self-notice/,Authenticated GSC Links UI/exports 2026-08-24 + URL Inspection referringUrls,NO_EXTERNAL_DOMAINS_OBSERVED_IN_CURRENT_FIRST_PARTY_SAMPLES,NO_EXTERNAL_ROWS_RETURNED; NOT_A_ZERO_BACKLINK_CLAIM,NO_EXTERNAL_REFERRERS_RETURNED,NOT_AVAILABLE_FROM_GSC_LINKS_OR_URL_INSPECTION,SUCCESSFUL,NOT_OBSERVED_IN_CURRENT_GSC_SAMPLES,SEO_P3_LIMITED,"GSC_LINKS_REPORT_RETURNED_NO_USABLE_ROWS; URL Inspection referringUrls 0, external 0. No-row evidence is sampled and is not proof of zero backlinks.",RECHECK_DURING_PHASE_4_IF_DESTRUCTIVE_CHANGE_IS_PROPOSED,HIGH_THAT_CURRENT_FIRST_PARTY_REPORT_WAS_CHECKED; LIMITED_COVERAGE_OF_WEB_LINKS
https://echobuddha.com/quotes/meditation/every-return-from-distraction-strengthens-the-path-home/,Authenticated GSC Links UI/exports 2026-08-24 + URL Inspection referringUrls,NO_EXTERNAL_DOMAINS_OBSERVED_IN_CURRENT_FIRST_PARTY_SAMPLES,NO_EXTERNAL_ROWS_RETURNED; NOT_A_ZERO_BACKLINK_CLAIM,NO_EXTERNAL_REFERRERS_RETURNED,NOT_AVAILABLE_FROM_GSC_LINKS_OR_URL_INSPECTION,SUCCESSFUL,NOT_OBSERVED_IN_CURRENT_GSC_SAMPLES,SEO_P3_LIMITED,"GSC_LINKS_REPORT_RETURNED_NO_USABLE_ROWS; URL Inspection referringUrls 0, external 0. No-row evidence is sampled and is not proof of zero backlinks.",RECHECK_DURING_PHASE_4_IF_DESTRUCTIVE_CHANGE_IS_PROPOSED,HIGH_THAT_CURRENT_FIRST_PARTY_REPORT_WAS_CHECKED; LIMITED_COVERAGE_OF_WEB_LINKS
https://echobuddha.com/quotes/meditation/few-quiet-minutes/,Authenticated GSC Links UI/exports 2026-08-24 + URL Inspection referringUrls,NO_EXTERNAL_DOMAINS_OBSERVED_IN_CURRENT_FIRST_PARTY_SAMPLES,NO_EXTERNAL_ROWS_RETURNED; NOT_A_ZERO_BACKLINK_CLAIM,NO_EXTERNAL_REFERRERS_RETURNED,NOT_AVAILABLE_FROM_GSC_LINKS_OR_URL_INSPECTION,SUCCESSFUL,NOT_OBSERVED_IN_CURRENT_GSC_SAMPLES,SEO_P3_LIMITED,"GSC_LINKS_REPORT_RETURNED_NO_USABLE_ROWS; URL Inspection referringUrls 0, external 0. No-row evidence is sampled and is not proof of zero backlinks.",RECHECK_DURING_PHASE_4_IF_DESTRUCTIVE_CHANGE_IS_PROPOSED,HIGH_THAT_CURRENT_FIRST_PARTY_REPORT_WAS_CHECKED; LIMITED_COVERAGE_OF_WEB_LINKS
https://echobuddha.com/quotes/meditation/follow-the-breath-lightly-as-you-would-listen-to/,Authenticated GSC Links UI/exports 2026-08-24 + URL Inspection referringUrls,NO_EXTERNAL_DOMAINS_OBSERVED_IN_CURRENT_FIRST_PARTY_SAMPLES,NO_EXTERNAL_ROWS_RETURNED; NOT_A_ZERO_BACKLINK_CLAIM,NO_EXTERNAL_REFERRERS_RETURNED,NOT_AVAILABLE_FROM_GSC_LINKS_OR_URL_INSPECTION,SUCCESSFUL,NOT_OBSERVED_IN_CURRENT_GSC_SAMPLES,SEO_P3_LIMITED,"GSC_LINKS_REPORT_RETURNED_NO_USABLE_ROWS; URL Inspection referringUrls 0, external 0. No-row evidence is sampled and is not proof of zero backlinks.",RECHECK_DURING_PHASE_4_IF_DESTRUCTIVE_CHANGE_IS_PROPOSED,HIGH_THAT_CURRENT_FIRST_PARTY_REPORT_WAS_CHECKED; LIMITED_COVERAGE_OF_WEB_LINKS
https://echobuddha.com/quotes/meditation/,Authenticated GSC Links UI/exports 2026-08-24 + URL Inspection referringUrls,NO_EXTERNAL_DOMAINS_OBSERVED_IN_CURRENT_FIRST_PARTY_SAMPLES,NO_EXTERNAL_ROWS_RETURNED; NOT_A_ZERO_BACKLINK_CLAIM,NO_EXTERNAL_REFERRERS_RETURNED,NOT_AVAILABLE_FROM_GSC_LINKS_OR_URL_INSPECTION,SUCCESSFUL,NOT_OBSERVED_IN_CURRENT_GSC_SAMPLES,SEO_P1_HIGH,"GSC_LINKS_REPORT_RETURNED_NO_USABLE_ROWS; URL Inspection referringUrls 0, external 0. No-row evidence is sampled and is not proof of zero backlinks.",RECHECK_BEFORE_ANY_FUTURE_URL_MIGRATION,HIGH_THAT_CURRENT_FIRST_PARTY_REPORT_WAS_CHECKED; LIMITED_COVERAGE_OF_WEB_LINKS
https://echobuddha.com/quotes/meditation/meditation-is-not-leaving-life-it-is-learning-how/,Authenticated GSC Links UI/exports 2026-08-24 + URL Inspection referringUrls,NO_EXTERNAL_DOMAINS_OBSERVED_IN_CURRENT_FIRST_PARTY_SAMPLES,NO_EXTERNAL_ROWS_RETURNED; NOT_A_ZERO_BACKLINK_CLAIM,NO_EXTERNAL_REFERRERS_RETURNED,NOT_AVAILABLE_FROM_GSC_LINKS_OR_URL_INSPECTION,SUCCESSFUL,NOT_OBSERVED_IN_CURRENT_GSC_SAMPLES,SEO_P2_EMERGING,"GSC_LINKS_REPORT_RETURNED_NO_USABLE_ROWS; URL Inspection referringUrls 0, external 0. No-row evidence is sampled and is not proof of zero backlinks.",RECHECK_DURING_PHASE_4_IF_DESTRUCTIVE_CHANGE_IS_PROPOSED,HIGH_THAT_CURRENT_FIRST_PARTY_REPORT_WAS_CHECKED; LIMITED_COVERAGE_OF_WEB_LINKS
https://echobuddha.com/quotes/meditation/meditation-is-returning/,Authenticated GSC Links UI/exports 2026-08-24 + URL Inspection referringUrls,NO_EXTERNAL_DOMAINS_OBSERVED_IN_CURRENT_FIRST_PARTY_SAMPLES,NO_EXTERNAL_ROWS_RETURNED; NOT_A_ZERO_BACKLINK_CLAIM,NO_EXTERNAL_REFERRERS_RETURNED,NOT_AVAILABLE_FROM_GSC_LINKS_OR_URL_INSPECTION,SUCCESSFUL,NOT_OBSERVED_IN_CURRENT_GSC_SAMPLES,SEO_P3_LIMITED,"GSC_LINKS_REPORT_RETURNED_NO_USABLE_ROWS; URL Inspection referringUrls 0, external 0. No-row evidence is sampled and is not proof of zero backlinks.",RECHECK_DURING_PHASE_4_IF_DESTRUCTIVE_CHANGE_IS_PROPOSED,HIGH_THAT_CURRENT_FIRST_PARTY_REPORT_WAS_CHECKED; LIMITED_COVERAGE_OF_WEB_LINKS
https://echobuddha.com/quotes/meditation/one-honest-breath/,Authenticated GSC Links UI/exports 2026-08-24 + URL Inspection referringUrls,NO_EXTERNAL_DOMAINS_OBSERVED_IN_CURRENT_FIRST_PARTY_SAMPLES,NO_EXTERNAL_ROWS_RETURNED; NOT_A_ZERO_BACKLINK_CLAIM,NO_EXTERNAL_REFERRERS_RETURNED,NOT_AVAILABLE_FROM_GSC_LINKS_OR_URL_INSPECTION,SUCCESSFUL,NOT_OBSERVED_IN_CURRENT_GSC_SAMPLES,SEO_P3_LIMITED,"GSC_LINKS_REPORT_RETURNED_NO_USABLE_ROWS; URL Inspection referringUrls 0, external 0. No-row evidence is sampled and is not proof of zero backlinks.",RECHECK_DURING_PHASE_4_IF_DESTRUCTIVE_CHANGE_IS_PROPOSED,HIGH_THAT_CURRENT_FIRST_PARTY_REPORT_WAS_CHECKED; LIMITED_COVERAGE_OF_WEB_LINKS
https://echobuddha.com/quotes/meditation/silence-is-not-empty-when-the-heart-is-listening/,Authenticated GSC Links UI/exports 2026-08-24 + URL Inspection referringUrls,NO_EXTERNAL_DOMAINS_OBSERVED_IN_CURRENT_FIRST_PARTY_SAMPLES,NO_EXTERNAL_ROWS_RETURNED; NOT_A_ZERO_BACKLINK_CLAIM,NO_EXTERNAL_REFERRERS_RETURNED,NOT_AVAILABLE_FROM_GSC_LINKS_OR_URL_INSPECTION,SUCCESSFUL,NOT_OBSERVED_IN_CURRENT_GSC_SAMPLES,SEO_P2_EMERGING,"GSC_LINKS_REPORT_RETURNED_NO_USABLE_ROWS; URL Inspection referringUrls 1, external 0. No-row evidence is sampled and is not proof of zero backlinks.",RECHECK_DURING_PHASE_4_IF_DESTRUCTIVE_CHANGE_IS_PROPOSED,HIGH_THAT_CURRENT_FIRST_PARTY_REPORT_WAS_CHECKED; LIMITED_COVERAGE_OF_WEB_LINKS
https://echobuddha.com/quotes/meditation/sit-with-the-day-as-it-is-before-asking/,Authenticated GSC Links UI/exports 2026-08-24 + URL Inspection referringUrls,NO_EXTERNAL_DOMAINS_OBSERVED_IN_CURRENT_FIRST_PARTY_SAMPLES,NO_EXTERNAL_ROWS_RETURNED; NOT_A_ZERO_BACKLINK_CLAIM,NO_EXTERNAL_REFERRERS_RETURNED,NOT_AVAILABLE_FROM_GSC_LINKS_OR_URL_INSPECTION,SUCCESSFUL,NOT_OBSERVED_IN_CURRENT_GSC_SAMPLES,SEO_P2_EMERGING,"GSC_LINKS_REPORT_RETURNED_NO_USABLE_ROWS; URL Inspection referringUrls 0, external 0. No-row evidence is sampled and is not proof of zero backlinks.",RECHECK_DURING_PHASE_4_IF_DESTRUCTIVE_CHANGE_IS_PROPOSED,HIGH_THAT_CURRENT_FIRST_PARTY_REPORT_WAS_CHECKED; LIMITED_COVERAGE_OF_WEB_LINKS
https://echobuddha.com/quotes/meditation/sit-without-demanding-silence-and-the-mind-will-teach/,Authenticated GSC Links UI/exports 2026-08-24 + URL Inspection referringUrls,NO_EXTERNAL_DOMAINS_OBSERVED_IN_CURRENT_FIRST_PARTY_SAMPLES,NO_EXTERNAL_ROWS_RETURNED; NOT_A_ZERO_BACKLINK_CLAIM,NO_EXTERNAL_REFERRERS_RETURNED,NOT_AVAILABLE_FROM_GSC_LINKS_OR_URL_INSPECTION,SUCCESSFUL,NOT_OBSERVED_IN_CURRENT_GSC_SAMPLES,SEO_P3_LIMITED,"GSC_LINKS_REPORT_RETURNED_NO_USABLE_ROWS; URL Inspection referringUrls 1, external 0. No-row evidence is sampled and is not proof of zero backlinks.",RECHECK_DURING_PHASE_4_IF_DESTRUCTIVE_CHANGE_IS_PROPOSED,HIGH_THAT_CURRENT_FIRST_PARTY_REPORT_WAS_CHECKED; LIMITED_COVERAGE_OF_WEB_LINKS
https://echobuddha.com/quotes/meditation/the-bell-fades-but-careful-listening-can-continue/,Authenticated GSC Links UI/exports 2026-08-24 + URL Inspection referringUrls,NO_EXTERNAL_DOMAINS_OBSERVED_IN_CURRENT_FIRST_PARTY_SAMPLES,NO_EXTERNAL_ROWS_RETURNED; NOT_A_ZERO_BACKLINK_CLAIM,NO_EXTERNAL_REFERRERS_RETURNED,NOT_AVAILABLE_FROM_GSC_LINKS_OR_URL_INSPECTION,SUCCESSFUL,NOT_OBSERVED_IN_CURRENT_GSC_SAMPLES,SEO_P3_LIMITED,"GSC_LINKS_REPORT_RETURNED_NO_USABLE_ROWS; URL Inspection referringUrls 0, external 0. No-row evidence is sampled and is not proof of zero backlinks.",RECHECK_DURING_PHASE_4_IF_DESTRUCTIVE_CHANGE_IS_PROPOSED,HIGH_THAT_CURRENT_FIRST_PARTY_REPORT_WAS_CHECKED; LIMITED_COVERAGE_OF_WEB_LINKS
https://echobuddha.com/quotes/meditation/the-cushion-is-a-place-to-practice-returning-not/,Authenticated GSC Links UI/exports 2026-08-24 + URL Inspection referringUrls,NO_EXTERNAL_DOMAINS_OBSERVED_IN_CURRENT_FIRST_PARTY_SAMPLES,NO_EXTERNAL_ROWS_RETURNED; NOT_A_ZERO_BACKLINK_CLAIM,NO_EXTERNAL_REFERRERS_RETURNED,NOT_AVAILABLE_FROM_GSC_LINKS_OR_URL_INSPECTION,SUCCESSFUL,NOT_OBSERVED_IN_CURRENT_GSC_SAMPLES,SEO_P3_LIMITED,"GSC_LINKS_REPORT_RETURNED_NO_USABLE_ROWS; URL Inspection referringUrls 0, external 0. No-row evidence is sampled and is not proof of zero backlinks.",RECHECK_DURING_PHASE_4_IF_DESTRUCTIVE_CHANGE_IS_PROPOSED,HIGH_THAT_CURRENT_FIRST_PARTY_REPORT_WAS_CHECKED; LIMITED_COVERAGE_OF_WEB_LINKS
https://echobuddha.com/quotes/meditation/when-stillness-feels-impossible-begin-by-noticing-the-restlessness/,Authenticated GSC Links UI/exports 2026-08-24 + URL Inspection referringUrls,NO_EXTERNAL_DOMAINS_OBSERVED_IN_CURRENT_FIRST_PARTY_SAMPLES,NO_EXTERNAL_ROWS_RETURNED; NOT_A_ZERO_BACKLINK_CLAIM,NO_EXTERNAL_REFERRERS_RETURNED,NOT_AVAILABLE_FROM_GSC_LINKS_OR_URL_INSPECTION,SUCCESSFUL,NOT_OBSERVED_IN_CURRENT_GSC_SAMPLES,SEO_P2_EMERGING,"GSC_LINKS_REPORT_RETURNED_NO_USABLE_ROWS; URL Inspection referringUrls 0, external 0. No-row evidence is sampled and is not proof of zero backlinks.",RECHECK_DURING_PHASE_4_IF_DESTRUCTIVE_CHANGE_IS_PROPOSED,HIGH_THAT_CURRENT_FIRST_PARTY_REPORT_WAS_CHECKED; LIMITED_COVERAGE_OF_WEB_LINKS
https://echobuddha.com/quotes/mindfulness/a-peaceful-mind-begins-with-one-honest-breath/,Authenticated GSC Links UI/exports 2026-08-24 + URL Inspection referringUrls,NO_EXTERNAL_DOMAINS_OBSERVED_IN_CURRENT_FIRST_PARTY_SAMPLES,NO_EXTERNAL_ROWS_RETURNED; NOT_A_ZERO_BACKLINK_CLAIM,NO_EXTERNAL_REFERRERS_RETURNED,NOT_AVAILABLE_FROM_GSC_LINKS_OR_URL_INSPECTION,SUCCESSFUL,NOT_OBSERVED_IN_CURRENT_GSC_SAMPLES,SEO_P2_EMERGING,"GSC_LINKS_REPORT_RETURNED_NO_USABLE_ROWS; URL Inspection referringUrls 0, external 0. No-row evidence is sampled and is not proof of zero backlinks.",RECHECK_DURING_PHASE_4_IF_DESTRUCTIVE_CHANGE_IS_PROPOSED,HIGH_THAT_CURRENT_FIRST_PARTY_REPORT_WAS_CHECKED; LIMITED_COVERAGE_OF_WEB_LINKS
https://echobuddha.com/quotes/mindfulness/a-wandering-mind-is-not-a-failed-mind-it/,Authenticated GSC Links UI/exports 2026-08-24 + URL Inspection referringUrls,NO_EXTERNAL_DOMAINS_OBSERVED_IN_CURRENT_FIRST_PARTY_SAMPLES,NO_EXTERNAL_ROWS_RETURNED; NOT_A_ZERO_BACKLINK_CLAIM,NO_EXTERNAL_REFERRERS_RETURNED,NOT_AVAILABLE_FROM_GSC_LINKS_OR_URL_INSPECTION,SUCCESSFUL,NOT_OBSERVED_IN_CURRENT_GSC_SAMPLES,SEO_P3_LIMITED,"GSC_LINKS_REPORT_RETURNED_NO_USABLE_ROWS; URL Inspection referringUrls 0, external 0. No-row evidence is sampled and is not proof of zero backlinks.",RECHECK_DURING_PHASE_4_IF_DESTRUCTIVE_CHANGE_IS_PROPOSED,HIGH_THAT_CURRENT_FIRST_PARTY_REPORT_WAS_CHECKED; LIMITED_COVERAGE_OF_WEB_LINKS
https://echobuddha.com/quotes/mindfulness/awareness-begins-when-hurry-loosens-its-hold/,Authenticated GSC Links UI/exports 2026-08-24 + URL Inspection referringUrls,NO_EXTERNAL_DOMAINS_OBSERVED_IN_CURRENT_FIRST_PARTY_SAMPLES,NO_EXTERNAL_ROWS_RETURNED; NOT_A_ZERO_BACKLINK_CLAIM,NO_EXTERNAL_REFERRERS_RETURNED,NOT_AVAILABLE_FROM_GSC_LINKS_OR_URL_INSPECTION,SUCCESSFUL,NOT_OBSERVED_IN_CURRENT_GSC_SAMPLES,SEO_P3_LIMITED,"GSC_LINKS_REPORT_RETURNED_NO_USABLE_ROWS; URL Inspection referringUrls 1, external 0. No-row evidence is sampled and is not proof of zero backlinks.",RECHECK_DURING_PHASE_4_IF_DESTRUCTIVE_CHANGE_IS_PROPOSED,HIGH_THAT_CURRENT_FIRST_PARTY_REPORT_WAS_CHECKED; LIMITED_COVERAGE_OF_WEB_LINKS
https://echobuddha.com/quotes/mindfulness/begin-the-day-with-awareness/,Authenticated GSC Links UI/exports 2026-08-24 + URL Inspection referringUrls,NO_EXTERNAL_DOMAINS_OBSERVED_IN_CURRENT_FIRST_PARTY_SAMPLES,NO_EXTERNAL_ROWS_RETURNED; NOT_A_ZERO_BACKLINK_CLAIM,NO_EXTERNAL_REFERRERS_RETURNED,NOT_AVAILABLE_FROM_GSC_LINKS_OR_URL_INSPECTION,SUCCESSFUL,NOT_OBSERVED_IN_CURRENT_GSC_SAMPLES,SEO_P3_LIMITED,"GSC_LINKS_REPORT_RETURNED_NO_USABLE_ROWS; URL Inspection referringUrls 0, external 0. No-row evidence is sampled and is not proof of zero backlinks.",RECHECK_DURING_PHASE_4_IF_DESTRUCTIVE_CHANGE_IS_PROPOSED,HIGH_THAT_CURRENT_FIRST_PARTY_REPORT_WAS_CHECKED; LIMITED_COVERAGE_OF_WEB_LINKS
https://echobuddha.com/quotes/mindfulness/give-one-ordinary-task-the-dignity-of-your-full/,Authenticated GSC Links UI/exports 2026-08-24 + URL Inspection referringUrls,NO_EXTERNAL_DOMAINS_OBSERVED_IN_CURRENT_FIRST_PARTY_SAMPLES,NO_EXTERNAL_ROWS_RETURNED; NOT_A_ZERO_BACKLINK_CLAIM,NO_EXTERNAL_REFERRERS_RETURNED,NOT_AVAILABLE_FROM_GSC_LINKS_OR_URL_INSPECTION,SUCCESSFUL,NOT_OBSERVED_IN_CURRENT_GSC_SAMPLES,SEO_P3_LIMITED,"GSC_LINKS_REPORT_RETURNED_NO_USABLE_ROWS; URL Inspection referringUrls 0, external 0. No-row evidence is sampled and is not proof of zero backlinks.",RECHECK_DURING_PHASE_4_IF_DESTRUCTIVE_CHANGE_IS_PROPOSED,HIGH_THAT_CURRENT_FIRST_PARTY_REPORT_WAS_CHECKED; LIMITED_COVERAGE_OF_WEB_LINKS
https://echobuddha.com/quotes/mindfulness/gratitude-notices-enough/,Authenticated GSC Links UI/exports 2026-08-24 + URL Inspection referringUrls,NO_EXTERNAL_DOMAINS_OBSERVED_IN_CURRENT_FIRST_PARTY_SAMPLES,NO_EXTERNAL_ROWS_RETURNED; NOT_A_ZERO_BACKLINK_CLAIM,NO_EXTERNAL_REFERRERS_RETURNED,NOT_AVAILABLE_FROM_GSC_LINKS_OR_URL_INSPECTION,SUCCESSFUL,NOT_OBSERVED_IN_CURRENT_GSC_SAMPLES,SEO_P3_LIMITED,"GSC_LINKS_REPORT_RETURNED_NO_USABLE_ROWS; URL Inspection referringUrls 0, external 0. No-row evidence is sampled and is not proof of zero backlinks.",RECHECK_DURING_PHASE_4_IF_DESTRUCTIVE_CHANGE_IS_PROPOSED,HIGH_THAT_CURRENT_FIRST_PARTY_REPORT_WAS_CHECKED; LIMITED_COVERAGE_OF_WEB_LINKS
https://echobuddha.com/quotes/mindfulness/ground-yourself-gently/,Authenticated GSC Links UI/exports 2026-08-24 + URL Inspection referringUrls,NO_EXTERNAL_DOMAINS_OBSERVED_IN_CURRENT_FIRST_PARTY_SAMPLES,NO_EXTERNAL_ROWS_RETURNED; NOT_A_ZERO_BACKLINK_CLAIM,NO_EXTERNAL_REFERRERS_RETURNED,NOT_AVAILABLE_FROM_GSC_LINKS_OR_URL_INSPECTION,SUCCESSFUL,NOT_OBSERVED_IN_CURRENT_GSC_SAMPLES,SEO_P3_LIMITED,"GSC_LINKS_REPORT_RETURNED_NO_USABLE_ROWS; URL Inspection referringUrls 0, external 0. No-row evidence is sampled and is not proof of zero backlinks.",RECHECK_DURING_PHASE_4_IF_DESTRUCTIVE_CHANGE_IS_PROPOSED,HIGH_THAT_CURRENT_FIRST_PARTY_REPORT_WAS_CHECKED; LIMITED_COVERAGE_OF_WEB_LINKS
https://echobuddha.com/quotes/mindfulness/,Authenticated GSC Links UI/exports 2026-08-24 + URL Inspection referringUrls,NO_EXTERNAL_DOMAINS_OBSERVED_IN_CURRENT_FIRST_PARTY_SAMPLES,NO_EXTERNAL_ROWS_RETURNED; NOT_A_ZERO_BACKLINK_CLAIM,NO_EXTERNAL_REFERRERS_RETURNED,NOT_AVAILABLE_FROM_GSC_LINKS_OR_URL_INSPECTION,SUCCESSFUL,NOT_OBSERVED_IN_CURRENT_GSC_SAMPLES,SEO_P1_HIGH,"GSC_LINKS_REPORT_RETURNED_NO_USABLE_ROWS; URL Inspection referringUrls 0, external 0. No-row evidence is sampled and is not proof of zero backlinks.",RECHECK_BEFORE_ANY_FUTURE_URL_MIGRATION,HIGH_THAT_CURRENT_FIRST_PARTY_REPORT_WAS_CHECKED; LIMITED_COVERAGE_OF_WEB_LINKS
https://echobuddha.com/quotes/mindfulness/listen-before-answering/,Authenticated GSC Links UI/exports 2026-08-24 + URL Inspection referringUrls,NO_EXTERNAL_DOMAINS_OBSERVED_IN_CURRENT_FIRST_PARTY_SAMPLES,NO_EXTERNAL_ROWS_RETURNED; NOT_A_ZERO_BACKLINK_CLAIM,NO_EXTERNAL_REFERRERS_RETURNED,NOT_AVAILABLE_FROM_GSC_LINKS_OR_URL_INSPECTION,SUCCESSFUL,NOT_OBSERVED_IN_CURRENT_GSC_SAMPLES,SEO_P2_EMERGING,"GSC_LINKS_REPORT_RETURNED_NO_USABLE_ROWS; URL Inspection referringUrls 1, external 0. No-row evidence is sampled and is not proof of zero backlinks.",RECHECK_DURING_PHASE_4_IF_DESTRUCTIVE_CHANGE_IS_PROPOSED,HIGH_THAT_CURRENT_FIRST_PARTY_REPORT_WAS_CHECKED; LIMITED_COVERAGE_OF_WEB_LINKS
https://echobuddha.com/quotes/mindfulness/listen-to-the-moment-before-filling-it-with-your/,Authenticated GSC Links UI/exports 2026-08-24 + URL Inspection referringUrls,NO_EXTERNAL_DOMAINS_OBSERVED_IN_CURRENT_FIRST_PARTY_SAMPLES,NO_EXTERNAL_ROWS_RETURNED; NOT_A_ZERO_BACKLINK_CLAIM,NO_EXTERNAL_REFERRERS_RETURNED,NOT_AVAILABLE_FROM_GSC_LINKS_OR_URL_INSPECTION,SUCCESSFUL,NOT_OBSERVED_IN_CURRENT_GSC_SAMPLES,SEO_P2_EMERGING,"GSC_LINKS_REPORT_RETURNED_NO_USABLE_ROWS; URL Inspection referringUrls 0, external 0. No-row evidence is sampled and is not proof of zero backlinks.",RECHECK_DURING_PHASE_4_IF_DESTRUCTIVE_CHANGE_IS_PROPOSED,HIGH_THAT_CURRENT_FIRST_PARTY_REPORT_WAS_CHECKED; LIMITED_COVERAGE_OF_WEB_LINKS
https://echobuddha.com/quotes/mindfulness/notice-what-is-here-before-deciding-what-it-means/,Authenticated GSC Links UI/exports 2026-08-24 + URL Inspection referringUrls,NO_EXTERNAL_DOMAINS_OBSERVED_IN_CURRENT_FIRST_PARTY_SAMPLES,NO_EXTERNAL_ROWS_RETURNED; NOT_A_ZERO_BACKLINK_CLAIM,NO_EXTERNAL_REFERRERS_RETURNED,NOT_AVAILABLE_FROM_GSC_LINKS_OR_URL_INSPECTION,SUCCESSFUL,NOT_OBSERVED_IN_CURRENT_GSC_SAMPLES,SEO_P3_LIMITED,"GSC_LINKS_REPORT_RETURNED_NO_USABLE_ROWS; URL Inspection referringUrls 0, external 0. No-row evidence is sampled and is not proof of zero backlinks.",RECHECK_DURING_PHASE_4_IF_DESTRUCTIVE_CHANGE_IS_PROPOSED,HIGH_THAT_CURRENT_FIRST_PARTY_REPORT_WAS_CHECKED; LIMITED_COVERAGE_OF_WEB_LINKS
https://echobuddha.com/quotes/mindfulness/one-mindful-pause-can-change-the-direction-of-an/,Authenticated GSC Links UI/exports 2026-08-24 + URL Inspection referringUrls,NO_EXTERNAL_DOMAINS_OBSERVED_IN_CURRENT_FIRST_PARTY_SAMPLES,NO_EXTERNAL_ROWS_RETURNED; NOT_A_ZERO_BACKLINK_CLAIM,NO_EXTERNAL_REFERRERS_RETURNED,NOT_AVAILABLE_FROM_GSC_LINKS_OR_URL_INSPECTION,SUCCESSFUL,NOT_OBSERVED_IN_CURRENT_GSC_SAMPLES,SEO_P2_EMERGING,"GSC_LINKS_REPORT_RETURNED_NO_USABLE_ROWS; URL Inspection referringUrls 1, external 0. No-row evidence is sampled and is not proof of zero backlinks.",RECHECK_DURING_PHASE_4_IF_DESTRUCTIVE_CHANGE_IS_PROPOSED,HIGH_THAT_CURRENT_FIRST_PARTY_REPORT_WAS_CHECKED; LIMITED_COVERAGE_OF_WEB_LINKS
https://echobuddha.com/quotes/mindfulness/peace-begins-with-attention/,Authenticated GSC Links UI/exports 2026-08-24 + URL Inspection referringUrls,NO_EXTERNAL_DOMAINS_OBSERVED_IN_CURRENT_FIRST_PARTY_SAMPLES,NO_EXTERNAL_ROWS_RETURNED; NOT_A_ZERO_BACKLINK_CLAIM,NO_EXTERNAL_REFERRERS_RETURNED,NOT_AVAILABLE_FROM_GSC_LINKS_OR_URL_INSPECTION,SUCCESSFUL,NOT_OBSERVED_IN_CURRENT_GSC_SAMPLES,SEO_P3_LIMITED,"GSC_LINKS_REPORT_RETURNED_NO_USABLE_ROWS; URL Inspection referringUrls 0, external 0. No-row evidence is sampled and is not proof of zero backlinks.",RECHECK_DURING_PHASE_4_IF_DESTRUCTIVE_CHANGE_IS_PROPOSED,HIGH_THAT_CURRENT_FIRST_PARTY_REPORT_WAS_CHECKED; LIMITED_COVERAGE_OF_WEB_LINKS
https://echobuddha.com/quotes/mindfulness/peace-grows-when-attention-stops-running-ahead-of-the/,Authenticated GSC Links UI/exports 2026-08-24 + URL Inspection referringUrls,NO_EXTERNAL_DOMAINS_OBSERVED_IN_CURRENT_FIRST_PARTY_SAMPLES,NO_EXTERNAL_ROWS_RETURNED; NOT_A_ZERO_BACKLINK_CLAIM,NO_EXTERNAL_REFERRERS_RETURNED,NOT_AVAILABLE_FROM_GSC_LINKS_OR_URL_INSPECTION,SUCCESSFUL,NOT_OBSERVED_IN_CURRENT_GSC_SAMPLES,SEO_P3_LIMITED,"GSC_LINKS_REPORT_RETURNED_NO_USABLE_ROWS; URL Inspection referringUrls 0, external 0. No-row evidence is sampled and is not proof of zero backlinks.",RECHECK_DURING_PHASE_4_IF_DESTRUCTIVE_CHANGE_IS_PROPOSED,HIGH_THAT_CURRENT_FIRST_PARTY_REPORT_WAS_CHECKED; LIMITED_COVERAGE_OF_WEB_LINKS
https://echobuddha.com/quotes/mindfulness/present-moment-one-step/,Authenticated GSC Links UI/exports 2026-08-24 + URL Inspection referringUrls,NO_EXTERNAL_DOMAINS_OBSERVED_IN_CURRENT_FIRST_PARTY_SAMPLES,NO_EXTERNAL_ROWS_RETURNED; NOT_A_ZERO_BACKLINK_CLAIM,NO_EXTERNAL_REFERRERS_RETURNED,NOT_AVAILABLE_FROM_GSC_LINKS_OR_URL_INSPECTION,SUCCESSFUL,NOT_OBSERVED_IN_CURRENT_GSC_SAMPLES,SEO_P3_LIMITED,"GSC_LINKS_REPORT_RETURNED_NO_USABLE_ROWS; URL Inspection referringUrls 0, external 0. No-row evidence is sampled and is not proof of zero backlinks.",RECHECK_DURING_PHASE_4_IF_DESTRUCTIVE_CHANGE_IS_PROPOSED,HIGH_THAT_CURRENT_FIRST_PARTY_REPORT_WAS_CHECKED; LIMITED_COVERAGE_OF_WEB_LINKS
https://echobuddha.com/quotes/mindfulness/return-to-the-breath-before-you-return-to-the/,Authenticated GSC Links UI/exports 2026-08-24 + URL Inspection referringUrls,NO_EXTERNAL_DOMAINS_OBSERVED_IN_CURRENT_FIRST_PARTY_SAMPLES,NO_EXTERNAL_ROWS_RETURNED; NOT_A_ZERO_BACKLINK_CLAIM,NO_EXTERNAL_REFERRERS_RETURNED,NOT_AVAILABLE_FROM_GSC_LINKS_OR_URL_INSPECTION,SUCCESSFUL,NOT_OBSERVED_IN_CURRENT_GSC_SAMPLES,SEO_P3_LIMITED,"GSC_LINKS_REPORT_RETURNED_NO_USABLE_ROWS; URL Inspection referringUrls 0, external 0. No-row evidence is sampled and is not proof of zero backlinks.",RECHECK_DURING_PHASE_4_IF_DESTRUCTIVE_CHANGE_IS_PROPOSED,HIGH_THAT_CURRENT_FIRST_PARTY_REPORT_WAS_CHECKED; LIMITED_COVERAGE_OF_WEB_LINKS
https://echobuddha.com/quotes/mindfulness/the-more-clearly-you-notice-life-the-less-carelessly/,Authenticated GSC Links UI/exports 2026-08-24 + URL Inspection referringUrls,NO_EXTERNAL_DOMAINS_OBSERVED_IN_CURRENT_FIRST_PARTY_SAMPLES,NO_EXTERNAL_ROWS_RETURNED; NOT_A_ZERO_BACKLINK_CLAIM,NO_EXTERNAL_REFERRERS_RETURNED,NOT_AVAILABLE_FROM_GSC_LINKS_OR_URL_INSPECTION,SUCCESSFUL,NOT_OBSERVED_IN_CURRENT_GSC_SAMPLES,SEO_P3_LIMITED,"GSC_LINKS_REPORT_RETURNED_NO_USABLE_ROWS; URL Inspection referringUrls 0, external 0. No-row evidence is sampled and is not proof of zero backlinks.",RECHECK_DURING_PHASE_4_IF_DESTRUCTIVE_CHANGE_IS_PROPOSED,HIGH_THAT_CURRENT_FIRST_PARTY_REPORT_WAS_CHECKED; LIMITED_COVERAGE_OF_WEB_LINKS
https://echobuddha.com/quotes/mindfulness/the-present-moment-asks-for-your-attention-not-your/,Authenticated GSC Links UI/exports 2026-08-24 + URL Inspection referringUrls,NO_EXTERNAL_DOMAINS_OBSERVED_IN_CURRENT_FIRST_PARTY_SAMPLES,NO_EXTERNAL_ROWS_RETURNED; NOT_A_ZERO_BACKLINK_CLAIM,NO_EXTERNAL_REFERRERS_RETURNED,NOT_AVAILABLE_FROM_GSC_LINKS_OR_URL_INSPECTION,SUCCESSFUL,NOT_OBSERVED_IN_CURRENT_GSC_SAMPLES,SEO_P3_LIMITED,"GSC_LINKS_REPORT_RETURNED_NO_USABLE_ROWS; URL Inspection referringUrls 1, external 0. No-row evidence is sampled and is not proof of zero backlinks.",RECHECK_DURING_PHASE_4_IF_DESTRUCTIVE_CHANGE_IS_PROPOSED,HIGH_THAT_CURRENT_FIRST_PARTY_REPORT_WAS_CHECKED; LIMITED_COVERAGE_OF_WEB_LINKS
https://echobuddha.com/quotes/patience/a-difficult-moment-becomes-heavier-when-we-demand-that/,Authenticated GSC Links UI/exports 2026-08-24 + URL Inspection referringUrls,NO_EXTERNAL_DOMAINS_OBSERVED_IN_CURRENT_FIRST_PARTY_SAMPLES,NO_EXTERNAL_ROWS_RETURNED; NOT_A_ZERO_BACKLINK_CLAIM,NO_EXTERNAL_REFERRERS_RETURNED,NOT_AVAILABLE_FROM_GSC_LINKS_OR_URL_INSPECTION,SUCCESSFUL,NOT_OBSERVED_IN_CURRENT_GSC_SAMPLES,SEO_P3_LIMITED,"GSC_LINKS_REPORT_RETURNED_NO_USABLE_ROWS; URL Inspection referringUrls 1, external 0. No-row evidence is sampled and is not proof of zero backlinks.",RECHECK_DURING_PHASE_4_IF_DESTRUCTIVE_CHANGE_IS_PROPOSED,HIGH_THAT_CURRENT_FIRST_PARTY_REPORT_WAS_CHECKED; LIMITED_COVERAGE_OF_WEB_LINKS
https://echobuddha.com/quotes/patience/be-patient-with-the-part-of-you-that-is/,Authenticated GSC Links UI/exports 2026-08-24 + URL Inspection referringUrls,NO_EXTERNAL_DOMAINS_OBSERVED_IN_CURRENT_FIRST_PARTY_SAMPLES,NO_EXTERNAL_ROWS_RETURNED; NOT_A_ZERO_BACKLINK_CLAIM,NO_EXTERNAL_REFERRERS_RETURNED,NOT_AVAILABLE_FROM_GSC_LINKS_OR_URL_INSPECTION,SUCCESSFUL,NOT_OBSERVED_IN_CURRENT_GSC_SAMPLES,SEO_P3_LIMITED,"GSC_LINKS_REPORT_RETURNED_NO_USABLE_ROWS; URL Inspection referringUrls 0, external 0. No-row evidence is sampled and is not proof of zero backlinks.",RECHECK_DURING_PHASE_4_IF_DESTRUCTIVE_CHANGE_IS_PROPOSED,HIGH_THAT_CURRENT_FIRST_PARTY_REPORT_WAS_CHECKED; LIMITED_COVERAGE_OF_WEB_LINKS
https://echobuddha.com/quotes/patience/family-kindness-and-patience/,Authenticated GSC Links UI/exports 2026-08-24 + URL Inspection referringUrls,NO_EXTERNAL_DOMAINS_OBSERVED_IN_CURRENT_FIRST_PARTY_SAMPLES,NO_EXTERNAL_ROWS_RETURNED; NOT_A_ZERO_BACKLINK_CLAIM,NO_EXTERNAL_REFERRERS_RETURNED,NOT_AVAILABLE_FROM_GSC_LINKS_OR_URL_INSPECTION,SUCCESSFUL,NOT_OBSERVED_IN_CURRENT_GSC_SAMPLES,SEO_P3_LIMITED,"GSC_LINKS_REPORT_RETURNED_NO_USABLE_ROWS; URL Inspection referringUrls 0, external 0. No-row evidence is sampled and is not proof of zero backlinks.",RECHECK_DURING_PHASE_4_IF_DESTRUCTIVE_CHANGE_IS_PROPOSED,HIGH_THAT_CURRENT_FIRST_PARTY_REPORT_WAS_CHECKED; LIMITED_COVERAGE_OF_WEB_LINKS
https://echobuddha.com/quotes/patience/growth-is-quiet-work-often-invisible-until-the-season/,Authenticated GSC Links UI/exports 2026-08-24 + URL Inspection referringUrls,NO_EXTERNAL_DOMAINS_OBSERVED_IN_CURRENT_FIRST_PARTY_SAMPLES,NO_EXTERNAL_ROWS_RETURNED; NOT_A_ZERO_BACKLINK_CLAIM,NO_EXTERNAL_REFERRERS_RETURNED,NOT_AVAILABLE_FROM_GSC_LINKS_OR_URL_INSPECTION,SUCCESSFUL,NOT_OBSERVED_IN_CURRENT_GSC_SAMPLES,SEO_P3_LIMITED,"GSC_LINKS_REPORT_RETURNED_NO_USABLE_ROWS; URL Inspection referringUrls 0, external 0. No-row evidence is sampled and is not proof of zero backlinks.",RECHECK_DURING_PHASE_4_IF_DESTRUCTIVE_CHANGE_IS_PROPOSED,HIGH_THAT_CURRENT_FIRST_PARTY_REPORT_WAS_CHECKED; LIMITED_COVERAGE_OF_WEB_LINKS
https://echobuddha.com/quotes/patience/,Authenticated GSC Links UI/exports 2026-08-24 + URL Inspection referringUrls,NO_EXTERNAL_DOMAINS_OBSERVED_IN_CURRENT_FIRST_PARTY_SAMPLES,NO_EXTERNAL_ROWS_RETURNED; NOT_A_ZERO_BACKLINK_CLAIM,NO_EXTERNAL_REFERRERS_RETURNED,NOT_AVAILABLE_FROM_GSC_LINKS_OR_URL_INSPECTION,SUCCESSFUL,NOT_OBSERVED_IN_CURRENT_GSC_SAMPLES,SEO_P1_HIGH,"GSC_LINKS_REPORT_RETURNED_NO_USABLE_ROWS; URL Inspection referringUrls 0, external 0. No-row evidence is sampled and is not proof of zero backlinks.",RECHECK_BEFORE_ANY_FUTURE_URL_MIGRATION,HIGH_THAT_CURRENT_FIRST_PARTY_REPORT_WAS_CHECKED; LIMITED_COVERAGE_OF_WEB_LINKS
https://echobuddha.com/quotes/patience/not-every-delay-is-an-obstacle-some-are-invitations/,Authenticated GSC Links UI/exports 2026-08-24 + URL Inspection referringUrls,NO_EXTERNAL_DOMAINS_OBSERVED_IN_CURRENT_FIRST_PARTY_SAMPLES,NO_EXTERNAL_ROWS_RETURNED; NOT_A_ZERO_BACKLINK_CLAIM,NO_EXTERNAL_REFERRERS_RETURNED,NOT_AVAILABLE_FROM_GSC_LINKS_OR_URL_INSPECTION,SUCCESSFUL,NOT_OBSERVED_IN_CURRENT_GSC_SAMPLES,SEO_P3_LIMITED,"GSC_LINKS_REPORT_RETURNED_NO_USABLE_ROWS; URL Inspection referringUrls 0, external 0. No-row evidence is sampled and is not proof of zero backlinks.",RECHECK_DURING_PHASE_4_IF_DESTRUCTIVE_CHANGE_IS_PROPOSED,HIGH_THAT_CURRENT_FIRST_PARTY_REPORT_WAS_CHECKED; LIMITED_COVERAGE_OF_WEB_LINKS
https://echobuddha.com/quotes/patience/patience-is-the-strength-to-remain-present-while-life/,Authenticated GSC Links UI/exports 2026-08-24 + URL Inspection referringUrls,NO_EXTERNAL_DOMAINS_OBSERVED_IN_CURRENT_FIRST_PARTY_SAMPLES,NO_EXTERNAL_ROWS_RETURNED; NOT_A_ZERO_BACKLINK_CLAIM,NO_EXTERNAL_REFERRERS_RETURNED,NOT_AVAILABLE_FROM_GSC_LINKS_OR_URL_INSPECTION,SUCCESSFUL,NOT_OBSERVED_IN_CURRENT_GSC_SAMPLES,SEO_P3_LIMITED,"GSC_LINKS_REPORT_RETURNED_NO_USABLE_ROWS; URL Inspection referringUrls 0, external 0. No-row evidence is sampled and is not proof of zero backlinks.",RECHECK_DURING_PHASE_4_IF_DESTRUCTIVE_CHANGE_IS_PROPOSED,HIGH_THAT_CURRENT_FIRST_PARTY_REPORT_WAS_CHECKED; LIMITED_COVERAGE_OF_WEB_LINKS
https://echobuddha.com/quotes/patience/patience-makes-room-for-truth-to-arrive-without-force/,Authenticated GSC Links UI/exports 2026-08-24 + URL Inspection referringUrls,NO_EXTERNAL_DOMAINS_OBSERVED_IN_CURRENT_FIRST_PARTY_SAMPLES,NO_EXTERNAL_ROWS_RETURNED; NOT_A_ZERO_BACKLINK_CLAIM,NO_EXTERNAL_REFERRERS_RETURNED,NOT_AVAILABLE_FROM_GSC_LINKS_OR_URL_INSPECTION,SUCCESSFUL,NOT_OBSERVED_IN_CURRENT_GSC_SAMPLES,SEO_P3_LIMITED,"GSC_LINKS_REPORT_RETURNED_NO_USABLE_ROWS; URL Inspection referringUrls 1, external 0. No-row evidence is sampled and is not proof of zero backlinks.",RECHECK_DURING_PHASE_4_IF_DESTRUCTIVE_CHANGE_IS_PROPOSED,HIGH_THAT_CURRENT_FIRST_PARTY_REPORT_WAS_CHECKED; LIMITED_COVERAGE_OF_WEB_LINKS
https://echobuddha.com/quotes/patience/patience-softens-the-wait/,Authenticated GSC Links UI/exports 2026-08-24 + URL Inspection referringUrls,NO_EXTERNAL_DOMAINS_OBSERVED_IN_CURRENT_FIRST_PARTY_SAMPLES,NO_EXTERNAL_ROWS_RETURNED; NOT_A_ZERO_BACKLINK_CLAIM,NO_EXTERNAL_REFERRERS_RETURNED,NOT_AVAILABLE_FROM_GSC_LINKS_OR_URL_INSPECTION,SUCCESSFUL,NOT_OBSERVED_IN_CURRENT_GSC_SAMPLES,SEO_P3_LIMITED,"GSC_LINKS_REPORT_RETURNED_NO_USABLE_ROWS; URL Inspection referringUrls 0, external 0. No-row evidence is sampled and is not proof of zero backlinks.",RECHECK_DURING_PHASE_4_IF_DESTRUCTIVE_CHANGE_IS_PROPOSED,HIGH_THAT_CURRENT_FIRST_PARTY_REPORT_WAS_CHECKED; LIMITED_COVERAGE_OF_WEB_LINKS
https://echobuddha.com/quotes/patience/some-answers-become-clear-only-after-the-mind-stops/,Authenticated GSC Links UI/exports 2026-08-24 + URL Inspection referringUrls,NO_EXTERNAL_DOMAINS_OBSERVED_IN_CURRENT_FIRST_PARTY_SAMPLES,NO_EXTERNAL_ROWS_RETURNED; NOT_A_ZERO_BACKLINK_CLAIM,NO_EXTERNAL_REFERRERS_RETURNED,NOT_AVAILABLE_FROM_GSC_LINKS_OR_URL_INSPECTION,SUCCESSFUL,NOT_OBSERVED_IN_CURRENT_GSC_SAMPLES,SEO_P3_LIMITED,"GSC_LINKS_REPORT_RETURNED_NO_USABLE_ROWS; URL Inspection referringUrls 0, external 0. No-row evidence is sampled and is not proof of zero backlinks.",RECHECK_DURING_PHASE_4_IF_DESTRUCTIVE_CHANGE_IS_PROPOSED,HIGH_THAT_CURRENT_FIRST_PARTY_REPORT_WAS_CHECKED; LIMITED_COVERAGE_OF_WEB_LINKS
https://echobuddha.com/quotes/patience/stay-gentle-with-beginnings-they-are-carrying-more-than/,Authenticated GSC Links UI/exports 2026-08-24 + URL Inspection referringUrls,NO_EXTERNAL_DOMAINS_OBSERVED_IN_CURRENT_FIRST_PARTY_SAMPLES,NO_EXTERNAL_ROWS_RETURNED; NOT_A_ZERO_BACKLINK_CLAIM,NO_EXTERNAL_REFERRERS_RETURNED,NOT_AVAILABLE_FROM_GSC_LINKS_OR_URL_INSPECTION,SUCCESSFUL,NOT_OBSERVED_IN_CURRENT_GSC_SAMPLES,SEO_P3_LIMITED,"GSC_LINKS_REPORT_RETURNED_NO_USABLE_ROWS; URL Inspection referringUrls 0, external 0. No-row evidence is sampled and is not proof of zero backlinks.",RECHECK_DURING_PHASE_4_IF_DESTRUCTIVE_CHANGE_IS_PROPOSED,HIGH_THAT_CURRENT_FIRST_PARTY_REPORT_WAS_CHECKED; LIMITED_COVERAGE_OF_WEB_LINKS
https://echobuddha.com/quotes/patience/the-path-unfolds-at-the-pace-of-sincere-practice/,Authenticated GSC Links UI/exports 2026-08-24 + URL Inspection referringUrls,NO_EXTERNAL_DOMAINS_OBSERVED_IN_CURRENT_FIRST_PARTY_SAMPLES,NO_EXTERNAL_ROWS_RETURNED; NOT_A_ZERO_BACKLINK_CLAIM,NO_EXTERNAL_REFERRERS_RETURNED,NOT_AVAILABLE_FROM_GSC_LINKS_OR_URL_INSPECTION,SUCCESSFUL,NOT_OBSERVED_IN_CURRENT_GSC_SAMPLES,SEO_P3_LIMITED,"GSC_LINKS_REPORT_RETURNED_NO_USABLE_ROWS; URL Inspection referringUrls 0, external 0. No-row evidence is sampled and is not proof of zero backlinks.",RECHECK_DURING_PHASE_4_IF_DESTRUCTIVE_CHANGE_IS_PROPOSED,HIGH_THAT_CURRENT_FIRST_PARTY_REPORT_WAS_CHECKED; LIMITED_COVERAGE_OF_WEB_LINKS
https://echobuddha.com/quotes/patience/wait-long-enough-for-the-first-reaction-to-become/,Authenticated GSC Links UI/exports 2026-08-24 + URL Inspection referringUrls,NO_EXTERNAL_DOMAINS_OBSERVED_IN_CURRENT_FIRST_PARTY_SAMPLES,NO_EXTERNAL_ROWS_RETURNED; NOT_A_ZERO_BACKLINK_CLAIM,NO_EXTERNAL_REFERRERS_RETURNED,NOT_AVAILABLE_FROM_GSC_LINKS_OR_URL_INSPECTION,SUCCESSFUL,NOT_OBSERVED_IN_CURRENT_GSC_SAMPLES,SEO_P3_LIMITED,"GSC_LINKS_REPORT_RETURNED_NO_USABLE_ROWS; URL Inspection referringUrls 0, external 0. No-row evidence is sampled and is not proof of zero backlinks.",RECHECK_DURING_PHASE_4_IF_DESTRUCTIVE_CHANGE_IS_PROPOSED,HIGH_THAT_CURRENT_FIRST_PARTY_REPORT_WAS_CHECKED; LIMITED_COVERAGE_OF_WEB_LINKS
https://echobuddha.com/quotes/patience/when-anger-rises-pause-long-enough-to-see-the/,Authenticated GSC Links UI/exports 2026-08-24 + URL Inspection referringUrls,NO_EXTERNAL_DOMAINS_OBSERVED_IN_CURRENT_FIRST_PARTY_SAMPLES,NO_EXTERNAL_ROWS_RETURNED; NOT_A_ZERO_BACKLINK_CLAIM,NO_EXTERNAL_REFERRERS_RETURNED,NOT_AVAILABLE_FROM_GSC_LINKS_OR_URL_INSPECTION,SUCCESSFUL,NOT_OBSERVED_IN_CURRENT_GSC_SAMPLES,SEO_P2_EMERGING,"GSC_LINKS_REPORT_RETURNED_NO_USABLE_ROWS; URL Inspection referringUrls 0, external 0. No-row evidence is sampled and is not proof of zero backlinks.",RECHECK_DURING_PHASE_4_IF_DESTRUCTIVE_CHANGE_IS_PROPOSED,HIGH_THAT_CURRENT_FIRST_PARTY_REPORT_WAS_CHECKED; LIMITED_COVERAGE_OF_WEB_LINKS
https://echobuddha.com/quotes/practice/a-peaceful-life-is-built-from-peaceful-moments-practiced/,Authenticated GSC Links UI/exports 2026-08-24 + URL Inspection referringUrls,NO_EXTERNAL_DOMAINS_OBSERVED_IN_CURRENT_FIRST_PARTY_SAMPLES,NO_EXTERNAL_ROWS_RETURNED; NOT_A_ZERO_BACKLINK_CLAIM,NO_EXTERNAL_REFERRERS_RETURNED,NOT_AVAILABLE_FROM_GSC_LINKS_OR_URL_INSPECTION,SUCCESSFUL,NOT_OBSERVED_IN_CURRENT_GSC_SAMPLES,SEO_P3_LIMITED,"GSC_LINKS_REPORT_RETURNED_NO_USABLE_ROWS; URL Inspection referringUrls 0, external 0. No-row evidence is sampled and is not proof of zero backlinks.",RECHECK_DURING_PHASE_4_IF_DESTRUCTIVE_CHANGE_IS_PROPOSED,HIGH_THAT_CURRENT_FIRST_PARTY_REPORT_WAS_CHECKED; LIMITED_COVERAGE_OF_WEB_LINKS
https://echobuddha.com/quotes/practice/begin-with-what-is-possible-then-return-tomorrow/,Authenticated GSC Links UI/exports 2026-08-24 + URL Inspection referringUrls,NO_EXTERNAL_DOMAINS_OBSERVED_IN_CURRENT_FIRST_PARTY_SAMPLES,NO_EXTERNAL_ROWS_RETURNED; NOT_A_ZERO_BACKLINK_CLAIM,NO_EXTERNAL_REFERRERS_RETURNED,NOT_AVAILABLE_FROM_GSC_LINKS_OR_URL_INSPECTION,SUCCESSFUL,NOT_OBSERVED_IN_CURRENT_GSC_SAMPLES,SEO_P3_LIMITED,"GSC_LINKS_REPORT_RETURNED_NO_USABLE_ROWS; URL Inspection referringUrls 0, external 0. No-row evidence is sampled and is not proof of zero backlinks.",RECHECK_DURING_PHASE_4_IF_DESTRUCTIVE_CHANGE_IS_PROPOSED,HIGH_THAT_CURRENT_FIRST_PARTY_REPORT_WAS_CHECKED; LIMITED_COVERAGE_OF_WEB_LINKS
https://echobuddha.com/quotes/practice/bring-the-teaching-into-the-place-where-you-are/,Authenticated GSC Links UI/exports 2026-08-24 + URL Inspection referringUrls,NO_EXTERNAL_DOMAINS_OBSERVED_IN_CURRENT_FIRST_PARTY_SAMPLES,NO_EXTERNAL_ROWS_RETURNED; NOT_A_ZERO_BACKLINK_CLAIM,NO_EXTERNAL_REFERRERS_RETURNED,NOT_AVAILABLE_FROM_GSC_LINKS_OR_URL_INSPECTION,SUCCESSFUL,NOT_OBSERVED_IN_CURRENT_GSC_SAMPLES,SEO_P3_LIMITED,"GSC_LINKS_REPORT_RETURNED_NO_USABLE_ROWS; URL Inspection referringUrls 0, external 0. No-row evidence is sampled and is not proof of zero backlinks.",RECHECK_DURING_PHASE_4_IF_DESTRUCTIVE_CHANGE_IS_PROPOSED,HIGH_THAT_CURRENT_FIRST_PARTY_REPORT_WAS_CHECKED; LIMITED_COVERAGE_OF_WEB_LINKS
https://echobuddha.com/quotes/practice/daily-practice-turns-understanding-from-an-idea-into-a/,Authenticated GSC Links UI/exports 2026-08-24 + URL Inspection referringUrls,NO_EXTERNAL_DOMAINS_OBSERVED_IN_CURRENT_FIRST_PARTY_SAMPLES,NO_EXTERNAL_ROWS_RETURNED; NOT_A_ZERO_BACKLINK_CLAIM,NO_EXTERNAL_REFERRERS_RETURNED,NOT_AVAILABLE_FROM_GSC_LINKS_OR_URL_INSPECTION,SUCCESSFUL,NOT_OBSERVED_IN_CURRENT_GSC_SAMPLES,SEO_P3_LIMITED,"GSC_LINKS_REPORT_RETURNED_NO_USABLE_ROWS; URL Inspection referringUrls 0, external 0. No-row evidence is sampled and is not proof of zero backlinks.",RECHECK_DURING_PHASE_4_IF_DESTRUCTIVE_CHANGE_IS_PROPOSED,HIGH_THAT_CURRENT_FIRST_PARTY_REPORT_WAS_CHECKED; LIMITED_COVERAGE_OF_WEB_LINKS
https://echobuddha.com/quotes/practice/do-not-wait-to-feel-ready-before-choosing-what/,Authenticated GSC Links UI/exports 2026-08-24 + URL Inspection referringUrls,NO_EXTERNAL_DOMAINS_OBSERVED_IN_CURRENT_FIRST_PARTY_SAMPLES,NO_EXTERNAL_ROWS_RETURNED; NOT_A_ZERO_BACKLINK_CLAIM,NO_EXTERNAL_REFERRERS_RETURNED,NOT_AVAILABLE_FROM_GSC_LINKS_OR_URL_INSPECTION,SUCCESSFUL,NOT_OBSERVED_IN_CURRENT_GSC_SAMPLES,SEO_P3_LIMITED,"GSC_LINKS_REPORT_RETURNED_NO_USABLE_ROWS; URL Inspection referringUrls 0, external 0. No-row evidence is sampled and is not proof of zero backlinks.",RECHECK_DURING_PHASE_4_IF_DESTRUCTIVE_CHANGE_IS_PROPOSED,HIGH_THAT_CURRENT_FIRST_PARTY_REPORT_WAS_CHECKED; LIMITED_COVERAGE_OF_WEB_LINKS
https://echobuddha.com/quotes/practice/eightfold-path-daily-choices/,Authenticated GSC Links UI/exports 2026-08-24 + URL Inspection referringUrls,NO_EXTERNAL_DOMAINS_OBSERVED_IN_CURRENT_FIRST_PARTY_SAMPLES,NO_EXTERNAL_ROWS_RETURNED; NOT_A_ZERO_BACKLINK_CLAIM,NO_EXTERNAL_REFERRERS_RETURNED,NOT_AVAILABLE_FROM_GSC_LINKS_OR_URL_INSPECTION,SUCCESSFUL,NOT_OBSERVED_IN_CURRENT_GSC_SAMPLES,SEO_P3_LIMITED,"GSC_LINKS_REPORT_RETURNED_NO_USABLE_ROWS; URL Inspection referringUrls 0, external 0. No-row evidence is sampled and is not proof of zero backlinks.",RECHECK_DURING_PHASE_4_IF_DESTRUCTIVE_CHANGE_IS_PROPOSED,HIGH_THAT_CURRENT_FIRST_PARTY_REPORT_WAS_CHECKED; LIMITED_COVERAGE_OF_WEB_LINKS
https://echobuddha.com/quotes/practice/,Authenticated GSC Links UI/exports 2026-08-24 + URL Inspection referringUrls,NO_EXTERNAL_DOMAINS_OBSERVED_IN_CURRENT_FIRST_PARTY_SAMPLES,NO_EXTERNAL_ROWS_RETURNED; NOT_A_ZERO_BACKLINK_CLAIM,NO_EXTERNAL_REFERRERS_RETURNED,NOT_AVAILABLE_FROM_GSC_LINKS_OR_URL_INSPECTION,SUCCESSFUL,NOT_OBSERVED_IN_CURRENT_GSC_SAMPLES,SEO_P1_HIGH,"GSC_LINKS_REPORT_RETURNED_NO_USABLE_ROWS; URL Inspection referringUrls 0, external 0. No-row evidence is sampled and is not proof of zero backlinks.",RECHECK_BEFORE_ANY_FUTURE_URL_MIGRATION,HIGH_THAT_CURRENT_FIRST_PARTY_REPORT_WAS_CHECKED; LIMITED_COVERAGE_OF_WEB_LINKS
https://echobuddha.com/quotes/practice/mindfulness-at-work-breath/,Authenticated GSC Links UI/exports 2026-08-24 + URL Inspection referringUrls,NO_EXTERNAL_DOMAINS_OBSERVED_IN_CURRENT_FIRST_PARTY_SAMPLES,NO_EXTERNAL_ROWS_RETURNED; NOT_A_ZERO_BACKLINK_CLAIM,NO_EXTERNAL_REFERRERS_RETURNED,NOT_AVAILABLE_FROM_GSC_LINKS_OR_URL_INSPECTION,SUCCESSFUL,NOT_OBSERVED_IN_CURRENT_GSC_SAMPLES,SEO_P3_LIMITED,"GSC_LINKS_REPORT_RETURNED_NO_USABLE_ROWS; URL Inspection referringUrls 0, external 0. No-row evidence is sampled and is not proof of zero backlinks.",RECHECK_DURING_PHASE_4_IF_DESTRUCTIVE_CHANGE_IS_PROPOSED,HIGH_THAT_CURRENT_FIRST_PARTY_REPORT_WAS_CHECKED; LIMITED_COVERAGE_OF_WEB_LINKS
https://echobuddha.com/quotes/practice/practice-becomes-real-when-it-enters-your-speech-and/,Authenticated GSC Links UI/exports 2026-08-24 + URL Inspection referringUrls,NO_EXTERNAL_DOMAINS_OBSERVED_IN_CURRENT_FIRST_PARTY_SAMPLES,NO_EXTERNAL_ROWS_RETURNED; NOT_A_ZERO_BACKLINK_CLAIM,NO_EXTERNAL_REFERRERS_RETURNED,NOT_AVAILABLE_FROM_GSC_LINKS_OR_URL_INSPECTION,SUCCESSFUL,NOT_OBSERVED_IN_CURRENT_GSC_SAMPLES,SEO_P3_LIMITED,"GSC_LINKS_REPORT_RETURNED_NO_USABLE_ROWS; URL Inspection referringUrls 0, external 0. No-row evidence is sampled and is not proof of zero backlinks.",RECHECK_DURING_PHASE_4_IF_DESTRUCTIVE_CHANGE_IS_PROPOSED,HIGH_THAT_CURRENT_FIRST_PARTY_REPORT_WAS_CHECKED; LIMITED_COVERAGE_OF_WEB_LINKS
https://echobuddha.com/quotes/practice/right-intention-turns-the-heart/,Authenticated GSC Links UI/exports 2026-08-24 + URL Inspection referringUrls,NO_EXTERNAL_DOMAINS_OBSERVED_IN_CURRENT_FIRST_PARTY_SAMPLES,NO_EXTERNAL_ROWS_RETURNED; NOT_A_ZERO_BACKLINK_CLAIM,NO_EXTERNAL_REFERRERS_RETURNED,NOT_AVAILABLE_FROM_GSC_LINKS_OR_URL_INSPECTION,SUCCESSFUL,NOT_OBSERVED_IN_CURRENT_GSC_SAMPLES,SEO_P3_LIMITED,"GSC_LINKS_REPORT_RETURNED_NO_USABLE_ROWS; URL Inspection referringUrls 0, external 0. No-row evidence is sampled and is not proof of zero backlinks.",RECHECK_DURING_PHASE_4_IF_DESTRUCTIVE_CHANGE_IS_PROPOSED,HIGH_THAT_CURRENT_FIRST_PARTY_REPORT_WAS_CHECKED; LIMITED_COVERAGE_OF_WEB_LINKS
https://echobuddha.com/quotes/practice/small-actions-shape-the-mind/,Authenticated GSC Links UI/exports 2026-08-24 + URL Inspection referringUrls,NO_EXTERNAL_DOMAINS_OBSERVED_IN_CURRENT_FIRST_PARTY_SAMPLES,NO_EXTERNAL_ROWS_RETURNED; NOT_A_ZERO_BACKLINK_CLAIM,NO_EXTERNAL_REFERRERS_RETURNED,NOT_AVAILABLE_FROM_GSC_LINKS_OR_URL_INSPECTION,SUCCESSFUL,NOT_OBSERVED_IN_CURRENT_GSC_SAMPLES,SEO_P3_LIMITED,"GSC_LINKS_REPORT_RETURNED_NO_USABLE_ROWS; URL Inspection referringUrls 0, external 0. No-row evidence is sampled and is not proof of zero backlinks.",RECHECK_DURING_PHASE_4_IF_DESTRUCTIVE_CHANGE_IS_PROPOSED,HIGH_THAT_CURRENT_FIRST_PARTY_REPORT_WAS_CHECKED; LIMITED_COVERAGE_OF_WEB_LINKS
https://echobuddha.com/quotes/practice/the-path-is-not-far-away-it-is-the/,Authenticated GSC Links UI/exports 2026-08-24 + URL Inspection referringUrls,NO_EXTERNAL_DOMAINS_OBSERVED_IN_CURRENT_FIRST_PARTY_SAMPLES,NO_EXTERNAL_ROWS_RETURNED; NOT_A_ZERO_BACKLINK_CLAIM,NO_EXTERNAL_REFERRERS_RETURNED,NOT_AVAILABLE_FROM_GSC_LINKS_OR_URL_INSPECTION,SUCCESSFUL,NOT_OBSERVED_IN_CURRENT_GSC_SAMPLES,SEO_P2_EMERGING,"GSC_LINKS_REPORT_RETURNED_NO_USABLE_ROWS; URL Inspection referringUrls 1, external 0. No-row evidence is sampled and is not proof of zero backlinks.",RECHECK_DURING_PHASE_4_IF_DESTRUCTIVE_CHANGE_IS_PROPOSED,HIGH_THAT_CURRENT_FIRST_PARTY_REPORT_WAS_CHECKED; LIMITED_COVERAGE_OF_WEB_LINKS
https://echobuddha.com/quotes/practice/the-path-is-shaped-by-what-you-repeat-when/,Authenticated GSC Links UI/exports 2026-08-24 + URL Inspection referringUrls,NO_EXTERNAL_DOMAINS_OBSERVED_IN_CURRENT_FIRST_PARTY_SAMPLES,NO_EXTERNAL_ROWS_RETURNED; NOT_A_ZERO_BACKLINK_CLAIM,NO_EXTERNAL_REFERRERS_RETURNED,NOT_AVAILABLE_FROM_GSC_LINKS_OR_URL_INSPECTION,SUCCESSFUL,NOT_OBSERVED_IN_CURRENT_GSC_SAMPLES,SEO_P3_LIMITED,"GSC_LINKS_REPORT_RETURNED_NO_USABLE_ROWS; URL Inspection referringUrls 0, external 0. No-row evidence is sampled and is not proof of zero backlinks.",RECHECK_DURING_PHASE_4_IF_DESTRUCTIVE_CHANGE_IS_PROPOSED,HIGH_THAT_CURRENT_FIRST_PARTY_REPORT_WAS_CHECKED; LIMITED_COVERAGE_OF_WEB_LINKS
https://echobuddha.com/quotes/practice/the-smallest-wholesome-action-is-larger-than-the-finest/,Authenticated GSC Links UI/exports 2026-08-24 + URL Inspection referringUrls,NO_EXTERNAL_DOMAINS_OBSERVED_IN_CURRENT_FIRST_PARTY_SAMPLES,NO_EXTERNAL_ROWS_RETURNED; NOT_A_ZERO_BACKLINK_CLAIM,NO_EXTERNAL_REFERRERS_RETURNED,NOT_AVAILABLE_FROM_GSC_LINKS_OR_URL_INSPECTION,SUCCESSFUL,NOT_OBSERVED_IN_CURRENT_GSC_SAMPLES,SEO_P3_LIMITED,"GSC_LINKS_REPORT_RETURNED_NO_USABLE_ROWS; URL Inspection referringUrls 0, external 0. No-row evidence is sampled and is not proof of zero backlinks.",RECHECK_DURING_PHASE_4_IF_DESTRUCTIVE_CHANGE_IS_PROPOSED,HIGH_THAT_CURRENT_FIRST_PARTY_REPORT_WAS_CHECKED; LIMITED_COVERAGE_OF_WEB_LINKS
https://echobuddha.com/quotes/practice/walk-slowly-enough-to-notice-where-your-life-is/,Authenticated GSC Links UI/exports 2026-08-24 + URL Inspection referringUrls,NO_EXTERNAL_DOMAINS_OBSERVED_IN_CURRENT_FIRST_PARTY_SAMPLES,NO_EXTERNAL_ROWS_RETURNED; NOT_A_ZERO_BACKLINK_CLAIM,NO_EXTERNAL_REFERRERS_RETURNED,NOT_AVAILABLE_FROM_GSC_LINKS_OR_URL_INSPECTION,SUCCESSFUL,NOT_OBSERVED_IN_CURRENT_GSC_SAMPLES,SEO_P3_LIMITED,"GSC_LINKS_REPORT_RETURNED_NO_USABLE_ROWS; URL Inspection referringUrls 1, external 0. No-row evidence is sampled and is not proof of zero backlinks.",RECHECK_DURING_PHASE_4_IF_DESTRUCTIVE_CHANGE_IS_PROPOSED,HIGH_THAT_CURRENT_FIRST_PARTY_REPORT_WAS_CHECKED; LIMITED_COVERAGE_OF_WEB_LINKS
https://echobuddha.com/quotes/practice/your-next-response-is-always-part-of-the-path/,Authenticated GSC Links UI/exports 2026-08-24 + URL Inspection referringUrls,NO_EXTERNAL_DOMAINS_OBSERVED_IN_CURRENT_FIRST_PARTY_SAMPLES,NO_EXTERNAL_ROWS_RETURNED; NOT_A_ZERO_BACKLINK_CLAIM,NO_EXTERNAL_REFERRERS_RETURNED,NOT_AVAILABLE_FROM_GSC_LINKS_OR_URL_INSPECTION,SUCCESSFUL,NOT_OBSERVED_IN_CURRENT_GSC_SAMPLES,SEO_P2_EMERGING,"GSC_LINKS_REPORT_RETURNED_NO_USABLE_ROWS; URL Inspection referringUrls 0, external 0. No-row evidence is sampled and is not proof of zero backlinks.",RECHECK_DURING_PHASE_4_IF_DESTRUCTIVE_CHANGE_IS_PROPOSED,HIGH_THAT_CURRENT_FIRST_PARTY_REPORT_WAS_CHECKED; LIMITED_COVERAGE_OF_WEB_LINKS
https://echobuddha.com/quotes/renewal/a-mistake-becomes-a-teacher-when-honesty-enters-the/,Authenticated GSC Links UI/exports 2026-08-24 + URL Inspection referringUrls,NO_EXTERNAL_DOMAINS_OBSERVED_IN_CURRENT_FIRST_PARTY_SAMPLES,NO_EXTERNAL_ROWS_RETURNED; NOT_A_ZERO_BACKLINK_CLAIM,NO_EXTERNAL_REFERRERS_RETURNED,NOT_AVAILABLE_FROM_GSC_LINKS_OR_URL_INSPECTION,SUCCESSFUL,NOT_OBSERVED_IN_CURRENT_GSC_SAMPLES,SEO_P3_LIMITED,"GSC_LINKS_REPORT_RETURNED_NO_USABLE_ROWS; URL Inspection referringUrls 0, external 0. No-row evidence is sampled and is not proof of zero backlinks.",RECHECK_DURING_PHASE_4_IF_DESTRUCTIVE_CHANGE_IS_PROPOSED,HIGH_THAT_CURRENT_FIRST_PARTY_REPORT_WAS_CHECKED; LIMITED_COVERAGE_OF_WEB_LINKS
https://echobuddha.com/quotes/renewal/a-new-direction-can-start-with-one-different-choice/,Authenticated GSC Links UI/exports 2026-08-24 + URL Inspection referringUrls,NO_EXTERNAL_DOMAINS_OBSERVED_IN_CURRENT_FIRST_PARTY_SAMPLES,NO_EXTERNAL_ROWS_RETURNED; NOT_A_ZERO_BACKLINK_CLAIM,NO_EXTERNAL_REFERRERS_RETURNED,NOT_AVAILABLE_FROM_GSC_LINKS_OR_URL_INSPECTION,SUCCESSFUL,NOT_OBSERVED_IN_CURRENT_GSC_SAMPLES,SEO_P3_LIMITED,"GSC_LINKS_REPORT_RETURNED_NO_USABLE_ROWS; URL Inspection referringUrls 0, external 0. No-row evidence is sampled and is not proof of zero backlinks.",RECHECK_DURING_PHASE_4_IF_DESTRUCTIVE_CHANGE_IS_PROPOSED,HIGH_THAT_CURRENT_FIRST_PARTY_REPORT_WAS_CHECKED; LIMITED_COVERAGE_OF_WEB_LINKS
https://echobuddha.com/quotes/renewal/begin-again-gently-the-breath-is-always-willing/,Authenticated GSC Links UI/exports 2026-08-24 + URL Inspection referringUrls,NO_EXTERNAL_DOMAINS_OBSERVED_IN_CURRENT_FIRST_PARTY_SAMPLES,NO_EXTERNAL_ROWS_RETURNED; NOT_A_ZERO_BACKLINK_CLAIM,NO_EXTERNAL_REFERRERS_RETURNED,NOT_AVAILABLE_FROM_GSC_LINKS_OR_URL_INSPECTION,SUCCESSFUL,NOT_OBSERVED_IN_CURRENT_GSC_SAMPLES,SEO_P2_EMERGING,"GSC_LINKS_REPORT_RETURNED_NO_USABLE_ROWS; URL Inspection referringUrls 0, external 0. No-row evidence is sampled and is not proof of zero backlinks.",RECHECK_DURING_PHASE_4_IF_DESTRUCTIVE_CHANGE_IS_PROPOSED,HIGH_THAT_CURRENT_FIRST_PARTY_REPORT_WAS_CHECKED; LIMITED_COVERAGE_OF_WEB_LINKS
https://echobuddha.com/quotes/renewal/begin-again-without-shame/,Authenticated GSC Links UI/exports 2026-08-24 + URL Inspection referringUrls,NO_EXTERNAL_DOMAINS_OBSERVED_IN_CURRENT_FIRST_PARTY_SAMPLES,NO_EXTERNAL_ROWS_RETURNED; NOT_A_ZERO_BACKLINK_CLAIM,NO_EXTERNAL_REFERRERS_RETURNED,NOT_AVAILABLE_FROM_GSC_LINKS_OR_URL_INSPECTION,SUCCESSFUL,NOT_OBSERVED_IN_CURRENT_GSC_SAMPLES,SEO_P3_LIMITED,"GSC_LINKS_REPORT_RETURNED_NO_USABLE_ROWS; URL Inspection referringUrls 0, external 0. No-row evidence is sampled and is not proof of zero backlinks.",RECHECK_DURING_PHASE_4_IF_DESTRUCTIVE_CHANGE_IS_PROPOSED,HIGH_THAT_CURRENT_FIRST_PARTY_REPORT_WAS_CHECKED; LIMITED_COVERAGE_OF_WEB_LINKS
https://echobuddha.com/quotes/renewal/begin-again-without-turning-yesterday-into-a-sentence/,Authenticated GSC Links UI/exports 2026-08-24 + URL Inspection referringUrls,NO_EXTERNAL_DOMAINS_OBSERVED_IN_CURRENT_FIRST_PARTY_SAMPLES,NO_EXTERNAL_ROWS_RETURNED; NOT_A_ZERO_BACKLINK_CLAIM,NO_EXTERNAL_REFERRERS_RETURNED,NOT_AVAILABLE_FROM_GSC_LINKS_OR_URL_INSPECTION,SUCCESSFUL,NOT_OBSERVED_IN_CURRENT_GSC_SAMPLES,SEO_P3_LIMITED,"GSC_LINKS_REPORT_RETURNED_NO_USABLE_ROWS; URL Inspection referringUrls 0, external 0. No-row evidence is sampled and is not proof of zero backlinks.",RECHECK_DURING_PHASE_4_IF_DESTRUCTIVE_CHANGE_IS_PROPOSED,HIGH_THAT_CURRENT_FIRST_PARTY_REPORT_WAS_CHECKED; LIMITED_COVERAGE_OF_WEB_LINKS
https://echobuddha.com/quotes/renewal/do-not-confuse-an-old-pattern-with-an-unchangeable/,Authenticated GSC Links UI/exports 2026-08-24 + URL Inspection referringUrls,NO_EXTERNAL_DOMAINS_OBSERVED_IN_CURRENT_FIRST_PARTY_SAMPLES,NO_EXTERNAL_ROWS_RETURNED; NOT_A_ZERO_BACKLINK_CLAIM,NO_EXTERNAL_REFERRERS_RETURNED,NOT_AVAILABLE_FROM_GSC_LINKS_OR_URL_INSPECTION,SUCCESSFUL,NOT_OBSERVED_IN_CURRENT_GSC_SAMPLES,SEO_P3_LIMITED,"GSC_LINKS_REPORT_RETURNED_NO_USABLE_ROWS; URL Inspection referringUrls 1, external 0. No-row evidence is sampled and is not proof of zero backlinks.",RECHECK_DURING_PHASE_4_IF_DESTRUCTIVE_CHANGE_IS_PROPOSED,HIGH_THAT_CURRENT_FIRST_PARTY_REPORT_WAS_CHECKED; LIMITED_COVERAGE_OF_WEB_LINKS
https://echobuddha.com/quotes/renewal/each-conscious-breath-is-a-small-vote-for-beginning/,Authenticated GSC Links UI/exports 2026-08-24 + URL Inspection referringUrls,NO_EXTERNAL_DOMAINS_OBSERVED_IN_CURRENT_FIRST_PARTY_SAMPLES,NO_EXTERNAL_ROWS_RETURNED; NOT_A_ZERO_BACKLINK_CLAIM,NO_EXTERNAL_REFERRERS_RETURNED,NOT_AVAILABLE_FROM_GSC_LINKS_OR_URL_INSPECTION,SUCCESSFUL,NOT_OBSERVED_IN_CURRENT_GSC_SAMPLES,SEO_P3_LIMITED,"GSC_LINKS_REPORT_RETURNED_NO_USABLE_ROWS; URL Inspection referringUrls 0, external 0. No-row evidence is sampled and is not proof of zero backlinks.",RECHECK_DURING_PHASE_4_IF_DESTRUCTIVE_CHANGE_IS_PROPOSED,HIGH_THAT_CURRENT_FIRST_PARTY_REPORT_WAS_CHECKED; LIMITED_COVERAGE_OF_WEB_LINKS
https://echobuddha.com/quotes/renewal/evening-release-reflection/,Authenticated GSC Links UI/exports 2026-08-24 + URL Inspection referringUrls,NO_EXTERNAL_DOMAINS_OBSERVED_IN_CURRENT_FIRST_PARTY_SAMPLES,NO_EXTERNAL_ROWS_RETURNED; NOT_A_ZERO_BACKLINK_CLAIM,NO_EXTERNAL_REFERRERS_RETURNED,NOT_AVAILABLE_FROM_GSC_LINKS_OR_URL_INSPECTION,SUCCESSFUL,NOT_OBSERVED_IN_CURRENT_GSC_SAMPLES,SEO_P3_LIMITED,"GSC_LINKS_REPORT_RETURNED_NO_USABLE_ROWS; URL Inspection referringUrls 0, external 0. No-row evidence is sampled and is not proof of zero backlinks.",RECHECK_DURING_PHASE_4_IF_DESTRUCTIVE_CHANGE_IS_PROPOSED,HIGH_THAT_CURRENT_FIRST_PARTY_REPORT_WAS_CHECKED; LIMITED_COVERAGE_OF_WEB_LINKS
https://echobuddha.com/quotes/renewal/gentle-hope-keeps-walking/,Authenticated GSC Links UI/exports 2026-08-24 + URL Inspection referringUrls,NO_EXTERNAL_DOMAINS_OBSERVED_IN_CURRENT_FIRST_PARTY_SAMPLES,NO_EXTERNAL_ROWS_RETURNED; NOT_A_ZERO_BACKLINK_CLAIM,NO_EXTERNAL_REFERRERS_RETURNED,NOT_AVAILABLE_FROM_GSC_LINKS_OR_URL_INSPECTION,SUCCESSFUL,NOT_OBSERVED_IN_CURRENT_GSC_SAMPLES,SEO_P3_LIMITED,"GSC_LINKS_REPORT_RETURNED_NO_USABLE_ROWS; URL Inspection referringUrls 0, external 0. No-row evidence is sampled and is not proof of zero backlinks.",RECHECK_DURING_PHASE_4_IF_DESTRUCTIVE_CHANGE_IS_PROPOSED,HIGH_THAT_CURRENT_FIRST_PARTY_REPORT_WAS_CHECKED; LIMITED_COVERAGE_OF_WEB_LINKS
https://echobuddha.com/quotes/renewal/hope-can-be-quiet-and-still-keep-walking/,Authenticated GSC Links UI/exports 2026-08-24 + URL Inspection referringUrls,NO_EXTERNAL_DOMAINS_OBSERVED_IN_CURRENT_FIRST_PARTY_SAMPLES,NO_EXTERNAL_ROWS_RETURNED; NOT_A_ZERO_BACKLINK_CLAIM,NO_EXTERNAL_REFERRERS_RETURNED,NOT_AVAILABLE_FROM_GSC_LINKS_OR_URL_INSPECTION,SUCCESSFUL,NOT_OBSERVED_IN_CURRENT_GSC_SAMPLES,SEO_P3_LIMITED,"GSC_LINKS_REPORT_RETURNED_NO_USABLE_ROWS; URL Inspection referringUrls 1, external 0. No-row evidence is sampled and is not proof of zero backlinks.",RECHECK_DURING_PHASE_4_IF_DESTRUCTIVE_CHANGE_IS_PROPOSED,HIGH_THAT_CURRENT_FIRST_PARTY_REPORT_WAS_CHECKED; LIMITED_COVERAGE_OF_WEB_LINKS
https://echobuddha.com/quotes/renewal/,Authenticated GSC Links UI/exports 2026-08-24 + URL Inspection referringUrls,NO_EXTERNAL_DOMAINS_OBSERVED_IN_CURRENT_FIRST_PARTY_SAMPLES,NO_EXTERNAL_ROWS_RETURNED; NOT_A_ZERO_BACKLINK_CLAIM,NO_EXTERNAL_REFERRERS_RETURNED,NOT_AVAILABLE_FROM_GSC_LINKS_OR_URL_INSPECTION,SUCCESSFUL,NOT_OBSERVED_IN_CURRENT_GSC_SAMPLES,SEO_P2_EMERGING,"GSC_LINKS_REPORT_RETURNED_NO_USABLE_ROWS; URL Inspection referringUrls 0, external 0. No-row evidence is sampled and is not proof of zero backlinks.",RECHECK_DURING_PHASE_4_IF_DESTRUCTIVE_CHANGE_IS_PROPOSED,HIGH_THAT_CURRENT_FIRST_PARTY_REPORT_WAS_CHECKED; LIMITED_COVERAGE_OF_WEB_LINKS
https://echobuddha.com/quotes/renewal/morning-is-not-the-only-time-a-life-can/,Authenticated GSC Links UI/exports 2026-08-24 + URL Inspection referringUrls,NO_EXTERNAL_DOMAINS_OBSERVED_IN_CURRENT_FIRST_PARTY_SAMPLES,NO_EXTERNAL_ROWS_RETURNED; NOT_A_ZERO_BACKLINK_CLAIM,NO_EXTERNAL_REFERRERS_RETURNED,NOT_AVAILABLE_FROM_GSC_LINKS_OR_URL_INSPECTION,SUCCESSFUL,NOT_OBSERVED_IN_CURRENT_GSC_SAMPLES,SEO_P3_LIMITED,"GSC_LINKS_REPORT_RETURNED_NO_USABLE_ROWS; URL Inspection referringUrls 0, external 0. No-row evidence is sampled and is not proof of zero backlinks.",RECHECK_DURING_PHASE_4_IF_DESTRUCTIVE_CHANGE_IS_PROPOSED,HIGH_THAT_CURRENT_FIRST_PARTY_REPORT_WAS_CHECKED; LIMITED_COVERAGE_OF_WEB_LINKS
https://echobuddha.com/quotes/renewal/one-calm-morning-intention/,Authenticated GSC Links UI/exports 2026-08-24 + URL Inspection referringUrls,NO_EXTERNAL_DOMAINS_OBSERVED_IN_CURRENT_FIRST_PARTY_SAMPLES,NO_EXTERNAL_ROWS_RETURNED; NOT_A_ZERO_BACKLINK_CLAIM,NO_EXTERNAL_REFERRERS_RETURNED,NOT_AVAILABLE_FROM_GSC_LINKS_OR_URL_INSPECTION,SUCCESSFUL,NOT_OBSERVED_IN_CURRENT_GSC_SAMPLES,SEO_P3_LIMITED,"GSC_LINKS_REPORT_RETURNED_NO_USABLE_ROWS; URL Inspection referringUrls 0, external 0. No-row evidence is sampled and is not proof of zero backlinks.",RECHECK_DURING_PHASE_4_IF_DESTRUCTIVE_CHANGE_IS_PROPOSED,HIGH_THAT_CURRENT_FIRST_PARTY_REPORT_WAS_CHECKED; LIMITED_COVERAGE_OF_WEB_LINKS
https://echobuddha.com/quotes/renewal/repair-what-you-can-forgive-what-you-cannot-redo/,Authenticated GSC Links UI/exports 2026-08-24 + URL Inspection referringUrls,NO_EXTERNAL_DOMAINS_OBSERVED_IN_CURRENT_FIRST_PARTY_SAMPLES,NO_EXTERNAL_ROWS_RETURNED; NOT_A_ZERO_BACKLINK_CLAIM,NO_EXTERNAL_REFERRERS_RETURNED,NOT_AVAILABLE_FROM_GSC_LINKS_OR_URL_INSPECTION,SUCCESSFUL,NOT_OBSERVED_IN_CURRENT_GSC_SAMPLES,SEO_P3_LIMITED,"GSC_LINKS_REPORT_RETURNED_NO_USABLE_ROWS; URL Inspection referringUrls 1, external 0. No-row evidence is sampled and is not proof of zero backlinks.",RECHECK_DURING_PHASE_4_IF_DESTRUCTIVE_CHANGE_IS_PROPOSED,HIGH_THAT_CURRENT_FIRST_PARTY_REPORT_WAS_CHECKED; LIMITED_COVERAGE_OF_WEB_LINKS
https://echobuddha.com/quotes/renewal/the-path-welcomes-your-return-more-often-than-pride/,Authenticated GSC Links UI/exports 2026-08-24 + URL Inspection referringUrls,NO_EXTERNAL_DOMAINS_OBSERVED_IN_CURRENT_FIRST_PARTY_SAMPLES,NO_EXTERNAL_ROWS_RETURNED; NOT_A_ZERO_BACKLINK_CLAIM,NO_EXTERNAL_REFERRERS_RETURNED,NOT_AVAILABLE_FROM_GSC_LINKS_OR_URL_INSPECTION,SUCCESSFUL,NOT_OBSERVED_IN_CURRENT_GSC_SAMPLES,SEO_P3_LIMITED,"GSC_LINKS_REPORT_RETURNED_NO_USABLE_ROWS; URL Inspection referringUrls 1, external 0. No-row evidence is sampled and is not proof of zero backlinks.",RECHECK_DURING_PHASE_4_IF_DESTRUCTIVE_CHANGE_IS_PROPOSED,HIGH_THAT_CURRENT_FIRST_PARTY_REPORT_WAS_CHECKED; LIMITED_COVERAGE_OF_WEB_LINKS
https://echobuddha.com/quotes/renewal/you-are-allowed-to-learn-slowly-and-still-be/,Authenticated GSC Links UI/exports 2026-08-24 + URL Inspection referringUrls,NO_EXTERNAL_DOMAINS_OBSERVED_IN_CURRENT_FIRST_PARTY_SAMPLES,NO_EXTERNAL_ROWS_RETURNED; NOT_A_ZERO_BACKLINK_CLAIM,NO_EXTERNAL_REFERRERS_RETURNED,NOT_AVAILABLE_FROM_GSC_LINKS_OR_URL_INSPECTION,SUCCESSFUL,NOT_OBSERVED_IN_CURRENT_GSC_SAMPLES,SEO_P3_LIMITED,"GSC_LINKS_REPORT_RETURNED_NO_USABLE_ROWS; URL Inspection referringUrls 1, external 0. No-row evidence is sampled and is not proof of zero backlinks.",RECHECK_DURING_PHASE_4_IF_DESTRUCTIVE_CHANGE_IS_PROPOSED,HIGH_THAT_CURRENT_FIRST_PARTY_REPORT_WAS_CHECKED; LIMITED_COVERAGE_OF_WEB_LINKS
https://echobuddha.com/quotes/wisdom/a-clear-mind-can-hold-two-truths-without-rushing/,Authenticated GSC Links UI/exports 2026-08-24 + URL Inspection referringUrls,NO_EXTERNAL_DOMAINS_OBSERVED_IN_CURRENT_FIRST_PARTY_SAMPLES,NO_EXTERNAL_ROWS_RETURNED; NOT_A_ZERO_BACKLINK_CLAIM,NO_EXTERNAL_REFERRERS_RETURNED,NOT_AVAILABLE_FROM_GSC_LINKS_OR_URL_INSPECTION,SUCCESSFUL,NOT_OBSERVED_IN_CURRENT_GSC_SAMPLES,SEO_P3_LIMITED,"GSC_LINKS_REPORT_RETURNED_NO_USABLE_ROWS; URL Inspection referringUrls 0, external 0. No-row evidence is sampled and is not proof of zero backlinks.",RECHECK_DURING_PHASE_4_IF_DESTRUCTIVE_CHANGE_IS_PROPOSED,HIGH_THAT_CURRENT_FIRST_PARTY_REPORT_WAS_CHECKED; LIMITED_COVERAGE_OF_WEB_LINKS
https://echobuddha.com/quotes/wisdom/a-useful-truth-is-carried-with-humility-not-used/,Authenticated GSC Links UI/exports 2026-08-24 + URL Inspection referringUrls,NO_EXTERNAL_DOMAINS_OBSERVED_IN_CURRENT_FIRST_PARTY_SAMPLES,NO_EXTERNAL_ROWS_RETURNED; NOT_A_ZERO_BACKLINK_CLAIM,NO_EXTERNAL_REFERRERS_RETURNED,NOT_AVAILABLE_FROM_GSC_LINKS_OR_URL_INSPECTION,SUCCESSFUL,NOT_OBSERVED_IN_CURRENT_GSC_SAMPLES,SEO_P3_LIMITED,"GSC_LINKS_REPORT_RETURNED_NO_USABLE_ROWS; URL Inspection referringUrls 0, external 0. No-row evidence is sampled and is not proof of zero backlinks.",RECHECK_DURING_PHASE_4_IF_DESTRUCTIVE_CHANGE_IS_PROPOSED,HIGH_THAT_CURRENT_FIRST_PARTY_REPORT_WAS_CHECKED; LIMITED_COVERAGE_OF_WEB_LINKS
https://echobuddha.com/quotes/wisdom/contentment-with-what-is-here/,Authenticated GSC Links UI/exports 2026-08-24 + URL Inspection referringUrls,NO_EXTERNAL_DOMAINS_OBSERVED_IN_CURRENT_FIRST_PARTY_SAMPLES,NO_EXTERNAL_ROWS_RETURNED; NOT_A_ZERO_BACKLINK_CLAIM,NO_EXTERNAL_REFERRERS_RETURNED,NOT_AVAILABLE_FROM_GSC_LINKS_OR_URL_INSPECTION,SUCCESSFUL,NOT_OBSERVED_IN_CURRENT_GSC_SAMPLES,SEO_P3_LIMITED,"GSC_LINKS_REPORT_RETURNED_NO_USABLE_ROWS; URL Inspection referringUrls 0, external 0. No-row evidence is sampled and is not proof of zero backlinks.",RECHECK_DURING_PHASE_4_IF_DESTRUCTIVE_CHANGE_IS_PROPOSED,HIGH_THAT_CURRENT_FIRST_PARTY_REPORT_WAS_CHECKED; LIMITED_COVERAGE_OF_WEB_LINKS
https://echobuddha.com/quotes/wisdom/difficult-people-and-boundaries/,Authenticated GSC Links UI/exports 2026-08-24 + URL Inspection referringUrls,NO_EXTERNAL_DOMAINS_OBSERVED_IN_CURRENT_FIRST_PARTY_SAMPLES,NO_EXTERNAL_ROWS_RETURNED; NOT_A_ZERO_BACKLINK_CLAIM,NO_EXTERNAL_REFERRERS_RETURNED,NOT_AVAILABLE_FROM_GSC_LINKS_OR_URL_INSPECTION,SUCCESSFUL,NOT_OBSERVED_IN_CURRENT_GSC_SAMPLES,SEO_P3_LIMITED,"GSC_LINKS_REPORT_RETURNED_NO_USABLE_ROWS; URL Inspection referringUrls 1, external 0. No-row evidence is sampled and is not proof of zero backlinks.",RECHECK_DURING_PHASE_4_IF_DESTRUCTIVE_CHANGE_IS_PROPOSED,HIGH_THAT_CURRENT_FIRST_PARTY_REPORT_WAS_CHECKED; LIMITED_COVERAGE_OF_WEB_LINKS
https://echobuddha.com/quotes/wisdom/,Authenticated GSC Links UI/exports 2026-08-24 + URL Inspection referringUrls,NO_EXTERNAL_DOMAINS_OBSERVED_IN_CURRENT_FIRST_PARTY_SAMPLES,NO_EXTERNAL_ROWS_RETURNED; NOT_A_ZERO_BACKLINK_CLAIM,NO_EXTERNAL_REFERRERS_RETURNED,NOT_AVAILABLE_FROM_GSC_LINKS_OR_URL_INSPECTION,SUCCESSFUL,NOT_OBSERVED_IN_CURRENT_GSC_SAMPLES,SEO_P2_EMERGING,"GSC_LINKS_REPORT_RETURNED_NO_USABLE_ROWS; URL Inspection referringUrls 0, external 0. No-row evidence is sampled and is not proof of zero backlinks.",RECHECK_DURING_PHASE_4_IF_DESTRUCTIVE_CHANGE_IS_PROPOSED,HIGH_THAT_CURRENT_FIRST_PARTY_REPORT_WAS_CHECKED; LIMITED_COVERAGE_OF_WEB_LINKS
https://echobuddha.com/quotes/wisdom/karma-begins-in-intention/,Authenticated GSC Links UI/exports 2026-08-24 + URL Inspection referringUrls,NO_EXTERNAL_DOMAINS_OBSERVED_IN_CURRENT_FIRST_PARTY_SAMPLES,NO_EXTERNAL_ROWS_RETURNED; NOT_A_ZERO_BACKLINK_CLAIM,NO_EXTERNAL_REFERRERS_RETURNED,NOT_AVAILABLE_FROM_GSC_LINKS_OR_URL_INSPECTION,SUCCESSFUL,NOT_OBSERVED_IN_CURRENT_GSC_SAMPLES,SEO_P2_EMERGING,"GSC_LINKS_REPORT_RETURNED_NO_USABLE_ROWS; URL Inspection referringUrls 0, external 0. No-row evidence is sampled and is not proof of zero backlinks.",RECHECK_DURING_PHASE_4_IF_DESTRUCTIVE_CHANGE_IS_PROPOSED,HIGH_THAT_CURRENT_FIRST_PARTY_REPORT_WAS_CHECKED; LIMITED_COVERAGE_OF_WEB_LINKS
https://echobuddha.com/quotes/wisdom/knowing-when-not-to-speak-is-also-a-form/,Authenticated GSC Links UI/exports 2026-08-24 + URL Inspection referringUrls,NO_EXTERNAL_DOMAINS_OBSERVED_IN_CURRENT_FIRST_PARTY_SAMPLES,NO_EXTERNAL_ROWS_RETURNED; NOT_A_ZERO_BACKLINK_CLAIM,NO_EXTERNAL_REFERRERS_RETURNED,NOT_AVAILABLE_FROM_GSC_LINKS_OR_URL_INSPECTION,SUCCESSFUL,NOT_OBSERVED_IN_CURRENT_GSC_SAMPLES,SEO_P2_EMERGING,"GSC_LINKS_REPORT_RETURNED_NO_USABLE_ROWS; URL Inspection referringUrls 0, external 0. No-row evidence is sampled and is not proof of zero backlinks.",RECHECK_DURING_PHASE_4_IF_DESTRUCTIVE_CHANGE_IS_PROPOSED,HIGH_THAT_CURRENT_FIRST_PARTY_REPORT_WAS_CHECKED; LIMITED_COVERAGE_OF_WEB_LINKS
https://echobuddha.com/quotes/wisdom/learn-from-discomfort-without-turning-suffering-into-an-identity/,Authenticated GSC Links UI/exports 2026-08-24 + URL Inspection referringUrls,NO_EXTERNAL_DOMAINS_OBSERVED_IN_CURRENT_FIRST_PARTY_SAMPLES,NO_EXTERNAL_ROWS_RETURNED; NOT_A_ZERO_BACKLINK_CLAIM,NO_EXTERNAL_REFERRERS_RETURNED,NOT_AVAILABLE_FROM_GSC_LINKS_OR_URL_INSPECTION,SUCCESSFUL,NOT_OBSERVED_IN_CURRENT_GSC_SAMPLES,SEO_P2_EMERGING,"GSC_LINKS_REPORT_RETURNED_NO_USABLE_ROWS; URL Inspection referringUrls 0, external 0. No-row evidence is sampled and is not proof of zero backlinks.",RECHECK_DURING_PHASE_4_IF_DESTRUCTIVE_CHANGE_IS_PROPOSED,HIGH_THAT_CURRENT_FIRST_PARTY_REPORT_WAS_CHECKED; LIMITED_COVERAGE_OF_WEB_LINKS
https://echobuddha.com/quotes/wisdom/right-speech-with-kindness/,Authenticated GSC Links UI/exports 2026-08-24 + URL Inspection referringUrls,NO_EXTERNAL_DOMAINS_OBSERVED_IN_CURRENT_FIRST_PARTY_SAMPLES,NO_EXTERNAL_ROWS_RETURNED; NOT_A_ZERO_BACKLINK_CLAIM,NO_EXTERNAL_REFERRERS_RETURNED,NOT_AVAILABLE_FROM_GSC_LINKS_OR_URL_INSPECTION,SUCCESSFUL,NOT_OBSERVED_IN_CURRENT_GSC_SAMPLES,SEO_P3_LIMITED,"GSC_LINKS_REPORT_RETURNED_NO_USABLE_ROWS; URL Inspection referringUrls 0, external 0. No-row evidence is sampled and is not proof of zero backlinks.",RECHECK_DURING_PHASE_4_IF_DESTRUCTIVE_CHANGE_IS_PROPOSED,HIGH_THAT_CURRENT_FIRST_PARTY_REPORT_WAS_CHECKED; LIMITED_COVERAGE_OF_WEB_LINKS
https://echobuddha.com/quotes/wisdom/see-the-conditions-behind-an-action-and-blame-may/,Authenticated GSC Links UI/exports 2026-08-24 + URL Inspection referringUrls,NO_EXTERNAL_DOMAINS_OBSERVED_IN_CURRENT_FIRST_PARTY_SAMPLES,NO_EXTERNAL_ROWS_RETURNED; NOT_A_ZERO_BACKLINK_CLAIM,NO_EXTERNAL_REFERRERS_RETURNED,NOT_AVAILABLE_FROM_GSC_LINKS_OR_URL_INSPECTION,SUCCESSFUL,NOT_OBSERVED_IN_CURRENT_GSC_SAMPLES,SEO_P3_LIMITED,"GSC_LINKS_REPORT_RETURNED_NO_USABLE_ROWS; URL Inspection referringUrls 0, external 0. No-row evidence is sampled and is not proof of zero backlinks.",RECHECK_DURING_PHASE_4_IF_DESTRUCTIVE_CHANGE_IS_PROPOSED,HIGH_THAT_CURRENT_FIRST_PARTY_REPORT_WAS_CHECKED; LIMITED_COVERAGE_OF_WEB_LINKS
https://echobuddha.com/quotes/wisdom/simplicity-clears-the-room/,Authenticated GSC Links UI/exports 2026-08-24 + URL Inspection referringUrls,NO_EXTERNAL_DOMAINS_OBSERVED_IN_CURRENT_FIRST_PARTY_SAMPLES,NO_EXTERNAL_ROWS_RETURNED; NOT_A_ZERO_BACKLINK_CLAIM,NO_EXTERNAL_REFERRERS_RETURNED,NOT_AVAILABLE_FROM_GSC_LINKS_OR_URL_INSPECTION,SUCCESSFUL,NOT_OBSERVED_IN_CURRENT_GSC_SAMPLES,SEO_P3_LIMITED,"GSC_LINKS_REPORT_RETURNED_NO_USABLE_ROWS; URL Inspection referringUrls 0, external 0. No-row evidence is sampled and is not proof of zero backlinks.",RECHECK_DURING_PHASE_4_IF_DESTRUCTIVE_CHANGE_IS_PROPOSED,HIGH_THAT_CURRENT_FIRST_PARTY_REPORT_WAS_CHECKED; LIMITED_COVERAGE_OF_WEB_LINKS
https://echobuddha.com/quotes/wisdom/the-lesson-repeats-until-attention-replaces-habit/,Authenticated GSC Links UI/exports 2026-08-24 + URL Inspection referringUrls,NO_EXTERNAL_DOMAINS_OBSERVED_IN_CURRENT_FIRST_PARTY_SAMPLES,NO_EXTERNAL_ROWS_RETURNED; NOT_A_ZERO_BACKLINK_CLAIM,NO_EXTERNAL_REFERRERS_RETURNED,NOT_AVAILABLE_FROM_GSC_LINKS_OR_URL_INSPECTION,SUCCESSFUL,NOT_OBSERVED_IN_CURRENT_GSC_SAMPLES,SEO_P2_EMERGING,"GSC_LINKS_REPORT_RETURNED_NO_USABLE_ROWS; URL Inspection referringUrls 0, external 0. No-row evidence is sampled and is not proof of zero backlinks.",RECHECK_DURING_PHASE_4_IF_DESTRUCTIVE_CHANGE_IS_PROPOSED,HIGH_THAT_CURRENT_FIRST_PARTY_REPORT_WAS_CHECKED; LIMITED_COVERAGE_OF_WEB_LINKS
https://echobuddha.com/quotes/wisdom/the-wise-heart-changes-course-when-clearer-seeing-arrives/,Authenticated GSC Links UI/exports 2026-08-24 + URL Inspection referringUrls,NO_EXTERNAL_DOMAINS_OBSERVED_IN_CURRENT_FIRST_PARTY_SAMPLES,NO_EXTERNAL_ROWS_RETURNED; NOT_A_ZERO_BACKLINK_CLAIM,NO_EXTERNAL_REFERRERS_RETURNED,NOT_AVAILABLE_FROM_GSC_LINKS_OR_URL_INSPECTION,SUCCESSFUL,NOT_OBSERVED_IN_CURRENT_GSC_SAMPLES,SEO_P3_LIMITED,"GSC_LINKS_REPORT_RETURNED_NO_USABLE_ROWS; URL Inspection referringUrls 0, external 0. No-row evidence is sampled and is not proof of zero backlinks.",RECHECK_DURING_PHASE_4_IF_DESTRUCTIVE_CHANGE_IS_PROPOSED,HIGH_THAT_CURRENT_FIRST_PARTY_REPORT_WAS_CHECKED; LIMITED_COVERAGE_OF_WEB_LINKS
https://echobuddha.com/quotes/wisdom/understanding-suffering-honestly/,Authenticated GSC Links UI/exports 2026-08-24 + URL Inspection referringUrls,NO_EXTERNAL_DOMAINS_OBSERVED_IN_CURRENT_FIRST_PARTY_SAMPLES,NO_EXTERNAL_ROWS_RETURNED; NOT_A_ZERO_BACKLINK_CLAIM,NO_EXTERNAL_REFERRERS_RETURNED,NOT_AVAILABLE_FROM_GSC_LINKS_OR_URL_INSPECTION,SUCCESSFUL,NOT_OBSERVED_IN_CURRENT_GSC_SAMPLES,SEO_P3_LIMITED,"GSC_LINKS_REPORT_RETURNED_NO_USABLE_ROWS; URL Inspection referringUrls 0, external 0. No-row evidence is sampled and is not proof of zero backlinks.",RECHECK_DURING_PHASE_4_IF_DESTRUCTIVE_CHANGE_IS_PROPOSED,HIGH_THAT_CURRENT_FIRST_PARTY_REPORT_WAS_CHECKED; LIMITED_COVERAGE_OF_WEB_LINKS
https://echobuddha.com/quotes/wisdom/what-feels-urgent-is-not-always-what-matters-most/,Authenticated GSC Links UI/exports 2026-08-24 + URL Inspection referringUrls,NO_EXTERNAL_DOMAINS_OBSERVED_IN_CURRENT_FIRST_PARTY_SAMPLES,NO_EXTERNAL_ROWS_RETURNED; NOT_A_ZERO_BACKLINK_CLAIM,NO_EXTERNAL_REFERRERS_RETURNED,NOT_AVAILABLE_FROM_GSC_LINKS_OR_URL_INSPECTION,SUCCESSFUL,NOT_OBSERVED_IN_CURRENT_GSC_SAMPLES,SEO_P3_LIMITED,"GSC_LINKS_REPORT_RETURNED_NO_USABLE_ROWS; URL Inspection referringUrls 0, external 0. No-row evidence is sampled and is not proof of zero backlinks.",RECHECK_DURING_PHASE_4_IF_DESTRUCTIVE_CHANGE_IS_PROPOSED,HIGH_THAT_CURRENT_FIRST_PARTY_REPORT_WAS_CHECKED; LIMITED_COVERAGE_OF_WEB_LINKS
https://echobuddha.com/quotes/wisdom/wisdom-is-less-interested-in-winning-than-in-ending/,Authenticated GSC Links UI/exports 2026-08-24 + URL Inspection referringUrls,NO_EXTERNAL_DOMAINS_OBSERVED_IN_CURRENT_FIRST_PARTY_SAMPLES,NO_EXTERNAL_ROWS_RETURNED; NOT_A_ZERO_BACKLINK_CLAIM,NO_EXTERNAL_REFERRERS_RETURNED,NOT_AVAILABLE_FROM_GSC_LINKS_OR_URL_INSPECTION,SUCCESSFUL,NOT_OBSERVED_IN_CURRENT_GSC_SAMPLES,SEO_P3_LIMITED,"GSC_LINKS_REPORT_RETURNED_NO_USABLE_ROWS; URL Inspection referringUrls 0, external 0. No-row evidence is sampled and is not proof of zero backlinks.",RECHECK_DURING_PHASE_4_IF_DESTRUCTIVE_CHANGE_IS_PROPOSED,HIGH_THAT_CURRENT_FIRST_PARTY_REPORT_WAS_CHECKED; LIMITED_COVERAGE_OF_WEB_LINKS
https://echobuddha.com/quotes/wisdom/wisdom-is-the-art-of-meeting-life-without-adding/,Authenticated GSC Links UI/exports 2026-08-24 + URL Inspection referringUrls,NO_EXTERNAL_DOMAINS_OBSERVED_IN_CURRENT_FIRST_PARTY_SAMPLES,NO_EXTERNAL_ROWS_RETURNED; NOT_A_ZERO_BACKLINK_CLAIM,NO_EXTERNAL_REFERRERS_RETURNED,NOT_AVAILABLE_FROM_GSC_LINKS_OR_URL_INSPECTION,SUCCESSFUL,NOT_OBSERVED_IN_CURRENT_GSC_SAMPLES,SEO_P2_EMERGING,"GSC_LINKS_REPORT_RETURNED_NO_USABLE_ROWS; URL Inspection referringUrls 0, external 0. No-row evidence is sampled and is not proof of zero backlinks.",RECHECK_DURING_PHASE_4_IF_DESTRUCTIVE_CHANGE_IS_PROPOSED,HIGH_THAT_CURRENT_FIRST_PARTY_REPORT_WAS_CHECKED; LIMITED_COVERAGE_OF_WEB_LINKS
https://echobuddha.com/quotes/wisdom/wisdom-sees-clearly/,Authenticated GSC Links UI/exports 2026-08-24 + URL Inspection referringUrls,NO_EXTERNAL_DOMAINS_OBSERVED_IN_CURRENT_FIRST_PARTY_SAMPLES,NO_EXTERNAL_ROWS_RETURNED; NOT_A_ZERO_BACKLINK_CLAIM,NO_EXTERNAL_REFERRERS_RETURNED,NOT_AVAILABLE_FROM_GSC_LINKS_OR_URL_INSPECTION,SUCCESSFUL,NOT_OBSERVED_IN_CURRENT_GSC_SAMPLES,SEO_P3_LIMITED,"GSC_LINKS_REPORT_RETURNED_NO_USABLE_ROWS; URL Inspection referringUrls 0, external 0. No-row evidence is sampled and is not proof of zero backlinks.",RECHECK_DURING_PHASE_4_IF_DESTRUCTIVE_CHANGE_IS_PROPOSED,HIGH_THAT_CURRENT_FIRST_PARTY_REPORT_WAS_CHECKED; LIMITED_COVERAGE_OF_WEB_LINKS
https://echobuddha.com/quotes/wisdom/wisdom-sees-the-whole-fire-not-only-the-spark/,Authenticated GSC Links UI/exports 2026-08-24 + URL Inspection referringUrls,NO_EXTERNAL_DOMAINS_OBSERVED_IN_CURRENT_FIRST_PARTY_SAMPLES,NO_EXTERNAL_ROWS_RETURNED; NOT_A_ZERO_BACKLINK_CLAIM,NO_EXTERNAL_REFERRERS_RETURNED,NOT_AVAILABLE_FROM_GSC_LINKS_OR_URL_INSPECTION,SUCCESSFUL,NOT_OBSERVED_IN_CURRENT_GSC_SAMPLES,SEO_P3_LIMITED,"GSC_LINKS_REPORT_RETURNED_NO_USABLE_ROWS; URL Inspection referringUrls 0, external 0. No-row evidence is sampled and is not proof of zero backlinks.",RECHECK_DURING_PHASE_4_IF_DESTRUCTIVE_CHANGE_IS_PROPOSED,HIGH_THAT_CURRENT_FIRST_PARTY_REPORT_WAS_CHECKED; LIMITED_COVERAGE_OF_WEB_LINKS
https://echobuddha.com/quotes/wisdom/wise-silence/,Authenticated GSC Links UI/exports 2026-08-24 + URL Inspection referringUrls,NO_EXTERNAL_DOMAINS_OBSERVED_IN_CURRENT_FIRST_PARTY_SAMPLES,NO_EXTERNAL_ROWS_RETURNED; NOT_A_ZERO_BACKLINK_CLAIM,NO_EXTERNAL_REFERRERS_RETURNED,NOT_AVAILABLE_FROM_GSC_LINKS_OR_URL_INSPECTION,SUCCESSFUL,NOT_OBSERVED_IN_CURRENT_GSC_SAMPLES,SEO_P3_LIMITED,"GSC_LINKS_REPORT_RETURNED_NO_USABLE_ROWS; URL Inspection referringUrls 0, external 0. No-row evidence is sampled and is not proof of zero backlinks.",RECHECK_DURING_PHASE_4_IF_DESTRUCTIVE_CHANGE_IS_PROPOSED,HIGH_THAT_CURRENT_FIRST_PARTY_REPORT_WAS_CHECKED; LIMITED_COVERAGE_OF_WEB_LINKS
https://echobuddha.com/search/,Authenticated GSC Links UI/exports 2026-08-24 + URL Inspection referringUrls,NO_EXTERNAL_DOMAINS_OBSERVED_IN_CURRENT_FIRST_PARTY_SAMPLES,NO_EXTERNAL_ROWS_RETURNED; NOT_A_ZERO_BACKLINK_CLAIM,NO_EXTERNAL_REFERRERS_RETURNED,NOT_AVAILABLE_FROM_GSC_LINKS_OR_URL_INSPECTION,SUCCESSFUL,NOT_OBSERVED_IN_CURRENT_GSC_SAMPLES,SEO_P3_LIMITED,"GSC_LINKS_REPORT_RETURNED_NO_USABLE_ROWS; URL Inspection referringUrls 1, external 0. No-row evidence is sampled and is not proof of zero backlinks.",RECHECK_DURING_PHASE_4_IF_DESTRUCTIVE_CHANGE_IS_PROPOSED,HIGH_THAT_CURRENT_FIRST_PARTY_REPORT_WAS_CHECKED; LIMITED_COVERAGE_OF_WEB_LINKS
https://echobuddha.com/start-here/,Authenticated GSC Links UI/exports 2026-08-24 + URL Inspection referringUrls,NO_EXTERNAL_DOMAINS_OBSERVED_IN_CURRENT_FIRST_PARTY_SAMPLES,NO_EXTERNAL_ROWS_RETURNED; NOT_A_ZERO_BACKLINK_CLAIM,NO_EXTERNAL_REFERRERS_RETURNED,NOT_AVAILABLE_FROM_GSC_LINKS_OR_URL_INSPECTION,SUCCESSFUL,NOT_OBSERVED_IN_CURRENT_GSC_SAMPLES,SEO_P2_EMERGING,"GSC_LINKS_REPORT_RETURNED_NO_USABLE_ROWS; URL Inspection referringUrls 0, external 0. No-row evidence is sampled and is not proof of zero backlinks.",RECHECK_DURING_PHASE_4_IF_DESTRUCTIVE_CHANGE_IS_PROPOSED,HIGH_THAT_CURRENT_FIRST_PARTY_REPORT_WAS_CHECKED; LIMITED_COVERAGE_OF_WEB_LINKS
https://echobuddha.com/terms-of-use/,Authenticated GSC Links UI/exports 2026-08-24 + URL Inspection referringUrls,NO_EXTERNAL_DOMAINS_OBSERVED_IN_CURRENT_FIRST_PARTY_SAMPLES,NO_EXTERNAL_ROWS_RETURNED; NOT_A_ZERO_BACKLINK_CLAIM,NO_EXTERNAL_REFERRERS_RETURNED,NOT_AVAILABLE_FROM_GSC_LINKS_OR_URL_INSPECTION,SUCCESSFUL,NOT_OBSERVED_IN_CURRENT_GSC_SAMPLES,SEO_P2_EMERGING,"GSC_LINKS_REPORT_RETURNED_NO_USABLE_ROWS; URL Inspection referringUrls 0, external 0. No-row evidence is sampled and is not proof of zero backlinks.",RECHECK_DURING_PHASE_4_IF_DESTRUCTIVE_CHANGE_IS_PROPOSED,HIGH_THAT_CURRENT_FIRST_PARTY_REPORT_WAS_CHECKED; LIMITED_COVERAGE_OF_WEB_LINKS
https://echobuddha.com/tools/,Authenticated GSC Links UI/exports 2026-08-24 + URL Inspection referringUrls,NO_EXTERNAL_DOMAINS_OBSERVED_IN_CURRENT_FIRST_PARTY_SAMPLES,NO_EXTERNAL_ROWS_RETURNED; NOT_A_ZERO_BACKLINK_CLAIM,NO_EXTERNAL_REFERRERS_RETURNED,NOT_AVAILABLE_FROM_GSC_LINKS_OR_URL_INSPECTION,SUCCESSFUL,NOT_OBSERVED_IN_CURRENT_GSC_SAMPLES,SEO_P1_HIGH,"GSC_LINKS_REPORT_RETURNED_NO_USABLE_ROWS; URL Inspection referringUrls 0, external 0. No-row evidence is sampled and is not proof of zero backlinks.",RECHECK_BEFORE_ANY_FUTURE_URL_MIGRATION,HIGH_THAT_CURRENT_FIRST_PARTY_REPORT_WAS_CHECKED; LIMITED_COVERAGE_OF_WEB_LINKS
https://echobuddha.com/sitemap.xml/,Authenticated GSC Links UI/exports 2026-08-24 + URL Inspection referringUrls,NO_EXTERNAL_DOMAINS_OBSERVED_IN_CURRENT_FIRST_PARTY_SAMPLES,NO_EXTERNAL_ROWS_RETURNED; NOT_A_ZERO_BACKLINK_CLAIM,NO_EXTERNAL_REFERRERS_RETURNED,NOT_AVAILABLE_FROM_GSC_LINKS_OR_URL_INSPECTION,PAGE_FETCH_STATE_UNSPECIFIED,NOT_OBSERVED_IN_CURRENT_GSC_SAMPLES,SEO_UNKNOWN,"GSC_LINKS_REPORT_RETURNED_NO_USABLE_ROWS; URL Inspection referringUrls 0, external 0. No-row evidence is sampled and is not proof of zero backlinks.",RECHECK_DURING_PHASE_4_IF_DESTRUCTIVE_CHANGE_IS_PROPOSED,HIGH_THAT_CURRENT_FIRST_PARTY_REPORT_WAS_CHECKED; LIMITED_COVERAGE_OF_WEB_LINKS
https://echobuddha.com/robots.txt/,Authenticated GSC Links UI/exports 2026-08-24 + URL Inspection referringUrls,NO_EXTERNAL_DOMAINS_OBSERVED_IN_CURRENT_FIRST_PARTY_SAMPLES,NO_EXTERNAL_ROWS_RETURNED; NOT_A_ZERO_BACKLINK_CLAIM,NO_EXTERNAL_REFERRERS_RETURNED,NOT_AVAILABLE_FROM_GSC_LINKS_OR_URL_INSPECTION,PAGE_FETCH_STATE_UNSPECIFIED,NOT_OBSERVED_IN_CURRENT_GSC_SAMPLES,SEO_UNKNOWN,"GSC_LINKS_REPORT_RETURNED_NO_USABLE_ROWS; URL Inspection referringUrls 0, external 0. No-row evidence is sampled and is not proof of zero backlinks.",RECHECK_DURING_PHASE_4_IF_DESTRUCTIVE_CHANGE_IS_PROPOSED,HIGH_THAT_CURRENT_FIRST_PARTY_REPORT_WAS_CHECKED; LIMITED_COVERAGE_OF_WEB_LINKS
https://echobuddha.com/ads.txt/,Authenticated GSC Links UI/exports 2026-08-24 + URL Inspection referringUrls,NO_EXTERNAL_DOMAINS_OBSERVED_IN_CURRENT_FIRST_PARTY_SAMPLES,NO_EXTERNAL_ROWS_RETURNED; NOT_A_ZERO_BACKLINK_CLAIM,NO_EXTERNAL_REFERRERS_RETURNED,NOT_AVAILABLE_FROM_GSC_LINKS_OR_URL_INSPECTION,PAGE_FETCH_STATE_UNSPECIFIED,NOT_OBSERVED_IN_CURRENT_GSC_SAMPLES,SEO_UNKNOWN,"GSC_LINKS_REPORT_RETURNED_NO_USABLE_ROWS; URL Inspection referringUrls 0, external 0. No-row evidence is sampled and is not proof of zero backlinks.",RECHECK_DURING_PHASE_4_IF_DESTRUCTIVE_CHANGE_IS_PROPOSED,HIGH_THAT_CURRENT_FIRST_PARTY_REPORT_WAS_CHECKED; LIMITED_COVERAGE_OF_WEB_LINKS
