URL,page_family,clicks_latest_28d,clicks_previous_28d,click_delta,click_change,impressions_latest_28d,impressions_previous_28d,impression_delta,impression_change,latest_position,previous_position,classification,emerging_winner,evidence,confidence
https://echobuddha.com/404.html,ERROR,NOT_AVAILABLE,NOT_AVAILABLE,NOT_AVAILABLE,NOT_AVAILABLE,NOT_AVAILABLE,NOT_AVAILABLE,NOT_AVAILABLE,NOT_AVAILABLE,NOT_AVAILABLE,NOT_AVAILABLE,INSUFFICIENT_DATA,false,No row in the preserved page-level 28-day comparison export.,LOW
https://echobuddha.com/about/,ABOUT,0,0,0,NEW_OR_ZERO_BASELINE,11,4,7,175%,10.64,7.5,STABLE,false,Page comparison 2026-07-15..2026-08-11 versus 2026-06-17..2026-07-14: 0/11 clicks/impressions versus 0/4.,HIGH_FOR_EXPORTED_PERIOD; NOT_CURRENT_AFTER_2026-08-11
https://echobuddha.com/articles/beginning-a-daily-mindfulness-practice/,ARTICLE,NOT_AVAILABLE,NOT_AVAILABLE,NOT_AVAILABLE,NOT_AVAILABLE,NOT_AVAILABLE,NOT_AVAILABLE,NOT_AVAILABLE,NOT_AVAILABLE,NOT_AVAILABLE,NOT_AVAILABLE,INSUFFICIENT_DATA,false,No row in the preserved page-level 28-day comparison export.,LOW
https://echobuddha.com/articles/buddhism-for-beginners-simple-guide/,ARTICLE,0,0,0,NEW_OR_ZERO_BASELINE,0,4,-4,-100%,0,30,INSUFFICIENT_DATA,false,Page comparison 2026-07-15..2026-08-11 versus 2026-06-17..2026-07-14: 0/0 clicks/impressions versus 0/4.,HIGH_FOR_EXPORTED_PERIOD; NOT_CURRENT_AFTER_2026-08-11
https://echobuddha.com/articles/buddhist-approach-to-anger/,ARTICLE,0,0,0,NEW_OR_ZERO_BASELINE,0,1,-1,-100%,0,5,INSUFFICIENT_DATA,false,Page comparison 2026-07-15..2026-08-11 versus 2026-06-17..2026-07-14: 0/0 clicks/impressions versus 0/1.,HIGH_FOR_EXPORTED_PERIOD; NOT_CURRENT_AFTER_2026-08-11
https://echobuddha.com/articles/buddhist-gratitude-practice/,ARTICLE,0,0,0,NEW_OR_ZERO_BASELINE,0,1,-1,-100%,0,6,INSUFFICIENT_DATA,false,Page comparison 2026-07-15..2026-08-11 versus 2026-06-17..2026-07-14: 0/0 clicks/impressions versus 0/1.,HIGH_FOR_EXPORTED_PERIOD; NOT_CURRENT_AFTER_2026-08-11
https://echobuddha.com/articles/buddhist-teachings-on-forgiveness/,ARTICLE,0,0,0,NEW_OR_ZERO_BASELINE,1,0,1,NEW_OR_ZERO_BASELINE,45,0,INSUFFICIENT_DATA,false,Page comparison 2026-07-15..2026-08-11 versus 2026-06-17..2026-07-14: 0/1 clicks/impressions versus 0/0.,HIGH_FOR_EXPORTED_PERIOD; NOT_CURRENT_AFTER_2026-08-11
https://echobuddha.com/articles/buddhist-teachings-on-impermanence/,ARTICLE,0,0,0,NEW_OR_ZERO_BASELINE,0,1,-1,-100%,0,3,INSUFFICIENT_DATA,false,Page comparison 2026-07-15..2026-08-11 versus 2026-06-17..2026-07-14: 0/0 clicks/impressions versus 0/1.,HIGH_FOR_EXPORTED_PERIOD; NOT_CURRENT_AFTER_2026-08-11
https://echobuddha.com/articles/buddhist-wisdom-for-overthinking/,ARTICLE,0,0,0,NEW_OR_ZERO_BASELINE,1,16,-15,-93.75%,10,10.19,DECLINING,false,Page comparison 2026-07-15..2026-08-11 versus 2026-06-17..2026-07-14: 0/1 clicks/impressions versus 0/16.,HIGH_FOR_EXPORTED_PERIOD; NOT_CURRENT_AFTER_2026-08-11
https://echobuddha.com/articles/category/buddhist-wisdom/,ARTICLE_CATEGORY,0,0,0,NEW_OR_ZERO_BASELINE,5,1,4,400%,39,63,INSUFFICIENT_DATA,false,Page comparison 2026-07-15..2026-08-11 versus 2026-06-17..2026-07-14: 0/5 clicks/impressions versus 0/1.,HIGH_FOR_EXPORTED_PERIOD; NOT_CURRENT_AFTER_2026-08-11
https://echobuddha.com/articles/category/meditation/,ARTICLE_CATEGORY,0,0,0,NEW_OR_ZERO_BASELINE,1,0,1,NEW_OR_ZERO_BASELINE,5,0,INSUFFICIENT_DATA,false,Page comparison 2026-07-15..2026-08-11 versus 2026-06-17..2026-07-14: 0/1 clicks/impressions versus 0/0.,HIGH_FOR_EXPORTED_PERIOD; NOT_CURRENT_AFTER_2026-08-11
https://echobuddha.com/articles/category/mindfulness/,ARTICLE_CATEGORY,0,0,0,NEW_OR_ZERO_BASELINE,0,1,-1,-100%,0,10,INSUFFICIENT_DATA,false,Page comparison 2026-07-15..2026-08-11 versus 2026-06-17..2026-07-14: 0/0 clicks/impressions versus 0/1.,HIGH_FOR_EXPORTED_PERIOD; NOT_CURRENT_AFTER_2026-08-11
https://echobuddha.com/articles/category/practice/,ARTICLE_CATEGORY,0,0,0,NEW_OR_ZERO_BASELINE,0,6,-6,-100%,0,4.5,INSUFFICIENT_DATA,false,Page comparison 2026-07-15..2026-08-11 versus 2026-06-17..2026-07-14: 0/0 clicks/impressions versus 0/6.,HIGH_FOR_EXPORTED_PERIOD; NOT_CURRENT_AFTER_2026-08-11
https://echobuddha.com/articles/category/reflection/,ARTICLE_CATEGORY,NOT_AVAILABLE,NOT_AVAILABLE,NOT_AVAILABLE,NOT_AVAILABLE,NOT_AVAILABLE,NOT_AVAILABLE,NOT_AVAILABLE,NOT_AVAILABLE,NOT_AVAILABLE,NOT_AVAILABLE,INSUFFICIENT_DATA,false,No row in the preserved page-level 28-day comparison export.,LOW
https://echobuddha.com/articles/compassion-as-a-daily-discipline/,ARTICLE,0,0,0,NEW_OR_ZERO_BASELINE,1,0,1,NEW_OR_ZERO_BASELINE,31,0,INSUFFICIENT_DATA,false,Page comparison 2026-07-15..2026-08-11 versus 2026-06-17..2026-07-14: 0/1 clicks/impressions versus 0/0.,HIGH_FOR_EXPORTED_PERIOD; NOT_CURRENT_AFTER_2026-08-11
https://echobuddha.com/articles/compassion-in-buddhism-beginner-guide/,ARTICLE,0,0,0,NEW_OR_ZERO_BASELINE,22,0,22,NEW_OR_ZERO_BASELINE,49.32,0,GROWING,false,Page comparison 2026-07-15..2026-08-11 versus 2026-06-17..2026-07-14: 0/22 clicks/impressions versus 0/0.,HIGH_FOR_EXPORTED_PERIOD; NOT_CURRENT_AFTER_2026-08-11
https://echobuddha.com/articles/compassion-with-boundaries/,ARTICLE,0,0,0,NEW_OR_ZERO_BASELINE,2,0,2,NEW_OR_ZERO_BASELINE,18.5,0,INSUFFICIENT_DATA,false,Page comparison 2026-07-15..2026-08-11 versus 2026-06-17..2026-07-14: 0/2 clicks/impressions versus 0/0.,HIGH_FOR_EXPORTED_PERIOD; NOT_CURRENT_AFTER_2026-08-11
https://echobuddha.com/articles/creating-a-peaceful-corner-at-home/,ARTICLE,NOT_AVAILABLE,NOT_AVAILABLE,NOT_AVAILABLE,NOT_AVAILABLE,NOT_AVAILABLE,NOT_AVAILABLE,NOT_AVAILABLE,NOT_AVAILABLE,NOT_AVAILABLE,NOT_AVAILABLE,INSUFFICIENT_DATA,false,No row in the preserved page-level 28-day comparison export.,LOW
https://echobuddha.com/articles/dhamma-vs-dharma/,ARTICLE,1,0,1,NEW_OR_ZERO_BASELINE,87,0,87,NEW_OR_ZERO_BASELINE,10.56,0,STRONGLY_GROWING,true,Page comparison 2026-07-15..2026-08-11 versus 2026-06-17..2026-07-14: 1/87 clicks/impressions versus 0/0.,HIGH_FOR_EXPORTED_PERIOD; NOT_CURRENT_AFTER_2026-08-11
https://echobuddha.com/articles/dhammapada-reflection-trained-mind/,ARTICLE,0,0,0,NEW_OR_ZERO_BASELINE,0,1,-1,-100%,0,3,INSUFFICIENT_DATA,false,Page comparison 2026-07-15..2026-08-11 versus 2026-06-17..2026-07-14: 0/0 clicks/impressions versus 0/1.,HIGH_FOR_EXPORTED_PERIOD; NOT_CURRENT_AFTER_2026-08-11
https://echobuddha.com/articles/dhammapada-reflection-what-we-think/,ARTICLE,0,0,0,NEW_OR_ZERO_BASELINE,47,0,47,NEW_OR_ZERO_BASELINE,8.09,0,GROWING,true,Page comparison 2026-07-15..2026-08-11 versus 2026-06-17..2026-07-14: 0/47 clicks/impressions versus 0/0.,HIGH_FOR_EXPORTED_PERIOD; NOT_CURRENT_AFTER_2026-08-11
https://echobuddha.com/articles/dhammapada-verse-1-meaning/,ARTICLE,0,0,0,NEW_OR_ZERO_BASELINE,34,0,34,NEW_OR_ZERO_BASELINE,7.29,0,GROWING,true,Page comparison 2026-07-15..2026-08-11 versus 2026-06-17..2026-07-14: 0/34 clicks/impressions versus 0/0.,HIGH_FOR_EXPORTED_PERIOD; NOT_CURRENT_AFTER_2026-08-11
https://echobuddha.com/articles/eightfold-path-explained/,ARTICLE,0,0,0,NEW_OR_ZERO_BASELINE,2,0,2,NEW_OR_ZERO_BASELINE,77.5,0,INSUFFICIENT_DATA,false,Page comparison 2026-07-15..2026-08-11 versus 2026-06-17..2026-07-14: 0/2 clicks/impressions versus 0/0.,HIGH_FOR_EXPORTED_PERIOD; NOT_CURRENT_AFTER_2026-08-11
https://echobuddha.com/articles/eightfold-path-explained-daily-life/,ARTICLE,0,0,0,NEW_OR_ZERO_BASELINE,7,0,7,NEW_OR_ZERO_BASELINE,12.43,0,INSUFFICIENT_DATA,false,Page comparison 2026-07-15..2026-08-11 versus 2026-06-17..2026-07-14: 0/7 clicks/impressions versus 0/0.,HIGH_FOR_EXPORTED_PERIOD; NOT_CURRENT_AFTER_2026-08-11
https://echobuddha.com/articles/equanimity-in-buddhism/,ARTICLE,0,0,0,NEW_OR_ZERO_BASELINE,3,1,2,200%,75.67,2,INSUFFICIENT_DATA,false,Page comparison 2026-07-15..2026-08-11 versus 2026-06-17..2026-07-14: 0/3 clicks/impressions versus 0/1.,HIGH_FOR_EXPORTED_PERIOD; NOT_CURRENT_AFTER_2026-08-11
https://echobuddha.com/articles/first-week-buddhist-practice/,ARTICLE,0,0,0,NEW_OR_ZERO_BASELINE,1,0,1,NEW_OR_ZERO_BASELINE,39,0,INSUFFICIENT_DATA,false,Page comparison 2026-07-15..2026-08-11 versus 2026-06-17..2026-07-14: 0/1 clicks/impressions versus 0/0.,HIGH_FOR_EXPORTED_PERIOD; NOT_CURRENT_AFTER_2026-08-11
https://echobuddha.com/articles/five-precepts-in-daily-life/,ARTICLE,0,0,0,NEW_OR_ZERO_BASELINE,87,0,87,NEW_OR_ZERO_BASELINE,53.7,0,STRONGLY_GROWING,true,Page comparison 2026-07-15..2026-08-11 versus 2026-06-17..2026-07-14: 0/87 clicks/impressions versus 0/0.,HIGH_FOR_EXPORTED_PERIOD; NOT_CURRENT_AFTER_2026-08-11
https://echobuddha.com/articles/four-noble-truths-explained/,ARTICLE,0,0,0,NEW_OR_ZERO_BASELINE,0,2,-2,-100%,0,4.5,INSUFFICIENT_DATA,false,Page comparison 2026-07-15..2026-08-11 versus 2026-06-17..2026-07-14: 0/0 clicks/impressions versus 0/2.,HIGH_FOR_EXPORTED_PERIOD; NOT_CURRENT_AFTER_2026-08-11
https://echobuddha.com/articles/four-noble-truths-explained-simply/,ARTICLE,0,0,0,NEW_OR_ZERO_BASELINE,2,2,0,0%,14.5,4,INSUFFICIENT_DATA,false,Page comparison 2026-07-15..2026-08-11 versus 2026-06-17..2026-07-14: 0/2 clicks/impressions versus 0/2.,HIGH_FOR_EXPORTED_PERIOD; NOT_CURRENT_AFTER_2026-08-11
https://echobuddha.com/articles/how-to-let-go-of-attachment-in-buddhism/,ARTICLE,0,0,0,NEW_OR_ZERO_BASELINE,8,0,8,NEW_OR_ZERO_BASELINE,25.62,0,INSUFFICIENT_DATA,false,Page comparison 2026-07-15..2026-08-11 versus 2026-06-17..2026-07-14: 0/8 clicks/impressions versus 0/0.,HIGH_FOR_EXPORTED_PERIOD; NOT_CURRENT_AFTER_2026-08-11
https://echobuddha.com/articles/how-to-meditate-for-anxiety/,ARTICLE,0,0,0,NEW_OR_ZERO_BASELINE,0,1,-1,-100%,0,4,INSUFFICIENT_DATA,false,Page comparison 2026-07-15..2026-08-11 versus 2026-06-17..2026-07-14: 0/0 clicks/impressions versus 0/1.,HIGH_FOR_EXPORTED_PERIOD; NOT_CURRENT_AFTER_2026-08-11
https://echobuddha.com/articles/how-to-meditate-for-beginners/,ARTICLE,0,0,0,NEW_OR_ZERO_BASELINE,1,0,1,NEW_OR_ZERO_BASELINE,5,0,INSUFFICIENT_DATA,false,Page comparison 2026-07-15..2026-08-11 versus 2026-06-17..2026-07-14: 0/1 clicks/impressions versus 0/0.,HIGH_FOR_EXPORTED_PERIOD; NOT_CURRENT_AFTER_2026-08-11
https://echobuddha.com/articles/how-to-practice-non-attachment/,ARTICLE,0,0,0,NEW_OR_ZERO_BASELINE,6,0,6,NEW_OR_ZERO_BASELINE,12,0,INSUFFICIENT_DATA,false,Page comparison 2026-07-15..2026-08-11 versus 2026-06-17..2026-07-14: 0/6 clicks/impressions versus 0/0.,HIGH_FOR_EXPORTED_PERIOD; NOT_CURRENT_AFTER_2026-08-11
https://echobuddha.com/articles/impermanence-in-buddhism/,ARTICLE,0,0,0,NEW_OR_ZERO_BASELINE,2,0,2,NEW_OR_ZERO_BASELINE,34,0,INSUFFICIENT_DATA,false,Page comparison 2026-07-15..2026-08-11 versus 2026-06-17..2026-07-14: 0/2 clicks/impressions versus 0/0.,HIGH_FOR_EXPORTED_PERIOD; NOT_CURRENT_AFTER_2026-08-11
https://echobuddha.com/articles/impermanence-in-buddhism-letting-go/,ARTICLE,0,0,0,NEW_OR_ZERO_BASELINE,0,2,-2,-100%,0,62,INSUFFICIENT_DATA,false,Page comparison 2026-07-15..2026-08-11 versus 2026-06-17..2026-07-14: 0/0 clicks/impressions versus 0/2.,HIGH_FOR_EXPORTED_PERIOD; NOT_CURRENT_AFTER_2026-08-11
https://echobuddha.com/articles/,ARTICLE_HUB,0,0,0,NEW_OR_ZERO_BASELINE,4,10,-6,-60%,10.5,3.3,STABLE,false,Page comparison 2026-07-15..2026-08-11 versus 2026-06-17..2026-07-14: 0/4 clicks/impressions versus 0/10.,HIGH_FOR_EXPORTED_PERIOD; NOT_CURRENT_AFTER_2026-08-11
https://echobuddha.com/articles/letting-go-without-giving-up/,ARTICLE,NOT_AVAILABLE,NOT_AVAILABLE,NOT_AVAILABLE,NOT_AVAILABLE,NOT_AVAILABLE,NOT_AVAILABLE,NOT_AVAILABLE,NOT_AVAILABLE,NOT_AVAILABLE,NOT_AVAILABLE,INSUFFICIENT_DATA,false,No row in the preserved page-level 28-day comparison export.,LOW
https://echobuddha.com/articles/loving-kindness-meditation-beginners/,ARTICLE,NOT_AVAILABLE,NOT_AVAILABLE,NOT_AVAILABLE,NOT_AVAILABLE,NOT_AVAILABLE,NOT_AVAILABLE,NOT_AVAILABLE,NOT_AVAILABLE,NOT_AVAILABLE,NOT_AVAILABLE,INSUFFICIENT_DATA,false,No row in the preserved page-level 28-day comparison export.,LOW
https://echobuddha.com/articles/loving-kindness-meditation-guide/,ARTICLE,0,0,0,NEW_OR_ZERO_BASELINE,1,1,0,0%,4,7,INSUFFICIENT_DATA,false,Page comparison 2026-07-15..2026-08-11 versus 2026-06-17..2026-07-14: 0/1 clicks/impressions versus 0/1.,HIGH_FOR_EXPORTED_PERIOD; NOT_CURRENT_AFTER_2026-08-11
https://echobuddha.com/articles/metta-meditation-script/,ARTICLE,NOT_AVAILABLE,NOT_AVAILABLE,NOT_AVAILABLE,NOT_AVAILABLE,NOT_AVAILABLE,NOT_AVAILABLE,NOT_AVAILABLE,NOT_AVAILABLE,NOT_AVAILABLE,NOT_AVAILABLE,INSUFFICIENT_DATA,false,No row in the preserved page-level 28-day comparison export.,LOW
https://echobuddha.com/articles/mindful-email-and-texting/,ARTICLE,0,0,0,NEW_OR_ZERO_BASELINE,4,0,4,NEW_OR_ZERO_BASELINE,11.25,0,INSUFFICIENT_DATA,false,Page comparison 2026-07-15..2026-08-11 versus 2026-06-17..2026-07-14: 0/4 clicks/impressions versus 0/0.,HIGH_FOR_EXPORTED_PERIOD; NOT_CURRENT_AFTER_2026-08-11
https://echobuddha.com/articles/mindful-listening-in-everyday-life/,ARTICLE,0,0,0,NEW_OR_ZERO_BASELINE,0,2,-2,-100%,0,5.5,INSUFFICIENT_DATA,false,Page comparison 2026-07-15..2026-08-11 versus 2026-06-17..2026-07-14: 0/0 clicks/impressions versus 0/2.,HIGH_FOR_EXPORTED_PERIOD; NOT_CURRENT_AFTER_2026-08-11
https://echobuddha.com/articles/mindfulness-for-better-sleep/,ARTICLE,NOT_AVAILABLE,NOT_AVAILABLE,NOT_AVAILABLE,NOT_AVAILABLE,NOT_AVAILABLE,NOT_AVAILABLE,NOT_AVAILABLE,NOT_AVAILABLE,NOT_AVAILABLE,NOT_AVAILABLE,INSUFFICIENT_DATA,false,No row in the preserved page-level 28-day comparison export.,LOW
https://echobuddha.com/articles/mindfulness-morning-routine/,ARTICLE,NOT_AVAILABLE,NOT_AVAILABLE,NOT_AVAILABLE,NOT_AVAILABLE,NOT_AVAILABLE,NOT_AVAILABLE,NOT_AVAILABLE,NOT_AVAILABLE,NOT_AVAILABLE,NOT_AVAILABLE,INSUFFICIENT_DATA,false,No row in the preserved page-level 28-day comparison export.,LOW
https://echobuddha.com/articles/mindfulness-of-breathing-guide/,ARTICLE,NOT_AVAILABLE,NOT_AVAILABLE,NOT_AVAILABLE,NOT_AVAILABLE,NOT_AVAILABLE,NOT_AVAILABLE,NOT_AVAILABLE,NOT_AVAILABLE,NOT_AVAILABLE,NOT_AVAILABLE,INSUFFICIENT_DATA,false,No row in the preserved page-level 28-day comparison export.,LOW
https://echobuddha.com/articles/mindfulness-vs-meditation/,ARTICLE,NOT_AVAILABLE,NOT_AVAILABLE,NOT_AVAILABLE,NOT_AVAILABLE,NOT_AVAILABLE,NOT_AVAILABLE,NOT_AVAILABLE,NOT_AVAILABLE,NOT_AVAILABLE,NOT_AVAILABLE,INSUFFICIENT_DATA,false,No row in the preserved page-level 28-day comparison export.,LOW
https://echobuddha.com/articles/noble-eightfold-path-practical-guide/,ARTICLE,1,0,1,NEW_OR_ZERO_BASELINE,12,0,12,NEW_OR_ZERO_BASELINE,46.42,0,GROWING,true,Page comparison 2026-07-15..2026-08-11 versus 2026-06-17..2026-07-14: 1/12 clicks/impressions versus 0/0.,HIGH_FOR_EXPORTED_PERIOD; NOT_CURRENT_AFTER_2026-08-11
https://echobuddha.com/articles/non-attachment-in-relationships/,ARTICLE,0,0,0,NEW_OR_ZERO_BASELINE,1,0,1,NEW_OR_ZERO_BASELINE,41,0,INSUFFICIENT_DATA,false,Page comparison 2026-07-15..2026-08-11 versus 2026-06-17..2026-07-14: 0/1 clicks/impressions versus 0/0.,HIGH_FOR_EXPORTED_PERIOD; NOT_CURRENT_AFTER_2026-08-11
https://echobuddha.com/articles/right-livelihood-modern-life/,ARTICLE,0,0,0,NEW_OR_ZERO_BASELINE,1,1,0,0%,48,4,INSUFFICIENT_DATA,false,Page comparison 2026-07-15..2026-08-11 versus 2026-06-17..2026-07-14: 0/1 clicks/impressions versus 0/1.,HIGH_FOR_EXPORTED_PERIOD; NOT_CURRENT_AFTER_2026-08-11
https://echobuddha.com/articles/right-speech-buddhism/,ARTICLE,3,0,3,NEW_OR_ZERO_BASELINE,178,0,178,NEW_OR_ZERO_BASELINE,27.13,0,STRONGLY_GROWING,true,Page comparison 2026-07-15..2026-08-11 versus 2026-06-17..2026-07-14: 3/178 clicks/impressions versus 0/0.,HIGH_FOR_EXPORTED_PERIOD; NOT_CURRENT_AFTER_2026-08-11
https://echobuddha.com/articles/right-speech-examples/,ARTICLE,0,0,0,NEW_OR_ZERO_BASELINE,3,0,3,NEW_OR_ZERO_BASELINE,24.33,0,INSUFFICIENT_DATA,false,Page comparison 2026-07-15..2026-08-11 versus 2026-06-17..2026-07-14: 0/3 clicks/impressions versus 0/0.,HIGH_FOR_EXPORTED_PERIOD; NOT_CURRENT_AFTER_2026-08-11
https://echobuddha.com/articles/three-poisons-buddhism-explained/,ARTICLE,1,0,1,NEW_OR_ZERO_BASELINE,79,1,78,7800%,46.68,4,STRONGLY_GROWING,true,Page comparison 2026-07-15..2026-08-11 versus 2026-06-17..2026-07-14: 1/79 clicks/impressions versus 0/1.,HIGH_FOR_EXPORTED_PERIOD; NOT_CURRENT_AFTER_2026-08-11
https://echobuddha.com/articles/three-ways-to-practice-patience/,ARTICLE,0,0,0,NEW_OR_ZERO_BASELINE,0,10,-10,-100%,0,3,DECLINING,false,Page comparison 2026-07-15..2026-08-11 versus 2026-06-17..2026-07-14: 0/0 clicks/impressions versus 0/10.,HIGH_FOR_EXPORTED_PERIOD; NOT_CURRENT_AFTER_2026-08-11
https://echobuddha.com/articles/visiting-a-buddhist-temple-respectfully/,ARTICLE,0,0,0,NEW_OR_ZERO_BASELINE,14,0,14,NEW_OR_ZERO_BASELINE,22.43,0,GROWING,false,Page comparison 2026-07-15..2026-08-11 versus 2026-06-17..2026-07-14: 0/14 clicks/impressions versus 0/0.,HIGH_FOR_EXPORTED_PERIOD; NOT_CURRENT_AFTER_2026-08-11
https://echobuddha.com/articles/walking-meditation-step-by-step/,ARTICLE,0,0,0,NEW_OR_ZERO_BASELINE,1,2,-1,-50%,6,44,INSUFFICIENT_DATA,false,Page comparison 2026-07-15..2026-08-11 versus 2026-06-17..2026-07-14: 0/1 clicks/impressions versus 0/2.,HIGH_FOR_EXPORTED_PERIOD; NOT_CURRENT_AFTER_2026-08-11
https://echobuddha.com/articles/what-is-buddhism-beginner-guide/,ARTICLE,0,0,0,NEW_OR_ZERO_BASELINE,6,6,0,0%,19.17,29.5,STABLE,false,Page comparison 2026-07-15..2026-08-11 versus 2026-06-17..2026-07-14: 0/6 clicks/impressions versus 0/6.,HIGH_FOR_EXPORTED_PERIOD; NOT_CURRENT_AFTER_2026-08-11
https://echobuddha.com/articles/what-is-karma-in-buddhism/,ARTICLE,0,0,0,NEW_OR_ZERO_BASELINE,0,9,-9,-100%,0,70.11,INSUFFICIENT_DATA,false,Page comparison 2026-07-15..2026-08-11 versus 2026-06-17..2026-07-14: 0/0 clicks/impressions versus 0/9.,HIGH_FOR_EXPORTED_PERIOD; NOT_CURRENT_AFTER_2026-08-11
https://echobuddha.com/articles/what-is-sangha-buddhist-community/,ARTICLE,0,0,0,NEW_OR_ZERO_BASELINE,69,4,65,1625%,81.51,61,STRONGLY_GROWING,true,Page comparison 2026-07-15..2026-08-11 versus 2026-06-17..2026-07-14: 0/69 clicks/impressions versus 0/4.,HIGH_FOR_EXPORTED_PERIOD; NOT_CURRENT_AFTER_2026-08-11
https://echobuddha.com/authors/echo-buddha-editorial/,AUTHOR,NOT_AVAILABLE,NOT_AVAILABLE,NOT_AVAILABLE,NOT_AVAILABLE,NOT_AVAILABLE,NOT_AVAILABLE,NOT_AVAILABLE,NOT_AVAILABLE,NOT_AVAILABLE,NOT_AVAILABLE,INSUFFICIENT_DATA,false,No row in the preserved page-level 28-day comparison export.,LOW
https://echobuddha.com/buddhist-sources-and-citations/,SOURCE_POLICY,0,0,0,NEW_OR_ZERO_BASELINE,1,0,1,NEW_OR_ZERO_BASELINE,36,0,INSUFFICIENT_DATA,false,Page comparison 2026-07-15..2026-08-11 versus 2026-06-17..2026-07-14: 0/1 clicks/impressions versus 0/0.,HIGH_FOR_EXPORTED_PERIOD; NOT_CURRENT_AFTER_2026-08-11
https://echobuddha.com/contact/,CONTACT,0,0,0,NEW_OR_ZERO_BASELINE,3,2,1,50%,8,5.5,INSUFFICIENT_DATA,false,Page comparison 2026-07-15..2026-08-11 versus 2026-06-17..2026-07-14: 0/3 clicks/impressions versus 0/2.,HIGH_FOR_EXPORTED_PERIOD; NOT_CURRENT_AFTER_2026-08-11
https://echobuddha.com/corrections/,CORRECTIONS,0,0,0,NEW_OR_ZERO_BASELINE,1,0,1,NEW_OR_ZERO_BASELINE,8,0,INSUFFICIENT_DATA,false,Page comparison 2026-07-15..2026-08-11 versus 2026-06-17..2026-07-14: 0/1 clicks/impressions versus 0/0.,HIGH_FOR_EXPORTED_PERIOD; NOT_CURRENT_AFTER_2026-08-11
https://echobuddha.com/daily-reflections/anger-as-a-signal/,REFLECTION,0,0,0,NEW_OR_ZERO_BASELINE,1,0,1,NEW_OR_ZERO_BASELINE,30,0,INSUFFICIENT_DATA,false,Page comparison 2026-07-15..2026-08-11 versus 2026-06-17..2026-07-14: 0/1 clicks/impressions versus 0/0.,HIGH_FOR_EXPORTED_PERIOD; NOT_CURRENT_AFTER_2026-08-11
https://echobuddha.com/daily-reflections/begin-again-without-shame/,REFLECTION,0,0,0,NEW_OR_ZERO_BASELINE,2,1,1,100%,40.5,3,INSUFFICIENT_DATA,false,Page comparison 2026-07-15..2026-08-11 versus 2026-06-17..2026-07-14: 0/2 clicks/impressions versus 0/1.,HIGH_FOR_EXPORTED_PERIOD; NOT_CURRENT_AFTER_2026-08-11
https://echobuddha.com/daily-reflections/compassion-begins-nearby/,REFLECTION,NOT_AVAILABLE,NOT_AVAILABLE,NOT_AVAILABLE,NOT_AVAILABLE,NOT_AVAILABLE,NOT_AVAILABLE,NOT_AVAILABLE,NOT_AVAILABLE,NOT_AVAILABLE,NOT_AVAILABLE,INSUFFICIENT_DATA,false,No row in the preserved page-level 28-day comparison export.,LOW
https://echobuddha.com/daily-reflections/enough-for-this-moment/,REFLECTION,NOT_AVAILABLE,NOT_AVAILABLE,NOT_AVAILABLE,NOT_AVAILABLE,NOT_AVAILABLE,NOT_AVAILABLE,NOT_AVAILABLE,NOT_AVAILABLE,NOT_AVAILABLE,NOT_AVAILABLE,INSUFFICIENT_DATA,false,No row in the preserved page-level 28-day comparison export.,LOW
https://echobuddha.com/daily-reflections/evening-release/,REFLECTION,NOT_AVAILABLE,NOT_AVAILABLE,NOT_AVAILABLE,NOT_AVAILABLE,NOT_AVAILABLE,NOT_AVAILABLE,NOT_AVAILABLE,NOT_AVAILABLE,NOT_AVAILABLE,NOT_AVAILABLE,INSUFFICIENT_DATA,false,No row in the preserved page-level 28-day comparison export.,LOW
https://echobuddha.com/daily-reflections/family-patience/,REFLECTION,0,0,0,NEW_OR_ZERO_BASELINE,0,1,-1,-100%,0,6,INSUFFICIENT_DATA,false,Page comparison 2026-07-15..2026-08-11 versus 2026-06-17..2026-07-14: 0/0 clicks/impressions versus 0/1.,HIGH_FOR_EXPORTED_PERIOD; NOT_CURRENT_AFTER_2026-08-11
https://echobuddha.com/daily-reflections/forgiveness-without-approval/,REFLECTION,NOT_AVAILABLE,NOT_AVAILABLE,NOT_AVAILABLE,NOT_AVAILABLE,NOT_AVAILABLE,NOT_AVAILABLE,NOT_AVAILABLE,NOT_AVAILABLE,NOT_AVAILABLE,NOT_AVAILABLE,INSUFFICIENT_DATA,false,No row in the preserved page-level 28-day comparison export.,LOW
https://echobuddha.com/daily-reflections/gratitude-for-change/,REFLECTION,0,0,0,NEW_OR_ZERO_BASELINE,1,1,0,0%,26,9,INSUFFICIENT_DATA,false,Page comparison 2026-07-15..2026-08-11 versus 2026-06-17..2026-07-14: 0/1 clicks/impressions versus 0/1.,HIGH_FOR_EXPORTED_PERIOD; NOT_CURRENT_AFTER_2026-08-11
https://echobuddha.com/daily-reflections/gratitude-notices-enough/,REFLECTION,NOT_AVAILABLE,NOT_AVAILABLE,NOT_AVAILABLE,NOT_AVAILABLE,NOT_AVAILABLE,NOT_AVAILABLE,NOT_AVAILABLE,NOT_AVAILABLE,NOT_AVAILABLE,NOT_AVAILABLE,INSUFFICIENT_DATA,false,No row in the preserved page-level 28-day comparison export.,LOW
https://echobuddha.com/daily-reflections/impermanence-softens-clinging/,REFLECTION,0,0,0,NEW_OR_ZERO_BASELINE,1,0,1,NEW_OR_ZERO_BASELINE,24,0,INSUFFICIENT_DATA,false,Page comparison 2026-07-15..2026-08-11 versus 2026-06-17..2026-07-14: 0/1 clicks/impressions versus 0/0.,HIGH_FOR_EXPORTED_PERIOD; NOT_CURRENT_AFTER_2026-08-11
https://echobuddha.com/daily-reflections/,DAILY_REFLECTION_HUB,NOT_AVAILABLE,NOT_AVAILABLE,NOT_AVAILABLE,NOT_AVAILABLE,NOT_AVAILABLE,NOT_AVAILABLE,NOT_AVAILABLE,NOT_AVAILABLE,NOT_AVAILABLE,NOT_AVAILABLE,INSUFFICIENT_DATA,false,No row in the preserved page-level 28-day comparison export.,LOW
https://echobuddha.com/daily-reflections/kindness-with-boundaries/,REFLECTION,NOT_AVAILABLE,NOT_AVAILABLE,NOT_AVAILABLE,NOT_AVAILABLE,NOT_AVAILABLE,NOT_AVAILABLE,NOT_AVAILABLE,NOT_AVAILABLE,NOT_AVAILABLE,NOT_AVAILABLE,INSUFFICIENT_DATA,false,No row in the preserved page-level 28-day comparison export.,LOW
https://echobuddha.com/daily-reflections/let-the-feeling-pass/,REFLECTION,NOT_AVAILABLE,NOT_AVAILABLE,NOT_AVAILABLE,NOT_AVAILABLE,NOT_AVAILABLE,NOT_AVAILABLE,NOT_AVAILABLE,NOT_AVAILABLE,NOT_AVAILABLE,NOT_AVAILABLE,INSUFFICIENT_DATA,false,No row in the preserved page-level 28-day comparison export.,LOW
https://echobuddha.com/daily-reflections/letting-go-keeps-care/,REFLECTION,NOT_AVAILABLE,NOT_AVAILABLE,NOT_AVAILABLE,NOT_AVAILABLE,NOT_AVAILABLE,NOT_AVAILABLE,NOT_AVAILABLE,NOT_AVAILABLE,NOT_AVAILABLE,NOT_AVAILABLE,INSUFFICIENT_DATA,false,No row in the preserved page-level 28-day comparison export.,LOW
https://echobuddha.com/daily-reflections/listen-before-answering/,REFLECTION,NOT_AVAILABLE,NOT_AVAILABLE,NOT_AVAILABLE,NOT_AVAILABLE,NOT_AVAILABLE,NOT_AVAILABLE,NOT_AVAILABLE,NOT_AVAILABLE,NOT_AVAILABLE,NOT_AVAILABLE,INSUFFICIENT_DATA,false,No row in the preserved page-level 28-day comparison export.,LOW
https://echobuddha.com/daily-reflections/metta-for-a-difficult-person/,REFLECTION,0,0,0,NEW_OR_ZERO_BASELINE,0,1,-1,-100%,0,7,INSUFFICIENT_DATA,false,Page comparison 2026-07-15..2026-08-11 versus 2026-06-17..2026-07-14: 0/0 clicks/impressions versus 0/1.,HIGH_FOR_EXPORTED_PERIOD; NOT_CURRENT_AFTER_2026-08-11
https://echobuddha.com/daily-reflections/mindful-work/,REFLECTION,NOT_AVAILABLE,NOT_AVAILABLE,NOT_AVAILABLE,NOT_AVAILABLE,NOT_AVAILABLE,NOT_AVAILABLE,NOT_AVAILABLE,NOT_AVAILABLE,NOT_AVAILABLE,NOT_AVAILABLE,INSUFFICIENT_DATA,false,No row in the preserved page-level 28-day comparison export.,LOW
https://echobuddha.com/daily-reflections/morning-intention/,REFLECTION,NOT_AVAILABLE,NOT_AVAILABLE,NOT_AVAILABLE,NOT_AVAILABLE,NOT_AVAILABLE,NOT_AVAILABLE,NOT_AVAILABLE,NOT_AVAILABLE,NOT_AVAILABLE,NOT_AVAILABLE,INSUFFICIENT_DATA,false,No row in the preserved page-level 28-day comparison export.,LOW
https://echobuddha.com/daily-reflections/notice-before-fixing/,REFLECTION,NOT_AVAILABLE,NOT_AVAILABLE,NOT_AVAILABLE,NOT_AVAILABLE,NOT_AVAILABLE,NOT_AVAILABLE,NOT_AVAILABLE,NOT_AVAILABLE,NOT_AVAILABLE,NOT_AVAILABLE,INSUFFICIENT_DATA,false,No row in the preserved page-level 28-day comparison export.,LOW
https://echobuddha.com/daily-reflections/one-honest-breath/,REFLECTION,NOT_AVAILABLE,NOT_AVAILABLE,NOT_AVAILABLE,NOT_AVAILABLE,NOT_AVAILABLE,NOT_AVAILABLE,NOT_AVAILABLE,NOT_AVAILABLE,NOT_AVAILABLE,NOT_AVAILABLE,INSUFFICIENT_DATA,false,No row in the preserved page-level 28-day comparison export.,LOW
https://echobuddha.com/daily-reflections/one-step-on-the-path/,REFLECTION,NOT_AVAILABLE,NOT_AVAILABLE,NOT_AVAILABLE,NOT_AVAILABLE,NOT_AVAILABLE,NOT_AVAILABLE,NOT_AVAILABLE,NOT_AVAILABLE,NOT_AVAILABLE,NOT_AVAILABLE,INSUFFICIENT_DATA,false,No row in the preserved page-level 28-day comparison export.,LOW
https://echobuddha.com/daily-reflections/patience-before-anger-speaks/,REFLECTION,0,0,0,NEW_OR_ZERO_BASELINE,5,0,5,NEW_OR_ZERO_BASELINE,43.6,0,INSUFFICIENT_DATA,false,Page comparison 2026-07-15..2026-08-11 versus 2026-06-17..2026-07-14: 0/5 clicks/impressions versus 0/0.,HIGH_FOR_EXPORTED_PERIOD; NOT_CURRENT_AFTER_2026-08-11
https://echobuddha.com/daily-reflections/rest-without-escape/,REFLECTION,0,0,0,NEW_OR_ZERO_BASELINE,1,0,1,NEW_OR_ZERO_BASELINE,25,0,INSUFFICIENT_DATA,false,Page comparison 2026-07-15..2026-08-11 versus 2026-06-17..2026-07-14: 0/1 clicks/impressions versus 0/0.,HIGH_FOR_EXPORTED_PERIOD; NOT_CURRENT_AFTER_2026-08-11
https://echobuddha.com/daily-reflections/see-the-conditions/,REFLECTION,NOT_AVAILABLE,NOT_AVAILABLE,NOT_AVAILABLE,NOT_AVAILABLE,NOT_AVAILABLE,NOT_AVAILABLE,NOT_AVAILABLE,NOT_AVAILABLE,NOT_AVAILABLE,NOT_AVAILABLE,INSUFFICIENT_DATA,false,No row in the preserved page-level 28-day comparison export.,LOW
https://echobuddha.com/daily-reflections/simple-goodwill/,REFLECTION,NOT_AVAILABLE,NOT_AVAILABLE,NOT_AVAILABLE,NOT_AVAILABLE,NOT_AVAILABLE,NOT_AVAILABLE,NOT_AVAILABLE,NOT_AVAILABLE,NOT_AVAILABLE,NOT_AVAILABLE,INSUFFICIENT_DATA,false,No row in the preserved page-level 28-day comparison export.,LOW
https://echobuddha.com/daily-reflections/small-actions-shape-the-mind/,REFLECTION,0,0,0,NEW_OR_ZERO_BASELINE,1,0,1,NEW_OR_ZERO_BASELINE,33,0,INSUFFICIENT_DATA,false,Page comparison 2026-07-15..2026-08-11 versus 2026-06-17..2026-07-14: 0/1 clicks/impressions versus 0/0.,HIGH_FOR_EXPORTED_PERIOD; NOT_CURRENT_AFTER_2026-08-11
https://echobuddha.com/daily-reflections/soften-the-inner-argument/,REFLECTION,NOT_AVAILABLE,NOT_AVAILABLE,NOT_AVAILABLE,NOT_AVAILABLE,NOT_AVAILABLE,NOT_AVAILABLE,NOT_AVAILABLE,NOT_AVAILABLE,NOT_AVAILABLE,NOT_AVAILABLE,INSUFFICIENT_DATA,false,No row in the preserved page-level 28-day comparison export.,LOW
https://echobuddha.com/daily-reflections/speech-can-reduce-suffering/,REFLECTION,NOT_AVAILABLE,NOT_AVAILABLE,NOT_AVAILABLE,NOT_AVAILABLE,NOT_AVAILABLE,NOT_AVAILABLE,NOT_AVAILABLE,NOT_AVAILABLE,NOT_AVAILABLE,NOT_AVAILABLE,INSUFFICIENT_DATA,false,No row in the preserved page-level 28-day comparison export.,LOW
https://echobuddha.com/daily-reflections/the-first-truth-is-kind/,REFLECTION,NOT_AVAILABLE,NOT_AVAILABLE,NOT_AVAILABLE,NOT_AVAILABLE,NOT_AVAILABLE,NOT_AVAILABLE,NOT_AVAILABLE,NOT_AVAILABLE,NOT_AVAILABLE,NOT_AVAILABLE,INSUFFICIENT_DATA,false,No row in the preserved page-level 28-day comparison export.,LOW
https://echobuddha.com/daily-reflections/thoughts-are-visitors/,REFLECTION,0,0,0,NEW_OR_ZERO_BASELINE,5,0,5,NEW_OR_ZERO_BASELINE,4,0,INSUFFICIENT_DATA,false,Page comparison 2026-07-15..2026-08-11 versus 2026-06-17..2026-07-14: 0/5 clicks/impressions versus 0/0.,HIGH_FOR_EXPORTED_PERIOD; NOT_CURRENT_AFTER_2026-08-11
https://echobuddha.com/daily-reflections/today/,REFLECTION,0,0,0,NEW_OR_ZERO_BASELINE,9,0,9,NEW_OR_ZERO_BASELINE,18.11,0,INSUFFICIENT_DATA,false,Page comparison 2026-07-15..2026-08-11 versus 2026-06-17..2026-07-14: 0/9 clicks/impressions versus 0/0.,HIGH_FOR_EXPORTED_PERIOD; NOT_CURRENT_AFTER_2026-08-11
https://echobuddha.com/daily-reflections/walking-as-practice/,REFLECTION,0,0,0,NEW_OR_ZERO_BASELINE,1,1,0,0%,27,8,INSUFFICIENT_DATA,false,Page comparison 2026-07-15..2026-08-11 versus 2026-06-17..2026-07-14: 0/1 clicks/impressions versus 0/1.,HIGH_FOR_EXPORTED_PERIOD; NOT_CURRENT_AFTER_2026-08-11
https://echobuddha.com/disclaimer/,DISCLAIMER,0,0,0,NEW_OR_ZERO_BASELINE,2,1,1,100%,9,4,INSUFFICIENT_DATA,false,Page comparison 2026-07-15..2026-08-11 versus 2026-06-17..2026-07-14: 0/2 clicks/impressions versus 0/1.,HIGH_FOR_EXPORTED_PERIOD; NOT_CURRENT_AFTER_2026-08-11
https://echobuddha.com/editorial-policy/,EDITORIAL_POLICY,0,0,0,NEW_OR_ZERO_BASELINE,4,0,4,NEW_OR_ZERO_BASELINE,11.75,0,INSUFFICIENT_DATA,false,Page comparison 2026-07-15..2026-08-11 versus 2026-06-17..2026-07-14: 0/4 clicks/impressions versus 0/0.,HIGH_FOR_EXPORTED_PERIOD; NOT_CURRENT_AFTER_2026-08-11
https://echobuddha.com/how-echo-buddha-creates-content/,EDITORIAL_POLICY,0,0,0,NEW_OR_ZERO_BASELINE,1,0,1,NEW_OR_ZERO_BASELINE,48,0,INSUFFICIENT_DATA,false,Page comparison 2026-07-15..2026-08-11 versus 2026-06-17..2026-07-14: 0/1 clicks/impressions versus 0/0.,HIGH_FOR_EXPORTED_PERIOD; NOT_CURRENT_AFTER_2026-08-11
https://echobuddha.com/,HOME,0,0,0,NEW_OR_ZERO_BASELINE,0,5,-5,-100%,0,2.8,INSUFFICIENT_DATA,false,Page comparison 2026-07-15..2026-08-11 versus 2026-06-17..2026-07-14: 0/0 clicks/impressions versus 0/5.,HIGH_FOR_EXPORTED_PERIOD; NOT_CURRENT_AFTER_2026-08-11
https://echobuddha.com/learn/buddhism-101/a-simple-daily-buddhist-practice/,BUDDHISM_101,0,0,0,NEW_OR_ZERO_BASELINE,0,1,-1,-100%,0,4,INSUFFICIENT_DATA,false,Page comparison 2026-07-15..2026-08-11 versus 2026-06-17..2026-07-14: 0/0 clicks/impressions versus 0/1.,HIGH_FOR_EXPORTED_PERIOD; NOT_CURRENT_AFTER_2026-08-11
https://echobuddha.com/learn/buddhism-101/dependent-origination-explained/,BUDDHISM_101,0,0,0,NEW_OR_ZERO_BASELINE,0,4,-4,-100%,0,13,INSUFFICIENT_DATA,false,Page comparison 2026-07-15..2026-08-11 versus 2026-06-17..2026-07-14: 0/0 clicks/impressions versus 0/4.,HIGH_FOR_EXPORTED_PERIOD; NOT_CURRENT_AFTER_2026-08-11
https://echobuddha.com/learn/buddhism-101/five-aggregates-buddhism/,BUDDHISM_101,0,0,0,NEW_OR_ZERO_BASELINE,0,9,-9,-100%,0,55.89,INSUFFICIENT_DATA,false,Page comparison 2026-07-15..2026-08-11 versus 2026-06-17..2026-07-14: 0/0 clicks/impressions versus 0/9.,HIGH_FOR_EXPORTED_PERIOD; NOT_CURRENT_AFTER_2026-08-11
https://echobuddha.com/learn/buddhism-101/five-hindrances-in-buddhism/,BUDDHISM_101,0,0,0,NEW_OR_ZERO_BASELINE,3,0,3,NEW_OR_ZERO_BASELINE,55.33,0,INSUFFICIENT_DATA,false,Page comparison 2026-07-15..2026-08-11 versus 2026-06-17..2026-07-14: 0/3 clicks/impressions versus 0/0.,HIGH_FOR_EXPORTED_PERIOD; NOT_CURRENT_AFTER_2026-08-11
https://echobuddha.com/learn/buddhism-101/five-precepts-buddhism/,BUDDHISM_101,0,0,0,NEW_OR_ZERO_BASELINE,0,5,-5,-100%,0,61,INSUFFICIENT_DATA,false,Page comparison 2026-07-15..2026-08-11 versus 2026-06-17..2026-07-14: 0/0 clicks/impressions versus 0/5.,HIGH_FOR_EXPORTED_PERIOD; NOT_CURRENT_AFTER_2026-08-11
https://echobuddha.com/learn/buddhism-101/four-brahmaviharas/,BUDDHISM_101,0,0,0,NEW_OR_ZERO_BASELINE,11,0,11,NEW_OR_ZERO_BASELINE,60.64,0,GROWING,false,Page comparison 2026-07-15..2026-08-11 versus 2026-06-17..2026-07-14: 0/11 clicks/impressions versus 0/0.,HIGH_FOR_EXPORTED_PERIOD; NOT_CURRENT_AFTER_2026-08-11
https://echobuddha.com/learn/buddhism-101/how-to-practice-buddhism-at-home/,BUDDHISM_101,0,0,0,NEW_OR_ZERO_BASELINE,5,4,1,25%,17,4,INSUFFICIENT_DATA,false,Page comparison 2026-07-15..2026-08-11 versus 2026-06-17..2026-07-14: 0/5 clicks/impressions versus 0/4.,HIGH_FOR_EXPORTED_PERIOD; NOT_CURRENT_AFTER_2026-08-11
https://echobuddha.com/learn/buddhism-101/,BUDDHISM_101,0,0,0,NEW_OR_ZERO_BASELINE,0,1,-1,-100%,0,1,INSUFFICIENT_DATA,false,Page comparison 2026-07-15..2026-08-11 versus 2026-06-17..2026-07-14: 0/0 clicks/impressions versus 0/1.,HIGH_FOR_EXPORTED_PERIOD; NOT_CURRENT_AFTER_2026-08-11
https://echobuddha.com/learn/buddhism-101/middle-way-explained-for-beginners/,BUDDHISM_101,0,0,0,NEW_OR_ZERO_BASELINE,15,0,15,NEW_OR_ZERO_BASELINE,51.33,0,GROWING,false,Page comparison 2026-07-15..2026-08-11 versus 2026-06-17..2026-07-14: 0/15 clicks/impressions versus 0/0.,HIGH_FOR_EXPORTED_PERIOD; NOT_CURRENT_AFTER_2026-08-11
https://echobuddha.com/learn/buddhism-101/right-livelihood-buddhism/,BUDDHISM_101,0,0,0,NEW_OR_ZERO_BASELINE,3,2,1,50%,6.67,48.5,INSUFFICIENT_DATA,false,Page comparison 2026-07-15..2026-08-11 versus 2026-06-17..2026-07-14: 0/3 clicks/impressions versus 0/2.,HIGH_FOR_EXPORTED_PERIOD; NOT_CURRENT_AFTER_2026-08-11
https://echobuddha.com/learn/buddhism-101/the-four-noble-truths-explained/,BUDDHISM_101,0,0,0,NEW_OR_ZERO_BASELINE,0,3,-3,-100%,0,6,INSUFFICIENT_DATA,false,Page comparison 2026-07-15..2026-08-11 versus 2026-06-17..2026-07-14: 0/0 clicks/impressions versus 0/3.,HIGH_FOR_EXPORTED_PERIOD; NOT_CURRENT_AFTER_2026-08-11
https://echobuddha.com/learn/buddhism-101/the-noble-eightfold-path-explained/,BUDDHISM_101,0,0,0,NEW_OR_ZERO_BASELINE,0,1,-1,-100%,0,7,INSUFFICIENT_DATA,false,Page comparison 2026-07-15..2026-08-11 versus 2026-06-17..2026-07-14: 0/0 clicks/impressions versus 0/1.,HIGH_FOR_EXPORTED_PERIOD; NOT_CURRENT_AFTER_2026-08-11
https://echobuddha.com/learn/buddhism-101/the-three-jewels-explained/,BUDDHISM_101,0,0,0,NEW_OR_ZERO_BASELINE,0,2,-2,-100%,0,6.5,INSUFFICIENT_DATA,false,Page comparison 2026-07-15..2026-08-11 versus 2026-06-17..2026-07-14: 0/0 clicks/impressions versus 0/2.,HIGH_FOR_EXPORTED_PERIOD; NOT_CURRENT_AFTER_2026-08-11
https://echobuddha.com/learn/buddhism-101/three-marks-of-existence/,BUDDHISM_101,0,0,0,NEW_OR_ZERO_BASELINE,1,3,-2,-66.67%,35,86.67,INSUFFICIENT_DATA,false,Page comparison 2026-07-15..2026-08-11 versus 2026-06-17..2026-07-14: 0/1 clicks/impressions versus 0/3.,HIGH_FOR_EXPORTED_PERIOD; NOT_CURRENT_AFTER_2026-08-11
https://echobuddha.com/learn/buddhism-101/threefold-training-sila-samadhi-panna/,BUDDHISM_101,0,0,0,NEW_OR_ZERO_BASELINE,21,0,21,NEW_OR_ZERO_BASELINE,7.14,0,GROWING,false,Page comparison 2026-07-15..2026-08-11 versus 2026-06-17..2026-07-14: 0/21 clicks/impressions versus 0/0.,HIGH_FOR_EXPORTED_PERIOD; NOT_CURRENT_AFTER_2026-08-11
https://echobuddha.com/learn/buddhism-101/what-is-buddhism/,BUDDHISM_101,0,0,0,NEW_OR_ZERO_BASELINE,1,1,0,0%,50,1,INSUFFICIENT_DATA,false,Page comparison 2026-07-15..2026-08-11 versus 2026-06-17..2026-07-14: 0/1 clicks/impressions versus 0/1.,HIGH_FOR_EXPORTED_PERIOD; NOT_CURRENT_AFTER_2026-08-11
https://echobuddha.com/learn/buddhism-101/what-is-impermanence/,BUDDHISM_101,0,0,0,NEW_OR_ZERO_BASELINE,0,2,-2,-100%,0,7.5,INSUFFICIENT_DATA,false,Page comparison 2026-07-15..2026-08-11 versus 2026-06-17..2026-07-14: 0/0 clicks/impressions versus 0/2.,HIGH_FOR_EXPORTED_PERIOD; NOT_CURRENT_AFTER_2026-08-11
https://echobuddha.com/learn/buddhism-101/what-is-karma-in-buddhism/,BUDDHISM_101,0,0,0,NEW_OR_ZERO_BASELINE,0,1,-1,-100%,0,6,INSUFFICIENT_DATA,false,Page comparison 2026-07-15..2026-08-11 versus 2026-06-17..2026-07-14: 0/0 clicks/impressions versus 0/1.,HIGH_FOR_EXPORTED_PERIOD; NOT_CURRENT_AFTER_2026-08-11
https://echobuddha.com/learn/buddhism-101/what-is-mindfulness/,BUDDHISM_101,0,0,0,NEW_OR_ZERO_BASELINE,3,1,2,200%,29,9,INSUFFICIENT_DATA,false,Page comparison 2026-07-15..2026-08-11 versus 2026-06-17..2026-07-14: 0/3 clicks/impressions versus 0/1.,HIGH_FOR_EXPORTED_PERIOD; NOT_CURRENT_AFTER_2026-08-11
https://echobuddha.com/learn/buddhism-101/who-was-the-buddha/,BUDDHISM_101,NOT_AVAILABLE,NOT_AVAILABLE,NOT_AVAILABLE,NOT_AVAILABLE,NOT_AVAILABLE,NOT_AVAILABLE,NOT_AVAILABLE,NOT_AVAILABLE,NOT_AVAILABLE,NOT_AVAILABLE,INSUFFICIENT_DATA,false,No row in the preserved page-level 28-day comparison export.,LOW
https://echobuddha.com/learn/buddhism-for-beginners/,LEARN_GUIDE,0,0,0,NEW_OR_ZERO_BASELINE,107,0,107,NEW_OR_ZERO_BASELINE,44.42,0,STRONGLY_GROWING,true,Page comparison 2026-07-15..2026-08-11 versus 2026-06-17..2026-07-14: 0/107 clicks/impressions versus 0/0.,HIGH_FOR_EXPORTED_PERIOD; NOT_CURRENT_AFTER_2026-08-11
https://echobuddha.com/learn/buddhist-dictionary/anatta/,DICTIONARY_ENTRY,0,0,0,NEW_OR_ZERO_BASELINE,0,2,-2,-100%,0,71,INSUFFICIENT_DATA,false,Page comparison 2026-07-15..2026-08-11 versus 2026-06-17..2026-07-14: 0/0 clicks/impressions versus 0/2.,HIGH_FOR_EXPORTED_PERIOD; NOT_CURRENT_AFTER_2026-08-11
https://echobuddha.com/learn/buddhist-dictionary/anicca/,DICTIONARY_ENTRY,NOT_AVAILABLE,NOT_AVAILABLE,NOT_AVAILABLE,NOT_AVAILABLE,NOT_AVAILABLE,NOT_AVAILABLE,NOT_AVAILABLE,NOT_AVAILABLE,NOT_AVAILABLE,NOT_AVAILABLE,INSUFFICIENT_DATA,false,No row in the preserved page-level 28-day comparison export.,LOW
https://echobuddha.com/learn/buddhist-dictionary/compassion/,DICTIONARY_ENTRY,0,0,0,NEW_OR_ZERO_BASELINE,0,1,-1,-100%,0,77,INSUFFICIENT_DATA,false,Page comparison 2026-07-15..2026-08-11 versus 2026-06-17..2026-07-14: 0/0 clicks/impressions versus 0/1.,HIGH_FOR_EXPORTED_PERIOD; NOT_CURRENT_AFTER_2026-08-11
https://echobuddha.com/learn/buddhist-dictionary/dhamma/,DICTIONARY_ENTRY,0,0,0,NEW_OR_ZERO_BASELINE,67,41,26,63.41%,49.16,65.41,GROWING,true,Page comparison 2026-07-15..2026-08-11 versus 2026-06-17..2026-07-14: 0/67 clicks/impressions versus 0/41.,HIGH_FOR_EXPORTED_PERIOD; NOT_CURRENT_AFTER_2026-08-11
https://echobuddha.com/learn/buddhist-dictionary/dukkha/,DICTIONARY_ENTRY,0,0,0,NEW_OR_ZERO_BASELINE,0,6,-6,-100%,0,60.83,INSUFFICIENT_DATA,false,Page comparison 2026-07-15..2026-08-11 versus 2026-06-17..2026-07-14: 0/0 clicks/impressions versus 0/6.,HIGH_FOR_EXPORTED_PERIOD; NOT_CURRENT_AFTER_2026-08-11
https://echobuddha.com/learn/buddhist-dictionary/,DICTIONARY_HUB,0,0,0,NEW_OR_ZERO_BASELINE,0,9,-9,-100%,0,80.11,INSUFFICIENT_DATA,false,Page comparison 2026-07-15..2026-08-11 versus 2026-06-17..2026-07-14: 0/0 clicks/impressions versus 0/9.,HIGH_FOR_EXPORTED_PERIOD; NOT_CURRENT_AFTER_2026-08-11
https://echobuddha.com/learn/buddhist-dictionary/karma/,DICTIONARY_ENTRY,NOT_AVAILABLE,NOT_AVAILABLE,NOT_AVAILABLE,NOT_AVAILABLE,NOT_AVAILABLE,NOT_AVAILABLE,NOT_AVAILABLE,NOT_AVAILABLE,NOT_AVAILABLE,NOT_AVAILABLE,INSUFFICIENT_DATA,false,No row in the preserved page-level 28-day comparison export.,LOW
https://echobuddha.com/learn/buddhist-dictionary/karuna/,DICTIONARY_ENTRY,NOT_AVAILABLE,NOT_AVAILABLE,NOT_AVAILABLE,NOT_AVAILABLE,NOT_AVAILABLE,NOT_AVAILABLE,NOT_AVAILABLE,NOT_AVAILABLE,NOT_AVAILABLE,NOT_AVAILABLE,INSUFFICIENT_DATA,false,No row in the preserved page-level 28-day comparison export.,LOW
https://echobuddha.com/learn/buddhist-dictionary/metta/,DICTIONARY_ENTRY,0,0,0,NEW_OR_ZERO_BASELINE,9,0,9,NEW_OR_ZERO_BASELINE,76.33,0,INSUFFICIENT_DATA,false,Page comparison 2026-07-15..2026-08-11 versus 2026-06-17..2026-07-14: 0/9 clicks/impressions versus 0/0.,HIGH_FOR_EXPORTED_PERIOD; NOT_CURRENT_AFTER_2026-08-11
https://echobuddha.com/learn/buddhist-dictionary/mindfulness/,DICTIONARY_ENTRY,0,0,0,NEW_OR_ZERO_BASELINE,0,2,-2,-100%,0,32,INSUFFICIENT_DATA,false,Page comparison 2026-07-15..2026-08-11 versus 2026-06-17..2026-07-14: 0/0 clicks/impressions versus 0/2.,HIGH_FOR_EXPORTED_PERIOD; NOT_CURRENT_AFTER_2026-08-11
https://echobuddha.com/learn/buddhist-dictionary/nirvana/,DICTIONARY_ENTRY,0,0,0,NEW_OR_ZERO_BASELINE,0,4,-4,-100%,0,69.5,INSUFFICIENT_DATA,false,Page comparison 2026-07-15..2026-08-11 versus 2026-06-17..2026-07-14: 0/0 clicks/impressions versus 0/4.,HIGH_FOR_EXPORTED_PERIOD; NOT_CURRENT_AFTER_2026-08-11
https://echobuddha.com/learn/buddhist-dictionary/pali-canon/,DICTIONARY_ENTRY,0,0,0,NEW_OR_ZERO_BASELINE,11,0,11,NEW_OR_ZERO_BASELINE,54.91,0,GROWING,false,Page comparison 2026-07-15..2026-08-11 versus 2026-06-17..2026-07-14: 0/11 clicks/impressions versus 0/0.,HIGH_FOR_EXPORTED_PERIOD; NOT_CURRENT_AFTER_2026-08-11
https://echobuddha.com/learn/buddhist-dictionary/sangha/,DICTIONARY_ENTRY,0,0,0,NEW_OR_ZERO_BASELINE,0,3,-3,-100%,0,82,INSUFFICIENT_DATA,false,Page comparison 2026-07-15..2026-08-11 versus 2026-06-17..2026-07-14: 0/0 clicks/impressions versus 0/3.,HIGH_FOR_EXPORTED_PERIOD; NOT_CURRENT_AFTER_2026-08-11
https://echobuddha.com/learn/buddhist-dictionary/sati/,DICTIONARY_ENTRY,0,1,-1,-100%,0,1,-1,-100%,0,94,DECLINING,false,Page comparison 2026-07-15..2026-08-11 versus 2026-06-17..2026-07-14: 0/0 clicks/impressions versus 1/1.,HIGH_FOR_EXPORTED_PERIOD; NOT_CURRENT_AFTER_2026-08-11
https://echobuddha.com/learn/buddhist-dictionary/sutta/,DICTIONARY_ENTRY,0,0,0,NEW_OR_ZERO_BASELINE,21,0,21,NEW_OR_ZERO_BASELINE,19,0,GROWING,false,Page comparison 2026-07-15..2026-08-11 versus 2026-06-17..2026-07-14: 0/21 clicks/impressions versus 0/0.,HIGH_FOR_EXPORTED_PERIOD; NOT_CURRENT_AFTER_2026-08-11
https://echobuddha.com/learn/buddhist-resources/,LEARN_GUIDE,0,0,0,NEW_OR_ZERO_BASELINE,0,1,-1,-100%,0,79,INSUFFICIENT_DATA,false,Page comparison 2026-07-15..2026-08-11 versus 2026-06-17..2026-07-14: 0/0 clicks/impressions versus 0/1.,HIGH_FOR_EXPORTED_PERIOD; NOT_CURRENT_AFTER_2026-08-11
https://echobuddha.com/learn/dhammapada-reflections/avoid-evil-do-good-purify-the-mind/,LEARN_GUIDE,0,0,0,NEW_OR_ZERO_BASELINE,2,1,1,100%,6.5,4,INSUFFICIENT_DATA,false,Page comparison 2026-07-15..2026-08-11 versus 2026-06-17..2026-07-14: 0/2 clicks/impressions versus 0/1.,HIGH_FOR_EXPORTED_PERIOD; NOT_CURRENT_AFTER_2026-08-11
https://echobuddha.com/learn/dhammapada-reflections/better-than-a-thousand-empty-words/,LEARN_GUIDE,0,0,0,NEW_OR_ZERO_BASELINE,0,1,-1,-100%,0,7,INSUFFICIENT_DATA,false,Page comparison 2026-07-15..2026-08-11 versus 2026-06-17..2026-07-14: 0/0 clicks/impressions versus 0/1.,HIGH_FOR_EXPORTED_PERIOD; NOT_CURRENT_AFTER_2026-08-11
https://echobuddha.com/learn/dhammapada-reflections/hatred-is-not-ended-by-hatred/,LEARN_GUIDE,0,0,0,NEW_OR_ZERO_BASELINE,0,2,-2,-100%,0,7,INSUFFICIENT_DATA,false,Page comparison 2026-07-15..2026-08-11 versus 2026-06-17..2026-07-14: 0/0 clicks/impressions versus 0/2.,HIGH_FOR_EXPORTED_PERIOD; NOT_CURRENT_AFTER_2026-08-11
https://echobuddha.com/learn/dhammapada-reflections/,LEARN_GUIDE,0,0,0,NEW_OR_ZERO_BASELINE,1,1,0,0%,50,4,INSUFFICIENT_DATA,false,Page comparison 2026-07-15..2026-08-11 versus 2026-06-17..2026-07-14: 0/1 clicks/impressions versus 0/1.,HIGH_FOR_EXPORTED_PERIOD; NOT_CURRENT_AFTER_2026-08-11
https://echobuddha.com/learn/dhammapada-reflections/peace-comes-from-a-trained-mind/,LEARN_GUIDE,NOT_AVAILABLE,NOT_AVAILABLE,NOT_AVAILABLE,NOT_AVAILABLE,NOT_AVAILABLE,NOT_AVAILABLE,NOT_AVAILABLE,NOT_AVAILABLE,NOT_AVAILABLE,NOT_AVAILABLE,INSUFFICIENT_DATA,false,No row in the preserved page-level 28-day comparison export.,LOW
https://echobuddha.com/learn/dhammapada-reflections/the-mind-leads-all-things/,LEARN_GUIDE,NOT_AVAILABLE,NOT_AVAILABLE,NOT_AVAILABLE,NOT_AVAILABLE,NOT_AVAILABLE,NOT_AVAILABLE,NOT_AVAILABLE,NOT_AVAILABLE,NOT_AVAILABLE,NOT_AVAILABLE,INSUFFICIENT_DATA,false,No row in the preserved page-level 28-day comparison export.,LOW
https://echobuddha.com/learn/eightfold-path/,LEARN_GUIDE,0,0,0,NEW_OR_ZERO_BASELINE,14,0,14,NEW_OR_ZERO_BASELINE,17.64,0,GROWING,false,Page comparison 2026-07-15..2026-08-11 versus 2026-06-17..2026-07-14: 0/14 clicks/impressions versus 0/0.,HIGH_FOR_EXPORTED_PERIOD; NOT_CURRENT_AFTER_2026-08-11
https://echobuddha.com/learn/four-noble-truths/,LEARN_GUIDE,0,0,0,NEW_OR_ZERO_BASELINE,5,0,5,NEW_OR_ZERO_BASELINE,23.2,0,INSUFFICIENT_DATA,false,Page comparison 2026-07-15..2026-08-11 versus 2026-06-17..2026-07-14: 0/5 clicks/impressions versus 0/0.,HIGH_FOR_EXPORTED_PERIOD; NOT_CURRENT_AFTER_2026-08-11
https://echobuddha.com/learn/,LEARN_HUB,0,0,0,NEW_OR_ZERO_BASELINE,2,1,1,100%,6,1,INSUFFICIENT_DATA,false,Page comparison 2026-07-15..2026-08-11 versus 2026-06-17..2026-07-14: 0/2 clicks/impressions versus 0/1.,HIGH_FOR_EXPORTED_PERIOD; NOT_CURRENT_AFTER_2026-08-11
https://echobuddha.com/learn/questions-about-buddhism/,LEARN_GUIDE,0,0,0,NEW_OR_ZERO_BASELINE,1,2,-1,-50%,86,3,INSUFFICIENT_DATA,false,Page comparison 2026-07-15..2026-08-11 versus 2026-06-17..2026-07-14: 0/1 clicks/impressions versus 0/2.,HIGH_FOR_EXPORTED_PERIOD; NOT_CURRENT_AFTER_2026-08-11
https://echobuddha.com/learn/sutta-for-daily-life/buddhas-teaching-on-patience/,LEARN_GUIDE,0,0,0,NEW_OR_ZERO_BASELINE,2,3,-1,-33.33%,47,5,INSUFFICIENT_DATA,false,Page comparison 2026-07-15..2026-08-11 versus 2026-06-17..2026-07-14: 0/2 clicks/impressions versus 0/3.,HIGH_FOR_EXPORTED_PERIOD; NOT_CURRENT_AFTER_2026-08-11
https://echobuddha.com/learn/sutta-for-daily-life/dhammacakkappavattana-sutta-four-noble-truths/,LEARN_GUIDE,NOT_AVAILABLE,NOT_AVAILABLE,NOT_AVAILABLE,NOT_AVAILABLE,NOT_AVAILABLE,NOT_AVAILABLE,NOT_AVAILABLE,NOT_AVAILABLE,NOT_AVAILABLE,NOT_AVAILABLE,INSUFFICIENT_DATA,false,No row in the preserved page-level 28-day comparison export.,LOW
https://echobuddha.com/learn/sutta-for-daily-life/how-to-read-a-buddhist-sutta/,LEARN_GUIDE,NOT_AVAILABLE,NOT_AVAILABLE,NOT_AVAILABLE,NOT_AVAILABLE,NOT_AVAILABLE,NOT_AVAILABLE,NOT_AVAILABLE,NOT_AVAILABLE,NOT_AVAILABLE,NOT_AVAILABLE,INSUFFICIENT_DATA,false,No row in the preserved page-level 28-day comparison export.,LOW
https://echobuddha.com/learn/sutta-for-daily-life/,LEARN_GUIDE,NOT_AVAILABLE,NOT_AVAILABLE,NOT_AVAILABLE,NOT_AVAILABLE,NOT_AVAILABLE,NOT_AVAILABLE,NOT_AVAILABLE,NOT_AVAILABLE,NOT_AVAILABLE,NOT_AVAILABLE,INSUFFICIENT_DATA,false,No row in the preserved page-level 28-day comparison export.,LOW
https://echobuddha.com/learn/sutta-for-daily-life/kalama-sutta-and-wise-thinking/,LEARN_GUIDE,NOT_AVAILABLE,NOT_AVAILABLE,NOT_AVAILABLE,NOT_AVAILABLE,NOT_AVAILABLE,NOT_AVAILABLE,NOT_AVAILABLE,NOT_AVAILABLE,NOT_AVAILABLE,NOT_AVAILABLE,INSUFFICIENT_DATA,false,No row in the preserved page-level 28-day comparison export.,LOW
https://echobuddha.com/learn/sutta-for-daily-life/magga-vibhanga-sutta-eightfold-path/,LEARN_GUIDE,0,0,0,NEW_OR_ZERO_BASELINE,23,0,23,NEW_OR_ZERO_BASELINE,10.87,0,GROWING,false,Page comparison 2026-07-15..2026-08-11 versus 2026-06-17..2026-07-14: 0/23 clicks/impressions versus 0/0.,HIGH_FOR_EXPORTED_PERIOD; NOT_CURRENT_AFTER_2026-08-11
https://echobuddha.com/learn/sutta-for-daily-life/metta-sutta-explained-for-daily-life/,LEARN_GUIDE,1,0,1,NEW_OR_ZERO_BASELINE,2,0,2,NEW_OR_ZERO_BASELINE,4.5,0,GROWING,true,Page comparison 2026-07-15..2026-08-11 versus 2026-06-17..2026-07-14: 1/2 clicks/impressions versus 0/0.,HIGH_FOR_EXPORTED_PERIOD; NOT_CURRENT_AFTER_2026-08-11
https://echobuddha.com/learn/sutta-for-daily-life/mindfulness-of-breathing-explained-simply/,LEARN_GUIDE,NOT_AVAILABLE,NOT_AVAILABLE,NOT_AVAILABLE,NOT_AVAILABLE,NOT_AVAILABLE,NOT_AVAILABLE,NOT_AVAILABLE,NOT_AVAILABLE,NOT_AVAILABLE,NOT_AVAILABLE,INSUFFICIENT_DATA,false,No row in the preserved page-level 28-day comparison export.,LOW
https://echobuddha.com/learn/sutta-for-daily-life/right-speech-in-daily-life/,LEARN_GUIDE,NOT_AVAILABLE,NOT_AVAILABLE,NOT_AVAILABLE,NOT_AVAILABLE,NOT_AVAILABLE,NOT_AVAILABLE,NOT_AVAILABLE,NOT_AVAILABLE,NOT_AVAILABLE,NOT_AVAILABLE,INSUFFICIENT_DATA,false,No row in the preserved page-level 28-day comparison export.,LOW
https://echobuddha.com/meditation/10-minute-meditation-practice/,MEDITATION_GUIDE,0,0,0,NEW_OR_ZERO_BASELINE,1,0,1,NEW_OR_ZERO_BASELINE,44,0,INSUFFICIENT_DATA,false,Page comparison 2026-07-15..2026-08-11 versus 2026-06-17..2026-07-14: 0/1 clicks/impressions versus 0/0.,HIGH_FOR_EXPORTED_PERIOD; NOT_CURRENT_AFTER_2026-08-11
https://echobuddha.com/meditation/5-minute-meditation-practice/,MEDITATION_GUIDE,0,0,0,NEW_OR_ZERO_BASELINE,0,1,-1,-100%,0,25,INSUFFICIENT_DATA,false,Page comparison 2026-07-15..2026-08-11 versus 2026-06-17..2026-07-14: 0/0 clicks/impressions versus 0/1.,HIGH_FOR_EXPORTED_PERIOD; NOT_CURRENT_AFTER_2026-08-11
https://echobuddha.com/meditation/breathing-meditation/,MEDITATION_GUIDE,0,0,0,NEW_OR_ZERO_BASELINE,0,3,-3,-100%,0,6,INSUFFICIENT_DATA,false,Page comparison 2026-07-15..2026-08-11 versus 2026-06-17..2026-07-14: 0/0 clicks/impressions versus 0/3.,HIGH_FOR_EXPORTED_PERIOD; NOT_CURRENT_AFTER_2026-08-11
https://echobuddha.com/meditation/,MEDITATION_HUB,0,0,0,NEW_OR_ZERO_BASELINE,4,0,4,NEW_OR_ZERO_BASELINE,11,0,INSUFFICIENT_DATA,false,Page comparison 2026-07-15..2026-08-11 versus 2026-06-17..2026-07-14: 0/4 clicks/impressions versus 0/0.,HIGH_FOR_EXPORTED_PERIOD; NOT_CURRENT_AFTER_2026-08-11
https://echobuddha.com/meditation/loving-kindness-meditation/,MEDITATION_GUIDE,NOT_AVAILABLE,NOT_AVAILABLE,NOT_AVAILABLE,NOT_AVAILABLE,NOT_AVAILABLE,NOT_AVAILABLE,NOT_AVAILABLE,NOT_AVAILABLE,NOT_AVAILABLE,NOT_AVAILABLE,INSUFFICIENT_DATA,false,No row in the preserved page-level 28-day comparison export.,LOW
https://echobuddha.com/meditation/meditation-for-beginners/,MEDITATION_GUIDE,0,0,0,NEW_OR_ZERO_BASELINE,0,2,-2,-100%,0,3,INSUFFICIENT_DATA,false,Page comparison 2026-07-15..2026-08-11 versus 2026-06-17..2026-07-14: 0/0 clicks/impressions versus 0/2.,HIGH_FOR_EXPORTED_PERIOD; NOT_CURRENT_AFTER_2026-08-11
https://echobuddha.com/meditation/meditation-posture-for-beginners/,MEDITATION_GUIDE,0,0,0,NEW_OR_ZERO_BASELINE,1,0,1,NEW_OR_ZERO_BASELINE,46,0,INSUFFICIENT_DATA,false,Page comparison 2026-07-15..2026-08-11 versus 2026-06-17..2026-07-14: 0/1 clicks/impressions versus 0/0.,HIGH_FOR_EXPORTED_PERIOD; NOT_CURRENT_AFTER_2026-08-11
https://echobuddha.com/meditation/mindfulness-in-daily-life/,MEDITATION_GUIDE,0,0,0,NEW_OR_ZERO_BASELINE,0,1,-1,-100%,0,4,INSUFFICIENT_DATA,false,Page comparison 2026-07-15..2026-08-11 versus 2026-06-17..2026-07-14: 0/0 clicks/impressions versus 0/1.,HIGH_FOR_EXPORTED_PERIOD; NOT_CURRENT_AFTER_2026-08-11
https://echobuddha.com/meditation/walking-meditation/,MEDITATION_GUIDE,NOT_AVAILABLE,NOT_AVAILABLE,NOT_AVAILABLE,NOT_AVAILABLE,NOT_AVAILABLE,NOT_AVAILABLE,NOT_AVAILABLE,NOT_AVAILABLE,NOT_AVAILABLE,NOT_AVAILABLE,INSUFFICIENT_DATA,false,No row in the preserved page-level 28-day comparison export.,LOW
https://echobuddha.com/meditation/when-meditation-feels-hard/,MEDITATION_GUIDE,0,0,0,NEW_OR_ZERO_BASELINE,1,0,1,NEW_OR_ZERO_BASELINE,45,0,INSUFFICIENT_DATA,false,Page comparison 2026-07-15..2026-08-11 versus 2026-06-17..2026-07-14: 0/1 clicks/impressions versus 0/0.,HIGH_FOR_EXPORTED_PERIOD; NOT_CURRENT_AFTER_2026-08-11
https://echobuddha.com/meditation-guide/,MEDITATION_GUIDE,0,0,0,NEW_OR_ZERO_BASELINE,6,5,1,20%,23.33,4,STABLE,false,Page comparison 2026-07-15..2026-08-11 versus 2026-06-17..2026-07-14: 0/6 clicks/impressions versus 0/5.,HIGH_FOR_EXPORTED_PERIOD; NOT_CURRENT_AFTER_2026-08-11
https://echobuddha.com/meditation-safety/,EDITORIAL_POLICY,0,0,0,NEW_OR_ZERO_BASELINE,1,0,1,NEW_OR_ZERO_BASELINE,23,0,INSUFFICIENT_DATA,false,Page comparison 2026-07-15..2026-08-11 versus 2026-06-17..2026-07-14: 0/1 clicks/impressions versus 0/0.,HIGH_FOR_EXPORTED_PERIOD; NOT_CURRENT_AFTER_2026-08-11
https://echobuddha.com/mindful-living/,TOPIC_HUB,0,0,0,NEW_OR_ZERO_BASELINE,3,0,3,NEW_OR_ZERO_BASELINE,15,0,INSUFFICIENT_DATA,false,Page comparison 2026-07-15..2026-08-11 versus 2026-06-17..2026-07-14: 0/3 clicks/impressions versus 0/0.,HIGH_FOR_EXPORTED_PERIOD; NOT_CURRENT_AFTER_2026-08-11
https://echobuddha.com/privacy-policy/,PRIVACY,0,0,0,NEW_OR_ZERO_BASELINE,3,1,2,200%,10.67,6,INSUFFICIENT_DATA,false,Page comparison 2026-07-15..2026-08-11 versus 2026-06-17..2026-07-14: 0/3 clicks/impressions versus 0/1.,HIGH_FOR_EXPORTED_PERIOD; NOT_CURRENT_AFTER_2026-08-11
https://echobuddha.com/quote-attribution-policy/,SOURCE_POLICY,0,0,0,NEW_OR_ZERO_BASELINE,1,0,1,NEW_OR_ZERO_BASELINE,27,0,INSUFFICIENT_DATA,false,Page comparison 2026-07-15..2026-08-11 versus 2026-06-17..2026-07-14: 0/1 clicks/impressions versus 0/0.,HIGH_FOR_EXPORTED_PERIOD; NOT_CURRENT_AFTER_2026-08-11
https://echobuddha.com/quotes/awareness/acceptance-before-next-step/,QUOTE_STORY,NOT_AVAILABLE,NOT_AVAILABLE,NOT_AVAILABLE,NOT_AVAILABLE,NOT_AVAILABLE,NOT_AVAILABLE,NOT_AVAILABLE,NOT_AVAILABLE,NOT_AVAILABLE,NOT_AVAILABLE,INSUFFICIENT_DATA,false,No row in the preserved page-level 28-day comparison export.,LOW
https://echobuddha.com/quotes/awareness/anger-asks-for-speed-awareness-asks-for-one-more/,QUOTE_STORY,NOT_AVAILABLE,NOT_AVAILABLE,NOT_AVAILABLE,NOT_AVAILABLE,NOT_AVAILABLE,NOT_AVAILABLE,NOT_AVAILABLE,NOT_AVAILABLE,NOT_AVAILABLE,NOT_AVAILABLE,INSUFFICIENT_DATA,false,No row in the preserved page-level 28-day comparison export.,LOW
https://echobuddha.com/quotes/awareness/awareness-does-not-remove-the-storm-it-keeps-you/,QUOTE_STORY,NOT_AVAILABLE,NOT_AVAILABLE,NOT_AVAILABLE,NOT_AVAILABLE,NOT_AVAILABLE,NOT_AVAILABLE,NOT_AVAILABLE,NOT_AVAILABLE,NOT_AVAILABLE,NOT_AVAILABLE,INSUFFICIENT_DATA,false,No row in the preserved page-level 28-day comparison export.,LOW
https://echobuddha.com/quotes/awareness/clear-seeing-begins-with-the-courage-to-stop-looking/,QUOTE_STORY,NOT_AVAILABLE,NOT_AVAILABLE,NOT_AVAILABLE,NOT_AVAILABLE,NOT_AVAILABLE,NOT_AVAILABLE,NOT_AVAILABLE,NOT_AVAILABLE,NOT_AVAILABLE,NOT_AVAILABLE,INSUFFICIENT_DATA,false,No row in the preserved page-level 28-day comparison export.,LOW
https://echobuddha.com/quotes/awareness/feelings-are-honest-about-their-presence-not-always-about/,QUOTE_STORY,NOT_AVAILABLE,NOT_AVAILABLE,NOT_AVAILABLE,NOT_AVAILABLE,NOT_AVAILABLE,NOT_AVAILABLE,NOT_AVAILABLE,NOT_AVAILABLE,NOT_AVAILABLE,NOT_AVAILABLE,INSUFFICIENT_DATA,false,No row in the preserved page-level 28-day comparison export.,LOW
https://echobuddha.com/quotes/awareness/feelings-without-the-wheel/,QUOTE_STORY,0,0,0,NEW_OR_ZERO_BASELINE,0,1,-1,-100%,0,6,INSUFFICIENT_DATA,false,Page comparison 2026-07-15..2026-08-11 versus 2026-06-17..2026-07-14: 0/0 clicks/impressions versus 0/1.,HIGH_FOR_EXPORTED_PERIOD; NOT_CURRENT_AFTER_2026-08-11
https://echobuddha.com/quotes/awareness/,QUOTE_CATEGORY,0,0,0,NEW_OR_ZERO_BASELINE,12,8,4,50%,28,31.25,STABLE,false,Page comparison 2026-07-15..2026-08-11 versus 2026-06-17..2026-07-14: 0/12 clicks/impressions versus 0/8.,HIGH_FOR_EXPORTED_PERIOD; NOT_CURRENT_AFTER_2026-08-11
https://echobuddha.com/quotes/awareness/look-beneath-the-reaction-and-you-may-find-a/,QUOTE_STORY,0,0,0,NEW_OR_ZERO_BASELINE,0,4,-4,-100%,0,3.75,INSUFFICIENT_DATA,false,Page comparison 2026-07-15..2026-08-11 versus 2026-06-17..2026-07-14: 0/0 clicks/impressions versus 0/4.,HIGH_FOR_EXPORTED_PERIOD; NOT_CURRENT_AFTER_2026-08-11
https://echobuddha.com/quotes/awareness/name-the-feeling-gently-and-it-may-stop-speaking/,QUOTE_STORY,NOT_AVAILABLE,NOT_AVAILABLE,NOT_AVAILABLE,NOT_AVAILABLE,NOT_AVAILABLE,NOT_AVAILABLE,NOT_AVAILABLE,NOT_AVAILABLE,NOT_AVAILABLE,NOT_AVAILABLE,INSUFFICIENT_DATA,false,No row in the preserved page-level 28-day comparison export.,LOW
https://echobuddha.com/quotes/awareness/notice-the-habit-before-trying-to-become-someone-without/,QUOTE_STORY,NOT_AVAILABLE,NOT_AVAILABLE,NOT_AVAILABLE,NOT_AVAILABLE,NOT_AVAILABLE,NOT_AVAILABLE,NOT_AVAILABLE,NOT_AVAILABLE,NOT_AVAILABLE,NOT_AVAILABLE,INSUFFICIENT_DATA,false,No row in the preserved page-level 28-day comparison export.,LOW
https://echobuddha.com/quotes/awareness/one-breath-before-anger-replies/,QUOTE_STORY,NOT_AVAILABLE,NOT_AVAILABLE,NOT_AVAILABLE,NOT_AVAILABLE,NOT_AVAILABLE,NOT_AVAILABLE,NOT_AVAILABLE,NOT_AVAILABLE,NOT_AVAILABLE,NOT_AVAILABLE,INSUFFICIENT_DATA,false,No row in the preserved page-level 28-day comparison export.,LOW
https://echobuddha.com/quotes/awareness/small-acts-of-attention-can-turn-an-ordinary-day/,QUOTE_STORY,0,0,0,NEW_OR_ZERO_BASELINE,5,2,3,150%,24.4,22.5,INSUFFICIENT_DATA,false,Page comparison 2026-07-15..2026-08-11 versus 2026-06-17..2026-07-14: 0/5 clicks/impressions versus 0/2.,HIGH_FOR_EXPORTED_PERIOD; NOT_CURRENT_AFTER_2026-08-11
https://echobuddha.com/quotes/awareness/the-body-often-knows-you-are-overwhelmed-before-the/,QUOTE_STORY,NOT_AVAILABLE,NOT_AVAILABLE,NOT_AVAILABLE,NOT_AVAILABLE,NOT_AVAILABLE,NOT_AVAILABLE,NOT_AVAILABLE,NOT_AVAILABLE,NOT_AVAILABLE,NOT_AVAILABLE,INSUFFICIENT_DATA,false,No row in the preserved page-level 28-day comparison export.,LOW
https://echobuddha.com/quotes/awareness/thoughts-are-visitors/,QUOTE_STORY,0,0,0,NEW_OR_ZERO_BASELINE,0,1,-1,-100%,0,6,INSUFFICIENT_DATA,false,Page comparison 2026-07-15..2026-08-11 versus 2026-06-17..2026-07-14: 0/0 clicks/impressions versus 0/1.,HIGH_FOR_EXPORTED_PERIOD; NOT_CURRENT_AFTER_2026-08-11
https://echobuddha.com/quotes/awareness/thoughts-pass-without-commanding-you/,QUOTE_STORY,NOT_AVAILABLE,NOT_AVAILABLE,NOT_AVAILABLE,NOT_AVAILABLE,NOT_AVAILABLE,NOT_AVAILABLE,NOT_AVAILABLE,NOT_AVAILABLE,NOT_AVAILABLE,NOT_AVAILABLE,INSUFFICIENT_DATA,false,No row in the preserved page-level 28-day comparison export.,LOW
https://echobuddha.com/quotes/awareness/what-you-can-observe-clearly-no-longer-controls-you/,QUOTE_STORY,NOT_AVAILABLE,NOT_AVAILABLE,NOT_AVAILABLE,NOT_AVAILABLE,NOT_AVAILABLE,NOT_AVAILABLE,NOT_AVAILABLE,NOT_AVAILABLE,NOT_AVAILABLE,NOT_AVAILABLE,INSUFFICIENT_DATA,false,No row in the preserved page-level 28-day comparison export.,LOW
https://echobuddha.com/quotes/awareness/when-the-mind-tightens-let-the-body-be-your/,QUOTE_STORY,NOT_AVAILABLE,NOT_AVAILABLE,NOT_AVAILABLE,NOT_AVAILABLE,NOT_AVAILABLE,NOT_AVAILABLE,NOT_AVAILABLE,NOT_AVAILABLE,NOT_AVAILABLE,NOT_AVAILABLE,INSUFFICIENT_DATA,false,No row in the preserved page-level 28-day comparison export.,LOW
https://echobuddha.com/quotes/compassion/a-gentle-response-can-end-suffering-that-anger-would/,QUOTE_STORY,NOT_AVAILABLE,NOT_AVAILABLE,NOT_AVAILABLE,NOT_AVAILABLE,NOT_AVAILABLE,NOT_AVAILABLE,NOT_AVAILABLE,NOT_AVAILABLE,NOT_AVAILABLE,NOT_AVAILABLE,INSUFFICIENT_DATA,false,No row in the preserved page-level 28-day comparison export.,LOW
https://echobuddha.com/quotes/compassion/before-judging-another-life-remember-how-much-of-your/,QUOTE_STORY,NOT_AVAILABLE,NOT_AVAILABLE,NOT_AVAILABLE,NOT_AVAILABLE,NOT_AVAILABLE,NOT_AVAILABLE,NOT_AVAILABLE,NOT_AVAILABLE,NOT_AVAILABLE,NOT_AVAILABLE,INSUFFICIENT_DATA,false,No row in the preserved page-level 28-day comparison export.,LOW
https://echobuddha.com/quotes/compassion/compassion-asks-what-hurts-before-it-asks-who-is/,QUOTE_STORY,NOT_AVAILABLE,NOT_AVAILABLE,NOT_AVAILABLE,NOT_AVAILABLE,NOT_AVAILABLE,NOT_AVAILABLE,NOT_AVAILABLE,NOT_AVAILABLE,NOT_AVAILABLE,NOT_AVAILABLE,INSUFFICIENT_DATA,false,No row in the preserved page-level 28-day comparison export.,LOW
https://echobuddha.com/quotes/compassion/compassion-grows-where-judgment-loosens-its-grip/,QUOTE_STORY,NOT_AVAILABLE,NOT_AVAILABLE,NOT_AVAILABLE,NOT_AVAILABLE,NOT_AVAILABLE,NOT_AVAILABLE,NOT_AVAILABLE,NOT_AVAILABLE,NOT_AVAILABLE,NOT_AVAILABLE,INSUFFICIENT_DATA,false,No row in the preserved page-level 28-day comparison export.,LOW
https://echobuddha.com/quotes/compassion/compassion-sees-pain-clearly/,QUOTE_STORY,NOT_AVAILABLE,NOT_AVAILABLE,NOT_AVAILABLE,NOT_AVAILABLE,NOT_AVAILABLE,NOT_AVAILABLE,NOT_AVAILABLE,NOT_AVAILABLE,NOT_AVAILABLE,NOT_AVAILABLE,INSUFFICIENT_DATA,false,No row in the preserved page-level 28-day comparison export.,LOW
https://echobuddha.com/quotes/compassion/gentle-self-compassion/,QUOTE_STORY,NOT_AVAILABLE,NOT_AVAILABLE,NOT_AVAILABLE,NOT_AVAILABLE,NOT_AVAILABLE,NOT_AVAILABLE,NOT_AVAILABLE,NOT_AVAILABLE,NOT_AVAILABLE,NOT_AVAILABLE,INSUFFICIENT_DATA,false,No row in the preserved page-level 28-day comparison export.,LOW
https://echobuddha.com/quotes/compassion/,QUOTE_CATEGORY,0,0,0,NEW_OR_ZERO_BASELINE,45,5,40,800%,47.51,34.6,GROWING,true,Page comparison 2026-07-15..2026-08-11 versus 2026-06-17..2026-07-14: 0/45 clicks/impressions versus 0/5.,HIGH_FOR_EXPORTED_PERIOD; NOT_CURRENT_AFTER_2026-08-11
https://echobuddha.com/quotes/compassion/kindness-as-quiet-practice/,QUOTE_STORY,0,0,0,NEW_OR_ZERO_BASELINE,0,1,-1,-100%,0,8,INSUFFICIENT_DATA,false,Page comparison 2026-07-15..2026-08-11 versus 2026-06-17..2026-07-14: 0/0 clicks/impressions versus 0/1.,HIGH_FOR_EXPORTED_PERIOD; NOT_CURRENT_AFTER_2026-08-11
https://echobuddha.com/quotes/compassion/kindness-does-not-need-an-audience-to-become-meaningful/,QUOTE_STORY,NOT_AVAILABLE,NOT_AVAILABLE,NOT_AVAILABLE,NOT_AVAILABLE,NOT_AVAILABLE,NOT_AVAILABLE,NOT_AVAILABLE,NOT_AVAILABLE,NOT_AVAILABLE,NOT_AVAILABLE,INSUFFICIENT_DATA,false,No row in the preserved page-level 28-day comparison export.,LOW
https://echobuddha.com/quotes/compassion/let-kindness-be-the-echo-you-leave-in-every/,QUOTE_STORY,0,0,0,NEW_OR_ZERO_BASELINE,6,2,4,200%,28.33,10,INSUFFICIENT_DATA,false,Page comparison 2026-07-15..2026-08-11 versus 2026-06-17..2026-07-14: 0/6 clicks/impressions versus 0/2.,HIGH_FOR_EXPORTED_PERIOD; NOT_CURRENT_AFTER_2026-08-11
https://echobuddha.com/quotes/compassion/let-your-boundaries-be-clear-and-your-heart-remain/,QUOTE_STORY,NOT_AVAILABLE,NOT_AVAILABLE,NOT_AVAILABLE,NOT_AVAILABLE,NOT_AVAILABLE,NOT_AVAILABLE,NOT_AVAILABLE,NOT_AVAILABLE,NOT_AVAILABLE,NOT_AVAILABLE,INSUFFICIENT_DATA,false,No row in the preserved page-level 28-day comparison export.,LOW
https://echobuddha.com/quotes/compassion/loving-kindness-without-harm/,QUOTE_STORY,0,0,0,NEW_OR_ZERO_BASELINE,0,3,-3,-100%,0,9,INSUFFICIENT_DATA,false,Page comparison 2026-07-15..2026-08-11 versus 2026-06-17..2026-07-14: 0/0 clicks/impressions versus 0/3.,HIGH_FOR_EXPORTED_PERIOD; NOT_CURRENT_AFTER_2026-08-11
https://echobuddha.com/quotes/compassion/offer-others-the-patience-you-hope-to-receive-on/,QUOTE_STORY,NOT_AVAILABLE,NOT_AVAILABLE,NOT_AVAILABLE,NOT_AVAILABLE,NOT_AVAILABLE,NOT_AVAILABLE,NOT_AVAILABLE,NOT_AVAILABLE,NOT_AVAILABLE,NOT_AVAILABLE,INSUFFICIENT_DATA,false,No row in the preserved page-level 28-day comparison export.,LOW
https://echobuddha.com/quotes/compassion/small-kindnesses-often-reach-places-that-advice-cannot/,QUOTE_STORY,NOT_AVAILABLE,NOT_AVAILABLE,NOT_AVAILABLE,NOT_AVAILABLE,NOT_AVAILABLE,NOT_AVAILABLE,NOT_AVAILABLE,NOT_AVAILABLE,NOT_AVAILABLE,NOT_AVAILABLE,INSUFFICIENT_DATA,false,No row in the preserved page-level 28-day comparison export.,LOW
https://echobuddha.com/quotes/compassion/the-heart-becomes-spacious-each-time-it-chooses-care/,QUOTE_STORY,NOT_AVAILABLE,NOT_AVAILABLE,NOT_AVAILABLE,NOT_AVAILABLE,NOT_AVAILABLE,NOT_AVAILABLE,NOT_AVAILABLE,NOT_AVAILABLE,NOT_AVAILABLE,NOT_AVAILABLE,INSUFFICIENT_DATA,false,No row in the preserved page-level 28-day comparison export.,LOW
https://echobuddha.com/quotes/compassion/to-understand-someone-is-not-to-excuse-harm-it/,QUOTE_STORY,NOT_AVAILABLE,NOT_AVAILABLE,NOT_AVAILABLE,NOT_AVAILABLE,NOT_AVAILABLE,NOT_AVAILABLE,NOT_AVAILABLE,NOT_AVAILABLE,NOT_AVAILABLE,NOT_AVAILABLE,INSUFFICIENT_DATA,false,No row in the preserved page-level 28-day comparison export.,LOW
https://echobuddha.com/quotes/compassion/when-you-cannot-remove-anothers-burden-do-not-add/,QUOTE_STORY,NOT_AVAILABLE,NOT_AVAILABLE,NOT_AVAILABLE,NOT_AVAILABLE,NOT_AVAILABLE,NOT_AVAILABLE,NOT_AVAILABLE,NOT_AVAILABLE,NOT_AVAILABLE,NOT_AVAILABLE,INSUFFICIENT_DATA,false,No row in the preserved page-level 28-day comparison export.,LOW
https://echobuddha.com/quotes/impermanence/acceptance-begins-where-the-argument-with-change-ends/,QUOTE_STORY,NOT_AVAILABLE,NOT_AVAILABLE,NOT_AVAILABLE,NOT_AVAILABLE,NOT_AVAILABLE,NOT_AVAILABLE,NOT_AVAILABLE,NOT_AVAILABLE,NOT_AVAILABLE,NOT_AVAILABLE,INSUFFICIENT_DATA,false,No row in the preserved page-level 28-day comparison export.,LOW
https://echobuddha.com/quotes/impermanence/because-this-moment-will-pass-meet-it-while-it/,QUOTE_STORY,NOT_AVAILABLE,NOT_AVAILABLE,NOT_AVAILABLE,NOT_AVAILABLE,NOT_AVAILABLE,NOT_AVAILABLE,NOT_AVAILABLE,NOT_AVAILABLE,NOT_AVAILABLE,NOT_AVAILABLE,INSUFFICIENT_DATA,false,No row in the preserved page-level 28-day comparison export.,LOW
https://echobuddha.com/quotes/impermanence/change-is-how-life-continues/,QUOTE_STORY,0,0,0,NEW_OR_ZERO_BASELINE,1,1,0,0%,6,70,INSUFFICIENT_DATA,false,Page comparison 2026-07-15..2026-08-11 versus 2026-06-17..2026-07-14: 0/1 clicks/impressions versus 0/1.,HIGH_FOR_EXPORTED_PERIOD; NOT_CURRENT_AFTER_2026-08-11
https://echobuddha.com/quotes/impermanence/change-takes-nothing-personally-it-simply-continues/,QUOTE_STORY,NOT_AVAILABLE,NOT_AVAILABLE,NOT_AVAILABLE,NOT_AVAILABLE,NOT_AVAILABLE,NOT_AVAILABLE,NOT_AVAILABLE,NOT_AVAILABLE,NOT_AVAILABLE,NOT_AVAILABLE,INSUFFICIENT_DATA,false,No row in the preserved page-level 28-day comparison export.,LOW
https://echobuddha.com/quotes/impermanence/everything-changes-including-the-part-of-you-that-fears/,QUOTE_STORY,0,0,0,NEW_OR_ZERO_BASELINE,1,0,1,NEW_OR_ZERO_BASELINE,48,0,INSUFFICIENT_DATA,false,Page comparison 2026-07-15..2026-08-11 versus 2026-06-17..2026-07-14: 0/1 clicks/impressions versus 0/0.,HIGH_FOR_EXPORTED_PERIOD; NOT_CURRENT_AFTER_2026-08-11
https://echobuddha.com/quotes/impermanence/hold-each-day-carefully-knowing-it-cannot-be-held/,QUOTE_STORY,NOT_AVAILABLE,NOT_AVAILABLE,NOT_AVAILABLE,NOT_AVAILABLE,NOT_AVAILABLE,NOT_AVAILABLE,NOT_AVAILABLE,NOT_AVAILABLE,NOT_AVAILABLE,NOT_AVAILABLE,INSUFFICIENT_DATA,false,No row in the preserved page-level 28-day comparison export.,LOW
https://echobuddha.com/quotes/impermanence/,QUOTE_CATEGORY,0,0,0,NEW_OR_ZERO_BASELINE,1,1,0,0%,10,9,INSUFFICIENT_DATA,false,Page comparison 2026-07-15..2026-08-11 versus 2026-06-17..2026-07-14: 0/1 clicks/impressions versus 0/1.,HIGH_FOR_EXPORTED_PERIOD; NOT_CURRENT_AFTER_2026-08-11
https://echobuddha.com/quotes/impermanence/meet-change-softly/,QUOTE_STORY,NOT_AVAILABLE,NOT_AVAILABLE,NOT_AVAILABLE,NOT_AVAILABLE,NOT_AVAILABLE,NOT_AVAILABLE,NOT_AVAILABLE,NOT_AVAILABLE,NOT_AVAILABLE,NOT_AVAILABLE,INSUFFICIENT_DATA,false,No row in the preserved page-level 28-day comparison export.,LOW
https://echobuddha.com/quotes/impermanence/no-season-is-asked-to-remain-in-order-to/,QUOTE_STORY,NOT_AVAILABLE,NOT_AVAILABLE,NOT_AVAILABLE,NOT_AVAILABLE,NOT_AVAILABLE,NOT_AVAILABLE,NOT_AVAILABLE,NOT_AVAILABLE,NOT_AVAILABLE,NOT_AVAILABLE,INSUFFICIENT_DATA,false,No row in the preserved page-level 28-day comparison export.,LOW
https://echobuddha.com/quotes/impermanence/the-fading-flower-does-not-make-its-blooming-less/,QUOTE_STORY,NOT_AVAILABLE,NOT_AVAILABLE,NOT_AVAILABLE,NOT_AVAILABLE,NOT_AVAILABLE,NOT_AVAILABLE,NOT_AVAILABLE,NOT_AVAILABLE,NOT_AVAILABLE,NOT_AVAILABLE,INSUFFICIENT_DATA,false,No row in the preserved page-level 28-day comparison export.,LOW
https://echobuddha.com/quotes/impermanence/the-passing-of-joy-teaches-gratitude-the-passing-of/,QUOTE_STORY,0,0,0,NEW_OR_ZERO_BASELINE,1,0,1,NEW_OR_ZERO_BASELINE,7,0,INSUFFICIENT_DATA,false,Page comparison 2026-07-15..2026-08-11 versus 2026-06-17..2026-07-14: 0/1 clicks/impressions versus 0/0.,HIGH_FOR_EXPORTED_PERIOD; NOT_CURRENT_AFTER_2026-08-11
https://echobuddha.com/quotes/impermanence/todays-certainty-may-become-tomorrows-lesson-in-humility/,QUOTE_STORY,NOT_AVAILABLE,NOT_AVAILABLE,NOT_AVAILABLE,NOT_AVAILABLE,NOT_AVAILABLE,NOT_AVAILABLE,NOT_AVAILABLE,NOT_AVAILABLE,NOT_AVAILABLE,NOT_AVAILABLE,INSUFFICIENT_DATA,false,No row in the preserved page-level 28-day comparison export.,LOW
https://echobuddha.com/quotes/impermanence/what-changes-is-not-always-lost-sometimes-it-is/,QUOTE_STORY,NOT_AVAILABLE,NOT_AVAILABLE,NOT_AVAILABLE,NOT_AVAILABLE,NOT_AVAILABLE,NOT_AVAILABLE,NOT_AVAILABLE,NOT_AVAILABLE,NOT_AVAILABLE,NOT_AVAILABLE,INSUFFICIENT_DATA,false,No row in the preserved page-level 28-day comparison export.,LOW
https://echobuddha.com/quotes/,QUOTE_HUB,0,0,0,NEW_OR_ZERO_BASELINE,7,11,-4,-36.36%,6,3.64,STABLE,false,Page comparison 2026-07-15..2026-08-11 versus 2026-06-17..2026-07-14: 0/7 clicks/impressions versus 0/11.,HIGH_FOR_EXPORTED_PERIOD; NOT_CURRENT_AFTER_2026-08-11
https://echobuddha.com/quotes/letting-go/an-open-hand-can-care-for-what-a-clenched/,QUOTE_STORY,NOT_AVAILABLE,NOT_AVAILABLE,NOT_AVAILABLE,NOT_AVAILABLE,NOT_AVAILABLE,NOT_AVAILABLE,NOT_AVAILABLE,NOT_AVAILABLE,NOT_AVAILABLE,NOT_AVAILABLE,INSUFFICIENT_DATA,false,No row in the preserved page-level 28-day comparison export.,LOW
https://echobuddha.com/quotes/letting-go/caring-without-clinging/,QUOTE_STORY,NOT_AVAILABLE,NOT_AVAILABLE,NOT_AVAILABLE,NOT_AVAILABLE,NOT_AVAILABLE,NOT_AVAILABLE,NOT_AVAILABLE,NOT_AVAILABLE,NOT_AVAILABLE,NOT_AVAILABLE,INSUFFICIENT_DATA,false,No row in the preserved page-level 28-day comparison export.,LOW
https://echobuddha.com/quotes/letting-go/forgiveness-without-approving-harm/,QUOTE_STORY,NOT_AVAILABLE,NOT_AVAILABLE,NOT_AVAILABLE,NOT_AVAILABLE,NOT_AVAILABLE,NOT_AVAILABLE,NOT_AVAILABLE,NOT_AVAILABLE,NOT_AVAILABLE,NOT_AVAILABLE,INSUFFICIENT_DATA,false,No row in the preserved page-level 28-day comparison export.,LOW
https://echobuddha.com/quotes/letting-go/freedom-often-sounds-like-the-quiet-end-of-an/,QUOTE_STORY,NOT_AVAILABLE,NOT_AVAILABLE,NOT_AVAILABLE,NOT_AVAILABLE,NOT_AVAILABLE,NOT_AVAILABLE,NOT_AVAILABLE,NOT_AVAILABLE,NOT_AVAILABLE,NOT_AVAILABLE,INSUFFICIENT_DATA,false,No row in the preserved page-level 28-day comparison export.,LOW
https://echobuddha.com/quotes/letting-go/,QUOTE_CATEGORY,2,0,2,NEW_OR_ZERO_BASELINE,92,24,68,283.33%,19.68,41.58,STRONGLY_GROWING,true,Page comparison 2026-07-15..2026-08-11 versus 2026-06-17..2026-07-14: 2/92 clicks/impressions versus 0/24.,HIGH_FOR_EXPORTED_PERIOD; NOT_CURRENT_AFTER_2026-08-11
https://echobuddha.com/quotes/letting-go/let-the-feeling-pass-through-without-building-it-a/,QUOTE_STORY,NOT_AVAILABLE,NOT_AVAILABLE,NOT_AVAILABLE,NOT_AVAILABLE,NOT_AVAILABLE,NOT_AVAILABLE,NOT_AVAILABLE,NOT_AVAILABLE,NOT_AVAILABLE,NOT_AVAILABLE,INSUFFICIENT_DATA,false,No row in the preserved page-level 28-day comparison export.,LOW
https://echobuddha.com/quotes/letting-go/letting-go-begins-by-admitting-how-tightly-you-are/,QUOTE_STORY,NOT_AVAILABLE,NOT_AVAILABLE,NOT_AVAILABLE,NOT_AVAILABLE,NOT_AVAILABLE,NOT_AVAILABLE,NOT_AVAILABLE,NOT_AVAILABLE,NOT_AVAILABLE,NOT_AVAILABLE,INSUFFICIENT_DATA,false,No row in the preserved page-level 28-day comparison export.,LOW
https://echobuddha.com/quotes/letting-go/open-hands-non-attachment/,QUOTE_STORY,NOT_AVAILABLE,NOT_AVAILABLE,NOT_AVAILABLE,NOT_AVAILABLE,NOT_AVAILABLE,NOT_AVAILABLE,NOT_AVAILABLE,NOT_AVAILABLE,NOT_AVAILABLE,NOT_AVAILABLE,INSUFFICIENT_DATA,false,No row in the preserved page-level 28-day comparison export.,LOW
https://echobuddha.com/quotes/letting-go/peace-enters-when-control-is-no-longer-the-price/,QUOTE_STORY,NOT_AVAILABLE,NOT_AVAILABLE,NOT_AVAILABLE,NOT_AVAILABLE,NOT_AVAILABLE,NOT_AVAILABLE,NOT_AVAILABLE,NOT_AVAILABLE,NOT_AVAILABLE,NOT_AVAILABLE,INSUFFICIENT_DATA,false,No row in the preserved page-level 28-day comparison export.,LOW
https://echobuddha.com/quotes/letting-go/release-the-need-to-replay-what-can-no-longer/,QUOTE_STORY,NOT_AVAILABLE,NOT_AVAILABLE,NOT_AVAILABLE,NOT_AVAILABLE,NOT_AVAILABLE,NOT_AVAILABLE,NOT_AVAILABLE,NOT_AVAILABLE,NOT_AVAILABLE,NOT_AVAILABLE,INSUFFICIENT_DATA,false,No row in the preserved page-level 28-day comparison export.,LOW
https://echobuddha.com/quotes/letting-go/release-the-outcome-but-keep-the-care-you-bring/,QUOTE_STORY,NOT_AVAILABLE,NOT_AVAILABLE,NOT_AVAILABLE,NOT_AVAILABLE,NOT_AVAILABLE,NOT_AVAILABLE,NOT_AVAILABLE,NOT_AVAILABLE,NOT_AVAILABLE,NOT_AVAILABLE,INSUFFICIENT_DATA,false,No row in the preserved page-level 28-day comparison export.,LOW
https://echobuddha.com/quotes/letting-go/soften-around-stress/,QUOTE_STORY,NOT_AVAILABLE,NOT_AVAILABLE,NOT_AVAILABLE,NOT_AVAILABLE,NOT_AVAILABLE,NOT_AVAILABLE,NOT_AVAILABLE,NOT_AVAILABLE,NOT_AVAILABLE,NOT_AVAILABLE,INSUFFICIENT_DATA,false,No row in the preserved page-level 28-day comparison export.,LOW
https://echobuddha.com/quotes/letting-go/what-leaves-your-life-may-still-leave-wisdom-behind/,QUOTE_STORY,0,0,0,NEW_OR_ZERO_BASELINE,0,3,-3,-100%,0,5,INSUFFICIENT_DATA,false,Page comparison 2026-07-15..2026-08-11 versus 2026-06-17..2026-07-14: 0/0 clicks/impressions versus 0/3.,HIGH_FOR_EXPORTED_PERIOD; NOT_CURRENT_AFTER_2026-08-11
https://echobuddha.com/quotes/letting-go/where-attachment-begins/,QUOTE_STORY,NOT_AVAILABLE,NOT_AVAILABLE,NOT_AVAILABLE,NOT_AVAILABLE,NOT_AVAILABLE,NOT_AVAILABLE,NOT_AVAILABLE,NOT_AVAILABLE,NOT_AVAILABLE,NOT_AVAILABLE,INSUFFICIENT_DATA,false,No row in the preserved page-level 28-day comparison export.,LOW
https://echobuddha.com/quotes/letting-go/you-can-honor-the-past-without-asking-it-to/,QUOTE_STORY,NOT_AVAILABLE,NOT_AVAILABLE,NOT_AVAILABLE,NOT_AVAILABLE,NOT_AVAILABLE,NOT_AVAILABLE,NOT_AVAILABLE,NOT_AVAILABLE,NOT_AVAILABLE,NOT_AVAILABLE,INSUFFICIENT_DATA,false,No row in the preserved page-level 28-day comparison export.,LOW
https://echobuddha.com/quotes/letting-go/you-do-not-betray-a-memory-by-allowing-yourself/,QUOTE_STORY,NOT_AVAILABLE,NOT_AVAILABLE,NOT_AVAILABLE,NOT_AVAILABLE,NOT_AVAILABLE,NOT_AVAILABLE,NOT_AVAILABLE,NOT_AVAILABLE,NOT_AVAILABLE,NOT_AVAILABLE,INSUFFICIENT_DATA,false,No row in the preserved page-level 28-day comparison export.,LOW
https://echobuddha.com/quotes/letting-go/you-do-not-need-to-carry-every-thought-that/,QUOTE_STORY,0,0,0,NEW_OR_ZERO_BASELINE,7,0,7,NEW_OR_ZERO_BASELINE,21.71,0,INSUFFICIENT_DATA,false,Page comparison 2026-07-15..2026-08-11 versus 2026-06-17..2026-07-14: 0/7 clicks/impressions versus 0/0.,HIGH_FOR_EXPORTED_PERIOD; NOT_CURRENT_AFTER_2026-08-11
https://echobuddha.com/quotes/meditation/a-short-sincere-practice-can-steady-a-long-and/,QUOTE_STORY,0,0,0,NEW_OR_ZERO_BASELINE,0,1,-1,-100%,0,2,INSUFFICIENT_DATA,false,Page comparison 2026-07-15..2026-08-11 versus 2026-06-17..2026-07-14: 0/0 clicks/impressions versus 0/1.,HIGH_FOR_EXPORTED_PERIOD; NOT_CURRENT_AFTER_2026-08-11
https://echobuddha.com/quotes/meditation/do-not-search-meditation-for-a-special-self-notice/,QUOTE_STORY,NOT_AVAILABLE,NOT_AVAILABLE,NOT_AVAILABLE,NOT_AVAILABLE,NOT_AVAILABLE,NOT_AVAILABLE,NOT_AVAILABLE,NOT_AVAILABLE,NOT_AVAILABLE,NOT_AVAILABLE,INSUFFICIENT_DATA,false,No row in the preserved page-level 28-day comparison export.,LOW
https://echobuddha.com/quotes/meditation/every-return-from-distraction-strengthens-the-path-home/,QUOTE_STORY,NOT_AVAILABLE,NOT_AVAILABLE,NOT_AVAILABLE,NOT_AVAILABLE,NOT_AVAILABLE,NOT_AVAILABLE,NOT_AVAILABLE,NOT_AVAILABLE,NOT_AVAILABLE,NOT_AVAILABLE,INSUFFICIENT_DATA,false,No row in the preserved page-level 28-day comparison export.,LOW
https://echobuddha.com/quotes/meditation/few-quiet-minutes/,QUOTE_STORY,NOT_AVAILABLE,NOT_AVAILABLE,NOT_AVAILABLE,NOT_AVAILABLE,NOT_AVAILABLE,NOT_AVAILABLE,NOT_AVAILABLE,NOT_AVAILABLE,NOT_AVAILABLE,NOT_AVAILABLE,INSUFFICIENT_DATA,false,No row in the preserved page-level 28-day comparison export.,LOW
https://echobuddha.com/quotes/meditation/follow-the-breath-lightly-as-you-would-listen-to/,QUOTE_STORY,NOT_AVAILABLE,NOT_AVAILABLE,NOT_AVAILABLE,NOT_AVAILABLE,NOT_AVAILABLE,NOT_AVAILABLE,NOT_AVAILABLE,NOT_AVAILABLE,NOT_AVAILABLE,NOT_AVAILABLE,INSUFFICIENT_DATA,false,No row in the preserved page-level 28-day comparison export.,LOW
https://echobuddha.com/quotes/meditation/,QUOTE_CATEGORY,0,0,0,NEW_OR_ZERO_BASELINE,7,7,0,0%,23,17.29,STABLE,false,Page comparison 2026-07-15..2026-08-11 versus 2026-06-17..2026-07-14: 0/7 clicks/impressions versus 0/7.,HIGH_FOR_EXPORTED_PERIOD; NOT_CURRENT_AFTER_2026-08-11
https://echobuddha.com/quotes/meditation/meditation-is-not-leaving-life-it-is-learning-how/,QUOTE_STORY,0,0,0,NEW_OR_ZERO_BASELINE,0,1,-1,-100%,0,2,INSUFFICIENT_DATA,false,Page comparison 2026-07-15..2026-08-11 versus 2026-06-17..2026-07-14: 0/0 clicks/impressions versus 0/1.,HIGH_FOR_EXPORTED_PERIOD; NOT_CURRENT_AFTER_2026-08-11
https://echobuddha.com/quotes/meditation/meditation-is-returning/,QUOTE_STORY,NOT_AVAILABLE,NOT_AVAILABLE,NOT_AVAILABLE,NOT_AVAILABLE,NOT_AVAILABLE,NOT_AVAILABLE,NOT_AVAILABLE,NOT_AVAILABLE,NOT_AVAILABLE,NOT_AVAILABLE,INSUFFICIENT_DATA,false,No row in the preserved page-level 28-day comparison export.,LOW
https://echobuddha.com/quotes/meditation/one-honest-breath/,QUOTE_STORY,NOT_AVAILABLE,NOT_AVAILABLE,NOT_AVAILABLE,NOT_AVAILABLE,NOT_AVAILABLE,NOT_AVAILABLE,NOT_AVAILABLE,NOT_AVAILABLE,NOT_AVAILABLE,NOT_AVAILABLE,INSUFFICIENT_DATA,false,No row in the preserved page-level 28-day comparison export.,LOW
https://echobuddha.com/quotes/meditation/silence-is-not-empty-when-the-heart-is-listening/,QUOTE_STORY,0,0,0,NEW_OR_ZERO_BASELINE,2,0,2,NEW_OR_ZERO_BASELINE,42.5,0,INSUFFICIENT_DATA,false,Page comparison 2026-07-15..2026-08-11 versus 2026-06-17..2026-07-14: 0/2 clicks/impressions versus 0/0.,HIGH_FOR_EXPORTED_PERIOD; NOT_CURRENT_AFTER_2026-08-11
https://echobuddha.com/quotes/meditation/sit-with-the-day-as-it-is-before-asking/,QUOTE_STORY,0,0,0,NEW_OR_ZERO_BASELINE,0,2,-2,-100%,0,3.5,INSUFFICIENT_DATA,false,Page comparison 2026-07-15..2026-08-11 versus 2026-06-17..2026-07-14: 0/0 clicks/impressions versus 0/2.,HIGH_FOR_EXPORTED_PERIOD; NOT_CURRENT_AFTER_2026-08-11
https://echobuddha.com/quotes/meditation/sit-without-demanding-silence-and-the-mind-will-teach/,QUOTE_STORY,NOT_AVAILABLE,NOT_AVAILABLE,NOT_AVAILABLE,NOT_AVAILABLE,NOT_AVAILABLE,NOT_AVAILABLE,NOT_AVAILABLE,NOT_AVAILABLE,NOT_AVAILABLE,NOT_AVAILABLE,INSUFFICIENT_DATA,false,No row in the preserved page-level 28-day comparison export.,LOW
https://echobuddha.com/quotes/meditation/the-bell-fades-but-careful-listening-can-continue/,QUOTE_STORY,NOT_AVAILABLE,NOT_AVAILABLE,NOT_AVAILABLE,NOT_AVAILABLE,NOT_AVAILABLE,NOT_AVAILABLE,NOT_AVAILABLE,NOT_AVAILABLE,NOT_AVAILABLE,NOT_AVAILABLE,INSUFFICIENT_DATA,false,No row in the preserved page-level 28-day comparison export.,LOW
https://echobuddha.com/quotes/meditation/the-cushion-is-a-place-to-practice-returning-not/,QUOTE_STORY,NOT_AVAILABLE,NOT_AVAILABLE,NOT_AVAILABLE,NOT_AVAILABLE,NOT_AVAILABLE,NOT_AVAILABLE,NOT_AVAILABLE,NOT_AVAILABLE,NOT_AVAILABLE,NOT_AVAILABLE,INSUFFICIENT_DATA,false,No row in the preserved page-level 28-day comparison export.,LOW
https://echobuddha.com/quotes/meditation/when-stillness-feels-impossible-begin-by-noticing-the-restlessness/,QUOTE_STORY,0,0,0,NEW_OR_ZERO_BASELINE,0,2,-2,-100%,0,2,INSUFFICIENT_DATA,false,Page comparison 2026-07-15..2026-08-11 versus 2026-06-17..2026-07-14: 0/0 clicks/impressions versus 0/2.,HIGH_FOR_EXPORTED_PERIOD; NOT_CURRENT_AFTER_2026-08-11
https://echobuddha.com/quotes/mindfulness/a-peaceful-mind-begins-with-one-honest-breath/,QUOTE_STORY,0,0,0,NEW_OR_ZERO_BASELINE,5,0,5,NEW_OR_ZERO_BASELINE,24.4,0,INSUFFICIENT_DATA,false,Page comparison 2026-07-15..2026-08-11 versus 2026-06-17..2026-07-14: 0/5 clicks/impressions versus 0/0.,HIGH_FOR_EXPORTED_PERIOD; NOT_CURRENT_AFTER_2026-08-11
https://echobuddha.com/quotes/mindfulness/a-wandering-mind-is-not-a-failed-mind-it/,QUOTE_STORY,NOT_AVAILABLE,NOT_AVAILABLE,NOT_AVAILABLE,NOT_AVAILABLE,NOT_AVAILABLE,NOT_AVAILABLE,NOT_AVAILABLE,NOT_AVAILABLE,NOT_AVAILABLE,NOT_AVAILABLE,INSUFFICIENT_DATA,false,No row in the preserved page-level 28-day comparison export.,LOW
https://echobuddha.com/quotes/mindfulness/awareness-begins-when-hurry-loosens-its-hold/,QUOTE_STORY,NOT_AVAILABLE,NOT_AVAILABLE,NOT_AVAILABLE,NOT_AVAILABLE,NOT_AVAILABLE,NOT_AVAILABLE,NOT_AVAILABLE,NOT_AVAILABLE,NOT_AVAILABLE,NOT_AVAILABLE,INSUFFICIENT_DATA,false,No row in the preserved page-level 28-day comparison export.,LOW
https://echobuddha.com/quotes/mindfulness/begin-the-day-with-awareness/,QUOTE_STORY,0,0,0,NEW_OR_ZERO_BASELINE,1,0,1,NEW_OR_ZERO_BASELINE,4,0,INSUFFICIENT_DATA,false,Page comparison 2026-07-15..2026-08-11 versus 2026-06-17..2026-07-14: 0/1 clicks/impressions versus 0/0.,HIGH_FOR_EXPORTED_PERIOD; NOT_CURRENT_AFTER_2026-08-11
https://echobuddha.com/quotes/mindfulness/give-one-ordinary-task-the-dignity-of-your-full/,QUOTE_STORY,NOT_AVAILABLE,NOT_AVAILABLE,NOT_AVAILABLE,NOT_AVAILABLE,NOT_AVAILABLE,NOT_AVAILABLE,NOT_AVAILABLE,NOT_AVAILABLE,NOT_AVAILABLE,NOT_AVAILABLE,INSUFFICIENT_DATA,false,No row in the preserved page-level 28-day comparison export.,LOW
https://echobuddha.com/quotes/mindfulness/gratitude-notices-enough/,QUOTE_STORY,NOT_AVAILABLE,NOT_AVAILABLE,NOT_AVAILABLE,NOT_AVAILABLE,NOT_AVAILABLE,NOT_AVAILABLE,NOT_AVAILABLE,NOT_AVAILABLE,NOT_AVAILABLE,NOT_AVAILABLE,INSUFFICIENT_DATA,false,No row in the preserved page-level 28-day comparison export.,LOW
https://echobuddha.com/quotes/mindfulness/ground-yourself-gently/,QUOTE_STORY,0,0,0,NEW_OR_ZERO_BASELINE,0,1,-1,-100%,0,60,INSUFFICIENT_DATA,false,Page comparison 2026-07-15..2026-08-11 versus 2026-06-17..2026-07-14: 0/0 clicks/impressions versus 0/1.,HIGH_FOR_EXPORTED_PERIOD; NOT_CURRENT_AFTER_2026-08-11
https://echobuddha.com/quotes/mindfulness/,QUOTE_CATEGORY,1,0,1,NEW_OR_ZERO_BASELINE,19,1,18,1800%,24.47,36,GROWING,true,Page comparison 2026-07-15..2026-08-11 versus 2026-06-17..2026-07-14: 1/19 clicks/impressions versus 0/1.,HIGH_FOR_EXPORTED_PERIOD; NOT_CURRENT_AFTER_2026-08-11
https://echobuddha.com/quotes/mindfulness/listen-before-answering/,QUOTE_STORY,0,0,0,NEW_OR_ZERO_BASELINE,2,0,2,NEW_OR_ZERO_BASELINE,20.5,0,INSUFFICIENT_DATA,false,Page comparison 2026-07-15..2026-08-11 versus 2026-06-17..2026-07-14: 0/2 clicks/impressions versus 0/0.,HIGH_FOR_EXPORTED_PERIOD; NOT_CURRENT_AFTER_2026-08-11
https://echobuddha.com/quotes/mindfulness/listen-to-the-moment-before-filling-it-with-your/,QUOTE_STORY,0,0,0,NEW_OR_ZERO_BASELINE,1,0,1,NEW_OR_ZERO_BASELINE,64,0,INSUFFICIENT_DATA,false,Page comparison 2026-07-15..2026-08-11 versus 2026-06-17..2026-07-14: 0/1 clicks/impressions versus 0/0.,HIGH_FOR_EXPORTED_PERIOD; NOT_CURRENT_AFTER_2026-08-11
https://echobuddha.com/quotes/mindfulness/notice-what-is-here-before-deciding-what-it-means/,QUOTE_STORY,NOT_AVAILABLE,NOT_AVAILABLE,NOT_AVAILABLE,NOT_AVAILABLE,NOT_AVAILABLE,NOT_AVAILABLE,NOT_AVAILABLE,NOT_AVAILABLE,NOT_AVAILABLE,NOT_AVAILABLE,INSUFFICIENT_DATA,false,No row in the preserved page-level 28-day comparison export.,LOW
https://echobuddha.com/quotes/mindfulness/one-mindful-pause-can-change-the-direction-of-an/,QUOTE_STORY,0,0,0,NEW_OR_ZERO_BASELINE,0,1,-1,-100%,0,3,INSUFFICIENT_DATA,false,Page comparison 2026-07-15..2026-08-11 versus 2026-06-17..2026-07-14: 0/0 clicks/impressions versus 0/1.,HIGH_FOR_EXPORTED_PERIOD; NOT_CURRENT_AFTER_2026-08-11
https://echobuddha.com/quotes/mindfulness/peace-begins-with-attention/,QUOTE_STORY,NOT_AVAILABLE,NOT_AVAILABLE,NOT_AVAILABLE,NOT_AVAILABLE,NOT_AVAILABLE,NOT_AVAILABLE,NOT_AVAILABLE,NOT_AVAILABLE,NOT_AVAILABLE,NOT_AVAILABLE,INSUFFICIENT_DATA,false,No row in the preserved page-level 28-day comparison export.,LOW
https://echobuddha.com/quotes/mindfulness/peace-grows-when-attention-stops-running-ahead-of-the/,QUOTE_STORY,NOT_AVAILABLE,NOT_AVAILABLE,NOT_AVAILABLE,NOT_AVAILABLE,NOT_AVAILABLE,NOT_AVAILABLE,NOT_AVAILABLE,NOT_AVAILABLE,NOT_AVAILABLE,NOT_AVAILABLE,INSUFFICIENT_DATA,false,No row in the preserved page-level 28-day comparison export.,LOW
https://echobuddha.com/quotes/mindfulness/present-moment-one-step/,QUOTE_STORY,NOT_AVAILABLE,NOT_AVAILABLE,NOT_AVAILABLE,NOT_AVAILABLE,NOT_AVAILABLE,NOT_AVAILABLE,NOT_AVAILABLE,NOT_AVAILABLE,NOT_AVAILABLE,NOT_AVAILABLE,INSUFFICIENT_DATA,false,No row in the preserved page-level 28-day comparison export.,LOW
https://echobuddha.com/quotes/mindfulness/return-to-the-breath-before-you-return-to-the/,QUOTE_STORY,NOT_AVAILABLE,NOT_AVAILABLE,NOT_AVAILABLE,NOT_AVAILABLE,NOT_AVAILABLE,NOT_AVAILABLE,NOT_AVAILABLE,NOT_AVAILABLE,NOT_AVAILABLE,NOT_AVAILABLE,INSUFFICIENT_DATA,false,No row in the preserved page-level 28-day comparison export.,LOW
https://echobuddha.com/quotes/mindfulness/the-more-clearly-you-notice-life-the-less-carelessly/,QUOTE_STORY,NOT_AVAILABLE,NOT_AVAILABLE,NOT_AVAILABLE,NOT_AVAILABLE,NOT_AVAILABLE,NOT_AVAILABLE,NOT_AVAILABLE,NOT_AVAILABLE,NOT_AVAILABLE,NOT_AVAILABLE,INSUFFICIENT_DATA,false,No row in the preserved page-level 28-day comparison export.,LOW
https://echobuddha.com/quotes/mindfulness/the-present-moment-asks-for-your-attention-not-your/,QUOTE_STORY,NOT_AVAILABLE,NOT_AVAILABLE,NOT_AVAILABLE,NOT_AVAILABLE,NOT_AVAILABLE,NOT_AVAILABLE,NOT_AVAILABLE,NOT_AVAILABLE,NOT_AVAILABLE,NOT_AVAILABLE,INSUFFICIENT_DATA,false,No row in the preserved page-level 28-day comparison export.,LOW
https://echobuddha.com/quotes/patience/a-difficult-moment-becomes-heavier-when-we-demand-that/,QUOTE_STORY,NOT_AVAILABLE,NOT_AVAILABLE,NOT_AVAILABLE,NOT_AVAILABLE,NOT_AVAILABLE,NOT_AVAILABLE,NOT_AVAILABLE,NOT_AVAILABLE,NOT_AVAILABLE,NOT_AVAILABLE,INSUFFICIENT_DATA,false,No row in the preserved page-level 28-day comparison export.,LOW
https://echobuddha.com/quotes/patience/be-patient-with-the-part-of-you-that-is/,QUOTE_STORY,NOT_AVAILABLE,NOT_AVAILABLE,NOT_AVAILABLE,NOT_AVAILABLE,NOT_AVAILABLE,NOT_AVAILABLE,NOT_AVAILABLE,NOT_AVAILABLE,NOT_AVAILABLE,NOT_AVAILABLE,INSUFFICIENT_DATA,false,No row in the preserved page-level 28-day comparison export.,LOW
https://echobuddha.com/quotes/patience/family-kindness-and-patience/,QUOTE_STORY,NOT_AVAILABLE,NOT_AVAILABLE,NOT_AVAILABLE,NOT_AVAILABLE,NOT_AVAILABLE,NOT_AVAILABLE,NOT_AVAILABLE,NOT_AVAILABLE,NOT_AVAILABLE,NOT_AVAILABLE,INSUFFICIENT_DATA,false,No row in the preserved page-level 28-day comparison export.,LOW
https://echobuddha.com/quotes/patience/growth-is-quiet-work-often-invisible-until-the-season/,QUOTE_STORY,NOT_AVAILABLE,NOT_AVAILABLE,NOT_AVAILABLE,NOT_AVAILABLE,NOT_AVAILABLE,NOT_AVAILABLE,NOT_AVAILABLE,NOT_AVAILABLE,NOT_AVAILABLE,NOT_AVAILABLE,INSUFFICIENT_DATA,false,No row in the preserved page-level 28-day comparison export.,LOW
https://echobuddha.com/quotes/patience/,QUOTE_CATEGORY,1,0,1,NEW_OR_ZERO_BASELINE,115,16,99,618.75%,26.83,34.5,STRONGLY_GROWING,true,Page comparison 2026-07-15..2026-08-11 versus 2026-06-17..2026-07-14: 1/115 clicks/impressions versus 0/16.,HIGH_FOR_EXPORTED_PERIOD; NOT_CURRENT_AFTER_2026-08-11
https://echobuddha.com/quotes/patience/not-every-delay-is-an-obstacle-some-are-invitations/,QUOTE_STORY,NOT_AVAILABLE,NOT_AVAILABLE,NOT_AVAILABLE,NOT_AVAILABLE,NOT_AVAILABLE,NOT_AVAILABLE,NOT_AVAILABLE,NOT_AVAILABLE,NOT_AVAILABLE,NOT_AVAILABLE,INSUFFICIENT_DATA,false,No row in the preserved page-level 28-day comparison export.,LOW
https://echobuddha.com/quotes/patience/patience-is-the-strength-to-remain-present-while-life/,QUOTE_STORY,NOT_AVAILABLE,NOT_AVAILABLE,NOT_AVAILABLE,NOT_AVAILABLE,NOT_AVAILABLE,NOT_AVAILABLE,NOT_AVAILABLE,NOT_AVAILABLE,NOT_AVAILABLE,NOT_AVAILABLE,INSUFFICIENT_DATA,false,No row in the preserved page-level 28-day comparison export.,LOW
https://echobuddha.com/quotes/patience/patience-makes-room-for-truth-to-arrive-without-force/,QUOTE_STORY,NOT_AVAILABLE,NOT_AVAILABLE,NOT_AVAILABLE,NOT_AVAILABLE,NOT_AVAILABLE,NOT_AVAILABLE,NOT_AVAILABLE,NOT_AVAILABLE,NOT_AVAILABLE,NOT_AVAILABLE,INSUFFICIENT_DATA,false,No row in the preserved page-level 28-day comparison export.,LOW
https://echobuddha.com/quotes/patience/patience-softens-the-wait/,QUOTE_STORY,NOT_AVAILABLE,NOT_AVAILABLE,NOT_AVAILABLE,NOT_AVAILABLE,NOT_AVAILABLE,NOT_AVAILABLE,NOT_AVAILABLE,NOT_AVAILABLE,NOT_AVAILABLE,NOT_AVAILABLE,INSUFFICIENT_DATA,false,No row in the preserved page-level 28-day comparison export.,LOW
https://echobuddha.com/quotes/patience/some-answers-become-clear-only-after-the-mind-stops/,QUOTE_STORY,NOT_AVAILABLE,NOT_AVAILABLE,NOT_AVAILABLE,NOT_AVAILABLE,NOT_AVAILABLE,NOT_AVAILABLE,NOT_AVAILABLE,NOT_AVAILABLE,NOT_AVAILABLE,NOT_AVAILABLE,INSUFFICIENT_DATA,false,No row in the preserved page-level 28-day comparison export.,LOW
https://echobuddha.com/quotes/patience/stay-gentle-with-beginnings-they-are-carrying-more-than/,QUOTE_STORY,NOT_AVAILABLE,NOT_AVAILABLE,NOT_AVAILABLE,NOT_AVAILABLE,NOT_AVAILABLE,NOT_AVAILABLE,NOT_AVAILABLE,NOT_AVAILABLE,NOT_AVAILABLE,NOT_AVAILABLE,INSUFFICIENT_DATA,false,No row in the preserved page-level 28-day comparison export.,LOW
https://echobuddha.com/quotes/patience/the-path-unfolds-at-the-pace-of-sincere-practice/,QUOTE_STORY,NOT_AVAILABLE,NOT_AVAILABLE,NOT_AVAILABLE,NOT_AVAILABLE,NOT_AVAILABLE,NOT_AVAILABLE,NOT_AVAILABLE,NOT_AVAILABLE,NOT_AVAILABLE,NOT_AVAILABLE,INSUFFICIENT_DATA,false,No row in the preserved page-level 28-day comparison export.,LOW
https://echobuddha.com/quotes/patience/wait-long-enough-for-the-first-reaction-to-become/,QUOTE_STORY,NOT_AVAILABLE,NOT_AVAILABLE,NOT_AVAILABLE,NOT_AVAILABLE,NOT_AVAILABLE,NOT_AVAILABLE,NOT_AVAILABLE,NOT_AVAILABLE,NOT_AVAILABLE,NOT_AVAILABLE,INSUFFICIENT_DATA,false,No row in the preserved page-level 28-day comparison export.,LOW
https://echobuddha.com/quotes/patience/when-anger-rises-pause-long-enough-to-see-the/,QUOTE_STORY,0,0,0,NEW_OR_ZERO_BASELINE,4,1,3,300%,48.5,7,INSUFFICIENT_DATA,false,Page comparison 2026-07-15..2026-08-11 versus 2026-06-17..2026-07-14: 0/4 clicks/impressions versus 0/1.,HIGH_FOR_EXPORTED_PERIOD; NOT_CURRENT_AFTER_2026-08-11
https://echobuddha.com/quotes/practice/a-peaceful-life-is-built-from-peaceful-moments-practiced/,QUOTE_STORY,NOT_AVAILABLE,NOT_AVAILABLE,NOT_AVAILABLE,NOT_AVAILABLE,NOT_AVAILABLE,NOT_AVAILABLE,NOT_AVAILABLE,NOT_AVAILABLE,NOT_AVAILABLE,NOT_AVAILABLE,INSUFFICIENT_DATA,false,No row in the preserved page-level 28-day comparison export.,LOW
https://echobuddha.com/quotes/practice/begin-with-what-is-possible-then-return-tomorrow/,QUOTE_STORY,NOT_AVAILABLE,NOT_AVAILABLE,NOT_AVAILABLE,NOT_AVAILABLE,NOT_AVAILABLE,NOT_AVAILABLE,NOT_AVAILABLE,NOT_AVAILABLE,NOT_AVAILABLE,NOT_AVAILABLE,INSUFFICIENT_DATA,false,No row in the preserved page-level 28-day comparison export.,LOW
https://echobuddha.com/quotes/practice/bring-the-teaching-into-the-place-where-you-are/,QUOTE_STORY,NOT_AVAILABLE,NOT_AVAILABLE,NOT_AVAILABLE,NOT_AVAILABLE,NOT_AVAILABLE,NOT_AVAILABLE,NOT_AVAILABLE,NOT_AVAILABLE,NOT_AVAILABLE,NOT_AVAILABLE,INSUFFICIENT_DATA,false,No row in the preserved page-level 28-day comparison export.,LOW
https://echobuddha.com/quotes/practice/daily-practice-turns-understanding-from-an-idea-into-a/,QUOTE_STORY,NOT_AVAILABLE,NOT_AVAILABLE,NOT_AVAILABLE,NOT_AVAILABLE,NOT_AVAILABLE,NOT_AVAILABLE,NOT_AVAILABLE,NOT_AVAILABLE,NOT_AVAILABLE,NOT_AVAILABLE,INSUFFICIENT_DATA,false,No row in the preserved page-level 28-day comparison export.,LOW
https://echobuddha.com/quotes/practice/do-not-wait-to-feel-ready-before-choosing-what/,QUOTE_STORY,NOT_AVAILABLE,NOT_AVAILABLE,NOT_AVAILABLE,NOT_AVAILABLE,NOT_AVAILABLE,NOT_AVAILABLE,NOT_AVAILABLE,NOT_AVAILABLE,NOT_AVAILABLE,NOT_AVAILABLE,INSUFFICIENT_DATA,false,No row in the preserved page-level 28-day comparison export.,LOW
https://echobuddha.com/quotes/practice/eightfold-path-daily-choices/,QUOTE_STORY,0,0,0,NEW_OR_ZERO_BASELINE,0,2,-2,-100%,0,4.5,INSUFFICIENT_DATA,false,Page comparison 2026-07-15..2026-08-11 versus 2026-06-17..2026-07-14: 0/0 clicks/impressions versus 0/2.,HIGH_FOR_EXPORTED_PERIOD; NOT_CURRENT_AFTER_2026-08-11
https://echobuddha.com/quotes/practice/,QUOTE_CATEGORY,0,0,0,NEW_OR_ZERO_BASELINE,7,0,7,NEW_OR_ZERO_BASELINE,9.86,0,INSUFFICIENT_DATA,false,Page comparison 2026-07-15..2026-08-11 versus 2026-06-17..2026-07-14: 0/7 clicks/impressions versus 0/0.,HIGH_FOR_EXPORTED_PERIOD; NOT_CURRENT_AFTER_2026-08-11
https://echobuddha.com/quotes/practice/mindfulness-at-work-breath/,QUOTE_STORY,NOT_AVAILABLE,NOT_AVAILABLE,NOT_AVAILABLE,NOT_AVAILABLE,NOT_AVAILABLE,NOT_AVAILABLE,NOT_AVAILABLE,NOT_AVAILABLE,NOT_AVAILABLE,NOT_AVAILABLE,INSUFFICIENT_DATA,false,No row in the preserved page-level 28-day comparison export.,LOW
https://echobuddha.com/quotes/practice/practice-becomes-real-when-it-enters-your-speech-and/,QUOTE_STORY,NOT_AVAILABLE,NOT_AVAILABLE,NOT_AVAILABLE,NOT_AVAILABLE,NOT_AVAILABLE,NOT_AVAILABLE,NOT_AVAILABLE,NOT_AVAILABLE,NOT_AVAILABLE,NOT_AVAILABLE,INSUFFICIENT_DATA,false,No row in the preserved page-level 28-day comparison export.,LOW
https://echobuddha.com/quotes/practice/right-intention-turns-the-heart/,QUOTE_STORY,NOT_AVAILABLE,NOT_AVAILABLE,NOT_AVAILABLE,NOT_AVAILABLE,NOT_AVAILABLE,NOT_AVAILABLE,NOT_AVAILABLE,NOT_AVAILABLE,NOT_AVAILABLE,NOT_AVAILABLE,INSUFFICIENT_DATA,false,No row in the preserved page-level 28-day comparison export.,LOW
https://echobuddha.com/quotes/practice/small-actions-shape-the-mind/,QUOTE_STORY,0,0,0,NEW_OR_ZERO_BASELINE,1,0,1,NEW_OR_ZERO_BASELINE,10,0,INSUFFICIENT_DATA,false,Page comparison 2026-07-15..2026-08-11 versus 2026-06-17..2026-07-14: 0/1 clicks/impressions versus 0/0.,HIGH_FOR_EXPORTED_PERIOD; NOT_CURRENT_AFTER_2026-08-11
https://echobuddha.com/quotes/practice/the-path-is-not-far-away-it-is-the/,QUOTE_STORY,0,0,0,NEW_OR_ZERO_BASELINE,6,1,5,500%,28.33,2,INSUFFICIENT_DATA,false,Page comparison 2026-07-15..2026-08-11 versus 2026-06-17..2026-07-14: 0/6 clicks/impressions versus 0/1.,HIGH_FOR_EXPORTED_PERIOD; NOT_CURRENT_AFTER_2026-08-11
https://echobuddha.com/quotes/practice/the-path-is-shaped-by-what-you-repeat-when/,QUOTE_STORY,NOT_AVAILABLE,NOT_AVAILABLE,NOT_AVAILABLE,NOT_AVAILABLE,NOT_AVAILABLE,NOT_AVAILABLE,NOT_AVAILABLE,NOT_AVAILABLE,NOT_AVAILABLE,NOT_AVAILABLE,INSUFFICIENT_DATA,false,No row in the preserved page-level 28-day comparison export.,LOW
https://echobuddha.com/quotes/practice/the-smallest-wholesome-action-is-larger-than-the-finest/,QUOTE_STORY,NOT_AVAILABLE,NOT_AVAILABLE,NOT_AVAILABLE,NOT_AVAILABLE,NOT_AVAILABLE,NOT_AVAILABLE,NOT_AVAILABLE,NOT_AVAILABLE,NOT_AVAILABLE,NOT_AVAILABLE,INSUFFICIENT_DATA,false,No row in the preserved page-level 28-day comparison export.,LOW
https://echobuddha.com/quotes/practice/walk-slowly-enough-to-notice-where-your-life-is/,QUOTE_STORY,NOT_AVAILABLE,NOT_AVAILABLE,NOT_AVAILABLE,NOT_AVAILABLE,NOT_AVAILABLE,NOT_AVAILABLE,NOT_AVAILABLE,NOT_AVAILABLE,NOT_AVAILABLE,NOT_AVAILABLE,INSUFFICIENT_DATA,false,No row in the preserved page-level 28-day comparison export.,LOW
https://echobuddha.com/quotes/practice/your-next-response-is-always-part-of-the-path/,QUOTE_STORY,0,0,0,NEW_OR_ZERO_BASELINE,0,1,-1,-100%,0,5,INSUFFICIENT_DATA,false,Page comparison 2026-07-15..2026-08-11 versus 2026-06-17..2026-07-14: 0/0 clicks/impressions versus 0/1.,HIGH_FOR_EXPORTED_PERIOD; NOT_CURRENT_AFTER_2026-08-11
https://echobuddha.com/quotes/renewal/a-mistake-becomes-a-teacher-when-honesty-enters-the/,QUOTE_STORY,NOT_AVAILABLE,NOT_AVAILABLE,NOT_AVAILABLE,NOT_AVAILABLE,NOT_AVAILABLE,NOT_AVAILABLE,NOT_AVAILABLE,NOT_AVAILABLE,NOT_AVAILABLE,NOT_AVAILABLE,INSUFFICIENT_DATA,false,No row in the preserved page-level 28-day comparison export.,LOW
https://echobuddha.com/quotes/renewal/a-new-direction-can-start-with-one-different-choice/,QUOTE_STORY,NOT_AVAILABLE,NOT_AVAILABLE,NOT_AVAILABLE,NOT_AVAILABLE,NOT_AVAILABLE,NOT_AVAILABLE,NOT_AVAILABLE,NOT_AVAILABLE,NOT_AVAILABLE,NOT_AVAILABLE,INSUFFICIENT_DATA,false,No row in the preserved page-level 28-day comparison export.,LOW
https://echobuddha.com/quotes/renewal/begin-again-gently-the-breath-is-always-willing/,QUOTE_STORY,0,0,0,NEW_OR_ZERO_BASELINE,0,1,-1,-100%,0,9,INSUFFICIENT_DATA,false,Page comparison 2026-07-15..2026-08-11 versus 2026-06-17..2026-07-14: 0/0 clicks/impressions versus 0/1.,HIGH_FOR_EXPORTED_PERIOD; NOT_CURRENT_AFTER_2026-08-11
https://echobuddha.com/quotes/renewal/begin-again-without-shame/,QUOTE_STORY,NOT_AVAILABLE,NOT_AVAILABLE,NOT_AVAILABLE,NOT_AVAILABLE,NOT_AVAILABLE,NOT_AVAILABLE,NOT_AVAILABLE,NOT_AVAILABLE,NOT_AVAILABLE,NOT_AVAILABLE,INSUFFICIENT_DATA,false,No row in the preserved page-level 28-day comparison export.,LOW
https://echobuddha.com/quotes/renewal/begin-again-without-turning-yesterday-into-a-sentence/,QUOTE_STORY,NOT_AVAILABLE,NOT_AVAILABLE,NOT_AVAILABLE,NOT_AVAILABLE,NOT_AVAILABLE,NOT_AVAILABLE,NOT_AVAILABLE,NOT_AVAILABLE,NOT_AVAILABLE,NOT_AVAILABLE,INSUFFICIENT_DATA,false,No row in the preserved page-level 28-day comparison export.,LOW
https://echobuddha.com/quotes/renewal/do-not-confuse-an-old-pattern-with-an-unchangeable/,QUOTE_STORY,NOT_AVAILABLE,NOT_AVAILABLE,NOT_AVAILABLE,NOT_AVAILABLE,NOT_AVAILABLE,NOT_AVAILABLE,NOT_AVAILABLE,NOT_AVAILABLE,NOT_AVAILABLE,NOT_AVAILABLE,INSUFFICIENT_DATA,false,No row in the preserved page-level 28-day comparison export.,LOW
https://echobuddha.com/quotes/renewal/each-conscious-breath-is-a-small-vote-for-beginning/,QUOTE_STORY,NOT_AVAILABLE,NOT_AVAILABLE,NOT_AVAILABLE,NOT_AVAILABLE,NOT_AVAILABLE,NOT_AVAILABLE,NOT_AVAILABLE,NOT_AVAILABLE,NOT_AVAILABLE,NOT_AVAILABLE,INSUFFICIENT_DATA,false,No row in the preserved page-level 28-day comparison export.,LOW
https://echobuddha.com/quotes/renewal/evening-release-reflection/,QUOTE_STORY,NOT_AVAILABLE,NOT_AVAILABLE,NOT_AVAILABLE,NOT_AVAILABLE,NOT_AVAILABLE,NOT_AVAILABLE,NOT_AVAILABLE,NOT_AVAILABLE,NOT_AVAILABLE,NOT_AVAILABLE,INSUFFICIENT_DATA,false,No row in the preserved page-level 28-day comparison export.,LOW
https://echobuddha.com/quotes/renewal/gentle-hope-keeps-walking/,QUOTE_STORY,NOT_AVAILABLE,NOT_AVAILABLE,NOT_AVAILABLE,NOT_AVAILABLE,NOT_AVAILABLE,NOT_AVAILABLE,NOT_AVAILABLE,NOT_AVAILABLE,NOT_AVAILABLE,NOT_AVAILABLE,INSUFFICIENT_DATA,false,No row in the preserved page-level 28-day comparison export.,LOW
https://echobuddha.com/quotes/renewal/hope-can-be-quiet-and-still-keep-walking/,QUOTE_STORY,NOT_AVAILABLE,NOT_AVAILABLE,NOT_AVAILABLE,NOT_AVAILABLE,NOT_AVAILABLE,NOT_AVAILABLE,NOT_AVAILABLE,NOT_AVAILABLE,NOT_AVAILABLE,NOT_AVAILABLE,INSUFFICIENT_DATA,false,No row in the preserved page-level 28-day comparison export.,LOW
https://echobuddha.com/quotes/renewal/,QUOTE_CATEGORY,0,0,0,NEW_OR_ZERO_BASELINE,2,0,2,NEW_OR_ZERO_BASELINE,9.5,0,INSUFFICIENT_DATA,false,Page comparison 2026-07-15..2026-08-11 versus 2026-06-17..2026-07-14: 0/2 clicks/impressions versus 0/0.,HIGH_FOR_EXPORTED_PERIOD; NOT_CURRENT_AFTER_2026-08-11
https://echobuddha.com/quotes/renewal/morning-is-not-the-only-time-a-life-can/,QUOTE_STORY,NOT_AVAILABLE,NOT_AVAILABLE,NOT_AVAILABLE,NOT_AVAILABLE,NOT_AVAILABLE,NOT_AVAILABLE,NOT_AVAILABLE,NOT_AVAILABLE,NOT_AVAILABLE,NOT_AVAILABLE,INSUFFICIENT_DATA,false,No row in the preserved page-level 28-day comparison export.,LOW
https://echobuddha.com/quotes/renewal/one-calm-morning-intention/,QUOTE_STORY,NOT_AVAILABLE,NOT_AVAILABLE,NOT_AVAILABLE,NOT_AVAILABLE,NOT_AVAILABLE,NOT_AVAILABLE,NOT_AVAILABLE,NOT_AVAILABLE,NOT_AVAILABLE,NOT_AVAILABLE,INSUFFICIENT_DATA,false,No row in the preserved page-level 28-day comparison export.,LOW
https://echobuddha.com/quotes/renewal/repair-what-you-can-forgive-what-you-cannot-redo/,QUOTE_STORY,NOT_AVAILABLE,NOT_AVAILABLE,NOT_AVAILABLE,NOT_AVAILABLE,NOT_AVAILABLE,NOT_AVAILABLE,NOT_AVAILABLE,NOT_AVAILABLE,NOT_AVAILABLE,NOT_AVAILABLE,INSUFFICIENT_DATA,false,No row in the preserved page-level 28-day comparison export.,LOW
https://echobuddha.com/quotes/renewal/the-path-welcomes-your-return-more-often-than-pride/,QUOTE_STORY,NOT_AVAILABLE,NOT_AVAILABLE,NOT_AVAILABLE,NOT_AVAILABLE,NOT_AVAILABLE,NOT_AVAILABLE,NOT_AVAILABLE,NOT_AVAILABLE,NOT_AVAILABLE,NOT_AVAILABLE,INSUFFICIENT_DATA,false,No row in the preserved page-level 28-day comparison export.,LOW
https://echobuddha.com/quotes/renewal/you-are-allowed-to-learn-slowly-and-still-be/,QUOTE_STORY,NOT_AVAILABLE,NOT_AVAILABLE,NOT_AVAILABLE,NOT_AVAILABLE,NOT_AVAILABLE,NOT_AVAILABLE,NOT_AVAILABLE,NOT_AVAILABLE,NOT_AVAILABLE,NOT_AVAILABLE,INSUFFICIENT_DATA,false,No row in the preserved page-level 28-day comparison export.,LOW
https://echobuddha.com/quotes/wisdom/a-clear-mind-can-hold-two-truths-without-rushing/,QUOTE_STORY,NOT_AVAILABLE,NOT_AVAILABLE,NOT_AVAILABLE,NOT_AVAILABLE,NOT_AVAILABLE,NOT_AVAILABLE,NOT_AVAILABLE,NOT_AVAILABLE,NOT_AVAILABLE,NOT_AVAILABLE,INSUFFICIENT_DATA,false,No row in the preserved page-level 28-day comparison export.,LOW
https://echobuddha.com/quotes/wisdom/a-useful-truth-is-carried-with-humility-not-used/,QUOTE_STORY,NOT_AVAILABLE,NOT_AVAILABLE,NOT_AVAILABLE,NOT_AVAILABLE,NOT_AVAILABLE,NOT_AVAILABLE,NOT_AVAILABLE,NOT_AVAILABLE,NOT_AVAILABLE,NOT_AVAILABLE,INSUFFICIENT_DATA,false,No row in the preserved page-level 28-day comparison export.,LOW
https://echobuddha.com/quotes/wisdom/contentment-with-what-is-here/,QUOTE_STORY,NOT_AVAILABLE,NOT_AVAILABLE,NOT_AVAILABLE,NOT_AVAILABLE,NOT_AVAILABLE,NOT_AVAILABLE,NOT_AVAILABLE,NOT_AVAILABLE,NOT_AVAILABLE,NOT_AVAILABLE,INSUFFICIENT_DATA,false,No row in the preserved page-level 28-day comparison export.,LOW
https://echobuddha.com/quotes/wisdom/difficult-people-and-boundaries/,QUOTE_STORY,NOT_AVAILABLE,NOT_AVAILABLE,NOT_AVAILABLE,NOT_AVAILABLE,NOT_AVAILABLE,NOT_AVAILABLE,NOT_AVAILABLE,NOT_AVAILABLE,NOT_AVAILABLE,NOT_AVAILABLE,INSUFFICIENT_DATA,false,No row in the preserved page-level 28-day comparison export.,LOW
https://echobuddha.com/quotes/wisdom/,QUOTE_CATEGORY,0,0,0,NEW_OR_ZERO_BASELINE,6,1,5,500%,25,10,INSUFFICIENT_DATA,false,Page comparison 2026-07-15..2026-08-11 versus 2026-06-17..2026-07-14: 0/6 clicks/impressions versus 0/1.,HIGH_FOR_EXPORTED_PERIOD; NOT_CURRENT_AFTER_2026-08-11
https://echobuddha.com/quotes/wisdom/karma-begins-in-intention/,QUOTE_STORY,0,0,0,NEW_OR_ZERO_BASELINE,3,0,3,NEW_OR_ZERO_BASELINE,6.67,0,INSUFFICIENT_DATA,false,Page comparison 2026-07-15..2026-08-11 versus 2026-06-17..2026-07-14: 0/3 clicks/impressions versus 0/0.,HIGH_FOR_EXPORTED_PERIOD; NOT_CURRENT_AFTER_2026-08-11
https://echobuddha.com/quotes/wisdom/knowing-when-not-to-speak-is-also-a-form/,QUOTE_STORY,0,0,0,NEW_OR_ZERO_BASELINE,0,1,-1,-100%,0,5,INSUFFICIENT_DATA,false,Page comparison 2026-07-15..2026-08-11 versus 2026-06-17..2026-07-14: 0/0 clicks/impressions versus 0/1.,HIGH_FOR_EXPORTED_PERIOD; NOT_CURRENT_AFTER_2026-08-11
https://echobuddha.com/quotes/wisdom/learn-from-discomfort-without-turning-suffering-into-an-identity/,QUOTE_STORY,0,0,0,NEW_OR_ZERO_BASELINE,0,1,-1,-100%,0,9,INSUFFICIENT_DATA,false,Page comparison 2026-07-15..2026-08-11 versus 2026-06-17..2026-07-14: 0/0 clicks/impressions versus 0/1.,HIGH_FOR_EXPORTED_PERIOD; NOT_CURRENT_AFTER_2026-08-11
https://echobuddha.com/quotes/wisdom/right-speech-with-kindness/,QUOTE_STORY,NOT_AVAILABLE,NOT_AVAILABLE,NOT_AVAILABLE,NOT_AVAILABLE,NOT_AVAILABLE,NOT_AVAILABLE,NOT_AVAILABLE,NOT_AVAILABLE,NOT_AVAILABLE,NOT_AVAILABLE,INSUFFICIENT_DATA,false,No row in the preserved page-level 28-day comparison export.,LOW
https://echobuddha.com/quotes/wisdom/see-the-conditions-behind-an-action-and-blame-may/,QUOTE_STORY,NOT_AVAILABLE,NOT_AVAILABLE,NOT_AVAILABLE,NOT_AVAILABLE,NOT_AVAILABLE,NOT_AVAILABLE,NOT_AVAILABLE,NOT_AVAILABLE,NOT_AVAILABLE,NOT_AVAILABLE,INSUFFICIENT_DATA,false,No row in the preserved page-level 28-day comparison export.,LOW
https://echobuddha.com/quotes/wisdom/simplicity-clears-the-room/,QUOTE_STORY,NOT_AVAILABLE,NOT_AVAILABLE,NOT_AVAILABLE,NOT_AVAILABLE,NOT_AVAILABLE,NOT_AVAILABLE,NOT_AVAILABLE,NOT_AVAILABLE,NOT_AVAILABLE,NOT_AVAILABLE,INSUFFICIENT_DATA,false,No row in the preserved page-level 28-day comparison export.,LOW
https://echobuddha.com/quotes/wisdom/the-lesson-repeats-until-attention-replaces-habit/,QUOTE_STORY,0,0,0,NEW_OR_ZERO_BASELINE,1,0,1,NEW_OR_ZERO_BASELINE,8,0,INSUFFICIENT_DATA,false,Page comparison 2026-07-15..2026-08-11 versus 2026-06-17..2026-07-14: 0/1 clicks/impressions versus 0/0.,HIGH_FOR_EXPORTED_PERIOD; NOT_CURRENT_AFTER_2026-08-11
https://echobuddha.com/quotes/wisdom/the-wise-heart-changes-course-when-clearer-seeing-arrives/,QUOTE_STORY,NOT_AVAILABLE,NOT_AVAILABLE,NOT_AVAILABLE,NOT_AVAILABLE,NOT_AVAILABLE,NOT_AVAILABLE,NOT_AVAILABLE,NOT_AVAILABLE,NOT_AVAILABLE,NOT_AVAILABLE,INSUFFICIENT_DATA,false,No row in the preserved page-level 28-day comparison export.,LOW
https://echobuddha.com/quotes/wisdom/understanding-suffering-honestly/,QUOTE_STORY,NOT_AVAILABLE,NOT_AVAILABLE,NOT_AVAILABLE,NOT_AVAILABLE,NOT_AVAILABLE,NOT_AVAILABLE,NOT_AVAILABLE,NOT_AVAILABLE,NOT_AVAILABLE,NOT_AVAILABLE,INSUFFICIENT_DATA,false,No row in the preserved page-level 28-day comparison export.,LOW
https://echobuddha.com/quotes/wisdom/what-feels-urgent-is-not-always-what-matters-most/,QUOTE_STORY,NOT_AVAILABLE,NOT_AVAILABLE,NOT_AVAILABLE,NOT_AVAILABLE,NOT_AVAILABLE,NOT_AVAILABLE,NOT_AVAILABLE,NOT_AVAILABLE,NOT_AVAILABLE,NOT_AVAILABLE,INSUFFICIENT_DATA,false,No row in the preserved page-level 28-day comparison export.,LOW
https://echobuddha.com/quotes/wisdom/wisdom-is-less-interested-in-winning-than-in-ending/,QUOTE_STORY,NOT_AVAILABLE,NOT_AVAILABLE,NOT_AVAILABLE,NOT_AVAILABLE,NOT_AVAILABLE,NOT_AVAILABLE,NOT_AVAILABLE,NOT_AVAILABLE,NOT_AVAILABLE,NOT_AVAILABLE,INSUFFICIENT_DATA,false,No row in the preserved page-level 28-day comparison export.,LOW
https://echobuddha.com/quotes/wisdom/wisdom-is-the-art-of-meeting-life-without-adding/,QUOTE_STORY,0,0,0,NEW_OR_ZERO_BASELINE,8,0,8,NEW_OR_ZERO_BASELINE,33,0,INSUFFICIENT_DATA,false,Page comparison 2026-07-15..2026-08-11 versus 2026-06-17..2026-07-14: 0/8 clicks/impressions versus 0/0.,HIGH_FOR_EXPORTED_PERIOD; NOT_CURRENT_AFTER_2026-08-11
https://echobuddha.com/quotes/wisdom/wisdom-sees-clearly/,QUOTE_STORY,0,0,0,NEW_OR_ZERO_BASELINE,1,2,-1,-50%,10,3.5,INSUFFICIENT_DATA,false,Page comparison 2026-07-15..2026-08-11 versus 2026-06-17..2026-07-14: 0/1 clicks/impressions versus 0/2.,HIGH_FOR_EXPORTED_PERIOD; NOT_CURRENT_AFTER_2026-08-11
https://echobuddha.com/quotes/wisdom/wisdom-sees-the-whole-fire-not-only-the-spark/,QUOTE_STORY,NOT_AVAILABLE,NOT_AVAILABLE,NOT_AVAILABLE,NOT_AVAILABLE,NOT_AVAILABLE,NOT_AVAILABLE,NOT_AVAILABLE,NOT_AVAILABLE,NOT_AVAILABLE,NOT_AVAILABLE,INSUFFICIENT_DATA,false,No row in the preserved page-level 28-day comparison export.,LOW
https://echobuddha.com/quotes/wisdom/wise-silence/,QUOTE_STORY,0,0,0,NEW_OR_ZERO_BASELINE,2,0,2,NEW_OR_ZERO_BASELINE,24,0,INSUFFICIENT_DATA,false,Page comparison 2026-07-15..2026-08-11 versus 2026-06-17..2026-07-14: 0/2 clicks/impressions versus 0/0.,HIGH_FOR_EXPORTED_PERIOD; NOT_CURRENT_AFTER_2026-08-11
https://echobuddha.com/search/,SEARCH,NOT_AVAILABLE,NOT_AVAILABLE,NOT_AVAILABLE,NOT_AVAILABLE,NOT_AVAILABLE,NOT_AVAILABLE,NOT_AVAILABLE,NOT_AVAILABLE,NOT_AVAILABLE,NOT_AVAILABLE,INSUFFICIENT_DATA,false,No row in the preserved page-level 28-day comparison export.,LOW
https://echobuddha.com/start-here/,LEARN_GUIDE,NOT_AVAILABLE,NOT_AVAILABLE,NOT_AVAILABLE,NOT_AVAILABLE,NOT_AVAILABLE,NOT_AVAILABLE,NOT_AVAILABLE,NOT_AVAILABLE,NOT_AVAILABLE,NOT_AVAILABLE,INSUFFICIENT_DATA,false,No row in the preserved page-level 28-day comparison export.,LOW
https://echobuddha.com/terms-of-use/,TERMS,0,0,0,NEW_OR_ZERO_BASELINE,3,0,3,NEW_OR_ZERO_BASELINE,22.33,0,INSUFFICIENT_DATA,false,Page comparison 2026-07-15..2026-08-11 versus 2026-06-17..2026-07-14: 0/3 clicks/impressions versus 0/0.,HIGH_FOR_EXPORTED_PERIOD; NOT_CURRENT_AFTER_2026-08-11
https://echobuddha.com/tools/,TOOL,NOT_AVAILABLE,NOT_AVAILABLE,NOT_AVAILABLE,NOT_AVAILABLE,NOT_AVAILABLE,NOT_AVAILABLE,NOT_AVAILABLE,NOT_AVAILABLE,NOT_AVAILABLE,NOT_AVAILABLE,INSUFFICIENT_DATA,false,No row in the preserved page-level 28-day comparison export.,LOW
https://echobuddha.com/sitemap.xml/,XML_SITEMAP,NOT_AVAILABLE,NOT_AVAILABLE,NOT_AVAILABLE,NOT_AVAILABLE,NOT_AVAILABLE,NOT_AVAILABLE,NOT_AVAILABLE,NOT_AVAILABLE,NOT_AVAILABLE,NOT_AVAILABLE,INSUFFICIENT_DATA,false,No row in the preserved page-level 28-day comparison export.,LOW
https://echobuddha.com/robots.txt/,ROBOTS,NOT_AVAILABLE,NOT_AVAILABLE,NOT_AVAILABLE,NOT_AVAILABLE,NOT_AVAILABLE,NOT_AVAILABLE,NOT_AVAILABLE,NOT_AVAILABLE,NOT_AVAILABLE,NOT_AVAILABLE,INSUFFICIENT_DATA,false,No row in the preserved page-level 28-day comparison export.,LOW
https://echobuddha.com/ads.txt/,ADS_AUTHORIZATION,NOT_AVAILABLE,NOT_AVAILABLE,NOT_AVAILABLE,NOT_AVAILABLE,NOT_AVAILABLE,NOT_AVAILABLE,NOT_AVAILABLE,NOT_AVAILABLE,NOT_AVAILABLE,NOT_AVAILABLE,INSUFFICIENT_DATA,false,No row in the preserved page-level 28-day comparison export.,LOW
