url_id,URL,page_family,family_group,topic,primary_intent,declared_role,owner_url,independent_purpose_raw,independent_purpose_weighted,independent_purpose_evidence,independent_purpose_confidence,originality_raw,originality_weighted,originality_evidence,originality_confidence,external_value_raw,external_value_weighted,external_value_evidence,external_value_confidence,internal_differentiation_raw,internal_differentiation_weighted,internal_differentiation_evidence,internal_differentiation_confidence,completeness_raw,completeness_weighted,completeness_evidence,completeness_confidence,editorial_contribution_raw,editorial_contribution_weighted,editorial_contribution_evidence,editorial_contribution_confidence,trust_raw,trust_weighted,trust_evidence,trust_confidence,ux_raw,ux_weighted,ux_evidence,ux_confidence,search_equity_raw,search_equity_weighted,search_equity_evidence,search_equity_confidence,return_value_raw,return_value_weighted,return_value_evidence,return_value_confidence,publisher_value_score,main_score_evidence,external_benchmark_reference,external_originality_confidence,similarity_cluster,intent_cluster,owner_support_relation,query_ownership,gsc_clicks,gsc_impressions,SEO_equity_level,policy_risk_flags,critical_override,critical_override_reason,mass_production_signal,people_first_purpose,who_signal,how_signal,why_signal,factual_review_required,score_band,provisional_review_class,evaluation_confidence,scoring_status,second_review_required,scoring_dispute,first_pass_score,second_pass_score,second_pass_rationale,notes
url_efc17d978027208c,https://echobuddha.com/articles/beginning-a-daily-mindfulness-practice/,ARTICLE,Articles,Mindfulness,practical guide,PRACTICAL_APPLICATION,https://echobuddha.com/learn/buddhism-101/what-is-mindfulness/,2,6.0,practical guide; declared owner(s): https://echobuddha.com/learn/buddhism-101/what-is-mindfulness/; topic cluster contains 31 indexable URLs.,MEDIUM,4,12.0,"No exact Phase 1 body duplicate; exact repeated-block ratio 0.1637, unique-text ratio 0.8363; 3 retained similarity pairs; max lexical 0.1071; max heading 0.4857.",MEDIUM,3,9.0,3 current authoritative benchmarks assigned for Mindfulness; EchoBuddha role is practical guide; 0 extracted citations; 0 Buddhist primary-source links; source section present.,MEDIUM,2,6.0,3 retained similarity pairs; max lexical 0.1071; max heading 0.4857; declared owner(s): https://echobuddha.com/learn/buddhism-101/what-is-mindfulness/; query ownership is NO_DATA rather than inferred.,HIGH,4,8.0,26 headings and 41 paragraphs inspected as structural coverage evidence; purpose is practical guide; word count did not award points.,MEDIUM,3,6.0,Visible author/editorial signal Echo Buddha Editorial; process reference present; provenance is structured repository content with historical drafting method not fully verified.,MEDIUM,2,2.0,0 extracted citations; 0 Buddhist primary-source links; source section present,MEDIUM,4,4.0,"Phase 1 observed HTTP 200, canonical self, indexable true; current sitemap/robots hashes match Phase 0 and no rendered ad/placeholder surface was observed.",HIGH,2,2.0,0 clicks and 0 impressions in the preserved three-month page export; query×page join unavailable,HIGH,3,3.0,"practical guide assessed for reference, practice, reflection, or repeat navigation utility; family ARTICLE; independent-purpose raw score 2/5.",MEDIUM,58,Evidence-weighted internal Phase 2 score; OWNER_SUPPORT_OVERLAP | WEAK_INDEPENDENT_PURPOSE | SOURCE_QUALITY_GAP.,SC_MN10 | ATI_DN22 | NHS_MINDFULNESS,MEDIUM,ND_MINDFULNESS,INTENT_MINDFULNESS,DECLARED_SUPPORT,NO_DATA,0,0,LOW,OWNER_SUPPORT_OVERLAP | WEAK_INDEPENDENT_PURPOSE | SOURCE_QUALITY_GAP,false,,LOW,WEAK,ADEQUATE,ADEQUATE,WEAK,true,50–69,MAJOR_REVIEW_CANDIDATE,MEDIUM,SCORED,true,false,58,58,Independent challenge found no evidence-based adjustment.,"Internal governance score, not a Google score or final URL disposition."
url_81cdb5dc4ea1d166,https://echobuddha.com/articles/buddhism-for-beginners-simple-guide/,ARTICLE,Articles,Beginner Buddhism,practical guide,BEGINNER_FOUNDATION,https://echobuddha.com/learn/buddhism-for-beginners/,2,6.0,practical guide; declared owner(s): https://echobuddha.com/learn/buddhism-for-beginners/; topic cluster contains 7 indexable URLs.,HIGH,4,12.0,"No exact Phase 1 body duplicate; exact repeated-block ratio 0.1282, unique-text ratio 0.8718; 1 retained similarity pairs; max lexical 0.0819; max heading 0.3500.",HIGH,2,6.0,3 current authoritative benchmarks assigned for Beginner Buddhism; EchoBuddha role is practical guide; 2 extracted citations; 2 Buddhist primary-source links; source section present.,MEDIUM,2,6.0,1 retained similarity pairs; max lexical 0.0819; max heading 0.3500; declared owner(s): https://echobuddha.com/learn/buddhism-for-beginners/; query ownership is NO_DATA rather than inferred.,HIGH,4,8.0,28 headings and 42 paragraphs inspected as structural coverage evidence; purpose is practical guide; word count did not award points.,HIGH,4,8.0,Visible author/editorial signal Echo Buddha Editorial; process reference present; provenance is structured repository content with historical drafting method not fully verified.,HIGH,5,5.0,2 extracted citations; 2 Buddhist primary-source links; source section present,HIGH,4,4.0,"Phase 1 observed HTTP 200, canonical self, indexable true; current sitemap/robots hashes match Phase 0 and no rendered ad/placeholder surface was observed.",HIGH,2,2.0,0 clicks and 4 impressions in the preserved three-month page export; query×page join unavailable,HIGH,3,3.0,"practical guide assessed for reference, practice, reflection, or repeat navigation utility; family ARTICLE; independent-purpose raw score 2/5.",HIGH,60,Evidence-weighted internal Phase 2 score; SEARCH_FIRST_CONTENT_PATTERN | KEYWORD_VARIATION_PATTERN | OWNER_SUPPORT_OVERLAP | WEAK_INDEPENDENT_PURPOSE.,TRICYCLE_BEGINNERS | ATI_BEFRIENDING | SC_START,MEDIUM,ND_BEGINNER_BUDDHISM,INTENT_BEGINNER_BUDDHISM,DECLARED_SUPPORT,NO_DATA,0,4,LIMITED,SEARCH_FIRST_CONTENT_PATTERN | KEYWORD_VARIATION_PATTERN | OWNER_SUPPORT_OVERLAP | WEAK_INDEPENDENT_PURPOSE,false,,LOW,WEAK,ADEQUATE,ADEQUATE,WEAK,true,50–69,MAJOR_REVIEW_CANDIDATE,HIGH,SCORED,true,false,60,60,Independent challenge found no evidence-based adjustment.,"Internal governance score, not a Google score or final URL disposition."
url_fa05f751d9a0b344,https://echobuddha.com/articles/buddhist-approach-to-anger/,ARTICLE,Articles,Anger,practical guide,PRIMARY_PILLAR,,3,9.0,practical guide; no declared owner relationship; topic cluster contains 1 indexable URLs.,HIGH,4,12.0,"No exact Phase 1 body duplicate; exact repeated-block ratio 0.1674, unique-text ratio 0.8326; 2 retained similarity pairs; max lexical 0.0918; max heading 0.4048.",HIGH,3,9.0,3 current authoritative benchmarks assigned for Anger; EchoBuddha role is practical guide; 2 extracted citations; 2 Buddhist primary-source links; source section present.,MEDIUM,3,9.0,2 retained similarity pairs; max lexical 0.0918; max heading 0.4048; no declared owner relationship; query ownership is NO_DATA rather than inferred.,HIGH,4,8.0,31 headings and 48 paragraphs inspected as structural coverage evidence; purpose is practical guide; word count did not award points.,HIGH,4,8.0,Visible author/editorial signal Echo Buddha Editorial; process reference present; provenance is structured repository content with historical drafting method not fully verified.,HIGH,5,5.0,2 extracted citations; 2 Buddhist primary-source links; source section present,HIGH,4,4.0,"Phase 1 observed HTTP 200, canonical self, indexable true; current sitemap/robots hashes match Phase 0 and no rendered ad/placeholder surface was observed.",HIGH,3,3.0,0 clicks and 5 impressions in the preserved three-month page export; query×page join unavailable,HIGH,3,3.0,"practical guide assessed for reference, practice, reflection, or repeat navigation utility; family ARTICLE; independent-purpose raw score 3/5.",HIGH,70,Evidence-weighted internal Phase 2 score; no material policy-risk flag.,ATI_PATIENCE | TRICYCLE_BEGINNERS | LIONS_ROAR,MEDIUM,ND_ANGER,INTENT_ANGER,NONE_VERIFIED,NO_DATA,0,5,LIMITED,NONE_OBSERVED,false,,LOW,MODERATE,ADEQUATE,ADEQUATE,ADEQUATE,true,70–84,KEEP_ENHANCE_CANDIDATE,HIGH,SCORED,true,false,70,70,Independent challenge found no evidence-based adjustment.,"Internal governance score, not a Google score or final URL disposition."
url_8ef12c261fdca8c3,https://echobuddha.com/articles/buddhist-gratitude-practice/,ARTICLE,Articles,Attachment and Letting Go,practical guide,PRACTICAL_APPLICATION,,3,9.0,practical guide; no declared owner relationship; topic cluster contains 13 indexable URLs.,HIGH,4,12.0,"No exact Phase 1 body duplicate; exact repeated-block ratio 0.1104, unique-text ratio 0.8896; 0 retained similarity pairs; max lexical 0.0000; max heading 0.0000.",HIGH,3,9.0,3 current authoritative benchmarks assigned for Attachment and Letting Go; EchoBuddha role is practical guide; 2 extracted citations; 1 Buddhist primary-source links; source section present.,MEDIUM,3,9.0,0 retained similarity pairs; max lexical 0.0000; max heading 0.0000; no declared owner relationship; query ownership is NO_DATA rather than inferred.,HIGH,4,8.0,21 headings and 41 paragraphs inspected as structural coverage evidence; purpose is practical guide; word count did not award points.,HIGH,4,8.0,Visible author/editorial signal Echo Buddha Editorial; process reference present; provenance is structured repository content with historical drafting method not fully verified.,HIGH,5,5.0,2 extracted citations; 1 Buddhist primary-source links; source section present,HIGH,4,4.0,"Phase 1 observed HTTP 200, canonical self, indexable true; current sitemap/robots hashes match Phase 0 and no rendered ad/placeholder surface was observed.",HIGH,2,2.0,0 clicks and 2 impressions in the preserved three-month page export; query×page join unavailable,HIGH,3,3.0,"practical guide assessed for reference, practice, reflection, or repeat navigation utility; family ARTICLE; independent-purpose raw score 3/5.",HIGH,69,Evidence-weighted internal Phase 2 score; no material policy-risk flag.,TRICYCLE_BEGINNERS | ATI_BEFRIENDING | LIONS_ROAR,MEDIUM,NONE,INTENT_ATTACHMENT_AND_LETTING_GO,NONE_VERIFIED,NO_DATA,0,2,LIMITED,NONE_OBSERVED,false,,LOW,MODERATE,ADEQUATE,ADEQUATE,ADEQUATE,true,50–69,MAJOR_REVIEW_CANDIDATE,HIGH,SCORED,true,false,69,69,Independent challenge found no evidence-based adjustment.,"Internal governance score, not a Google score or final URL disposition."
url_5572dc61ab5569d1,https://echobuddha.com/articles/buddhist-teachings-on-forgiveness/,ARTICLE,Articles,Attachment and Letting Go,educational explanation,PRIMARY_PILLAR,,3,9.0,educational explanation; no declared owner relationship; topic cluster contains 13 indexable URLs.,HIGH,4,12.0,"No exact Phase 1 body duplicate; exact repeated-block ratio 0.1217, unique-text ratio 0.8783; 0 retained similarity pairs; max lexical 0.0000; max heading 0.0000.",HIGH,3,9.0,3 current authoritative benchmarks assigned for Attachment and Letting Go; EchoBuddha role is educational explanation; 1 extracted citations; 1 Buddhist primary-source links; source section present.,MEDIUM,3,9.0,0 retained similarity pairs; max lexical 0.0000; max heading 0.0000; no declared owner relationship; query ownership is NO_DATA rather than inferred.,HIGH,4,8.0,27 headings and 39 paragraphs inspected as structural coverage evidence; purpose is educational explanation; word count did not award points.,HIGH,4,8.0,Visible author/editorial signal Echo Buddha Editorial; process reference present; provenance is structured repository content with historical drafting method not fully verified.,HIGH,5,5.0,1 extracted citations; 1 Buddhist primary-source links; source section present,HIGH,4,4.0,"Phase 1 observed HTTP 200, canonical self, indexable true; current sitemap/robots hashes match Phase 0 and no rendered ad/placeholder surface was observed.",HIGH,2,2.0,0 clicks and 1 impressions in the preserved three-month page export; query×page join unavailable,HIGH,3,3.0,"educational explanation assessed for reference, practice, reflection, or repeat navigation utility; family ARTICLE; independent-purpose raw score 3/5.",HIGH,69,Evidence-weighted internal Phase 2 score; no material policy-risk flag.,TRICYCLE_BEGINNERS | ATI_BEFRIENDING | LIONS_ROAR,MEDIUM,NONE,INTENT_ATTACHMENT_AND_LETTING_GO,NONE_VERIFIED,NO_DATA,0,1,LIMITED,NONE_OBSERVED,false,,LOW,MODERATE,ADEQUATE,ADEQUATE,ADEQUATE,true,50–69,MAJOR_REVIEW_CANDIDATE,HIGH,SCORED,true,false,69,69,Independent challenge found no evidence-based adjustment.,"Internal governance score, not a Google score or final URL disposition."
url_687ce1b5441676cf,https://echobuddha.com/articles/buddhist-teachings-on-impermanence/,ARTICLE,Articles,Impermanence,practical guide,SUPPORTING_EXPLANATION,https://echobuddha.com/learn/buddhism-101/what-is-impermanence/,2,6.0,practical guide; declared owner(s): https://echobuddha.com/learn/buddhism-101/what-is-impermanence/; topic cluster contains 8 indexable URLs.,HIGH,4,12.0,"No exact Phase 1 body duplicate; exact repeated-block ratio 0.1819, unique-text ratio 0.8181; 4 retained similarity pairs; max lexical 0.1213; max heading 0.4474.",HIGH,3,9.0,3 current authoritative benchmarks assigned for Impermanence; EchoBuddha role is practical guide; 1 extracted citations; 1 Buddhist primary-source links; source section present.,MEDIUM,2,6.0,4 retained similarity pairs; max lexical 0.1213; max heading 0.4474; declared owner(s): https://echobuddha.com/learn/buddhism-101/what-is-impermanence/; query ownership is NO_DATA rather than inferred.,HIGH,4,8.0,28 headings and 44 paragraphs inspected as structural coverage evidence; purpose is practical guide; word count did not award points.,HIGH,4,8.0,Visible author/editorial signal Echo Buddha Editorial; process reference present; provenance is structured repository content with historical drafting method not fully verified.,HIGH,5,5.0,1 extracted citations; 1 Buddhist primary-source links; source section present,HIGH,4,4.0,"Phase 1 observed HTTP 200, canonical self, indexable true; current sitemap/robots hashes match Phase 0 and no rendered ad/placeholder surface was observed.",HIGH,2,2.0,0 clicks and 3 impressions in the preserved three-month page export; query×page join unavailable,HIGH,3,3.0,"practical guide assessed for reference, practice, reflection, or repeat navigation utility; family ARTICLE; independent-purpose raw score 2/5.",HIGH,63,Evidence-weighted internal Phase 2 score; OWNER_SUPPORT_OVERLAP | WEAK_INDEPENDENT_PURPOSE.,SC_SN22_59 | ATI_SN22_59 | TRICYCLE_BEGINNERS,MEDIUM,ND_IMPERMANENCE,INTENT_IMPERMANENCE,DECLARED_SUPPORT,NO_DATA,0,3,LIMITED,OWNER_SUPPORT_OVERLAP | WEAK_INDEPENDENT_PURPOSE,false,,LOW,WEAK,ADEQUATE,ADEQUATE,WEAK,true,50–69,MAJOR_REVIEW_CANDIDATE,HIGH,SCORED,true,false,63,63,Independent challenge found no evidence-based adjustment.,"Internal governance score, not a Google score or final URL disposition."
url_2fd00d723b39c680,https://echobuddha.com/articles/buddhist-wisdom-for-overthinking/,ARTICLE,Articles,Page-specific / unclustered,practical guide,SCENARIO_GUIDE,https://echobuddha.com/articles/how-to-meditate-for-anxiety/,3,9.0,practical guide; declared owner(s): https://echobuddha.com/articles/how-to-meditate-for-anxiety/; topic cluster contains 39 indexable URLs.,HIGH,4,12.0,"No exact Phase 1 body duplicate; exact repeated-block ratio 0.1812, unique-text ratio 0.8188; 2 retained similarity pairs; max lexical 0.1046; max heading 0.3750.",HIGH,4,12.0,3 current authoritative benchmarks assigned for Page-specific / unclustered; EchoBuddha role is practical guide; 0 extracted citations; 0 Buddhist primary-source links; source section present.,MEDIUM,2,6.0,2 retained similarity pairs; max lexical 0.1046; max heading 0.3750; declared owner(s): https://echobuddha.com/articles/how-to-meditate-for-anxiety/; query ownership is NO_DATA rather than inferred.,HIGH,4,8.0,26 headings and 37 paragraphs inspected as structural coverage evidence; purpose is practical guide; word count did not award points.,HIGH,3,6.0,Visible author/editorial signal Echo Buddha Editorial; process reference present; provenance is structured repository content with historical drafting method not fully verified.,HIGH,2,2.0,0 extracted citations; 0 Buddhist primary-source links; source section present,HIGH,4,4.0,"Phase 1 observed HTTP 200, canonical self, indexable true; current sitemap/robots hashes match Phase 0 and no rendered ad/placeholder surface was observed.",HIGH,3,3.0,0 clicks and 17 impressions in the preserved three-month page export; query×page join unavailable,HIGH,4,4.0,"practical guide assessed for reference, practice, reflection, or repeat navigation utility; family ARTICLE; independent-purpose raw score 3/5.",HIGH,66,Evidence-weighted internal Phase 2 score; OWNER_SUPPORT_OVERLAP | SOURCE_QUALITY_GAP.,TRICYCLE_BEGINNERS | ATI_BEFRIENDING | LIONS_ROAR,MEDIUM,ND_PAGE_SPECIFIC_UNCLUSTERED,Page-specific / unclustered,DECLARED_SUPPORT,NO_DATA,0,17,LIMITED,OWNER_SUPPORT_OVERLAP | SOURCE_QUALITY_GAP,false,,LOW,MODERATE,ADEQUATE,ADEQUATE,ADEQUATE,true,50–69,MAJOR_REVIEW_CANDIDATE,HIGH,SCORED,true,false,66,66,Independent challenge found no evidence-based adjustment.,"Internal governance score, not a Google score or final URL disposition."
url_54c231e4d1579892,https://echobuddha.com/articles/category/buddhist-wisdom/,ARTICLE_CATEGORY,Articles,Page-specific / unclustered,navigation/reference,CATEGORY,https://echobuddha.com/articles/,3,9.0,navigation/reference; declared owner(s): https://echobuddha.com/articles/; topic cluster contains 39 indexable URLs.,HIGH,1,3.0,"No exact Phase 1 body duplicate; exact repeated-block ratio 0.8598, unique-text ratio 0.1402; 0 retained similarity pairs; max lexical 0.0000; max heading 0.0000.",HIGH,2,6.0,3 current authoritative benchmarks assigned for Page-specific / unclustered; EchoBuddha role is navigation/reference; 0 extracted citations; 0 Buddhist primary-source links; source section present.,MEDIUM,3,9.0,0 retained similarity pairs; max lexical 0.0000; max heading 0.0000; declared owner(s): https://echobuddha.com/articles/; query ownership is NO_DATA rather than inferred.,HIGH,3,6.0,23 headings and 46 paragraphs inspected as structural coverage evidence; purpose is navigation/reference; word count did not award points.,HIGH,2,4.0,Visible author/editorial signal NOT_VERIFIED; process reference present; provenance is structured repository content with historical drafting method not fully verified.,HIGH,3,3.0,0 extracted citations; 0 Buddhist primary-source links; source section present,HIGH,4,4.0,"Phase 1 observed HTTP 200, canonical self, indexable true; current sitemap/robots hashes match Phase 0 and no rendered ad/placeholder surface was observed.",HIGH,3,3.0,0 clicks and 7 impressions in the preserved three-month page export; query×page join unavailable,HIGH,3,3.0,"navigation/reference assessed for reference, practice, reflection, or repeat navigation utility; family ARTICLE_CATEGORY; independent-purpose raw score 3/5.",HIGH,50,Evidence-weighted internal Phase 2 score; NAVIGATION_DOMINANT_SURFACE | OWNER_SUPPORT_OVERLAP | BOILERPLATE_DOMINANT | LOW_UNIQUE_TEXT_RATIO.,TRICYCLE_BEGINNERS | ATI_BEFRIENDING | LIONS_ROAR,MEDIUM,NONE,Page-specific / unclustered,DECLARED_SUPPORT,NO_DATA,0,7,LIMITED,NAVIGATION_DOMINANT_SURFACE | OWNER_SUPPORT_OVERLAP | BOILERPLATE_DOMINANT | LOW_UNIQUE_TEXT_RATIO,false,,MODERATE,MODERATE,ADEQUATE,ADEQUATE,ADEQUATE,true,50–69,MAJOR_REVIEW_CANDIDATE,HIGH,SCORED,true,false,50,50,Independent challenge found no evidence-based adjustment.,"Internal governance score, not a Google score or final URL disposition."
url_98ffb998f7203108,https://echobuddha.com/articles/category/meditation/,ARTICLE_CATEGORY,Articles,Meditation,navigation/reference,CATEGORY,https://echobuddha.com/articles/,3,9.0,navigation/reference; declared owner(s): https://echobuddha.com/articles/; topic cluster contains 17 indexable URLs.,HIGH,1,3.0,"No exact Phase 1 body duplicate; exact repeated-block ratio 0.7597, unique-text ratio 0.2403; 0 retained similarity pairs; max lexical 0.0000; max heading 0.0000.",HIGH,2,6.0,3 current authoritative benchmarks assigned for Meditation; EchoBuddha role is navigation/reference; 0 extracted citations; 0 Buddhist primary-source links; source section present.,MEDIUM,3,9.0,0 retained similarity pairs; max lexical 0.0000; max heading 0.0000; declared owner(s): https://echobuddha.com/articles/; query ownership is NO_DATA rather than inferred.,HIGH,3,6.0,12 headings and 24 paragraphs inspected as structural coverage evidence; purpose is navigation/reference; word count did not award points.,HIGH,2,4.0,Visible author/editorial signal NOT_VERIFIED; process reference present; provenance is structured repository content with historical drafting method not fully verified.,HIGH,3,3.0,0 extracted citations; 0 Buddhist primary-source links; source section present,HIGH,4,4.0,"Phase 1 observed HTTP 200, canonical self, indexable true; current sitemap/robots hashes match Phase 0 and no rendered ad/placeholder surface was observed.",HIGH,2,2.0,0 clicks and 1 impressions in the preserved three-month page export; query×page join unavailable,HIGH,3,3.0,"navigation/reference assessed for reference, practice, reflection, or repeat navigation utility; family ARTICLE_CATEGORY; independent-purpose raw score 3/5.",HIGH,49,Evidence-weighted internal Phase 2 score; LOW_VALUE_INVENTORY_RISK | NAVIGATION_DOMINANT_SURFACE | OWNER_SUPPORT_OVERLAP | BOILERPLATE_DOMINANT | LOW_UNIQUE_TEXT_RATIO.,SC_MN118 | ATI_MN118 | NCCIH_MEDITATION,MEDIUM,NONE,INTENT_MEDITATION,DECLARED_SUPPORT,NO_DATA,0,1,LIMITED,LOW_VALUE_INVENTORY_RISK | NAVIGATION_DOMINANT_SURFACE | OWNER_SUPPORT_OVERLAP | BOILERPLATE_DOMINANT | LOW_UNIQUE_TEXT_RATIO,false,,MODERATE,MODERATE,ADEQUATE,ADEQUATE,ADEQUATE,true,30–49,CONSOLIDATION_INDEXATION_REVIEW_CANDIDATE,HIGH,SCORED,true,false,49,49,Independent challenge found no evidence-based adjustment.,"Internal governance score, not a Google score or final URL disposition."
url_bf40dae05a8c6c5c,https://echobuddha.com/articles/category/mindfulness/,ARTICLE_CATEGORY,Articles,Mindfulness,navigation/reference,CATEGORY,https://echobuddha.com/articles/,3,9.0,navigation/reference; declared owner(s): https://echobuddha.com/articles/; topic cluster contains 31 indexable URLs.,HIGH,1,3.0,"No exact Phase 1 body duplicate; exact repeated-block ratio 0.6907, unique-text ratio 0.3093; 0 retained similarity pairs; max lexical 0.0000; max heading 0.0000.",HIGH,2,6.0,3 current authoritative benchmarks assigned for Mindfulness; EchoBuddha role is navigation/reference; 0 extracted citations; 0 Buddhist primary-source links; source section present.,MEDIUM,3,9.0,0 retained similarity pairs; max lexical 0.0000; max heading 0.0000; declared owner(s): https://echobuddha.com/articles/; query ownership is NO_DATA rather than inferred.,HIGH,3,6.0,8 headings and 16 paragraphs inspected as structural coverage evidence; purpose is navigation/reference; word count did not award points.,HIGH,2,4.0,Visible author/editorial signal NOT_VERIFIED; process reference present; provenance is structured repository content with historical drafting method not fully verified.,HIGH,3,3.0,0 extracted citations; 0 Buddhist primary-source links; source section present,HIGH,4,4.0,"Phase 1 observed HTTP 200, canonical self, indexable true; current sitemap/robots hashes match Phase 0 and no rendered ad/placeholder surface was observed.",HIGH,2,2.0,0 clicks and 1 impressions in the preserved three-month page export; query×page join unavailable,HIGH,3,3.0,"navigation/reference assessed for reference, practice, reflection, or repeat navigation utility; family ARTICLE_CATEGORY; independent-purpose raw score 3/5.",HIGH,49,Evidence-weighted internal Phase 2 score; LOW_VALUE_INVENTORY_RISK | NAVIGATION_DOMINANT_SURFACE | OWNER_SUPPORT_OVERLAP | BOILERPLATE_DOMINANT | LOW_UNIQUE_TEXT_RATIO.,SC_MN10 | ATI_DN22 | NHS_MINDFULNESS,MEDIUM,NONE,INTENT_MINDFULNESS,DECLARED_SUPPORT,NO_DATA,0,1,LIMITED,LOW_VALUE_INVENTORY_RISK | NAVIGATION_DOMINANT_SURFACE | OWNER_SUPPORT_OVERLAP | BOILERPLATE_DOMINANT | LOW_UNIQUE_TEXT_RATIO,false,,MODERATE,MODERATE,ADEQUATE,ADEQUATE,ADEQUATE,true,30–49,CONSOLIDATION_INDEXATION_REVIEW_CANDIDATE,HIGH,SCORED,true,false,49,49,Independent challenge found no evidence-based adjustment.,"Internal governance score, not a Google score or final URL disposition."
url_e0ad470646dc7e3b,https://echobuddha.com/articles/category/practice/,ARTICLE_CATEGORY,Articles,Page-specific / unclustered,navigation/reference,CATEGORY,,3,9.0,navigation/reference; no declared owner relationship; topic cluster contains 39 indexable URLs.,HIGH,1,3.0,"No exact Phase 1 body duplicate; exact repeated-block ratio 0.7368, unique-text ratio 0.2632; 0 retained similarity pairs; max lexical 0.0000; max heading 0.0000.",HIGH,2,6.0,3 current authoritative benchmarks assigned for Page-specific / unclustered; EchoBuddha role is navigation/reference; 0 extracted citations; 0 Buddhist primary-source links; source section present.,MEDIUM,3,9.0,0 retained similarity pairs; max lexical 0.0000; max heading 0.0000; no declared owner relationship; query ownership is NO_DATA rather than inferred.,HIGH,3,6.0,10 headings and 20 paragraphs inspected as structural coverage evidence; purpose is navigation/reference; word count did not award points.,HIGH,2,4.0,Visible author/editorial signal NOT_VERIFIED; process reference present; provenance is structured repository content with historical drafting method not fully verified.,HIGH,3,3.0,0 extracted citations; 0 Buddhist primary-source links; source section present,HIGH,4,4.0,"Phase 1 observed HTTP 200, canonical self, indexable true; current sitemap/robots hashes match Phase 0 and no rendered ad/placeholder surface was observed.",HIGH,3,3.0,0 clicks and 6 impressions in the preserved three-month page export; query×page join unavailable,HIGH,3,3.0,"navigation/reference assessed for reference, practice, reflection, or repeat navigation utility; family ARTICLE_CATEGORY; independent-purpose raw score 3/5.",HIGH,50,Evidence-weighted internal Phase 2 score; NAVIGATION_DOMINANT_SURFACE | BOILERPLATE_DOMINANT | LOW_UNIQUE_TEXT_RATIO.,TRICYCLE_BEGINNERS | ATI_BEFRIENDING | LIONS_ROAR,MEDIUM,NONE,Page-specific / unclustered,NONE_VERIFIED,NO_DATA,0,6,LIMITED,NAVIGATION_DOMINANT_SURFACE | BOILERPLATE_DOMINANT | LOW_UNIQUE_TEXT_RATIO,false,,MODERATE,MODERATE,ADEQUATE,ADEQUATE,ADEQUATE,true,50–69,MAJOR_REVIEW_CANDIDATE,HIGH,SCORED,true,false,50,50,Independent challenge found no evidence-based adjustment.,"Internal governance score, not a Google score or final URL disposition."
url_ef886a2a006ca6b7,https://echobuddha.com/articles/category/reflection/,ARTICLE_CATEGORY,Articles,Page-specific / unclustered,navigation/reference,CATEGORY,https://echobuddha.com/articles/,3,9.0,navigation/reference; declared owner(s): https://echobuddha.com/articles/; topic cluster contains 39 indexable URLs.,MEDIUM,1,3.0,"No exact Phase 1 body duplicate; exact repeated-block ratio 0.7689, unique-text ratio 0.2311; 0 retained similarity pairs; max lexical 0.0000; max heading 0.0000.",MEDIUM,2,6.0,3 current authoritative benchmarks assigned for Page-specific / unclustered; EchoBuddha role is navigation/reference; 0 extracted citations; 0 Buddhist primary-source links; source section present.,MEDIUM,3,9.0,0 retained similarity pairs; max lexical 0.0000; max heading 0.0000; declared owner(s): https://echobuddha.com/articles/; query ownership is NO_DATA rather than inferred.,HIGH,3,6.0,12 headings and 24 paragraphs inspected as structural coverage evidence; purpose is navigation/reference; word count did not award points.,MEDIUM,2,4.0,Visible author/editorial signal NOT_VERIFIED; process reference present; provenance is structured repository content with historical drafting method not fully verified.,MEDIUM,3,3.0,0 extracted citations; 0 Buddhist primary-source links; source section present,MEDIUM,4,4.0,"Phase 1 observed HTTP 200, canonical self, indexable true; current sitemap/robots hashes match Phase 0 and no rendered ad/placeholder surface was observed.",HIGH,2,2.0,0 clicks and 0 impressions in the preserved three-month page export; query×page join unavailable,HIGH,3,3.0,"navigation/reference assessed for reference, practice, reflection, or repeat navigation utility; family ARTICLE_CATEGORY; independent-purpose raw score 3/5.",MEDIUM,49,Evidence-weighted internal Phase 2 score; LOW_VALUE_INVENTORY_RISK | NAVIGATION_DOMINANT_SURFACE | OWNER_SUPPORT_OVERLAP | BOILERPLATE_DOMINANT | LOW_UNIQUE_TEXT_RATIO.,TRICYCLE_BEGINNERS | ATI_BEFRIENDING | LIONS_ROAR,MEDIUM,NONE,Page-specific / unclustered,DECLARED_SUPPORT,NO_DATA,0,0,LOW,LOW_VALUE_INVENTORY_RISK | NAVIGATION_DOMINANT_SURFACE | OWNER_SUPPORT_OVERLAP | BOILERPLATE_DOMINANT | LOW_UNIQUE_TEXT_RATIO,false,,MODERATE,MODERATE,ADEQUATE,ADEQUATE,ADEQUATE,true,30–49,CONSOLIDATION_INDEXATION_REVIEW_CANDIDATE,MEDIUM,SCORED,true,false,49,49,Independent challenge found no evidence-based adjustment.,"Internal governance score, not a Google score or final URL disposition."
url_264386eee735eef0,https://echobuddha.com/articles/compassion-as-a-daily-discipline/,ARTICLE,Articles,Compassion,practical guide,PRACTICAL_APPLICATION,https://echobuddha.com/articles/compassion-in-buddhism-beginner-guide/,2,6.0,practical guide; declared owner(s): https://echobuddha.com/articles/compassion-in-buddhism-beginner-guide/; topic cluster contains 19 indexable URLs.,HIGH,4,12.0,"No exact Phase 1 body duplicate; exact repeated-block ratio 0.1798, unique-text ratio 0.8202; 5 retained similarity pairs; max lexical 0.1146; max heading 0.4615.",HIGH,3,9.0,3 current authoritative benchmarks assigned for Compassion; EchoBuddha role is practical guide; 1 extracted citations; 1 Buddhist primary-source links; source section present.,MEDIUM,2,6.0,5 retained similarity pairs; max lexical 0.1146; max heading 0.4615; declared owner(s): https://echobuddha.com/articles/compassion-in-buddhism-beginner-guide/; query ownership is NO_DATA rather than inferred.,HIGH,4,8.0,28 headings and 45 paragraphs inspected as structural coverage evidence; purpose is practical guide; word count did not award points.,HIGH,4,8.0,Visible author/editorial signal Echo Buddha Editorial; process reference present; provenance is structured repository content with historical drafting method not fully verified.,HIGH,5,5.0,1 extracted citations; 1 Buddhist primary-source links; source section present,HIGH,4,4.0,"Phase 1 observed HTTP 200, canonical self, indexable true; current sitemap/robots hashes match Phase 0 and no rendered ad/placeholder surface was observed.",HIGH,2,2.0,0 clicks and 1 impressions in the preserved three-month page export; query×page join unavailable,HIGH,3,3.0,"practical guide assessed for reference, practice, reflection, or repeat navigation utility; family ARTICLE; independent-purpose raw score 2/5.",HIGH,63,Evidence-weighted internal Phase 2 score; OWNER_SUPPORT_OVERLAP | WEAK_INDEPENDENT_PURPOSE.,SC_SNP1_8 | ATI_SNP1_8 | DHAMMA_KHP5,MEDIUM,ND_COMPASSION,INTENT_COMPASSION,DECLARED_SUPPORT,NO_DATA,0,1,LIMITED,OWNER_SUPPORT_OVERLAP | WEAK_INDEPENDENT_PURPOSE,false,,LOW,WEAK,ADEQUATE,ADEQUATE,WEAK,true,50–69,MAJOR_REVIEW_CANDIDATE,HIGH,SCORED,true,false,63,63,Independent challenge found no evidence-based adjustment.,"Internal governance score, not a Google score or final URL disposition."
url_a84fd88395b758fc,https://echobuddha.com/articles/compassion-in-buddhism-beginner-guide/,ARTICLE,Articles,Compassion,practical guide,PRIMARY_PILLAR,,4,12.0,practical guide; no declared owner relationship; topic cluster contains 19 indexable URLs.,HIGH,4,12.0,"No exact Phase 1 body duplicate; exact repeated-block ratio 0.1725, unique-text ratio 0.8275; 2 retained similarity pairs; max lexical 0.1323; max heading 0.5000.",HIGH,3,9.0,3 current authoritative benchmarks assigned for Compassion; EchoBuddha role is practical guide; 1 extracted citations; 1 Buddhist primary-source links; source section present.,MEDIUM,4,12.0,2 retained similarity pairs; max lexical 0.1323; max heading 0.5000; no declared owner relationship; query ownership is NO_DATA rather than inferred.,HIGH,4,8.0,26 headings and 42 paragraphs inspected as structural coverage evidence; purpose is practical guide; word count did not award points.,HIGH,4,8.0,Visible author/editorial signal Echo Buddha Editorial; process reference present; provenance is structured repository content with historical drafting method not fully verified.,HIGH,5,5.0,1 extracted citations; 1 Buddhist primary-source links; source section present,HIGH,4,4.0,"Phase 1 observed HTTP 200, canonical self, indexable true; current sitemap/robots hashes match Phase 0 and no rendered ad/placeholder surface was observed.",HIGH,4,4.0,0 clicks and 23 impressions in the preserved three-month page export; query×page join unavailable,HIGH,3,3.0,"practical guide assessed for reference, practice, reflection, or repeat navigation utility; family ARTICLE; independent-purpose raw score 4/5.",HIGH,77,Evidence-weighted internal Phase 2 score; no material policy-risk flag.,SC_SNP1_8 | ATI_SNP1_8 | DHAMMA_KHP5,MEDIUM,ND_COMPASSION,INTENT_COMPASSION,DECLARED_OWNER,NO_DATA,0,23,MODERATE,NONE_OBSERVED,false,,LOW,STRONG,ADEQUATE,ADEQUATE,STRONG,true,70–84,KEEP_ENHANCE_CANDIDATE,HIGH,SCORED,true,false,77,77,Independent challenge found no evidence-based adjustment.,"Internal governance score, not a Google score or final URL disposition."
url_956c8e4ac4f7d60b,https://echobuddha.com/articles/compassion-with-boundaries/,ARTICLE,Articles,Compassion,practical guide,SCENARIO_GUIDE,https://echobuddha.com/articles/compassion-in-buddhism-beginner-guide/,3,9.0,practical guide; declared owner(s): https://echobuddha.com/articles/compassion-in-buddhism-beginner-guide/; topic cluster contains 19 indexable URLs.,HIGH,3,9.0,"No exact Phase 1 body duplicate; exact repeated-block ratio 0.3124, unique-text ratio 0.6876; 9 retained similarity pairs; max lexical 0.1323; max heading 0.5000.",HIGH,4,12.0,3 current authoritative benchmarks assigned for Compassion; EchoBuddha role is practical guide; 2 extracted citations; 1 Buddhist primary-source links; source section present.,MEDIUM,2,6.0,9 retained similarity pairs; max lexical 0.1323; max heading 0.5000; declared owner(s): https://echobuddha.com/articles/compassion-in-buddhism-beginner-guide/; query ownership is NO_DATA rather than inferred.,HIGH,4,8.0,20 headings and 27 paragraphs inspected as structural coverage evidence; purpose is practical guide; word count did not award points.,HIGH,4,8.0,Visible author/editorial signal Echo Buddha Editorial; process reference present; provenance is structured repository content with historical drafting method not fully verified.,HIGH,5,5.0,2 extracted citations; 1 Buddhist primary-source links; source section present,HIGH,4,4.0,"Phase 1 observed HTTP 200, canonical self, indexable true; current sitemap/robots hashes match Phase 0 and no rendered ad/placeholder surface was observed.",HIGH,3,3.0,0 clicks and 5 impressions in the preserved three-month page export; query×page join unavailable,HIGH,4,4.0,"practical guide assessed for reference, practice, reflection, or repeat navigation utility; family ARTICLE; independent-purpose raw score 3/5.",HIGH,68,Evidence-weighted internal Phase 2 score; OWNER_SUPPORT_OVERLAP.,SC_SNP1_8 | ATI_SNP1_8 | DHAMMA_KHP5,MEDIUM,ND_COMPASSION,INTENT_COMPASSION,DECLARED_SUPPORT,NO_DATA,0,5,LIMITED,OWNER_SUPPORT_OVERLAP,false,,LOW,MODERATE,ADEQUATE,ADEQUATE,ADEQUATE,true,50–69,MAJOR_REVIEW_CANDIDATE,HIGH,SCORED,true,false,68,68,Independent challenge found no evidence-based adjustment.,"Internal governance score, not a Google score or final URL disposition."
url_a38a0ae1179f8ac8,https://echobuddha.com/articles/creating-a-peaceful-corner-at-home/,ARTICLE,Articles,Meditation,practical guide,SCENARIO_GUIDE,https://echobuddha.com/meditation/,4,12.0,practical guide; declared owner(s): https://echobuddha.com/meditation/; topic cluster contains 17 indexable URLs.,MEDIUM,4,12.0,"No exact Phase 1 body duplicate; exact repeated-block ratio 0.1593, unique-text ratio 0.8407; 2 retained similarity pairs; max lexical 0.1071; max heading 0.4857.",MEDIUM,4,12.0,3 current authoritative benchmarks assigned for Meditation; EchoBuddha role is practical guide; 0 extracted citations; 0 Buddhist primary-source links; source section present.,MEDIUM,3,9.0,2 retained similarity pairs; max lexical 0.1071; max heading 0.4857; declared owner(s): https://echobuddha.com/meditation/; query ownership is NO_DATA rather than inferred.,HIGH,4,8.0,26 headings and 41 paragraphs inspected as structural coverage evidence; purpose is practical guide; word count did not award points.,MEDIUM,3,6.0,Visible author/editorial signal Echo Buddha Editorial; process reference present; provenance is structured repository content with historical drafting method not fully verified.,MEDIUM,2,2.0,0 extracted citations; 0 Buddhist primary-source links; source section present,MEDIUM,4,4.0,"Phase 1 observed HTTP 200, canonical self, indexable true; current sitemap/robots hashes match Phase 0 and no rendered ad/placeholder surface was observed.",HIGH,2,2.0,0 clicks and 0 impressions in the preserved three-month page export; query×page join unavailable,HIGH,4,4.0,"practical guide assessed for reference, practice, reflection, or repeat navigation utility; family ARTICLE; independent-purpose raw score 4/5.",MEDIUM,71,Evidence-weighted internal Phase 2 score; OWNER_SUPPORT_OVERLAP | SOURCE_QUALITY_GAP.,SC_MN118 | ATI_MN118 | NCCIH_MEDITATION,MEDIUM,ND_MEDITATION,INTENT_MEDITATION,DECLARED_SUPPORT,NO_DATA,0,0,LOW,OWNER_SUPPORT_OVERLAP | SOURCE_QUALITY_GAP,false,,LOW,STRONG,ADEQUATE,ADEQUATE,STRONG,true,70–84,KEEP_ENHANCE_CANDIDATE,MEDIUM,SCORED,true,false,71,71,Independent challenge found no evidence-based adjustment.,"Internal governance score, not a Google score or final URL disposition."
url_ba5a07405251e210,https://echobuddha.com/articles/dhamma-vs-dharma/,ARTICLE,Articles,Dhamma / Dharma,comparison,COMPARISON_PAGE,https://echobuddha.com/learn/buddhist-dictionary/dhamma/,2,6.0,comparison; declared owner(s): https://echobuddha.com/learn/buddhist-dictionary/dhamma/; topic cluster contains 11 indexable URLs.,HIGH,3,9.0,"No exact Phase 1 body duplicate; exact repeated-block ratio 0.2510, unique-text ratio 0.7490; 7 retained similarity pairs; max lexical 0.1530; max heading 0.5556.",HIGH,3,9.0,3 current authoritative benchmarks assigned for Dhamma / Dharma; EchoBuddha role is comparison; 3 extracted citations; 3 Buddhist primary-source links; source section present.,MEDIUM,2,6.0,7 retained similarity pairs; max lexical 0.1530; max heading 0.5556; declared owner(s): https://echobuddha.com/learn/buddhist-dictionary/dhamma/; query ownership is NO_DATA rather than inferred.,HIGH,4,8.0,21 headings and 28 paragraphs inspected as structural coverage evidence; purpose is comparison; word count did not award points.,HIGH,4,8.0,Visible author/editorial signal Echo Buddha Editorial; process reference present; provenance is structured repository content with historical drafting method not fully verified.,HIGH,5,5.0,3 extracted citations; 3 Buddhist primary-source links; source section present,HIGH,4,4.0,"Phase 1 observed HTTP 200, canonical self, indexable true; current sitemap/robots hashes match Phase 0 and no rendered ad/placeholder surface was observed.",HIGH,5,5.0,1 clicks and 232 impressions in the preserved three-month page export; query×page join unavailable,HIGH,3,3.0,"comparison assessed for reference, practice, reflection, or repeat navigation utility; family ARTICLE; independent-purpose raw score 2/5.",HIGH,63,Evidence-weighted internal Phase 2 score; OWNER_SUPPORT_OVERLAP | WEAK_INDEPENDENT_PURPOSE | SEO_EQUITY_HIGH.,ATI_GLOSSARY | SC_DEFINE_DHAMMA | PALI_TEXT_SOCIETY,MEDIUM,ND_DHAMMA_DHARMA,INTENT_DHAMMA_DHARMA,DECLARED_SUPPORT,NO_DATA,1,232,HIGH,OWNER_SUPPORT_OVERLAP | WEAK_INDEPENDENT_PURPOSE | SEO_EQUITY_HIGH,false,,LOW,WEAK,ADEQUATE,ADEQUATE,WEAK,true,50–69,MAJOR_REVIEW_CANDIDATE,HIGH,SCORED,true,false,63,63,Independent challenge found no evidence-based adjustment.,"Internal governance score, not a Google score or final URL disposition."
url_edb3758fd06e6386,https://echobuddha.com/articles/dhammapada-reflection-trained-mind/,ARTICLE,Articles,Dhamma / Dharma,practical guide,SOURCE_STUDY,https://echobuddha.com/learn/dhammapada-reflections/,2,6.0,practical guide; declared owner(s): https://echobuddha.com/learn/dhammapada-reflections/; topic cluster contains 11 indexable URLs.,HIGH,4,12.0,"No exact Phase 1 body duplicate; exact repeated-block ratio 0.1492, unique-text ratio 0.8508; 2 retained similarity pairs; max lexical 0.1003; max heading 0.4474.",HIGH,3,9.0,3 current authoritative benchmarks assigned for Dhamma / Dharma; EchoBuddha role is practical guide; 0 extracted citations; 0 Buddhist primary-source links; source section present.,MEDIUM,2,6.0,2 retained similarity pairs; max lexical 0.1003; max heading 0.4474; declared owner(s): https://echobuddha.com/learn/dhammapada-reflections/; query ownership is NO_DATA rather than inferred.,HIGH,4,8.0,26 headings and 43 paragraphs inspected as structural coverage evidence; purpose is practical guide; word count did not award points.,HIGH,3,6.0,Visible author/editorial signal Echo Buddha Editorial; process reference present; provenance is structured repository content with historical drafting method not fully verified.,HIGH,2,2.0,0 extracted citations; 0 Buddhist primary-source links; source section present,HIGH,4,4.0,"Phase 1 observed HTTP 200, canonical self, indexable true; current sitemap/robots hashes match Phase 0 and no rendered ad/placeholder surface was observed.",HIGH,2,2.0,0 clicks and 1 impressions in the preserved three-month page export; query×page join unavailable,HIGH,3,3.0,"practical guide assessed for reference, practice, reflection, or repeat navigation utility; family ARTICLE; independent-purpose raw score 2/5.",HIGH,58,Evidence-weighted internal Phase 2 score; OWNER_SUPPORT_OVERLAP | WEAK_INDEPENDENT_PURPOSE | SOURCE_QUALITY_GAP.,SC_DHAMMAPADA | ATI_DHAMMAPADA | SC_DHAMMAPADA_INTRO,MEDIUM,ND_DHAMMA_DHARMA,INTENT_DHAMMA_DHARMA,DECLARED_SUPPORT,NO_DATA,0,1,LIMITED,OWNER_SUPPORT_OVERLAP | WEAK_INDEPENDENT_PURPOSE | SOURCE_QUALITY_GAP,false,,LOW,WEAK,ADEQUATE,ADEQUATE,WEAK,true,50–69,MAJOR_REVIEW_CANDIDATE,HIGH,SCORED,true,false,58,58,Independent challenge found no evidence-based adjustment.,"Internal governance score, not a Google score or final URL disposition."
url_e7620ddc04954ad4,https://echobuddha.com/articles/dhammapada-reflection-what-we-think/,ARTICLE,Articles,Dhamma / Dharma,source study,SOURCE_STUDY,https://echobuddha.com/learn/dhammapada-reflections/,2,6.0,source study; declared owner(s): https://echobuddha.com/learn/dhammapada-reflections/; topic cluster contains 11 indexable URLs.,HIGH,4,12.0,"No exact Phase 1 body duplicate; exact repeated-block ratio 0.1625, unique-text ratio 0.8375; 2 retained similarity pairs; max lexical 0.1428; max heading 0.5625.",HIGH,3,9.0,3 current authoritative benchmarks assigned for Dhamma / Dharma; EchoBuddha role is source study; 1 extracted citations; 1 Buddhist primary-source links; source section present.,MEDIUM,2,6.0,2 retained similarity pairs; max lexical 0.1428; max heading 0.5625; declared owner(s): https://echobuddha.com/learn/dhammapada-reflections/; query ownership is NO_DATA rather than inferred.,HIGH,4,8.0,29 headings and 48 paragraphs inspected as structural coverage evidence; purpose is source study; word count did not award points.,HIGH,4,8.0,Visible author/editorial signal Echo Buddha Editorial; process reference present; provenance is structured repository content with historical drafting method not fully verified.,HIGH,5,5.0,1 extracted citations; 1 Buddhist primary-source links; source section present,HIGH,4,4.0,"Phase 1 observed HTTP 200, canonical self, indexable true; current sitemap/robots hashes match Phase 0 and no rendered ad/placeholder surface was observed.",HIGH,4,4.0,0 clicks and 56 impressions in the preserved three-month page export; query×page join unavailable,HIGH,3,3.0,"source study assessed for reference, practice, reflection, or repeat navigation utility; family ARTICLE; independent-purpose raw score 2/5.",HIGH,65,Evidence-weighted internal Phase 2 score; OWNER_SUPPORT_OVERLAP | WEAK_INDEPENDENT_PURPOSE.,SC_DHAMMAPADA | ATI_DHAMMAPADA | SC_DHAMMAPADA_INTRO,MEDIUM,ND_DHAMMA_DHARMA,INTENT_DHAMMA_DHARMA,DECLARED_SUPPORT,NO_DATA,0,56,MODERATE,OWNER_SUPPORT_OVERLAP | WEAK_INDEPENDENT_PURPOSE,false,,LOW,WEAK,ADEQUATE,ADEQUATE,WEAK,true,50–69,MAJOR_REVIEW_CANDIDATE,HIGH,SCORED,true,false,65,65,Independent challenge found no evidence-based adjustment.,"Internal governance score, not a Google score or final URL disposition."
url_23caa633307bf18d,https://echobuddha.com/articles/dhammapada-verse-1-meaning/,ARTICLE,Articles,Dhamma / Dharma,comparison,SOURCE_STUDY,https://echobuddha.com/learn/dhammapada-reflections/,2,6.0,comparison; declared owner(s): https://echobuddha.com/learn/dhammapada-reflections/; topic cluster contains 11 indexable URLs.,HIGH,4,12.0,"No exact Phase 1 body duplicate; exact repeated-block ratio 0.2484, unique-text ratio 0.7516; 3 retained similarity pairs; max lexical 0.1428; max heading 0.5625.",HIGH,3,9.0,3 current authoritative benchmarks assigned for Dhamma / Dharma; EchoBuddha role is comparison; 2 extracted citations; 2 Buddhist primary-source links; source section present.,MEDIUM,2,6.0,3 retained similarity pairs; max lexical 0.1428; max heading 0.5625; declared owner(s): https://echobuddha.com/learn/dhammapada-reflections/; query ownership is NO_DATA rather than inferred.,HIGH,4,8.0,21 headings and 28 paragraphs inspected as structural coverage evidence; purpose is comparison; word count did not award points.,HIGH,4,8.0,Visible author/editorial signal Echo Buddha Editorial; process reference present; provenance is structured repository content with historical drafting method not fully verified.,HIGH,5,5.0,2 extracted citations; 2 Buddhist primary-source links; source section present,HIGH,4,4.0,"Phase 1 observed HTTP 200, canonical self, indexable true; current sitemap/robots hashes match Phase 0 and no rendered ad/placeholder surface was observed.",HIGH,4,4.0,0 clicks and 56 impressions in the preserved three-month page export; query×page join unavailable,HIGH,3,3.0,"comparison assessed for reference, practice, reflection, or repeat navigation utility; family ARTICLE; independent-purpose raw score 2/5.",HIGH,65,Evidence-weighted internal Phase 2 score; OWNER_SUPPORT_OVERLAP | WEAK_INDEPENDENT_PURPOSE.,SC_DHAMMAPADA | ATI_DHAMMAPADA | SC_DHAMMAPADA_INTRO,MEDIUM,ND_DHAMMA_DHARMA,INTENT_DHAMMA_DHARMA,DECLARED_SUPPORT,NO_DATA,0,56,MODERATE,OWNER_SUPPORT_OVERLAP | WEAK_INDEPENDENT_PURPOSE,false,,LOW,WEAK,ADEQUATE,ADEQUATE,WEAK,true,50–69,MAJOR_REVIEW_CANDIDATE,HIGH,SCORED,true,false,65,65,Independent challenge found no evidence-based adjustment.,"Internal governance score, not a Google score or final URL disposition."
url_f4f70d39d41333bf,https://echobuddha.com/articles/eightfold-path-explained/,ARTICLE,Articles,Noble Eightfold Path,practical guide,BEGINNER_FOUNDATION,https://echobuddha.com/learn/eightfold-path/,2,6.0,practical guide; declared owner(s): https://echobuddha.com/learn/eightfold-path/; topic cluster contains 7 indexable URLs.,HIGH,4,12.0,"No exact Phase 1 body duplicate; exact repeated-block ratio 0.1747, unique-text ratio 0.8253; 3 retained similarity pairs; max lexical 0.1167; max heading 0.3902.",HIGH,3,9.0,3 current authoritative benchmarks assigned for Noble Eightfold Path; EchoBuddha role is practical guide; 1 extracted citations; 1 Buddhist primary-source links; source section present.,MEDIUM,2,6.0,3 retained similarity pairs; max lexical 0.1167; max heading 0.3902; declared owner(s): https://echobuddha.com/learn/eightfold-path/; query ownership is NO_DATA rather than inferred.,HIGH,4,8.0,29 headings and 44 paragraphs inspected as structural coverage evidence; purpose is practical guide; word count did not award points.,HIGH,4,8.0,Visible author/editorial signal Echo Buddha Editorial; process reference present; provenance is structured repository content with historical drafting method not fully verified.,HIGH,5,5.0,1 extracted citations; 1 Buddhist primary-source links; source section present,HIGH,4,4.0,"Phase 1 observed HTTP 200, canonical self, indexable true; current sitemap/robots hashes match Phase 0 and no rendered ad/placeholder surface was observed.",HIGH,3,3.0,0 clicks and 8 impressions in the preserved three-month page export; query×page join unavailable,HIGH,3,3.0,"practical guide assessed for reference, practice, reflection, or repeat navigation utility; family ARTICLE; independent-purpose raw score 2/5.",HIGH,64,Evidence-weighted internal Phase 2 score; OWNER_SUPPORT_OVERLAP | WEAK_INDEPENDENT_PURPOSE.,SC_SN45_8 | ATI_SN45_8 | DHAMMA_SN45_8,MEDIUM,ND_NOBLE_EIGHTFOLD_PATH,INTENT_NOBLE_EIGHTFOLD_PATH,DECLARED_SUPPORT,NO_DATA,0,8,LIMITED,OWNER_SUPPORT_OVERLAP | WEAK_INDEPENDENT_PURPOSE,false,,LOW,WEAK,ADEQUATE,ADEQUATE,WEAK,true,50–69,MAJOR_REVIEW_CANDIDATE,HIGH,SCORED,true,false,64,64,Independent challenge found no evidence-based adjustment.,"Internal governance score, not a Google score or final URL disposition."
url_b1915f70b231c6dc,https://echobuddha.com/articles/eightfold-path-explained-daily-life/,ARTICLE,Articles,Noble Eightfold Path,practical guide,PRACTICAL_APPLICATION,https://echobuddha.com/learn/eightfold-path/,3,9.0,practical guide; declared owner(s): https://echobuddha.com/learn/eightfold-path/; topic cluster contains 7 indexable URLs.,HIGH,4,12.0,"No exact Phase 1 body duplicate; exact repeated-block ratio 0.1740, unique-text ratio 0.8260; 2 retained similarity pairs; max lexical 0.1167; max heading 0.3902.",HIGH,3,9.0,3 current authoritative benchmarks assigned for Noble Eightfold Path; EchoBuddha role is practical guide; 1 extracted citations; 1 Buddhist primary-source links; source section present.,MEDIUM,2,6.0,2 retained similarity pairs; max lexical 0.1167; max heading 0.3902; declared owner(s): https://echobuddha.com/learn/eightfold-path/; query ownership is NO_DATA rather than inferred.,HIGH,4,8.0,28 headings and 44 paragraphs inspected as structural coverage evidence; purpose is practical guide; word count did not award points.,HIGH,4,8.0,Visible author/editorial signal Echo Buddha Editorial; process reference present; provenance is structured repository content with historical drafting method not fully verified.,HIGH,5,5.0,1 extracted citations; 1 Buddhist primary-source links; source section present,HIGH,4,4.0,"Phase 1 observed HTTP 200, canonical self, indexable true; current sitemap/robots hashes match Phase 0 and no rendered ad/placeholder surface was observed.",HIGH,3,3.0,0 clicks and 9 impressions in the preserved three-month page export; query×page join unavailable,HIGH,4,4.0,"practical guide assessed for reference, practice, reflection, or repeat navigation utility; family ARTICLE; independent-purpose raw score 3/5.",HIGH,68,Evidence-weighted internal Phase 2 score; SEARCH_FIRST_CONTENT_PATTERN | KEYWORD_VARIATION_PATTERN | OWNER_SUPPORT_OVERLAP.,SC_SN45_8 | ATI_SN45_8 | DHAMMA_SN45_8,MEDIUM,ND_NOBLE_EIGHTFOLD_PATH,INTENT_NOBLE_EIGHTFOLD_PATH,DECLARED_SUPPORT,NO_DATA,0,9,LIMITED,SEARCH_FIRST_CONTENT_PATTERN | KEYWORD_VARIATION_PATTERN | OWNER_SUPPORT_OVERLAP,false,,LOW,MODERATE,ADEQUATE,ADEQUATE,ADEQUATE,true,50–69,MAJOR_REVIEW_CANDIDATE,HIGH,SCORED,true,false,68,68,Independent challenge found no evidence-based adjustment.,"Internal governance score, not a Google score or final URL disposition."
url_37337de91a648972,https://echobuddha.com/articles/equanimity-in-buddhism/,ARTICLE,Articles,Equanimity,comparison,PRIMARY_PILLAR,,3,9.0,comparison; no declared owner relationship; topic cluster contains 1 indexable URLs.,HIGH,4,12.0,"No exact Phase 1 body duplicate; exact repeated-block ratio 0.1240, unique-text ratio 0.8760; 1 retained similarity pairs; max lexical 0.0847; max heading 0.4138.",HIGH,3,9.0,3 current authoritative benchmarks assigned for Equanimity; EchoBuddha role is comparison; 1 extracted citations; 1 Buddhist primary-source links; source section present.,MEDIUM,3,9.0,1 retained similarity pairs; max lexical 0.0847; max heading 0.4138; no declared owner relationship; query ownership is NO_DATA rather than inferred.,HIGH,4,8.0,21 headings and 39 paragraphs inspected as structural coverage evidence; purpose is comparison; word count did not award points.,HIGH,4,8.0,Visible author/editorial signal Echo Buddha Editorial; process reference present; provenance is structured repository content with historical drafting method not fully verified.,HIGH,5,5.0,1 extracted citations; 1 Buddhist primary-source links; source section present,HIGH,4,4.0,"Phase 1 observed HTTP 200, canonical self, indexable true; current sitemap/robots hashes match Phase 0 and no rendered ad/placeholder surface was observed.",HIGH,3,3.0,0 clicks and 7 impressions in the preserved three-month page export; query×page join unavailable,HIGH,3,3.0,"comparison assessed for reference, practice, reflection, or repeat navigation utility; family ARTICLE; independent-purpose raw score 3/5.",HIGH,70,Evidence-weighted internal Phase 2 score; no material policy-risk flag.,ATI_BEFRIENDING | TRICYCLE_BEGINNERS | LIONS_ROAR,MEDIUM,ND_EQUANIMITY,INTENT_EQUANIMITY,NONE_VERIFIED,NO_DATA,0,7,LIMITED,NONE_OBSERVED,false,,LOW,MODERATE,ADEQUATE,ADEQUATE,ADEQUATE,true,70–84,KEEP_ENHANCE_CANDIDATE,HIGH,SCORED,true,false,70,70,Independent challenge found no evidence-based adjustment.,"Internal governance score, not a Google score or final URL disposition."
url_8f013d60b6e1e53d,https://echobuddha.com/articles/first-week-buddhist-practice/,ARTICLE,Articles,Beginner Buddhism,practical guide,PRACTICAL_APPLICATION,https://echobuddha.com/learn/buddhism-for-beginners/,3,9.0,practical guide; declared owner(s): https://echobuddha.com/learn/buddhism-for-beginners/; topic cluster contains 7 indexable URLs.,HIGH,4,12.0,"No exact Phase 1 body duplicate; exact repeated-block ratio 0.2399, unique-text ratio 0.7601; 5 retained similarity pairs; max lexical 0.1318; max heading 0.5000.",HIGH,4,12.0,3 current authoritative benchmarks assigned for Beginner Buddhism; EchoBuddha role is practical guide; 3 extracted citations; 3 Buddhist primary-source links; source section present.,MEDIUM,2,6.0,5 retained similarity pairs; max lexical 0.1318; max heading 0.5000; declared owner(s): https://echobuddha.com/learn/buddhism-for-beginners/; query ownership is NO_DATA rather than inferred.,HIGH,4,8.0,21 headings and 28 paragraphs inspected as structural coverage evidence; purpose is practical guide; word count did not award points.,HIGH,4,8.0,Visible author/editorial signal Echo Buddha Editorial; process reference present; provenance is structured repository content with historical drafting method not fully verified.,HIGH,5,5.0,3 extracted citations; 3 Buddhist primary-source links; source section present,HIGH,4,4.0,"Phase 1 observed HTTP 200, canonical self, indexable true; current sitemap/robots hashes match Phase 0 and no rendered ad/placeholder surface was observed.",HIGH,2,2.0,0 clicks and 1 impressions in the preserved three-month page export; query×page join unavailable,HIGH,4,4.0,"practical guide assessed for reference, practice, reflection, or repeat navigation utility; family ARTICLE; independent-purpose raw score 3/5.",HIGH,70,Evidence-weighted internal Phase 2 score; OWNER_SUPPORT_OVERLAP.,TRICYCLE_BEGINNERS | ATI_BEFRIENDING | SC_START,MEDIUM,ND_BEGINNER_BUDDHISM,INTENT_BEGINNER_BUDDHISM,DECLARED_SUPPORT,NO_DATA,0,1,LIMITED,OWNER_SUPPORT_OVERLAP,false,,LOW,MODERATE,ADEQUATE,ADEQUATE,ADEQUATE,true,70–84,KEEP_ENHANCE_CANDIDATE,HIGH,SCORED,true,false,70,70,Independent challenge found no evidence-based adjustment.,"Internal governance score, not a Google score or final URL disposition."
url_3d2f47e1c8577739,https://echobuddha.com/articles/five-precepts-in-daily-life/,ARTICLE,Articles,Buddhist Ethics,practical guide,PRACTICAL_APPLICATION,https://echobuddha.com/learn/buddhism-101/five-precepts-buddhism/,3,9.0,practical guide; declared owner(s): https://echobuddha.com/learn/buddhism-101/five-precepts-buddhism/; topic cluster contains 4 indexable URLs.,HIGH,4,12.0,"No exact Phase 1 body duplicate; exact repeated-block ratio 0.1081, unique-text ratio 0.8919; 0 retained similarity pairs; max lexical 0.0000; max heading 0.0000.",HIGH,4,12.0,3 current authoritative benchmarks assigned for Buddhist Ethics; EchoBuddha role is practical guide; 2 extracted citations; 1 Buddhist primary-source links; source section present.,MEDIUM,2,6.0,0 retained similarity pairs; max lexical 0.0000; max heading 0.0000; declared owner(s): https://echobuddha.com/learn/buddhism-101/five-precepts-buddhism/; query ownership is NO_DATA rather than inferred.,HIGH,4,8.0,27 headings and 53 paragraphs inspected as structural coverage evidence; purpose is practical guide; word count did not award points.,HIGH,4,8.0,Visible author/editorial signal Echo Buddha Editorial; process reference present; provenance is structured repository content with historical drafting method not fully verified.,HIGH,5,5.0,2 extracted citations; 1 Buddhist primary-source links; source section present,HIGH,4,4.0,"Phase 1 observed HTTP 200, canonical self, indexable true; current sitemap/robots hashes match Phase 0 and no rendered ad/placeholder surface was observed.",HIGH,5,5.0,0 clicks and 104 impressions in the preserved three-month page export; query×page join unavailable,HIGH,4,4.0,"practical guide assessed for reference, practice, reflection, or repeat navigation utility; family ARTICLE; independent-purpose raw score 3/5.",HIGH,73,Evidence-weighted internal Phase 2 score; OWNER_SUPPORT_OVERLAP | SEO_EQUITY_HIGH.,ATI_FIVE_PRECEPTS | ATI_RIGHT_LIVELIHOOD | SC_SN45_8,MEDIUM,NONE,INTENT_BUDDHIST_ETHICS,DECLARED_SUPPORT,NO_DATA,0,104,HIGH,OWNER_SUPPORT_OVERLAP | SEO_EQUITY_HIGH,false,,LOW,MODERATE,ADEQUATE,ADEQUATE,ADEQUATE,true,70–84,KEEP_ENHANCE_CANDIDATE,HIGH,SCORED,true,false,73,73,Independent challenge found no evidence-based adjustment.,"Internal governance score, not a Google score or final URL disposition."
url_5ce64f4c5a6ddcac,https://echobuddha.com/articles/four-noble-truths-explained/,ARTICLE,Articles,Four Noble Truths,beginner explanation,SUPPORTING_EXPLANATION,https://echobuddha.com/learn/four-noble-truths/,2,6.0,beginner explanation; declared owner(s): https://echobuddha.com/learn/four-noble-truths/; topic cluster contains 6 indexable URLs.,HIGH,4,12.0,"No exact Phase 1 body duplicate; exact repeated-block ratio 0.1363, unique-text ratio 0.8637; 3 retained similarity pairs; max lexical 0.1013; max heading 0.4000.",HIGH,3,9.0,3 current authoritative benchmarks assigned for Four Noble Truths; EchoBuddha role is beginner explanation; 2 extracted citations; 2 Buddhist primary-source links; source section present.,MEDIUM,2,6.0,3 retained similarity pairs; max lexical 0.1013; max heading 0.4000; declared owner(s): https://echobuddha.com/learn/four-noble-truths/; query ownership is NO_DATA rather than inferred.,HIGH,4,8.0,28 headings and 40 paragraphs inspected as structural coverage evidence; purpose is beginner explanation; word count did not award points.,HIGH,4,8.0,Visible author/editorial signal Echo Buddha Editorial; process reference present; provenance is structured repository content with historical drafting method not fully verified.,HIGH,5,5.0,2 extracted citations; 2 Buddhist primary-source links; source section present,HIGH,4,4.0,"Phase 1 observed HTTP 200, canonical self, indexable true; current sitemap/robots hashes match Phase 0 and no rendered ad/placeholder surface was observed.",HIGH,2,2.0,0 clicks and 2 impressions in the preserved three-month page export; query×page join unavailable,HIGH,3,3.0,"beginner explanation assessed for reference, practice, reflection, or repeat navigation utility; family ARTICLE; independent-purpose raw score 2/5.",HIGH,63,Evidence-weighted internal Phase 2 score; OWNER_SUPPORT_OVERLAP | WEAK_INDEPENDENT_PURPOSE.,SC_SN56_11 | ATI_SN56_11 | TRICYCLE_BEGINNERS,MEDIUM,ND_FOUR_NOBLE_TRUTHS,INTENT_FOUR_NOBLE_TRUTHS,DECLARED_SUPPORT,NO_DATA,0,2,LIMITED,OWNER_SUPPORT_OVERLAP | WEAK_INDEPENDENT_PURPOSE,false,,LOW,WEAK,ADEQUATE,ADEQUATE,WEAK,true,50–69,MAJOR_REVIEW_CANDIDATE,HIGH,SCORED,true,false,63,63,Independent challenge found no evidence-based adjustment.,"Internal governance score, not a Google score or final URL disposition."
url_329ead4131fb8bc9,https://echobuddha.com/articles/four-noble-truths-explained-simply/,ARTICLE,Articles,Four Noble Truths,beginner explanation,BEGINNER_FOUNDATION,https://echobuddha.com/learn/four-noble-truths/,2,6.0,beginner explanation; declared owner(s): https://echobuddha.com/learn/four-noble-truths/; topic cluster contains 6 indexable URLs.,HIGH,4,12.0,"No exact Phase 1 body duplicate; exact repeated-block ratio 0.1506, unique-text ratio 0.8494; 6 retained similarity pairs; max lexical 0.1013; max heading 0.4857.",HIGH,2,6.0,3 current authoritative benchmarks assigned for Four Noble Truths; EchoBuddha role is beginner explanation; 1 extracted citations; 1 Buddhist primary-source links; source section present.,MEDIUM,2,6.0,6 retained similarity pairs; max lexical 0.1013; max heading 0.4857; declared owner(s): https://echobuddha.com/learn/four-noble-truths/; query ownership is NO_DATA rather than inferred.,HIGH,4,8.0,26 headings and 40 paragraphs inspected as structural coverage evidence; purpose is beginner explanation; word count did not award points.,HIGH,4,8.0,Visible author/editorial signal Echo Buddha Editorial; process reference present; provenance is structured repository content with historical drafting method not fully verified.,HIGH,5,5.0,1 extracted citations; 1 Buddhist primary-source links; source section present,HIGH,4,4.0,"Phase 1 observed HTTP 200, canonical self, indexable true; current sitemap/robots hashes match Phase 0 and no rendered ad/placeholder surface was observed.",HIGH,3,3.0,0 clicks and 6 impressions in the preserved three-month page export; query×page join unavailable,HIGH,3,3.0,"beginner explanation assessed for reference, practice, reflection, or repeat navigation utility; family ARTICLE; independent-purpose raw score 2/5.",HIGH,61,Evidence-weighted internal Phase 2 score; SEARCH_FIRST_CONTENT_PATTERN | KEYWORD_VARIATION_PATTERN | OWNER_SUPPORT_OVERLAP | WEAK_INDEPENDENT_PURPOSE.,SC_SN56_11 | ATI_SN56_11 | TRICYCLE_BEGINNERS,MEDIUM,ND_FOUR_NOBLE_TRUTHS,INTENT_FOUR_NOBLE_TRUTHS,DECLARED_SUPPORT,NO_DATA,0,6,LIMITED,SEARCH_FIRST_CONTENT_PATTERN | KEYWORD_VARIATION_PATTERN | OWNER_SUPPORT_OVERLAP | WEAK_INDEPENDENT_PURPOSE,false,,LOW,WEAK,ADEQUATE,ADEQUATE,WEAK,true,50–69,MAJOR_REVIEW_CANDIDATE,HIGH,SCORED,true,false,61,61,Independent challenge found no evidence-based adjustment.,"Internal governance score, not a Google score or final URL disposition."
url_99e4e9a88901487c,https://echobuddha.com/articles/how-to-let-go-of-attachment-in-buddhism/,ARTICLE,Articles,Attachment and Letting Go,practical guide,PRIMARY_PILLAR,,4,12.0,practical guide; no declared owner relationship; topic cluster contains 13 indexable URLs.,HIGH,4,12.0,"No exact Phase 1 body duplicate; exact repeated-block ratio 0.1685, unique-text ratio 0.8315; 3 retained similarity pairs; max lexical 0.1274; max heading 0.4848.",HIGH,3,9.0,3 current authoritative benchmarks assigned for Attachment and Letting Go; EchoBuddha role is practical guide; 0 extracted citations; 0 Buddhist primary-source links; source section present.,MEDIUM,4,12.0,3 retained similarity pairs; max lexical 0.1274; max heading 0.4848; no declared owner relationship; query ownership is NO_DATA rather than inferred.,HIGH,4,8.0,27 headings and 39 paragraphs inspected as structural coverage evidence; purpose is practical guide; word count did not award points.,HIGH,3,6.0,Visible author/editorial signal Echo Buddha Editorial; process reference present; provenance is structured repository content with historical drafting method not fully verified.,HIGH,2,2.0,0 extracted citations; 0 Buddhist primary-source links; source section present,HIGH,4,4.0,"Phase 1 observed HTTP 200, canonical self, indexable true; current sitemap/robots hashes match Phase 0 and no rendered ad/placeholder surface was observed.",HIGH,3,3.0,0 clicks and 10 impressions in the preserved three-month page export; query×page join unavailable,HIGH,3,3.0,"practical guide assessed for reference, practice, reflection, or repeat navigation utility; family ARTICLE; independent-purpose raw score 4/5.",HIGH,71,Evidence-weighted internal Phase 2 score; SOURCE_QUALITY_GAP.,TRICYCLE_BEGINNERS | ATI_BEFRIENDING | LIONS_ROAR,MEDIUM,ND_ATTACHMENT_AND_LETTING_GO,INTENT_ATTACHMENT_AND_LETTING_GO,DECLARED_OWNER,NO_DATA,0,10,LIMITED,SOURCE_QUALITY_GAP,false,,LOW,STRONG,ADEQUATE,ADEQUATE,STRONG,true,70–84,KEEP_ENHANCE_CANDIDATE,HIGH,SCORED,true,false,71,71,Independent challenge found no evidence-based adjustment.,"Internal governance score, not a Google score or final URL disposition."
url_0cf3704485a08829,https://echobuddha.com/articles/how-to-meditate-for-anxiety/,ARTICLE,Articles,Meditation,practical guide,SCENARIO_GUIDE,,4,12.0,practical guide; no declared owner relationship; topic cluster contains 17 indexable URLs.,HIGH,4,12.0,"No exact Phase 1 body duplicate; exact repeated-block ratio 0.1819, unique-text ratio 0.8181; 4 retained similarity pairs; max lexical 0.0998; max heading 0.4737.",HIGH,4,12.0,3 current authoritative benchmarks assigned for Meditation; EchoBuddha role is practical guide; 1 extracted citations; 0 Buddhist primary-source links; source section present.,MEDIUM,3,9.0,4 retained similarity pairs; max lexical 0.0998; max heading 0.4737; no declared owner relationship; query ownership is NO_DATA rather than inferred.,HIGH,4,8.0,28 headings and 43 paragraphs inspected as structural coverage evidence; purpose is practical guide; word count did not award points.,HIGH,4,8.0,Visible author/editorial signal Echo Buddha Editorial; process reference present; provenance is structured repository content with historical drafting method not fully verified.,HIGH,4,4.0,1 extracted citations; 0 Buddhist primary-source links; source section present,HIGH,4,4.0,"Phase 1 observed HTTP 200, canonical self, indexable true; current sitemap/robots hashes match Phase 0 and no rendered ad/placeholder surface was observed.",HIGH,2,2.0,0 clicks and 1 impressions in the preserved three-month page export; query×page join unavailable,HIGH,4,4.0,"practical guide assessed for reference, practice, reflection, or repeat navigation utility; family ARTICLE; independent-purpose raw score 4/5.",HIGH,75,Evidence-weighted internal Phase 2 score; no material policy-risk flag.,SC_MN118 | ATI_MN118 | NCCIH_MEDITATION,MEDIUM,ND_MEDITATION,INTENT_MEDITATION,DECLARED_OWNER,NO_DATA,0,1,LIMITED,NONE_OBSERVED,false,,LOW,STRONG,ADEQUATE,ADEQUATE,STRONG,true,70–84,KEEP_ENHANCE_CANDIDATE,HIGH,SCORED,true,false,75,75,Independent challenge found no evidence-based adjustment.,"Internal governance score, not a Google score or final URL disposition."
url_567f2d1cea68af60,https://echobuddha.com/articles/how-to-meditate-for-beginners/,ARTICLE,Articles,Meditation,practical guide,PRACTICE_GUIDE,https://echobuddha.com/meditation/,3,9.0,practical guide; declared owner(s): https://echobuddha.com/meditation/; topic cluster contains 17 indexable URLs.,HIGH,4,12.0,"No exact Phase 1 body duplicate; exact repeated-block ratio 0.2161, unique-text ratio 0.7839; 7 retained similarity pairs; max lexical 0.1333; max heading 0.4359.",HIGH,3,9.0,3 current authoritative benchmarks assigned for Meditation; EchoBuddha role is practical guide; 2 extracted citations; 1 Buddhist primary-source links; source section present.,MEDIUM,3,9.0,7 retained similarity pairs; max lexical 0.1333; max heading 0.4359; declared owner(s): https://echobuddha.com/meditation/; query ownership is NO_DATA rather than inferred.,HIGH,4,8.0,28 headings and 44 paragraphs inspected as structural coverage evidence; purpose is practical guide; word count did not award points.,HIGH,4,8.0,Visible author/editorial signal Echo Buddha Editorial; process reference present; provenance is structured repository content with historical drafting method not fully verified.,HIGH,5,5.0,2 extracted citations; 1 Buddhist primary-source links; source section present,HIGH,4,4.0,"Phase 1 observed HTTP 200, canonical self, indexable true; current sitemap/robots hashes match Phase 0 and no rendered ad/placeholder surface was observed.",HIGH,2,2.0,0 clicks and 2 impressions in the preserved three-month page export; query×page join unavailable,HIGH,3,3.0,"practical guide assessed for reference, practice, reflection, or repeat navigation utility; family ARTICLE; independent-purpose raw score 3/5.",HIGH,69,Evidence-weighted internal Phase 2 score; OWNER_SUPPORT_OVERLAP.,SC_MN118 | ATI_MN118 | NCCIH_MEDITATION,MEDIUM,ND_MEDITATION,INTENT_MEDITATION,DECLARED_SUPPORT,NO_DATA,0,2,LIMITED,OWNER_SUPPORT_OVERLAP,false,,LOW,MODERATE,ADEQUATE,ADEQUATE,ADEQUATE,true,50–69,MAJOR_REVIEW_CANDIDATE,HIGH,SCORED,true,false,69,69,Independent challenge found no evidence-based adjustment.,"Internal governance score, not a Google score or final URL disposition."
url_6cb2709de4bd632b,https://echobuddha.com/articles/how-to-practice-non-attachment/,ARTICLE,Articles,Attachment and Letting Go,comparison,PRACTICAL_APPLICATION,https://echobuddha.com/articles/how-to-let-go-of-attachment-in-buddhism/,2,6.0,comparison; declared owner(s): https://echobuddha.com/articles/how-to-let-go-of-attachment-in-buddhism/; topic cluster contains 13 indexable URLs.,HIGH,4,12.0,"No exact Phase 1 body duplicate; exact repeated-block ratio 0.1755, unique-text ratio 0.8245; 3 retained similarity pairs; max lexical 0.1312; max heading 0.5278.",HIGH,3,9.0,3 current authoritative benchmarks assigned for Attachment and Letting Go; EchoBuddha role is comparison; 0 extracted citations; 0 Buddhist primary-source links; source section present.,MEDIUM,2,6.0,3 retained similarity pairs; max lexical 0.1312; max heading 0.5278; declared owner(s): https://echobuddha.com/articles/how-to-let-go-of-attachment-in-buddhism/; query ownership is NO_DATA rather than inferred.,HIGH,4,8.0,27 headings and 42 paragraphs inspected as structural coverage evidence; purpose is comparison; word count did not award points.,HIGH,3,6.0,Visible author/editorial signal Echo Buddha Editorial; process reference present; provenance is structured repository content with historical drafting method not fully verified.,HIGH,2,2.0,0 extracted citations; 0 Buddhist primary-source links; source section present,HIGH,4,4.0,"Phase 1 observed HTTP 200, canonical self, indexable true; current sitemap/robots hashes match Phase 0 and no rendered ad/placeholder surface was observed.",HIGH,3,3.0,0 clicks and 7 impressions in the preserved three-month page export; query×page join unavailable,HIGH,3,3.0,"comparison assessed for reference, practice, reflection, or repeat navigation utility; family ARTICLE; independent-purpose raw score 2/5.",HIGH,59,Evidence-weighted internal Phase 2 score; OWNER_SUPPORT_OVERLAP | WEAK_INDEPENDENT_PURPOSE | SOURCE_QUALITY_GAP.,TRICYCLE_BEGINNERS | ATI_BEFRIENDING | LIONS_ROAR,MEDIUM,ND_ATTACHMENT_AND_LETTING_GO,INTENT_ATTACHMENT_AND_LETTING_GO,DECLARED_SUPPORT,NO_DATA,0,7,LIMITED,OWNER_SUPPORT_OVERLAP | WEAK_INDEPENDENT_PURPOSE | SOURCE_QUALITY_GAP,false,,LOW,WEAK,ADEQUATE,ADEQUATE,WEAK,true,50–69,MAJOR_REVIEW_CANDIDATE,HIGH,SCORED,true,false,59,59,Independent challenge found no evidence-based adjustment.,"Internal governance score, not a Google score or final URL disposition."
url_0fcdbb5b65d8328b,https://echobuddha.com/articles/impermanence-in-buddhism/,ARTICLE,Articles,Impermanence,practical guide,SUPPORTING_EXPLANATION,https://echobuddha.com/learn/buddhism-101/what-is-impermanence/,2,6.0,practical guide; declared owner(s): https://echobuddha.com/learn/buddhism-101/what-is-impermanence/; topic cluster contains 8 indexable URLs.,HIGH,4,12.0,"No exact Phase 1 body duplicate; exact repeated-block ratio 0.2027, unique-text ratio 0.7973; 2 retained similarity pairs; max lexical 0.1209; max heading 0.3778.",HIGH,3,9.0,3 current authoritative benchmarks assigned for Impermanence; EchoBuddha role is practical guide; 1 extracted citations; 1 Buddhist primary-source links; source section present.,MEDIUM,2,6.0,2 retained similarity pairs; max lexical 0.1209; max heading 0.3778; declared owner(s): https://echobuddha.com/learn/buddhism-101/what-is-impermanence/; query ownership is NO_DATA rather than inferred.,HIGH,4,8.0,34 headings and 48 paragraphs inspected as structural coverage evidence; purpose is practical guide; word count did not award points.,HIGH,4,8.0,Visible author/editorial signal Echo Buddha Editorial; process reference present; provenance is structured repository content with historical drafting method not fully verified.,HIGH,5,5.0,1 extracted citations; 1 Buddhist primary-source links; source section present,HIGH,4,4.0,"Phase 1 observed HTTP 200, canonical self, indexable true; current sitemap/robots hashes match Phase 0 and no rendered ad/placeholder surface was observed.",HIGH,2,2.0,0 clicks and 3 impressions in the preserved three-month page export; query×page join unavailable,HIGH,3,3.0,"practical guide assessed for reference, practice, reflection, or repeat navigation utility; family ARTICLE; independent-purpose raw score 2/5.",HIGH,63,Evidence-weighted internal Phase 2 score; OWNER_SUPPORT_OVERLAP | WEAK_INDEPENDENT_PURPOSE.,SC_SN22_59 | ATI_SN22_59 | TRICYCLE_BEGINNERS,MEDIUM,ND_IMPERMANENCE,INTENT_IMPERMANENCE,DECLARED_SUPPORT,NO_DATA,0,3,LIMITED,OWNER_SUPPORT_OVERLAP | WEAK_INDEPENDENT_PURPOSE,false,,LOW,WEAK,ADEQUATE,ADEQUATE,WEAK,true,50–69,MAJOR_REVIEW_CANDIDATE,HIGH,SCORED,true,false,63,63,Independent challenge found no evidence-based adjustment.,"Internal governance score, not a Google score or final URL disposition."
url_fb83632bdc208258,https://echobuddha.com/articles/impermanence-in-buddhism-letting-go/,ARTICLE,Articles,Impermanence,comparison,PRACTICAL_APPLICATION,https://echobuddha.com/learn/buddhism-101/what-is-impermanence/,2,6.0,comparison; declared owner(s): https://echobuddha.com/learn/buddhism-101/what-is-impermanence/; topic cluster contains 8 indexable URLs.,HIGH,4,12.0,"No exact Phase 1 body duplicate; exact repeated-block ratio 0.1743, unique-text ratio 0.8257; 6 retained similarity pairs; max lexical 0.1213; max heading 0.4474.",HIGH,3,9.0,3 current authoritative benchmarks assigned for Impermanence; EchoBuddha role is comparison; 1 extracted citations; 1 Buddhist primary-source links; source section present.,MEDIUM,2,6.0,6 retained similarity pairs; max lexical 0.1213; max heading 0.4474; declared owner(s): https://echobuddha.com/learn/buddhism-101/what-is-impermanence/; query ownership is NO_DATA rather than inferred.,HIGH,4,8.0,27 headings and 42 paragraphs inspected as structural coverage evidence; purpose is comparison; word count did not award points.,HIGH,4,8.0,Visible author/editorial signal Echo Buddha Editorial; process reference present; provenance is structured repository content with historical drafting method not fully verified.,HIGH,5,5.0,1 extracted citations; 1 Buddhist primary-source links; source section present,HIGH,4,4.0,"Phase 1 observed HTTP 200, canonical self, indexable true; current sitemap/robots hashes match Phase 0 and no rendered ad/placeholder surface was observed.",HIGH,3,3.0,0 clicks and 7 impressions in the preserved three-month page export; query×page join unavailable,HIGH,3,3.0,"comparison assessed for reference, practice, reflection, or repeat navigation utility; family ARTICLE; independent-purpose raw score 2/5.",HIGH,64,Evidence-weighted internal Phase 2 score; OWNER_SUPPORT_OVERLAP | WEAK_INDEPENDENT_PURPOSE.,SC_SN22_59 | ATI_SN22_59 | TRICYCLE_BEGINNERS,MEDIUM,ND_IMPERMANENCE,INTENT_IMPERMANENCE,DECLARED_SUPPORT,NO_DATA,0,7,LIMITED,OWNER_SUPPORT_OVERLAP | WEAK_INDEPENDENT_PURPOSE,false,,LOW,WEAK,ADEQUATE,ADEQUATE,WEAK,true,50–69,MAJOR_REVIEW_CANDIDATE,HIGH,SCORED,true,false,64,64,Independent challenge found no evidence-based adjustment.,"Internal governance score, not a Google score or final URL disposition."
url_6ea8025de93275d9,https://echobuddha.com/articles/,ARTICLE_HUB,Articles,Page-specific / unclustered,navigation/reference,HUB,,3,9.0,navigation/reference; no declared owner relationship; topic cluster contains 39 indexable URLs.,MEDIUM,1,3.0,"No exact Phase 1 body duplicate; exact repeated-block ratio 0.8920, unique-text ratio 0.1080; 0 retained similarity pairs; max lexical 0.0000; max heading 0.0000.",MEDIUM,2,6.0,3 current authoritative benchmarks assigned for Page-specific / unclustered; EchoBuddha role is navigation/reference; 0 extracted citations; 0 Buddhist primary-source links; source section not extracted.,MEDIUM,3,9.0,0 retained similarity pairs; max lexical 0.0000; max heading 0.0000; no declared owner relationship; query ownership is NO_DATA rather than inferred.,HIGH,3,6.0,55 headings and 105 paragraphs inspected as structural coverage evidence; purpose is navigation/reference; word count did not award points.,MEDIUM,2,4.0,Visible author/editorial signal NOT_VERIFIED; process reference present; provenance is structured repository content with historical drafting method not fully verified.,MEDIUM,3,3.0,0 extracted citations; 0 Buddhist primary-source links; source section not extracted,MEDIUM,4,4.0,"Phase 1 observed HTTP 200, canonical self, indexable true; current sitemap/robots hashes match Phase 0 and no rendered ad/placeholder surface was observed.",HIGH,3,3.0,0 clicks and 17 impressions in the preserved three-month page export; query×page join unavailable,HIGH,3,3.0,"navigation/reference assessed for reference, practice, reflection, or repeat navigation utility; family ARTICLE_HUB; independent-purpose raw score 3/5.",MEDIUM,50,Evidence-weighted internal Phase 2 score; NAVIGATION_DOMINANT_SURFACE | BOILERPLATE_DOMINANT | LOW_UNIQUE_TEXT_RATIO.,TRICYCLE_BEGINNERS | ATI_BEFRIENDING | LIONS_ROAR,MEDIUM,NONE,Page-specific / unclustered,DECLARED_OWNER,NO_DATA,0,17,LIMITED,NAVIGATION_DOMINANT_SURFACE | BOILERPLATE_DOMINANT | LOW_UNIQUE_TEXT_RATIO,false,,MODERATE,MODERATE,ADEQUATE,ADEQUATE,ADEQUATE,true,50–69,MAJOR_REVIEW_CANDIDATE,MEDIUM,SCORED,true,false,50,50,Independent challenge found no evidence-based adjustment.,"Internal governance score, not a Google score or final URL disposition."
url_3cb2db3b7331ebf8,https://echobuddha.com/articles/letting-go-without-giving-up/,ARTICLE,Articles,Attachment and Letting Go,comparison,PRACTICAL_APPLICATION,https://echobuddha.com/articles/how-to-let-go-of-attachment-in-buddhism/,2,6.0,comparison; declared owner(s): https://echobuddha.com/articles/how-to-let-go-of-attachment-in-buddhism/; topic cluster contains 13 indexable URLs.,MEDIUM,4,12.0,"No exact Phase 1 body duplicate; exact repeated-block ratio 0.1740, unique-text ratio 0.8260; 3 retained similarity pairs; max lexical 0.1285; max heading 0.5278.",MEDIUM,3,9.0,3 current authoritative benchmarks assigned for Attachment and Letting Go; EchoBuddha role is comparison; 0 extracted citations; 0 Buddhist primary-source links; source section present.,MEDIUM,2,6.0,3 retained similarity pairs; max lexical 0.1285; max heading 0.5278; declared owner(s): https://echobuddha.com/articles/how-to-let-go-of-attachment-in-buddhism/; query ownership is NO_DATA rather than inferred.,HIGH,4,8.0,28 headings and 44 paragraphs inspected as structural coverage evidence; purpose is comparison; word count did not award points.,MEDIUM,3,6.0,Visible author/editorial signal Echo Buddha Editorial; process reference present; provenance is structured repository content with historical drafting method not fully verified.,MEDIUM,2,2.0,0 extracted citations; 0 Buddhist primary-source links; source section present,MEDIUM,4,4.0,"Phase 1 observed HTTP 200, canonical self, indexable true; current sitemap/robots hashes match Phase 0 and no rendered ad/placeholder surface was observed.",HIGH,2,2.0,0 clicks and 0 impressions in the preserved three-month page export; query×page join unavailable,HIGH,3,3.0,"comparison assessed for reference, practice, reflection, or repeat navigation utility; family ARTICLE; independent-purpose raw score 2/5.",MEDIUM,58,Evidence-weighted internal Phase 2 score; OWNER_SUPPORT_OVERLAP | WEAK_INDEPENDENT_PURPOSE | SOURCE_QUALITY_GAP.,TRICYCLE_BEGINNERS | ATI_BEFRIENDING | LIONS_ROAR,MEDIUM,ND_ATTACHMENT_AND_LETTING_GO,INTENT_ATTACHMENT_AND_LETTING_GO,DECLARED_SUPPORT,NO_DATA,0,0,LOW,OWNER_SUPPORT_OVERLAP | WEAK_INDEPENDENT_PURPOSE | SOURCE_QUALITY_GAP,false,,LOW,WEAK,ADEQUATE,ADEQUATE,WEAK,true,50–69,MAJOR_REVIEW_CANDIDATE,MEDIUM,SCORED,true,false,58,58,Independent challenge found no evidence-based adjustment.,"Internal governance score, not a Google score or final URL disposition."
url_ccc87cb3819fbd27,https://echobuddha.com/articles/loving-kindness-meditation-beginners/,ARTICLE,Articles,Compassion,practical guide,BEGINNER_FOUNDATION,https://echobuddha.com/learn/buddhist-dictionary/metta/,2,6.0,practical guide; declared owner(s): https://echobuddha.com/learn/buddhist-dictionary/metta/; topic cluster contains 19 indexable URLs.,MEDIUM,4,12.0,"No exact Phase 1 body duplicate; exact repeated-block ratio 0.2107, unique-text ratio 0.7893; 5 retained similarity pairs; max lexical 0.1361; max heading 0.4615.",MEDIUM,3,9.0,3 current authoritative benchmarks assigned for Compassion; EchoBuddha role is practical guide; 2 extracted citations; 1 Buddhist primary-source links; source section present.,MEDIUM,2,6.0,5 retained similarity pairs; max lexical 0.1361; max heading 0.4615; declared owner(s): https://echobuddha.com/learn/buddhist-dictionary/metta/; query ownership is NO_DATA rather than inferred.,HIGH,4,8.0,29 headings and 46 paragraphs inspected as structural coverage evidence; purpose is practical guide; word count did not award points.,MEDIUM,4,8.0,Visible author/editorial signal Echo Buddha Editorial; process reference present; provenance is structured repository content with historical drafting method not fully verified.,MEDIUM,5,5.0,2 extracted citations; 1 Buddhist primary-source links; source section present,MEDIUM,4,4.0,"Phase 1 observed HTTP 200, canonical self, indexable true; current sitemap/robots hashes match Phase 0 and no rendered ad/placeholder surface was observed.",HIGH,2,2.0,0 clicks and 0 impressions in the preserved three-month page export; query×page join unavailable,HIGH,3,3.0,"practical guide assessed for reference, practice, reflection, or repeat navigation utility; family ARTICLE; independent-purpose raw score 2/5.",MEDIUM,63,Evidence-weighted internal Phase 2 score; OWNER_SUPPORT_OVERLAP | WEAK_INDEPENDENT_PURPOSE.,SC_SNP1_8 | ATI_SNP1_8 | DHAMMA_KHP5,MEDIUM,ND_COMPASSION,INTENT_COMPASSION,DECLARED_SUPPORT,NO_DATA,0,0,LOW,OWNER_SUPPORT_OVERLAP | WEAK_INDEPENDENT_PURPOSE,false,,LOW,WEAK,ADEQUATE,ADEQUATE,WEAK,true,50–69,MAJOR_REVIEW_CANDIDATE,MEDIUM,SCORED,true,false,63,63,Independent challenge found no evidence-based adjustment.,"Internal governance score, not a Google score or final URL disposition."
url_ec56039799fdb677,https://echobuddha.com/articles/loving-kindness-meditation-guide/,ARTICLE,Articles,Compassion,script,BEGINNER_FOUNDATION,https://echobuddha.com/learn/buddhist-dictionary/metta/,2,6.0,script; declared owner(s): https://echobuddha.com/learn/buddhist-dictionary/metta/; topic cluster contains 19 indexable URLs.,HIGH,4,12.0,"No exact Phase 1 body duplicate; exact repeated-block ratio 0.2160, unique-text ratio 0.7840; 4 retained similarity pairs; max lexical 0.1361; max heading 0.3902.",HIGH,3,9.0,3 current authoritative benchmarks assigned for Compassion; EchoBuddha role is script; 2 extracted citations; 1 Buddhist primary-source links; source section present.,MEDIUM,2,6.0,4 retained similarity pairs; max lexical 0.1361; max heading 0.3902; declared owner(s): https://echobuddha.com/learn/buddhist-dictionary/metta/; query ownership is NO_DATA rather than inferred.,HIGH,4,8.0,28 headings and 46 paragraphs inspected as structural coverage evidence; purpose is script; word count did not award points.,HIGH,4,8.0,Visible author/editorial signal Echo Buddha Editorial; process reference present; provenance is structured repository content with historical drafting method not fully verified.,HIGH,5,5.0,2 extracted citations; 1 Buddhist primary-source links; source section present,HIGH,4,4.0,"Phase 1 observed HTTP 200, canonical self, indexable true; current sitemap/robots hashes match Phase 0 and no rendered ad/placeholder surface was observed.",HIGH,2,2.0,0 clicks and 2 impressions in the preserved three-month page export; query×page join unavailable,HIGH,3,3.0,"script assessed for reference, practice, reflection, or repeat navigation utility; family ARTICLE; independent-purpose raw score 2/5.",HIGH,63,Evidence-weighted internal Phase 2 score; OWNER_SUPPORT_OVERLAP | WEAK_INDEPENDENT_PURPOSE.,SC_SNP1_8 | ATI_SNP1_8 | DHAMMA_KHP5,MEDIUM,ND_COMPASSION,INTENT_COMPASSION,DECLARED_SUPPORT,NO_DATA,0,2,LIMITED,OWNER_SUPPORT_OVERLAP | WEAK_INDEPENDENT_PURPOSE,false,,LOW,WEAK,ADEQUATE,ADEQUATE,WEAK,true,50–69,MAJOR_REVIEW_CANDIDATE,HIGH,SCORED,true,false,63,63,Independent challenge found no evidence-based adjustment.,"Internal governance score, not a Google score or final URL disposition."
url_954280dd6203b26f,https://echobuddha.com/articles/metta-meditation-script/,ARTICLE,Articles,Compassion,script,PRACTICE_GUIDE,https://echobuddha.com/learn/buddhist-dictionary/metta/,3,9.0,script; declared owner(s): https://echobuddha.com/learn/buddhist-dictionary/metta/; topic cluster contains 19 indexable URLs.,HIGH,4,12.0,"No exact Phase 1 body duplicate; exact repeated-block ratio 0.1688, unique-text ratio 0.8312; 4 retained similarity pairs; max lexical 0.1186; max heading 0.4048.",HIGH,4,12.0,3 current authoritative benchmarks assigned for Compassion; EchoBuddha role is script; 2 extracted citations; 1 Buddhist primary-source links; source section present.,MEDIUM,2,6.0,4 retained similarity pairs; max lexical 0.1186; max heading 0.4048; declared owner(s): https://echobuddha.com/learn/buddhist-dictionary/metta/; query ownership is NO_DATA rather than inferred.,HIGH,4,8.0,30 headings and 47 paragraphs inspected as structural coverage evidence; purpose is script; word count did not award points.,HIGH,4,8.0,Visible author/editorial signal Echo Buddha Editorial; process reference present; provenance is structured repository content with historical drafting method not fully verified.,HIGH,5,5.0,2 extracted citations; 1 Buddhist primary-source links; source section present,HIGH,4,4.0,"Phase 1 observed HTTP 200, canonical self, indexable true; current sitemap/robots hashes match Phase 0 and no rendered ad/placeholder surface was observed.",HIGH,2,2.0,0 clicks and 3 impressions in the preserved three-month page export; query×page join unavailable,HIGH,4,4.0,"script assessed for reference, practice, reflection, or repeat navigation utility; family ARTICLE; independent-purpose raw score 3/5.",HIGH,70,Evidence-weighted internal Phase 2 score; OWNER_SUPPORT_OVERLAP.,SC_SNP1_8 | ATI_SNP1_8 | DHAMMA_KHP5,MEDIUM,ND_COMPASSION,INTENT_COMPASSION,DECLARED_SUPPORT,NO_DATA,0,3,LIMITED,OWNER_SUPPORT_OVERLAP,false,,LOW,MODERATE,ADEQUATE,ADEQUATE,ADEQUATE,true,70–84,KEEP_ENHANCE_CANDIDATE,HIGH,SCORED,true,false,70,70,Independent challenge found no evidence-based adjustment.,"Internal governance score, not a Google score or final URL disposition."
url_f309707dd28fb9fe,https://echobuddha.com/articles/mindful-email-and-texting/,ARTICLE,Articles,Right Speech,practical guide,SCENARIO_GUIDE,https://echobuddha.com/articles/right-speech-buddhism/,3,9.0,practical guide; declared owner(s): https://echobuddha.com/articles/right-speech-buddhism/; topic cluster contains 6 indexable URLs.,HIGH,3,9.0,"No exact Phase 1 body duplicate; exact repeated-block ratio 0.2952, unique-text ratio 0.7048; 5 retained similarity pairs; max lexical 0.1661; max heading 0.5000.",HIGH,4,12.0,3 current authoritative benchmarks assigned for Right Speech; EchoBuddha role is practical guide; 2 extracted citations; 2 Buddhist primary-source links; source section present.,MEDIUM,2,6.0,5 retained similarity pairs; max lexical 0.1661; max heading 0.5000; declared owner(s): https://echobuddha.com/articles/right-speech-buddhism/; query ownership is NO_DATA rather than inferred.,HIGH,4,8.0,21 headings and 29 paragraphs inspected as structural coverage evidence; purpose is practical guide; word count did not award points.,HIGH,4,8.0,Visible author/editorial signal Echo Buddha Editorial; process reference present; provenance is structured repository content with historical drafting method not fully verified.,HIGH,5,5.0,2 extracted citations; 2 Buddhist primary-source links; source section present,HIGH,4,4.0,"Phase 1 observed HTTP 200, canonical self, indexable true; current sitemap/robots hashes match Phase 0 and no rendered ad/placeholder surface was observed.",HIGH,3,3.0,0 clicks and 5 impressions in the preserved three-month page export; query×page join unavailable,HIGH,4,4.0,"practical guide assessed for reference, practice, reflection, or repeat navigation utility; family ARTICLE; independent-purpose raw score 3/5.",HIGH,68,Evidence-weighted internal Phase 2 score; OWNER_SUPPORT_OVERLAP.,ATI_RIGHT_SPEECH | SC_SN45_8 | DHAMMA_SN45_8,MEDIUM,ND_RIGHT_SPEECH,INTENT_RIGHT_SPEECH,DECLARED_SUPPORT,NO_DATA,0,5,LIMITED,OWNER_SUPPORT_OVERLAP,false,,LOW,MODERATE,ADEQUATE,ADEQUATE,ADEQUATE,true,50–69,MAJOR_REVIEW_CANDIDATE,HIGH,SCORED,true,false,68,68,Independent challenge found no evidence-based adjustment.,"Internal governance score, not a Google score or final URL disposition."
url_d2a8066ab5634124,https://echobuddha.com/articles/mindful-listening-in-everyday-life/,ARTICLE,Articles,Right Speech,practical guide,SCENARIO_GUIDE,https://echobuddha.com/articles/right-speech-buddhism/,3,9.0,practical guide; declared owner(s): https://echobuddha.com/articles/right-speech-buddhism/; topic cluster contains 6 indexable URLs.,HIGH,4,12.0,"No exact Phase 1 body duplicate; exact repeated-block ratio 0.1616, unique-text ratio 0.8384; 1 retained similarity pairs; max lexical 0.0733; max heading 0.5000.",HIGH,4,12.0,3 current authoritative benchmarks assigned for Right Speech; EchoBuddha role is practical guide; 0 extracted citations; 0 Buddhist primary-source links; source section present.,MEDIUM,2,6.0,1 retained similarity pairs; max lexical 0.0733; max heading 0.5000; declared owner(s): https://echobuddha.com/articles/right-speech-buddhism/; query ownership is NO_DATA rather than inferred.,HIGH,4,8.0,27 headings and 43 paragraphs inspected as structural coverage evidence; purpose is practical guide; word count did not award points.,HIGH,3,6.0,Visible author/editorial signal Echo Buddha Editorial; process reference present; provenance is structured repository content with historical drafting method not fully verified.,HIGH,2,2.0,0 extracted citations; 0 Buddhist primary-source links; source section present,HIGH,4,4.0,"Phase 1 observed HTTP 200, canonical self, indexable true; current sitemap/robots hashes match Phase 0 and no rendered ad/placeholder surface was observed.",HIGH,2,2.0,0 clicks and 3 impressions in the preserved three-month page export; query×page join unavailable,HIGH,4,4.0,"practical guide assessed for reference, practice, reflection, or repeat navigation utility; family ARTICLE; independent-purpose raw score 3/5.",HIGH,65,Evidence-weighted internal Phase 2 score; OWNER_SUPPORT_OVERLAP | SOURCE_QUALITY_GAP.,ATI_RIGHT_SPEECH | SC_SN45_8 | DHAMMA_SN45_8,MEDIUM,ND_RIGHT_SPEECH,INTENT_RIGHT_SPEECH,DECLARED_SUPPORT,NO_DATA,0,3,LIMITED,OWNER_SUPPORT_OVERLAP | SOURCE_QUALITY_GAP,false,,LOW,MODERATE,ADEQUATE,ADEQUATE,ADEQUATE,true,50–69,MAJOR_REVIEW_CANDIDATE,HIGH,SCORED,true,false,65,65,Independent challenge found no evidence-based adjustment.,"Internal governance score, not a Google score or final URL disposition."
url_c90cf7c00b13b4bc,https://echobuddha.com/articles/mindfulness-for-better-sleep/,ARTICLE,Articles,Mindfulness,practical guide,SCENARIO_GUIDE,,4,12.0,practical guide; no declared owner relationship; topic cluster contains 31 indexable URLs.,MEDIUM,4,12.0,"No exact Phase 1 body duplicate; exact repeated-block ratio 0.2046, unique-text ratio 0.7954; 4 retained similarity pairs; max lexical 0.1046; max heading 0.4737.",MEDIUM,4,12.0,3 current authoritative benchmarks assigned for Mindfulness; EchoBuddha role is practical guide; 1 extracted citations; 0 Buddhist primary-source links; source section present.,MEDIUM,3,9.0,4 retained similarity pairs; max lexical 0.1046; max heading 0.4737; no declared owner relationship; query ownership is NO_DATA rather than inferred.,HIGH,4,8.0,28 headings and 43 paragraphs inspected as structural coverage evidence; purpose is practical guide; word count did not award points.,MEDIUM,4,8.0,Visible author/editorial signal Echo Buddha Editorial; process reference present; provenance is structured repository content with historical drafting method not fully verified.,MEDIUM,4,4.0,1 extracted citations; 0 Buddhist primary-source links; source section present,MEDIUM,4,4.0,"Phase 1 observed HTTP 200, canonical self, indexable true; current sitemap/robots hashes match Phase 0 and no rendered ad/placeholder surface was observed.",HIGH,2,2.0,0 clicks and 0 impressions in the preserved three-month page export; query×page join unavailable,HIGH,4,4.0,"practical guide assessed for reference, practice, reflection, or repeat navigation utility; family ARTICLE; independent-purpose raw score 4/5.",MEDIUM,75,Evidence-weighted internal Phase 2 score; no material policy-risk flag.,SC_MN10 | ATI_DN22 | NHS_MINDFULNESS,MEDIUM,ND_MINDFULNESS,INTENT_MINDFULNESS,NONE_VERIFIED,NO_DATA,0,0,LOW,NONE_OBSERVED,false,,LOW,STRONG,ADEQUATE,ADEQUATE,STRONG,true,70–84,KEEP_ENHANCE_CANDIDATE,MEDIUM,SCORED,false,false,75,75,Not selected by the documented second-pass rules.,"Internal governance score, not a Google score or final URL disposition."
url_e6f1af69e4e471fe,https://echobuddha.com/articles/mindfulness-morning-routine/,ARTICLE,Articles,Mindfulness,beginner explanation,PRACTICAL_APPLICATION,https://echobuddha.com/learn/buddhism-101/what-is-mindfulness/,3,9.0,beginner explanation; declared owner(s): https://echobuddha.com/learn/buddhism-101/what-is-mindfulness/; topic cluster contains 31 indexable URLs.,MEDIUM,4,12.0,"No exact Phase 1 body duplicate; exact repeated-block ratio 0.1556, unique-text ratio 0.8444; 1 retained similarity pairs; max lexical 0.0968; max heading 0.4595.",MEDIUM,4,12.0,3 current authoritative benchmarks assigned for Mindfulness; EchoBuddha role is beginner explanation; 0 extracted citations; 0 Buddhist primary-source links; source section present.,MEDIUM,2,6.0,1 retained similarity pairs; max lexical 0.0968; max heading 0.4595; declared owner(s): https://echobuddha.com/learn/buddhism-101/what-is-mindfulness/; query ownership is NO_DATA rather than inferred.,HIGH,4,8.0,26 headings and 41 paragraphs inspected as structural coverage evidence; purpose is beginner explanation; word count did not award points.,MEDIUM,3,6.0,Visible author/editorial signal Echo Buddha Editorial; process reference present; provenance is structured repository content with historical drafting method not fully verified.,MEDIUM,2,2.0,0 extracted citations; 0 Buddhist primary-source links; source section present,MEDIUM,4,4.0,"Phase 1 observed HTTP 200, canonical self, indexable true; current sitemap/robots hashes match Phase 0 and no rendered ad/placeholder surface was observed.",HIGH,2,2.0,0 clicks and 0 impressions in the preserved three-month page export; query×page join unavailable,HIGH,4,4.0,"beginner explanation assessed for reference, practice, reflection, or repeat navigation utility; family ARTICLE; independent-purpose raw score 3/5.",MEDIUM,65,Evidence-weighted internal Phase 2 score; OWNER_SUPPORT_OVERLAP | SOURCE_QUALITY_GAP.,SC_MN10 | ATI_DN22 | NHS_MINDFULNESS,MEDIUM,ND_MINDFULNESS,INTENT_MINDFULNESS,DECLARED_SUPPORT,NO_DATA,0,0,LOW,OWNER_SUPPORT_OVERLAP | SOURCE_QUALITY_GAP,false,,LOW,MODERATE,ADEQUATE,ADEQUATE,ADEQUATE,true,50–69,MAJOR_REVIEW_CANDIDATE,MEDIUM,SCORED,true,false,65,65,Independent challenge found no evidence-based adjustment.,"Internal governance score, not a Google score or final URL disposition."
url_0ebed150bf36fd12,https://echobuddha.com/articles/mindfulness-of-breathing-guide/,ARTICLE,Articles,Mindfulness,practical guide,PRIMARY_PILLAR,,4,12.0,practical guide; no declared owner relationship; topic cluster contains 31 indexable URLs.,MEDIUM,4,12.0,"No exact Phase 1 body duplicate; exact repeated-block ratio 0.2040, unique-text ratio 0.7960; 8 retained similarity pairs; max lexical 0.1333; max heading 0.4359.",MEDIUM,3,9.0,3 current authoritative benchmarks assigned for Mindfulness; EchoBuddha role is practical guide; 2 extracted citations; 1 Buddhist primary-source links; source section present.,MEDIUM,4,12.0,8 retained similarity pairs; max lexical 0.1333; max heading 0.4359; no declared owner relationship; query ownership is NO_DATA rather than inferred.,HIGH,4,8.0,28 headings and 47 paragraphs inspected as structural coverage evidence; purpose is practical guide; word count did not award points.,MEDIUM,4,8.0,Visible author/editorial signal Echo Buddha Editorial; process reference present; provenance is structured repository content with historical drafting method not fully verified.,MEDIUM,5,5.0,2 extracted citations; 1 Buddhist primary-source links; source section present,MEDIUM,4,4.0,"Phase 1 observed HTTP 200, canonical self, indexable true; current sitemap/robots hashes match Phase 0 and no rendered ad/placeholder surface was observed.",HIGH,2,2.0,0 clicks and 0 impressions in the preserved three-month page export; query×page join unavailable,HIGH,3,3.0,"practical guide assessed for reference, practice, reflection, or repeat navigation utility; family ARTICLE; independent-purpose raw score 4/5.",MEDIUM,75,Evidence-weighted internal Phase 2 score; no material policy-risk flag.,SC_MN10 | ATI_DN22 | NHS_MINDFULNESS,MEDIUM,ND_MINDFULNESS,INTENT_MINDFULNESS,DECLARED_OWNER,NO_DATA,0,0,LOW,NONE_OBSERVED,false,,LOW,STRONG,ADEQUATE,ADEQUATE,STRONG,true,70–84,KEEP_ENHANCE_CANDIDATE,MEDIUM,SCORED,true,false,75,75,Independent challenge found no evidence-based adjustment.,"Internal governance score, not a Google score or final URL disposition."
url_c3f00c261de1a4c7,https://echobuddha.com/articles/mindfulness-vs-meditation/,ARTICLE,Articles,Mindfulness,comparison,COMPARISON_PAGE,https://echobuddha.com/learn/buddhism-101/what-is-mindfulness/,2,6.0,comparison; declared owner(s): https://echobuddha.com/learn/buddhism-101/what-is-mindfulness/; topic cluster contains 31 indexable URLs.,MEDIUM,4,12.0,"No exact Phase 1 body duplicate; exact repeated-block ratio 0.1932, unique-text ratio 0.8068; 4 retained similarity pairs; max lexical 0.1010; max heading 0.3902.",MEDIUM,3,9.0,3 current authoritative benchmarks assigned for Mindfulness; EchoBuddha role is comparison; 2 extracted citations; 1 Buddhist primary-source links; source section present.,MEDIUM,2,6.0,4 retained similarity pairs; max lexical 0.1010; max heading 0.3902; declared owner(s): https://echobuddha.com/learn/buddhism-101/what-is-mindfulness/; query ownership is NO_DATA rather than inferred.,HIGH,4,8.0,29 headings and 44 paragraphs inspected as structural coverage evidence; purpose is comparison; word count did not award points.,MEDIUM,4,8.0,Visible author/editorial signal Echo Buddha Editorial; process reference present; provenance is structured repository content with historical drafting method not fully verified.,MEDIUM,5,5.0,2 extracted citations; 1 Buddhist primary-source links; source section present,MEDIUM,4,4.0,"Phase 1 observed HTTP 200, canonical self, indexable true; current sitemap/robots hashes match Phase 0 and no rendered ad/placeholder surface was observed.",HIGH,2,2.0,0 clicks and 0 impressions in the preserved three-month page export; query×page join unavailable,HIGH,3,3.0,"comparison assessed for reference, practice, reflection, or repeat navigation utility; family ARTICLE; independent-purpose raw score 2/5.",MEDIUM,63,Evidence-weighted internal Phase 2 score; OWNER_SUPPORT_OVERLAP | WEAK_INDEPENDENT_PURPOSE.,SC_MN10 | ATI_DN22 | NHS_MINDFULNESS,MEDIUM,ND_MINDFULNESS,INTENT_MINDFULNESS,DECLARED_SUPPORT,NO_DATA,0,0,LOW,OWNER_SUPPORT_OVERLAP | WEAK_INDEPENDENT_PURPOSE,false,,LOW,WEAK,ADEQUATE,ADEQUATE,WEAK,true,50–69,MAJOR_REVIEW_CANDIDATE,MEDIUM,SCORED,true,false,63,63,Independent challenge found no evidence-based adjustment.,"Internal governance score, not a Google score or final URL disposition."
url_5052b76c7c198f4a,https://echobuddha.com/articles/noble-eightfold-path-practical-guide/,ARTICLE,Articles,Noble Eightfold Path,practical guide,PRACTICAL_APPLICATION,https://echobuddha.com/learn/eightfold-path/,2,6.0,practical guide; declared owner(s): https://echobuddha.com/learn/eightfold-path/; topic cluster contains 7 indexable URLs.,HIGH,4,12.0,"No exact Phase 1 body duplicate; exact repeated-block ratio 0.2063, unique-text ratio 0.7937; 8 retained similarity pairs; max lexical 0.1026; max heading 0.4324.",HIGH,2,6.0,3 current authoritative benchmarks assigned for Noble Eightfold Path; EchoBuddha role is practical guide; 1 extracted citations; 1 Buddhist primary-source links; source section present.,MEDIUM,2,6.0,8 retained similarity pairs; max lexical 0.1026; max heading 0.4324; declared owner(s): https://echobuddha.com/learn/eightfold-path/; query ownership is NO_DATA rather than inferred.,HIGH,4,8.0,27 headings and 42 paragraphs inspected as structural coverage evidence; purpose is practical guide; word count did not award points.,HIGH,4,8.0,Visible author/editorial signal Echo Buddha Editorial; process reference present; provenance is structured repository content with historical drafting method not fully verified.,HIGH,5,5.0,1 extracted citations; 1 Buddhist primary-source links; source section present,HIGH,4,4.0,"Phase 1 observed HTTP 200, canonical self, indexable true; current sitemap/robots hashes match Phase 0 and no rendered ad/placeholder surface was observed.",HIGH,5,5.0,1 clicks and 14 impressions in the preserved three-month page export; query×page join unavailable,HIGH,3,3.0,"practical guide assessed for reference, practice, reflection, or repeat navigation utility; family ARTICLE; independent-purpose raw score 2/5.",HIGH,63,Evidence-weighted internal Phase 2 score; SEARCH_FIRST_CONTENT_PATTERN | KEYWORD_VARIATION_PATTERN | OWNER_SUPPORT_OVERLAP | WEAK_INDEPENDENT_PURPOSE | SEO_EQUITY_HIGH.,SC_SN45_8 | ATI_SN45_8 | DHAMMA_SN45_8,MEDIUM,ND_NOBLE_EIGHTFOLD_PATH,INTENT_NOBLE_EIGHTFOLD_PATH,DECLARED_SUPPORT,NO_DATA,1,14,HIGH,SEARCH_FIRST_CONTENT_PATTERN | KEYWORD_VARIATION_PATTERN | OWNER_SUPPORT_OVERLAP | WEAK_INDEPENDENT_PURPOSE | SEO_EQUITY_HIGH,false,,LOW,WEAK,ADEQUATE,ADEQUATE,WEAK,true,50–69,MAJOR_REVIEW_CANDIDATE,HIGH,SCORED,true,false,63,63,Independent challenge found no evidence-based adjustment.,"Internal governance score, not a Google score or final URL disposition."
url_85a0416d97e17212,https://echobuddha.com/articles/non-attachment-in-relationships/,ARTICLE,Articles,Attachment and Letting Go,practical guide,SCENARIO_GUIDE,https://echobuddha.com/articles/how-to-let-go-of-attachment-in-buddhism/,3,9.0,practical guide; declared owner(s): https://echobuddha.com/articles/how-to-let-go-of-attachment-in-buddhism/; topic cluster contains 13 indexable URLs.,HIGH,3,9.0,"No exact Phase 1 body duplicate; exact repeated-block ratio 0.2970, unique-text ratio 0.7030; 4 retained similarity pairs; max lexical 0.1312; max heading 0.4848.",HIGH,4,12.0,3 current authoritative benchmarks assigned for Attachment and Letting Go; EchoBuddha role is practical guide; 2 extracted citations; 2 Buddhist primary-source links; source section present.,MEDIUM,2,6.0,4 retained similarity pairs; max lexical 0.1312; max heading 0.4848; declared owner(s): https://echobuddha.com/articles/how-to-let-go-of-attachment-in-buddhism/; query ownership is NO_DATA rather than inferred.,HIGH,4,8.0,22 headings and 30 paragraphs inspected as structural coverage evidence; purpose is practical guide; word count did not award points.,HIGH,4,8.0,Visible author/editorial signal Echo Buddha Editorial; process reference present; provenance is structured repository content with historical drafting method not fully verified.,HIGH,5,5.0,2 extracted citations; 2 Buddhist primary-source links; source section present,HIGH,4,4.0,"Phase 1 observed HTTP 200, canonical self, indexable true; current sitemap/robots hashes match Phase 0 and no rendered ad/placeholder surface was observed.",HIGH,2,2.0,0 clicks and 1 impressions in the preserved three-month page export; query×page join unavailable,HIGH,4,4.0,"practical guide assessed for reference, practice, reflection, or repeat navigation utility; family ARTICLE; independent-purpose raw score 3/5.",HIGH,67,Evidence-weighted internal Phase 2 score; OWNER_SUPPORT_OVERLAP.,TRICYCLE_BEGINNERS | ATI_BEFRIENDING | LIONS_ROAR,MEDIUM,ND_ATTACHMENT_AND_LETTING_GO,INTENT_ATTACHMENT_AND_LETTING_GO,DECLARED_SUPPORT,NO_DATA,0,1,LIMITED,OWNER_SUPPORT_OVERLAP,false,,LOW,MODERATE,ADEQUATE,ADEQUATE,ADEQUATE,true,50–69,MAJOR_REVIEW_CANDIDATE,HIGH,SCORED,true,false,67,67,Independent challenge found no evidence-based adjustment.,"Internal governance score, not a Google score or final URL disposition."
url_c6a72669cccfa1f6,https://echobuddha.com/articles/right-livelihood-modern-life/,ARTICLE,Articles,Buddhist Ethics,practical guide,PRACTICAL_APPLICATION,https://echobuddha.com/learn/buddhism-101/right-livelihood-buddhism/,2,6.0,practical guide; declared owner(s): https://echobuddha.com/learn/buddhism-101/right-livelihood-buddhism/; topic cluster contains 4 indexable URLs.,HIGH,4,12.0,"No exact Phase 1 body duplicate; exact repeated-block ratio 0.1170, unique-text ratio 0.8830; 1 retained similarity pairs; max lexical 0.0804; max heading 0.3750.",HIGH,3,9.0,3 current authoritative benchmarks assigned for Buddhist Ethics; EchoBuddha role is practical guide; 2 extracted citations; 2 Buddhist primary-source links; source section present.,MEDIUM,2,6.0,1 retained similarity pairs; max lexical 0.0804; max heading 0.3750; declared owner(s): https://echobuddha.com/learn/buddhism-101/right-livelihood-buddhism/; query ownership is NO_DATA rather than inferred.,HIGH,4,8.0,23 headings and 48 paragraphs inspected as structural coverage evidence; purpose is practical guide; word count did not award points.,HIGH,4,8.0,Visible author/editorial signal Echo Buddha Editorial; process reference present; provenance is structured repository content with historical drafting method not fully verified.,HIGH,5,5.0,2 extracted citations; 2 Buddhist primary-source links; source section present,HIGH,4,4.0,"Phase 1 observed HTTP 200, canonical self, indexable true; current sitemap/robots hashes match Phase 0 and no rendered ad/placeholder surface was observed.",HIGH,2,2.0,0 clicks and 3 impressions in the preserved three-month page export; query×page join unavailable,HIGH,3,3.0,"practical guide assessed for reference, practice, reflection, or repeat navigation utility; family ARTICLE; independent-purpose raw score 2/5.",HIGH,63,Evidence-weighted internal Phase 2 score; OWNER_SUPPORT_OVERLAP | WEAK_INDEPENDENT_PURPOSE.,ATI_FIVE_PRECEPTS | ATI_RIGHT_LIVELIHOOD | SC_SN45_8,MEDIUM,ND_BUDDHIST_ETHICS,INTENT_BUDDHIST_ETHICS,DECLARED_SUPPORT,NO_DATA,0,3,LIMITED,OWNER_SUPPORT_OVERLAP | WEAK_INDEPENDENT_PURPOSE,false,,LOW,WEAK,ADEQUATE,ADEQUATE,WEAK,true,50–69,MAJOR_REVIEW_CANDIDATE,HIGH,SCORED,true,false,63,63,Independent challenge found no evidence-based adjustment.,"Internal governance score, not a Google score or final URL disposition."
url_b9475a9f82c6331b,https://echobuddha.com/articles/right-speech-buddhism/,ARTICLE,Articles,Compassion,practical guide,PRIMARY_PILLAR,,4,12.0,practical guide; no declared owner relationship; topic cluster contains 19 indexable URLs.,HIGH,4,12.0,"No exact Phase 1 body duplicate; exact repeated-block ratio 0.1650, unique-text ratio 0.8350; 3 retained similarity pairs; max lexical 0.1430; max heading 0.4324.",HIGH,3,9.0,3 current authoritative benchmarks assigned for Compassion; EchoBuddha role is practical guide; 3 extracted citations; 3 Buddhist primary-source links; source section present.,MEDIUM,4,12.0,3 retained similarity pairs; max lexical 0.1430; max heading 0.4324; no declared owner relationship; query ownership is NO_DATA rather than inferred.,HIGH,4,8.0,32 headings and 50 paragraphs inspected as structural coverage evidence; purpose is practical guide; word count did not award points.,HIGH,4,8.0,Visible author/editorial signal Echo Buddha Editorial; process reference present; provenance is structured repository content with historical drafting method not fully verified.,HIGH,5,5.0,3 extracted citations; 3 Buddhist primary-source links; source section present,HIGH,4,4.0,"Phase 1 observed HTTP 200, canonical self, indexable true; current sitemap/robots hashes match Phase 0 and no rendered ad/placeholder surface was observed.",HIGH,5,5.0,3 clicks and 313 impressions in the preserved three-month page export; query×page join unavailable,HIGH,3,3.0,"practical guide assessed for reference, practice, reflection, or repeat navigation utility; family ARTICLE; independent-purpose raw score 4/5.",HIGH,78,Evidence-weighted internal Phase 2 score; SEO_EQUITY_HIGH.,SC_SNP1_8 | ATI_SNP1_8 | DHAMMA_KHP5,HIGH,ND_COMPASSION,INTENT_COMPASSION,DECLARED_OWNER,NO_DATA,3,313,HIGH,SEO_EQUITY_HIGH,false,,LOW,STRONG,ADEQUATE,ADEQUATE,STRONG,true,70–84,KEEP_ENHANCE_CANDIDATE,HIGH,SCORED,true,false,78,78,Independent challenge found no evidence-based adjustment.,"Internal governance score, not a Google score or final URL disposition."
url_0c44141f00905420,https://echobuddha.com/articles/right-speech-examples/,ARTICLE,Articles,Right Speech,practical guide,SUPPORTING_EXPLANATION,https://echobuddha.com/articles/right-speech-buddhism/,2,6.0,practical guide; declared owner(s): https://echobuddha.com/articles/right-speech-buddhism/; topic cluster contains 6 indexable URLs.,HIGH,3,9.0,"No exact Phase 1 body duplicate; exact repeated-block ratio 0.2863, unique-text ratio 0.7137; 4 retained similarity pairs; max lexical 0.1661; max heading 0.5000.",HIGH,3,9.0,3 current authoritative benchmarks assigned for Right Speech; EchoBuddha role is practical guide; 2 extracted citations; 2 Buddhist primary-source links; source section present.,MEDIUM,2,6.0,4 retained similarity pairs; max lexical 0.1661; max heading 0.5000; declared owner(s): https://echobuddha.com/articles/right-speech-buddhism/; query ownership is NO_DATA rather than inferred.,HIGH,4,8.0,21 headings and 28 paragraphs inspected as structural coverage evidence; purpose is practical guide; word count did not award points.,HIGH,4,8.0,Visible author/editorial signal Echo Buddha Editorial; process reference present; provenance is structured repository content with historical drafting method not fully verified.,HIGH,5,5.0,2 extracted citations; 2 Buddhist primary-source links; source section present,HIGH,4,4.0,"Phase 1 observed HTTP 200, canonical self, indexable true; current sitemap/robots hashes match Phase 0 and no rendered ad/placeholder surface was observed.",HIGH,2,2.0,0 clicks and 3 impressions in the preserved three-month page export; query×page join unavailable,HIGH,3,3.0,"practical guide assessed for reference, practice, reflection, or repeat navigation utility; family ARTICLE; independent-purpose raw score 2/5.",HIGH,60,Evidence-weighted internal Phase 2 score; OWNER_SUPPORT_OVERLAP | WEAK_INDEPENDENT_PURPOSE.,ATI_RIGHT_SPEECH | SC_SN45_8 | DHAMMA_SN45_8,MEDIUM,ND_RIGHT_SPEECH,INTENT_RIGHT_SPEECH,DECLARED_SUPPORT,NO_DATA,0,3,LIMITED,OWNER_SUPPORT_OVERLAP | WEAK_INDEPENDENT_PURPOSE,false,,LOW,WEAK,ADEQUATE,ADEQUATE,WEAK,true,50–69,MAJOR_REVIEW_CANDIDATE,HIGH,SCORED,true,false,60,60,Independent challenge found no evidence-based adjustment.,"Internal governance score, not a Google score or final URL disposition."
url_7f85f89b4254bb48,https://echobuddha.com/articles/three-poisons-buddhism-explained/,ARTICLE,Articles,Buddhist Concepts,beginner explanation,PRIMARY_PILLAR,,3,9.0,beginner explanation; no declared owner relationship; topic cluster contains 8 indexable URLs.,HIGH,4,12.0,"No exact Phase 1 body duplicate; exact repeated-block ratio 0.1128, unique-text ratio 0.8872; 0 retained similarity pairs; max lexical 0.0000; max heading 0.0000.",HIGH,3,9.0,3 current authoritative benchmarks assigned for Buddhist Concepts; EchoBuddha role is beginner explanation; 2 extracted citations; 1 Buddhist primary-source links; source section present.,MEDIUM,3,9.0,0 retained similarity pairs; max lexical 0.0000; max heading 0.0000; no declared owner relationship; query ownership is NO_DATA rather than inferred.,HIGH,4,8.0,24 headings and 45 paragraphs inspected as structural coverage evidence; purpose is beginner explanation; word count did not award points.,HIGH,4,8.0,Visible author/editorial signal Echo Buddha Editorial; process reference present; provenance is structured repository content with historical drafting method not fully verified.,HIGH,5,5.0,2 extracted citations; 1 Buddhist primary-source links; source section present,HIGH,4,4.0,"Phase 1 observed HTTP 200, canonical self, indexable true; current sitemap/robots hashes match Phase 0 and no rendered ad/placeholder surface was observed.",HIGH,5,5.0,1 clicks and 107 impressions in the preserved three-month page export; query×page join unavailable,HIGH,3,3.0,"beginner explanation assessed for reference, practice, reflection, or repeat navigation utility; family ARTICLE; independent-purpose raw score 3/5.",HIGH,72,Evidence-weighted internal Phase 2 score; SEO_EQUITY_HIGH.,SC_SN22_59 | ATI_SN22_59 | ATI_DEPENDENT_ORIGINATION,MEDIUM,NONE,INTENT_BUDDHIST_CONCEPTS,NONE_VERIFIED,NO_DATA,1,107,HIGH,SEO_EQUITY_HIGH,false,,LOW,MODERATE,ADEQUATE,ADEQUATE,ADEQUATE,true,70–84,KEEP_ENHANCE_CANDIDATE,HIGH,SCORED,true,false,72,72,Independent challenge found no evidence-based adjustment.,"Internal governance score, not a Google score or final URL disposition."
url_ff0a86f7c21321b2,https://echobuddha.com/articles/three-ways-to-practice-patience/,ARTICLE,Articles,Patience,practical guide,PRIMARY_PILLAR,,3,9.0,practical guide; no declared owner relationship; topic cluster contains 3 indexable URLs.,HIGH,4,12.0,"No exact Phase 1 body duplicate; exact repeated-block ratio 0.1634, unique-text ratio 0.8366; 4 retained similarity pairs; max lexical 0.1113; max heading 0.5000.",HIGH,3,9.0,3 current authoritative benchmarks assigned for Patience; EchoBuddha role is practical guide; 0 extracted citations; 0 Buddhist primary-source links; source section present.,MEDIUM,3,9.0,4 retained similarity pairs; max lexical 0.1113; max heading 0.5000; no declared owner relationship; query ownership is NO_DATA rather than inferred.,HIGH,4,8.0,27 headings and 43 paragraphs inspected as structural coverage evidence; purpose is practical guide; word count did not award points.,HIGH,3,6.0,Visible author/editorial signal Echo Buddha Editorial; process reference present; provenance is structured repository content with historical drafting method not fully verified.,HIGH,2,2.0,0 extracted citations; 0 Buddhist primary-source links; source section present,HIGH,4,4.0,"Phase 1 observed HTTP 200, canonical self, indexable true; current sitemap/robots hashes match Phase 0 and no rendered ad/placeholder surface was observed.",HIGH,3,3.0,0 clicks and 10 impressions in the preserved three-month page export; query×page join unavailable,HIGH,3,3.0,"practical guide assessed for reference, practice, reflection, or repeat navigation utility; family ARTICLE; independent-purpose raw score 3/5.",HIGH,65,Evidence-weighted internal Phase 2 score; SOURCE_QUALITY_GAP.,ATI_PATIENCE | DHAMMA_AN4_28 | LIONS_ROAR,MEDIUM,ND_PATIENCE,INTENT_PATIENCE,DECLARED_OWNER,NO_DATA,0,10,LIMITED,SOURCE_QUALITY_GAP,false,,LOW,MODERATE,ADEQUATE,ADEQUATE,ADEQUATE,true,50–69,MAJOR_REVIEW_CANDIDATE,HIGH,SCORED,true,false,65,65,Independent challenge found no evidence-based adjustment.,"Internal governance score, not a Google score or final URL disposition."
url_5fd850525e64ded1,https://echobuddha.com/articles/visiting-a-buddhist-temple-respectfully/,ARTICLE,Articles,Page-specific / unclustered,practical guide,SCENARIO_GUIDE,https://echobuddha.com/articles/what-is-sangha-buddhist-community/,3,9.0,practical guide; declared owner(s): https://echobuddha.com/articles/what-is-sangha-buddhist-community/; topic cluster contains 39 indexable URLs.,HIGH,4,12.0,"No exact Phase 1 body duplicate; exact repeated-block ratio 0.2369, unique-text ratio 0.7631; 11 retained similarity pairs; max lexical 0.1530; max heading 0.5862.",HIGH,4,12.0,3 current authoritative benchmarks assigned for Page-specific / unclustered; EchoBuddha role is practical guide; 4 extracted citations; 2 Buddhist primary-source links; source section present.,MEDIUM,2,6.0,11 retained similarity pairs; max lexical 0.1530; max heading 0.5862; declared owner(s): https://echobuddha.com/articles/what-is-sangha-buddhist-community/; query ownership is NO_DATA rather than inferred.,HIGH,4,8.0,21 headings and 28 paragraphs inspected as structural coverage evidence; purpose is practical guide; word count did not award points.,HIGH,4,8.0,Visible author/editorial signal Echo Buddha Editorial; process reference present; provenance is structured repository content with historical drafting method not fully verified.,HIGH,5,5.0,4 extracted citations; 2 Buddhist primary-source links; source section present,HIGH,4,4.0,"Phase 1 observed HTTP 200, canonical self, indexable true; current sitemap/robots hashes match Phase 0 and no rendered ad/placeholder surface was observed.",HIGH,4,4.0,0 clicks and 50 impressions in the preserved three-month page export; query×page join unavailable,HIGH,4,4.0,"practical guide assessed for reference, practice, reflection, or repeat navigation utility; family ARTICLE; independent-purpose raw score 3/5.",HIGH,72,Evidence-weighted internal Phase 2 score; OWNER_SUPPORT_OVERLAP.,TRICYCLE_BEGINNERS | ATI_BEFRIENDING | LIONS_ROAR,MEDIUM,ND_PAGE_SPECIFIC_UNCLUSTERED,Page-specific / unclustered,DECLARED_SUPPORT,NO_DATA,0,50,MODERATE,OWNER_SUPPORT_OVERLAP,false,,LOW,MODERATE,ADEQUATE,ADEQUATE,ADEQUATE,true,70–84,KEEP_ENHANCE_CANDIDATE,HIGH,SCORED,true,false,72,72,Independent challenge found no evidence-based adjustment.,"Internal governance score, not a Google score or final URL disposition."
url_d349289d074261ed,https://echobuddha.com/articles/walking-meditation-step-by-step/,ARTICLE,Articles,Meditation,practical guide,PRACTICE_GUIDE,https://echobuddha.com/meditation/walking-meditation/,3,9.0,practical guide; declared owner(s): https://echobuddha.com/meditation/walking-meditation/; topic cluster contains 17 indexable URLs.,HIGH,4,12.0,"No exact Phase 1 body duplicate; exact repeated-block ratio 0.1561, unique-text ratio 0.8439; 5 retained similarity pairs; max lexical 0.1019; max heading 0.4857.",HIGH,4,12.0,3 current authoritative benchmarks assigned for Meditation; EchoBuddha role is practical guide; 0 extracted citations; 0 Buddhist primary-source links; source section present.,MEDIUM,2,6.0,5 retained similarity pairs; max lexical 0.1019; max heading 0.4857; declared owner(s): https://echobuddha.com/meditation/walking-meditation/; query ownership is NO_DATA rather than inferred.,HIGH,4,8.0,26 headings and 41 paragraphs inspected as structural coverage evidence; purpose is practical guide; word count did not award points.,HIGH,3,6.0,Visible author/editorial signal Echo Buddha Editorial; process reference present; provenance is structured repository content with historical drafting method not fully verified.,HIGH,2,2.0,0 extracted citations; 0 Buddhist primary-source links; source section present,HIGH,4,4.0,"Phase 1 observed HTTP 200, canonical self, indexable true; current sitemap/robots hashes match Phase 0 and no rendered ad/placeholder surface was observed.",HIGH,2,2.0,0 clicks and 3 impressions in the preserved three-month page export; query×page join unavailable,HIGH,4,4.0,"practical guide assessed for reference, practice, reflection, or repeat navigation utility; family ARTICLE; independent-purpose raw score 3/5.",HIGH,65,Evidence-weighted internal Phase 2 score; OWNER_SUPPORT_OVERLAP | SOURCE_QUALITY_GAP.,SC_MN118 | ATI_MN118 | NCCIH_MEDITATION,MEDIUM,ND_MEDITATION,INTENT_MEDITATION,DECLARED_SUPPORT,NO_DATA,0,3,LIMITED,OWNER_SUPPORT_OVERLAP | SOURCE_QUALITY_GAP,false,,LOW,MODERATE,ADEQUATE,ADEQUATE,ADEQUATE,true,50–69,MAJOR_REVIEW_CANDIDATE,HIGH,SCORED,true,false,65,65,Independent challenge found no evidence-based adjustment.,"Internal governance score, not a Google score or final URL disposition."
url_c587b68fb89aa087,https://echobuddha.com/articles/what-is-buddhism-beginner-guide/,ARTICLE,Articles,Beginner Buddhism,practical guide,BEGINNER_FOUNDATION,https://echobuddha.com/learn/buddhism-for-beginners/,2,6.0,practical guide; declared owner(s): https://echobuddha.com/learn/buddhism-for-beginners/; topic cluster contains 7 indexable URLs.,HIGH,4,12.0,"No exact Phase 1 body duplicate; exact repeated-block ratio 0.1372, unique-text ratio 0.8628; 6 retained similarity pairs; max lexical 0.0993; max heading 0.4857.",HIGH,2,6.0,3 current authoritative benchmarks assigned for Beginner Buddhism; EchoBuddha role is practical guide; 2 extracted citations; 2 Buddhist primary-source links; source section present.,MEDIUM,2,6.0,6 retained similarity pairs; max lexical 0.0993; max heading 0.4857; declared owner(s): https://echobuddha.com/learn/buddhism-for-beginners/; query ownership is NO_DATA rather than inferred.,HIGH,4,8.0,26 headings and 40 paragraphs inspected as structural coverage evidence; purpose is practical guide; word count did not award points.,HIGH,4,8.0,Visible author/editorial signal Echo Buddha Editorial; process reference present; provenance is structured repository content with historical drafting method not fully verified.,HIGH,5,5.0,2 extracted citations; 2 Buddhist primary-source links; source section present,HIGH,4,4.0,"Phase 1 observed HTTP 200, canonical self, indexable true; current sitemap/robots hashes match Phase 0 and no rendered ad/placeholder surface was observed.",HIGH,3,3.0,0 clicks and 12 impressions in the preserved three-month page export; query×page join unavailable,HIGH,3,3.0,"practical guide assessed for reference, practice, reflection, or repeat navigation utility; family ARTICLE; independent-purpose raw score 2/5.",HIGH,61,Evidence-weighted internal Phase 2 score; SEARCH_FIRST_CONTENT_PATTERN | KEYWORD_VARIATION_PATTERN | OWNER_SUPPORT_OVERLAP | WEAK_INDEPENDENT_PURPOSE.,TRICYCLE_BEGINNERS | ATI_BEFRIENDING | SC_START,MEDIUM,ND_BEGINNER_BUDDHISM,INTENT_BEGINNER_BUDDHISM,DECLARED_SUPPORT,NO_DATA,0,12,LIMITED,SEARCH_FIRST_CONTENT_PATTERN | KEYWORD_VARIATION_PATTERN | OWNER_SUPPORT_OVERLAP | WEAK_INDEPENDENT_PURPOSE,false,,LOW,WEAK,ADEQUATE,ADEQUATE,WEAK,true,50–69,MAJOR_REVIEW_CANDIDATE,HIGH,SCORED,true,false,61,61,Independent challenge found no evidence-based adjustment.,"Internal governance score, not a Google score or final URL disposition."
url_09dd3f7edb14825c,https://echobuddha.com/articles/what-is-karma-in-buddhism/,ARTICLE,Articles,Karma,practical guide,PRACTICAL_APPLICATION,https://echobuddha.com/learn/buddhism-101/what-is-karma-in-buddhism/,2,6.0,practical guide; declared owner(s): https://echobuddha.com/learn/buddhism-101/what-is-karma-in-buddhism/; topic cluster contains 4 indexable URLs.,HIGH,4,12.0,"No exact Phase 1 body duplicate; exact repeated-block ratio 0.1127, unique-text ratio 0.8873; 0 retained similarity pairs; max lexical 0.0000; max heading 0.0000.",HIGH,3,9.0,3 current authoritative benchmarks assigned for Karma; EchoBuddha role is practical guide; 1 extracted citations; 1 Buddhist primary-source links; source section present.,MEDIUM,2,6.0,0 retained similarity pairs; max lexical 0.0000; max heading 0.0000; declared owner(s): https://echobuddha.com/learn/buddhism-101/what-is-karma-in-buddhism/; query ownership is NO_DATA rather than inferred.,HIGH,4,8.0,28 headings and 38 paragraphs inspected as structural coverage evidence; purpose is practical guide; word count did not award points.,HIGH,4,8.0,Visible author/editorial signal Echo Buddha Editorial; process reference present; provenance is structured repository content with historical drafting method not fully verified.,HIGH,5,5.0,1 extracted citations; 1 Buddhist primary-source links; source section present,HIGH,4,4.0,"Phase 1 observed HTTP 200, canonical self, indexable true; current sitemap/robots hashes match Phase 0 and no rendered ad/placeholder surface was observed.",HIGH,3,3.0,0 clicks and 9 impressions in the preserved three-month page export; query×page join unavailable,HIGH,3,3.0,"practical guide assessed for reference, practice, reflection, or repeat navigation utility; family ARTICLE; independent-purpose raw score 2/5.",HIGH,64,Evidence-weighted internal Phase 2 score; OWNER_SUPPORT_OVERLAP | WEAK_INDEPENDENT_PURPOSE.,SC_AN6_63 | ATI_AN3_65 | SC_DEFINE_DHAMMA,MEDIUM,NONE,INTENT_KARMA,DECLARED_SUPPORT,NO_DATA,0,9,LIMITED,OWNER_SUPPORT_OVERLAP | WEAK_INDEPENDENT_PURPOSE,false,,LOW,WEAK,ADEQUATE,ADEQUATE,WEAK,true,50–69,MAJOR_REVIEW_CANDIDATE,HIGH,SCORED,true,false,64,64,Independent challenge found no evidence-based adjustment.,"Internal governance score, not a Google score or final URL disposition."
url_aab05fde84a45622,https://echobuddha.com/articles/what-is-sangha-buddhist-community/,ARTICLE,Articles,Sangha,practical guide,PRIMARY_PILLAR,,4,12.0,practical guide; no declared owner relationship; topic cluster contains 2 indexable URLs.,HIGH,4,12.0,"No exact Phase 1 body duplicate; exact repeated-block ratio 0.1149, unique-text ratio 0.8851; 2 retained similarity pairs; max lexical 0.1233; max heading 0.5862.",HIGH,3,9.0,3 current authoritative benchmarks assigned for Sangha; EchoBuddha role is practical guide; 3 extracted citations; 2 Buddhist primary-source links; source section present.,MEDIUM,4,12.0,2 retained similarity pairs; max lexical 0.1233; max heading 0.5862; no declared owner relationship; query ownership is NO_DATA rather than inferred.,HIGH,4,8.0,25 headings and 49 paragraphs inspected as structural coverage evidence; purpose is practical guide; word count did not award points.,HIGH,4,8.0,Visible author/editorial signal Echo Buddha Editorial; process reference present; provenance is structured repository content with historical drafting method not fully verified.,HIGH,5,5.0,3 extracted citations; 2 Buddhist primary-source links; source section present,HIGH,4,4.0,"Phase 1 observed HTTP 200, canonical self, indexable true; current sitemap/robots hashes match Phase 0 and no rendered ad/placeholder surface was observed.",HIGH,4,4.0,0 clicks and 75 impressions in the preserved three-month page export; query×page join unavailable,HIGH,3,3.0,"practical guide assessed for reference, practice, reflection, or repeat navigation utility; family ARTICLE; independent-purpose raw score 4/5.",HIGH,77,Evidence-weighted internal Phase 2 score; no material policy-risk flag.,TRICYCLE_BEGINNERS | ATI_BEFRIENDING | LIONS_ROAR,MEDIUM,ND_SANGHA,INTENT_SANGHA,DECLARED_OWNER,NO_DATA,0,75,MODERATE,NONE_OBSERVED,false,,LOW,STRONG,ADEQUATE,ADEQUATE,STRONG,true,70–84,KEEP_ENHANCE_CANDIDATE,HIGH,SCORED,true,false,77,77,Independent challenge found no evidence-based adjustment.,"Internal governance score, not a Google score or final URL disposition."
url_9dfc9ca73675d58b,https://echobuddha.com/daily-reflections/,DAILY_REFLECTION_HUB,Reflections,Mindfulness,practical guide,HUB,,4,12.0,practical guide; no declared owner relationship; topic cluster contains 31 indexable URLs.,MEDIUM,3,9.0,"No exact Phase 1 body duplicate; exact repeated-block ratio 0.8919, unique-text ratio 0.1081; 0 retained similarity pairs; max lexical 0.0000; max heading 0.0000.",MEDIUM,3,9.0,3 current authoritative benchmarks assigned for Mindfulness; EchoBuddha role is practical guide; 0 extracted citations; 0 Buddhist primary-source links; source section not extracted.,MEDIUM,4,12.0,0 retained similarity pairs; max lexical 0.0000; max heading 0.0000; no declared owner relationship; query ownership is NO_DATA rather than inferred.,HIGH,4,8.0,36 headings and 73 paragraphs inspected as structural coverage evidence; purpose is practical guide; word count did not award points.,MEDIUM,3,6.0,Visible author/editorial signal NOT_VERIFIED; process reference present; provenance is structured repository content with historical drafting method not fully verified.,MEDIUM,3,3.0,0 extracted citations; 0 Buddhist primary-source links; source section not extracted,MEDIUM,4,4.0,"Phase 1 observed HTTP 200, canonical self, indexable true; current sitemap/robots hashes match Phase 0 and no rendered ad/placeholder surface was observed.",HIGH,5,5.0,1 clicks and 3 impressions in the preserved three-month page export; query×page join unavailable,HIGH,5,5.0,"practical guide assessed for reference, practice, reflection, or repeat navigation utility; family DAILY_REFLECTION_HUB; independent-purpose raw score 4/5.",MEDIUM,73,Evidence-weighted internal Phase 2 score; NAVIGATION_DOMINANT_SURFACE | BOILERPLATE_DOMINANT | LOW_UNIQUE_TEXT_RATIO | SEO_EQUITY_HIGH.,SC_MN10 | ATI_DN22 | NHS_MINDFULNESS,MEDIUM,NONE,INTENT_MINDFULNESS,NONE_VERIFIED,NO_DATA,1,3,HIGH,NAVIGATION_DOMINANT_SURFACE | BOILERPLATE_DOMINANT | LOW_UNIQUE_TEXT_RATIO | SEO_EQUITY_HIGH,false,,MODERATE,STRONG,ADEQUATE,ADEQUATE,STRONG,true,70–84,KEEP_ENHANCE_CANDIDATE,MEDIUM,SCORED,true,false,73,73,Independent challenge found no evidence-based adjustment.,"Internal governance score, not a Google score or final URL disposition."
url_1cae38d7a8537094,https://echobuddha.com/,HOME,Hubs,Page-specific / unclustered,practical guide,HUB,,5,15.0,practical guide; no declared owner relationship; topic cluster contains 39 indexable URLs.,MEDIUM,3,9.0,"No exact Phase 1 body duplicate; exact repeated-block ratio 0.2610, unique-text ratio 0.7390; 0 retained similarity pairs; max lexical 0.0000; max heading 0.0000.",MEDIUM,3,9.0,3 current authoritative benchmarks assigned for Page-specific / unclustered; EchoBuddha role is practical guide; 0 extracted citations; 0 Buddhist primary-source links; source section not extracted.,MEDIUM,5,15.0,0 retained similarity pairs; max lexical 0.0000; max heading 0.0000; no declared owner relationship; query ownership is NO_DATA rather than inferred.,HIGH,4,8.0,14 headings and 23 paragraphs inspected as structural coverage evidence; purpose is practical guide; word count did not award points.,MEDIUM,4,8.0,Visible author/editorial signal NOT_VERIFIED; process reference present; provenance is structured repository content with historical drafting method not fully verified.,MEDIUM,4,4.0,0 extracted citations; 0 Buddhist primary-source links; source section not extracted,MEDIUM,4,4.0,"Phase 1 observed HTTP 200, canonical self, indexable true; current sitemap/robots hashes match Phase 0 and no rendered ad/placeholder surface was observed.",HIGH,3,3.0,0 clicks and 5 impressions in the preserved three-month page export; query×page join unavailable,HIGH,4,4.0,"practical guide assessed for reference, practice, reflection, or repeat navigation utility; family HOME; independent-purpose raw score 5/5.",MEDIUM,79,Evidence-weighted internal Phase 2 score; no material policy-risk flag.,TRICYCLE_BEGINNERS | ATI_BEFRIENDING | LIONS_ROAR,MEDIUM,NONE,Page-specific / unclustered,DECLARED_OWNER,NO_DATA,0,5,LIMITED,NONE_OBSERVED,false,,LOW,STRONG,ADEQUATE,ADEQUATE,STRONG,true,70–84,KEEP_ENHANCE_CANDIDATE,MEDIUM,SCORED,true,false,79,79,Independent challenge found no evidence-based adjustment.,"Internal governance score, not a Google score or final URL disposition."
url_2436ae7a4189e561,https://echobuddha.com/learn/buddhism-101/a-simple-daily-buddhist-practice/,BUDDHISM_101,Learn,Page-specific / unclustered,practical guide,PRACTICAL_APPLICATION,https://echobuddha.com/learn/buddhism-for-beginners/,3,9.0,practical guide; declared owner(s): https://echobuddha.com/learn/buddhism-for-beginners/; topic cluster contains 39 indexable URLs.,HIGH,4,12.0,"No exact Phase 1 body duplicate; exact repeated-block ratio 0.0836, unique-text ratio 0.9164; 6 retained similarity pairs; max lexical 0.0500; max heading 0.5000.",HIGH,3,9.0,3 current authoritative benchmarks assigned for Page-specific / unclustered; EchoBuddha role is practical guide; 1 extracted citations; 1 Buddhist primary-source links; source section present.,MEDIUM,3,9.0,6 retained similarity pairs; max lexical 0.0500; max heading 0.5000; declared owner(s): https://echobuddha.com/learn/buddhism-for-beginners/; query ownership is NO_DATA rather than inferred.,HIGH,5,10.0,12 headings and 13 paragraphs inspected as structural coverage evidence; purpose is practical guide; word count did not award points.,HIGH,4,8.0,Visible author/editorial signal NOT_VERIFIED; process reference present; provenance is structured repository content with historical drafting method not fully verified.,HIGH,5,5.0,1 extracted citations; 1 Buddhist primary-source links; source section present,HIGH,4,4.0,"Phase 1 observed HTTP 200, canonical self, indexable true; current sitemap/robots hashes match Phase 0 and no rendered ad/placeholder surface was observed.",HIGH,2,2.0,0 clicks and 1 impressions in the preserved three-month page export; query×page join unavailable,HIGH,4,4.0,"practical guide assessed for reference, practice, reflection, or repeat navigation utility; family BUDDHISM_101; independent-purpose raw score 3/5.",HIGH,72,Evidence-weighted internal Phase 2 score; OWNER_SUPPORT_OVERLAP.,TRICYCLE_BEGINNERS | ATI_BEFRIENDING | LIONS_ROAR,MEDIUM,ND_PAGE_SPECIFIC_UNCLUSTERED,Page-specific / unclustered,DECLARED_SUPPORT,NO_DATA,0,1,LIMITED,OWNER_SUPPORT_OVERLAP,false,,LOW,MODERATE,ADEQUATE,ADEQUATE,ADEQUATE,true,70–84,KEEP_ENHANCE_CANDIDATE,HIGH,SCORED,true,false,72,72,Independent challenge found no evidence-based adjustment.,"Internal governance score, not a Google score or final URL disposition."
url_cf9de0a9fa463577,https://echobuddha.com/learn/buddhism-101/dependent-origination-explained/,BUDDHISM_101,Learn,Buddhist Concepts,practical guide,BEGINNER_FOUNDATION,https://echobuddha.com/learn/buddhism-101/,3,9.0,practical guide; declared owner(s): https://echobuddha.com/learn/buddhism-101/; topic cluster contains 8 indexable URLs.,HIGH,4,12.0,"No exact Phase 1 body duplicate; exact repeated-block ratio 0.0248, unique-text ratio 0.9752; 0 retained similarity pairs; max lexical 0.0000; max heading 0.0000.",HIGH,3,9.0,3 current authoritative benchmarks assigned for Buddhist Concepts; EchoBuddha role is practical guide; 1 extracted citations; 1 Buddhist primary-source links; source section present.,MEDIUM,3,9.0,0 retained similarity pairs; max lexical 0.0000; max heading 0.0000; declared owner(s): https://echobuddha.com/learn/buddhism-101/; query ownership is NO_DATA rather than inferred.,HIGH,5,10.0,18 headings and 30 paragraphs inspected as structural coverage evidence; purpose is practical guide; word count did not award points.,HIGH,4,8.0,Visible author/editorial signal NOT_VERIFIED; process reference present; provenance is structured repository content with historical drafting method not fully verified.,HIGH,5,5.0,1 extracted citations; 1 Buddhist primary-source links; source section present,HIGH,4,4.0,"Phase 1 observed HTTP 200, canonical self, indexable true; current sitemap/robots hashes match Phase 0 and no rendered ad/placeholder surface was observed.",HIGH,2,2.0,0 clicks and 4 impressions in the preserved three-month page export; query×page join unavailable,HIGH,4,4.0,"practical guide assessed for reference, practice, reflection, or repeat navigation utility; family BUDDHISM_101; independent-purpose raw score 3/5.",HIGH,72,Evidence-weighted internal Phase 2 score; OWNER_SUPPORT_OVERLAP.,SC_SN22_59 | ATI_SN22_59 | ATI_DEPENDENT_ORIGINATION,MEDIUM,NONE,INTENT_BUDDHIST_CONCEPTS,DECLARED_SUPPORT,NO_DATA,0,4,LIMITED,OWNER_SUPPORT_OVERLAP,false,,LOW,MODERATE,ADEQUATE,ADEQUATE,ADEQUATE,true,70–84,KEEP_ENHANCE_CANDIDATE,HIGH,SCORED,true,false,72,72,Independent challenge found no evidence-based adjustment.,"Internal governance score, not a Google score or final URL disposition."
url_588096857ef89de5,https://echobuddha.com/learn/buddhism-101/five-aggregates-buddhism/,BUDDHISM_101,Learn,Buddhist Concepts,beginner explanation,SUPPORTING_EXPLANATION,https://echobuddha.com/learn/buddhism-101/,3,9.0,beginner explanation; declared owner(s): https://echobuddha.com/learn/buddhism-101/; topic cluster contains 8 indexable URLs.,HIGH,4,12.0,"No exact Phase 1 body duplicate; exact repeated-block ratio 0.0239, unique-text ratio 0.9761; 0 retained similarity pairs; max lexical 0.0000; max heading 0.0000.",HIGH,3,9.0,3 current authoritative benchmarks assigned for Buddhist Concepts; EchoBuddha role is beginner explanation; 1 extracted citations; 1 Buddhist primary-source links; source section present.,MEDIUM,3,9.0,0 retained similarity pairs; max lexical 0.0000; max heading 0.0000; declared owner(s): https://echobuddha.com/learn/buddhism-101/; query ownership is NO_DATA rather than inferred.,HIGH,5,10.0,19 headings and 32 paragraphs inspected as structural coverage evidence; purpose is beginner explanation; word count did not award points.,HIGH,4,8.0,Visible author/editorial signal NOT_VERIFIED; process reference present; provenance is structured repository content with historical drafting method not fully verified.,HIGH,5,5.0,1 extracted citations; 1 Buddhist primary-source links; source section present,HIGH,4,4.0,"Phase 1 observed HTTP 200, canonical self, indexable true; current sitemap/robots hashes match Phase 0 and no rendered ad/placeholder surface was observed.",HIGH,3,3.0,0 clicks and 9 impressions in the preserved three-month page export; query×page join unavailable,HIGH,4,4.0,"beginner explanation assessed for reference, practice, reflection, or repeat navigation utility; family BUDDHISM_101; independent-purpose raw score 3/5.",HIGH,73,Evidence-weighted internal Phase 2 score; OWNER_SUPPORT_OVERLAP.,SC_SN22_59 | ATI_SN22_59 | ATI_DEPENDENT_ORIGINATION,MEDIUM,NONE,INTENT_BUDDHIST_CONCEPTS,DECLARED_SUPPORT,NO_DATA,0,9,LIMITED,OWNER_SUPPORT_OVERLAP,false,,LOW,MODERATE,ADEQUATE,ADEQUATE,ADEQUATE,true,70–84,KEEP_ENHANCE_CANDIDATE,HIGH,SCORED,true,false,73,73,Independent challenge found no evidence-based adjustment.,"Internal governance score, not a Google score or final URL disposition."
url_543df414babd2324,https://echobuddha.com/learn/buddhism-101/five-hindrances-in-buddhism/,BUDDHISM_101,Learn,Buddhist Concepts,practical guide,BEGINNER_FOUNDATION,https://echobuddha.com/learn/buddhism-101/,3,9.0,practical guide; declared owner(s): https://echobuddha.com/learn/buddhism-101/; topic cluster contains 8 indexable URLs.,HIGH,4,12.0,"No exact Phase 1 body duplicate; exact repeated-block ratio 0.1749, unique-text ratio 0.8251; 3 retained similarity pairs; max lexical 0.0996; max heading 0.3846.",HIGH,3,9.0,3 current authoritative benchmarks assigned for Buddhist Concepts; EchoBuddha role is practical guide; 1 extracted citations; 1 Buddhist primary-source links; source section present.,MEDIUM,3,9.0,3 retained similarity pairs; max lexical 0.0996; max heading 0.3846; declared owner(s): https://echobuddha.com/learn/buddhism-101/; query ownership is NO_DATA rather than inferred.,HIGH,5,10.0,9 headings and 13 paragraphs inspected as structural coverage evidence; purpose is practical guide; word count did not award points.,HIGH,4,8.0,Visible author/editorial signal NOT_VERIFIED; process reference present; provenance is structured repository content with historical drafting method not fully verified.,HIGH,5,5.0,1 extracted citations; 1 Buddhist primary-source links; source section present,HIGH,4,4.0,"Phase 1 observed HTTP 200, canonical self, indexable true; current sitemap/robots hashes match Phase 0 and no rendered ad/placeholder surface was observed.",HIGH,2,2.0,0 clicks and 4 impressions in the preserved three-month page export; query×page join unavailable,HIGH,4,4.0,"practical guide assessed for reference, practice, reflection, or repeat navigation utility; family BUDDHISM_101; independent-purpose raw score 3/5.",HIGH,72,Evidence-weighted internal Phase 2 score; OWNER_SUPPORT_OVERLAP.,SC_SN22_59 | ATI_SN22_59 | ATI_DEPENDENT_ORIGINATION,MEDIUM,ND_BUDDHIST_CONCEPTS,INTENT_BUDDHIST_CONCEPTS,DECLARED_SUPPORT,NO_DATA,0,4,LIMITED,OWNER_SUPPORT_OVERLAP,false,,LOW,MODERATE,ADEQUATE,ADEQUATE,ADEQUATE,true,70–84,KEEP_ENHANCE_CANDIDATE,HIGH,SCORED,true,false,72,72,Independent challenge found no evidence-based adjustment.,"Internal governance score, not a Google score or final URL disposition."
url_b73e21338348043b,https://echobuddha.com/learn/buddhism-101/five-precepts-buddhism/,BUDDHISM_101,Learn,Buddhist Ethics,practical guide,PRIMARY_PILLAR,,4,12.0,practical guide; no declared owner relationship; topic cluster contains 4 indexable URLs.,HIGH,4,12.0,"No exact Phase 1 body duplicate; exact repeated-block ratio 0.0189, unique-text ratio 0.9811; 0 retained similarity pairs; max lexical 0.0000; max heading 0.0000.",HIGH,3,9.0,3 current authoritative benchmarks assigned for Buddhist Ethics; EchoBuddha role is practical guide; 1 extracted citations; 1 Buddhist primary-source links; source section present.,MEDIUM,4,12.0,0 retained similarity pairs; max lexical 0.0000; max heading 0.0000; no declared owner relationship; query ownership is NO_DATA rather than inferred.,HIGH,5,10.0,20 headings and 37 paragraphs inspected as structural coverage evidence; purpose is practical guide; word count did not award points.,HIGH,4,8.0,Visible author/editorial signal NOT_VERIFIED; process reference present; provenance is structured repository content with historical drafting method not fully verified.,HIGH,5,5.0,1 extracted citations; 1 Buddhist primary-source links; source section present,HIGH,4,4.0,"Phase 1 observed HTTP 200, canonical self, indexable true; current sitemap/robots hashes match Phase 0 and no rendered ad/placeholder surface was observed.",HIGH,3,3.0,0 clicks and 10 impressions in the preserved three-month page export; query×page join unavailable,HIGH,4,4.0,"practical guide assessed for reference, practice, reflection, or repeat navigation utility; family BUDDHISM_101; independent-purpose raw score 4/5.",HIGH,79,Evidence-weighted internal Phase 2 score; no material policy-risk flag.,ATI_FIVE_PRECEPTS | ATI_RIGHT_LIVELIHOOD | SC_SN45_8,MEDIUM,NONE,INTENT_BUDDHIST_ETHICS,DECLARED_OWNER,NO_DATA,0,10,LIMITED,NONE_OBSERVED,false,,LOW,STRONG,ADEQUATE,ADEQUATE,STRONG,true,70–84,KEEP_ENHANCE_CANDIDATE,HIGH,SCORED,true,false,79,79,Independent challenge found no evidence-based adjustment.,"Internal governance score, not a Google score or final URL disposition."
url_66004b78de321b05,https://echobuddha.com/learn/buddhism-101/four-brahmaviharas/,BUDDHISM_101,Learn,Compassion,comparison,PRIMARY_PILLAR,,4,12.0,comparison; no declared owner relationship; topic cluster contains 19 indexable URLs.,HIGH,4,12.0,"No exact Phase 1 body duplicate; exact repeated-block ratio 0.1698, unique-text ratio 0.8302; 3 retained similarity pairs; max lexical 0.0996; max heading 0.5000.",HIGH,3,9.0,3 current authoritative benchmarks assigned for Compassion; EchoBuddha role is comparison; 2 extracted citations; 1 Buddhist primary-source links; source section present.,MEDIUM,4,12.0,3 retained similarity pairs; max lexical 0.0996; max heading 0.5000; no declared owner relationship; query ownership is NO_DATA rather than inferred.,HIGH,5,10.0,9 headings and 13 paragraphs inspected as structural coverage evidence; purpose is comparison; word count did not award points.,HIGH,4,8.0,Visible author/editorial signal NOT_VERIFIED; process reference present; provenance is structured repository content with historical drafting method not fully verified.,HIGH,5,5.0,2 extracted citations; 1 Buddhist primary-source links; source section present,HIGH,4,4.0,"Phase 1 observed HTTP 200, canonical self, indexable true; current sitemap/robots hashes match Phase 0 and no rendered ad/placeholder surface was observed.",HIGH,3,3.0,0 clicks and 11 impressions in the preserved three-month page export; query×page join unavailable,HIGH,4,4.0,"comparison assessed for reference, practice, reflection, or repeat navigation utility; family BUDDHISM_101; independent-purpose raw score 4/5.",HIGH,79,Evidence-weighted internal Phase 2 score; no material policy-risk flag.,SC_SNP1_8 | ATI_SNP1_8 | DHAMMA_KHP5,MEDIUM,ND_COMPASSION,INTENT_COMPASSION,NONE_VERIFIED,NO_DATA,0,11,LIMITED,NONE_OBSERVED,false,,LOW,STRONG,ADEQUATE,ADEQUATE,STRONG,true,70–84,KEEP_ENHANCE_CANDIDATE,HIGH,SCORED,true,false,79,79,Independent challenge found no evidence-based adjustment.,"Internal governance score, not a Google score or final URL disposition."
url_e0589e812b2eb258,https://echobuddha.com/learn/buddhism-101/how-to-practice-buddhism-at-home/,BUDDHISM_101,Learn,Beginner Buddhism,practical guide,PRACTICAL_APPLICATION,https://echobuddha.com/learn/buddhism-for-beginners/,4,12.0,practical guide; declared owner(s): https://echobuddha.com/learn/buddhism-for-beginners/; topic cluster contains 7 indexable URLs.,HIGH,4,12.0,"No exact Phase 1 body duplicate; exact repeated-block ratio 0.0769, unique-text ratio 0.9231; 6 retained similarity pairs; max lexical 0.0500; max heading 0.6000.",HIGH,4,12.0,3 current authoritative benchmarks assigned for Beginner Buddhism; EchoBuddha role is practical guide; 1 extracted citations; 1 Buddhist primary-source links; source section present.,MEDIUM,3,9.0,6 retained similarity pairs; max lexical 0.0500; max heading 0.6000; declared owner(s): https://echobuddha.com/learn/buddhism-for-beginners/; query ownership is NO_DATA rather than inferred.,HIGH,5,10.0,12 headings and 13 paragraphs inspected as structural coverage evidence; purpose is practical guide; word count did not award points.,HIGH,4,8.0,Visible author/editorial signal NOT_VERIFIED; process reference present; provenance is structured repository content with historical drafting method not fully verified.,HIGH,5,5.0,1 extracted citations; 1 Buddhist primary-source links; source section present,HIGH,4,4.0,"Phase 1 observed HTTP 200, canonical self, indexable true; current sitemap/robots hashes match Phase 0 and no rendered ad/placeholder surface was observed.",HIGH,3,3.0,0 clicks and 10 impressions in the preserved three-month page export; query×page join unavailable,HIGH,5,5.0,"practical guide assessed for reference, practice, reflection, or repeat navigation utility; family BUDDHISM_101; independent-purpose raw score 4/5.",HIGH,80,Evidence-weighted internal Phase 2 score; OWNER_SUPPORT_OVERLAP.,TRICYCLE_BEGINNERS | ATI_BEFRIENDING | SC_START,MEDIUM,ND_BEGINNER_BUDDHISM,INTENT_BEGINNER_BUDDHISM,DECLARED_SUPPORT,NO_DATA,0,10,LIMITED,OWNER_SUPPORT_OVERLAP,false,,LOW,STRONG,ADEQUATE,ADEQUATE,STRONG,true,70–84,KEEP_ENHANCE_CANDIDATE,HIGH,SCORED,true,false,80,80,Independent challenge found no evidence-based adjustment.,"Internal governance score, not a Google score or final URL disposition."
url_c481090da53135d5,https://echobuddha.com/learn/buddhism-101/,BUDDHISM_101,Learn,Page-specific / unclustered,practical guide,HUB,,5,15.0,practical guide; no declared owner relationship; topic cluster contains 39 indexable URLs.,MEDIUM,4,12.0,"No exact Phase 1 body duplicate; exact repeated-block ratio 0.0348, unique-text ratio 0.9652; 0 retained similarity pairs; max lexical 0.0000; max heading 0.0000.",MEDIUM,3,9.0,3 current authoritative benchmarks assigned for Page-specific / unclustered; EchoBuddha role is practical guide; 2 extracted citations; 1 Buddhist primary-source links; source section not extracted.,MEDIUM,5,15.0,0 retained similarity pairs; max lexical 0.0000; max heading 0.0000; no declared owner relationship; query ownership is NO_DATA rather than inferred.,HIGH,4,8.0,3 headings and 33 paragraphs inspected as structural coverage evidence; purpose is practical guide; word count did not award points.,MEDIUM,3,6.0,Visible author/editorial signal NOT_VERIFIED; process reference present; provenance is structured repository content with historical drafting method not fully verified.,MEDIUM,5,5.0,2 extracted citations; 1 Buddhist primary-source links; source section not extracted,MEDIUM,4,4.0,"Phase 1 observed HTTP 200, canonical self, indexable true; current sitemap/robots hashes match Phase 0 and no rendered ad/placeholder surface was observed.",HIGH,2,2.0,0 clicks and 1 impressions in the preserved three-month page export; query×page join unavailable,HIGH,4,4.0,"practical guide assessed for reference, practice, reflection, or repeat navigation utility; family BUDDHISM_101; independent-purpose raw score 5/5.",MEDIUM,80,Evidence-weighted internal Phase 2 score; no material policy-risk flag.,TRICYCLE_BEGINNERS | ATI_BEFRIENDING | LIONS_ROAR,MEDIUM,NONE,Page-specific / unclustered,DECLARED_OWNER,NO_DATA,0,1,LIMITED,NONE_OBSERVED,false,,LOW,STRONG,ADEQUATE,ADEQUATE,STRONG,true,70–84,KEEP_ENHANCE_CANDIDATE,MEDIUM,SCORED,true,false,80,80,Independent challenge found no evidence-based adjustment.,"Internal governance score, not a Google score or final URL disposition."
url_70608131cd0ae0c1,https://echobuddha.com/learn/buddhism-101/middle-way-explained-for-beginners/,BUDDHISM_101,Learn,Buddhist Concepts,practical guide,BEGINNER_FOUNDATION,https://echobuddha.com/learn/buddhism-101/,3,9.0,practical guide; declared owner(s): https://echobuddha.com/learn/buddhism-101/; topic cluster contains 8 indexable URLs.,HIGH,4,12.0,"No exact Phase 1 body duplicate; exact repeated-block ratio 0.1658, unique-text ratio 0.8342; 3 retained similarity pairs; max lexical 0.0901; max heading 0.5000.",HIGH,3,9.0,3 current authoritative benchmarks assigned for Buddhist Concepts; EchoBuddha role is practical guide; 1 extracted citations; 1 Buddhist primary-source links; source section present.,MEDIUM,3,9.0,3 retained similarity pairs; max lexical 0.0901; max heading 0.5000; declared owner(s): https://echobuddha.com/learn/buddhism-101/; query ownership is NO_DATA rather than inferred.,HIGH,5,10.0,9 headings and 13 paragraphs inspected as structural coverage evidence; purpose is practical guide; word count did not award points.,HIGH,4,8.0,Visible author/editorial signal NOT_VERIFIED; process reference present; provenance is structured repository content with historical drafting method not fully verified.,HIGH,5,5.0,1 extracted citations; 1 Buddhist primary-source links; source section present,HIGH,4,4.0,"Phase 1 observed HTTP 200, canonical self, indexable true; current sitemap/robots hashes match Phase 0 and no rendered ad/placeholder surface was observed.",HIGH,3,3.0,0 clicks and 16 impressions in the preserved three-month page export; query×page join unavailable,HIGH,4,4.0,"practical guide assessed for reference, practice, reflection, or repeat navigation utility; family BUDDHISM_101; independent-purpose raw score 3/5.",HIGH,73,Evidence-weighted internal Phase 2 score; OWNER_SUPPORT_OVERLAP.,SC_SN22_59 | ATI_SN22_59 | ATI_DEPENDENT_ORIGINATION,MEDIUM,ND_BUDDHIST_CONCEPTS,INTENT_BUDDHIST_CONCEPTS,DECLARED_SUPPORT,NO_DATA,0,16,LIMITED,OWNER_SUPPORT_OVERLAP,false,,LOW,MODERATE,ADEQUATE,ADEQUATE,ADEQUATE,true,70–84,KEEP_ENHANCE_CANDIDATE,HIGH,SCORED,true,false,73,73,Independent challenge found no evidence-based adjustment.,"Internal governance score, not a Google score or final URL disposition."
url_76900f9648a80f0e,https://echobuddha.com/learn/buddhism-101/right-livelihood-buddhism/,BUDDHISM_101,Learn,Buddhist Ethics,practical guide,PRIMARY_PILLAR,,4,12.0,practical guide; no declared owner relationship; topic cluster contains 4 indexable URLs.,HIGH,4,12.0,"No exact Phase 1 body duplicate; exact repeated-block ratio 0.0208, unique-text ratio 0.9792; 0 retained similarity pairs; max lexical 0.0000; max heading 0.0000.",HIGH,3,9.0,3 current authoritative benchmarks assigned for Buddhist Ethics; EchoBuddha role is practical guide; 2 extracted citations; 1 Buddhist primary-source links; source section present.,MEDIUM,4,12.0,0 retained similarity pairs; max lexical 0.0000; max heading 0.0000; no declared owner relationship; query ownership is NO_DATA rather than inferred.,HIGH,5,10.0,19 headings and 34 paragraphs inspected as structural coverage evidence; purpose is practical guide; word count did not award points.,HIGH,4,8.0,Visible author/editorial signal NOT_VERIFIED; process reference present; provenance is structured repository content with historical drafting method not fully verified.,HIGH,5,5.0,2 extracted citations; 1 Buddhist primary-source links; source section present,HIGH,4,4.0,"Phase 1 observed HTTP 200, canonical self, indexable true; current sitemap/robots hashes match Phase 0 and no rendered ad/placeholder surface was observed.",HIGH,3,3.0,0 clicks and 8 impressions in the preserved three-month page export; query×page join unavailable,HIGH,4,4.0,"practical guide assessed for reference, practice, reflection, or repeat navigation utility; family BUDDHISM_101; independent-purpose raw score 4/5.",HIGH,79,Evidence-weighted internal Phase 2 score; no material policy-risk flag.,ATI_FIVE_PRECEPTS | ATI_RIGHT_LIVELIHOOD | SC_SN45_8,MEDIUM,NONE,INTENT_BUDDHIST_ETHICS,DECLARED_OWNER,NO_DATA,0,8,LIMITED,NONE_OBSERVED,false,,LOW,STRONG,ADEQUATE,ADEQUATE,STRONG,true,70–84,KEEP_ENHANCE_CANDIDATE,HIGH,SCORED,true,false,79,79,Independent challenge found no evidence-based adjustment.,"Internal governance score, not a Google score or final URL disposition."
url_3cc7f73f47fc6556,https://echobuddha.com/learn/buddhism-101/the-four-noble-truths-explained/,BUDDHISM_101,Learn,Four Noble Truths,practical guide,SUPPORTING_EXPLANATION,https://echobuddha.com/learn/four-noble-truths/,3,9.0,practical guide; declared owner(s): https://echobuddha.com/learn/four-noble-truths/; topic cluster contains 6 indexable URLs.,HIGH,4,12.0,"No exact Phase 1 body duplicate; exact repeated-block ratio 0.0661, unique-text ratio 0.9339; 6 retained similarity pairs; max lexical 0.0454; max heading 0.7143.",HIGH,3,9.0,3 current authoritative benchmarks assigned for Four Noble Truths; EchoBuddha role is practical guide; 1 extracted citations; 1 Buddhist primary-source links; source section present.,MEDIUM,3,9.0,6 retained similarity pairs; max lexical 0.0454; max heading 0.7143; declared owner(s): https://echobuddha.com/learn/four-noble-truths/; query ownership is NO_DATA rather than inferred.,HIGH,5,10.0,12 headings and 13 paragraphs inspected as structural coverage evidence; purpose is practical guide; word count did not award points.,HIGH,4,8.0,Visible author/editorial signal NOT_VERIFIED; process reference present; provenance is structured repository content with historical drafting method not fully verified.,HIGH,5,5.0,1 extracted citations; 1 Buddhist primary-source links; source section present,HIGH,4,4.0,"Phase 1 observed HTTP 200, canonical self, indexable true; current sitemap/robots hashes match Phase 0 and no rendered ad/placeholder surface was observed.",HIGH,2,2.0,0 clicks and 3 impressions in the preserved three-month page export; query×page join unavailable,HIGH,4,4.0,"practical guide assessed for reference, practice, reflection, or repeat navigation utility; family BUDDHISM_101; independent-purpose raw score 3/5.",HIGH,72,Evidence-weighted internal Phase 2 score; OWNER_SUPPORT_OVERLAP.,SC_SN56_11 | ATI_SN56_11 | TRICYCLE_BEGINNERS,MEDIUM,ND_FOUR_NOBLE_TRUTHS,INTENT_FOUR_NOBLE_TRUTHS,DECLARED_SUPPORT,NO_DATA,0,3,LIMITED,OWNER_SUPPORT_OVERLAP,false,,LOW,MODERATE,ADEQUATE,ADEQUATE,ADEQUATE,true,70–84,KEEP_ENHANCE_CANDIDATE,HIGH,SCORED,true,false,72,72,Independent challenge found no evidence-based adjustment.,"Internal governance score, not a Google score or final URL disposition."
url_09b7a6885231ba6d,https://echobuddha.com/learn/buddhism-101/the-noble-eightfold-path-explained/,BUDDHISM_101,Learn,Noble Eightfold Path,practical guide,SUPPORTING_EXPLANATION,https://echobuddha.com/learn/eightfold-path/,3,9.0,practical guide; declared owner(s): https://echobuddha.com/learn/eightfold-path/; topic cluster contains 7 indexable URLs.,HIGH,4,12.0,"No exact Phase 1 body duplicate; exact repeated-block ratio 0.0639, unique-text ratio 0.9361; 6 retained similarity pairs; max lexical 0.0856; max heading 0.6000.",HIGH,3,9.0,3 current authoritative benchmarks assigned for Noble Eightfold Path; EchoBuddha role is practical guide; 1 extracted citations; 1 Buddhist primary-source links; source section present.,MEDIUM,3,9.0,6 retained similarity pairs; max lexical 0.0856; max heading 0.6000; declared owner(s): https://echobuddha.com/learn/eightfold-path/; query ownership is NO_DATA rather than inferred.,HIGH,5,10.0,12 headings and 15 paragraphs inspected as structural coverage evidence; purpose is practical guide; word count did not award points.,HIGH,4,8.0,Visible author/editorial signal NOT_VERIFIED; process reference present; provenance is structured repository content with historical drafting method not fully verified.,HIGH,5,5.0,1 extracted citations; 1 Buddhist primary-source links; source section present,HIGH,4,4.0,"Phase 1 observed HTTP 200, canonical self, indexable true; current sitemap/robots hashes match Phase 0 and no rendered ad/placeholder surface was observed.",HIGH,2,2.0,0 clicks and 1 impressions in the preserved three-month page export; query×page join unavailable,HIGH,4,4.0,"practical guide assessed for reference, practice, reflection, or repeat navigation utility; family BUDDHISM_101; independent-purpose raw score 3/5.",HIGH,72,Evidence-weighted internal Phase 2 score; OWNER_SUPPORT_OVERLAP.,SC_SN45_8 | ATI_SN45_8 | DHAMMA_SN45_8,MEDIUM,ND_NOBLE_EIGHTFOLD_PATH,INTENT_NOBLE_EIGHTFOLD_PATH,DECLARED_SUPPORT,NO_DATA,0,1,LIMITED,OWNER_SUPPORT_OVERLAP,false,,LOW,MODERATE,ADEQUATE,ADEQUATE,ADEQUATE,true,70–84,KEEP_ENHANCE_CANDIDATE,HIGH,SCORED,true,false,72,72,Independent challenge found no evidence-based adjustment.,"Internal governance score, not a Google score or final URL disposition."
url_280248b39f8e66cf,https://echobuddha.com/learn/buddhism-101/the-three-jewels-explained/,BUDDHISM_101,Learn,Buddhist Concepts,practical guide,SUPPORTING_EXPLANATION,https://echobuddha.com/articles/what-is-sangha-buddhist-community/,3,9.0,practical guide; declared owner(s): https://echobuddha.com/articles/what-is-sangha-buddhist-community/; topic cluster contains 8 indexable URLs.,HIGH,4,12.0,"No exact Phase 1 body duplicate; exact repeated-block ratio 0.0702, unique-text ratio 0.9298; 5 retained similarity pairs; max lexical 0.0382; max heading 0.6000.",HIGH,3,9.0,3 current authoritative benchmarks assigned for Buddhist Concepts; EchoBuddha role is practical guide; 1 extracted citations; 1 Buddhist primary-source links; source section present.,MEDIUM,3,9.0,5 retained similarity pairs; max lexical 0.0382; max heading 0.6000; declared owner(s): https://echobuddha.com/articles/what-is-sangha-buddhist-community/; query ownership is NO_DATA rather than inferred.,HIGH,5,10.0,12 headings and 13 paragraphs inspected as structural coverage evidence; purpose is practical guide; word count did not award points.,HIGH,4,8.0,Visible author/editorial signal NOT_VERIFIED; process reference present; provenance is structured repository content with historical drafting method not fully verified.,HIGH,5,5.0,1 extracted citations; 1 Buddhist primary-source links; source section present,HIGH,4,4.0,"Phase 1 observed HTTP 200, canonical self, indexable true; current sitemap/robots hashes match Phase 0 and no rendered ad/placeholder surface was observed.",HIGH,2,2.0,0 clicks and 3 impressions in the preserved three-month page export; query×page join unavailable,HIGH,4,4.0,"practical guide assessed for reference, practice, reflection, or repeat navigation utility; family BUDDHISM_101; independent-purpose raw score 3/5.",HIGH,72,Evidence-weighted internal Phase 2 score; OWNER_SUPPORT_OVERLAP.,SC_SN22_59 | ATI_SN22_59 | ATI_DEPENDENT_ORIGINATION,MEDIUM,ND_BUDDHIST_CONCEPTS,INTENT_BUDDHIST_CONCEPTS,DECLARED_SUPPORT,NO_DATA,0,3,LIMITED,OWNER_SUPPORT_OVERLAP,false,,LOW,MODERATE,ADEQUATE,ADEQUATE,ADEQUATE,true,70–84,KEEP_ENHANCE_CANDIDATE,HIGH,SCORED,true,false,72,72,Independent challenge found no evidence-based adjustment.,"Internal governance score, not a Google score or final URL disposition."
url_42afdf57feae8be2,https://echobuddha.com/learn/buddhism-101/three-marks-of-existence/,BUDDHISM_101,Learn,Page-specific / unclustered,beginner explanation,SUPPORTING_EXPLANATION,https://echobuddha.com/learn/buddhism-101/,3,9.0,beginner explanation; declared owner(s): https://echobuddha.com/learn/buddhism-101/; topic cluster contains 39 indexable URLs.,HIGH,4,12.0,"No exact Phase 1 body duplicate; exact repeated-block ratio 0.0242, unique-text ratio 0.9758; 0 retained similarity pairs; max lexical 0.0000; max heading 0.0000.",HIGH,3,9.0,3 current authoritative benchmarks assigned for Page-specific / unclustered; EchoBuddha role is beginner explanation; 2 extracted citations; 1 Buddhist primary-source links; source section present.,MEDIUM,3,9.0,0 retained similarity pairs; max lexical 0.0000; max heading 0.0000; declared owner(s): https://echobuddha.com/learn/buddhism-101/; query ownership is NO_DATA rather than inferred.,HIGH,5,10.0,18 headings and 30 paragraphs inspected as structural coverage evidence; purpose is beginner explanation; word count did not award points.,HIGH,4,8.0,Visible author/editorial signal NOT_VERIFIED; process reference present; provenance is structured repository content with historical drafting method not fully verified.,HIGH,5,5.0,2 extracted citations; 1 Buddhist primary-source links; source section present,HIGH,4,4.0,"Phase 1 observed HTTP 200, canonical self, indexable true; current sitemap/robots hashes match Phase 0 and no rendered ad/placeholder surface was observed.",HIGH,3,3.0,0 clicks and 7 impressions in the preserved three-month page export; query×page join unavailable,HIGH,4,4.0,"beginner explanation assessed for reference, practice, reflection, or repeat navigation utility; family BUDDHISM_101; independent-purpose raw score 3/5.",HIGH,73,Evidence-weighted internal Phase 2 score; OWNER_SUPPORT_OVERLAP.,TRICYCLE_BEGINNERS | ATI_BEFRIENDING | LIONS_ROAR,MEDIUM,NONE,Page-specific / unclustered,DECLARED_SUPPORT,NO_DATA,0,7,LIMITED,OWNER_SUPPORT_OVERLAP,false,,LOW,MODERATE,ADEQUATE,ADEQUATE,ADEQUATE,true,70–84,KEEP_ENHANCE_CANDIDATE,HIGH,SCORED,true,false,73,73,Independent challenge found no evidence-based adjustment.,"Internal governance score, not a Google score or final URL disposition."
url_5967d0d42493c12a,https://echobuddha.com/learn/buddhism-101/threefold-training-sila-samadhi-panna/,BUDDHISM_101,Learn,Page-specific / unclustered,practical guide,SUPPORTING_EXPLANATION,https://echobuddha.com/learn/eightfold-path/,3,9.0,practical guide; declared owner(s): https://echobuddha.com/learn/eightfold-path/; topic cluster contains 39 indexable URLs.,HIGH,4,12.0,"No exact Phase 1 body duplicate; exact repeated-block ratio 0.1520, unique-text ratio 0.8480; 4 retained similarity pairs; max lexical 0.0948; max heading 0.5000.",HIGH,3,9.0,3 current authoritative benchmarks assigned for Page-specific / unclustered; EchoBuddha role is practical guide; 2 extracted citations; 1 Buddhist primary-source links; source section present.,MEDIUM,3,9.0,4 retained similarity pairs; max lexical 0.0948; max heading 0.5000; declared owner(s): https://echobuddha.com/learn/eightfold-path/; query ownership is NO_DATA rather than inferred.,HIGH,5,10.0,9 headings and 13 paragraphs inspected as structural coverage evidence; purpose is practical guide; word count did not award points.,HIGH,4,8.0,Visible author/editorial signal NOT_VERIFIED; process reference present; provenance is structured repository content with historical drafting method not fully verified.,HIGH,5,5.0,2 extracted citations; 1 Buddhist primary-source links; source section present,HIGH,4,4.0,"Phase 1 observed HTTP 200, canonical self, indexable true; current sitemap/robots hashes match Phase 0 and no rendered ad/placeholder surface was observed.",HIGH,4,4.0,0 clicks and 45 impressions in the preserved three-month page export; query×page join unavailable,HIGH,4,4.0,"practical guide assessed for reference, practice, reflection, or repeat navigation utility; family BUDDHISM_101; independent-purpose raw score 3/5.",HIGH,74,Evidence-weighted internal Phase 2 score; OWNER_SUPPORT_OVERLAP.,TRICYCLE_BEGINNERS | ATI_BEFRIENDING | LIONS_ROAR,MEDIUM,ND_PAGE_SPECIFIC_UNCLUSTERED,Page-specific / unclustered,DECLARED_SUPPORT,NO_DATA,0,45,MODERATE,OWNER_SUPPORT_OVERLAP,false,,LOW,MODERATE,ADEQUATE,ADEQUATE,ADEQUATE,true,70–84,KEEP_ENHANCE_CANDIDATE,HIGH,SCORED,true,false,74,74,Independent challenge found no evidence-based adjustment.,"Internal governance score, not a Google score or final URL disposition."
url_d009dde7b36daf9c,https://echobuddha.com/learn/buddhism-101/what-is-buddhism/,BUDDHISM_101,Learn,Beginner Buddhism,practical guide,BEGINNER_FOUNDATION,https://echobuddha.com/learn/buddhism-for-beginners/,3,9.0,practical guide; declared owner(s): https://echobuddha.com/learn/buddhism-for-beginners/; topic cluster contains 7 indexable URLs.,HIGH,4,12.0,"No exact Phase 1 body duplicate; exact repeated-block ratio 0.0364, unique-text ratio 0.9636; 0 retained similarity pairs; max lexical 0.0000; max heading 0.0000.",HIGH,3,9.0,3 current authoritative benchmarks assigned for Beginner Buddhism; EchoBuddha role is practical guide; 2 extracted citations; 1 Buddhist primary-source links; source section present.,MEDIUM,3,9.0,0 retained similarity pairs; max lexical 0.0000; max heading 0.0000; declared owner(s): https://echobuddha.com/learn/buddhism-for-beginners/; query ownership is NO_DATA rather than inferred.,HIGH,5,10.0,14 headings and 18 paragraphs inspected as structural coverage evidence; purpose is practical guide; word count did not award points.,HIGH,4,8.0,Visible author/editorial signal NOT_VERIFIED; process reference present; provenance is structured repository content with historical drafting method not fully verified.,HIGH,5,5.0,2 extracted citations; 1 Buddhist primary-source links; source section present,HIGH,4,4.0,"Phase 1 observed HTTP 200, canonical self, indexable true; current sitemap/robots hashes match Phase 0 and no rendered ad/placeholder surface was observed.",HIGH,2,2.0,0 clicks and 3 impressions in the preserved three-month page export; query×page join unavailable,HIGH,4,4.0,"practical guide assessed for reference, practice, reflection, or repeat navigation utility; family BUDDHISM_101; independent-purpose raw score 3/5.",HIGH,72,Evidence-weighted internal Phase 2 score; OWNER_SUPPORT_OVERLAP.,TRICYCLE_BEGINNERS | ATI_BEFRIENDING | SC_START,MEDIUM,NONE,INTENT_BEGINNER_BUDDHISM,DECLARED_SUPPORT,NO_DATA,0,3,LIMITED,OWNER_SUPPORT_OVERLAP,false,,LOW,MODERATE,ADEQUATE,ADEQUATE,ADEQUATE,true,70–84,KEEP_ENHANCE_CANDIDATE,HIGH,SCORED,true,false,72,72,Independent challenge found no evidence-based adjustment.,"Internal governance score, not a Google score or final URL disposition."
url_4ac8cc20d10bae98,https://echobuddha.com/learn/buddhism-101/what-is-impermanence/,BUDDHISM_101,Learn,Impermanence,practical guide,PRIMARY_PILLAR,,5,15.0,practical guide; no declared owner relationship; topic cluster contains 8 indexable URLs.,HIGH,4,12.0,"No exact Phase 1 body duplicate; exact repeated-block ratio 0.0383, unique-text ratio 0.9617; 0 retained similarity pairs; max lexical 0.0000; max heading 0.0000.",HIGH,3,9.0,3 current authoritative benchmarks assigned for Impermanence; EchoBuddha role is practical guide; 1 extracted citations; 1 Buddhist primary-source links; source section present.,MEDIUM,5,15.0,0 retained similarity pairs; max lexical 0.0000; max heading 0.0000; no declared owner relationship; query ownership is NO_DATA rather than inferred.,HIGH,5,10.0,14 headings and 20 paragraphs inspected as structural coverage evidence; purpose is practical guide; word count did not award points.,HIGH,4,8.0,Visible author/editorial signal NOT_VERIFIED; process reference present; provenance is structured repository content with historical drafting method not fully verified.,HIGH,5,5.0,1 extracted citations; 1 Buddhist primary-source links; source section present,HIGH,4,4.0,"Phase 1 observed HTTP 200, canonical self, indexable true; current sitemap/robots hashes match Phase 0 and no rendered ad/placeholder surface was observed.",HIGH,2,2.0,0 clicks and 2 impressions in the preserved three-month page export; query×page join unavailable,HIGH,4,4.0,"practical guide assessed for reference, practice, reflection, or repeat navigation utility; family BUDDHISM_101; independent-purpose raw score 5/5.",HIGH,84,Evidence-weighted internal Phase 2 score; no material policy-risk flag.,SC_SN22_59 | ATI_SN22_59 | TRICYCLE_BEGINNERS,MEDIUM,NONE,INTENT_IMPERMANENCE,DECLARED_OWNER,NO_DATA,0,2,LIMITED,NONE_OBSERVED,false,,LOW,STRONG,ADEQUATE,ADEQUATE,STRONG,true,70–84,KEEP_ENHANCE_CANDIDATE,HIGH,SCORED,true,false,84,84,Independent challenge found no evidence-based adjustment.,"Internal governance score, not a Google score or final URL disposition."
url_0d853c70e6bb2848,https://echobuddha.com/learn/buddhism-101/what-is-karma-in-buddhism/,BUDDHISM_101,Learn,Karma,practical guide,PRIMARY_PILLAR,,5,15.0,practical guide; no declared owner relationship; topic cluster contains 4 indexable URLs.,HIGH,4,12.0,"No exact Phase 1 body duplicate; exact repeated-block ratio 0.0379, unique-text ratio 0.9621; 0 retained similarity pairs; max lexical 0.0000; max heading 0.0000.",HIGH,3,9.0,3 current authoritative benchmarks assigned for Karma; EchoBuddha role is practical guide; 1 extracted citations; 1 Buddhist primary-source links; source section present.,MEDIUM,5,15.0,0 retained similarity pairs; max lexical 0.0000; max heading 0.0000; no declared owner relationship; query ownership is NO_DATA rather than inferred.,HIGH,5,10.0,14 headings and 18 paragraphs inspected as structural coverage evidence; purpose is practical guide; word count did not award points.,HIGH,4,8.0,Visible author/editorial signal Echo Buddha Editorial; process reference present; provenance is structured repository content with historical drafting method not fully verified.,HIGH,5,5.0,1 extracted citations; 1 Buddhist primary-source links; source section present,HIGH,4,4.0,"Phase 1 observed HTTP 200, canonical self, indexable true; current sitemap/robots hashes match Phase 0 and no rendered ad/placeholder surface was observed.",HIGH,2,2.0,0 clicks and 1 impressions in the preserved three-month page export; query×page join unavailable,HIGH,4,4.0,"practical guide assessed for reference, practice, reflection, or repeat navigation utility; family BUDDHISM_101; independent-purpose raw score 5/5.",HIGH,84,Evidence-weighted internal Phase 2 score; no material policy-risk flag.,SC_AN6_63 | ATI_AN3_65 | SC_DEFINE_DHAMMA,HIGH,NONE,INTENT_KARMA,DECLARED_OWNER,NO_DATA,0,1,LIMITED,NONE_OBSERVED,false,,LOW,STRONG,ADEQUATE,ADEQUATE,STRONG,true,70–84,KEEP_ENHANCE_CANDIDATE,HIGH,SCORED,true,false,84,84,Independent challenge found no evidence-based adjustment.,"Internal governance score, not a Google score or final URL disposition."
url_44d8b53ca7eb2352,https://echobuddha.com/learn/buddhism-101/what-is-mindfulness/,BUDDHISM_101,Learn,Mindfulness,practical guide,PRIMARY_PILLAR,,5,15.0,practical guide; no declared owner relationship; topic cluster contains 31 indexable URLs.,HIGH,4,12.0,"No exact Phase 1 body duplicate; exact repeated-block ratio 0.0685, unique-text ratio 0.9315; 5 retained similarity pairs; max lexical 0.0757; max heading 0.7143.",HIGH,3,9.0,3 current authoritative benchmarks assigned for Mindfulness; EchoBuddha role is practical guide; 1 extracted citations; 1 Buddhist primary-source links; source section present.,MEDIUM,5,15.0,5 retained similarity pairs; max lexical 0.0757; max heading 0.7143; no declared owner relationship; query ownership is NO_DATA rather than inferred.,HIGH,5,10.0,12 headings and 15 paragraphs inspected as structural coverage evidence; purpose is practical guide; word count did not award points.,HIGH,4,8.0,Visible author/editorial signal NOT_VERIFIED; process reference present; provenance is structured repository content with historical drafting method not fully verified.,HIGH,5,5.0,1 extracted citations; 1 Buddhist primary-source links; source section present,HIGH,4,4.0,"Phase 1 observed HTTP 200, canonical self, indexable true; current sitemap/robots hashes match Phase 0 and no rendered ad/placeholder surface was observed.",HIGH,3,3.0,0 clicks and 11 impressions in the preserved three-month page export; query×page join unavailable,HIGH,4,4.0,"practical guide assessed for reference, practice, reflection, or repeat navigation utility; family BUDDHISM_101; independent-purpose raw score 5/5.",HIGH,85,Evidence-weighted internal Phase 2 score; no material policy-risk flag.,SC_MN10 | ATI_DN22 | NHS_MINDFULNESS,MEDIUM,ND_MINDFULNESS,INTENT_MINDFULNESS,DECLARED_OWNER,NO_DATA,0,11,LIMITED,NONE_OBSERVED,false,,LOW,STRONG,ADEQUATE,ADEQUATE,STRONG,true,85–100,STRONG_KEEP_CANDIDATE,HIGH,SCORED,true,false,85,85,Independent challenge found no evidence-based adjustment.,"Internal governance score, not a Google score or final URL disposition."
url_0cf3d38464cece0f,https://echobuddha.com/learn/buddhism-101/who-was-the-buddha/,BUDDHISM_101,Learn,Page-specific / unclustered,beginner explanation,BEGINNER_FOUNDATION,https://echobuddha.com/learn/buddhism-101/,3,9.0,beginner explanation; declared owner(s): https://echobuddha.com/learn/buddhism-101/; topic cluster contains 39 indexable URLs.,HIGH,4,12.0,"No exact Phase 1 body duplicate; exact repeated-block ratio 0.0553, unique-text ratio 0.9447; 5 retained similarity pairs; max lexical 0.0454; max heading 0.6000.",HIGH,3,9.0,3 current authoritative benchmarks assigned for Page-specific / unclustered; EchoBuddha role is beginner explanation; 1 extracted citations; 1 Buddhist primary-source links; source section present.,MEDIUM,3,9.0,5 retained similarity pairs; max lexical 0.0454; max heading 0.6000; declared owner(s): https://echobuddha.com/learn/buddhism-101/; query ownership is NO_DATA rather than inferred.,HIGH,5,10.0,12 headings and 13 paragraphs inspected as structural coverage evidence; purpose is beginner explanation; word count did not award points.,HIGH,4,8.0,Visible author/editorial signal NOT_VERIFIED; process reference present; provenance is structured repository content with historical drafting method not fully verified.,HIGH,5,5.0,1 extracted citations; 1 Buddhist primary-source links; source section present,HIGH,4,4.0,"Phase 1 observed HTTP 200, canonical self, indexable true; current sitemap/robots hashes match Phase 0 and no rendered ad/placeholder surface was observed.",HIGH,2,2.0,0 clicks and 1 impressions in the preserved three-month page export; query×page join unavailable,HIGH,4,4.0,"beginner explanation assessed for reference, practice, reflection, or repeat navigation utility; family BUDDHISM_101; independent-purpose raw score 3/5.",HIGH,72,Evidence-weighted internal Phase 2 score; OWNER_SUPPORT_OVERLAP.,TRICYCLE_BEGINNERS | ATI_BEFRIENDING | LIONS_ROAR,MEDIUM,ND_PAGE_SPECIFIC_UNCLUSTERED,Page-specific / unclustered,DECLARED_SUPPORT,NO_DATA,0,1,LIMITED,OWNER_SUPPORT_OVERLAP,false,,LOW,MODERATE,ADEQUATE,ADEQUATE,ADEQUATE,true,70–84,KEEP_ENHANCE_CANDIDATE,HIGH,SCORED,true,false,72,72,Independent challenge found no evidence-based adjustment.,"Internal governance score, not a Google score or final URL disposition."
url_2975a4ea95bcb97b,https://echobuddha.com/learn/buddhism-for-beginners/,LEARN_GUIDE,Learn,Beginner Buddhism,practical guide,PRIMARY_PILLAR,,5,15.0,practical guide; no declared owner relationship; topic cluster contains 7 indexable URLs.,MEDIUM,5,15.0,"No exact Phase 1 body duplicate; exact repeated-block ratio 0.0000, unique-text ratio 1.0000; 0 retained similarity pairs; max lexical 0.0000; max heading 0.0000.",MEDIUM,3,9.0,3 current authoritative benchmarks assigned for Beginner Buddhism; EchoBuddha role is practical guide; 2 extracted citations; 1 Buddhist primary-source links; source section not extracted.,MEDIUM,5,15.0,0 retained similarity pairs; max lexical 0.0000; max heading 0.0000; no declared owner relationship; query ownership is NO_DATA rather than inferred.,HIGH,5,10.0,8 headings and 28 paragraphs inspected as structural coverage evidence; purpose is practical guide; word count did not award points.,MEDIUM,4,8.0,Visible author/editorial signal NOT_VERIFIED; process reference present; provenance is structured repository content with historical drafting method not fully verified.,MEDIUM,5,5.0,2 extracted citations; 1 Buddhist primary-source links; source section not extracted,MEDIUM,4,4.0,"Phase 1 observed HTTP 200, canonical self, indexable true; current sitemap/robots hashes match Phase 0 and no rendered ad/placeholder surface was observed.",HIGH,5,5.0,0 clicks and 128 impressions in the preserved three-month page export; query×page join unavailable,HIGH,4,4.0,"practical guide assessed for reference, practice, reflection, or repeat navigation utility; family LEARN_GUIDE; independent-purpose raw score 5/5.",MEDIUM,90,Evidence-weighted internal Phase 2 score; SEO_EQUITY_HIGH.,TRICYCLE_BEGINNERS | ATI_BEFRIENDING | SC_START,MEDIUM,NONE,INTENT_BEGINNER_BUDDHISM,DECLARED_OWNER,NO_DATA,0,128,HIGH,SEO_EQUITY_HIGH,false,,LOW,STRONG,ADEQUATE,ADEQUATE,STRONG,true,85–100,STRONG_KEEP_CANDIDATE,MEDIUM,SCORED,true,false,90,90,Independent challenge found no evidence-based adjustment.,"Internal governance score, not a Google score or final URL disposition."
url_b74df6c8a827526e,https://echobuddha.com/learn/buddhist-dictionary/anatta/,DICTIONARY_ENTRY,Dictionary,Buddhist Concepts,glossary lookup,DICTIONARY_DEFINITION,https://echobuddha.com/learn/buddhist-dictionary/,4,12.0,glossary lookup; declared owner(s): https://echobuddha.com/learn/buddhist-dictionary/; topic cluster contains 8 indexable URLs.,HIGH,4,12.0,"No exact Phase 1 body duplicate; exact repeated-block ratio 0.0836, unique-text ratio 0.9164; 11 retained similarity pairs; max lexical 0.0861; max heading 0.8462.",HIGH,3,9.0,3 current authoritative benchmarks assigned for Buddhist Concepts; EchoBuddha role is glossary lookup; 1 extracted citations; 1 Buddhist primary-source links; source section present.,MEDIUM,4,12.0,11 retained similarity pairs; max lexical 0.0861; max heading 0.8462; declared owner(s): https://echobuddha.com/learn/buddhist-dictionary/; query ownership is NO_DATA rather than inferred.,HIGH,5,10.0,12 headings and 12 paragraphs inspected as structural coverage evidence; purpose is glossary lookup; word count did not award points.,HIGH,4,8.0,Visible author/editorial signal NOT_VERIFIED; process reference present; provenance is structured repository content with historical drafting method not fully verified.,HIGH,5,5.0,1 extracted citations; 1 Buddhist primary-source links; source section present,HIGH,4,4.0,"Phase 1 observed HTTP 200, canonical self, indexable true; current sitemap/robots hashes match Phase 0 and no rendered ad/placeholder surface was observed.",HIGH,2,2.0,0 clicks and 4 impressions in the preserved three-month page export; query×page join unavailable,HIGH,4,4.0,"glossary lookup assessed for reference, practice, reflection, or repeat navigation utility; family DICTIONARY_ENTRY; independent-purpose raw score 4/5.",HIGH,78,Evidence-weighted internal Phase 2 score; OWNER_SUPPORT_OVERLAP.,ATI_GLOSSARY | SC_DEFINE_DHAMMA | PALI_TEXT_SOCIETY,MEDIUM,ND_BUDDHIST_CONCEPTS,INTENT_BUDDHIST_CONCEPTS,DECLARED_SUPPORT,NO_DATA,0,4,LIMITED,OWNER_SUPPORT_OVERLAP,false,,LOW,STRONG,ADEQUATE,ADEQUATE,STRONG,true,70–84,KEEP_ENHANCE_CANDIDATE,HIGH,SCORED,true,false,78,78,Independent challenge found no evidence-based adjustment.,"Internal governance score, not a Google score or final URL disposition."
url_733cd373859b605f,https://echobuddha.com/learn/buddhist-dictionary/anicca/,DICTIONARY_ENTRY,Dictionary,Impermanence,glossary lookup,DICTIONARY_DEFINITION,https://echobuddha.com/learn/buddhism-101/what-is-impermanence/,3,9.0,glossary lookup; declared owner(s): https://echobuddha.com/learn/buddhism-101/what-is-impermanence/; topic cluster contains 8 indexable URLs.,HIGH,4,12.0,"No exact Phase 1 body duplicate; exact repeated-block ratio 0.0969, unique-text ratio 0.9031; 11 retained similarity pairs; max lexical 0.0917; max heading 0.8462.",HIGH,3,9.0,3 current authoritative benchmarks assigned for Impermanence; EchoBuddha role is glossary lookup; 1 extracted citations; 1 Buddhist primary-source links; source section present.,MEDIUM,3,9.0,11 retained similarity pairs; max lexical 0.0917; max heading 0.8462; declared owner(s): https://echobuddha.com/learn/buddhism-101/what-is-impermanence/; query ownership is NO_DATA rather than inferred.,HIGH,5,10.0,12 headings and 12 paragraphs inspected as structural coverage evidence; purpose is glossary lookup; word count did not award points.,HIGH,4,8.0,Visible author/editorial signal NOT_VERIFIED; process reference present; provenance is structured repository content with historical drafting method not fully verified.,HIGH,5,5.0,1 extracted citations; 1 Buddhist primary-source links; source section present,HIGH,4,4.0,"Phase 1 observed HTTP 200, canonical self, indexable true; current sitemap/robots hashes match Phase 0 and no rendered ad/placeholder surface was observed.",HIGH,2,2.0,0 clicks and 1 impressions in the preserved three-month page export; query×page join unavailable,HIGH,4,4.0,"glossary lookup assessed for reference, practice, reflection, or repeat navigation utility; family DICTIONARY_ENTRY; independent-purpose raw score 3/5.",HIGH,72,Evidence-weighted internal Phase 2 score; OWNER_SUPPORT_OVERLAP.,ATI_GLOSSARY | SC_DEFINE_DHAMMA | PALI_TEXT_SOCIETY,HIGH,ND_IMPERMANENCE,INTENT_IMPERMANENCE,DECLARED_SUPPORT,NO_DATA,0,1,LIMITED,OWNER_SUPPORT_OVERLAP,false,,LOW,MODERATE,ADEQUATE,ADEQUATE,ADEQUATE,true,70–84,KEEP_ENHANCE_CANDIDATE,HIGH,SCORED,true,false,72,72,Independent challenge found no evidence-based adjustment.,"Internal governance score, not a Google score or final URL disposition."
url_a6ac68e6dd8552ea,https://echobuddha.com/learn/buddhist-dictionary/compassion/,DICTIONARY_ENTRY,Dictionary,Compassion,glossary lookup,DICTIONARY_DEFINITION,https://echobuddha.com/articles/compassion-in-buddhism-beginner-guide/,3,9.0,glossary lookup; declared owner(s): https://echobuddha.com/articles/compassion-in-buddhism-beginner-guide/; topic cluster contains 19 indexable URLs.,HIGH,4,12.0,"No exact Phase 1 body duplicate; exact repeated-block ratio 0.1020, unique-text ratio 0.8980; 11 retained similarity pairs; max lexical 0.0942; max heading 0.8462.",HIGH,3,9.0,3 current authoritative benchmarks assigned for Compassion; EchoBuddha role is glossary lookup; 1 extracted citations; 1 Buddhist primary-source links; source section present.,MEDIUM,3,9.0,11 retained similarity pairs; max lexical 0.0942; max heading 0.8462; declared owner(s): https://echobuddha.com/articles/compassion-in-buddhism-beginner-guide/; query ownership is NO_DATA rather than inferred.,HIGH,5,10.0,12 headings and 12 paragraphs inspected as structural coverage evidence; purpose is glossary lookup; word count did not award points.,HIGH,4,8.0,Visible author/editorial signal NOT_VERIFIED; process reference present; provenance is structured repository content with historical drafting method not fully verified.,HIGH,5,5.0,1 extracted citations; 1 Buddhist primary-source links; source section present,HIGH,4,4.0,"Phase 1 observed HTTP 200, canonical self, indexable true; current sitemap/robots hashes match Phase 0 and no rendered ad/placeholder surface was observed.",HIGH,2,2.0,0 clicks and 4 impressions in the preserved three-month page export; query×page join unavailable,HIGH,4,4.0,"glossary lookup assessed for reference, practice, reflection, or repeat navigation utility; family DICTIONARY_ENTRY; independent-purpose raw score 3/5.",HIGH,72,Evidence-weighted internal Phase 2 score; OWNER_SUPPORT_OVERLAP.,ATI_GLOSSARY | SC_DEFINE_DHAMMA | PALI_TEXT_SOCIETY,MEDIUM,ND_COMPASSION,INTENT_COMPASSION,DECLARED_SUPPORT,NO_DATA,0,4,LIMITED,OWNER_SUPPORT_OVERLAP,false,,LOW,MODERATE,ADEQUATE,ADEQUATE,ADEQUATE,true,70–84,KEEP_ENHANCE_CANDIDATE,HIGH,SCORED,true,false,72,72,Independent challenge found no evidence-based adjustment.,"Internal governance score, not a Google score or final URL disposition."
url_4c2d21235c83b2e0,https://echobuddha.com/learn/buddhist-dictionary/dhamma/,DICTIONARY_ENTRY,Dictionary,Dhamma / Dharma,glossary lookup,PRIMARY_PILLAR,,4,12.0,glossary lookup; no declared owner relationship; topic cluster contains 11 indexable URLs.,HIGH,4,12.0,"No exact Phase 1 body duplicate; exact repeated-block ratio 0.0415, unique-text ratio 0.9585; 3 retained similarity pairs; max lexical 0.0926; max heading 0.4444.",HIGH,3,9.0,3 current authoritative benchmarks assigned for Dhamma / Dharma; EchoBuddha role is glossary lookup; 2 extracted citations; 1 Buddhist primary-source links; source section present.,MEDIUM,4,12.0,3 retained similarity pairs; max lexical 0.0926; max heading 0.4444; no declared owner relationship; query ownership is NO_DATA rather than inferred.,HIGH,5,10.0,14 headings and 20 paragraphs inspected as structural coverage evidence; purpose is glossary lookup; word count did not award points.,HIGH,4,8.0,Visible author/editorial signal NOT_VERIFIED; process reference present; provenance is structured repository content with historical drafting method not fully verified.,HIGH,5,5.0,2 extracted citations; 1 Buddhist primary-source links; source section present,HIGH,4,4.0,"Phase 1 observed HTTP 200, canonical self, indexable true; current sitemap/robots hashes match Phase 0 and no rendered ad/placeholder surface was observed.",HIGH,5,5.0,0 clicks and 109 impressions in the preserved three-month page export; query×page join unavailable,HIGH,4,4.0,"glossary lookup assessed for reference, practice, reflection, or repeat navigation utility; family DICTIONARY_ENTRY; independent-purpose raw score 4/5.",HIGH,81,Evidence-weighted internal Phase 2 score; SEO_EQUITY_HIGH.,ATI_GLOSSARY | SC_DEFINE_DHAMMA | PALI_TEXT_SOCIETY,MEDIUM,ND_DHAMMA_DHARMA,INTENT_DHAMMA_DHARMA,DECLARED_OWNER,NO_DATA,0,109,HIGH,SEO_EQUITY_HIGH,false,,LOW,STRONG,ADEQUATE,ADEQUATE,STRONG,true,70–84,KEEP_ENHANCE_CANDIDATE,HIGH,SCORED,true,false,81,81,Independent challenge found no evidence-based adjustment.,"Internal governance score, not a Google score or final URL disposition."
url_a68c0fff8cf9e962,https://echobuddha.com/learn/buddhist-dictionary/dukkha/,DICTIONARY_ENTRY,Dictionary,Mindfulness,glossary lookup,DICTIONARY_DEFINITION,https://echobuddha.com/learn/four-noble-truths/,3,9.0,glossary lookup; declared owner(s): https://echobuddha.com/learn/four-noble-truths/; topic cluster contains 31 indexable URLs.,HIGH,4,12.0,"No exact Phase 1 body duplicate; exact repeated-block ratio 0.0859, unique-text ratio 0.9141; 11 retained similarity pairs; max lexical 0.0985; max heading 0.8462.",HIGH,3,9.0,3 current authoritative benchmarks assigned for Mindfulness; EchoBuddha role is glossary lookup; 1 extracted citations; 1 Buddhist primary-source links; source section present.,MEDIUM,3,9.0,11 retained similarity pairs; max lexical 0.0985; max heading 0.8462; declared owner(s): https://echobuddha.com/learn/four-noble-truths/; query ownership is NO_DATA rather than inferred.,HIGH,5,10.0,12 headings and 12 paragraphs inspected as structural coverage evidence; purpose is glossary lookup; word count did not award points.,HIGH,4,8.0,Visible author/editorial signal NOT_VERIFIED; process reference present; provenance is structured repository content with historical drafting method not fully verified.,HIGH,5,5.0,1 extracted citations; 1 Buddhist primary-source links; source section present,HIGH,4,4.0,"Phase 1 observed HTTP 200, canonical self, indexable true; current sitemap/robots hashes match Phase 0 and no rendered ad/placeholder surface was observed.",HIGH,3,3.0,0 clicks and 7 impressions in the preserved three-month page export; query×page join unavailable,HIGH,4,4.0,"glossary lookup assessed for reference, practice, reflection, or repeat navigation utility; family DICTIONARY_ENTRY; independent-purpose raw score 3/5.",HIGH,73,Evidence-weighted internal Phase 2 score; OWNER_SUPPORT_OVERLAP.,ATI_GLOSSARY | SC_DEFINE_DHAMMA | PALI_TEXT_SOCIETY,MEDIUM,ND_MINDFULNESS,INTENT_MINDFULNESS,DECLARED_SUPPORT,NO_DATA,0,7,LIMITED,OWNER_SUPPORT_OVERLAP,false,,LOW,MODERATE,ADEQUATE,ADEQUATE,ADEQUATE,true,70–84,KEEP_ENHANCE_CANDIDATE,HIGH,SCORED,true,false,73,73,Independent challenge found no evidence-based adjustment.,"Internal governance score, not a Google score or final URL disposition."
url_23a2815b7857e93c,https://echobuddha.com/learn/buddhist-dictionary/,DICTIONARY_HUB,Dictionary,Page-specific / unclustered,navigation/reference,HUB,,3,9.0,navigation/reference; no declared owner relationship; topic cluster contains 39 indexable URLs.,MEDIUM,2,6.0,"No exact Phase 1 body duplicate; exact repeated-block ratio 0.0595, unique-text ratio 0.9405; 0 retained similarity pairs; max lexical 0.0000; max heading 0.0000.",MEDIUM,2,6.0,3 current authoritative benchmarks assigned for Page-specific / unclustered; EchoBuddha role is navigation/reference; 2 extracted citations; 1 Buddhist primary-source links; source section not extracted.,MEDIUM,3,9.0,0 retained similarity pairs; max lexical 0.0000; max heading 0.0000; no declared owner relationship; query ownership is NO_DATA rather than inferred.,HIGH,3,6.0,2 headings and 19 paragraphs inspected as structural coverage evidence; purpose is navigation/reference; word count did not award points.,MEDIUM,3,6.0,Visible author/editorial signal NOT_VERIFIED; process reference present; provenance is structured repository content with historical drafting method not fully verified.,MEDIUM,4,4.0,2 extracted citations; 1 Buddhist primary-source links; source section not extracted,MEDIUM,4,4.0,"Phase 1 observed HTTP 200, canonical self, indexable true; current sitemap/robots hashes match Phase 0 and no rendered ad/placeholder surface was observed.",HIGH,3,3.0,0 clicks and 9 impressions in the preserved three-month page export; query×page join unavailable,HIGH,3,3.0,"navigation/reference assessed for reference, practice, reflection, or repeat navigation utility; family DICTIONARY_HUB; independent-purpose raw score 3/5.",MEDIUM,56,Evidence-weighted internal Phase 2 score; NAVIGATION_DOMINANT_SURFACE.,TRICYCLE_BEGINNERS | ATI_BEFRIENDING | LIONS_ROAR,MEDIUM,NONE,Page-specific / unclustered,DECLARED_OWNER,NO_DATA,0,9,LIMITED,NAVIGATION_DOMINANT_SURFACE,false,,MODERATE,MODERATE,ADEQUATE,ADEQUATE,ADEQUATE,true,50–69,MAJOR_REVIEW_CANDIDATE,MEDIUM,SCORED,true,false,56,56,Independent challenge found no evidence-based adjustment.,"Internal governance score, not a Google score or final URL disposition."
url_db37e9ef4249d175,https://echobuddha.com/learn/buddhist-dictionary/karma/,DICTIONARY_ENTRY,Dictionary,Karma,glossary lookup,DICTIONARY_DEFINITION,https://echobuddha.com/learn/buddhism-101/what-is-karma-in-buddhism/,3,9.0,glossary lookup; declared owner(s): https://echobuddha.com/learn/buddhism-101/what-is-karma-in-buddhism/; topic cluster contains 4 indexable URLs.,HIGH,4,12.0,"No exact Phase 1 body duplicate; exact repeated-block ratio 0.0936, unique-text ratio 0.9064; 11 retained similarity pairs; max lexical 0.0901; max heading 0.8462.",HIGH,3,9.0,3 current authoritative benchmarks assigned for Karma; EchoBuddha role is glossary lookup; 1 extracted citations; 1 Buddhist primary-source links; source section present.,MEDIUM,3,9.0,11 retained similarity pairs; max lexical 0.0901; max heading 0.8462; declared owner(s): https://echobuddha.com/learn/buddhism-101/what-is-karma-in-buddhism/; query ownership is NO_DATA rather than inferred.,HIGH,5,10.0,12 headings and 12 paragraphs inspected as structural coverage evidence; purpose is glossary lookup; word count did not award points.,HIGH,4,8.0,Visible author/editorial signal NOT_VERIFIED; process reference present; provenance is structured repository content with historical drafting method not fully verified.,HIGH,5,5.0,1 extracted citations; 1 Buddhist primary-source links; source section present,HIGH,4,4.0,"Phase 1 observed HTTP 200, canonical self, indexable true; current sitemap/robots hashes match Phase 0 and no rendered ad/placeholder surface was observed.",HIGH,2,2.0,0 clicks and 3 impressions in the preserved three-month page export; query×page join unavailable,HIGH,4,4.0,"glossary lookup assessed for reference, practice, reflection, or repeat navigation utility; family DICTIONARY_ENTRY; independent-purpose raw score 3/5.",HIGH,72,Evidence-weighted internal Phase 2 score; OWNER_SUPPORT_OVERLAP.,ATI_GLOSSARY | SC_DEFINE_DHAMMA | PALI_TEXT_SOCIETY,MEDIUM,ND_KARMA,INTENT_KARMA,DECLARED_SUPPORT,NO_DATA,0,3,LIMITED,OWNER_SUPPORT_OVERLAP,false,,LOW,MODERATE,ADEQUATE,ADEQUATE,ADEQUATE,true,70–84,KEEP_ENHANCE_CANDIDATE,HIGH,SCORED,true,false,72,72,Independent challenge found no evidence-based adjustment.,"Internal governance score, not a Google score or final URL disposition."
url_6be621342e1f65bc,https://echobuddha.com/learn/buddhist-dictionary/karuna/,DICTIONARY_ENTRY,Dictionary,Compassion,glossary lookup,DICTIONARY_DEFINITION,https://echobuddha.com/articles/compassion-in-buddhism-beginner-guide/,3,9.0,glossary lookup; declared owner(s): https://echobuddha.com/articles/compassion-in-buddhism-beginner-guide/; topic cluster contains 19 indexable URLs.,MEDIUM,4,12.0,"No exact Phase 1 body duplicate; exact repeated-block ratio 0.0836, unique-text ratio 0.9164; 14 retained similarity pairs; max lexical 0.1279; max heading 0.8462.",MEDIUM,3,9.0,3 current authoritative benchmarks assigned for Compassion; EchoBuddha role is glossary lookup; 1 extracted citations; 1 Buddhist primary-source links; source section present.,MEDIUM,3,9.0,14 retained similarity pairs; max lexical 0.1279; max heading 0.8462; declared owner(s): https://echobuddha.com/articles/compassion-in-buddhism-beginner-guide/; query ownership is NO_DATA rather than inferred.,HIGH,5,10.0,12 headings and 14 paragraphs inspected as structural coverage evidence; purpose is glossary lookup; word count did not award points.,MEDIUM,4,8.0,Visible author/editorial signal NOT_VERIFIED; process reference present; provenance is structured repository content with historical drafting method not fully verified.,MEDIUM,5,5.0,1 extracted citations; 1 Buddhist primary-source links; source section present,MEDIUM,4,4.0,"Phase 1 observed HTTP 200, canonical self, indexable true; current sitemap/robots hashes match Phase 0 and no rendered ad/placeholder surface was observed.",HIGH,2,2.0,0 clicks and 0 impressions in the preserved three-month page export; query×page join unavailable,HIGH,4,4.0,"glossary lookup assessed for reference, practice, reflection, or repeat navigation utility; family DICTIONARY_ENTRY; independent-purpose raw score 3/5.",MEDIUM,72,Evidence-weighted internal Phase 2 score; OWNER_SUPPORT_OVERLAP.,ATI_GLOSSARY | SC_DEFINE_DHAMMA | PALI_TEXT_SOCIETY,MEDIUM,ND_COMPASSION,INTENT_COMPASSION,DECLARED_SUPPORT,NO_DATA,0,0,LOW,OWNER_SUPPORT_OVERLAP,false,,LOW,MODERATE,ADEQUATE,ADEQUATE,ADEQUATE,true,70–84,KEEP_ENHANCE_CANDIDATE,MEDIUM,SCORED,true,false,72,72,Independent challenge found no evidence-based adjustment.,"Internal governance score, not a Google score or final URL disposition."
url_a9d28d24287bffce,https://echobuddha.com/learn/buddhist-dictionary/metta/,DICTIONARY_ENTRY,Dictionary,Compassion,glossary lookup,PRIMARY_PILLAR,,5,15.0,glossary lookup; no declared owner relationship; topic cluster contains 19 indexable URLs.,HIGH,4,12.0,"No exact Phase 1 body duplicate; exact repeated-block ratio 0.0413, unique-text ratio 0.9587; 4 retained similarity pairs; max lexical 0.0964; max heading 0.4444.",HIGH,3,9.0,3 current authoritative benchmarks assigned for Compassion; EchoBuddha role is glossary lookup; 1 extracted citations; 1 Buddhist primary-source links; source section present.,MEDIUM,5,15.0,4 retained similarity pairs; max lexical 0.0964; max heading 0.4444; no declared owner relationship; query ownership is NO_DATA rather than inferred.,HIGH,5,10.0,14 headings and 19 paragraphs inspected as structural coverage evidence; purpose is glossary lookup; word count did not award points.,HIGH,4,8.0,Visible author/editorial signal Echo Buddha Editorial; process reference present; provenance is structured repository content with historical drafting method not fully verified.,HIGH,5,5.0,1 extracted citations; 1 Buddhist primary-source links; source section present,HIGH,4,4.0,"Phase 1 observed HTTP 200, canonical self, indexable true; current sitemap/robots hashes match Phase 0 and no rendered ad/placeholder surface was observed.",HIGH,3,3.0,0 clicks and 10 impressions in the preserved three-month page export; query×page join unavailable,HIGH,4,4.0,"glossary lookup assessed for reference, practice, reflection, or repeat navigation utility; family DICTIONARY_ENTRY; independent-purpose raw score 5/5.",HIGH,85,Evidence-weighted internal Phase 2 score; no material policy-risk flag.,ATI_GLOSSARY | SC_DEFINE_DHAMMA | PALI_TEXT_SOCIETY,MEDIUM,ND_COMPASSION,INTENT_COMPASSION,DECLARED_OWNER,NO_DATA,0,10,LIMITED,NONE_OBSERVED,false,,LOW,STRONG,ADEQUATE,ADEQUATE,STRONG,true,85–100,STRONG_KEEP_CANDIDATE,HIGH,SCORED,true,false,85,85,Independent challenge found no evidence-based adjustment.,"Internal governance score, not a Google score or final URL disposition."
url_5f96599a4d8845c7,https://echobuddha.com/learn/buddhist-dictionary/mindfulness/,DICTIONARY_ENTRY,Dictionary,Mindfulness,glossary lookup,DICTIONARY_DEFINITION,https://echobuddha.com/learn/buddhism-101/what-is-mindfulness/,3,9.0,glossary lookup; declared owner(s): https://echobuddha.com/learn/buddhism-101/what-is-mindfulness/; topic cluster contains 31 indexable URLs.,HIGH,4,12.0,"No exact Phase 1 body duplicate; exact repeated-block ratio 0.1042, unique-text ratio 0.8958; 11 retained similarity pairs; max lexical 0.1333; max heading 0.8462.",HIGH,3,9.0,3 current authoritative benchmarks assigned for Mindfulness; EchoBuddha role is glossary lookup; 1 extracted citations; 1 Buddhist primary-source links; source section present.,MEDIUM,3,9.0,11 retained similarity pairs; max lexical 0.1333; max heading 0.8462; declared owner(s): https://echobuddha.com/learn/buddhism-101/what-is-mindfulness/; query ownership is NO_DATA rather than inferred.,HIGH,5,10.0,12 headings and 12 paragraphs inspected as structural coverage evidence; purpose is glossary lookup; word count did not award points.,HIGH,4,8.0,Visible author/editorial signal NOT_VERIFIED; process reference present; provenance is structured repository content with historical drafting method not fully verified.,HIGH,5,5.0,1 extracted citations; 1 Buddhist primary-source links; source section present,HIGH,4,4.0,"Phase 1 observed HTTP 200, canonical self, indexable true; current sitemap/robots hashes match Phase 0 and no rendered ad/placeholder surface was observed.",HIGH,2,2.0,0 clicks and 2 impressions in the preserved three-month page export; query×page join unavailable,HIGH,4,4.0,"glossary lookup assessed for reference, practice, reflection, or repeat navigation utility; family DICTIONARY_ENTRY; independent-purpose raw score 3/5.",HIGH,72,Evidence-weighted internal Phase 2 score; OWNER_SUPPORT_OVERLAP.,ATI_GLOSSARY | SC_DEFINE_DHAMMA | PALI_TEXT_SOCIETY,MEDIUM,ND_MINDFULNESS,INTENT_MINDFULNESS,DECLARED_SUPPORT,NO_DATA,0,2,LIMITED,OWNER_SUPPORT_OVERLAP,false,,LOW,MODERATE,ADEQUATE,ADEQUATE,ADEQUATE,true,70–84,KEEP_ENHANCE_CANDIDATE,HIGH,SCORED,true,false,72,72,Independent challenge found no evidence-based adjustment.,"Internal governance score, not a Google score or final URL disposition."
url_5c0807382fb9352c,https://echobuddha.com/learn/buddhist-dictionary/nirvana/,DICTIONARY_ENTRY,Dictionary,Buddhist Concepts,glossary lookup,DICTIONARY_DEFINITION,https://echobuddha.com/learn/buddhist-dictionary/,4,12.0,glossary lookup; declared owner(s): https://echobuddha.com/learn/buddhist-dictionary/; topic cluster contains 8 indexable URLs.,HIGH,4,12.0,"No exact Phase 1 body duplicate; exact repeated-block ratio 0.0923, unique-text ratio 0.9077; 11 retained similarity pairs; max lexical 0.0985; max heading 0.8462.",HIGH,3,9.0,3 current authoritative benchmarks assigned for Buddhist Concepts; EchoBuddha role is glossary lookup; 1 extracted citations; 1 Buddhist primary-source links; source section present.,MEDIUM,4,12.0,11 retained similarity pairs; max lexical 0.0985; max heading 0.8462; declared owner(s): https://echobuddha.com/learn/buddhist-dictionary/; query ownership is NO_DATA rather than inferred.,HIGH,5,10.0,12 headings and 12 paragraphs inspected as structural coverage evidence; purpose is glossary lookup; word count did not award points.,HIGH,4,8.0,Visible author/editorial signal NOT_VERIFIED; process reference present; provenance is structured repository content with historical drafting method not fully verified.,HIGH,5,5.0,1 extracted citations; 1 Buddhist primary-source links; source section present,HIGH,4,4.0,"Phase 1 observed HTTP 200, canonical self, indexable true; current sitemap/robots hashes match Phase 0 and no rendered ad/placeholder surface was observed.",HIGH,3,3.0,0 clicks and 5 impressions in the preserved three-month page export; query×page join unavailable,HIGH,4,4.0,"glossary lookup assessed for reference, practice, reflection, or repeat navigation utility; family DICTIONARY_ENTRY; independent-purpose raw score 4/5.",HIGH,79,Evidence-weighted internal Phase 2 score; OWNER_SUPPORT_OVERLAP.,ATI_GLOSSARY | SC_DEFINE_DHAMMA | PALI_TEXT_SOCIETY,MEDIUM,ND_BUDDHIST_CONCEPTS,INTENT_BUDDHIST_CONCEPTS,DECLARED_SUPPORT,NO_DATA,0,5,LIMITED,OWNER_SUPPORT_OVERLAP,false,,LOW,STRONG,ADEQUATE,ADEQUATE,STRONG,true,70–84,KEEP_ENHANCE_CANDIDATE,HIGH,SCORED,true,false,79,79,Independent challenge found no evidence-based adjustment.,"Internal governance score, not a Google score or final URL disposition."
url_480e1892298337a7,https://echobuddha.com/learn/buddhist-dictionary/pali-canon/,DICTIONARY_ENTRY,Dictionary,Sutta Study,glossary lookup,DICTIONARY_DEFINITION,https://echobuddha.com/learn/sutta-for-daily-life/,3,9.0,glossary lookup; declared owner(s): https://echobuddha.com/learn/sutta-for-daily-life/; topic cluster contains 6 indexable URLs.,HIGH,4,12.0,"No exact Phase 1 body duplicate; exact repeated-block ratio 0.0641, unique-text ratio 0.9359; 12 retained similarity pairs; max lexical 0.1346; max heading 0.8000.",HIGH,3,9.0,3 current authoritative benchmarks assigned for Sutta Study; EchoBuddha role is glossary lookup; 4 extracted citations; 1 Buddhist primary-source links; source section present.,MEDIUM,3,9.0,12 retained similarity pairs; max lexical 0.1346; max heading 0.8000; declared owner(s): https://echobuddha.com/learn/sutta-for-daily-life/; query ownership is NO_DATA rather than inferred.,HIGH,5,10.0,9 headings and 11 paragraphs inspected as structural coverage evidence; purpose is glossary lookup; word count did not award points.,HIGH,4,8.0,Visible author/editorial signal NOT_VERIFIED; process reference present; provenance is structured repository content with historical drafting method not fully verified.,HIGH,5,5.0,4 extracted citations; 1 Buddhist primary-source links; source section present,HIGH,4,4.0,"Phase 1 observed HTTP 200, canonical self, indexable true; current sitemap/robots hashes match Phase 0 and no rendered ad/placeholder surface was observed.",HIGH,3,3.0,0 clicks and 13 impressions in the preserved three-month page export; query×page join unavailable,HIGH,4,4.0,"glossary lookup assessed for reference, practice, reflection, or repeat navigation utility; family DICTIONARY_ENTRY; independent-purpose raw score 3/5.",HIGH,73,Evidence-weighted internal Phase 2 score; OWNER_SUPPORT_OVERLAP.,ATI_GLOSSARY | SC_DEFINE_DHAMMA | PALI_TEXT_SOCIETY,MEDIUM,ND_SUTTA_STUDY,INTENT_SUTTA_STUDY,DECLARED_SUPPORT,NO_DATA,0,13,LIMITED,OWNER_SUPPORT_OVERLAP,false,,LOW,MODERATE,ADEQUATE,ADEQUATE,ADEQUATE,true,70–84,KEEP_ENHANCE_CANDIDATE,HIGH,SCORED,true,false,73,73,Independent challenge found no evidence-based adjustment.,"Internal governance score, not a Google score or final URL disposition."
url_b4624af130175255,https://echobuddha.com/learn/buddhist-dictionary/sangha/,DICTIONARY_ENTRY,Dictionary,Sangha,glossary lookup,DICTIONARY_DEFINITION,https://echobuddha.com/articles/what-is-sangha-buddhist-community/,4,12.0,glossary lookup; declared owner(s): https://echobuddha.com/articles/what-is-sangha-buddhist-community/; topic cluster contains 2 indexable URLs.,HIGH,4,12.0,"No exact Phase 1 body duplicate; exact repeated-block ratio 0.0708, unique-text ratio 0.9292; 13 retained similarity pairs; max lexical 0.1217; max heading 0.8462.",HIGH,3,9.0,3 current authoritative benchmarks assigned for Sangha; EchoBuddha role is glossary lookup; 2 extracted citations; 2 Buddhist primary-source links; source section present.,MEDIUM,4,12.0,13 retained similarity pairs; max lexical 0.1217; max heading 0.8462; declared owner(s): https://echobuddha.com/articles/what-is-sangha-buddhist-community/; query ownership is NO_DATA rather than inferred.,HIGH,5,10.0,12 headings and 14 paragraphs inspected as structural coverage evidence; purpose is glossary lookup; word count did not award points.,HIGH,4,8.0,Visible author/editorial signal NOT_VERIFIED; process reference present; provenance is structured repository content with historical drafting method not fully verified.,HIGH,5,5.0,2 extracted citations; 2 Buddhist primary-source links; source section present,HIGH,4,4.0,"Phase 1 observed HTTP 200, canonical self, indexable true; current sitemap/robots hashes match Phase 0 and no rendered ad/placeholder surface was observed.",HIGH,3,3.0,0 clicks and 6 impressions in the preserved three-month page export; query×page join unavailable,HIGH,4,4.0,"glossary lookup assessed for reference, practice, reflection, or repeat navigation utility; family DICTIONARY_ENTRY; independent-purpose raw score 4/5.",HIGH,79,Evidence-weighted internal Phase 2 score; OWNER_SUPPORT_OVERLAP.,ATI_GLOSSARY | SC_DEFINE_DHAMMA | PALI_TEXT_SOCIETY,MEDIUM,ND_SANGHA,INTENT_SANGHA,DECLARED_SUPPORT,NO_DATA,0,6,LIMITED,OWNER_SUPPORT_OVERLAP,false,,LOW,STRONG,ADEQUATE,ADEQUATE,STRONG,true,70–84,KEEP_ENHANCE_CANDIDATE,HIGH,SCORED,true,false,79,79,Independent challenge found no evidence-based adjustment.,"Internal governance score, not a Google score or final URL disposition."
url_6b1658ca2725bde4,https://echobuddha.com/learn/buddhist-dictionary/sati/,DICTIONARY_ENTRY,Dictionary,Mindfulness,glossary lookup,DICTIONARY_DEFINITION,https://echobuddha.com/learn/buddhism-101/what-is-mindfulness/,3,9.0,glossary lookup; declared owner(s): https://echobuddha.com/learn/buddhism-101/what-is-mindfulness/; topic cluster contains 31 indexable URLs.,HIGH,4,12.0,"No exact Phase 1 body duplicate; exact repeated-block ratio 0.0977, unique-text ratio 0.9023; 11 retained similarity pairs; max lexical 0.1333; max heading 0.8462.",HIGH,3,9.0,3 current authoritative benchmarks assigned for Mindfulness; EchoBuddha role is glossary lookup; 1 extracted citations; 1 Buddhist primary-source links; source section present.,MEDIUM,3,9.0,11 retained similarity pairs; max lexical 0.1333; max heading 0.8462; declared owner(s): https://echobuddha.com/learn/buddhism-101/what-is-mindfulness/; query ownership is NO_DATA rather than inferred.,HIGH,5,10.0,12 headings and 12 paragraphs inspected as structural coverage evidence; purpose is glossary lookup; word count did not award points.,HIGH,4,8.0,Visible author/editorial signal NOT_VERIFIED; process reference present; provenance is structured repository content with historical drafting method not fully verified.,HIGH,5,5.0,1 extracted citations; 1 Buddhist primary-source links; source section present,HIGH,4,4.0,"Phase 1 observed HTTP 200, canonical self, indexable true; current sitemap/robots hashes match Phase 0 and no rendered ad/placeholder surface was observed.",HIGH,5,5.0,1 clicks and 2 impressions in the preserved three-month page export; query×page join unavailable,HIGH,4,4.0,"glossary lookup assessed for reference, practice, reflection, or repeat navigation utility; family DICTIONARY_ENTRY; independent-purpose raw score 3/5.",HIGH,75,Evidence-weighted internal Phase 2 score; OWNER_SUPPORT_OVERLAP | SEO_EQUITY_HIGH.,ATI_GLOSSARY | SC_DEFINE_DHAMMA | PALI_TEXT_SOCIETY,MEDIUM,ND_MINDFULNESS,INTENT_MINDFULNESS,DECLARED_SUPPORT,NO_DATA,1,2,HIGH,OWNER_SUPPORT_OVERLAP | SEO_EQUITY_HIGH,false,,LOW,MODERATE,ADEQUATE,ADEQUATE,ADEQUATE,true,70–84,KEEP_ENHANCE_CANDIDATE,HIGH,SCORED,true,false,75,75,Independent challenge found no evidence-based adjustment.,"Internal governance score, not a Google score or final URL disposition."
url_93d00bfc41b0c4be,https://echobuddha.com/learn/buddhist-dictionary/sutta/,DICTIONARY_ENTRY,Dictionary,Sutta Study,glossary lookup,DICTIONARY_DEFINITION,https://echobuddha.com/learn/sutta-for-daily-life/,3,9.0,glossary lookup; declared owner(s): https://echobuddha.com/learn/sutta-for-daily-life/; topic cluster contains 6 indexable URLs.,HIGH,4,12.0,"No exact Phase 1 body duplicate; exact repeated-block ratio 0.0744, unique-text ratio 0.9256; 13 retained similarity pairs; max lexical 0.1346; max heading 0.8000.",HIGH,3,9.0,3 current authoritative benchmarks assigned for Sutta Study; EchoBuddha role is glossary lookup; 2 extracted citations; 2 Buddhist primary-source links; source section present.,MEDIUM,3,9.0,13 retained similarity pairs; max lexical 0.1346; max heading 0.8000; declared owner(s): https://echobuddha.com/learn/sutta-for-daily-life/; query ownership is NO_DATA rather than inferred.,HIGH,5,10.0,9 headings and 11 paragraphs inspected as structural coverage evidence; purpose is glossary lookup; word count did not award points.,HIGH,4,8.0,Visible author/editorial signal NOT_VERIFIED; process reference present; provenance is structured repository content with historical drafting method not fully verified.,HIGH,5,5.0,2 extracted citations; 2 Buddhist primary-source links; source section present,HIGH,4,4.0,"Phase 1 observed HTTP 200, canonical self, indexable true; current sitemap/robots hashes match Phase 0 and no rendered ad/placeholder surface was observed.",HIGH,4,4.0,0 clicks and 27 impressions in the preserved three-month page export; query×page join unavailable,HIGH,4,4.0,"glossary lookup assessed for reference, practice, reflection, or repeat navigation utility; family DICTIONARY_ENTRY; independent-purpose raw score 3/5.",HIGH,74,Evidence-weighted internal Phase 2 score; OWNER_SUPPORT_OVERLAP.,ATI_GLOSSARY | SC_DEFINE_DHAMMA | PALI_TEXT_SOCIETY,MEDIUM,ND_SUTTA_STUDY,INTENT_SUTTA_STUDY,DECLARED_SUPPORT,NO_DATA,0,27,MODERATE,OWNER_SUPPORT_OVERLAP,false,,LOW,MODERATE,ADEQUATE,ADEQUATE,ADEQUATE,true,70–84,KEEP_ENHANCE_CANDIDATE,HIGH,SCORED,true,false,74,74,Independent challenge found no evidence-based adjustment.,"Internal governance score, not a Google score or final URL disposition."
url_e461b13b281cc7f2,https://echobuddha.com/learn/buddhist-resources/,LEARN_GUIDE,Learn,Page-specific / unclustered,script,HUB,https://echobuddha.com/learn/,4,12.0,script; declared owner(s): https://echobuddha.com/learn/; topic cluster contains 39 indexable URLs.,HIGH,5,15.0,"No exact Phase 1 body duplicate; exact repeated-block ratio 0.0000, unique-text ratio 1.0000; 0 retained similarity pairs; max lexical 0.0000; max heading 0.0000.",HIGH,3,9.0,3 current authoritative benchmarks assigned for Page-specific / unclustered; EchoBuddha role is script; 12 extracted citations; 2 Buddhist primary-source links; source section present.,MEDIUM,4,12.0,0 retained similarity pairs; max lexical 0.0000; max heading 0.0000; declared owner(s): https://echobuddha.com/learn/; query ownership is NO_DATA rather than inferred.,HIGH,5,10.0,9 headings and 10 paragraphs inspected as structural coverage evidence; purpose is script; word count did not award points.,HIGH,4,8.0,Visible author/editorial signal NOT_VERIFIED; process reference present; provenance is structured repository content with historical drafting method not fully verified.,HIGH,5,5.0,12 extracted citations; 2 Buddhist primary-source links; source section present,HIGH,4,4.0,"Phase 1 observed HTTP 200, canonical self, indexable true; current sitemap/robots hashes match Phase 0 and no rendered ad/placeholder surface was observed.",HIGH,2,2.0,0 clicks and 2 impressions in the preserved three-month page export; query×page join unavailable,HIGH,4,4.0,"script assessed for reference, practice, reflection, or repeat navigation utility; family LEARN_GUIDE; independent-purpose raw score 4/5.",HIGH,81,Evidence-weighted internal Phase 2 score; OWNER_SUPPORT_OVERLAP.,TRICYCLE_BEGINNERS | ATI_BEFRIENDING | LIONS_ROAR,MEDIUM,NONE,Page-specific / unclustered,DECLARED_SUPPORT,NO_DATA,0,2,LIMITED,OWNER_SUPPORT_OVERLAP,false,,LOW,STRONG,ADEQUATE,ADEQUATE,STRONG,true,70–84,KEEP_ENHANCE_CANDIDATE,HIGH,SCORED,true,false,81,81,Independent challenge found no evidence-based adjustment.,"Internal governance score, not a Google score or final URL disposition."
url_d0bd92c7c2486e9c,https://echobuddha.com/learn/dhammapada-reflections/avoid-evil-do-good-purify-the-mind/,LEARN_GUIDE,Learn,Dhamma / Dharma,practical guide,SOURCE_STUDY,https://echobuddha.com/learn/dhammapada-reflections/,3,9.0,practical guide; declared owner(s): https://echobuddha.com/learn/dhammapada-reflections/; topic cluster contains 11 indexable URLs.,HIGH,5,15.0,"No exact Phase 1 body duplicate; exact repeated-block ratio 0.0776, unique-text ratio 0.9224; 8 retained similarity pairs; max lexical 0.0586; max heading 0.8462.",HIGH,4,12.0,3 current authoritative benchmarks assigned for Dhamma / Dharma; EchoBuddha role is practical guide; 1 extracted citations; 1 Buddhist primary-source links; source section present.,MEDIUM,3,9.0,8 retained similarity pairs; max lexical 0.0586; max heading 0.8462; declared owner(s): https://echobuddha.com/learn/dhammapada-reflections/; query ownership is NO_DATA rather than inferred.,HIGH,5,10.0,12 headings and 12 paragraphs inspected as structural coverage evidence; purpose is practical guide; word count did not award points.,HIGH,4,8.0,Visible author/editorial signal NOT_VERIFIED; process reference present; provenance is structured repository content with historical drafting method not fully verified.,HIGH,5,5.0,1 extracted citations; 1 Buddhist primary-source links; source section present,HIGH,4,4.0,"Phase 1 observed HTTP 200, canonical self, indexable true; current sitemap/robots hashes match Phase 0 and no rendered ad/placeholder surface was observed.",HIGH,3,3.0,0 clicks and 5 impressions in the preserved three-month page export; query×page join unavailable,HIGH,4,4.0,"practical guide assessed for reference, practice, reflection, or repeat navigation utility; family LEARN_GUIDE; independent-purpose raw score 3/5.",HIGH,79,Evidence-weighted internal Phase 2 score; OWNER_SUPPORT_OVERLAP.,SC_DHAMMAPADA | ATI_DHAMMAPADA | SC_DHAMMAPADA_INTRO,MEDIUM,ND_DHAMMA_DHARMA,INTENT_DHAMMA_DHARMA,DECLARED_SUPPORT,NO_DATA,0,5,LIMITED,OWNER_SUPPORT_OVERLAP,false,,LOW,MODERATE,ADEQUATE,ADEQUATE,ADEQUATE,true,70–84,KEEP_ENHANCE_CANDIDATE,HIGH,SCORED,true,false,79,79,Independent challenge found no evidence-based adjustment.,"Internal governance score, not a Google score or final URL disposition."
url_b135d91a6d3694a7,https://echobuddha.com/learn/dhammapada-reflections/better-than-a-thousand-empty-words/,LEARN_GUIDE,Learn,Dhamma / Dharma,beginner explanation,SOURCE_STUDY,https://echobuddha.com/learn/dhammapada-reflections/,3,9.0,beginner explanation; declared owner(s): https://echobuddha.com/learn/dhammapada-reflections/; topic cluster contains 11 indexable URLs.,HIGH,5,15.0,"No exact Phase 1 body duplicate; exact repeated-block ratio 0.0919, unique-text ratio 0.9081; 8 retained similarity pairs; max lexical 0.0598; max heading 0.8462.",HIGH,4,12.0,3 current authoritative benchmarks assigned for Dhamma / Dharma; EchoBuddha role is beginner explanation; 1 extracted citations; 1 Buddhist primary-source links; source section present.,MEDIUM,3,9.0,8 retained similarity pairs; max lexical 0.0598; max heading 0.8462; declared owner(s): https://echobuddha.com/learn/dhammapada-reflections/; query ownership is NO_DATA rather than inferred.,HIGH,5,10.0,12 headings and 12 paragraphs inspected as structural coverage evidence; purpose is beginner explanation; word count did not award points.,HIGH,4,8.0,Visible author/editorial signal NOT_VERIFIED; process reference present; provenance is structured repository content with historical drafting method not fully verified.,HIGH,5,5.0,1 extracted citations; 1 Buddhist primary-source links; source section present,HIGH,4,4.0,"Phase 1 observed HTTP 200, canonical self, indexable true; current sitemap/robots hashes match Phase 0 and no rendered ad/placeholder surface was observed.",HIGH,2,2.0,0 clicks and 1 impressions in the preserved three-month page export; query×page join unavailable,HIGH,4,4.0,"beginner explanation assessed for reference, practice, reflection, or repeat navigation utility; family LEARN_GUIDE; independent-purpose raw score 3/5.",HIGH,78,Evidence-weighted internal Phase 2 score; OWNER_SUPPORT_OVERLAP.,SC_DHAMMAPADA | ATI_DHAMMAPADA | SC_DHAMMAPADA_INTRO,MEDIUM,ND_DHAMMA_DHARMA,INTENT_DHAMMA_DHARMA,DECLARED_SUPPORT,NO_DATA,0,1,LIMITED,OWNER_SUPPORT_OVERLAP,false,,LOW,MODERATE,ADEQUATE,ADEQUATE,ADEQUATE,true,70–84,KEEP_ENHANCE_CANDIDATE,HIGH,SCORED,true,false,78,78,Independent challenge found no evidence-based adjustment.,"Internal governance score, not a Google score or final URL disposition."
url_a8e217cd114b7b30,https://echobuddha.com/learn/dhammapada-reflections/hatred-is-not-ended-by-hatred/,LEARN_GUIDE,Learn,Dhamma / Dharma,source study,SOURCE_STUDY,https://echobuddha.com/learn/dhammapada-reflections/,3,9.0,source study; declared owner(s): https://echobuddha.com/learn/dhammapada-reflections/; topic cluster contains 11 indexable URLs.,HIGH,5,15.0,"No exact Phase 1 body duplicate; exact repeated-block ratio 0.0962, unique-text ratio 0.9038; 8 retained similarity pairs; max lexical 0.0647; max heading 0.8462.",HIGH,4,12.0,3 current authoritative benchmarks assigned for Dhamma / Dharma; EchoBuddha role is source study; 1 extracted citations; 1 Buddhist primary-source links; source section present.,MEDIUM,3,9.0,8 retained similarity pairs; max lexical 0.0647; max heading 0.8462; declared owner(s): https://echobuddha.com/learn/dhammapada-reflections/; query ownership is NO_DATA rather than inferred.,HIGH,5,10.0,12 headings and 12 paragraphs inspected as structural coverage evidence; purpose is source study; word count did not award points.,HIGH,4,8.0,Visible author/editorial signal NOT_VERIFIED; process reference present; provenance is structured repository content with historical drafting method not fully verified.,HIGH,5,5.0,1 extracted citations; 1 Buddhist primary-source links; source section present,HIGH,4,4.0,"Phase 1 observed HTTP 200, canonical self, indexable true; current sitemap/robots hashes match Phase 0 and no rendered ad/placeholder surface was observed.",HIGH,2,2.0,0 clicks and 2 impressions in the preserved three-month page export; query×page join unavailable,HIGH,4,4.0,"source study assessed for reference, practice, reflection, or repeat navigation utility; family LEARN_GUIDE; independent-purpose raw score 3/5.",HIGH,78,Evidence-weighted internal Phase 2 score; OWNER_SUPPORT_OVERLAP.,SC_DHAMMAPADA | ATI_DHAMMAPADA | SC_DHAMMAPADA_INTRO,MEDIUM,ND_DHAMMA_DHARMA,INTENT_DHAMMA_DHARMA,DECLARED_SUPPORT,NO_DATA,0,2,LIMITED,OWNER_SUPPORT_OVERLAP,false,,LOW,MODERATE,ADEQUATE,ADEQUATE,ADEQUATE,true,70–84,KEEP_ENHANCE_CANDIDATE,HIGH,SCORED,true,false,78,78,Independent challenge found no evidence-based adjustment.,"Internal governance score, not a Google score or final URL disposition."
url_2f1c15ec2f3a5ac7,https://echobuddha.com/learn/dhammapada-reflections/,LEARN_GUIDE,Learn,Dhamma / Dharma,practical guide,HUB,,5,15.0,practical guide; no declared owner relationship; topic cluster contains 11 indexable URLs.,MEDIUM,5,15.0,"No exact Phase 1 body duplicate; exact repeated-block ratio 0.1020, unique-text ratio 0.8980; 1 retained similarity pairs; max lexical 0.1453; max heading 0.2000.",MEDIUM,4,12.0,3 current authoritative benchmarks assigned for Dhamma / Dharma; EchoBuddha role is practical guide; 2 extracted citations; 1 Buddhist primary-source links; source section not extracted.,MEDIUM,5,15.0,1 retained similarity pairs; max lexical 0.1453; max heading 0.2000; no declared owner relationship; query ownership is NO_DATA rather than inferred.,HIGH,4,8.0,3 headings and 10 paragraphs inspected as structural coverage evidence; purpose is practical guide; word count did not award points.,MEDIUM,4,8.0,Visible author/editorial signal NOT_VERIFIED; process reference present; provenance is structured repository content with historical drafting method not fully verified.,MEDIUM,5,5.0,2 extracted citations; 1 Buddhist primary-source links; source section not extracted,MEDIUM,4,4.0,"Phase 1 observed HTTP 200, canonical self, indexable true; current sitemap/robots hashes match Phase 0 and no rendered ad/placeholder surface was observed.",HIGH,2,2.0,0 clicks and 2 impressions in the preserved three-month page export; query×page join unavailable,HIGH,4,4.0,"practical guide assessed for reference, practice, reflection, or repeat navigation utility; family LEARN_GUIDE; independent-purpose raw score 5/5.",MEDIUM,88,Evidence-weighted internal Phase 2 score; no material policy-risk flag.,SC_DHAMMAPADA | ATI_DHAMMAPADA | SC_DHAMMAPADA_INTRO,MEDIUM,ND_DHAMMA_DHARMA,INTENT_DHAMMA_DHARMA,DECLARED_OWNER,NO_DATA,0,2,LIMITED,NONE_OBSERVED,false,,LOW,STRONG,ADEQUATE,ADEQUATE,STRONG,true,85–100,STRONG_KEEP_CANDIDATE,MEDIUM,SCORED,true,false,88,88,Independent challenge found no evidence-based adjustment.,"Internal governance score, not a Google score or final URL disposition."
url_f307d9cf3904df6a,https://echobuddha.com/learn/dhammapada-reflections/peace-comes-from-a-trained-mind/,LEARN_GUIDE,Learn,Dhamma / Dharma,practical guide,SOURCE_STUDY,https://echobuddha.com/learn/dhammapada-reflections/,3,9.0,practical guide; declared owner(s): https://echobuddha.com/learn/dhammapada-reflections/; topic cluster contains 11 indexable URLs.,MEDIUM,5,15.0,"No exact Phase 1 body duplicate; exact repeated-block ratio 0.0943, unique-text ratio 0.9057; 8 retained similarity pairs; max lexical 0.0647; max heading 0.8462.",MEDIUM,4,12.0,3 current authoritative benchmarks assigned for Dhamma / Dharma; EchoBuddha role is practical guide; 1 extracted citations; 1 Buddhist primary-source links; source section present.,MEDIUM,3,9.0,8 retained similarity pairs; max lexical 0.0647; max heading 0.8462; declared owner(s): https://echobuddha.com/learn/dhammapada-reflections/; query ownership is NO_DATA rather than inferred.,HIGH,5,10.0,12 headings and 12 paragraphs inspected as structural coverage evidence; purpose is practical guide; word count did not award points.,MEDIUM,4,8.0,Visible author/editorial signal NOT_VERIFIED; process reference present; provenance is structured repository content with historical drafting method not fully verified.,MEDIUM,5,5.0,1 extracted citations; 1 Buddhist primary-source links; source section present,MEDIUM,4,4.0,"Phase 1 observed HTTP 200, canonical self, indexable true; current sitemap/robots hashes match Phase 0 and no rendered ad/placeholder surface was observed.",HIGH,2,2.0,0 clicks and 0 impressions in the preserved three-month page export; query×page join unavailable,HIGH,4,4.0,"practical guide assessed for reference, practice, reflection, or repeat navigation utility; family LEARN_GUIDE; independent-purpose raw score 3/5.",MEDIUM,78,Evidence-weighted internal Phase 2 score; OWNER_SUPPORT_OVERLAP.,SC_DHAMMAPADA | ATI_DHAMMAPADA | SC_DHAMMAPADA_INTRO,MEDIUM,ND_DHAMMA_DHARMA,INTENT_DHAMMA_DHARMA,DECLARED_SUPPORT,NO_DATA,0,0,LOW,OWNER_SUPPORT_OVERLAP,false,,LOW,MODERATE,ADEQUATE,ADEQUATE,ADEQUATE,true,70–84,KEEP_ENHANCE_CANDIDATE,MEDIUM,SCORED,true,false,78,78,Independent challenge found no evidence-based adjustment.,"Internal governance score, not a Google score or final URL disposition."
url_9589960a05464d9e,https://echobuddha.com/learn/dhammapada-reflections/the-mind-leads-all-things/,LEARN_GUIDE,Learn,Dhamma / Dharma,source study,SOURCE_STUDY,https://echobuddha.com/learn/dhammapada-reflections/,3,9.0,source study; declared owner(s): https://echobuddha.com/learn/dhammapada-reflections/; topic cluster contains 11 indexable URLs.,HIGH,5,15.0,"No exact Phase 1 body duplicate; exact repeated-block ratio 0.0893, unique-text ratio 0.9107; 8 retained similarity pairs; max lexical 0.0567; max heading 0.8462.",HIGH,4,12.0,3 current authoritative benchmarks assigned for Dhamma / Dharma; EchoBuddha role is source study; 1 extracted citations; 1 Buddhist primary-source links; source section present.,MEDIUM,3,9.0,8 retained similarity pairs; max lexical 0.0567; max heading 0.8462; declared owner(s): https://echobuddha.com/learn/dhammapada-reflections/; query ownership is NO_DATA rather than inferred.,HIGH,5,10.0,12 headings and 12 paragraphs inspected as structural coverage evidence; purpose is source study; word count did not award points.,HIGH,4,8.0,Visible author/editorial signal NOT_VERIFIED; process reference present; provenance is structured repository content with historical drafting method not fully verified.,HIGH,5,5.0,1 extracted citations; 1 Buddhist primary-source links; source section present,HIGH,4,4.0,"Phase 1 observed HTTP 200, canonical self, indexable true; current sitemap/robots hashes match Phase 0 and no rendered ad/placeholder surface was observed.",HIGH,2,2.0,0 clicks and 2 impressions in the preserved three-month page export; query×page join unavailable,HIGH,4,4.0,"source study assessed for reference, practice, reflection, or repeat navigation utility; family LEARN_GUIDE; independent-purpose raw score 3/5.",HIGH,78,Evidence-weighted internal Phase 2 score; OWNER_SUPPORT_OVERLAP.,SC_DHAMMAPADA | ATI_DHAMMAPADA | SC_DHAMMAPADA_INTRO,MEDIUM,ND_DHAMMA_DHARMA,INTENT_DHAMMA_DHARMA,DECLARED_SUPPORT,NO_DATA,0,2,LIMITED,OWNER_SUPPORT_OVERLAP,false,,LOW,MODERATE,ADEQUATE,ADEQUATE,ADEQUATE,true,70–84,KEEP_ENHANCE_CANDIDATE,HIGH,SCORED,true,false,78,78,Independent challenge found no evidence-based adjustment.,"Internal governance score, not a Google score or final URL disposition."
url_1b75927541bc78b0,https://echobuddha.com/learn/eightfold-path/,LEARN_GUIDE,Learn,Noble Eightfold Path,practical guide,PRIMARY_PILLAR,,5,15.0,practical guide; no declared owner relationship; topic cluster contains 7 indexable URLs.,HIGH,5,15.0,"No exact Phase 1 body duplicate; exact repeated-block ratio 0.1467, unique-text ratio 0.8533; 0 retained similarity pairs; max lexical 0.0000; max heading 0.0000.",HIGH,3,9.0,3 current authoritative benchmarks assigned for Noble Eightfold Path; EchoBuddha role is practical guide; 2 extracted citations; 2 Buddhist primary-source links; source section present.,MEDIUM,5,15.0,0 retained similarity pairs; max lexical 0.0000; max heading 0.0000; no declared owner relationship; query ownership is NO_DATA rather than inferred.,HIGH,5,10.0,14 headings and 26 paragraphs inspected as structural coverage evidence; purpose is practical guide; word count did not award points.,HIGH,4,8.0,Visible author/editorial signal NOT_VERIFIED; process reference present; provenance is structured repository content with historical drafting method not fully verified.,HIGH,5,5.0,2 extracted citations; 2 Buddhist primary-source links; source section present,HIGH,4,4.0,"Phase 1 observed HTTP 200, canonical self, indexable true; current sitemap/robots hashes match Phase 0 and no rendered ad/placeholder surface was observed.",HIGH,4,4.0,0 clicks and 21 impressions in the preserved three-month page export; query×page join unavailable,HIGH,4,4.0,"practical guide assessed for reference, practice, reflection, or repeat navigation utility; family LEARN_GUIDE; independent-purpose raw score 5/5.",HIGH,89,Evidence-weighted internal Phase 2 score; no material policy-risk flag.,SC_SN45_8 | ATI_SN45_8 | DHAMMA_SN45_8,MEDIUM,NONE,INTENT_NOBLE_EIGHTFOLD_PATH,DECLARED_OWNER,NO_DATA,0,21,MODERATE,NONE_OBSERVED,false,,LOW,STRONG,ADEQUATE,ADEQUATE,STRONG,true,85–100,STRONG_KEEP_CANDIDATE,HIGH,SCORED,true,false,89,89,Independent challenge found no evidence-based adjustment.,"Internal governance score, not a Google score or final URL disposition."
url_712d1e9ca111fdfa,https://echobuddha.com/learn/four-noble-truths/,LEARN_GUIDE,Learn,Four Noble Truths,practical guide,PRIMARY_PILLAR,,5,15.0,practical guide; no declared owner relationship; topic cluster contains 6 indexable URLs.,HIGH,5,15.0,"No exact Phase 1 body duplicate; exact repeated-block ratio 0.0945, unique-text ratio 0.9055; 0 retained similarity pairs; max lexical 0.0000; max heading 0.0000.",HIGH,3,9.0,3 current authoritative benchmarks assigned for Four Noble Truths; EchoBuddha role is practical guide; 2 extracted citations; 1 Buddhist primary-source links; source section present.,MEDIUM,5,15.0,0 retained similarity pairs; max lexical 0.0000; max heading 0.0000; no declared owner relationship; query ownership is NO_DATA rather than inferred.,HIGH,5,10.0,14 headings and 21 paragraphs inspected as structural coverage evidence; purpose is practical guide; word count did not award points.,HIGH,4,8.0,Visible author/editorial signal NOT_VERIFIED; process reference present; provenance is structured repository content with historical drafting method not fully verified.,HIGH,5,5.0,2 extracted citations; 1 Buddhist primary-source links; source section present,HIGH,4,4.0,"Phase 1 observed HTTP 200, canonical self, indexable true; current sitemap/robots hashes match Phase 0 and no rendered ad/placeholder surface was observed.",HIGH,3,3.0,0 clicks and 8 impressions in the preserved three-month page export; query×page join unavailable,HIGH,4,4.0,"practical guide assessed for reference, practice, reflection, or repeat navigation utility; family LEARN_GUIDE; independent-purpose raw score 5/5.",HIGH,88,Evidence-weighted internal Phase 2 score; no material policy-risk flag.,SC_SN56_11 | ATI_SN56_11 | TRICYCLE_BEGINNERS,MEDIUM,NONE,INTENT_FOUR_NOBLE_TRUTHS,DECLARED_OWNER,NO_DATA,0,8,LIMITED,NONE_OBSERVED,false,,LOW,STRONG,ADEQUATE,ADEQUATE,STRONG,true,85–100,STRONG_KEEP_CANDIDATE,HIGH,SCORED,true,false,88,88,Independent challenge found no evidence-based adjustment.,"Internal governance score, not a Google score or final URL disposition."
url_dd0d2d3f9df3cc2e,https://echobuddha.com/learn/,LEARN_HUB,Learn,Page-specific / unclustered,navigation/reference,HUB,,3,9.0,navigation/reference; no declared owner relationship; topic cluster contains 39 indexable URLs.,HIGH,2,6.0,"No exact Phase 1 body duplicate; exact repeated-block ratio 0.0000, unique-text ratio 1.0000; 0 retained similarity pairs; max lexical 0.0000; max heading 0.0000.",HIGH,2,6.0,3 current authoritative benchmarks assigned for Page-specific / unclustered; EchoBuddha role is navigation/reference; 0 extracted citations; 0 Buddhist primary-source links; source section present.,MEDIUM,3,9.0,0 retained similarity pairs; max lexical 0.0000; max heading 0.0000; no declared owner relationship; query ownership is NO_DATA rather than inferred.,HIGH,3,6.0,12 headings and 8 paragraphs inspected as structural coverage evidence; purpose is navigation/reference; word count did not award points.,HIGH,3,6.0,Visible author/editorial signal NOT_VERIFIED; process reference present; provenance is structured repository content with historical drafting method not fully verified.,HIGH,3,3.0,0 extracted citations; 0 Buddhist primary-source links; source section present,HIGH,4,4.0,"Phase 1 observed HTTP 200, canonical self, indexable true; current sitemap/robots hashes match Phase 0 and no rendered ad/placeholder surface was observed.",HIGH,2,2.0,0 clicks and 3 impressions in the preserved three-month page export; query×page join unavailable,HIGH,3,3.0,"navigation/reference assessed for reference, practice, reflection, or repeat navigation utility; family LEARN_HUB; independent-purpose raw score 3/5.",HIGH,54,Evidence-weighted internal Phase 2 score; NAVIGATION_DOMINANT_SURFACE.,TRICYCLE_BEGINNERS | ATI_BEFRIENDING | LIONS_ROAR,MEDIUM,NONE,Page-specific / unclustered,DECLARED_OWNER,NO_DATA,0,3,LIMITED,NAVIGATION_DOMINANT_SURFACE,false,,MODERATE,MODERATE,ADEQUATE,ADEQUATE,ADEQUATE,true,50–69,MAJOR_REVIEW_CANDIDATE,HIGH,SCORED,true,false,54,54,Independent challenge found no evidence-based adjustment.,"Internal governance score, not a Google score or final URL disposition."
url_9dbf78675e11dbf2,https://echobuddha.com/learn/questions-about-buddhism/,LEARN_GUIDE,Learn,Page-specific / unclustered,practical guide,HUB,https://echobuddha.com/learn/,4,12.0,practical guide; declared owner(s): https://echobuddha.com/learn/; topic cluster contains 39 indexable URLs.,MEDIUM,5,15.0,"No exact Phase 1 body duplicate; exact repeated-block ratio 0.0000, unique-text ratio 1.0000; 0 retained similarity pairs; max lexical 0.0000; max heading 0.0000.",MEDIUM,3,9.0,3 current authoritative benchmarks assigned for Page-specific / unclustered; EchoBuddha role is practical guide; 0 extracted citations; 0 Buddhist primary-source links; source section not extracted.,MEDIUM,4,12.0,0 retained similarity pairs; max lexical 0.0000; max heading 0.0000; declared owner(s): https://echobuddha.com/learn/; query ownership is NO_DATA rather than inferred.,HIGH,3,6.0,1 headings and 11 paragraphs inspected as structural coverage evidence; purpose is practical guide; word count did not award points.,MEDIUM,4,8.0,Visible author/editorial signal NOT_VERIFIED; process reference present; provenance is structured repository content with historical drafting method not fully verified.,MEDIUM,3,3.0,0 extracted citations; 0 Buddhist primary-source links; source section not extracted,MEDIUM,4,4.0,"Phase 1 observed HTTP 200, canonical self, indexable true; current sitemap/robots hashes match Phase 0 and no rendered ad/placeholder surface was observed.",HIGH,2,2.0,0 clicks and 4 impressions in the preserved three-month page export; query×page join unavailable,HIGH,4,4.0,"practical guide assessed for reference, practice, reflection, or repeat navigation utility; family LEARN_GUIDE; independent-purpose raw score 4/5.",MEDIUM,75,Evidence-weighted internal Phase 2 score; OWNER_SUPPORT_OVERLAP | SOURCE_QUALITY_GAP.,TRICYCLE_BEGINNERS | ATI_BEFRIENDING | LIONS_ROAR,MEDIUM,NONE,Page-specific / unclustered,DECLARED_SUPPORT,NO_DATA,0,4,LIMITED,OWNER_SUPPORT_OVERLAP | SOURCE_QUALITY_GAP,false,,LOW,STRONG,ADEQUATE,ADEQUATE,STRONG,true,70–84,KEEP_ENHANCE_CANDIDATE,MEDIUM,SCORED,true,false,75,75,Independent challenge found no evidence-based adjustment.,"Internal governance score, not a Google score or final URL disposition."
url_7c1ca64f0b8f6001,https://echobuddha.com/learn/sutta-for-daily-life/buddhas-teaching-on-patience/,LEARN_GUIDE,Learn,Sutta Study,practical guide,SOURCE_STUDY,https://echobuddha.com/articles/three-ways-to-practice-patience/,4,12.0,practical guide; declared owner(s): https://echobuddha.com/articles/three-ways-to-practice-patience/; topic cluster contains 6 indexable URLs.,HIGH,5,15.0,"No exact Phase 1 body duplicate; exact repeated-block ratio 0.2134, unique-text ratio 0.7866; 9 retained similarity pairs; max lexical 0.1000; max heading 0.8462.",HIGH,4,12.0,3 current authoritative benchmarks assigned for Sutta Study; EchoBuddha role is practical guide; 1 extracted citations; 1 Buddhist primary-source links; source section present.,MEDIUM,3,9.0,9 retained similarity pairs; max lexical 0.1000; max heading 0.8462; declared owner(s): https://echobuddha.com/articles/three-ways-to-practice-patience/; query ownership is NO_DATA rather than inferred.,HIGH,5,10.0,12 headings and 12 paragraphs inspected as structural coverage evidence; purpose is practical guide; word count did not award points.,HIGH,4,8.0,Visible author/editorial signal NOT_VERIFIED; process reference present; provenance is structured repository content with historical drafting method not fully verified.,HIGH,5,5.0,1 extracted citations; 1 Buddhist primary-source links; source section present,HIGH,4,4.0,"Phase 1 observed HTTP 200, canonical self, indexable true; current sitemap/robots hashes match Phase 0 and no rendered ad/placeholder surface was observed.",HIGH,3,3.0,0 clicks and 5 impressions in the preserved three-month page export; query×page join unavailable,HIGH,5,5.0,"practical guide assessed for reference, practice, reflection, or repeat navigation utility; family LEARN_GUIDE; independent-purpose raw score 4/5.",HIGH,83,Evidence-weighted internal Phase 2 score; OWNER_SUPPORT_OVERLAP.,SC_INTRODUCTION | ATI_SUTTA_GUIDE | EIGHTY_FOUR_THOUSAND,MEDIUM,ND_SUTTA_STUDY,INTENT_SUTTA_STUDY,DECLARED_SUPPORT,NO_DATA,0,5,LIMITED,OWNER_SUPPORT_OVERLAP,false,,LOW,STRONG,ADEQUATE,ADEQUATE,STRONG,true,70–84,KEEP_ENHANCE_CANDIDATE,HIGH,SCORED,true,false,83,83,Independent challenge found no evidence-based adjustment.,"Internal governance score, not a Google score or final URL disposition."
url_14dfbaa715a7c8b4,https://echobuddha.com/learn/sutta-for-daily-life/dhammacakkappavattana-sutta-four-noble-truths/,LEARN_GUIDE,Learn,Four Noble Truths,source study,SOURCE_STUDY,https://echobuddha.com/learn/four-noble-truths/,4,12.0,source study; declared owner(s): https://echobuddha.com/learn/four-noble-truths/; topic cluster contains 6 indexable URLs.,MEDIUM,5,15.0,"No exact Phase 1 body duplicate; exact repeated-block ratio 0.0444, unique-text ratio 0.9556; 1 retained similarity pairs; max lexical 0.0861; max heading 0.5714.",MEDIUM,4,12.0,3 current authoritative benchmarks assigned for Four Noble Truths; EchoBuddha role is source study; 1 extracted citations; 1 Buddhist primary-source links; source section present.,MEDIUM,3,9.0,1 retained similarity pairs; max lexical 0.0861; max heading 0.5714; declared owner(s): https://echobuddha.com/learn/four-noble-truths/; query ownership is NO_DATA rather than inferred.,HIGH,5,10.0,11 headings and 17 paragraphs inspected as structural coverage evidence; purpose is source study; word count did not award points.,MEDIUM,4,8.0,Visible author/editorial signal NOT_VERIFIED; process reference present; provenance is structured repository content with historical drafting method not fully verified.,MEDIUM,5,5.0,1 extracted citations; 1 Buddhist primary-source links; source section present,MEDIUM,4,4.0,"Phase 1 observed HTTP 200, canonical self, indexable true; current sitemap/robots hashes match Phase 0 and no rendered ad/placeholder surface was observed.",HIGH,2,2.0,0 clicks and 0 impressions in the preserved three-month page export; query×page join unavailable,HIGH,5,5.0,"source study assessed for reference, practice, reflection, or repeat navigation utility; family LEARN_GUIDE; independent-purpose raw score 4/5.",MEDIUM,82,Evidence-weighted internal Phase 2 score; OWNER_SUPPORT_OVERLAP.,SC_SN56_11 | ATI_SN56_11 | TRICYCLE_BEGINNERS,MEDIUM,ND_FOUR_NOBLE_TRUTHS,INTENT_FOUR_NOBLE_TRUTHS,DECLARED_SUPPORT,NO_DATA,0,0,LOW,OWNER_SUPPORT_OVERLAP,false,,LOW,STRONG,ADEQUATE,ADEQUATE,STRONG,true,70–84,KEEP_ENHANCE_CANDIDATE,MEDIUM,SCORED,true,false,82,82,Independent challenge found no evidence-based adjustment.,"Internal governance score, not a Google score or final URL disposition."
url_10dbbfd4561b3810,https://echobuddha.com/learn/sutta-for-daily-life/how-to-read-a-buddhist-sutta/,LEARN_GUIDE,Learn,Sutta Study,practical guide,NOT_VERIFIED,https://echobuddha.com/,5,15.0,practical guide; declared owner(s): https://echobuddha.com/; topic cluster contains 6 indexable URLs.,MEDIUM,5,15.0,"No exact Phase 1 body duplicate; exact repeated-block ratio 0.0171, unique-text ratio 0.9829; 0 retained similarity pairs; max lexical 0.0000; max heading 0.0000.",MEDIUM,4,12.0,3 current authoritative benchmarks assigned for Sutta Study; EchoBuddha role is practical guide; 5 extracted citations; 2 Buddhist primary-source links; source section present.,MEDIUM,4,12.0,0 retained similarity pairs; max lexical 0.0000; max heading 0.0000; declared owner(s): https://echobuddha.com/; query ownership is NO_DATA rather than inferred.,HIGH,5,10.0,18 headings and 35 paragraphs inspected as structural coverage evidence; purpose is practical guide; word count did not award points.,MEDIUM,4,8.0,Visible author/editorial signal NOT_VERIFIED; process reference present; provenance is structured repository content with historical drafting method not fully verified.,MEDIUM,5,5.0,5 extracted citations; 2 Buddhist primary-source links; source section present,MEDIUM,4,4.0,"Phase 1 observed HTTP 200, canonical self, indexable true; current sitemap/robots hashes match Phase 0 and no rendered ad/placeholder surface was observed.",HIGH,2,2.0,0 clicks and 0 impressions in the preserved three-month page export; query×page join unavailable,HIGH,5,5.0,"practical guide assessed for reference, practice, reflection, or repeat navigation utility; family LEARN_GUIDE; independent-purpose raw score 5/5.",MEDIUM,88,Evidence-weighted internal Phase 2 score; OWNER_SUPPORT_OVERLAP.,SC_INTRODUCTION | ATI_SUTTA_GUIDE | EIGHTY_FOUR_THOUSAND,HIGH,NONE,INTENT_SUTTA_STUDY,DECLARED_SUPPORT,NO_DATA,0,0,LOW,OWNER_SUPPORT_OVERLAP,false,,LOW,STRONG,ADEQUATE,ADEQUATE,STRONG,true,85–100,STRONG_KEEP_CANDIDATE,MEDIUM,SCORED,true,false,88,88,Independent challenge found no evidence-based adjustment.,"Internal governance score, not a Google score or final URL disposition."
url_c8f825461445cea3,https://echobuddha.com/learn/sutta-for-daily-life/,LEARN_GUIDE,Learn,Sutta Study,practical guide,HUB,,5,15.0,practical guide; no declared owner relationship; topic cluster contains 6 indexable URLs.,MEDIUM,5,15.0,"No exact Phase 1 body duplicate; exact repeated-block ratio 0.0717, unique-text ratio 0.9283; 1 retained similarity pairs; max lexical 0.1453; max heading 0.2000.",MEDIUM,4,12.0,3 current authoritative benchmarks assigned for Sutta Study; EchoBuddha role is practical guide; 2 extracted citations; 1 Buddhist primary-source links; source section not extracted.,MEDIUM,5,15.0,1 retained similarity pairs; max lexical 0.1453; max heading 0.2000; no declared owner relationship; query ownership is NO_DATA rather than inferred.,HIGH,4,8.0,3 headings and 13 paragraphs inspected as structural coverage evidence; purpose is practical guide; word count did not award points.,MEDIUM,4,8.0,Visible author/editorial signal NOT_VERIFIED; process reference present; provenance is structured repository content with historical drafting method not fully verified.,MEDIUM,5,5.0,2 extracted citations; 1 Buddhist primary-source links; source section not extracted,MEDIUM,4,4.0,"Phase 1 observed HTTP 200, canonical self, indexable true; current sitemap/robots hashes match Phase 0 and no rendered ad/placeholder surface was observed.",HIGH,2,2.0,0 clicks and 0 impressions in the preserved three-month page export; query×page join unavailable,HIGH,5,5.0,"practical guide assessed for reference, practice, reflection, or repeat navigation utility; family LEARN_GUIDE; independent-purpose raw score 5/5.",MEDIUM,89,Evidence-weighted internal Phase 2 score; no material policy-risk flag.,SC_INTRODUCTION | ATI_SUTTA_GUIDE | EIGHTY_FOUR_THOUSAND,MEDIUM,ND_SUTTA_STUDY,INTENT_SUTTA_STUDY,DECLARED_OWNER,NO_DATA,0,0,LOW,NONE_OBSERVED,false,,LOW,STRONG,ADEQUATE,ADEQUATE,STRONG,true,85–100,STRONG_KEEP_CANDIDATE,MEDIUM,SCORED,true,false,89,89,Independent challenge found no evidence-based adjustment.,"Internal governance score, not a Google score or final URL disposition."
url_e39976980d6ac764,https://echobuddha.com/learn/sutta-for-daily-life/kalama-sutta-and-wise-thinking/,LEARN_GUIDE,Learn,Sutta Study,source study,SOURCE_STUDY,https://echobuddha.com/learn/sutta-for-daily-life/,4,12.0,source study; declared owner(s): https://echobuddha.com/learn/sutta-for-daily-life/; topic cluster contains 6 indexable URLs.,HIGH,5,15.0,"No exact Phase 1 body duplicate; exact repeated-block ratio 0.0943, unique-text ratio 0.9057; 9 retained similarity pairs; max lexical 0.0536; max heading 0.8462.",HIGH,4,12.0,3 current authoritative benchmarks assigned for Sutta Study; EchoBuddha role is source study; 1 extracted citations; 1 Buddhist primary-source links; source section present.,MEDIUM,3,9.0,9 retained similarity pairs; max lexical 0.0536; max heading 0.8462; declared owner(s): https://echobuddha.com/learn/sutta-for-daily-life/; query ownership is NO_DATA rather than inferred.,HIGH,5,10.0,12 headings and 12 paragraphs inspected as structural coverage evidence; purpose is source study; word count did not award points.,HIGH,4,8.0,Visible author/editorial signal NOT_VERIFIED; process reference present; provenance is structured repository content with historical drafting method not fully verified.,HIGH,5,5.0,1 extracted citations; 1 Buddhist primary-source links; source section present,HIGH,4,4.0,"Phase 1 observed HTTP 200, canonical self, indexable true; current sitemap/robots hashes match Phase 0 and no rendered ad/placeholder surface was observed.",HIGH,2,2.0,0 clicks and 1 impressions in the preserved three-month page export; query×page join unavailable,HIGH,5,5.0,"source study assessed for reference, practice, reflection, or repeat navigation utility; family LEARN_GUIDE; independent-purpose raw score 4/5.",HIGH,82,Evidence-weighted internal Phase 2 score; OWNER_SUPPORT_OVERLAP.,SC_INTRODUCTION | ATI_SUTTA_GUIDE | EIGHTY_FOUR_THOUSAND,MEDIUM,ND_SUTTA_STUDY,INTENT_SUTTA_STUDY,DECLARED_SUPPORT,NO_DATA,0,1,LIMITED,OWNER_SUPPORT_OVERLAP,false,,LOW,STRONG,ADEQUATE,ADEQUATE,STRONG,true,70–84,KEEP_ENHANCE_CANDIDATE,HIGH,SCORED,true,false,82,82,Independent challenge found no evidence-based adjustment.,"Internal governance score, not a Google score or final URL disposition."
url_91e98cc05bc66624,https://echobuddha.com/learn/sutta-for-daily-life/magga-vibhanga-sutta-eightfold-path/,LEARN_GUIDE,Learn,Noble Eightfold Path,beginner explanation,SOURCE_STUDY,https://echobuddha.com/learn/eightfold-path/,4,12.0,beginner explanation; declared owner(s): https://echobuddha.com/learn/eightfold-path/; topic cluster contains 7 indexable URLs.,HIGH,5,15.0,"No exact Phase 1 body duplicate; exact repeated-block ratio 0.0468, unique-text ratio 0.9532; 1 retained similarity pairs; max lexical 0.0861; max heading 0.5714.",HIGH,4,12.0,3 current authoritative benchmarks assigned for Noble Eightfold Path; EchoBuddha role is beginner explanation; 1 extracted citations; 1 Buddhist primary-source links; source section present.,MEDIUM,3,9.0,1 retained similarity pairs; max lexical 0.0861; max heading 0.5714; declared owner(s): https://echobuddha.com/learn/eightfold-path/; query ownership is NO_DATA rather than inferred.,HIGH,5,10.0,11 headings and 17 paragraphs inspected as structural coverage evidence; purpose is beginner explanation; word count did not award points.,HIGH,4,8.0,Visible author/editorial signal NOT_VERIFIED; process reference present; provenance is structured repository content with historical drafting method not fully verified.,HIGH,5,5.0,1 extracted citations; 1 Buddhist primary-source links; source section present,HIGH,4,4.0,"Phase 1 observed HTTP 200, canonical self, indexable true; current sitemap/robots hashes match Phase 0 and no rendered ad/placeholder surface was observed.",HIGH,4,4.0,0 clicks and 39 impressions in the preserved three-month page export; query×page join unavailable,HIGH,5,5.0,"beginner explanation assessed for reference, practice, reflection, or repeat navigation utility; family LEARN_GUIDE; independent-purpose raw score 4/5.",HIGH,84,Evidence-weighted internal Phase 2 score; OWNER_SUPPORT_OVERLAP.,SC_SN45_8 | ATI_SN45_8 | DHAMMA_SN45_8,MEDIUM,ND_NOBLE_EIGHTFOLD_PATH,INTENT_NOBLE_EIGHTFOLD_PATH,DECLARED_SUPPORT,NO_DATA,0,39,MODERATE,OWNER_SUPPORT_OVERLAP,false,,LOW,STRONG,ADEQUATE,ADEQUATE,STRONG,true,70–84,KEEP_ENHANCE_CANDIDATE,HIGH,SCORED,true,false,84,84,Independent challenge found no evidence-based adjustment.,"Internal governance score, not a Google score or final URL disposition."
url_7a5b3f1f42b19341,https://echobuddha.com/learn/sutta-for-daily-life/metta-sutta-explained-for-daily-life/,LEARN_GUIDE,Learn,Loving-kindness / Metta,practical guide,SOURCE_STUDY,https://echobuddha.com/learn/buddhist-dictionary/metta/,5,15.0,practical guide; declared owner(s): https://echobuddha.com/learn/buddhist-dictionary/metta/; topic cluster contains 1 indexable URLs.,HIGH,5,15.0,"No exact Phase 1 body duplicate; exact repeated-block ratio 0.0500, unique-text ratio 0.9500; 4 retained similarity pairs; max lexical 0.0388; max heading 0.4706.",HIGH,4,12.0,3 current authoritative benchmarks assigned for Loving-kindness / Metta; EchoBuddha role is practical guide; 1 extracted citations; 1 Buddhist primary-source links; source section present.,MEDIUM,4,12.0,4 retained similarity pairs; max lexical 0.0388; max heading 0.4706; declared owner(s): https://echobuddha.com/learn/buddhist-dictionary/metta/; query ownership is NO_DATA rather than inferred.,HIGH,5,10.0,13 headings and 16 paragraphs inspected as structural coverage evidence; purpose is practical guide; word count did not award points.,HIGH,4,8.0,Visible author/editorial signal NOT_VERIFIED; process reference present; provenance is structured repository content with historical drafting method not fully verified.,HIGH,5,5.0,1 extracted citations; 1 Buddhist primary-source links; source section present,HIGH,4,4.0,"Phase 1 observed HTTP 200, canonical self, indexable true; current sitemap/robots hashes match Phase 0 and no rendered ad/placeholder surface was observed.",HIGH,5,5.0,1 clicks and 4 impressions in the preserved three-month page export; query×page join unavailable,HIGH,5,5.0,"practical guide assessed for reference, practice, reflection, or repeat navigation utility; family LEARN_GUIDE; independent-purpose raw score 5/5.",HIGH,91,Evidence-weighted internal Phase 2 score; OWNER_SUPPORT_OVERLAP | SEO_EQUITY_HIGH.,SC_SNP1_8 | ATI_SNP1_8 | DHAMMA_KHP5,MEDIUM,ND_LOVING_KINDNESS_METTA,INTENT_LOVING_KINDNESS_METTA,DECLARED_SUPPORT,NO_DATA,1,4,HIGH,OWNER_SUPPORT_OVERLAP | SEO_EQUITY_HIGH,false,,LOW,STRONG,ADEQUATE,ADEQUATE,STRONG,true,85–100,STRONG_KEEP_CANDIDATE,HIGH,SCORED,true,false,91,91,Independent challenge found no evidence-based adjustment.,"Internal governance score, not a Google score or final URL disposition."
url_73fa745023ae860c,https://echobuddha.com/learn/sutta-for-daily-life/mindfulness-of-breathing-explained-simply/,LEARN_GUIDE,Learn,Mindfulness,practical guide,SOURCE_STUDY,https://echobuddha.com/articles/mindfulness-of-breathing-guide/,4,12.0,practical guide; declared owner(s): https://echobuddha.com/articles/mindfulness-of-breathing-guide/; topic cluster contains 31 indexable URLs.,MEDIUM,5,15.0,"No exact Phase 1 body duplicate; exact repeated-block ratio 0.1025, unique-text ratio 0.8975; 9 retained similarity pairs; max lexical 0.0540; max heading 0.8462.",MEDIUM,4,12.0,3 current authoritative benchmarks assigned for Mindfulness; EchoBuddha role is practical guide; 1 extracted citations; 1 Buddhist primary-source links; source section present.,MEDIUM,3,9.0,9 retained similarity pairs; max lexical 0.0540; max heading 0.8462; declared owner(s): https://echobuddha.com/articles/mindfulness-of-breathing-guide/; query ownership is NO_DATA rather than inferred.,HIGH,5,10.0,12 headings and 12 paragraphs inspected as structural coverage evidence; purpose is practical guide; word count did not award points.,MEDIUM,4,8.0,Visible author/editorial signal NOT_VERIFIED; process reference present; provenance is structured repository content with historical drafting method not fully verified.,MEDIUM,5,5.0,1 extracted citations; 1 Buddhist primary-source links; source section present,MEDIUM,4,4.0,"Phase 1 observed HTTP 200, canonical self, indexable true; current sitemap/robots hashes match Phase 0 and no rendered ad/placeholder surface was observed.",HIGH,2,2.0,0 clicks and 0 impressions in the preserved three-month page export; query×page join unavailable,HIGH,5,5.0,"practical guide assessed for reference, practice, reflection, or repeat navigation utility; family LEARN_GUIDE; independent-purpose raw score 4/5.",MEDIUM,82,Evidence-weighted internal Phase 2 score; SEARCH_FIRST_CONTENT_PATTERN | KEYWORD_VARIATION_PATTERN | OWNER_SUPPORT_OVERLAP.,SC_MN10 | ATI_DN22 | NHS_MINDFULNESS,MEDIUM,ND_MINDFULNESS,INTENT_MINDFULNESS,DECLARED_SUPPORT,NO_DATA,0,0,LOW,SEARCH_FIRST_CONTENT_PATTERN | KEYWORD_VARIATION_PATTERN | OWNER_SUPPORT_OVERLAP,false,,LOW,STRONG,ADEQUATE,ADEQUATE,STRONG,true,70–84,KEEP_ENHANCE_CANDIDATE,MEDIUM,SCORED,true,false,82,82,Independent challenge found no evidence-based adjustment.,"Internal governance score, not a Google score or final URL disposition."
url_c19a1726778d24d4,https://echobuddha.com/learn/sutta-for-daily-life/right-speech-in-daily-life/,LEARN_GUIDE,Learn,Right Speech,source study,SOURCE_STUDY,https://echobuddha.com/articles/right-speech-buddhism/,4,12.0,source study; declared owner(s): https://echobuddha.com/articles/right-speech-buddhism/; topic cluster contains 6 indexable URLs.,MEDIUM,5,15.0,"No exact Phase 1 body duplicate; exact repeated-block ratio 0.1815, unique-text ratio 0.8185; 10 retained similarity pairs; max lexical 0.1000; max heading 0.8462.",MEDIUM,4,12.0,3 current authoritative benchmarks assigned for Right Speech; EchoBuddha role is source study; 1 extracted citations; 1 Buddhist primary-source links; source section present.,MEDIUM,3,9.0,10 retained similarity pairs; max lexical 0.1000; max heading 0.8462; declared owner(s): https://echobuddha.com/articles/right-speech-buddhism/; query ownership is NO_DATA rather than inferred.,HIGH,5,10.0,12 headings and 14 paragraphs inspected as structural coverage evidence; purpose is source study; word count did not award points.,MEDIUM,4,8.0,Visible author/editorial signal NOT_VERIFIED; process reference present; provenance is structured repository content with historical drafting method not fully verified.,MEDIUM,5,5.0,1 extracted citations; 1 Buddhist primary-source links; source section present,MEDIUM,4,4.0,"Phase 1 observed HTTP 200, canonical self, indexable true; current sitemap/robots hashes match Phase 0 and no rendered ad/placeholder surface was observed.",HIGH,2,2.0,0 clicks and 0 impressions in the preserved three-month page export; query×page join unavailable,HIGH,5,5.0,"source study assessed for reference, practice, reflection, or repeat navigation utility; family LEARN_GUIDE; independent-purpose raw score 4/5.",MEDIUM,82,Evidence-weighted internal Phase 2 score; OWNER_SUPPORT_OVERLAP.,ATI_RIGHT_SPEECH | SC_SN45_8 | DHAMMA_SN45_8,MEDIUM,ND_RIGHT_SPEECH,INTENT_RIGHT_SPEECH,DECLARED_SUPPORT,NO_DATA,0,0,LOW,OWNER_SUPPORT_OVERLAP,false,,LOW,STRONG,ADEQUATE,ADEQUATE,STRONG,true,70–84,KEEP_ENHANCE_CANDIDATE,MEDIUM,SCORED,true,false,82,82,Independent challenge found no evidence-based adjustment.,"Internal governance score, not a Google score or final URL disposition."
url_5d17849829de5b9a,https://echobuddha.com/meditation/10-minute-meditation-practice/,MEDITATION_GUIDE,Practice,Meditation,practical guide,PRACTICE_GUIDE,https://echobuddha.com/meditation/,5,15.0,practical guide; declared owner(s): https://echobuddha.com/meditation/; topic cluster contains 17 indexable URLs.,MEDIUM,3,9.0,"No exact Phase 1 body duplicate; exact repeated-block ratio 0.4079, unique-text ratio 0.5921; 8 retained similarity pairs; max lexical 0.2678; max heading 0.5000.",MEDIUM,4,12.0,3 current authoritative benchmarks assigned for Meditation; EchoBuddha role is practical guide; 3 extracted citations; 1 Buddhist primary-source links; source section not extracted.,MEDIUM,3,9.0,8 retained similarity pairs; max lexical 0.2678; max heading 0.5000; declared owner(s): https://echobuddha.com/meditation/; query ownership is NO_DATA rather than inferred.,HIGH,5,10.0,11 headings and 18 paragraphs inspected as structural coverage evidence; purpose is practical guide; word count did not award points.,MEDIUM,3,6.0,Visible author/editorial signal NOT_VERIFIED; process reference present; provenance is structured repository content with historical drafting method not fully verified.,MEDIUM,4,4.0,3 extracted citations; 1 Buddhist primary-source links; source section not extracted,MEDIUM,4,4.0,"Phase 1 observed HTTP 200, canonical self, indexable true; current sitemap/robots hashes match Phase 0 and no rendered ad/placeholder surface was observed.",HIGH,2,2.0,0 clicks and 1 impressions in the preserved three-month page export; query×page join unavailable,HIGH,5,5.0,"practical guide assessed for reference, practice, reflection, or repeat navigation utility; family MEDITATION_GUIDE; independent-purpose raw score 5/5.",MEDIUM,76,Evidence-weighted internal Phase 2 score; INTERNAL_DUPLICATION_RISK | OWNER_SUPPORT_OVERLAP | BOILERPLATE_DOMINANT | LOW_UNIQUE_TEXT_RATIO.,SC_MN118 | ATI_MN118 | NCCIH_MEDITATION,MEDIUM,ND_MEDITATION,INTENT_MEDITATION,DECLARED_SUPPORT,NO_DATA,0,1,LIMITED,INTERNAL_DUPLICATION_RISK | OWNER_SUPPORT_OVERLAP | BOILERPLATE_DOMINANT | LOW_UNIQUE_TEXT_RATIO,false,,HIGH,STRONG,ADEQUATE,ADEQUATE,STRONG,true,70–84,KEEP_ENHANCE_CANDIDATE,MEDIUM,SCORED,true,false,76,76,Independent challenge found no evidence-based adjustment.,"Internal governance score, not a Google score or final URL disposition."
url_07021ec1d26abcc3,https://echobuddha.com/meditation/5-minute-meditation-practice/,MEDITATION_GUIDE,Practice,Meditation,practical guide,PRACTICE_GUIDE,https://echobuddha.com/meditation/,5,15.0,practical guide; declared owner(s): https://echobuddha.com/meditation/; topic cluster contains 17 indexable URLs.,MEDIUM,3,9.0,"No exact Phase 1 body duplicate; exact repeated-block ratio 0.4491, unique-text ratio 0.5509; 8 retained similarity pairs; max lexical 0.2707; max heading 0.8000.",MEDIUM,4,12.0,3 current authoritative benchmarks assigned for Meditation; EchoBuddha role is practical guide; 1 extracted citations; 1 Buddhist primary-source links; source section not extracted.,MEDIUM,3,9.0,8 retained similarity pairs; max lexical 0.2707; max heading 0.8000; declared owner(s): https://echobuddha.com/meditation/; query ownership is NO_DATA rather than inferred.,HIGH,5,10.0,14 headings and 17 paragraphs inspected as structural coverage evidence; purpose is practical guide; word count did not award points.,MEDIUM,3,6.0,Visible author/editorial signal NOT_VERIFIED; process reference present; provenance is structured repository content with historical drafting method not fully verified.,MEDIUM,4,4.0,1 extracted citations; 1 Buddhist primary-source links; source section not extracted,MEDIUM,4,4.0,"Phase 1 observed HTTP 200, canonical self, indexable true; current sitemap/robots hashes match Phase 0 and no rendered ad/placeholder surface was observed.",HIGH,2,2.0,0 clicks and 1 impressions in the preserved three-month page export; query×page join unavailable,HIGH,5,5.0,"practical guide assessed for reference, practice, reflection, or repeat navigation utility; family MEDITATION_GUIDE; independent-purpose raw score 5/5.",MEDIUM,76,Evidence-weighted internal Phase 2 score; INTERNAL_DUPLICATION_RISK | OWNER_SUPPORT_OVERLAP | BOILERPLATE_DOMINANT | LOW_UNIQUE_TEXT_RATIO.,SC_MN118 | ATI_MN118 | NCCIH_MEDITATION,MEDIUM,ND_MEDITATION,INTENT_MEDITATION,DECLARED_SUPPORT,NO_DATA,0,1,LIMITED,INTERNAL_DUPLICATION_RISK | OWNER_SUPPORT_OVERLAP | BOILERPLATE_DOMINANT | LOW_UNIQUE_TEXT_RATIO,false,,HIGH,STRONG,ADEQUATE,ADEQUATE,STRONG,true,70–84,KEEP_ENHANCE_CANDIDATE,MEDIUM,SCORED,true,false,76,76,Independent challenge found no evidence-based adjustment.,"Internal governance score, not a Google score or final URL disposition."
url_35220eda4a558244,https://echobuddha.com/meditation/breathing-meditation/,MEDITATION_GUIDE,Practice,Meditation,practical guide,PRACTICE_GUIDE,https://echobuddha.com/articles/mindfulness-of-breathing-guide/,3,9.0,practical guide; declared owner(s): https://echobuddha.com/articles/mindfulness-of-breathing-guide/; topic cluster contains 17 indexable URLs.,MEDIUM,5,15.0,"No exact Phase 1 body duplicate; exact repeated-block ratio 0.2447, unique-text ratio 0.7553; 8 retained similarity pairs; max lexical 0.1975; max heading 0.5556.",MEDIUM,3,9.0,3 current authoritative benchmarks assigned for Meditation; EchoBuddha role is practical guide; 2 extracted citations; 1 Buddhist primary-source links; source section not extracted.,MEDIUM,3,9.0,8 retained similarity pairs; max lexical 0.1975; max heading 0.5556; declared owner(s): https://echobuddha.com/articles/mindfulness-of-breathing-guide/; query ownership is NO_DATA rather than inferred.,HIGH,5,10.0,15 headings and 24 paragraphs inspected as structural coverage evidence; purpose is practical guide; word count did not award points.,MEDIUM,4,8.0,Visible author/editorial signal NOT_VERIFIED; process reference present; provenance is structured repository content with historical drafting method not fully verified.,MEDIUM,4,4.0,2 extracted citations; 1 Buddhist primary-source links; source section not extracted,MEDIUM,4,4.0,"Phase 1 observed HTTP 200, canonical self, indexable true; current sitemap/robots hashes match Phase 0 and no rendered ad/placeholder surface was observed.",HIGH,2,2.0,0 clicks and 3 impressions in the preserved three-month page export; query×page join unavailable,HIGH,4,4.0,"practical guide assessed for reference, practice, reflection, or repeat navigation utility; family MEDITATION_GUIDE; independent-purpose raw score 3/5.",MEDIUM,74,Evidence-weighted internal Phase 2 score; OWNER_SUPPORT_OVERLAP.,SC_MN118 | ATI_MN118 | NCCIH_MEDITATION,MEDIUM,ND_MEDITATION,INTENT_MEDITATION,DECLARED_SUPPORT,NO_DATA,0,3,LIMITED,OWNER_SUPPORT_OVERLAP,false,,LOW,MODERATE,ADEQUATE,ADEQUATE,ADEQUATE,true,70–84,KEEP_ENHANCE_CANDIDATE,MEDIUM,SCORED,true,false,74,74,Independent challenge found no evidence-based adjustment.,"Internal governance score, not a Google score or final URL disposition."
url_5b79413d7deb7bbd,https://echobuddha.com/meditation/,MEDITATION_HUB,Practice,Mindfulness,navigation/reference,HUB,,3,9.0,navigation/reference; no declared owner relationship; topic cluster contains 31 indexable URLs.,MEDIUM,2,6.0,"No exact Phase 1 body duplicate; exact repeated-block ratio 0.0000, unique-text ratio 1.0000; 0 retained similarity pairs; max lexical 0.0000; max heading 0.0000.",MEDIUM,2,6.0,3 current authoritative benchmarks assigned for Mindfulness; EchoBuddha role is navigation/reference; 2 extracted citations; 1 Buddhist primary-source links; source section not extracted.,MEDIUM,3,9.0,0 retained similarity pairs; max lexical 0.0000; max heading 0.0000; no declared owner relationship; query ownership is NO_DATA rather than inferred.,HIGH,3,6.0,8 headings and 7 paragraphs inspected as structural coverage evidence; purpose is navigation/reference; word count did not award points.,MEDIUM,3,6.0,Visible author/editorial signal NOT_VERIFIED; process reference present; provenance is structured repository content with historical drafting method not fully verified.,MEDIUM,4,4.0,2 extracted citations; 1 Buddhist primary-source links; source section not extracted,MEDIUM,4,4.0,"Phase 1 observed HTTP 200, canonical self, indexable true; current sitemap/robots hashes match Phase 0 and no rendered ad/placeholder surface was observed.",HIGH,3,3.0,0 clicks and 6 impressions in the preserved three-month page export; query×page join unavailable,HIGH,3,3.0,"navigation/reference assessed for reference, practice, reflection, or repeat navigation utility; family MEDITATION_HUB; independent-purpose raw score 3/5.",MEDIUM,56,Evidence-weighted internal Phase 2 score; NAVIGATION_DOMINANT_SURFACE.,SC_MN10 | ATI_DN22 | NHS_MINDFULNESS,MEDIUM,NONE,INTENT_MINDFULNESS,DECLARED_OWNER,NO_DATA,0,6,LIMITED,NAVIGATION_DOMINANT_SURFACE,false,,MODERATE,MODERATE,ADEQUATE,ADEQUATE,ADEQUATE,true,50–69,MAJOR_REVIEW_CANDIDATE,MEDIUM,SCORED,true,false,56,56,Independent challenge found no evidence-based adjustment.,"Internal governance score, not a Google score or final URL disposition."
url_00fe4a54ddd70d7c,https://echobuddha.com/meditation/loving-kindness-meditation/,MEDITATION_GUIDE,Practice,Compassion,practical guide,PRACTICE_GUIDE,https://echobuddha.com/learn/buddhist-dictionary/metta/,3,9.0,practical guide; declared owner(s): https://echobuddha.com/learn/buddhist-dictionary/metta/; topic cluster contains 19 indexable URLs.,MEDIUM,4,12.0,"No exact Phase 1 body duplicate; exact repeated-block ratio 0.2650, unique-text ratio 0.7350; 8 retained similarity pairs; max lexical 0.1923; max heading 0.5556.",MEDIUM,3,9.0,3 current authoritative benchmarks assigned for Compassion; EchoBuddha role is practical guide; 2 extracted citations; 1 Buddhist primary-source links; source section not extracted.,MEDIUM,3,9.0,8 retained similarity pairs; max lexical 0.1923; max heading 0.5556; declared owner(s): https://echobuddha.com/learn/buddhist-dictionary/metta/; query ownership is NO_DATA rather than inferred.,HIGH,5,10.0,15 headings and 24 paragraphs inspected as structural coverage evidence; purpose is practical guide; word count did not award points.,MEDIUM,4,8.0,Visible author/editorial signal NOT_VERIFIED; process reference present; provenance is structured repository content with historical drafting method not fully verified.,MEDIUM,4,4.0,2 extracted citations; 1 Buddhist primary-source links; source section not extracted,MEDIUM,4,4.0,"Phase 1 observed HTTP 200, canonical self, indexable true; current sitemap/robots hashes match Phase 0 and no rendered ad/placeholder surface was observed.",HIGH,2,2.0,0 clicks and 0 impressions in the preserved three-month page export; query×page join unavailable,HIGH,4,4.0,"practical guide assessed for reference, practice, reflection, or repeat navigation utility; family MEDITATION_GUIDE; independent-purpose raw score 3/5.",MEDIUM,71,Evidence-weighted internal Phase 2 score; OWNER_SUPPORT_OVERLAP.,SC_SNP1_8 | ATI_SNP1_8 | DHAMMA_KHP5,MEDIUM,ND_COMPASSION,INTENT_COMPASSION,DECLARED_SUPPORT,NO_DATA,0,0,LOW,OWNER_SUPPORT_OVERLAP,false,,LOW,MODERATE,ADEQUATE,ADEQUATE,ADEQUATE,true,70–84,KEEP_ENHANCE_CANDIDATE,MEDIUM,SCORED,true,false,71,71,Independent challenge found no evidence-based adjustment.,"Internal governance score, not a Google score or final URL disposition."
url_8e5661a2bfbc4052,https://echobuddha.com/meditation/meditation-for-beginners/,MEDITATION_GUIDE,Practice,Meditation,practical guide,PRACTICE_GUIDE,https://echobuddha.com/meditation/,4,12.0,practical guide; declared owner(s): https://echobuddha.com/meditation/; topic cluster contains 17 indexable URLs.,MEDIUM,3,9.0,"No exact Phase 1 body duplicate; exact repeated-block ratio 0.3918, unique-text ratio 0.6082; 8 retained similarity pairs; max lexical 0.2707; max heading 0.6875.",MEDIUM,3,9.0,3 current authoritative benchmarks assigned for Meditation; EchoBuddha role is practical guide; 1 extracted citations; 1 Buddhist primary-source links; source section not extracted.,MEDIUM,3,9.0,8 retained similarity pairs; max lexical 0.2707; max heading 0.6875; declared owner(s): https://echobuddha.com/meditation/; query ownership is NO_DATA rather than inferred.,HIGH,5,10.0,14 headings and 20 paragraphs inspected as structural coverage evidence; purpose is practical guide; word count did not award points.,MEDIUM,3,6.0,Visible author/editorial signal NOT_VERIFIED; process reference present; provenance is structured repository content with historical drafting method not fully verified.,MEDIUM,4,4.0,1 extracted citations; 1 Buddhist primary-source links; source section not extracted,MEDIUM,4,4.0,"Phase 1 observed HTTP 200, canonical self, indexable true; current sitemap/robots hashes match Phase 0 and no rendered ad/placeholder surface was observed.",HIGH,2,2.0,0 clicks and 2 impressions in the preserved three-month page export; query×page join unavailable,HIGH,4,4.0,"practical guide assessed for reference, practice, reflection, or repeat navigation utility; family MEDITATION_GUIDE; independent-purpose raw score 4/5.",MEDIUM,69,Evidence-weighted internal Phase 2 score; INTERNAL_DUPLICATION_RISK | OWNER_SUPPORT_OVERLAP | BOILERPLATE_DOMINANT | LOW_UNIQUE_TEXT_RATIO.,SC_MN118 | ATI_MN118 | NCCIH_MEDITATION,MEDIUM,ND_MEDITATION,INTENT_MEDITATION,DECLARED_SUPPORT,NO_DATA,0,2,LIMITED,INTERNAL_DUPLICATION_RISK | OWNER_SUPPORT_OVERLAP | BOILERPLATE_DOMINANT | LOW_UNIQUE_TEXT_RATIO,false,,HIGH,STRONG,ADEQUATE,ADEQUATE,STRONG,true,50–69,MAJOR_REVIEW_CANDIDATE,MEDIUM,SCORED,true,false,69,69,Independent challenge found no evidence-based adjustment.,"Internal governance score, not a Google score or final URL disposition."
url_0487d0b703ae3842,https://echobuddha.com/meditation/meditation-posture-for-beginners/,MEDITATION_GUIDE,Practice,Meditation,practical guide,PRACTICE_GUIDE,https://echobuddha.com/meditation/,5,15.0,practical guide; declared owner(s): https://echobuddha.com/meditation/; topic cluster contains 17 indexable URLs.,MEDIUM,3,9.0,"No exact Phase 1 body duplicate; exact repeated-block ratio 0.3901, unique-text ratio 0.6099; 8 retained similarity pairs; max lexical 0.2311; max heading 0.5000.",MEDIUM,4,12.0,3 current authoritative benchmarks assigned for Meditation; EchoBuddha role is practical guide; 2 extracted citations; 1 Buddhist primary-source links; source section not extracted.,MEDIUM,3,9.0,8 retained similarity pairs; max lexical 0.2311; max heading 0.5000; declared owner(s): https://echobuddha.com/meditation/; query ownership is NO_DATA rather than inferred.,HIGH,5,10.0,11 headings and 19 paragraphs inspected as structural coverage evidence; purpose is practical guide; word count did not award points.,MEDIUM,3,6.0,Visible author/editorial signal NOT_VERIFIED; process reference present; provenance is structured repository content with historical drafting method not fully verified.,MEDIUM,4,4.0,2 extracted citations; 1 Buddhist primary-source links; source section not extracted,MEDIUM,4,4.0,"Phase 1 observed HTTP 200, canonical self, indexable true; current sitemap/robots hashes match Phase 0 and no rendered ad/placeholder surface was observed.",HIGH,2,2.0,0 clicks and 1 impressions in the preserved three-month page export; query×page join unavailable,HIGH,5,5.0,"practical guide assessed for reference, practice, reflection, or repeat navigation utility; family MEDITATION_GUIDE; independent-purpose raw score 5/5.",MEDIUM,76,Evidence-weighted internal Phase 2 score; INTERNAL_DUPLICATION_RISK | OWNER_SUPPORT_OVERLAP | BOILERPLATE_DOMINANT | LOW_UNIQUE_TEXT_RATIO.,SC_MN118 | ATI_MN118 | NCCIH_MEDITATION,MEDIUM,ND_MEDITATION,INTENT_MEDITATION,DECLARED_SUPPORT,NO_DATA,0,1,LIMITED,INTERNAL_DUPLICATION_RISK | OWNER_SUPPORT_OVERLAP | BOILERPLATE_DOMINANT | LOW_UNIQUE_TEXT_RATIO,false,,HIGH,STRONG,ADEQUATE,ADEQUATE,STRONG,true,70–84,KEEP_ENHANCE_CANDIDATE,MEDIUM,SCORED,true,false,76,76,Independent challenge found no evidence-based adjustment.,"Internal governance score, not a Google score or final URL disposition."
url_b47960ed4b4ba147,https://echobuddha.com/meditation/mindfulness-in-daily-life/,MEDITATION_GUIDE,Practice,Mindfulness,practical guide,PRACTICE_GUIDE,https://echobuddha.com/learn/buddhism-101/what-is-mindfulness/,4,12.0,practical guide; declared owner(s): https://echobuddha.com/learn/buddhism-101/what-is-mindfulness/; topic cluster contains 31 indexable URLs.,MEDIUM,3,9.0,"No exact Phase 1 body duplicate; exact repeated-block ratio 0.5103, unique-text ratio 0.4897; 8 retained similarity pairs; max lexical 0.2504; max heading 0.8000.",MEDIUM,4,12.0,3 current authoritative benchmarks assigned for Mindfulness; EchoBuddha role is practical guide; 1 extracted citations; 1 Buddhist primary-source links; source section not extracted.,MEDIUM,2,6.0,8 retained similarity pairs; max lexical 0.2504; max heading 0.8000; declared owner(s): https://echobuddha.com/learn/buddhism-101/what-is-mindfulness/; query ownership is NO_DATA rather than inferred.,HIGH,5,10.0,14 headings and 18 paragraphs inspected as structural coverage evidence; purpose is practical guide; word count did not award points.,MEDIUM,3,6.0,Visible author/editorial signal NOT_VERIFIED; process reference present; provenance is structured repository content with historical drafting method not fully verified.,MEDIUM,4,4.0,1 extracted citations; 1 Buddhist primary-source links; source section not extracted,MEDIUM,4,4.0,"Phase 1 observed HTTP 200, canonical self, indexable true; current sitemap/robots hashes match Phase 0 and no rendered ad/placeholder surface was observed.",HIGH,2,2.0,0 clicks and 1 impressions in the preserved three-month page export; query×page join unavailable,HIGH,5,5.0,"practical guide assessed for reference, practice, reflection, or repeat navigation utility; family MEDITATION_GUIDE; independent-purpose raw score 4/5.",MEDIUM,70,Evidence-weighted internal Phase 2 score; INTERNAL_DUPLICATION_RISK | OWNER_SUPPORT_OVERLAP | BOILERPLATE_DOMINANT | LOW_UNIQUE_TEXT_RATIO.,SC_MN10 | ATI_DN22 | NHS_MINDFULNESS,MEDIUM,ND_MINDFULNESS,INTENT_MINDFULNESS,DECLARED_SUPPORT,NO_DATA,0,1,LIMITED,INTERNAL_DUPLICATION_RISK | OWNER_SUPPORT_OVERLAP | BOILERPLATE_DOMINANT | LOW_UNIQUE_TEXT_RATIO,false,,HIGH,STRONG,ADEQUATE,ADEQUATE,STRONG,true,70–84,KEEP_ENHANCE_CANDIDATE,MEDIUM,SCORED,true,false,70,70,Independent challenge found no evidence-based adjustment.,"Internal governance score, not a Google score or final URL disposition."
url_f6b7398714b5d6e4,https://echobuddha.com/meditation/walking-meditation/,MEDITATION_GUIDE,Practice,Meditation,practical guide,PRACTICE_GUIDE,,5,15.0,practical guide; no declared owner relationship; topic cluster contains 17 indexable URLs.,MEDIUM,4,12.0,"No exact Phase 1 body duplicate; exact repeated-block ratio 0.2867, unique-text ratio 0.7133; 8 retained similarity pairs; max lexical 0.1914; max heading 0.5556.",MEDIUM,4,12.0,3 current authoritative benchmarks assigned for Meditation; EchoBuddha role is practical guide; 2 extracted citations; 1 Buddhist primary-source links; source section not extracted.,MEDIUM,4,12.0,8 retained similarity pairs; max lexical 0.1914; max heading 0.5556; no declared owner relationship; query ownership is NO_DATA rather than inferred.,HIGH,5,10.0,15 headings and 22 paragraphs inspected as structural coverage evidence; purpose is practical guide; word count did not award points.,MEDIUM,4,8.0,Visible author/editorial signal NOT_VERIFIED; process reference present; provenance is structured repository content with historical drafting method not fully verified.,MEDIUM,4,4.0,2 extracted citations; 1 Buddhist primary-source links; source section not extracted,MEDIUM,4,4.0,"Phase 1 observed HTTP 200, canonical self, indexable true; current sitemap/robots hashes match Phase 0 and no rendered ad/placeholder surface was observed.",HIGH,2,2.0,0 clicks and 0 impressions in the preserved three-month page export; query×page join unavailable,HIGH,5,5.0,"practical guide assessed for reference, practice, reflection, or repeat navigation utility; family MEDITATION_GUIDE; independent-purpose raw score 5/5.",MEDIUM,84,Evidence-weighted internal Phase 2 score; no material policy-risk flag.,SC_MN118 | ATI_MN118 | NCCIH_MEDITATION,MEDIUM,ND_MEDITATION,INTENT_MEDITATION,DECLARED_OWNER,NO_DATA,0,0,LOW,NONE_OBSERVED,false,,LOW,STRONG,ADEQUATE,ADEQUATE,STRONG,true,70–84,KEEP_ENHANCE_CANDIDATE,MEDIUM,SCORED,true,false,84,84,Independent challenge found no evidence-based adjustment.,"Internal governance score, not a Google score or final URL disposition."
url_e702cc750010bf51,https://echobuddha.com/meditation/when-meditation-feels-hard/,MEDITATION_GUIDE,Practice,Meditation,practical guide,PRACTICE_GUIDE,https://echobuddha.com/meditation/,5,15.0,practical guide; declared owner(s): https://echobuddha.com/meditation/; topic cluster contains 17 indexable URLs.,MEDIUM,4,12.0,"No exact Phase 1 body duplicate; exact repeated-block ratio 0.2971, unique-text ratio 0.7029; 8 retained similarity pairs; max lexical 0.2074; max heading 0.4667.",MEDIUM,4,12.0,3 current authoritative benchmarks assigned for Meditation; EchoBuddha role is practical guide; 3 extracted citations; 1 Buddhist primary-source links; source section not extracted.,MEDIUM,3,9.0,8 retained similarity pairs; max lexical 0.2074; max heading 0.4667; declared owner(s): https://echobuddha.com/meditation/; query ownership is NO_DATA rather than inferred.,HIGH,5,10.0,12 headings and 21 paragraphs inspected as structural coverage evidence; purpose is practical guide; word count did not award points.,MEDIUM,4,8.0,Visible author/editorial signal NOT_VERIFIED; process reference present; provenance is structured repository content with historical drafting method not fully verified.,MEDIUM,4,4.0,3 extracted citations; 1 Buddhist primary-source links; source section not extracted,MEDIUM,4,4.0,"Phase 1 observed HTTP 200, canonical self, indexable true; current sitemap/robots hashes match Phase 0 and no rendered ad/placeholder surface was observed.",HIGH,2,2.0,0 clicks and 1 impressions in the preserved three-month page export; query×page join unavailable,HIGH,5,5.0,"practical guide assessed for reference, practice, reflection, or repeat navigation utility; family MEDITATION_GUIDE; independent-purpose raw score 5/5.",MEDIUM,81,Evidence-weighted internal Phase 2 score; INTERNAL_DUPLICATION_RISK | OWNER_SUPPORT_OVERLAP.,SC_MN118 | ATI_MN118 | NCCIH_MEDITATION,MEDIUM,ND_MEDITATION,INTENT_MEDITATION,DECLARED_SUPPORT,NO_DATA,0,1,LIMITED,INTERNAL_DUPLICATION_RISK | OWNER_SUPPORT_OVERLAP,false,,LOW,STRONG,ADEQUATE,ADEQUATE,STRONG,true,70–84,KEEP_ENHANCE_CANDIDATE,MEDIUM,SCORED,true,false,81,81,Independent challenge found no evidence-based adjustment.,"Internal governance score, not a Google score or final URL disposition."
url_771e0899bcb0106b,https://echobuddha.com/meditation-guide/,MEDITATION_GUIDE,Practice,Meditation,practical guide,PRACTICE_GUIDE,https://echobuddha.com/meditation/,4,12.0,practical guide; declared owner(s): https://echobuddha.com/meditation/; topic cluster contains 17 indexable URLs.,HIGH,5,15.0,"No exact Phase 1 body duplicate; exact repeated-block ratio 0.0000, unique-text ratio 1.0000; 0 retained similarity pairs; max lexical 0.0000; max heading 0.0000.",HIGH,3,9.0,3 current authoritative benchmarks assigned for Meditation; EchoBuddha role is practical guide; 3 extracted citations; 1 Buddhist primary-source links; source section present.,MEDIUM,4,12.0,0 retained similarity pairs; max lexical 0.0000; max heading 0.0000; declared owner(s): https://echobuddha.com/meditation/; query ownership is NO_DATA rather than inferred.,HIGH,5,10.0,23 headings and 35 paragraphs inspected as structural coverage evidence; purpose is practical guide; word count did not award points.,HIGH,4,8.0,Visible author/editorial signal NOT_VERIFIED; process reference present; provenance is structured repository content with historical drafting method not fully verified.,HIGH,5,5.0,3 extracted citations; 1 Buddhist primary-source links; source section present,HIGH,4,4.0,"Phase 1 observed HTTP 200, canonical self, indexable true; current sitemap/robots hashes match Phase 0 and no rendered ad/placeholder surface was observed.",HIGH,4,4.0,0 clicks and 21 impressions in the preserved three-month page export; query×page join unavailable,HIGH,4,4.0,"practical guide assessed for reference, practice, reflection, or repeat navigation utility; family MEDITATION_GUIDE; independent-purpose raw score 4/5.",HIGH,83,Evidence-weighted internal Phase 2 score; OWNER_SUPPORT_OVERLAP.,SC_MN118 | ATI_MN118 | NCCIH_MEDITATION,MEDIUM,NONE,INTENT_MEDITATION,DECLARED_SUPPORT,NO_DATA,0,21,MODERATE,OWNER_SUPPORT_OVERLAP,false,,LOW,STRONG,ADEQUATE,ADEQUATE,STRONG,true,70–84,KEEP_ENHANCE_CANDIDATE,HIGH,SCORED,true,false,83,83,Independent challenge found no evidence-based adjustment.,"Internal governance score, not a Google score or final URL disposition."
url_d64be2304c014a08,https://echobuddha.com/mindful-living/,TOPIC_HUB,Hubs,Mindfulness,navigation/reference,HUB,,3,9.0,navigation/reference; no declared owner relationship; topic cluster contains 31 indexable URLs.,MEDIUM,1,3.0,"No exact Phase 1 body duplicate; exact repeated-block ratio 0.5402, unique-text ratio 0.4598; 0 retained similarity pairs; max lexical 0.0000; max heading 0.0000.",MEDIUM,2,6.0,3 current authoritative benchmarks assigned for Mindfulness; EchoBuddha role is navigation/reference; 0 extracted citations; 0 Buddhist primary-source links; source section not extracted.,MEDIUM,3,9.0,0 retained similarity pairs; max lexical 0.0000; max heading 0.0000; no declared owner relationship; query ownership is NO_DATA rather than inferred.,HIGH,3,6.0,16 headings and 36 paragraphs inspected as structural coverage evidence; purpose is navigation/reference; word count did not award points.,MEDIUM,2,4.0,Visible author/editorial signal NOT_VERIFIED; process reference present; provenance is structured repository content with historical drafting method not fully verified.,MEDIUM,3,3.0,0 extracted citations; 0 Buddhist primary-source links; source section not extracted,MEDIUM,4,4.0,"Phase 1 observed HTTP 200, canonical self, indexable true; current sitemap/robots hashes match Phase 0 and no rendered ad/placeholder surface was observed.",HIGH,3,3.0,0 clicks and 11 impressions in the preserved three-month page export; query×page join unavailable,HIGH,3,3.0,"navigation/reference assessed for reference, practice, reflection, or repeat navigation utility; family TOPIC_HUB; independent-purpose raw score 3/5.",MEDIUM,50,Evidence-weighted internal Phase 2 score; NAVIGATION_DOMINANT_SURFACE | BOILERPLATE_DOMINANT | LOW_UNIQUE_TEXT_RATIO.,SC_MN10 | ATI_DN22 | NHS_MINDFULNESS,MEDIUM,NONE,INTENT_MINDFULNESS,NONE_VERIFIED,NO_DATA,0,11,LIMITED,NAVIGATION_DOMINANT_SURFACE | BOILERPLATE_DOMINANT | LOW_UNIQUE_TEXT_RATIO,false,,MODERATE,MODERATE,ADEQUATE,ADEQUATE,ADEQUATE,true,50–69,MAJOR_REVIEW_CANDIDATE,MEDIUM,SCORED,true,false,50,50,Independent challenge found no evidence-based adjustment.,"Internal governance score, not a Google score or final URL disposition."
url_5ffc9814d0919e57,https://echobuddha.com/quotes/awareness/acceptance-before-next-step/,QUOTE_STORY,Quote Stories,Mindfulness,quote/reflection,QUOTE_REFLECTION,https://echobuddha.com/quotes/,2,6.0,quote/reflection; declared owner(s): https://echobuddha.com/quotes/; topic cluster contains 31 indexable URLs.,LOW,3,9.0,"No exact Phase 1 body duplicate; exact repeated-block ratio 0.2914, unique-text ratio 0.7086; 42 retained similarity pairs; max lexical 0.3330; max heading 0.8889.",LOW,2,6.0,3 current authoritative benchmarks assigned for Mindfulness; EchoBuddha role is quote/reflection; 0 extracted citations; 0 Buddhist primary-source links; source section present.,MEDIUM,0,0.0,42 retained similarity pairs; max lexical 0.3330; max heading 0.8889; declared owner(s): https://echobuddha.com/quotes/; query ownership is NO_DATA rather than inferred.,HIGH,4,8.0,17 headings and 18 paragraphs inspected as structural coverage evidence; purpose is quote/reflection; word count did not award points.,LOW,1,2.0,Visible author/editorial signal Echo Buddha Editorial; process reference present; provenance is structured repository content with historical drafting method not fully verified.,LOW,3,3.0,0 extracted citations; 0 Buddhist primary-source links; source section present,LOW,4,4.0,"Phase 1 observed HTTP 200, canonical self, indexable true; current sitemap/robots hashes match Phase 0 and no rendered ad/placeholder surface was observed.",HIGH,2,2.0,0 clicks and 0 impressions in the preserved three-month page export; query×page join unavailable,HIGH,3,3.0,"quote/reflection assessed for reference, practice, reflection, or repeat navigation utility; family QUOTE_STORY; independent-purpose raw score 2/5.",LOW,43,Evidence-weighted internal Phase 2 score; LOW_VALUE_INVENTORY_RISK | REPLICATED_CONTENT_RISK | INTERNAL_DUPLICATION_RISK | SCALED_CONTENT_PATTERN_REVIEW | OWNER_SUPPORT_OVERLAP | WEAK_INDEPENDENT_PURPOSE.,SC_MN10 | ATI_DN22 | NHS_MINDFULNESS,NOT_VERIFIED,ND_MINDFULNESS,INTENT_MINDFULNESS,DECLARED_SUPPORT,NO_DATA,0,0,LOW,LOW_VALUE_INVENTORY_RISK | REPLICATED_CONTENT_RISK | INTERNAL_DUPLICATION_RISK | SCALED_CONTENT_PATTERN_REVIEW | OWNER_SUPPORT_OVERLAP | WEAK_INDEPENDENT_PURPOSE,false,,VERY_HIGH,WEAK,ADEQUATE,ADEQUATE,WEAK,true,30–49,CONSOLIDATION_INDEXATION_REVIEW_CANDIDATE,LOW,SCORED,true,false,40,43,Challenged score depression: high page-specific text ratio supports one originality point.,"Internal governance score, not a Google score or final URL disposition."
url_3be4adda00d8f129,https://echobuddha.com/quotes/awareness/feelings-without-the-wheel/,QUOTE_STORY,Quote Stories,Mindfulness,quote/reflection,QUOTE_REFLECTION,https://echobuddha.com/quotes/,2,6.0,quote/reflection; declared owner(s): https://echobuddha.com/quotes/; topic cluster contains 31 indexable URLs.,LOW,3,9.0,"No exact Phase 1 body duplicate; exact repeated-block ratio 0.2998, unique-text ratio 0.7002; 42 retained similarity pairs; max lexical 0.3333; max heading 0.8889.",LOW,2,6.0,3 current authoritative benchmarks assigned for Mindfulness; EchoBuddha role is quote/reflection; 0 extracted citations; 0 Buddhist primary-source links; source section present.,MEDIUM,0,0.0,42 retained similarity pairs; max lexical 0.3333; max heading 0.8889; declared owner(s): https://echobuddha.com/quotes/; query ownership is NO_DATA rather than inferred.,HIGH,4,8.0,17 headings and 18 paragraphs inspected as structural coverage evidence; purpose is quote/reflection; word count did not award points.,LOW,1,2.0,Visible author/editorial signal Echo Buddha Editorial; process reference present; provenance is structured repository content with historical drafting method not fully verified.,LOW,3,3.0,0 extracted citations; 0 Buddhist primary-source links; source section present,LOW,4,4.0,"Phase 1 observed HTTP 200, canonical self, indexable true; current sitemap/robots hashes match Phase 0 and no rendered ad/placeholder surface was observed.",HIGH,2,2.0,0 clicks and 1 impressions in the preserved three-month page export; query×page join unavailable,HIGH,3,3.0,"quote/reflection assessed for reference, practice, reflection, or repeat navigation utility; family QUOTE_STORY; independent-purpose raw score 2/5.",LOW,43,Evidence-weighted internal Phase 2 score; LOW_VALUE_INVENTORY_RISK | REPLICATED_CONTENT_RISK | INTERNAL_DUPLICATION_RISK | SCALED_CONTENT_PATTERN_REVIEW | OWNER_SUPPORT_OVERLAP | WEAK_INDEPENDENT_PURPOSE.,SC_MN10 | ATI_DN22 | NHS_MINDFULNESS,NOT_VERIFIED,ND_MINDFULNESS,INTENT_MINDFULNESS,DECLARED_SUPPORT,NO_DATA,0,1,LIMITED,LOW_VALUE_INVENTORY_RISK | REPLICATED_CONTENT_RISK | INTERNAL_DUPLICATION_RISK | SCALED_CONTENT_PATTERN_REVIEW | OWNER_SUPPORT_OVERLAP | WEAK_INDEPENDENT_PURPOSE,false,,VERY_HIGH,WEAK,ADEQUATE,ADEQUATE,WEAK,true,30–49,CONSOLIDATION_INDEXATION_REVIEW_CANDIDATE,LOW,SCORED,true,false,40,43,Challenged score depression: high page-specific text ratio supports one originality point.,"Internal governance score, not a Google score or final URL disposition."
url_2beae77c53060d08,https://echobuddha.com/quotes/awareness/,QUOTE_CATEGORY,Quotes,Mindfulness,navigation/reference,CATEGORY,https://echobuddha.com/quotes/,3,9.0,navigation/reference; declared owner(s): https://echobuddha.com/quotes/; topic cluster contains 31 indexable URLs.,MEDIUM,1,3.0,"No exact Phase 1 body duplicate; exact repeated-block ratio 0.9429, unique-text ratio 0.0571; 0 retained similarity pairs; max lexical 0.0000; max heading 0.0000.",MEDIUM,2,6.0,3 current authoritative benchmarks assigned for Mindfulness; EchoBuddha role is navigation/reference; 0 extracted citations; 0 Buddhist primary-source links; source section not extracted.,MEDIUM,3,9.0,0 retained similarity pairs; max lexical 0.0000; max heading 0.0000; declared owner(s): https://echobuddha.com/quotes/; query ownership is NO_DATA rather than inferred.,HIGH,3,6.0,7 headings and 10 paragraphs inspected as structural coverage evidence; purpose is navigation/reference; word count did not award points.,MEDIUM,2,4.0,Visible author/editorial signal Echo Buddha Editorial; process reference present; provenance is structured repository content with historical drafting method not fully verified.,MEDIUM,3,3.0,0 extracted citations; 0 Buddhist primary-source links; source section not extracted,MEDIUM,4,4.0,"Phase 1 observed HTTP 200, canonical self, indexable true; current sitemap/robots hashes match Phase 0 and no rendered ad/placeholder surface was observed.",HIGH,4,4.0,0 clicks and 20 impressions in the preserved three-month page export; query×page join unavailable,HIGH,3,3.0,"navigation/reference assessed for reference, practice, reflection, or repeat navigation utility; family QUOTE_CATEGORY; independent-purpose raw score 3/5.",MEDIUM,51,Evidence-weighted internal Phase 2 score; NAVIGATION_DOMINANT_SURFACE | OWNER_SUPPORT_OVERLAP | BOILERPLATE_DOMINANT | LOW_UNIQUE_TEXT_RATIO.,SC_MN10 | ATI_DN22 | NHS_MINDFULNESS,MEDIUM,NONE,INTENT_MINDFULNESS,DECLARED_SUPPORT,NO_DATA,0,20,MODERATE,NAVIGATION_DOMINANT_SURFACE | OWNER_SUPPORT_OVERLAP | BOILERPLATE_DOMINANT | LOW_UNIQUE_TEXT_RATIO,false,,MODERATE,MODERATE,ADEQUATE,ADEQUATE,ADEQUATE,true,50–69,MAJOR_REVIEW_CANDIDATE,MEDIUM,SCORED,true,false,51,51,Independent challenge found no evidence-based adjustment.,"Internal governance score, not a Google score or final URL disposition."
url_eae043dca8b9cdda,https://echobuddha.com/quotes/awareness/one-breath-before-anger-replies/,QUOTE_STORY,Quote Stories,Mindfulness,quote/reflection,QUOTE_REFLECTION,https://echobuddha.com/quotes/,2,6.0,quote/reflection; declared owner(s): https://echobuddha.com/quotes/; topic cluster contains 31 indexable URLs.,LOW,3,9.0,"No exact Phase 1 body duplicate; exact repeated-block ratio 0.2925, unique-text ratio 0.7075; 42 retained similarity pairs; max lexical 0.3348; max heading 0.8889.",LOW,2,6.0,3 current authoritative benchmarks assigned for Mindfulness; EchoBuddha role is quote/reflection; 0 extracted citations; 0 Buddhist primary-source links; source section present.,MEDIUM,0,0.0,42 retained similarity pairs; max lexical 0.3348; max heading 0.8889; declared owner(s): https://echobuddha.com/quotes/; query ownership is NO_DATA rather than inferred.,HIGH,4,8.0,17 headings and 18 paragraphs inspected as structural coverage evidence; purpose is quote/reflection; word count did not award points.,LOW,1,2.0,Visible author/editorial signal Echo Buddha Editorial; process reference present; provenance is structured repository content with historical drafting method not fully verified.,LOW,3,3.0,0 extracted citations; 0 Buddhist primary-source links; source section present,LOW,4,4.0,"Phase 1 observed HTTP 200, canonical self, indexable true; current sitemap/robots hashes match Phase 0 and no rendered ad/placeholder surface was observed.",HIGH,2,2.0,0 clicks and 0 impressions in the preserved three-month page export; query×page join unavailable,HIGH,3,3.0,"quote/reflection assessed for reference, practice, reflection, or repeat navigation utility; family QUOTE_STORY; independent-purpose raw score 2/5.",LOW,43,Evidence-weighted internal Phase 2 score; LOW_VALUE_INVENTORY_RISK | REPLICATED_CONTENT_RISK | INTERNAL_DUPLICATION_RISK | SCALED_CONTENT_PATTERN_REVIEW | OWNER_SUPPORT_OVERLAP | WEAK_INDEPENDENT_PURPOSE.,SC_MN10 | ATI_DN22 | NHS_MINDFULNESS,NOT_VERIFIED,ND_MINDFULNESS,INTENT_MINDFULNESS,DECLARED_SUPPORT,NO_DATA,0,0,LOW,LOW_VALUE_INVENTORY_RISK | REPLICATED_CONTENT_RISK | INTERNAL_DUPLICATION_RISK | SCALED_CONTENT_PATTERN_REVIEW | OWNER_SUPPORT_OVERLAP | WEAK_INDEPENDENT_PURPOSE,false,,VERY_HIGH,WEAK,ADEQUATE,ADEQUATE,WEAK,true,30–49,CONSOLIDATION_INDEXATION_REVIEW_CANDIDATE,LOW,SCORED,true,false,40,43,Challenged score depression: high page-specific text ratio supports one originality point.,"Internal governance score, not a Google score or final URL disposition."
url_92195e2d0ac9b763,https://echobuddha.com/quotes/awareness/thoughts-are-visitors/,QUOTE_STORY,Quote Stories,Mindfulness,quote/reflection,QUOTE_REFLECTION,https://echobuddha.com/quotes/,2,6.0,quote/reflection; declared owner(s): https://echobuddha.com/quotes/; topic cluster contains 31 indexable URLs.,LOW,3,9.0,"No exact Phase 1 body duplicate; exact repeated-block ratio 0.2857, unique-text ratio 0.7143; 42 retained similarity pairs; max lexical 0.3348; max heading 0.8889.",LOW,2,6.0,3 current authoritative benchmarks assigned for Mindfulness; EchoBuddha role is quote/reflection; 0 extracted citations; 0 Buddhist primary-source links; source section present.,MEDIUM,0,0.0,42 retained similarity pairs; max lexical 0.3348; max heading 0.8889; declared owner(s): https://echobuddha.com/quotes/; query ownership is NO_DATA rather than inferred.,HIGH,4,8.0,17 headings and 18 paragraphs inspected as structural coverage evidence; purpose is quote/reflection; word count did not award points.,LOW,1,2.0,Visible author/editorial signal Echo Buddha Editorial; process reference present; provenance is structured repository content with historical drafting method not fully verified.,LOW,3,3.0,0 extracted citations; 0 Buddhist primary-source links; source section present,LOW,4,4.0,"Phase 1 observed HTTP 200, canonical self, indexable true; current sitemap/robots hashes match Phase 0 and no rendered ad/placeholder surface was observed.",HIGH,2,2.0,0 clicks and 1 impressions in the preserved three-month page export; query×page join unavailable,HIGH,3,3.0,"quote/reflection assessed for reference, practice, reflection, or repeat navigation utility; family QUOTE_STORY; independent-purpose raw score 2/5.",LOW,43,Evidence-weighted internal Phase 2 score; LOW_VALUE_INVENTORY_RISK | REPLICATED_CONTENT_RISK | INTERNAL_DUPLICATION_RISK | SCALED_CONTENT_PATTERN_REVIEW | OWNER_SUPPORT_OVERLAP | WEAK_INDEPENDENT_PURPOSE.,SC_MN10 | ATI_DN22 | NHS_MINDFULNESS,NOT_VERIFIED,ND_MINDFULNESS,INTENT_MINDFULNESS,DECLARED_SUPPORT,NO_DATA,0,1,LIMITED,LOW_VALUE_INVENTORY_RISK | REPLICATED_CONTENT_RISK | INTERNAL_DUPLICATION_RISK | SCALED_CONTENT_PATTERN_REVIEW | OWNER_SUPPORT_OVERLAP | WEAK_INDEPENDENT_PURPOSE,false,,VERY_HIGH,WEAK,ADEQUATE,ADEQUATE,WEAK,true,30–49,CONSOLIDATION_INDEXATION_REVIEW_CANDIDATE,LOW,SCORED,true,false,40,43,Challenged score depression: high page-specific text ratio supports one originality point.,"Internal governance score, not a Google score or final URL disposition."
url_f4a2fe615ef2931b,https://echobuddha.com/quotes/awareness/thoughts-pass-without-commanding-you/,QUOTE_STORY,Quote Stories,Mindfulness,quote/reflection,QUOTE_REFLECTION,https://echobuddha.com/quotes/,2,6.0,quote/reflection; declared owner(s): https://echobuddha.com/quotes/; topic cluster contains 31 indexable URLs.,LOW,3,9.0,"No exact Phase 1 body duplicate; exact repeated-block ratio 0.2729, unique-text ratio 0.7271; 42 retained similarity pairs; max lexical 0.3187; max heading 0.8889.",LOW,2,6.0,3 current authoritative benchmarks assigned for Mindfulness; EchoBuddha role is quote/reflection; 0 extracted citations; 0 Buddhist primary-source links; source section present.,MEDIUM,0,0.0,42 retained similarity pairs; max lexical 0.3187; max heading 0.8889; declared owner(s): https://echobuddha.com/quotes/; query ownership is NO_DATA rather than inferred.,HIGH,4,8.0,17 headings and 18 paragraphs inspected as structural coverage evidence; purpose is quote/reflection; word count did not award points.,LOW,1,2.0,Visible author/editorial signal Echo Buddha Editorial; process reference present; provenance is structured repository content with historical drafting method not fully verified.,LOW,3,3.0,0 extracted citations; 0 Buddhist primary-source links; source section present,LOW,4,4.0,"Phase 1 observed HTTP 200, canonical self, indexable true; current sitemap/robots hashes match Phase 0 and no rendered ad/placeholder surface was observed.",HIGH,2,2.0,0 clicks and 0 impressions in the preserved three-month page export; query×page join unavailable,HIGH,3,3.0,"quote/reflection assessed for reference, practice, reflection, or repeat navigation utility; family QUOTE_STORY; independent-purpose raw score 2/5.",LOW,43,Evidence-weighted internal Phase 2 score; LOW_VALUE_INVENTORY_RISK | REPLICATED_CONTENT_RISK | INTERNAL_DUPLICATION_RISK | SCALED_CONTENT_PATTERN_REVIEW | OWNER_SUPPORT_OVERLAP | WEAK_INDEPENDENT_PURPOSE.,SC_MN10 | ATI_DN22 | NHS_MINDFULNESS,NOT_VERIFIED,ND_MINDFULNESS,INTENT_MINDFULNESS,DECLARED_SUPPORT,NO_DATA,0,0,LOW,LOW_VALUE_INVENTORY_RISK | REPLICATED_CONTENT_RISK | INTERNAL_DUPLICATION_RISK | SCALED_CONTENT_PATTERN_REVIEW | OWNER_SUPPORT_OVERLAP | WEAK_INDEPENDENT_PURPOSE,false,,VERY_HIGH,WEAK,ADEQUATE,ADEQUATE,WEAK,true,30–49,CONSOLIDATION_INDEXATION_REVIEW_CANDIDATE,LOW,SCORED,true,false,40,43,Challenged score depression: high page-specific text ratio supports one originality point.,"Internal governance score, not a Google score or final URL disposition."
url_014bcbc46efb1932,https://echobuddha.com/quotes/compassion/compassion-sees-pain-clearly/,QUOTE_STORY,Quote Stories,Compassion,quote/reflection,QUOTE_REFLECTION,https://echobuddha.com/quotes/,2,6.0,quote/reflection; declared owner(s): https://echobuddha.com/quotes/; topic cluster contains 19 indexable URLs.,LOW,3,9.0,"No exact Phase 1 body duplicate; exact repeated-block ratio 0.2731, unique-text ratio 0.7269; 42 retained similarity pairs; max lexical 0.3146; max heading 0.8889.",LOW,2,6.0,3 current authoritative benchmarks assigned for Compassion; EchoBuddha role is quote/reflection; 0 extracted citations; 0 Buddhist primary-source links; source section present.,MEDIUM,0,0.0,42 retained similarity pairs; max lexical 0.3146; max heading 0.8889; declared owner(s): https://echobuddha.com/quotes/; query ownership is NO_DATA rather than inferred.,HIGH,4,8.0,17 headings and 18 paragraphs inspected as structural coverage evidence; purpose is quote/reflection; word count did not award points.,LOW,1,2.0,Visible author/editorial signal Echo Buddha Editorial; process reference present; provenance is structured repository content with historical drafting method not fully verified.,LOW,3,3.0,0 extracted citations; 0 Buddhist primary-source links; source section present,LOW,4,4.0,"Phase 1 observed HTTP 200, canonical self, indexable true; current sitemap/robots hashes match Phase 0 and no rendered ad/placeholder surface was observed.",HIGH,2,2.0,0 clicks and 0 impressions in the preserved three-month page export; query×page join unavailable,HIGH,3,3.0,"quote/reflection assessed for reference, practice, reflection, or repeat navigation utility; family QUOTE_STORY; independent-purpose raw score 2/5.",LOW,43,Evidence-weighted internal Phase 2 score; LOW_VALUE_INVENTORY_RISK | REPLICATED_CONTENT_RISK | INTERNAL_DUPLICATION_RISK | SCALED_CONTENT_PATTERN_REVIEW | OWNER_SUPPORT_OVERLAP | WEAK_INDEPENDENT_PURPOSE.,SC_SNP1_8 | ATI_SNP1_8 | DHAMMA_KHP5,NOT_VERIFIED,ND_COMPASSION,INTENT_COMPASSION,DECLARED_SUPPORT,NO_DATA,0,0,LOW,LOW_VALUE_INVENTORY_RISK | REPLICATED_CONTENT_RISK | INTERNAL_DUPLICATION_RISK | SCALED_CONTENT_PATTERN_REVIEW | OWNER_SUPPORT_OVERLAP | WEAK_INDEPENDENT_PURPOSE,false,,VERY_HIGH,WEAK,ADEQUATE,ADEQUATE,WEAK,true,30–49,CONSOLIDATION_INDEXATION_REVIEW_CANDIDATE,LOW,SCORED,true,false,40,43,Challenged score depression: high page-specific text ratio supports one originality point.,"Internal governance score, not a Google score or final URL disposition."
url_732a0cb2c9e520e1,https://echobuddha.com/quotes/compassion/gentle-self-compassion/,QUOTE_STORY,Quote Stories,Compassion,quote/reflection,QUOTE_REFLECTION,https://echobuddha.com/quotes/,2,6.0,quote/reflection; declared owner(s): https://echobuddha.com/quotes/; topic cluster contains 19 indexable URLs.,LOW,3,9.0,"No exact Phase 1 body duplicate; exact repeated-block ratio 0.2752, unique-text ratio 0.7248; 42 retained similarity pairs; max lexical 0.3146; max heading 0.8889.",LOW,2,6.0,3 current authoritative benchmarks assigned for Compassion; EchoBuddha role is quote/reflection; 0 extracted citations; 0 Buddhist primary-source links; source section present.,MEDIUM,0,0.0,42 retained similarity pairs; max lexical 0.3146; max heading 0.8889; declared owner(s): https://echobuddha.com/quotes/; query ownership is NO_DATA rather than inferred.,HIGH,4,8.0,17 headings and 18 paragraphs inspected as structural coverage evidence; purpose is quote/reflection; word count did not award points.,LOW,1,2.0,Visible author/editorial signal Echo Buddha Editorial; process reference present; provenance is structured repository content with historical drafting method not fully verified.,LOW,3,3.0,0 extracted citations; 0 Buddhist primary-source links; source section present,LOW,4,4.0,"Phase 1 observed HTTP 200, canonical self, indexable true; current sitemap/robots hashes match Phase 0 and no rendered ad/placeholder surface was observed.",HIGH,2,2.0,0 clicks and 0 impressions in the preserved three-month page export; query×page join unavailable,HIGH,3,3.0,"quote/reflection assessed for reference, practice, reflection, or repeat navigation utility; family QUOTE_STORY; independent-purpose raw score 2/5.",LOW,43,Evidence-weighted internal Phase 2 score; LOW_VALUE_INVENTORY_RISK | REPLICATED_CONTENT_RISK | INTERNAL_DUPLICATION_RISK | SCALED_CONTENT_PATTERN_REVIEW | OWNER_SUPPORT_OVERLAP | WEAK_INDEPENDENT_PURPOSE.,SC_SNP1_8 | ATI_SNP1_8 | DHAMMA_KHP5,NOT_VERIFIED,ND_COMPASSION,INTENT_COMPASSION,DECLARED_SUPPORT,NO_DATA,0,0,LOW,LOW_VALUE_INVENTORY_RISK | REPLICATED_CONTENT_RISK | INTERNAL_DUPLICATION_RISK | SCALED_CONTENT_PATTERN_REVIEW | OWNER_SUPPORT_OVERLAP | WEAK_INDEPENDENT_PURPOSE,false,,VERY_HIGH,WEAK,ADEQUATE,ADEQUATE,WEAK,true,30–49,CONSOLIDATION_INDEXATION_REVIEW_CANDIDATE,LOW,SCORED,true,false,40,43,Challenged score depression: high page-specific text ratio supports one originality point.,"Internal governance score, not a Google score or final URL disposition."
url_aed01db6cded81ca,https://echobuddha.com/quotes/compassion/,QUOTE_CATEGORY,Quotes,Compassion,navigation/reference,CATEGORY,https://echobuddha.com/quotes/,3,9.0,navigation/reference; declared owner(s): https://echobuddha.com/quotes/; topic cluster contains 19 indexable URLs.,MEDIUM,1,3.0,"No exact Phase 1 body duplicate; exact repeated-block ratio 0.9308, unique-text ratio 0.0692; 0 retained similarity pairs; max lexical 0.0000; max heading 0.0000.",MEDIUM,2,6.0,3 current authoritative benchmarks assigned for Compassion; EchoBuddha role is navigation/reference; 0 extracted citations; 0 Buddhist primary-source links; source section not extracted.,MEDIUM,3,9.0,0 retained similarity pairs; max lexical 0.0000; max heading 0.0000; declared owner(s): https://echobuddha.com/quotes/; query ownership is NO_DATA rather than inferred.,HIGH,3,6.0,7 headings and 10 paragraphs inspected as structural coverage evidence; purpose is navigation/reference; word count did not award points.,MEDIUM,2,4.0,Visible author/editorial signal Echo Buddha Editorial; process reference present; provenance is structured repository content with historical drafting method not fully verified.,MEDIUM,3,3.0,0 extracted citations; 0 Buddhist primary-source links; source section not extracted,MEDIUM,4,4.0,"Phase 1 observed HTTP 200, canonical self, indexable true; current sitemap/robots hashes match Phase 0 and no rendered ad/placeholder surface was observed.",HIGH,4,4.0,0 clicks and 50 impressions in the preserved three-month page export; query×page join unavailable,HIGH,3,3.0,"navigation/reference assessed for reference, practice, reflection, or repeat navigation utility; family QUOTE_CATEGORY; independent-purpose raw score 3/5.",MEDIUM,51,Evidence-weighted internal Phase 2 score; NAVIGATION_DOMINANT_SURFACE | OWNER_SUPPORT_OVERLAP | BOILERPLATE_DOMINANT | LOW_UNIQUE_TEXT_RATIO.,SC_SNP1_8 | ATI_SNP1_8 | DHAMMA_KHP5,MEDIUM,NONE,INTENT_COMPASSION,DECLARED_SUPPORT,NO_DATA,0,50,MODERATE,NAVIGATION_DOMINANT_SURFACE | OWNER_SUPPORT_OVERLAP | BOILERPLATE_DOMINANT | LOW_UNIQUE_TEXT_RATIO,false,,MODERATE,MODERATE,ADEQUATE,ADEQUATE,ADEQUATE,true,50–69,MAJOR_REVIEW_CANDIDATE,MEDIUM,SCORED,true,false,51,51,Independent challenge found no evidence-based adjustment.,"Internal governance score, not a Google score or final URL disposition."
url_d5f38d531f9621ee,https://echobuddha.com/quotes/compassion/kindness-as-quiet-practice/,QUOTE_STORY,Quote Stories,Compassion,quote/reflection,QUOTE_REFLECTION,https://echobuddha.com/quotes/,2,6.0,quote/reflection; declared owner(s): https://echobuddha.com/quotes/; topic cluster contains 19 indexable URLs.,LOW,3,9.0,"No exact Phase 1 body duplicate; exact repeated-block ratio 0.2699, unique-text ratio 0.7301; 42 retained similarity pairs; max lexical 0.3129; max heading 0.8889.",LOW,2,6.0,3 current authoritative benchmarks assigned for Compassion; EchoBuddha role is quote/reflection; 0 extracted citations; 0 Buddhist primary-source links; source section present.,MEDIUM,0,0.0,42 retained similarity pairs; max lexical 0.3129; max heading 0.8889; declared owner(s): https://echobuddha.com/quotes/; query ownership is NO_DATA rather than inferred.,HIGH,4,8.0,17 headings and 18 paragraphs inspected as structural coverage evidence; purpose is quote/reflection; word count did not award points.,LOW,1,2.0,Visible author/editorial signal Echo Buddha Editorial; process reference present; provenance is structured repository content with historical drafting method not fully verified.,LOW,3,3.0,0 extracted citations; 0 Buddhist primary-source links; source section present,LOW,4,4.0,"Phase 1 observed HTTP 200, canonical self, indexable true; current sitemap/robots hashes match Phase 0 and no rendered ad/placeholder surface was observed.",HIGH,2,2.0,0 clicks and 1 impressions in the preserved three-month page export; query×page join unavailable,HIGH,3,3.0,"quote/reflection assessed for reference, practice, reflection, or repeat navigation utility; family QUOTE_STORY; independent-purpose raw score 2/5.",LOW,43,Evidence-weighted internal Phase 2 score; LOW_VALUE_INVENTORY_RISK | REPLICATED_CONTENT_RISK | INTERNAL_DUPLICATION_RISK | SCALED_CONTENT_PATTERN_REVIEW | OWNER_SUPPORT_OVERLAP | WEAK_INDEPENDENT_PURPOSE.,SC_SNP1_8 | ATI_SNP1_8 | DHAMMA_KHP5,NOT_VERIFIED,ND_COMPASSION,INTENT_COMPASSION,DECLARED_SUPPORT,NO_DATA,0,1,LIMITED,LOW_VALUE_INVENTORY_RISK | REPLICATED_CONTENT_RISK | INTERNAL_DUPLICATION_RISK | SCALED_CONTENT_PATTERN_REVIEW | OWNER_SUPPORT_OVERLAP | WEAK_INDEPENDENT_PURPOSE,false,,VERY_HIGH,WEAK,ADEQUATE,ADEQUATE,WEAK,true,30–49,CONSOLIDATION_INDEXATION_REVIEW_CANDIDATE,LOW,SCORED,true,false,40,43,Challenged score depression: high page-specific text ratio supports one originality point.,"Internal governance score, not a Google score or final URL disposition."
url_ecddea41b972ac27,https://echobuddha.com/quotes/compassion/loving-kindness-without-harm/,QUOTE_STORY,Quote Stories,Compassion,quote/reflection,QUOTE_REFLECTION,https://echobuddha.com/quotes/,2,6.0,quote/reflection; declared owner(s): https://echobuddha.com/quotes/; topic cluster contains 19 indexable URLs.,LOW,3,9.0,"No exact Phase 1 body duplicate; exact repeated-block ratio 0.2683, unique-text ratio 0.7317; 42 retained similarity pairs; max lexical 0.3122; max heading 0.8889.",LOW,2,6.0,3 current authoritative benchmarks assigned for Compassion; EchoBuddha role is quote/reflection; 0 extracted citations; 0 Buddhist primary-source links; source section present.,MEDIUM,0,0.0,42 retained similarity pairs; max lexical 0.3122; max heading 0.8889; declared owner(s): https://echobuddha.com/quotes/; query ownership is NO_DATA rather than inferred.,HIGH,4,8.0,17 headings and 18 paragraphs inspected as structural coverage evidence; purpose is quote/reflection; word count did not award points.,LOW,1,2.0,Visible author/editorial signal Echo Buddha Editorial; process reference present; provenance is structured repository content with historical drafting method not fully verified.,LOW,3,3.0,0 extracted citations; 0 Buddhist primary-source links; source section present,LOW,4,4.0,"Phase 1 observed HTTP 200, canonical self, indexable true; current sitemap/robots hashes match Phase 0 and no rendered ad/placeholder surface was observed.",HIGH,2,2.0,0 clicks and 3 impressions in the preserved three-month page export; query×page join unavailable,HIGH,3,3.0,"quote/reflection assessed for reference, practice, reflection, or repeat navigation utility; family QUOTE_STORY; independent-purpose raw score 2/5.",LOW,43,Evidence-weighted internal Phase 2 score; LOW_VALUE_INVENTORY_RISK | REPLICATED_CONTENT_RISK | INTERNAL_DUPLICATION_RISK | SCALED_CONTENT_PATTERN_REVIEW | OWNER_SUPPORT_OVERLAP | WEAK_INDEPENDENT_PURPOSE.,SC_SNP1_8 | ATI_SNP1_8 | DHAMMA_KHP5,NOT_VERIFIED,ND_COMPASSION,INTENT_COMPASSION,DECLARED_SUPPORT,NO_DATA,0,3,LIMITED,LOW_VALUE_INVENTORY_RISK | REPLICATED_CONTENT_RISK | INTERNAL_DUPLICATION_RISK | SCALED_CONTENT_PATTERN_REVIEW | OWNER_SUPPORT_OVERLAP | WEAK_INDEPENDENT_PURPOSE,false,,VERY_HIGH,WEAK,ADEQUATE,ADEQUATE,WEAK,true,30–49,CONSOLIDATION_INDEXATION_REVIEW_CANDIDATE,LOW,SCORED,true,false,40,43,Challenged score depression: high page-specific text ratio supports one originality point.,"Internal governance score, not a Google score or final URL disposition."
url_e81b8662ae208abd,https://echobuddha.com/quotes/impermanence/change-is-how-life-continues/,QUOTE_STORY,Quote Stories,Impermanence,quote/reflection,QUOTE_REFLECTION,https://echobuddha.com/quotes/,2,6.0,quote/reflection; declared owner(s): https://echobuddha.com/quotes/; topic cluster contains 8 indexable URLs.,LOW,3,9.0,"No exact Phase 1 body duplicate; exact repeated-block ratio 0.2691, unique-text ratio 0.7309; 42 retained similarity pairs; max lexical 0.3105; max heading 0.8889.",LOW,2,6.0,3 current authoritative benchmarks assigned for Impermanence; EchoBuddha role is quote/reflection; 0 extracted citations; 0 Buddhist primary-source links; source section present.,MEDIUM,0,0.0,42 retained similarity pairs; max lexical 0.3105; max heading 0.8889; declared owner(s): https://echobuddha.com/quotes/; query ownership is NO_DATA rather than inferred.,HIGH,4,8.0,17 headings and 18 paragraphs inspected as structural coverage evidence; purpose is quote/reflection; word count did not award points.,LOW,1,2.0,Visible author/editorial signal Echo Buddha Editorial; process reference present; provenance is structured repository content with historical drafting method not fully verified.,LOW,3,3.0,0 extracted citations; 0 Buddhist primary-source links; source section present,LOW,4,4.0,"Phase 1 observed HTTP 200, canonical self, indexable true; current sitemap/robots hashes match Phase 0 and no rendered ad/placeholder surface was observed.",HIGH,3,3.0,0 clicks and 7 impressions in the preserved three-month page export; query×page join unavailable,HIGH,3,3.0,"quote/reflection assessed for reference, practice, reflection, or repeat navigation utility; family QUOTE_STORY; independent-purpose raw score 2/5.",LOW,44,Evidence-weighted internal Phase 2 score; LOW_VALUE_INVENTORY_RISK | REPLICATED_CONTENT_RISK | INTERNAL_DUPLICATION_RISK | SCALED_CONTENT_PATTERN_REVIEW | OWNER_SUPPORT_OVERLAP | WEAK_INDEPENDENT_PURPOSE.,SC_SN22_59 | ATI_SN22_59 | TRICYCLE_BEGINNERS,NOT_VERIFIED,ND_IMPERMANENCE,INTENT_IMPERMANENCE,DECLARED_SUPPORT,NO_DATA,0,7,LIMITED,LOW_VALUE_INVENTORY_RISK | REPLICATED_CONTENT_RISK | INTERNAL_DUPLICATION_RISK | SCALED_CONTENT_PATTERN_REVIEW | OWNER_SUPPORT_OVERLAP | WEAK_INDEPENDENT_PURPOSE,false,,VERY_HIGH,WEAK,ADEQUATE,ADEQUATE,WEAK,true,30–49,CONSOLIDATION_INDEXATION_REVIEW_CANDIDATE,LOW,SCORED,true,false,41,44,Challenged score depression: high page-specific text ratio supports one originality point.,"Internal governance score, not a Google score or final URL disposition."
url_18b75a9af081a300,https://echobuddha.com/quotes/impermanence/,QUOTE_CATEGORY,Quotes,Impermanence,navigation/reference,CATEGORY,https://echobuddha.com/quotes/,3,9.0,navigation/reference; declared owner(s): https://echobuddha.com/quotes/; topic cluster contains 8 indexable URLs.,MEDIUM,1,3.0,"No exact Phase 1 body duplicate; exact repeated-block ratio 0.9382, unique-text ratio 0.0618; 0 retained similarity pairs; max lexical 0.0000; max heading 0.0000.",MEDIUM,2,6.0,3 current authoritative benchmarks assigned for Impermanence; EchoBuddha role is navigation/reference; 0 extracted citations; 0 Buddhist primary-source links; source section not extracted.,MEDIUM,3,9.0,0 retained similarity pairs; max lexical 0.0000; max heading 0.0000; declared owner(s): https://echobuddha.com/quotes/; query ownership is NO_DATA rather than inferred.,HIGH,3,6.0,7 headings and 10 paragraphs inspected as structural coverage evidence; purpose is navigation/reference; word count did not award points.,MEDIUM,2,4.0,Visible author/editorial signal Echo Buddha Editorial; process reference present; provenance is structured repository content with historical drafting method not fully verified.,MEDIUM,3,3.0,0 extracted citations; 0 Buddhist primary-source links; source section not extracted,MEDIUM,4,4.0,"Phase 1 observed HTTP 200, canonical self, indexable true; current sitemap/robots hashes match Phase 0 and no rendered ad/placeholder surface was observed.",HIGH,2,2.0,0 clicks and 4 impressions in the preserved three-month page export; query×page join unavailable,HIGH,3,3.0,"navigation/reference assessed for reference, practice, reflection, or repeat navigation utility; family QUOTE_CATEGORY; independent-purpose raw score 3/5.",MEDIUM,49,Evidence-weighted internal Phase 2 score; LOW_VALUE_INVENTORY_RISK | NAVIGATION_DOMINANT_SURFACE | OWNER_SUPPORT_OVERLAP | BOILERPLATE_DOMINANT | LOW_UNIQUE_TEXT_RATIO.,SC_SN22_59 | ATI_SN22_59 | TRICYCLE_BEGINNERS,MEDIUM,NONE,INTENT_IMPERMANENCE,DECLARED_SUPPORT,NO_DATA,0,4,LIMITED,LOW_VALUE_INVENTORY_RISK | NAVIGATION_DOMINANT_SURFACE | OWNER_SUPPORT_OVERLAP | BOILERPLATE_DOMINANT | LOW_UNIQUE_TEXT_RATIO,false,,MODERATE,MODERATE,ADEQUATE,ADEQUATE,ADEQUATE,true,30–49,CONSOLIDATION_INDEXATION_REVIEW_CANDIDATE,MEDIUM,SCORED,true,false,49,49,Independent challenge found no evidence-based adjustment.,"Internal governance score, not a Google score or final URL disposition."
url_d6a4b218ef76fe41,https://echobuddha.com/quotes/impermanence/meet-change-softly/,QUOTE_STORY,Quote Stories,Impermanence,quote/reflection,QUOTE_REFLECTION,https://echobuddha.com/quotes/,2,6.0,quote/reflection; declared owner(s): https://echobuddha.com/quotes/; topic cluster contains 8 indexable URLs.,LOW,3,9.0,"No exact Phase 1 body duplicate; exact repeated-block ratio 0.2797, unique-text ratio 0.7203; 42 retained similarity pairs; max lexical 0.3105; max heading 0.8889.",LOW,2,6.0,3 current authoritative benchmarks assigned for Impermanence; EchoBuddha role is quote/reflection; 0 extracted citations; 0 Buddhist primary-source links; source section present.,MEDIUM,0,0.0,42 retained similarity pairs; max lexical 0.3105; max heading 0.8889; declared owner(s): https://echobuddha.com/quotes/; query ownership is NO_DATA rather than inferred.,HIGH,4,8.0,17 headings and 18 paragraphs inspected as structural coverage evidence; purpose is quote/reflection; word count did not award points.,LOW,1,2.0,Visible author/editorial signal Echo Buddha Editorial; process reference present; provenance is structured repository content with historical drafting method not fully verified.,LOW,3,3.0,0 extracted citations; 0 Buddhist primary-source links; source section present,LOW,4,4.0,"Phase 1 observed HTTP 200, canonical self, indexable true; current sitemap/robots hashes match Phase 0 and no rendered ad/placeholder surface was observed.",HIGH,2,2.0,0 clicks and 0 impressions in the preserved three-month page export; query×page join unavailable,HIGH,3,3.0,"quote/reflection assessed for reference, practice, reflection, or repeat navigation utility; family QUOTE_STORY; independent-purpose raw score 2/5.",LOW,43,Evidence-weighted internal Phase 2 score; LOW_VALUE_INVENTORY_RISK | REPLICATED_CONTENT_RISK | INTERNAL_DUPLICATION_RISK | SCALED_CONTENT_PATTERN_REVIEW | OWNER_SUPPORT_OVERLAP | WEAK_INDEPENDENT_PURPOSE.,SC_SN22_59 | ATI_SN22_59 | TRICYCLE_BEGINNERS,NOT_VERIFIED,ND_IMPERMANENCE,INTENT_IMPERMANENCE,DECLARED_SUPPORT,NO_DATA,0,0,LOW,LOW_VALUE_INVENTORY_RISK | REPLICATED_CONTENT_RISK | INTERNAL_DUPLICATION_RISK | SCALED_CONTENT_PATTERN_REVIEW | OWNER_SUPPORT_OVERLAP | WEAK_INDEPENDENT_PURPOSE,false,,VERY_HIGH,WEAK,ADEQUATE,ADEQUATE,WEAK,true,30–49,CONSOLIDATION_INDEXATION_REVIEW_CANDIDATE,LOW,SCORED,true,false,40,43,Challenged score depression: high page-specific text ratio supports one originality point.,"Internal governance score, not a Google score or final URL disposition."
url_41a1b221928601b8,https://echobuddha.com/quotes/,QUOTE_HUB,Quotes,Page-specific / unclustered,navigation/reference,HUB,,3,9.0,navigation/reference; no declared owner relationship; topic cluster contains 39 indexable URLs.,MEDIUM,1,3.0,"No exact Phase 1 body duplicate; exact repeated-block ratio 0.9622, unique-text ratio 0.0378; 0 retained similarity pairs; max lexical 0.0000; max heading 0.0000.",MEDIUM,2,6.0,3 current authoritative benchmarks assigned for Page-specific / unclustered; EchoBuddha role is navigation/reference; 0 extracted citations; 0 Buddhist primary-source links; source section not extracted.,MEDIUM,3,9.0,0 retained similarity pairs; max lexical 0.0000; max heading 0.0000; no declared owner relationship; query ownership is NO_DATA rather than inferred.,HIGH,3,6.0,5 headings and 3 paragraphs inspected as structural coverage evidence; purpose is navigation/reference; word count did not award points.,MEDIUM,2,4.0,Visible author/editorial signal NOT_VERIFIED; process reference present; provenance is structured repository content with historical drafting method not fully verified.,MEDIUM,3,3.0,0 extracted citations; 0 Buddhist primary-source links; source section not extracted,MEDIUM,4,4.0,"Phase 1 observed HTTP 200, canonical self, indexable true; current sitemap/robots hashes match Phase 0 and no rendered ad/placeholder surface was observed.",HIGH,4,4.0,0 clicks and 23 impressions in the preserved three-month page export; query×page join unavailable,HIGH,3,3.0,"navigation/reference assessed for reference, practice, reflection, or repeat navigation utility; family QUOTE_HUB; independent-purpose raw score 3/5.",MEDIUM,51,Evidence-weighted internal Phase 2 score; NAVIGATION_DOMINANT_SURFACE | BOILERPLATE_DOMINANT | LOW_UNIQUE_TEXT_RATIO.,TRICYCLE_BEGINNERS | ATI_BEFRIENDING | LIONS_ROAR,MEDIUM,NONE,Page-specific / unclustered,DECLARED_OWNER,NO_DATA,0,23,MODERATE,NAVIGATION_DOMINANT_SURFACE | BOILERPLATE_DOMINANT | LOW_UNIQUE_TEXT_RATIO,false,,MODERATE,MODERATE,ADEQUATE,ADEQUATE,ADEQUATE,true,50–69,MAJOR_REVIEW_CANDIDATE,MEDIUM,SCORED,true,false,51,51,Independent challenge found no evidence-based adjustment.,"Internal governance score, not a Google score or final URL disposition."
url_aea1f61bcbaf2cc0,https://echobuddha.com/quotes/letting-go/caring-without-clinging/,QUOTE_STORY,Quote Stories,Attachment and Letting Go,quote/reflection,QUOTE_REFLECTION,https://echobuddha.com/quotes/,2,6.0,quote/reflection; declared owner(s): https://echobuddha.com/quotes/; topic cluster contains 13 indexable URLs.,LOW,3,9.0,"No exact Phase 1 body duplicate; exact repeated-block ratio 0.2679, unique-text ratio 0.7321; 42 retained similarity pairs; max lexical 0.3242; max heading 0.8889.",LOW,2,6.0,3 current authoritative benchmarks assigned for Attachment and Letting Go; EchoBuddha role is quote/reflection; 0 extracted citations; 0 Buddhist primary-source links; source section present.,MEDIUM,0,0.0,42 retained similarity pairs; max lexical 0.3242; max heading 0.8889; declared owner(s): https://echobuddha.com/quotes/; query ownership is NO_DATA rather than inferred.,HIGH,4,8.0,17 headings and 18 paragraphs inspected as structural coverage evidence; purpose is quote/reflection; word count did not award points.,LOW,1,2.0,Visible author/editorial signal Echo Buddha Editorial; process reference present; provenance is structured repository content with historical drafting method not fully verified.,LOW,3,3.0,0 extracted citations; 0 Buddhist primary-source links; source section present,LOW,4,4.0,"Phase 1 observed HTTP 200, canonical self, indexable true; current sitemap/robots hashes match Phase 0 and no rendered ad/placeholder surface was observed.",HIGH,2,2.0,0 clicks and 1 impressions in the preserved three-month page export; query×page join unavailable,HIGH,3,3.0,"quote/reflection assessed for reference, practice, reflection, or repeat navigation utility; family QUOTE_STORY; independent-purpose raw score 2/5.",LOW,43,Evidence-weighted internal Phase 2 score; LOW_VALUE_INVENTORY_RISK | REPLICATED_CONTENT_RISK | INTERNAL_DUPLICATION_RISK | SCALED_CONTENT_PATTERN_REVIEW | OWNER_SUPPORT_OVERLAP | WEAK_INDEPENDENT_PURPOSE.,TRICYCLE_BEGINNERS | ATI_BEFRIENDING | LIONS_ROAR,NOT_VERIFIED,ND_ATTACHMENT_AND_LETTING_GO,INTENT_ATTACHMENT_AND_LETTING_GO,DECLARED_SUPPORT,NO_DATA,0,1,LIMITED,LOW_VALUE_INVENTORY_RISK | REPLICATED_CONTENT_RISK | INTERNAL_DUPLICATION_RISK | SCALED_CONTENT_PATTERN_REVIEW | OWNER_SUPPORT_OVERLAP | WEAK_INDEPENDENT_PURPOSE,false,,VERY_HIGH,WEAK,ADEQUATE,ADEQUATE,WEAK,true,30–49,CONSOLIDATION_INDEXATION_REVIEW_CANDIDATE,LOW,SCORED,true,false,40,43,Challenged score depression: high page-specific text ratio supports one originality point.,"Internal governance score, not a Google score or final URL disposition."
url_64ce58bf7b7caee5,https://echobuddha.com/quotes/letting-go/forgiveness-without-approving-harm/,QUOTE_STORY,Quote Stories,Attachment and Letting Go,quote/reflection,QUOTE_REFLECTION,https://echobuddha.com/quotes/,2,6.0,quote/reflection; declared owner(s): https://echobuddha.com/quotes/; topic cluster contains 13 indexable URLs.,LOW,3,9.0,"No exact Phase 1 body duplicate; exact repeated-block ratio 0.2745, unique-text ratio 0.7255; 42 retained similarity pairs; max lexical 0.3337; max heading 0.8889.",LOW,2,6.0,3 current authoritative benchmarks assigned for Attachment and Letting Go; EchoBuddha role is quote/reflection; 0 extracted citations; 0 Buddhist primary-source links; source section present.,MEDIUM,0,0.0,42 retained similarity pairs; max lexical 0.3337; max heading 0.8889; declared owner(s): https://echobuddha.com/quotes/; query ownership is NO_DATA rather than inferred.,HIGH,4,8.0,17 headings and 18 paragraphs inspected as structural coverage evidence; purpose is quote/reflection; word count did not award points.,LOW,1,2.0,Visible author/editorial signal Echo Buddha Editorial; process reference present; provenance is structured repository content with historical drafting method not fully verified.,LOW,3,3.0,0 extracted citations; 0 Buddhist primary-source links; source section present,LOW,4,4.0,"Phase 1 observed HTTP 200, canonical self, indexable true; current sitemap/robots hashes match Phase 0 and no rendered ad/placeholder surface was observed.",HIGH,2,2.0,0 clicks and 0 impressions in the preserved three-month page export; query×page join unavailable,HIGH,3,3.0,"quote/reflection assessed for reference, practice, reflection, or repeat navigation utility; family QUOTE_STORY; independent-purpose raw score 2/5.",LOW,43,Evidence-weighted internal Phase 2 score; LOW_VALUE_INVENTORY_RISK | REPLICATED_CONTENT_RISK | INTERNAL_DUPLICATION_RISK | SCALED_CONTENT_PATTERN_REVIEW | OWNER_SUPPORT_OVERLAP | WEAK_INDEPENDENT_PURPOSE.,TRICYCLE_BEGINNERS | ATI_BEFRIENDING | LIONS_ROAR,NOT_VERIFIED,ND_ATTACHMENT_AND_LETTING_GO,INTENT_ATTACHMENT_AND_LETTING_GO,DECLARED_SUPPORT,NO_DATA,0,0,LOW,LOW_VALUE_INVENTORY_RISK | REPLICATED_CONTENT_RISK | INTERNAL_DUPLICATION_RISK | SCALED_CONTENT_PATTERN_REVIEW | OWNER_SUPPORT_OVERLAP | WEAK_INDEPENDENT_PURPOSE,false,,VERY_HIGH,WEAK,ADEQUATE,ADEQUATE,WEAK,true,30–49,CONSOLIDATION_INDEXATION_REVIEW_CANDIDATE,LOW,SCORED,true,false,40,43,Challenged score depression: high page-specific text ratio supports one originality point.,"Internal governance score, not a Google score or final URL disposition."
url_a1e1c9c63c4c7e16,https://echobuddha.com/quotes/letting-go/,QUOTE_CATEGORY,Quotes,Attachment and Letting Go,navigation/reference,CATEGORY,https://echobuddha.com/quotes/,3,9.0,navigation/reference; declared owner(s): https://echobuddha.com/quotes/; topic cluster contains 13 indexable URLs.,MEDIUM,1,3.0,"No exact Phase 1 body duplicate; exact repeated-block ratio 0.7908, unique-text ratio 0.2092; 0 retained similarity pairs; max lexical 0.0000; max heading 0.0000.",MEDIUM,2,6.0,3 current authoritative benchmarks assigned for Attachment and Letting Go; EchoBuddha role is navigation/reference; 0 extracted citations; 0 Buddhist primary-source links; source section not extracted.,MEDIUM,3,9.0,0 retained similarity pairs; max lexical 0.0000; max heading 0.0000; declared owner(s): https://echobuddha.com/quotes/; query ownership is NO_DATA rather than inferred.,HIGH,3,6.0,7 headings and 12 paragraphs inspected as structural coverage evidence; purpose is navigation/reference; word count did not award points.,MEDIUM,2,4.0,Visible author/editorial signal Echo Buddha Editorial; process reference present; provenance is structured repository content with historical drafting method not fully verified.,MEDIUM,3,3.0,0 extracted citations; 0 Buddhist primary-source links; source section not extracted,MEDIUM,4,4.0,"Phase 1 observed HTTP 200, canonical self, indexable true; current sitemap/robots hashes match Phase 0 and no rendered ad/placeholder surface was observed.",HIGH,5,5.0,3 clicks and 158 impressions in the preserved three-month page export; query×page join unavailable,HIGH,3,3.0,"navigation/reference assessed for reference, practice, reflection, or repeat navigation utility; family QUOTE_CATEGORY; independent-purpose raw score 3/5.",MEDIUM,52,Evidence-weighted internal Phase 2 score; NAVIGATION_DOMINANT_SURFACE | OWNER_SUPPORT_OVERLAP | BOILERPLATE_DOMINANT | LOW_UNIQUE_TEXT_RATIO | SEO_EQUITY_HIGH.,TRICYCLE_BEGINNERS | ATI_BEFRIENDING | LIONS_ROAR,MEDIUM,NONE,INTENT_ATTACHMENT_AND_LETTING_GO,DECLARED_SUPPORT,NO_DATA,3,158,HIGH,NAVIGATION_DOMINANT_SURFACE | OWNER_SUPPORT_OVERLAP | BOILERPLATE_DOMINANT | LOW_UNIQUE_TEXT_RATIO | SEO_EQUITY_HIGH,false,,MODERATE,MODERATE,ADEQUATE,ADEQUATE,ADEQUATE,true,50–69,MAJOR_REVIEW_CANDIDATE,MEDIUM,SCORED,true,false,52,52,Independent challenge found no evidence-based adjustment.,"Internal governance score, not a Google score or final URL disposition."
url_c085043a04875c97,https://echobuddha.com/quotes/letting-go/open-hands-non-attachment/,QUOTE_STORY,Quote Stories,Attachment and Letting Go,quote/reflection,QUOTE_REFLECTION,https://echobuddha.com/quotes/,2,6.0,quote/reflection; declared owner(s): https://echobuddha.com/quotes/; topic cluster contains 13 indexable URLs.,LOW,3,9.0,"No exact Phase 1 body duplicate; exact repeated-block ratio 0.2752, unique-text ratio 0.7248; 42 retained similarity pairs; max lexical 0.3274; max heading 0.8889.",LOW,2,6.0,3 current authoritative benchmarks assigned for Attachment and Letting Go; EchoBuddha role is quote/reflection; 0 extracted citations; 0 Buddhist primary-source links; source section present.,MEDIUM,0,0.0,42 retained similarity pairs; max lexical 0.3274; max heading 0.8889; declared owner(s): https://echobuddha.com/quotes/; query ownership is NO_DATA rather than inferred.,HIGH,4,8.0,17 headings and 18 paragraphs inspected as structural coverage evidence; purpose is quote/reflection; word count did not award points.,LOW,1,2.0,Visible author/editorial signal Echo Buddha Editorial; process reference present; provenance is structured repository content with historical drafting method not fully verified.,LOW,3,3.0,0 extracted citations; 0 Buddhist primary-source links; source section present,LOW,4,4.0,"Phase 1 observed HTTP 200, canonical self, indexable true; current sitemap/robots hashes match Phase 0 and no rendered ad/placeholder surface was observed.",HIGH,2,2.0,0 clicks and 0 impressions in the preserved three-month page export; query×page join unavailable,HIGH,3,3.0,"quote/reflection assessed for reference, practice, reflection, or repeat navigation utility; family QUOTE_STORY; independent-purpose raw score 2/5.",LOW,43,Evidence-weighted internal Phase 2 score; LOW_VALUE_INVENTORY_RISK | REPLICATED_CONTENT_RISK | INTERNAL_DUPLICATION_RISK | SCALED_CONTENT_PATTERN_REVIEW | OWNER_SUPPORT_OVERLAP | WEAK_INDEPENDENT_PURPOSE.,TRICYCLE_BEGINNERS | ATI_BEFRIENDING | LIONS_ROAR,NOT_VERIFIED,ND_ATTACHMENT_AND_LETTING_GO,INTENT_ATTACHMENT_AND_LETTING_GO,DECLARED_SUPPORT,NO_DATA,0,0,LOW,LOW_VALUE_INVENTORY_RISK | REPLICATED_CONTENT_RISK | INTERNAL_DUPLICATION_RISK | SCALED_CONTENT_PATTERN_REVIEW | OWNER_SUPPORT_OVERLAP | WEAK_INDEPENDENT_PURPOSE,false,,VERY_HIGH,WEAK,ADEQUATE,ADEQUATE,WEAK,true,30–49,CONSOLIDATION_INDEXATION_REVIEW_CANDIDATE,LOW,SCORED,true,false,40,43,Challenged score depression: high page-specific text ratio supports one originality point.,"Internal governance score, not a Google score or final URL disposition."
url_6f637cfada22b634,https://echobuddha.com/quotes/letting-go/soften-around-stress/,QUOTE_STORY,Quote Stories,Attachment and Letting Go,quote/reflection,QUOTE_REFLECTION,https://echobuddha.com/quotes/,2,6.0,quote/reflection; declared owner(s): https://echobuddha.com/quotes/; topic cluster contains 13 indexable URLs.,LOW,3,9.0,"No exact Phase 1 body duplicate; exact repeated-block ratio 0.2754, unique-text ratio 0.7246; 42 retained similarity pairs; max lexical 0.3330; max heading 0.8889.",LOW,2,6.0,3 current authoritative benchmarks assigned for Attachment and Letting Go; EchoBuddha role is quote/reflection; 0 extracted citations; 0 Buddhist primary-source links; source section present.,MEDIUM,0,0.0,42 retained similarity pairs; max lexical 0.3330; max heading 0.8889; declared owner(s): https://echobuddha.com/quotes/; query ownership is NO_DATA rather than inferred.,HIGH,4,8.0,17 headings and 18 paragraphs inspected as structural coverage evidence; purpose is quote/reflection; word count did not award points.,LOW,1,2.0,Visible author/editorial signal Echo Buddha Editorial; process reference present; provenance is structured repository content with historical drafting method not fully verified.,LOW,3,3.0,0 extracted citations; 0 Buddhist primary-source links; source section present,LOW,4,4.0,"Phase 1 observed HTTP 200, canonical self, indexable true; current sitemap/robots hashes match Phase 0 and no rendered ad/placeholder surface was observed.",HIGH,2,2.0,0 clicks and 1 impressions in the preserved three-month page export; query×page join unavailable,HIGH,3,3.0,"quote/reflection assessed for reference, practice, reflection, or repeat navigation utility; family QUOTE_STORY; independent-purpose raw score 2/5.",LOW,43,Evidence-weighted internal Phase 2 score; LOW_VALUE_INVENTORY_RISK | REPLICATED_CONTENT_RISK | INTERNAL_DUPLICATION_RISK | SCALED_CONTENT_PATTERN_REVIEW | OWNER_SUPPORT_OVERLAP | WEAK_INDEPENDENT_PURPOSE.,TRICYCLE_BEGINNERS | ATI_BEFRIENDING | LIONS_ROAR,NOT_VERIFIED,ND_ATTACHMENT_AND_LETTING_GO,INTENT_ATTACHMENT_AND_LETTING_GO,DECLARED_SUPPORT,NO_DATA,0,1,LIMITED,LOW_VALUE_INVENTORY_RISK | REPLICATED_CONTENT_RISK | INTERNAL_DUPLICATION_RISK | SCALED_CONTENT_PATTERN_REVIEW | OWNER_SUPPORT_OVERLAP | WEAK_INDEPENDENT_PURPOSE,false,,VERY_HIGH,WEAK,ADEQUATE,ADEQUATE,WEAK,true,30–49,CONSOLIDATION_INDEXATION_REVIEW_CANDIDATE,LOW,SCORED,true,false,40,43,Challenged score depression: high page-specific text ratio supports one originality point.,"Internal governance score, not a Google score or final URL disposition."
url_84abbe3481b504a4,https://echobuddha.com/quotes/letting-go/where-attachment-begins/,QUOTE_STORY,Quote Stories,Attachment and Letting Go,quote/reflection,QUOTE_REFLECTION,https://echobuddha.com/quotes/,2,6.0,quote/reflection; declared owner(s): https://echobuddha.com/quotes/; topic cluster contains 13 indexable URLs.,LOW,3,9.0,"No exact Phase 1 body duplicate; exact repeated-block ratio 0.2866, unique-text ratio 0.7134; 42 retained similarity pairs; max lexical 0.3337; max heading 0.8889.",LOW,2,6.0,3 current authoritative benchmarks assigned for Attachment and Letting Go; EchoBuddha role is quote/reflection; 0 extracted citations; 0 Buddhist primary-source links; source section present.,MEDIUM,0,0.0,42 retained similarity pairs; max lexical 0.3337; max heading 0.8889; declared owner(s): https://echobuddha.com/quotes/; query ownership is NO_DATA rather than inferred.,HIGH,4,8.0,17 headings and 18 paragraphs inspected as structural coverage evidence; purpose is quote/reflection; word count did not award points.,LOW,1,2.0,Visible author/editorial signal Echo Buddha Editorial; process reference present; provenance is structured repository content with historical drafting method not fully verified.,LOW,3,3.0,0 extracted citations; 0 Buddhist primary-source links; source section present,LOW,4,4.0,"Phase 1 observed HTTP 200, canonical self, indexable true; current sitemap/robots hashes match Phase 0 and no rendered ad/placeholder surface was observed.",HIGH,2,2.0,0 clicks and 0 impressions in the preserved three-month page export; query×page join unavailable,HIGH,3,3.0,"quote/reflection assessed for reference, practice, reflection, or repeat navigation utility; family QUOTE_STORY; independent-purpose raw score 2/5.",LOW,43,Evidence-weighted internal Phase 2 score; LOW_VALUE_INVENTORY_RISK | REPLICATED_CONTENT_RISK | INTERNAL_DUPLICATION_RISK | SCALED_CONTENT_PATTERN_REVIEW | OWNER_SUPPORT_OVERLAP | WEAK_INDEPENDENT_PURPOSE.,TRICYCLE_BEGINNERS | ATI_BEFRIENDING | LIONS_ROAR,NOT_VERIFIED,ND_ATTACHMENT_AND_LETTING_GO,INTENT_ATTACHMENT_AND_LETTING_GO,DECLARED_SUPPORT,NO_DATA,0,0,LOW,LOW_VALUE_INVENTORY_RISK | REPLICATED_CONTENT_RISK | INTERNAL_DUPLICATION_RISK | SCALED_CONTENT_PATTERN_REVIEW | OWNER_SUPPORT_OVERLAP | WEAK_INDEPENDENT_PURPOSE,false,,VERY_HIGH,WEAK,ADEQUATE,ADEQUATE,WEAK,true,30–49,CONSOLIDATION_INDEXATION_REVIEW_CANDIDATE,LOW,SCORED,true,false,40,43,Challenged score depression: high page-specific text ratio supports one originality point.,"Internal governance score, not a Google score or final URL disposition."
url_7128b45e921574b0,https://echobuddha.com/quotes/meditation/few-quiet-minutes/,QUOTE_STORY,Quote Stories,Meditation,quote/reflection,QUOTE_REFLECTION,https://echobuddha.com/quotes/,2,6.0,quote/reflection; declared owner(s): https://echobuddha.com/quotes/; topic cluster contains 17 indexable URLs.,LOW,3,9.0,"No exact Phase 1 body duplicate; exact repeated-block ratio 0.2647, unique-text ratio 0.7353; 42 retained similarity pairs; max lexical 0.3047; max heading 0.8889.",LOW,2,6.0,3 current authoritative benchmarks assigned for Meditation; EchoBuddha role is quote/reflection; 0 extracted citations; 0 Buddhist primary-source links; source section present.,MEDIUM,0,0.0,42 retained similarity pairs; max lexical 0.3047; max heading 0.8889; declared owner(s): https://echobuddha.com/quotes/; query ownership is NO_DATA rather than inferred.,HIGH,4,8.0,17 headings and 18 paragraphs inspected as structural coverage evidence; purpose is quote/reflection; word count did not award points.,LOW,1,2.0,Visible author/editorial signal Echo Buddha Editorial; process reference present; provenance is structured repository content with historical drafting method not fully verified.,LOW,3,3.0,0 extracted citations; 0 Buddhist primary-source links; source section present,LOW,4,4.0,"Phase 1 observed HTTP 200, canonical self, indexable true; current sitemap/robots hashes match Phase 0 and no rendered ad/placeholder surface was observed.",HIGH,2,2.0,0 clicks and 0 impressions in the preserved three-month page export; query×page join unavailable,HIGH,3,3.0,"quote/reflection assessed for reference, practice, reflection, or repeat navigation utility; family QUOTE_STORY; independent-purpose raw score 2/5.",LOW,43,Evidence-weighted internal Phase 2 score; LOW_VALUE_INVENTORY_RISK | REPLICATED_CONTENT_RISK | INTERNAL_DUPLICATION_RISK | SCALED_CONTENT_PATTERN_REVIEW | OWNER_SUPPORT_OVERLAP | WEAK_INDEPENDENT_PURPOSE.,SC_MN118 | ATI_MN118 | NCCIH_MEDITATION,NOT_VERIFIED,ND_MEDITATION,INTENT_MEDITATION,DECLARED_SUPPORT,NO_DATA,0,0,LOW,LOW_VALUE_INVENTORY_RISK | REPLICATED_CONTENT_RISK | INTERNAL_DUPLICATION_RISK | SCALED_CONTENT_PATTERN_REVIEW | OWNER_SUPPORT_OVERLAP | WEAK_INDEPENDENT_PURPOSE,false,,VERY_HIGH,WEAK,ADEQUATE,ADEQUATE,WEAK,true,30–49,CONSOLIDATION_INDEXATION_REVIEW_CANDIDATE,LOW,SCORED,true,false,40,43,Challenged score depression: high page-specific text ratio supports one originality point.,"Internal governance score, not a Google score or final URL disposition."
url_ea7851759ff79d8d,https://echobuddha.com/quotes/meditation/,QUOTE_CATEGORY,Quotes,Meditation,navigation/reference,CATEGORY,https://echobuddha.com/quotes/,3,9.0,navigation/reference; declared owner(s): https://echobuddha.com/quotes/; topic cluster contains 17 indexable URLs.,MEDIUM,1,3.0,"No exact Phase 1 body duplicate; exact repeated-block ratio 0.9502, unique-text ratio 0.0498; 0 retained similarity pairs; max lexical 0.0000; max heading 0.0000.",MEDIUM,2,6.0,3 current authoritative benchmarks assigned for Meditation; EchoBuddha role is navigation/reference; 0 extracted citations; 0 Buddhist primary-source links; source section not extracted.,MEDIUM,3,9.0,0 retained similarity pairs; max lexical 0.0000; max heading 0.0000; declared owner(s): https://echobuddha.com/quotes/; query ownership is NO_DATA rather than inferred.,HIGH,3,6.0,7 headings and 10 paragraphs inspected as structural coverage evidence; purpose is navigation/reference; word count did not award points.,MEDIUM,2,4.0,Visible author/editorial signal Echo Buddha Editorial; process reference present; provenance is structured repository content with historical drafting method not fully verified.,MEDIUM,3,3.0,0 extracted citations; 0 Buddhist primary-source links; source section not extracted,MEDIUM,4,4.0,"Phase 1 observed HTTP 200, canonical self, indexable true; current sitemap/robots hashes match Phase 0 and no rendered ad/placeholder surface was observed.",HIGH,3,3.0,0 clicks and 14 impressions in the preserved three-month page export; query×page join unavailable,HIGH,3,3.0,"navigation/reference assessed for reference, practice, reflection, or repeat navigation utility; family QUOTE_CATEGORY; independent-purpose raw score 3/5.",MEDIUM,50,Evidence-weighted internal Phase 2 score; NAVIGATION_DOMINANT_SURFACE | OWNER_SUPPORT_OVERLAP | BOILERPLATE_DOMINANT | LOW_UNIQUE_TEXT_RATIO.,SC_MN118 | ATI_MN118 | NCCIH_MEDITATION,MEDIUM,NONE,INTENT_MEDITATION,DECLARED_SUPPORT,NO_DATA,0,14,LIMITED,NAVIGATION_DOMINANT_SURFACE | OWNER_SUPPORT_OVERLAP | BOILERPLATE_DOMINANT | LOW_UNIQUE_TEXT_RATIO,false,,MODERATE,MODERATE,ADEQUATE,ADEQUATE,ADEQUATE,true,50–69,MAJOR_REVIEW_CANDIDATE,MEDIUM,SCORED,true,false,50,50,Independent challenge found no evidence-based adjustment.,"Internal governance score, not a Google score or final URL disposition."
url_b4f4b96647e03f56,https://echobuddha.com/quotes/meditation/meditation-is-returning/,QUOTE_STORY,Quote Stories,Meditation,quote/reflection,QUOTE_REFLECTION,https://echobuddha.com/quotes/,2,6.0,quote/reflection; declared owner(s): https://echobuddha.com/quotes/; topic cluster contains 17 indexable URLs.,LOW,3,9.0,"No exact Phase 1 body duplicate; exact repeated-block ratio 0.2673, unique-text ratio 0.7327; 42 retained similarity pairs; max lexical 0.3047; max heading 0.8889.",LOW,2,6.0,3 current authoritative benchmarks assigned for Meditation; EchoBuddha role is quote/reflection; 0 extracted citations; 0 Buddhist primary-source links; source section present.,MEDIUM,0,0.0,42 retained similarity pairs; max lexical 0.3047; max heading 0.8889; declared owner(s): https://echobuddha.com/quotes/; query ownership is NO_DATA rather than inferred.,HIGH,4,8.0,17 headings and 18 paragraphs inspected as structural coverage evidence; purpose is quote/reflection; word count did not award points.,LOW,1,2.0,Visible author/editorial signal Echo Buddha Editorial; process reference present; provenance is structured repository content with historical drafting method not fully verified.,LOW,3,3.0,0 extracted citations; 0 Buddhist primary-source links; source section present,LOW,4,4.0,"Phase 1 observed HTTP 200, canonical self, indexable true; current sitemap/robots hashes match Phase 0 and no rendered ad/placeholder surface was observed.",HIGH,2,2.0,0 clicks and 0 impressions in the preserved three-month page export; query×page join unavailable,HIGH,3,3.0,"quote/reflection assessed for reference, practice, reflection, or repeat navigation utility; family QUOTE_STORY; independent-purpose raw score 2/5.",LOW,43,Evidence-weighted internal Phase 2 score; LOW_VALUE_INVENTORY_RISK | REPLICATED_CONTENT_RISK | INTERNAL_DUPLICATION_RISK | SCALED_CONTENT_PATTERN_REVIEW | OWNER_SUPPORT_OVERLAP | WEAK_INDEPENDENT_PURPOSE.,SC_MN118 | ATI_MN118 | NCCIH_MEDITATION,NOT_VERIFIED,ND_MEDITATION,INTENT_MEDITATION,DECLARED_SUPPORT,NO_DATA,0,0,LOW,LOW_VALUE_INVENTORY_RISK | REPLICATED_CONTENT_RISK | INTERNAL_DUPLICATION_RISK | SCALED_CONTENT_PATTERN_REVIEW | OWNER_SUPPORT_OVERLAP | WEAK_INDEPENDENT_PURPOSE,false,,VERY_HIGH,WEAK,ADEQUATE,ADEQUATE,WEAK,true,30–49,CONSOLIDATION_INDEXATION_REVIEW_CANDIDATE,LOW,SCORED,true,false,40,43,Challenged score depression: high page-specific text ratio supports one originality point.,"Internal governance score, not a Google score or final URL disposition."
url_ae9d8b5a13650499,https://echobuddha.com/quotes/meditation/one-honest-breath/,QUOTE_STORY,Quote Stories,Mindfulness,quote/reflection,QUOTE_REFLECTION,https://echobuddha.com/quotes/,2,6.0,quote/reflection; declared owner(s): https://echobuddha.com/quotes/; topic cluster contains 31 indexable URLs.,LOW,3,9.0,"No exact Phase 1 body duplicate; exact repeated-block ratio 0.2568, unique-text ratio 0.7432; 42 retained similarity pairs; max lexical 0.3004; max heading 0.8889.",LOW,2,6.0,3 current authoritative benchmarks assigned for Mindfulness; EchoBuddha role is quote/reflection; 0 extracted citations; 0 Buddhist primary-source links; source section present.,MEDIUM,0,0.0,42 retained similarity pairs; max lexical 0.3004; max heading 0.8889; declared owner(s): https://echobuddha.com/quotes/; query ownership is NO_DATA rather than inferred.,HIGH,4,8.0,17 headings and 18 paragraphs inspected as structural coverage evidence; purpose is quote/reflection; word count did not award points.,LOW,1,2.0,Visible author/editorial signal Echo Buddha Editorial; process reference present; provenance is structured repository content with historical drafting method not fully verified.,LOW,3,3.0,0 extracted citations; 0 Buddhist primary-source links; source section present,LOW,4,4.0,"Phase 1 observed HTTP 200, canonical self, indexable true; current sitemap/robots hashes match Phase 0 and no rendered ad/placeholder surface was observed.",HIGH,2,2.0,0 clicks and 0 impressions in the preserved three-month page export; query×page join unavailable,HIGH,3,3.0,"quote/reflection assessed for reference, practice, reflection, or repeat navigation utility; family QUOTE_STORY; independent-purpose raw score 2/5.",LOW,43,Evidence-weighted internal Phase 2 score; LOW_VALUE_INVENTORY_RISK | REPLICATED_CONTENT_RISK | INTERNAL_DUPLICATION_RISK | SCALED_CONTENT_PATTERN_REVIEW | OWNER_SUPPORT_OVERLAP | WEAK_INDEPENDENT_PURPOSE.,SC_MN10 | ATI_DN22 | NHS_MINDFULNESS,NOT_VERIFIED,ND_MINDFULNESS,INTENT_MINDFULNESS,DECLARED_SUPPORT,NO_DATA,0,0,LOW,LOW_VALUE_INVENTORY_RISK | REPLICATED_CONTENT_RISK | INTERNAL_DUPLICATION_RISK | SCALED_CONTENT_PATTERN_REVIEW | OWNER_SUPPORT_OVERLAP | WEAK_INDEPENDENT_PURPOSE,false,,VERY_HIGH,WEAK,ADEQUATE,ADEQUATE,WEAK,true,30–49,CONSOLIDATION_INDEXATION_REVIEW_CANDIDATE,LOW,SCORED,true,false,40,43,Challenged score depression: high page-specific text ratio supports one originality point.,"Internal governance score, not a Google score or final URL disposition."
url_420919a595332165,https://echobuddha.com/quotes/mindfulness/begin-the-day-with-awareness/,QUOTE_STORY,Quote Stories,Mindfulness,quote/reflection,QUOTE_REFLECTION,https://echobuddha.com/quotes/,2,6.0,quote/reflection; declared owner(s): https://echobuddha.com/quotes/; topic cluster contains 31 indexable URLs.,LOW,3,9.0,"No exact Phase 1 body duplicate; exact repeated-block ratio 0.2483, unique-text ratio 0.7517; 42 retained similarity pairs; max lexical 0.3110; max heading 0.8889.",LOW,2,6.0,3 current authoritative benchmarks assigned for Mindfulness; EchoBuddha role is quote/reflection; 0 extracted citations; 0 Buddhist primary-source links; source section present.,MEDIUM,0,0.0,42 retained similarity pairs; max lexical 0.3110; max heading 0.8889; declared owner(s): https://echobuddha.com/quotes/; query ownership is NO_DATA rather than inferred.,HIGH,4,8.0,17 headings and 18 paragraphs inspected as structural coverage evidence; purpose is quote/reflection; word count did not award points.,LOW,2,4.0,Visible author/editorial signal Echo Buddha Editorial; process reference present; provenance is structured repository content with historical drafting method not fully verified.,LOW,3,3.0,0 extracted citations; 0 Buddhist primary-source links; source section present,LOW,4,4.0,"Phase 1 observed HTTP 200, canonical self, indexable true; current sitemap/robots hashes match Phase 0 and no rendered ad/placeholder surface was observed.",HIGH,2,2.0,0 clicks and 1 impressions in the preserved three-month page export; query×page join unavailable,HIGH,3,3.0,"quote/reflection assessed for reference, practice, reflection, or repeat navigation utility; family QUOTE_STORY; independent-purpose raw score 2/5.",LOW,45,Evidence-weighted internal Phase 2 score; LOW_VALUE_INVENTORY_RISK | REPLICATED_CONTENT_RISK | INTERNAL_DUPLICATION_RISK | SCALED_CONTENT_PATTERN_REVIEW | OWNER_SUPPORT_OVERLAP | WEAK_INDEPENDENT_PURPOSE.,SC_MN10 | ATI_DN22 | NHS_MINDFULNESS,NOT_VERIFIED,ND_MINDFULNESS,INTENT_MINDFULNESS,DECLARED_SUPPORT,NO_DATA,0,1,LIMITED,LOW_VALUE_INVENTORY_RISK | REPLICATED_CONTENT_RISK | INTERNAL_DUPLICATION_RISK | SCALED_CONTENT_PATTERN_REVIEW | OWNER_SUPPORT_OVERLAP | WEAK_INDEPENDENT_PURPOSE,false,,VERY_HIGH,WEAK,ADEQUATE,ADEQUATE,WEAK,true,30–49,CONSOLIDATION_INDEXATION_REVIEW_CANDIDATE,LOW,SCORED,true,false,42,45,Challenged score depression: high page-specific text ratio supports one originality point.,"Internal governance score, not a Google score or final URL disposition."
url_7de9c85594b0a98a,https://echobuddha.com/quotes/mindfulness/gratitude-notices-enough/,QUOTE_STORY,Quote Stories,Mindfulness,quote/reflection,QUOTE_REFLECTION,https://echobuddha.com/quotes/,2,6.0,quote/reflection; declared owner(s): https://echobuddha.com/quotes/; topic cluster contains 31 indexable URLs.,LOW,3,9.0,"No exact Phase 1 body duplicate; exact repeated-block ratio 0.2888, unique-text ratio 0.7112; 42 retained similarity pairs; max lexical 0.3286; max heading 0.8889.",LOW,2,6.0,3 current authoritative benchmarks assigned for Mindfulness; EchoBuddha role is quote/reflection; 0 extracted citations; 0 Buddhist primary-source links; source section present.,MEDIUM,0,0.0,42 retained similarity pairs; max lexical 0.3286; max heading 0.8889; declared owner(s): https://echobuddha.com/quotes/; query ownership is NO_DATA rather than inferred.,HIGH,4,8.0,17 headings and 18 paragraphs inspected as structural coverage evidence; purpose is quote/reflection; word count did not award points.,LOW,1,2.0,Visible author/editorial signal Echo Buddha Editorial; process reference present; provenance is structured repository content with historical drafting method not fully verified.,LOW,3,3.0,0 extracted citations; 0 Buddhist primary-source links; source section present,LOW,4,4.0,"Phase 1 observed HTTP 200, canonical self, indexable true; current sitemap/robots hashes match Phase 0 and no rendered ad/placeholder surface was observed.",HIGH,2,2.0,0 clicks and 0 impressions in the preserved three-month page export; query×page join unavailable,HIGH,3,3.0,"quote/reflection assessed for reference, practice, reflection, or repeat navigation utility; family QUOTE_STORY; independent-purpose raw score 2/5.",LOW,43,Evidence-weighted internal Phase 2 score; LOW_VALUE_INVENTORY_RISK | REPLICATED_CONTENT_RISK | INTERNAL_DUPLICATION_RISK | SCALED_CONTENT_PATTERN_REVIEW | OWNER_SUPPORT_OVERLAP | WEAK_INDEPENDENT_PURPOSE.,SC_MN10 | ATI_DN22 | NHS_MINDFULNESS,NOT_VERIFIED,ND_MINDFULNESS,INTENT_MINDFULNESS,DECLARED_SUPPORT,NO_DATA,0,0,LOW,LOW_VALUE_INVENTORY_RISK | REPLICATED_CONTENT_RISK | INTERNAL_DUPLICATION_RISK | SCALED_CONTENT_PATTERN_REVIEW | OWNER_SUPPORT_OVERLAP | WEAK_INDEPENDENT_PURPOSE,false,,VERY_HIGH,WEAK,ADEQUATE,ADEQUATE,WEAK,true,30–49,CONSOLIDATION_INDEXATION_REVIEW_CANDIDATE,LOW,SCORED,true,false,40,43,Challenged score depression: high page-specific text ratio supports one originality point.,"Internal governance score, not a Google score or final URL disposition."
url_854a82bc6ea75d2e,https://echobuddha.com/quotes/mindfulness/ground-yourself-gently/,QUOTE_STORY,Quote Stories,Mindfulness,quote/reflection,QUOTE_REFLECTION,https://echobuddha.com/quotes/,2,6.0,quote/reflection; declared owner(s): https://echobuddha.com/quotes/; topic cluster contains 31 indexable URLs.,LOW,3,9.0,"No exact Phase 1 body duplicate; exact repeated-block ratio 0.2788, unique-text ratio 0.7212; 42 retained similarity pairs; max lexical 0.3251; max heading 0.8889.",LOW,2,6.0,3 current authoritative benchmarks assigned for Mindfulness; EchoBuddha role is quote/reflection; 0 extracted citations; 0 Buddhist primary-source links; source section present.,MEDIUM,0,0.0,42 retained similarity pairs; max lexical 0.3251; max heading 0.8889; declared owner(s): https://echobuddha.com/quotes/; query ownership is NO_DATA rather than inferred.,HIGH,4,8.0,17 headings and 18 paragraphs inspected as structural coverage evidence; purpose is quote/reflection; word count did not award points.,LOW,1,2.0,Visible author/editorial signal Echo Buddha Editorial; process reference present; provenance is structured repository content with historical drafting method not fully verified.,LOW,3,3.0,0 extracted citations; 0 Buddhist primary-source links; source section present,LOW,4,4.0,"Phase 1 observed HTTP 200, canonical self, indexable true; current sitemap/robots hashes match Phase 0 and no rendered ad/placeholder surface was observed.",HIGH,2,2.0,0 clicks and 1 impressions in the preserved three-month page export; query×page join unavailable,HIGH,3,3.0,"quote/reflection assessed for reference, practice, reflection, or repeat navigation utility; family QUOTE_STORY; independent-purpose raw score 2/5.",LOW,43,Evidence-weighted internal Phase 2 score; LOW_VALUE_INVENTORY_RISK | REPLICATED_CONTENT_RISK | INTERNAL_DUPLICATION_RISK | SCALED_CONTENT_PATTERN_REVIEW | OWNER_SUPPORT_OVERLAP | WEAK_INDEPENDENT_PURPOSE.,SC_MN10 | ATI_DN22 | NHS_MINDFULNESS,NOT_VERIFIED,ND_MINDFULNESS,INTENT_MINDFULNESS,DECLARED_SUPPORT,NO_DATA,0,1,LIMITED,LOW_VALUE_INVENTORY_RISK | REPLICATED_CONTENT_RISK | INTERNAL_DUPLICATION_RISK | SCALED_CONTENT_PATTERN_REVIEW | OWNER_SUPPORT_OVERLAP | WEAK_INDEPENDENT_PURPOSE,false,,VERY_HIGH,WEAK,ADEQUATE,ADEQUATE,WEAK,true,30–49,CONSOLIDATION_INDEXATION_REVIEW_CANDIDATE,LOW,SCORED,true,false,40,43,Challenged score depression: high page-specific text ratio supports one originality point.,"Internal governance score, not a Google score or final URL disposition."
url_3bb972100403181a,https://echobuddha.com/quotes/mindfulness/,QUOTE_CATEGORY,Quotes,Mindfulness,navigation/reference,CATEGORY,https://echobuddha.com/quotes/,3,9.0,navigation/reference; declared owner(s): https://echobuddha.com/quotes/; topic cluster contains 31 indexable URLs.,MEDIUM,1,3.0,"No exact Phase 1 body duplicate; exact repeated-block ratio 0.9422, unique-text ratio 0.0578; 0 retained similarity pairs; max lexical 0.0000; max heading 0.0000.",MEDIUM,2,6.0,3 current authoritative benchmarks assigned for Mindfulness; EchoBuddha role is navigation/reference; 0 extracted citations; 0 Buddhist primary-source links; source section not extracted.,MEDIUM,3,9.0,0 retained similarity pairs; max lexical 0.0000; max heading 0.0000; declared owner(s): https://echobuddha.com/quotes/; query ownership is NO_DATA rather than inferred.,HIGH,3,6.0,7 headings and 10 paragraphs inspected as structural coverage evidence; purpose is navigation/reference; word count did not award points.,MEDIUM,2,4.0,Visible author/editorial signal Echo Buddha Editorial; process reference present; provenance is structured repository content with historical drafting method not fully verified.,MEDIUM,3,3.0,0 extracted citations; 0 Buddhist primary-source links; source section not extracted,MEDIUM,4,4.0,"Phase 1 observed HTTP 200, canonical self, indexable true; current sitemap/robots hashes match Phase 0 and no rendered ad/placeholder surface was observed.",HIGH,5,5.0,1 clicks and 20 impressions in the preserved three-month page export; query×page join unavailable,HIGH,3,3.0,"navigation/reference assessed for reference, practice, reflection, or repeat navigation utility; family QUOTE_CATEGORY; independent-purpose raw score 3/5.",MEDIUM,52,Evidence-weighted internal Phase 2 score; NAVIGATION_DOMINANT_SURFACE | OWNER_SUPPORT_OVERLAP | BOILERPLATE_DOMINANT | LOW_UNIQUE_TEXT_RATIO | SEO_EQUITY_HIGH.,SC_MN10 | ATI_DN22 | NHS_MINDFULNESS,MEDIUM,NONE,INTENT_MINDFULNESS,DECLARED_SUPPORT,NO_DATA,1,20,HIGH,NAVIGATION_DOMINANT_SURFACE | OWNER_SUPPORT_OVERLAP | BOILERPLATE_DOMINANT | LOW_UNIQUE_TEXT_RATIO | SEO_EQUITY_HIGH,false,,MODERATE,MODERATE,ADEQUATE,ADEQUATE,ADEQUATE,true,50–69,MAJOR_REVIEW_CANDIDATE,MEDIUM,SCORED,true,false,52,52,Independent challenge found no evidence-based adjustment.,"Internal governance score, not a Google score or final URL disposition."
url_025e0a1b9c54e453,https://echobuddha.com/quotes/mindfulness/listen-before-answering/,QUOTE_STORY,Quote Stories,Right Speech,quote/reflection,QUOTE_REFLECTION,https://echobuddha.com/quotes/,2,6.0,quote/reflection; declared owner(s): https://echobuddha.com/quotes/; topic cluster contains 6 indexable URLs.,LOW,3,9.0,"No exact Phase 1 body duplicate; exact repeated-block ratio 0.2795, unique-text ratio 0.7205; 42 retained similarity pairs; max lexical 0.3243; max heading 0.8889.",LOW,2,6.0,3 current authoritative benchmarks assigned for Right Speech; EchoBuddha role is quote/reflection; 0 extracted citations; 0 Buddhist primary-source links; source section present.,MEDIUM,0,0.0,42 retained similarity pairs; max lexical 0.3243; max heading 0.8889; declared owner(s): https://echobuddha.com/quotes/; query ownership is NO_DATA rather than inferred.,HIGH,4,8.0,17 headings and 18 paragraphs inspected as structural coverage evidence; purpose is quote/reflection; word count did not award points.,LOW,1,2.0,Visible author/editorial signal Echo Buddha Editorial; process reference present; provenance is structured repository content with historical drafting method not fully verified.,LOW,3,3.0,0 extracted citations; 0 Buddhist primary-source links; source section present,LOW,4,4.0,"Phase 1 observed HTTP 200, canonical self, indexable true; current sitemap/robots hashes match Phase 0 and no rendered ad/placeholder surface was observed.",HIGH,2,2.0,0 clicks and 2 impressions in the preserved three-month page export; query×page join unavailable,HIGH,3,3.0,"quote/reflection assessed for reference, practice, reflection, or repeat navigation utility; family QUOTE_STORY; independent-purpose raw score 2/5.",LOW,43,Evidence-weighted internal Phase 2 score; LOW_VALUE_INVENTORY_RISK | REPLICATED_CONTENT_RISK | INTERNAL_DUPLICATION_RISK | SCALED_CONTENT_PATTERN_REVIEW | OWNER_SUPPORT_OVERLAP | WEAK_INDEPENDENT_PURPOSE.,ATI_RIGHT_SPEECH | SC_SN45_8 | DHAMMA_SN45_8,NOT_VERIFIED,ND_RIGHT_SPEECH,INTENT_RIGHT_SPEECH,DECLARED_SUPPORT,NO_DATA,0,2,LIMITED,LOW_VALUE_INVENTORY_RISK | REPLICATED_CONTENT_RISK | INTERNAL_DUPLICATION_RISK | SCALED_CONTENT_PATTERN_REVIEW | OWNER_SUPPORT_OVERLAP | WEAK_INDEPENDENT_PURPOSE,false,,VERY_HIGH,WEAK,ADEQUATE,ADEQUATE,WEAK,true,30–49,CONSOLIDATION_INDEXATION_REVIEW_CANDIDATE,LOW,SCORED,true,false,40,43,Challenged score depression: high page-specific text ratio supports one originality point.,"Internal governance score, not a Google score or final URL disposition."
url_817200e574755ad5,https://echobuddha.com/quotes/mindfulness/peace-begins-with-attention/,QUOTE_STORY,Quote Stories,Mindfulness,quote/reflection,QUOTE_REFLECTION,https://echobuddha.com/quotes/,2,6.0,quote/reflection; declared owner(s): https://echobuddha.com/quotes/; topic cluster contains 31 indexable URLs.,LOW,3,9.0,"No exact Phase 1 body duplicate; exact repeated-block ratio 0.2647, unique-text ratio 0.7353; 42 retained similarity pairs; max lexical 0.3128; max heading 0.8889.",LOW,2,6.0,3 current authoritative benchmarks assigned for Mindfulness; EchoBuddha role is quote/reflection; 0 extracted citations; 0 Buddhist primary-source links; source section present.,MEDIUM,0,0.0,42 retained similarity pairs; max lexical 0.3128; max heading 0.8889; declared owner(s): https://echobuddha.com/quotes/; query ownership is NO_DATA rather than inferred.,HIGH,4,8.0,17 headings and 18 paragraphs inspected as structural coverage evidence; purpose is quote/reflection; word count did not award points.,LOW,1,2.0,Visible author/editorial signal Echo Buddha Editorial; process reference present; provenance is structured repository content with historical drafting method not fully verified.,LOW,3,3.0,0 extracted citations; 0 Buddhist primary-source links; source section present,LOW,4,4.0,"Phase 1 observed HTTP 200, canonical self, indexable true; current sitemap/robots hashes match Phase 0 and no rendered ad/placeholder surface was observed.",HIGH,2,2.0,0 clicks and 0 impressions in the preserved three-month page export; query×page join unavailable,HIGH,3,3.0,"quote/reflection assessed for reference, practice, reflection, or repeat navigation utility; family QUOTE_STORY; independent-purpose raw score 2/5.",LOW,43,Evidence-weighted internal Phase 2 score; LOW_VALUE_INVENTORY_RISK | REPLICATED_CONTENT_RISK | INTERNAL_DUPLICATION_RISK | SCALED_CONTENT_PATTERN_REVIEW | OWNER_SUPPORT_OVERLAP | WEAK_INDEPENDENT_PURPOSE.,SC_MN10 | ATI_DN22 | NHS_MINDFULNESS,NOT_VERIFIED,ND_MINDFULNESS,INTENT_MINDFULNESS,DECLARED_SUPPORT,NO_DATA,0,0,LOW,LOW_VALUE_INVENTORY_RISK | REPLICATED_CONTENT_RISK | INTERNAL_DUPLICATION_RISK | SCALED_CONTENT_PATTERN_REVIEW | OWNER_SUPPORT_OVERLAP | WEAK_INDEPENDENT_PURPOSE,false,,VERY_HIGH,WEAK,ADEQUATE,ADEQUATE,WEAK,true,30–49,CONSOLIDATION_INDEXATION_REVIEW_CANDIDATE,LOW,SCORED,true,false,40,43,Challenged score depression: high page-specific text ratio supports one originality point.,"Internal governance score, not a Google score or final URL disposition."
url_80153b3c11b5eef5,https://echobuddha.com/quotes/mindfulness/present-moment-one-step/,QUOTE_STORY,Quote Stories,Mindfulness,quote/reflection,QUOTE_REFLECTION,https://echobuddha.com/quotes/,2,6.0,quote/reflection; declared owner(s): https://echobuddha.com/quotes/; topic cluster contains 31 indexable URLs.,LOW,3,9.0,"No exact Phase 1 body duplicate; exact repeated-block ratio 0.2806, unique-text ratio 0.7194; 42 retained similarity pairs; max lexical 0.3286; max heading 0.8889.",LOW,2,6.0,3 current authoritative benchmarks assigned for Mindfulness; EchoBuddha role is quote/reflection; 0 extracted citations; 0 Buddhist primary-source links; source section present.,MEDIUM,0,0.0,42 retained similarity pairs; max lexical 0.3286; max heading 0.8889; declared owner(s): https://echobuddha.com/quotes/; query ownership is NO_DATA rather than inferred.,HIGH,4,8.0,17 headings and 18 paragraphs inspected as structural coverage evidence; purpose is quote/reflection; word count did not award points.,LOW,1,2.0,Visible author/editorial signal Echo Buddha Editorial; process reference present; provenance is structured repository content with historical drafting method not fully verified.,LOW,3,3.0,0 extracted citations; 0 Buddhist primary-source links; source section present,LOW,4,4.0,"Phase 1 observed HTTP 200, canonical self, indexable true; current sitemap/robots hashes match Phase 0 and no rendered ad/placeholder surface was observed.",HIGH,2,2.0,0 clicks and 0 impressions in the preserved three-month page export; query×page join unavailable,HIGH,3,3.0,"quote/reflection assessed for reference, practice, reflection, or repeat navigation utility; family QUOTE_STORY; independent-purpose raw score 2/5.",LOW,43,Evidence-weighted internal Phase 2 score; LOW_VALUE_INVENTORY_RISK | REPLICATED_CONTENT_RISK | INTERNAL_DUPLICATION_RISK | SCALED_CONTENT_PATTERN_REVIEW | OWNER_SUPPORT_OVERLAP | WEAK_INDEPENDENT_PURPOSE.,SC_MN10 | ATI_DN22 | NHS_MINDFULNESS,NOT_VERIFIED,ND_MINDFULNESS,INTENT_MINDFULNESS,DECLARED_SUPPORT,NO_DATA,0,0,LOW,LOW_VALUE_INVENTORY_RISK | REPLICATED_CONTENT_RISK | INTERNAL_DUPLICATION_RISK | SCALED_CONTENT_PATTERN_REVIEW | OWNER_SUPPORT_OVERLAP | WEAK_INDEPENDENT_PURPOSE,false,,VERY_HIGH,WEAK,ADEQUATE,ADEQUATE,WEAK,true,30–49,CONSOLIDATION_INDEXATION_REVIEW_CANDIDATE,LOW,SCORED,true,false,40,43,Challenged score depression: high page-specific text ratio supports one originality point.,"Internal governance score, not a Google score or final URL disposition."
url_70dbb2d5f2f57c0a,https://echobuddha.com/quotes/patience/family-kindness-and-patience/,QUOTE_STORY,Quote Stories,Compassion,quote/reflection,QUOTE_REFLECTION,https://echobuddha.com/quotes/,2,6.0,quote/reflection; declared owner(s): https://echobuddha.com/quotes/; topic cluster contains 19 indexable URLs.,LOW,3,9.0,"No exact Phase 1 body duplicate; exact repeated-block ratio 0.2927, unique-text ratio 0.7073; 42 retained similarity pairs; max lexical 0.3173; max heading 0.8889.",LOW,2,6.0,3 current authoritative benchmarks assigned for Compassion; EchoBuddha role is quote/reflection; 0 extracted citations; 0 Buddhist primary-source links; source section present.,MEDIUM,0,0.0,42 retained similarity pairs; max lexical 0.3173; max heading 0.8889; declared owner(s): https://echobuddha.com/quotes/; query ownership is NO_DATA rather than inferred.,HIGH,4,8.0,17 headings and 18 paragraphs inspected as structural coverage evidence; purpose is quote/reflection; word count did not award points.,LOW,1,2.0,Visible author/editorial signal Echo Buddha Editorial; process reference present; provenance is structured repository content with historical drafting method not fully verified.,LOW,3,3.0,0 extracted citations; 0 Buddhist primary-source links; source section present,LOW,4,4.0,"Phase 1 observed HTTP 200, canonical self, indexable true; current sitemap/robots hashes match Phase 0 and no rendered ad/placeholder surface was observed.",HIGH,2,2.0,0 clicks and 0 impressions in the preserved three-month page export; query×page join unavailable,HIGH,3,3.0,"quote/reflection assessed for reference, practice, reflection, or repeat navigation utility; family QUOTE_STORY; independent-purpose raw score 2/5.",LOW,43,Evidence-weighted internal Phase 2 score; LOW_VALUE_INVENTORY_RISK | REPLICATED_CONTENT_RISK | INTERNAL_DUPLICATION_RISK | SCALED_CONTENT_PATTERN_REVIEW | OWNER_SUPPORT_OVERLAP | WEAK_INDEPENDENT_PURPOSE.,SC_SNP1_8 | ATI_SNP1_8 | DHAMMA_KHP5,NOT_VERIFIED,ND_COMPASSION,INTENT_COMPASSION,DECLARED_SUPPORT,NO_DATA,0,0,LOW,LOW_VALUE_INVENTORY_RISK | REPLICATED_CONTENT_RISK | INTERNAL_DUPLICATION_RISK | SCALED_CONTENT_PATTERN_REVIEW | OWNER_SUPPORT_OVERLAP | WEAK_INDEPENDENT_PURPOSE,false,,VERY_HIGH,WEAK,ADEQUATE,ADEQUATE,WEAK,true,30–49,CONSOLIDATION_INDEXATION_REVIEW_CANDIDATE,LOW,SCORED,true,false,40,43,Challenged score depression: high page-specific text ratio supports one originality point.,"Internal governance score, not a Google score or final URL disposition."
url_4b18ff56f8b973ff,https://echobuddha.com/quotes/patience/,QUOTE_CATEGORY,Quotes,Patience,navigation/reference,CATEGORY,https://echobuddha.com/quotes/,3,9.0,navigation/reference; declared owner(s): https://echobuddha.com/quotes/; topic cluster contains 3 indexable URLs.,MEDIUM,1,3.0,"No exact Phase 1 body duplicate; exact repeated-block ratio 0.7949, unique-text ratio 0.2051; 0 retained similarity pairs; max lexical 0.0000; max heading 0.0000.",MEDIUM,2,6.0,3 current authoritative benchmarks assigned for Patience; EchoBuddha role is navigation/reference; 0 extracted citations; 0 Buddhist primary-source links; source section not extracted.,MEDIUM,3,9.0,0 retained similarity pairs; max lexical 0.0000; max heading 0.0000; declared owner(s): https://echobuddha.com/quotes/; query ownership is NO_DATA rather than inferred.,HIGH,3,6.0,7 headings and 12 paragraphs inspected as structural coverage evidence; purpose is navigation/reference; word count did not award points.,MEDIUM,2,4.0,Visible author/editorial signal Echo Buddha Editorial; process reference present; provenance is structured repository content with historical drafting method not fully verified.,MEDIUM,3,3.0,0 extracted citations; 0 Buddhist primary-source links; source section not extracted,MEDIUM,4,4.0,"Phase 1 observed HTTP 200, canonical self, indexable true; current sitemap/robots hashes match Phase 0 and no rendered ad/placeholder surface was observed.",HIGH,5,5.0,1 clicks and 179 impressions in the preserved three-month page export; query×page join unavailable,HIGH,3,3.0,"navigation/reference assessed for reference, practice, reflection, or repeat navigation utility; family QUOTE_CATEGORY; independent-purpose raw score 3/5.",MEDIUM,52,Evidence-weighted internal Phase 2 score; NAVIGATION_DOMINANT_SURFACE | OWNER_SUPPORT_OVERLAP | BOILERPLATE_DOMINANT | LOW_UNIQUE_TEXT_RATIO | SEO_EQUITY_HIGH.,ATI_PATIENCE | DHAMMA_AN4_28 | LIONS_ROAR,MEDIUM,NONE,INTENT_PATIENCE,DECLARED_SUPPORT,NO_DATA,1,179,HIGH,NAVIGATION_DOMINANT_SURFACE | OWNER_SUPPORT_OVERLAP | BOILERPLATE_DOMINANT | LOW_UNIQUE_TEXT_RATIO | SEO_EQUITY_HIGH,false,,MODERATE,MODERATE,ADEQUATE,ADEQUATE,ADEQUATE,true,50–69,MAJOR_REVIEW_CANDIDATE,MEDIUM,SCORED,true,false,52,52,Independent challenge found no evidence-based adjustment.,"Internal governance score, not a Google score or final URL disposition."
url_e6db866de2069038,https://echobuddha.com/quotes/patience/patience-softens-the-wait/,QUOTE_STORY,Quote Stories,Patience,quote/reflection,QUOTE_REFLECTION,https://echobuddha.com/quotes/,2,6.0,quote/reflection; declared owner(s): https://echobuddha.com/quotes/; topic cluster contains 3 indexable URLs.,LOW,3,9.0,"No exact Phase 1 body duplicate; exact repeated-block ratio 0.2903, unique-text ratio 0.7097; 42 retained similarity pairs; max lexical 0.3173; max heading 0.8889.",LOW,2,6.0,3 current authoritative benchmarks assigned for Patience; EchoBuddha role is quote/reflection; 0 extracted citations; 0 Buddhist primary-source links; source section present.,MEDIUM,0,0.0,42 retained similarity pairs; max lexical 0.3173; max heading 0.8889; declared owner(s): https://echobuddha.com/quotes/; query ownership is NO_DATA rather than inferred.,HIGH,4,8.0,17 headings and 18 paragraphs inspected as structural coverage evidence; purpose is quote/reflection; word count did not award points.,LOW,1,2.0,Visible author/editorial signal Echo Buddha Editorial; process reference present; provenance is structured repository content with historical drafting method not fully verified.,LOW,3,3.0,0 extracted citations; 0 Buddhist primary-source links; source section present,LOW,4,4.0,"Phase 1 observed HTTP 200, canonical self, indexable true; current sitemap/robots hashes match Phase 0 and no rendered ad/placeholder surface was observed.",HIGH,2,2.0,0 clicks and 0 impressions in the preserved three-month page export; query×page join unavailable,HIGH,3,3.0,"quote/reflection assessed for reference, practice, reflection, or repeat navigation utility; family QUOTE_STORY; independent-purpose raw score 2/5.",LOW,43,Evidence-weighted internal Phase 2 score; LOW_VALUE_INVENTORY_RISK | REPLICATED_CONTENT_RISK | INTERNAL_DUPLICATION_RISK | SCALED_CONTENT_PATTERN_REVIEW | OWNER_SUPPORT_OVERLAP | WEAK_INDEPENDENT_PURPOSE.,ATI_PATIENCE | DHAMMA_AN4_28 | LIONS_ROAR,NOT_VERIFIED,ND_PATIENCE,INTENT_PATIENCE,DECLARED_SUPPORT,NO_DATA,0,0,LOW,LOW_VALUE_INVENTORY_RISK | REPLICATED_CONTENT_RISK | INTERNAL_DUPLICATION_RISK | SCALED_CONTENT_PATTERN_REVIEW | OWNER_SUPPORT_OVERLAP | WEAK_INDEPENDENT_PURPOSE,false,,VERY_HIGH,WEAK,ADEQUATE,ADEQUATE,WEAK,true,30–49,CONSOLIDATION_INDEXATION_REVIEW_CANDIDATE,LOW,SCORED,true,false,40,43,Challenged score depression: high page-specific text ratio supports one originality point.,"Internal governance score, not a Google score or final URL disposition."
url_6668e158a4374f08,https://echobuddha.com/quotes/practice/eightfold-path-daily-choices/,QUOTE_STORY,Quote Stories,Noble Eightfold Path,quote/reflection,QUOTE_REFLECTION,https://echobuddha.com/quotes/,2,6.0,quote/reflection; declared owner(s): https://echobuddha.com/quotes/; topic cluster contains 7 indexable URLs.,LOW,3,9.0,"No exact Phase 1 body duplicate; exact repeated-block ratio 0.2891, unique-text ratio 0.7109; 42 retained similarity pairs; max lexical 0.3277; max heading 0.8889.",LOW,2,6.0,3 current authoritative benchmarks assigned for Noble Eightfold Path; EchoBuddha role is quote/reflection; 0 extracted citations; 0 Buddhist primary-source links; source section present.,MEDIUM,0,0.0,42 retained similarity pairs; max lexical 0.3277; max heading 0.8889; declared owner(s): https://echobuddha.com/quotes/; query ownership is NO_DATA rather than inferred.,HIGH,4,8.0,17 headings and 18 paragraphs inspected as structural coverage evidence; purpose is quote/reflection; word count did not award points.,LOW,1,2.0,Visible author/editorial signal Echo Buddha Editorial; process reference present; provenance is structured repository content with historical drafting method not fully verified.,LOW,3,3.0,0 extracted citations; 0 Buddhist primary-source links; source section present,LOW,4,4.0,"Phase 1 observed HTTP 200, canonical self, indexable true; current sitemap/robots hashes match Phase 0 and no rendered ad/placeholder surface was observed.",HIGH,2,2.0,0 clicks and 2 impressions in the preserved three-month page export; query×page join unavailable,HIGH,3,3.0,"quote/reflection assessed for reference, practice, reflection, or repeat navigation utility; family QUOTE_STORY; independent-purpose raw score 2/5.",LOW,43,Evidence-weighted internal Phase 2 score; LOW_VALUE_INVENTORY_RISK | REPLICATED_CONTENT_RISK | INTERNAL_DUPLICATION_RISK | SCALED_CONTENT_PATTERN_REVIEW | OWNER_SUPPORT_OVERLAP | WEAK_INDEPENDENT_PURPOSE.,SC_SN45_8 | ATI_SN45_8 | DHAMMA_SN45_8,NOT_VERIFIED,ND_NOBLE_EIGHTFOLD_PATH,INTENT_NOBLE_EIGHTFOLD_PATH,DECLARED_SUPPORT,NO_DATA,0,2,LIMITED,LOW_VALUE_INVENTORY_RISK | REPLICATED_CONTENT_RISK | INTERNAL_DUPLICATION_RISK | SCALED_CONTENT_PATTERN_REVIEW | OWNER_SUPPORT_OVERLAP | WEAK_INDEPENDENT_PURPOSE,false,,VERY_HIGH,WEAK,ADEQUATE,ADEQUATE,WEAK,true,30–49,CONSOLIDATION_INDEXATION_REVIEW_CANDIDATE,LOW,SCORED,true,false,40,43,Challenged score depression: high page-specific text ratio supports one originality point.,"Internal governance score, not a Google score or final URL disposition."
url_d28b54bb3b412eb6,https://echobuddha.com/quotes/practice/,QUOTE_CATEGORY,Quotes,Page-specific / unclustered,navigation/reference,CATEGORY,https://echobuddha.com/quotes/,3,9.0,navigation/reference; declared owner(s): https://echobuddha.com/quotes/; topic cluster contains 39 indexable URLs.,MEDIUM,1,3.0,"No exact Phase 1 body duplicate; exact repeated-block ratio 0.9467, unique-text ratio 0.0533; 0 retained similarity pairs; max lexical 0.0000; max heading 0.0000.",MEDIUM,2,6.0,3 current authoritative benchmarks assigned for Page-specific / unclustered; EchoBuddha role is navigation/reference; 0 extracted citations; 0 Buddhist primary-source links; source section not extracted.,MEDIUM,3,9.0,0 retained similarity pairs; max lexical 0.0000; max heading 0.0000; declared owner(s): https://echobuddha.com/quotes/; query ownership is NO_DATA rather than inferred.,HIGH,3,6.0,7 headings and 10 paragraphs inspected as structural coverage evidence; purpose is navigation/reference; word count did not award points.,MEDIUM,2,4.0,Visible author/editorial signal Echo Buddha Editorial; process reference present; provenance is structured repository content with historical drafting method not fully verified.,MEDIUM,3,3.0,0 extracted citations; 0 Buddhist primary-source links; source section not extracted,MEDIUM,4,4.0,"Phase 1 observed HTTP 200, canonical self, indexable true; current sitemap/robots hashes match Phase 0 and no rendered ad/placeholder surface was observed.",HIGH,3,3.0,0 clicks and 11 impressions in the preserved three-month page export; query×page join unavailable,HIGH,3,3.0,"navigation/reference assessed for reference, practice, reflection, or repeat navigation utility; family QUOTE_CATEGORY; independent-purpose raw score 3/5.",MEDIUM,50,Evidence-weighted internal Phase 2 score; NAVIGATION_DOMINANT_SURFACE | OWNER_SUPPORT_OVERLAP | BOILERPLATE_DOMINANT | LOW_UNIQUE_TEXT_RATIO.,TRICYCLE_BEGINNERS | ATI_BEFRIENDING | LIONS_ROAR,MEDIUM,NONE,Page-specific / unclustered,DECLARED_SUPPORT,NO_DATA,0,11,LIMITED,NAVIGATION_DOMINANT_SURFACE | OWNER_SUPPORT_OVERLAP | BOILERPLATE_DOMINANT | LOW_UNIQUE_TEXT_RATIO,false,,MODERATE,MODERATE,ADEQUATE,ADEQUATE,ADEQUATE,true,50–69,MAJOR_REVIEW_CANDIDATE,MEDIUM,SCORED,true,false,50,50,Independent challenge found no evidence-based adjustment.,"Internal governance score, not a Google score or final URL disposition."
url_582b64a3f4e84a9d,https://echobuddha.com/quotes/practice/mindfulness-at-work-breath/,QUOTE_STORY,Quote Stories,Mindfulness,quote/reflection,QUOTE_REFLECTION,https://echobuddha.com/quotes/,2,6.0,quote/reflection; declared owner(s): https://echobuddha.com/quotes/; topic cluster contains 31 indexable URLs.,LOW,3,9.0,"No exact Phase 1 body duplicate; exact repeated-block ratio 0.2917, unique-text ratio 0.7083; 42 retained similarity pairs; max lexical 0.3277; max heading 0.8889.",LOW,2,6.0,3 current authoritative benchmarks assigned for Mindfulness; EchoBuddha role is quote/reflection; 0 extracted citations; 0 Buddhist primary-source links; source section present.,MEDIUM,0,0.0,42 retained similarity pairs; max lexical 0.3277; max heading 0.8889; declared owner(s): https://echobuddha.com/quotes/; query ownership is NO_DATA rather than inferred.,HIGH,4,8.0,17 headings and 18 paragraphs inspected as structural coverage evidence; purpose is quote/reflection; word count did not award points.,LOW,1,2.0,Visible author/editorial signal Echo Buddha Editorial; process reference present; provenance is structured repository content with historical drafting method not fully verified.,LOW,3,3.0,0 extracted citations; 0 Buddhist primary-source links; source section present,LOW,4,4.0,"Phase 1 observed HTTP 200, canonical self, indexable true; current sitemap/robots hashes match Phase 0 and no rendered ad/placeholder surface was observed.",HIGH,2,2.0,0 clicks and 0 impressions in the preserved three-month page export; query×page join unavailable,HIGH,3,3.0,"quote/reflection assessed for reference, practice, reflection, or repeat navigation utility; family QUOTE_STORY; independent-purpose raw score 2/5.",LOW,43,Evidence-weighted internal Phase 2 score; LOW_VALUE_INVENTORY_RISK | REPLICATED_CONTENT_RISK | INTERNAL_DUPLICATION_RISK | SCALED_CONTENT_PATTERN_REVIEW | OWNER_SUPPORT_OVERLAP | WEAK_INDEPENDENT_PURPOSE.,SC_MN10 | ATI_DN22 | NHS_MINDFULNESS,NOT_VERIFIED,ND_MINDFULNESS,INTENT_MINDFULNESS,DECLARED_SUPPORT,NO_DATA,0,0,LOW,LOW_VALUE_INVENTORY_RISK | REPLICATED_CONTENT_RISK | INTERNAL_DUPLICATION_RISK | SCALED_CONTENT_PATTERN_REVIEW | OWNER_SUPPORT_OVERLAP | WEAK_INDEPENDENT_PURPOSE,false,,VERY_HIGH,WEAK,ADEQUATE,ADEQUATE,WEAK,true,30–49,CONSOLIDATION_INDEXATION_REVIEW_CANDIDATE,LOW,SCORED,true,false,40,43,Challenged score depression: high page-specific text ratio supports one originality point.,"Internal governance score, not a Google score or final URL disposition."
url_a120c05cb87b5983,https://echobuddha.com/quotes/practice/right-intention-turns-the-heart/,QUOTE_STORY,Quote Stories,Page-specific / unclustered,quote/reflection,QUOTE_REFLECTION,https://echobuddha.com/quotes/,2,6.0,quote/reflection; declared owner(s): https://echobuddha.com/quotes/; topic cluster contains 39 indexable URLs.,LOW,3,9.0,"No exact Phase 1 body duplicate; exact repeated-block ratio 0.2877, unique-text ratio 0.7123; 42 retained similarity pairs; max lexical 0.3274; max heading 0.8889.",LOW,2,6.0,3 current authoritative benchmarks assigned for Page-specific / unclustered; EchoBuddha role is quote/reflection; 0 extracted citations; 0 Buddhist primary-source links; source section present.,MEDIUM,0,0.0,42 retained similarity pairs; max lexical 0.3274; max heading 0.8889; declared owner(s): https://echobuddha.com/quotes/; query ownership is NO_DATA rather than inferred.,HIGH,4,8.0,17 headings and 18 paragraphs inspected as structural coverage evidence; purpose is quote/reflection; word count did not award points.,LOW,1,2.0,Visible author/editorial signal Echo Buddha Editorial; process reference present; provenance is structured repository content with historical drafting method not fully verified.,LOW,3,3.0,0 extracted citations; 0 Buddhist primary-source links; source section present,LOW,4,4.0,"Phase 1 observed HTTP 200, canonical self, indexable true; current sitemap/robots hashes match Phase 0 and no rendered ad/placeholder surface was observed.",HIGH,2,2.0,0 clicks and 0 impressions in the preserved three-month page export; query×page join unavailable,HIGH,3,3.0,"quote/reflection assessed for reference, practice, reflection, or repeat navigation utility; family QUOTE_STORY; independent-purpose raw score 2/5.",LOW,43,Evidence-weighted internal Phase 2 score; LOW_VALUE_INVENTORY_RISK | REPLICATED_CONTENT_RISK | INTERNAL_DUPLICATION_RISK | SCALED_CONTENT_PATTERN_REVIEW | OWNER_SUPPORT_OVERLAP | WEAK_INDEPENDENT_PURPOSE.,TRICYCLE_BEGINNERS | ATI_BEFRIENDING | LIONS_ROAR,NOT_VERIFIED,ND_PAGE_SPECIFIC_UNCLUSTERED,Page-specific / unclustered,DECLARED_SUPPORT,NO_DATA,0,0,LOW,LOW_VALUE_INVENTORY_RISK | REPLICATED_CONTENT_RISK | INTERNAL_DUPLICATION_RISK | SCALED_CONTENT_PATTERN_REVIEW | OWNER_SUPPORT_OVERLAP | WEAK_INDEPENDENT_PURPOSE,false,,VERY_HIGH,WEAK,ADEQUATE,ADEQUATE,WEAK,true,30–49,CONSOLIDATION_INDEXATION_REVIEW_CANDIDATE,LOW,SCORED,true,false,40,43,Challenged score depression: high page-specific text ratio supports one originality point.,"Internal governance score, not a Google score or final URL disposition."
url_02f5e6f70a2a8813,https://echobuddha.com/quotes/practice/small-actions-shape-the-mind/,QUOTE_STORY,Quote Stories,Page-specific / unclustered,quote/reflection,QUOTE_REFLECTION,https://echobuddha.com/quotes/,2,6.0,quote/reflection; declared owner(s): https://echobuddha.com/quotes/; topic cluster contains 39 indexable URLs.,LOW,3,9.0,"No exact Phase 1 body duplicate; exact repeated-block ratio 0.2786, unique-text ratio 0.7214; 42 retained similarity pairs; max lexical 0.3252; max heading 0.8889.",LOW,2,6.0,3 current authoritative benchmarks assigned for Page-specific / unclustered; EchoBuddha role is quote/reflection; 0 extracted citations; 0 Buddhist primary-source links; source section present.,MEDIUM,0,0.0,42 retained similarity pairs; max lexical 0.3252; max heading 0.8889; declared owner(s): https://echobuddha.com/quotes/; query ownership is NO_DATA rather than inferred.,HIGH,4,8.0,17 headings and 18 paragraphs inspected as structural coverage evidence; purpose is quote/reflection; word count did not award points.,LOW,1,2.0,Visible author/editorial signal Echo Buddha Editorial; process reference present; provenance is structured repository content with historical drafting method not fully verified.,LOW,3,3.0,0 extracted citations; 0 Buddhist primary-source links; source section present,LOW,4,4.0,"Phase 1 observed HTTP 200, canonical self, indexable true; current sitemap/robots hashes match Phase 0 and no rendered ad/placeholder surface was observed.",HIGH,2,2.0,0 clicks and 1 impressions in the preserved three-month page export; query×page join unavailable,HIGH,3,3.0,"quote/reflection assessed for reference, practice, reflection, or repeat navigation utility; family QUOTE_STORY; independent-purpose raw score 2/5.",LOW,43,Evidence-weighted internal Phase 2 score; LOW_VALUE_INVENTORY_RISK | REPLICATED_CONTENT_RISK | INTERNAL_DUPLICATION_RISK | SCALED_CONTENT_PATTERN_REVIEW | OWNER_SUPPORT_OVERLAP | WEAK_INDEPENDENT_PURPOSE.,TRICYCLE_BEGINNERS | ATI_BEFRIENDING | LIONS_ROAR,NOT_VERIFIED,ND_PAGE_SPECIFIC_UNCLUSTERED,Page-specific / unclustered,DECLARED_SUPPORT,NO_DATA,0,1,LIMITED,LOW_VALUE_INVENTORY_RISK | REPLICATED_CONTENT_RISK | INTERNAL_DUPLICATION_RISK | SCALED_CONTENT_PATTERN_REVIEW | OWNER_SUPPORT_OVERLAP | WEAK_INDEPENDENT_PURPOSE,false,,VERY_HIGH,WEAK,ADEQUATE,ADEQUATE,WEAK,true,30–49,CONSOLIDATION_INDEXATION_REVIEW_CANDIDATE,LOW,SCORED,true,false,40,43,Challenged score depression: high page-specific text ratio supports one originality point.,"Internal governance score, not a Google score or final URL disposition."
url_ec04bfe98fe634f1,https://echobuddha.com/quotes/renewal/begin-again-without-shame/,QUOTE_STORY,Quote Stories,Mindfulness,quote/reflection,QUOTE_REFLECTION,https://echobuddha.com/quotes/,2,6.0,quote/reflection; declared owner(s): https://echobuddha.com/quotes/; topic cluster contains 31 indexable URLs.,LOW,3,9.0,"No exact Phase 1 body duplicate; exact repeated-block ratio 0.2776, unique-text ratio 0.7224; 42 retained similarity pairs; max lexical 0.3197; max heading 0.8889.",LOW,2,6.0,3 current authoritative benchmarks assigned for Mindfulness; EchoBuddha role is quote/reflection; 0 extracted citations; 0 Buddhist primary-source links; source section present.,MEDIUM,0,0.0,42 retained similarity pairs; max lexical 0.3197; max heading 0.8889; declared owner(s): https://echobuddha.com/quotes/; query ownership is NO_DATA rather than inferred.,HIGH,4,8.0,17 headings and 18 paragraphs inspected as structural coverage evidence; purpose is quote/reflection; word count did not award points.,LOW,1,2.0,Visible author/editorial signal Echo Buddha Editorial; process reference present; provenance is structured repository content with historical drafting method not fully verified.,LOW,3,3.0,0 extracted citations; 0 Buddhist primary-source links; source section present,LOW,4,4.0,"Phase 1 observed HTTP 200, canonical self, indexable true; current sitemap/robots hashes match Phase 0 and no rendered ad/placeholder surface was observed.",HIGH,2,2.0,0 clicks and 0 impressions in the preserved three-month page export; query×page join unavailable,HIGH,3,3.0,"quote/reflection assessed for reference, practice, reflection, or repeat navigation utility; family QUOTE_STORY; independent-purpose raw score 2/5.",LOW,43,Evidence-weighted internal Phase 2 score; LOW_VALUE_INVENTORY_RISK | REPLICATED_CONTENT_RISK | INTERNAL_DUPLICATION_RISK | SCALED_CONTENT_PATTERN_REVIEW | OWNER_SUPPORT_OVERLAP | WEAK_INDEPENDENT_PURPOSE.,SC_MN10 | ATI_DN22 | NHS_MINDFULNESS,NOT_VERIFIED,ND_MINDFULNESS,INTENT_MINDFULNESS,DECLARED_SUPPORT,NO_DATA,0,0,LOW,LOW_VALUE_INVENTORY_RISK | REPLICATED_CONTENT_RISK | INTERNAL_DUPLICATION_RISK | SCALED_CONTENT_PATTERN_REVIEW | OWNER_SUPPORT_OVERLAP | WEAK_INDEPENDENT_PURPOSE,false,,VERY_HIGH,WEAK,ADEQUATE,ADEQUATE,WEAK,true,30–49,CONSOLIDATION_INDEXATION_REVIEW_CANDIDATE,LOW,SCORED,true,false,40,43,Challenged score depression: high page-specific text ratio supports one originality point.,"Internal governance score, not a Google score or final URL disposition."
url_31c3dc377a40e86a,https://echobuddha.com/quotes/renewal/evening-release-reflection/,QUOTE_STORY,Quote Stories,Attachment and Letting Go,quote/reflection,QUOTE_REFLECTION,https://echobuddha.com/quotes/,2,6.0,quote/reflection; declared owner(s): https://echobuddha.com/quotes/; topic cluster contains 13 indexable URLs.,LOW,3,9.0,"No exact Phase 1 body duplicate; exact repeated-block ratio 0.2736, unique-text ratio 0.7264; 42 retained similarity pairs; max lexical 0.3175; max heading 0.8889.",LOW,2,6.0,3 current authoritative benchmarks assigned for Attachment and Letting Go; EchoBuddha role is quote/reflection; 0 extracted citations; 0 Buddhist primary-source links; source section present.,MEDIUM,0,0.0,42 retained similarity pairs; max lexical 0.3175; max heading 0.8889; declared owner(s): https://echobuddha.com/quotes/; query ownership is NO_DATA rather than inferred.,HIGH,4,8.0,17 headings and 18 paragraphs inspected as structural coverage evidence; purpose is quote/reflection; word count did not award points.,LOW,1,2.0,Visible author/editorial signal Echo Buddha Editorial; process reference present; provenance is structured repository content with historical drafting method not fully verified.,LOW,3,3.0,0 extracted citations; 0 Buddhist primary-source links; source section present,LOW,4,4.0,"Phase 1 observed HTTP 200, canonical self, indexable true; current sitemap/robots hashes match Phase 0 and no rendered ad/placeholder surface was observed.",HIGH,2,2.0,0 clicks and 0 impressions in the preserved three-month page export; query×page join unavailable,HIGH,3,3.0,"quote/reflection assessed for reference, practice, reflection, or repeat navigation utility; family QUOTE_STORY; independent-purpose raw score 2/5.",LOW,43,Evidence-weighted internal Phase 2 score; LOW_VALUE_INVENTORY_RISK | REPLICATED_CONTENT_RISK | INTERNAL_DUPLICATION_RISK | SCALED_CONTENT_PATTERN_REVIEW | OWNER_SUPPORT_OVERLAP | WEAK_INDEPENDENT_PURPOSE.,TRICYCLE_BEGINNERS | ATI_BEFRIENDING | LIONS_ROAR,NOT_VERIFIED,ND_ATTACHMENT_AND_LETTING_GO,INTENT_ATTACHMENT_AND_LETTING_GO,DECLARED_SUPPORT,NO_DATA,0,0,LOW,LOW_VALUE_INVENTORY_RISK | REPLICATED_CONTENT_RISK | INTERNAL_DUPLICATION_RISK | SCALED_CONTENT_PATTERN_REVIEW | OWNER_SUPPORT_OVERLAP | WEAK_INDEPENDENT_PURPOSE,false,,VERY_HIGH,WEAK,ADEQUATE,ADEQUATE,WEAK,true,30–49,CONSOLIDATION_INDEXATION_REVIEW_CANDIDATE,LOW,SCORED,true,false,40,43,Challenged score depression: high page-specific text ratio supports one originality point.,"Internal governance score, not a Google score or final URL disposition."
url_a7fc325c6fd18e05,https://echobuddha.com/quotes/renewal/gentle-hope-keeps-walking/,QUOTE_STORY,Quote Stories,Page-specific / unclustered,quote/reflection,QUOTE_REFLECTION,https://echobuddha.com/quotes/,3,9.0,quote/reflection; declared owner(s): https://echobuddha.com/quotes/; topic cluster contains 39 indexable URLs.,LOW,3,9.0,"No exact Phase 1 body duplicate; exact repeated-block ratio 0.2794, unique-text ratio 0.7206; 42 retained similarity pairs; max lexical 0.3197; max heading 0.8889.",LOW,3,9.0,3 current authoritative benchmarks assigned for Page-specific / unclustered; EchoBuddha role is quote/reflection; 0 extracted citations; 0 Buddhist primary-source links; source section present.,MEDIUM,0,0.0,42 retained similarity pairs; max lexical 0.3197; max heading 0.8889; declared owner(s): https://echobuddha.com/quotes/; query ownership is NO_DATA rather than inferred.,HIGH,4,8.0,17 headings and 18 paragraphs inspected as structural coverage evidence; purpose is quote/reflection; word count did not award points.,LOW,1,2.0,Visible author/editorial signal Echo Buddha Editorial; process reference present; provenance is structured repository content with historical drafting method not fully verified.,LOW,3,3.0,0 extracted citations; 0 Buddhist primary-source links; source section present,LOW,4,4.0,"Phase 1 observed HTTP 200, canonical self, indexable true; current sitemap/robots hashes match Phase 0 and no rendered ad/placeholder surface was observed.",HIGH,2,2.0,0 clicks and 0 impressions in the preserved three-month page export; query×page join unavailable,HIGH,4,4.0,"quote/reflection assessed for reference, practice, reflection, or repeat navigation utility; family QUOTE_STORY; independent-purpose raw score 3/5.",LOW,50,Evidence-weighted internal Phase 2 score; REPLICATED_CONTENT_RISK | INTERNAL_DUPLICATION_RISK | SCALED_CONTENT_PATTERN_REVIEW | OWNER_SUPPORT_OVERLAP.,TRICYCLE_BEGINNERS | ATI_BEFRIENDING | LIONS_ROAR,NOT_VERIFIED,ND_PAGE_SPECIFIC_UNCLUSTERED,Page-specific / unclustered,DECLARED_SUPPORT,NO_DATA,0,0,LOW,REPLICATED_CONTENT_RISK | INTERNAL_DUPLICATION_RISK | SCALED_CONTENT_PATTERN_REVIEW | OWNER_SUPPORT_OVERLAP,false,,VERY_HIGH,MODERATE,ADEQUATE,ADEQUATE,ADEQUATE,true,50–69,MAJOR_REVIEW_CANDIDATE,LOW,SCORED,true,false,47,50,Challenged score depression: high page-specific text ratio supports one originality point.,"Internal governance score, not a Google score or final URL disposition."
url_d4d1542c1a9c08df,https://echobuddha.com/quotes/renewal/,QUOTE_CATEGORY,Quotes,Page-specific / unclustered,navigation/reference,CATEGORY,https://echobuddha.com/quotes/,3,9.0,navigation/reference; declared owner(s): https://echobuddha.com/quotes/; topic cluster contains 39 indexable URLs.,MEDIUM,1,3.0,"No exact Phase 1 body duplicate; exact repeated-block ratio 0.9414, unique-text ratio 0.0586; 0 retained similarity pairs; max lexical 0.0000; max heading 0.0000.",MEDIUM,2,6.0,3 current authoritative benchmarks assigned for Page-specific / unclustered; EchoBuddha role is navigation/reference; 0 extracted citations; 0 Buddhist primary-source links; source section not extracted.,MEDIUM,3,9.0,0 retained similarity pairs; max lexical 0.0000; max heading 0.0000; declared owner(s): https://echobuddha.com/quotes/; query ownership is NO_DATA rather than inferred.,HIGH,3,6.0,7 headings and 10 paragraphs inspected as structural coverage evidence; purpose is navigation/reference; word count did not award points.,MEDIUM,2,4.0,Visible author/editorial signal Echo Buddha Editorial; process reference present; provenance is structured repository content with historical drafting method not fully verified.,MEDIUM,3,3.0,0 extracted citations; 0 Buddhist primary-source links; source section not extracted,MEDIUM,4,4.0,"Phase 1 observed HTTP 200, canonical self, indexable true; current sitemap/robots hashes match Phase 0 and no rendered ad/placeholder surface was observed.",HIGH,2,2.0,0 clicks and 3 impressions in the preserved three-month page export; query×page join unavailable,HIGH,3,3.0,"navigation/reference assessed for reference, practice, reflection, or repeat navigation utility; family QUOTE_CATEGORY; independent-purpose raw score 3/5.",MEDIUM,49,Evidence-weighted internal Phase 2 score; LOW_VALUE_INVENTORY_RISK | NAVIGATION_DOMINANT_SURFACE | OWNER_SUPPORT_OVERLAP | BOILERPLATE_DOMINANT | LOW_UNIQUE_TEXT_RATIO.,TRICYCLE_BEGINNERS | ATI_BEFRIENDING | LIONS_ROAR,MEDIUM,NONE,Page-specific / unclustered,DECLARED_SUPPORT,NO_DATA,0,3,LIMITED,LOW_VALUE_INVENTORY_RISK | NAVIGATION_DOMINANT_SURFACE | OWNER_SUPPORT_OVERLAP | BOILERPLATE_DOMINANT | LOW_UNIQUE_TEXT_RATIO,false,,MODERATE,MODERATE,ADEQUATE,ADEQUATE,ADEQUATE,true,30–49,CONSOLIDATION_INDEXATION_REVIEW_CANDIDATE,MEDIUM,SCORED,true,false,49,49,Independent challenge found no evidence-based adjustment.,"Internal governance score, not a Google score or final URL disposition."
url_0f16eb1acd5ff028,https://echobuddha.com/quotes/renewal/one-calm-morning-intention/,QUOTE_STORY,Quote Stories,Page-specific / unclustered,quote/reflection,QUOTE_REFLECTION,https://echobuddha.com/quotes/,3,9.0,quote/reflection; declared owner(s): https://echobuddha.com/quotes/; topic cluster contains 39 indexable URLs.,LOW,3,9.0,"No exact Phase 1 body duplicate; exact repeated-block ratio 0.2710, unique-text ratio 0.7290; 42 retained similarity pairs; max lexical 0.3157; max heading 0.8889.",LOW,3,9.0,3 current authoritative benchmarks assigned for Page-specific / unclustered; EchoBuddha role is quote/reflection; 0 extracted citations; 0 Buddhist primary-source links; source section present.,MEDIUM,0,0.0,42 retained similarity pairs; max lexical 0.3157; max heading 0.8889; declared owner(s): https://echobuddha.com/quotes/; query ownership is NO_DATA rather than inferred.,HIGH,4,8.0,17 headings and 18 paragraphs inspected as structural coverage evidence; purpose is quote/reflection; word count did not award points.,LOW,1,2.0,Visible author/editorial signal Echo Buddha Editorial; process reference present; provenance is structured repository content with historical drafting method not fully verified.,LOW,3,3.0,0 extracted citations; 0 Buddhist primary-source links; source section present,LOW,4,4.0,"Phase 1 observed HTTP 200, canonical self, indexable true; current sitemap/robots hashes match Phase 0 and no rendered ad/placeholder surface was observed.",HIGH,2,2.0,0 clicks and 0 impressions in the preserved three-month page export; query×page join unavailable,HIGH,4,4.0,"quote/reflection assessed for reference, practice, reflection, or repeat navigation utility; family QUOTE_STORY; independent-purpose raw score 3/5.",LOW,50,Evidence-weighted internal Phase 2 score; REPLICATED_CONTENT_RISK | INTERNAL_DUPLICATION_RISK | SCALED_CONTENT_PATTERN_REVIEW | OWNER_SUPPORT_OVERLAP.,TRICYCLE_BEGINNERS | ATI_BEFRIENDING | LIONS_ROAR,NOT_VERIFIED,ND_PAGE_SPECIFIC_UNCLUSTERED,Page-specific / unclustered,DECLARED_SUPPORT,NO_DATA,0,0,LOW,REPLICATED_CONTENT_RISK | INTERNAL_DUPLICATION_RISK | SCALED_CONTENT_PATTERN_REVIEW | OWNER_SUPPORT_OVERLAP,false,,VERY_HIGH,MODERATE,ADEQUATE,ADEQUATE,ADEQUATE,true,50–69,MAJOR_REVIEW_CANDIDATE,LOW,SCORED,true,false,47,50,Challenged score depression: high page-specific text ratio supports one originality point.,"Internal governance score, not a Google score or final URL disposition."
url_c3b09a3d37e6b187,https://echobuddha.com/quotes/wisdom/contentment-with-what-is-here/,QUOTE_STORY,Quote Stories,Page-specific / unclustered,quote/reflection,QUOTE_REFLECTION,https://echobuddha.com/quotes/,2,6.0,quote/reflection; declared owner(s): https://echobuddha.com/quotes/; topic cluster contains 39 indexable URLs.,LOW,3,9.0,"No exact Phase 1 body duplicate; exact repeated-block ratio 0.2827, unique-text ratio 0.7173; 42 retained similarity pairs; max lexical 0.3307; max heading 0.8889.",LOW,2,6.0,3 current authoritative benchmarks assigned for Page-specific / unclustered; EchoBuddha role is quote/reflection; 0 extracted citations; 0 Buddhist primary-source links; source section present.,MEDIUM,0,0.0,42 retained similarity pairs; max lexical 0.3307; max heading 0.8889; declared owner(s): https://echobuddha.com/quotes/; query ownership is NO_DATA rather than inferred.,HIGH,4,8.0,17 headings and 18 paragraphs inspected as structural coverage evidence; purpose is quote/reflection; word count did not award points.,LOW,1,2.0,Visible author/editorial signal Echo Buddha Editorial; process reference present; provenance is structured repository content with historical drafting method not fully verified.,LOW,3,3.0,0 extracted citations; 0 Buddhist primary-source links; source section present,LOW,4,4.0,"Phase 1 observed HTTP 200, canonical self, indexable true; current sitemap/robots hashes match Phase 0 and no rendered ad/placeholder surface was observed.",HIGH,2,2.0,0 clicks and 0 impressions in the preserved three-month page export; query×page join unavailable,HIGH,3,3.0,"quote/reflection assessed for reference, practice, reflection, or repeat navigation utility; family QUOTE_STORY; independent-purpose raw score 2/5.",LOW,43,Evidence-weighted internal Phase 2 score; LOW_VALUE_INVENTORY_RISK | REPLICATED_CONTENT_RISK | INTERNAL_DUPLICATION_RISK | SCALED_CONTENT_PATTERN_REVIEW | OWNER_SUPPORT_OVERLAP | WEAK_INDEPENDENT_PURPOSE.,TRICYCLE_BEGINNERS | ATI_BEFRIENDING | LIONS_ROAR,NOT_VERIFIED,ND_PAGE_SPECIFIC_UNCLUSTERED,Page-specific / unclustered,DECLARED_SUPPORT,NO_DATA,0,0,LOW,LOW_VALUE_INVENTORY_RISK | REPLICATED_CONTENT_RISK | INTERNAL_DUPLICATION_RISK | SCALED_CONTENT_PATTERN_REVIEW | OWNER_SUPPORT_OVERLAP | WEAK_INDEPENDENT_PURPOSE,false,,VERY_HIGH,WEAK,ADEQUATE,ADEQUATE,WEAK,true,30–49,CONSOLIDATION_INDEXATION_REVIEW_CANDIDATE,LOW,SCORED,true,false,40,43,Challenged score depression: high page-specific text ratio supports one originality point.,"Internal governance score, not a Google score or final URL disposition."
url_edf5a94973522640,https://echobuddha.com/quotes/wisdom/difficult-people-and-boundaries/,QUOTE_STORY,Quote Stories,Page-specific / unclustered,quote/reflection,QUOTE_REFLECTION,https://echobuddha.com/quotes/,3,9.0,quote/reflection; declared owner(s): https://echobuddha.com/quotes/; topic cluster contains 39 indexable URLs.,LOW,2,6.0,"No exact Phase 1 body duplicate; exact repeated-block ratio 0.3033, unique-text ratio 0.6967; 42 retained similarity pairs; max lexical 0.3502; max heading 0.8889.",LOW,3,9.0,3 current authoritative benchmarks assigned for Page-specific / unclustered; EchoBuddha role is quote/reflection; 0 extracted citations; 0 Buddhist primary-source links; source section present.,MEDIUM,0,0.0,42 retained similarity pairs; max lexical 0.3502; max heading 0.8889; declared owner(s): https://echobuddha.com/quotes/; query ownership is NO_DATA rather than inferred.,HIGH,4,8.0,17 headings and 18 paragraphs inspected as structural coverage evidence; purpose is quote/reflection; word count did not award points.,LOW,1,2.0,Visible author/editorial signal Echo Buddha Editorial; process reference present; provenance is structured repository content with historical drafting method not fully verified.,LOW,3,3.0,0 extracted citations; 0 Buddhist primary-source links; source section present,LOW,4,4.0,"Phase 1 observed HTTP 200, canonical self, indexable true; current sitemap/robots hashes match Phase 0 and no rendered ad/placeholder surface was observed.",HIGH,2,2.0,0 clicks and 0 impressions in the preserved three-month page export; query×page join unavailable,HIGH,4,4.0,"quote/reflection assessed for reference, practice, reflection, or repeat navigation utility; family QUOTE_STORY; independent-purpose raw score 3/5.",LOW,47,Evidence-weighted internal Phase 2 score; LOW_VALUE_INVENTORY_RISK | REPLICATED_CONTENT_RISK | INTERNAL_DUPLICATION_RISK | SCALED_CONTENT_PATTERN_REVIEW | OWNER_SUPPORT_OVERLAP.,TRICYCLE_BEGINNERS | ATI_BEFRIENDING | LIONS_ROAR,NOT_VERIFIED,ND_PAGE_SPECIFIC_UNCLUSTERED,Page-specific / unclustered,DECLARED_SUPPORT,NO_DATA,0,0,LOW,LOW_VALUE_INVENTORY_RISK | REPLICATED_CONTENT_RISK | INTERNAL_DUPLICATION_RISK | SCALED_CONTENT_PATTERN_REVIEW | OWNER_SUPPORT_OVERLAP,false,,VERY_HIGH,MODERATE,ADEQUATE,ADEQUATE,ADEQUATE,true,30–49,CONSOLIDATION_INDEXATION_REVIEW_CANDIDATE,LOW,SCORED,true,false,47,47,Independent challenge found no evidence-based adjustment.,"Internal governance score, not a Google score or final URL disposition."
url_20efeca375b704d8,https://echobuddha.com/quotes/wisdom/,QUOTE_CATEGORY,Quotes,Page-specific / unclustered,navigation/reference,CATEGORY,https://echobuddha.com/quotes/,3,9.0,navigation/reference; declared owner(s): https://echobuddha.com/quotes/; topic cluster contains 39 indexable URLs.,MEDIUM,1,3.0,"No exact Phase 1 body duplicate; exact repeated-block ratio 0.9529, unique-text ratio 0.0471; 0 retained similarity pairs; max lexical 0.0000; max heading 0.0000.",MEDIUM,2,6.0,3 current authoritative benchmarks assigned for Page-specific / unclustered; EchoBuddha role is navigation/reference; 0 extracted citations; 0 Buddhist primary-source links; source section not extracted.,MEDIUM,3,9.0,0 retained similarity pairs; max lexical 0.0000; max heading 0.0000; declared owner(s): https://echobuddha.com/quotes/; query ownership is NO_DATA rather than inferred.,HIGH,3,6.0,7 headings and 10 paragraphs inspected as structural coverage evidence; purpose is navigation/reference; word count did not award points.,MEDIUM,2,4.0,Visible author/editorial signal Echo Buddha Editorial; process reference present; provenance is structured repository content with historical drafting method not fully verified.,MEDIUM,3,3.0,0 extracted citations; 0 Buddhist primary-source links; source section not extracted,MEDIUM,4,4.0,"Phase 1 observed HTTP 200, canonical self, indexable true; current sitemap/robots hashes match Phase 0 and no rendered ad/placeholder surface was observed.",HIGH,3,3.0,0 clicks and 9 impressions in the preserved three-month page export; query×page join unavailable,HIGH,3,3.0,"navigation/reference assessed for reference, practice, reflection, or repeat navigation utility; family QUOTE_CATEGORY; independent-purpose raw score 3/5.",MEDIUM,50,Evidence-weighted internal Phase 2 score; NAVIGATION_DOMINANT_SURFACE | OWNER_SUPPORT_OVERLAP | BOILERPLATE_DOMINANT | LOW_UNIQUE_TEXT_RATIO.,TRICYCLE_BEGINNERS | ATI_BEFRIENDING | LIONS_ROAR,MEDIUM,NONE,Page-specific / unclustered,DECLARED_SUPPORT,NO_DATA,0,9,LIMITED,NAVIGATION_DOMINANT_SURFACE | OWNER_SUPPORT_OVERLAP | BOILERPLATE_DOMINANT | LOW_UNIQUE_TEXT_RATIO,false,,MODERATE,MODERATE,ADEQUATE,ADEQUATE,ADEQUATE,true,50–69,MAJOR_REVIEW_CANDIDATE,MEDIUM,SCORED,true,false,50,50,Independent challenge found no evidence-based adjustment.,"Internal governance score, not a Google score or final URL disposition."
url_12d88fe4f6d13b3c,https://echobuddha.com/quotes/wisdom/karma-begins-in-intention/,QUOTE_STORY,Quote Stories,Karma,quote/reflection,QUOTE_REFLECTION,https://echobuddha.com/quotes/,2,6.0,quote/reflection; declared owner(s): https://echobuddha.com/quotes/; topic cluster contains 4 indexable URLs.,LOW,3,9.0,"No exact Phase 1 body duplicate; exact repeated-block ratio 0.2932, unique-text ratio 0.7068; 42 retained similarity pairs; max lexical 0.3364; max heading 0.8889.",LOW,2,6.0,3 current authoritative benchmarks assigned for Karma; EchoBuddha role is quote/reflection; 0 extracted citations; 0 Buddhist primary-source links; source section present.,MEDIUM,0,0.0,42 retained similarity pairs; max lexical 0.3364; max heading 0.8889; declared owner(s): https://echobuddha.com/quotes/; query ownership is NO_DATA rather than inferred.,HIGH,4,8.0,17 headings and 18 paragraphs inspected as structural coverage evidence; purpose is quote/reflection; word count did not award points.,LOW,1,2.0,Visible author/editorial signal Echo Buddha Editorial; process reference present; provenance is structured repository content with historical drafting method not fully verified.,LOW,3,3.0,0 extracted citations; 0 Buddhist primary-source links; source section present,LOW,4,4.0,"Phase 1 observed HTTP 200, canonical self, indexable true; current sitemap/robots hashes match Phase 0 and no rendered ad/placeholder surface was observed.",HIGH,3,3.0,0 clicks and 7 impressions in the preserved three-month page export; query×page join unavailable,HIGH,3,3.0,"quote/reflection assessed for reference, practice, reflection, or repeat navigation utility; family QUOTE_STORY; independent-purpose raw score 2/5.",LOW,44,Evidence-weighted internal Phase 2 score; LOW_VALUE_INVENTORY_RISK | REPLICATED_CONTENT_RISK | INTERNAL_DUPLICATION_RISK | SCALED_CONTENT_PATTERN_REVIEW | OWNER_SUPPORT_OVERLAP | WEAK_INDEPENDENT_PURPOSE.,SC_AN6_63 | ATI_AN3_65 | SC_DEFINE_DHAMMA,NOT_VERIFIED,ND_KARMA,INTENT_KARMA,DECLARED_SUPPORT,NO_DATA,0,7,LIMITED,LOW_VALUE_INVENTORY_RISK | REPLICATED_CONTENT_RISK | INTERNAL_DUPLICATION_RISK | SCALED_CONTENT_PATTERN_REVIEW | OWNER_SUPPORT_OVERLAP | WEAK_INDEPENDENT_PURPOSE,false,,VERY_HIGH,WEAK,ADEQUATE,ADEQUATE,WEAK,true,30–49,CONSOLIDATION_INDEXATION_REVIEW_CANDIDATE,LOW,SCORED,true,false,41,44,Challenged score depression: high page-specific text ratio supports one originality point.,"Internal governance score, not a Google score or final URL disposition."
url_412aaffb098c172b,https://echobuddha.com/quotes/wisdom/right-speech-with-kindness/,QUOTE_STORY,Quote Stories,Compassion,quote/reflection,QUOTE_REFLECTION,https://echobuddha.com/quotes/,2,6.0,quote/reflection; declared owner(s): https://echobuddha.com/quotes/; topic cluster contains 19 indexable URLs.,LOW,3,9.0,"No exact Phase 1 body duplicate; exact repeated-block ratio 0.2832, unique-text ratio 0.7168; 42 retained similarity pairs; max lexical 0.3300; max heading 0.8889.",LOW,2,6.0,3 current authoritative benchmarks assigned for Compassion; EchoBuddha role is quote/reflection; 0 extracted citations; 0 Buddhist primary-source links; source section present.,MEDIUM,0,0.0,42 retained similarity pairs; max lexical 0.3300; max heading 0.8889; declared owner(s): https://echobuddha.com/quotes/; query ownership is NO_DATA rather than inferred.,HIGH,4,8.0,17 headings and 18 paragraphs inspected as structural coverage evidence; purpose is quote/reflection; word count did not award points.,LOW,1,2.0,Visible author/editorial signal Echo Buddha Editorial; process reference present; provenance is structured repository content with historical drafting method not fully verified.,LOW,3,3.0,0 extracted citations; 0 Buddhist primary-source links; source section present,LOW,4,4.0,"Phase 1 observed HTTP 200, canonical self, indexable true; current sitemap/robots hashes match Phase 0 and no rendered ad/placeholder surface was observed.",HIGH,2,2.0,0 clicks and 0 impressions in the preserved three-month page export; query×page join unavailable,HIGH,3,3.0,"quote/reflection assessed for reference, practice, reflection, or repeat navigation utility; family QUOTE_STORY; independent-purpose raw score 2/5.",LOW,43,Evidence-weighted internal Phase 2 score; LOW_VALUE_INVENTORY_RISK | REPLICATED_CONTENT_RISK | INTERNAL_DUPLICATION_RISK | SCALED_CONTENT_PATTERN_REVIEW | OWNER_SUPPORT_OVERLAP | WEAK_INDEPENDENT_PURPOSE.,SC_SNP1_8 | ATI_SNP1_8 | DHAMMA_KHP5,NOT_VERIFIED,ND_COMPASSION,INTENT_COMPASSION,DECLARED_SUPPORT,NO_DATA,0,0,LOW,LOW_VALUE_INVENTORY_RISK | REPLICATED_CONTENT_RISK | INTERNAL_DUPLICATION_RISK | SCALED_CONTENT_PATTERN_REVIEW | OWNER_SUPPORT_OVERLAP | WEAK_INDEPENDENT_PURPOSE,false,,VERY_HIGH,WEAK,ADEQUATE,ADEQUATE,WEAK,true,30–49,CONSOLIDATION_INDEXATION_REVIEW_CANDIDATE,LOW,SCORED,true,false,40,43,Challenged score depression: high page-specific text ratio supports one originality point.,"Internal governance score, not a Google score or final URL disposition."
url_c4eacfe874d0d56d,https://echobuddha.com/quotes/wisdom/simplicity-clears-the-room/,QUOTE_STORY,Quote Stories,Page-specific / unclustered,quote/reflection,QUOTE_REFLECTION,https://echobuddha.com/quotes/,2,6.0,quote/reflection; declared owner(s): https://echobuddha.com/quotes/; topic cluster contains 39 indexable URLs.,LOW,3,9.0,"No exact Phase 1 body duplicate; exact repeated-block ratio 0.2819, unique-text ratio 0.7181; 42 retained similarity pairs; max lexical 0.3292; max heading 0.8889.",LOW,2,6.0,3 current authoritative benchmarks assigned for Page-specific / unclustered; EchoBuddha role is quote/reflection; 0 extracted citations; 0 Buddhist primary-source links; source section present.,MEDIUM,0,0.0,42 retained similarity pairs; max lexical 0.3292; max heading 0.8889; declared owner(s): https://echobuddha.com/quotes/; query ownership is NO_DATA rather than inferred.,HIGH,4,8.0,17 headings and 18 paragraphs inspected as structural coverage evidence; purpose is quote/reflection; word count did not award points.,LOW,1,2.0,Visible author/editorial signal Echo Buddha Editorial; process reference present; provenance is structured repository content with historical drafting method not fully verified.,LOW,3,3.0,0 extracted citations; 0 Buddhist primary-source links; source section present,LOW,4,4.0,"Phase 1 observed HTTP 200, canonical self, indexable true; current sitemap/robots hashes match Phase 0 and no rendered ad/placeholder surface was observed.",HIGH,2,2.0,0 clicks and 0 impressions in the preserved three-month page export; query×page join unavailable,HIGH,3,3.0,"quote/reflection assessed for reference, practice, reflection, or repeat navigation utility; family QUOTE_STORY; independent-purpose raw score 2/5.",LOW,43,Evidence-weighted internal Phase 2 score; LOW_VALUE_INVENTORY_RISK | REPLICATED_CONTENT_RISK | INTERNAL_DUPLICATION_RISK | SCALED_CONTENT_PATTERN_REVIEW | OWNER_SUPPORT_OVERLAP | WEAK_INDEPENDENT_PURPOSE.,TRICYCLE_BEGINNERS | ATI_BEFRIENDING | LIONS_ROAR,NOT_VERIFIED,ND_PAGE_SPECIFIC_UNCLUSTERED,Page-specific / unclustered,DECLARED_SUPPORT,NO_DATA,0,0,LOW,LOW_VALUE_INVENTORY_RISK | REPLICATED_CONTENT_RISK | INTERNAL_DUPLICATION_RISK | SCALED_CONTENT_PATTERN_REVIEW | OWNER_SUPPORT_OVERLAP | WEAK_INDEPENDENT_PURPOSE,false,,VERY_HIGH,WEAK,ADEQUATE,ADEQUATE,WEAK,true,30–49,CONSOLIDATION_INDEXATION_REVIEW_CANDIDATE,LOW,SCORED,true,false,40,43,Challenged score depression: high page-specific text ratio supports one originality point.,"Internal governance score, not a Google score or final URL disposition."
url_84888464709c21cf,https://echobuddha.com/quotes/wisdom/understanding-suffering-honestly/,QUOTE_STORY,Quote Stories,Four Noble Truths,quote/reflection,QUOTE_REFLECTION,https://echobuddha.com/quotes/,2,6.0,quote/reflection; declared owner(s): https://echobuddha.com/quotes/; topic cluster contains 6 indexable URLs.,LOW,3,9.0,"No exact Phase 1 body duplicate; exact repeated-block ratio 0.2891, unique-text ratio 0.7109; 42 retained similarity pairs; max lexical 0.3341; max heading 0.8889.",LOW,2,6.0,3 current authoritative benchmarks assigned for Four Noble Truths; EchoBuddha role is quote/reflection; 0 extracted citations; 0 Buddhist primary-source links; source section present.,MEDIUM,0,0.0,42 retained similarity pairs; max lexical 0.3341; max heading 0.8889; declared owner(s): https://echobuddha.com/quotes/; query ownership is NO_DATA rather than inferred.,HIGH,4,8.0,17 headings and 18 paragraphs inspected as structural coverage evidence; purpose is quote/reflection; word count did not award points.,LOW,1,2.0,Visible author/editorial signal Echo Buddha Editorial; process reference present; provenance is structured repository content with historical drafting method not fully verified.,LOW,3,3.0,0 extracted citations; 0 Buddhist primary-source links; source section present,LOW,4,4.0,"Phase 1 observed HTTP 200, canonical self, indexable true; current sitemap/robots hashes match Phase 0 and no rendered ad/placeholder surface was observed.",HIGH,2,2.0,0 clicks and 0 impressions in the preserved three-month page export; query×page join unavailable,HIGH,3,3.0,"quote/reflection assessed for reference, practice, reflection, or repeat navigation utility; family QUOTE_STORY; independent-purpose raw score 2/5.",LOW,43,Evidence-weighted internal Phase 2 score; LOW_VALUE_INVENTORY_RISK | REPLICATED_CONTENT_RISK | INTERNAL_DUPLICATION_RISK | SCALED_CONTENT_PATTERN_REVIEW | OWNER_SUPPORT_OVERLAP | WEAK_INDEPENDENT_PURPOSE.,SC_SN56_11 | ATI_SN56_11 | TRICYCLE_BEGINNERS,NOT_VERIFIED,ND_FOUR_NOBLE_TRUTHS,INTENT_FOUR_NOBLE_TRUTHS,DECLARED_SUPPORT,NO_DATA,0,0,LOW,LOW_VALUE_INVENTORY_RISK | REPLICATED_CONTENT_RISK | INTERNAL_DUPLICATION_RISK | SCALED_CONTENT_PATTERN_REVIEW | OWNER_SUPPORT_OVERLAP | WEAK_INDEPENDENT_PURPOSE,false,,VERY_HIGH,WEAK,ADEQUATE,ADEQUATE,WEAK,true,30–49,CONSOLIDATION_INDEXATION_REVIEW_CANDIDATE,LOW,SCORED,true,false,40,43,Challenged score depression: high page-specific text ratio supports one originality point.,"Internal governance score, not a Google score or final URL disposition."
url_af1980d946e4234d,https://echobuddha.com/quotes/wisdom/wisdom-sees-clearly/,QUOTE_STORY,Quote Stories,Page-specific / unclustered,quote/reflection,QUOTE_REFLECTION,https://echobuddha.com/quotes/,2,6.0,quote/reflection; declared owner(s): https://echobuddha.com/quotes/; topic cluster contains 39 indexable URLs.,LOW,3,9.0,"No exact Phase 1 body duplicate; exact repeated-block ratio 0.2958, unique-text ratio 0.7042; 42 retained similarity pairs; max lexical 0.3418; max heading 0.8889.",LOW,2,6.0,3 current authoritative benchmarks assigned for Page-specific / unclustered; EchoBuddha role is quote/reflection; 0 extracted citations; 0 Buddhist primary-source links; source section present.,MEDIUM,0,0.0,42 retained similarity pairs; max lexical 0.3418; max heading 0.8889; declared owner(s): https://echobuddha.com/quotes/; query ownership is NO_DATA rather than inferred.,HIGH,4,8.0,17 headings and 18 paragraphs inspected as structural coverage evidence; purpose is quote/reflection; word count did not award points.,LOW,1,2.0,Visible author/editorial signal Echo Buddha Editorial; process reference present; provenance is structured repository content with historical drafting method not fully verified.,LOW,3,3.0,0 extracted citations; 0 Buddhist primary-source links; source section present,LOW,4,4.0,"Phase 1 observed HTTP 200, canonical self, indexable true; current sitemap/robots hashes match Phase 0 and no rendered ad/placeholder surface was observed.",HIGH,2,2.0,0 clicks and 3 impressions in the preserved three-month page export; query×page join unavailable,HIGH,3,3.0,"quote/reflection assessed for reference, practice, reflection, or repeat navigation utility; family QUOTE_STORY; independent-purpose raw score 2/5.",LOW,43,Evidence-weighted internal Phase 2 score; LOW_VALUE_INVENTORY_RISK | REPLICATED_CONTENT_RISK | INTERNAL_DUPLICATION_RISK | SCALED_CONTENT_PATTERN_REVIEW | OWNER_SUPPORT_OVERLAP | WEAK_INDEPENDENT_PURPOSE.,TRICYCLE_BEGINNERS | ATI_BEFRIENDING | LIONS_ROAR,NOT_VERIFIED,ND_PAGE_SPECIFIC_UNCLUSTERED,Page-specific / unclustered,DECLARED_SUPPORT,NO_DATA,0,3,LIMITED,LOW_VALUE_INVENTORY_RISK | REPLICATED_CONTENT_RISK | INTERNAL_DUPLICATION_RISK | SCALED_CONTENT_PATTERN_REVIEW | OWNER_SUPPORT_OVERLAP | WEAK_INDEPENDENT_PURPOSE,false,,VERY_HIGH,WEAK,ADEQUATE,ADEQUATE,WEAK,true,30–49,CONSOLIDATION_INDEXATION_REVIEW_CANDIDATE,LOW,SCORED,true,false,40,43,Challenged score depression: high page-specific text ratio supports one originality point.,"Internal governance score, not a Google score or final URL disposition."
url_b8b5c386ac866431,https://echobuddha.com/quotes/wisdom/wise-silence/,QUOTE_STORY,Quote Stories,Right Speech,quote/reflection,QUOTE_REFLECTION,https://echobuddha.com/quotes/,2,6.0,quote/reflection; declared owner(s): https://echobuddha.com/quotes/; topic cluster contains 6 indexable URLs.,LOW,2,6.0,"No exact Phase 1 body duplicate; exact repeated-block ratio 0.2902, unique-text ratio 0.7098; 42 retained similarity pairs; max lexical 0.3502; max heading 0.8889.",LOW,2,6.0,3 current authoritative benchmarks assigned for Right Speech; EchoBuddha role is quote/reflection; 0 extracted citations; 0 Buddhist primary-source links; source section present.,MEDIUM,0,0.0,42 retained similarity pairs; max lexical 0.3502; max heading 0.8889; declared owner(s): https://echobuddha.com/quotes/; query ownership is NO_DATA rather than inferred.,HIGH,4,8.0,17 headings and 18 paragraphs inspected as structural coverage evidence; purpose is quote/reflection; word count did not award points.,LOW,1,2.0,Visible author/editorial signal Echo Buddha Editorial; process reference present; provenance is structured repository content with historical drafting method not fully verified.,LOW,3,3.0,0 extracted citations; 0 Buddhist primary-source links; source section present,LOW,4,4.0,"Phase 1 observed HTTP 200, canonical self, indexable true; current sitemap/robots hashes match Phase 0 and no rendered ad/placeholder surface was observed.",HIGH,2,2.0,0 clicks and 2 impressions in the preserved three-month page export; query×page join unavailable,HIGH,3,3.0,"quote/reflection assessed for reference, practice, reflection, or repeat navigation utility; family QUOTE_STORY; independent-purpose raw score 2/5.",LOW,40,Evidence-weighted internal Phase 2 score; LOW_VALUE_INVENTORY_RISK | REPLICATED_CONTENT_RISK | INTERNAL_DUPLICATION_RISK | SCALED_CONTENT_PATTERN_REVIEW | OWNER_SUPPORT_OVERLAP | WEAK_INDEPENDENT_PURPOSE.,ATI_RIGHT_SPEECH | SC_SN45_8 | DHAMMA_SN45_8,NOT_VERIFIED,ND_RIGHT_SPEECH,INTENT_RIGHT_SPEECH,DECLARED_SUPPORT,NO_DATA,0,2,LIMITED,LOW_VALUE_INVENTORY_RISK | REPLICATED_CONTENT_RISK | INTERNAL_DUPLICATION_RISK | SCALED_CONTENT_PATTERN_REVIEW | OWNER_SUPPORT_OVERLAP | WEAK_INDEPENDENT_PURPOSE,false,,VERY_HIGH,WEAK,ADEQUATE,ADEQUATE,WEAK,true,30–49,CONSOLIDATION_INDEXATION_REVIEW_CANDIDATE,LOW,SCORED,true,false,40,40,Independent challenge found no evidence-based adjustment.,"Internal governance score, not a Google score or final URL disposition."
url_9dbc75b083b2bb14,https://echobuddha.com/start-here/,LEARN_GUIDE,Learn,Beginner Buddhism,practical guide,HUB,,4,12.0,practical guide; no declared owner relationship; topic cluster contains 7 indexable URLs.,MEDIUM,4,12.0,"No exact Phase 1 body duplicate; exact repeated-block ratio 0.2511, unique-text ratio 0.7489; 0 retained similarity pairs; max lexical 0.0000; max heading 0.0000.",MEDIUM,3,9.0,3 current authoritative benchmarks assigned for Beginner Buddhism; EchoBuddha role is practical guide; 0 extracted citations; 0 Buddhist primary-source links; source section present.,MEDIUM,4,12.0,0 retained similarity pairs; max lexical 0.0000; max heading 0.0000; no declared owner relationship; query ownership is NO_DATA rather than inferred.,HIGH,5,10.0,9 headings and 11 paragraphs inspected as structural coverage evidence; purpose is practical guide; word count did not award points.,MEDIUM,4,8.0,Visible author/editorial signal NOT_VERIFIED; process reference present; provenance is structured repository content with historical drafting method not fully verified.,MEDIUM,3,3.0,0 extracted citations; 0 Buddhist primary-source links; source section present,MEDIUM,4,4.0,"Phase 1 observed HTTP 200, canonical self, indexable true; current sitemap/robots hashes match Phase 0 and no rendered ad/placeholder surface was observed.",HIGH,2,2.0,0 clicks and 0 impressions in the preserved three-month page export; query×page join unavailable,HIGH,4,4.0,"practical guide assessed for reference, practice, reflection, or repeat navigation utility; family LEARN_GUIDE; independent-purpose raw score 4/5.",MEDIUM,76,Evidence-weighted internal Phase 2 score; SOURCE_QUALITY_GAP.,TRICYCLE_BEGINNERS | ATI_BEFRIENDING | SC_START,MEDIUM,NONE,INTENT_BEGINNER_BUDDHISM,NONE_VERIFIED,NO_DATA,0,0,LOW,SOURCE_QUALITY_GAP,false,,LOW,STRONG,ADEQUATE,ADEQUATE,STRONG,true,70–84,KEEP_ENHANCE_CANDIDATE,MEDIUM,SCORED,false,false,76,76,Not selected by the documented second-pass rules.,"Internal governance score, not a Google score or final URL disposition."
url_a48d39ac0a6de9be,https://echobuddha.com/tools/,TOOL,Tools,Mindfulness,practical guide,UTILITY,,4,12.0,practical guide; no declared owner relationship; topic cluster contains 31 indexable URLs.,MEDIUM,4,12.0,"No exact Phase 1 body duplicate; exact repeated-block ratio 0.0234, unique-text ratio 0.9766; 0 retained similarity pairs; max lexical 0.0000; max heading 0.0000.",MEDIUM,3,9.0,3 current authoritative benchmarks assigned for Mindfulness; EchoBuddha role is practical guide; 0 extracted citations; 0 Buddhist primary-source links; source section not extracted.,MEDIUM,5,15.0,0 retained similarity pairs; max lexical 0.0000; max heading 0.0000; no declared owner relationship; query ownership is NO_DATA rather than inferred.,HIGH,4,8.0,10 headings and 26 paragraphs inspected as structural coverage evidence; purpose is practical guide; word count did not award points.,MEDIUM,3,6.0,Visible author/editorial signal NOT_VERIFIED; process reference present; provenance is structured repository content with historical drafting method not fully verified.,MEDIUM,3,3.0,0 extracted citations; 0 Buddhist primary-source links; source section not extracted,MEDIUM,4,4.0,"Phase 1 observed HTTP 200, canonical self, indexable true; current sitemap/robots hashes match Phase 0 and no rendered ad/placeholder surface was observed.",HIGH,3,3.0,0 clicks and 6 impressions in the preserved three-month page export; query×page join unavailable,HIGH,4,4.0,"practical guide assessed for reference, practice, reflection, or repeat navigation utility; family TOOL; independent-purpose raw score 4/5.",MEDIUM,76,Evidence-weighted internal Phase 2 score; no material policy-risk flag.,SC_MN10 | ATI_DN22 | NHS_MINDFULNESS,MEDIUM,NONE,INTENT_MINDFULNESS,NONE_VERIFIED,NO_DATA,0,6,LIMITED,NONE_OBSERVED,false,,LOW,STRONG,ADEQUATE,ADEQUATE,STRONG,true,70–84,KEEP_ENHANCE_CANDIDATE,MEDIUM,SCORED,false,false,76,76,Not selected by the documented second-pass rules.,"Internal governance score, not a Google score or final URL disposition."
