URL,Page family,Title,H1,Words,Robots,Canonical,In sitemap,Inbound link occurrences,Phase 3 action
https://echobuddha.com/,homepage,Echo Buddha - Buddhist Wisdom for a Calmer Everyday Life,Echo Buddha,1261,"index, follow",https://echobuddha.com/,Yes,768,KEEP_INDEXED
https://echobuddha.com/404.html,error utility,Page Not Found | Echo Buddha,Page Not Found,162,"noindex, follow",,No,0,KEEP_NOINDEXED
https://echobuddha.com/about/,trust/policy,About Echo Buddha | Echo Buddha,About Echo Buddha,482,"index, follow",https://echobuddha.com/about/,Yes,337,HUMAN_REVIEW
https://echobuddha.com/articles/,hub/utility,Articles and Blog | Echo Buddha,Articles and Blog,1905,"index, follow",https://echobuddha.com/articles/,Yes,893,KEEP_INDEXED
https://echobuddha.com/articles/beginning-a-daily-mindfulness-practice/,article,Daily Mindfulness Practice for Beginners | Echo Buddha,Beginning a Daily Mindfulness Practice,1533,"index, follow",https://echobuddha.com/articles/beginning-a-daily-mindfulness-practice/,Yes,44,IMPROVE_LATER_PHASE
https://echobuddha.com/articles/buddhism-for-beginners-simple-guide/,article,Buddhism for Beginners: A Simple Guide | Echo Buddha,Buddhism for Beginners: A Simple Guide to the Path,1824,"index, follow",https://echobuddha.com/articles/buddhism-for-beginners-simple-guide/,Yes,24,CONSOLIDATE_AFTER_PHASE_4
https://echobuddha.com/articles/buddhist-approach-to-anger/,article,A Buddhist Approach to Anger | Echo Buddha,"A Buddhist Approach to Anger: Pause, Understand, Respond",1614,"index, follow",https://echobuddha.com/articles/buddhist-approach-to-anger/,Yes,38,KEEP_INDEXED
https://echobuddha.com/articles/buddhist-gratitude-practice/,article,Buddhist Gratitude Practice Without Forced Positivity | Echo Buddha,Buddhist Gratitude Practice: Appreciating Life Without Clinging,1804,"index, follow",https://echobuddha.com/articles/buddhist-gratitude-practice/,Yes,8,KEEP_INDEXED
https://echobuddha.com/articles/buddhist-teachings-on-forgiveness/,article,Buddhist Teachings on Forgiveness and Letting Go | Echo Buddha,Buddhist Teachings on Forgiveness: Letting Go Without Excusing Harm,1756,"index, follow",https://echobuddha.com/articles/buddhist-teachings-on-forgiveness/,Yes,18,KEEP_INDEXED
https://echobuddha.com/articles/buddhist-teachings-on-impermanence/,article,Buddhist Teachings on Impermanence | Echo Buddha,Buddhist Teachings on Impermanence and Change,1664,"index, follow",https://echobuddha.com/articles/buddhist-teachings-on-impermanence/,Yes,19,IMPROVE_LATER_PHASE
https://echobuddha.com/articles/buddhist-wisdom-for-overthinking/,article,Buddhist Wisdom for Overthinking and a Busy Mind | Echo Buddha,Buddhist Wisdom for Overthinking: How to Calm a Busy Mind,1771,"index, follow",https://echobuddha.com/articles/buddhist-wisdom-for-overthinking/,Yes,88,HUMAN_REVIEW
https://echobuddha.com/articles/category/buddhist-wisdom/,article category,Buddhist Wisdom Articles | Echo Buddha,Buddhist Wisdom Articles,942,"index, follow",https://echobuddha.com/articles/category/buddhist-wisdom/,Yes,283,IMPROVE_LATER_PHASE
https://echobuddha.com/articles/category/meditation/,article category,Meditation Articles | Echo Buddha,Meditation Articles,538,"index, follow",https://echobuddha.com/articles/category/meditation/,Yes,105,IMPROVE_LATER_PHASE
https://echobuddha.com/articles/category/mindfulness/,article category,Mindfulness Articles | Echo Buddha,Mindfulness Articles,424,"index, follow",https://echobuddha.com/articles/category/mindfulness/,Yes,117,IMPROVE_LATER_PHASE
https://echobuddha.com/articles/category/practice/,article category,Practice Articles | Echo Buddha,Practice Articles,487,"index, follow",https://echobuddha.com/articles/category/practice/,Yes,127,KEEP_INDEXED
https://echobuddha.com/articles/category/reflection/,article category,Reflection Articles | Echo Buddha,Reflection Articles,544,"index, follow",https://echobuddha.com/articles/category/reflection/,Yes,149,IMPROVE_LATER_PHASE
https://echobuddha.com/articles/compassion-as-a-daily-discipline/,article,Compassion as a Daily Buddhist Practice | Echo Buddha,Compassion as a Daily Discipline,1581,"index, follow",https://echobuddha.com/articles/compassion-as-a-daily-discipline/,Yes,37,IMPROVE_LATER_PHASE
https://echobuddha.com/articles/compassion-in-buddhism-beginner-guide/,article,Compassion in Buddhism: Beginner Guide and Daily Practice | Echo Buddha,Compassion in Buddhism: A Beginner&#39;s Guide,1576,"index, follow",https://echobuddha.com/articles/compassion-in-buddhism-beginner-guide/,Yes,14,KEEP_INDEXED
https://echobuddha.com/articles/compassion-with-boundaries/,article,Compassion With Boundaries in Buddhist Practice | Echo Buddha,Compassion With Boundaries,991,"index, follow",https://echobuddha.com/articles/compassion-with-boundaries/,Yes,112,IMPROVE_LATER_PHASE
https://echobuddha.com/articles/creating-a-peaceful-corner-at-home/,article,Create a Peaceful Meditation Corner | Echo Buddha,Creating a Peaceful Corner at Home,1556,"index, follow",https://echobuddha.com/articles/creating-a-peaceful-corner-at-home/,Yes,4,IMPROVE_LATER_PHASE
https://echobuddha.com/articles/dhamma-vs-dharma/,article,Dhamma vs Dharma: Buddhist Meaning and Spelling | Echo Buddha,Dhamma vs Dharma: What Is the Difference?,1149,"index, follow",https://echobuddha.com/articles/dhamma-vs-dharma/,Yes,112,IMPROVE_LATER_PHASE
https://echobuddha.com/articles/dhammapada-reflection-trained-mind/,article,Dhammapada Reflection on a Trained Mind and Peace | Echo Buddha,Dhammapada Reflection: A Trained Mind Brings Peace,1572,"index, follow",https://echobuddha.com/articles/dhammapada-reflection-trained-mind/,Yes,8,HUMAN_REVIEW
https://echobuddha.com/articles/dhammapada-reflection-what-we-think/,article,"Dhammapada What We Think: Translation, Paraphrase, Reflection | Echo Buddha","Dhammapada Reflection: What We Think, We Become",1802,"index, follow",https://echobuddha.com/articles/dhammapada-reflection-what-we-think/,Yes,12,HUMAN_REVIEW
https://echobuddha.com/articles/dhammapada-verse-1-meaning/,article,Dhammapada Verse 1 Meaning and Translation Caution | Echo Buddha,Dhammapada Verse 1 Meaning and Translation Caution,1176,"index, follow",https://echobuddha.com/articles/dhammapada-verse-1-meaning/,Yes,75,HUMAN_REVIEW
https://echobuddha.com/articles/eightfold-path-explained-daily-life/,article,Eightfold Path in Daily Life | Echo Buddha,The Noble Eightfold Path Explained for Daily Life,1803,"index, follow",https://echobuddha.com/articles/eightfold-path-explained-daily-life/,Yes,14,CONSOLIDATE_AFTER_PHASE_4
https://echobuddha.com/articles/eightfold-path-explained/,article,The Noble Eightfold Path Explained for Beginners | Echo Buddha,The Noble Eightfold Path Explained for Beginners,1918,"index, follow",https://echobuddha.com/articles/eightfold-path-explained/,Yes,22,IMPROVE_LATER_PHASE
https://echobuddha.com/articles/equanimity-in-buddhism/,article,Equanimity in Buddhism: Balanced Care Without Numbness | Echo Buddha,Equanimity in Buddhism: Calm Without Indifference,1924,"index, follow",https://echobuddha.com/articles/equanimity-in-buddhism/,Yes,4,KEEP_INDEXED
https://echobuddha.com/articles/first-week-buddhist-practice/,article,First Week Buddhist Practice for Beginners | Echo Buddha,First Week Buddhist Practice for Beginners,1173,"index, follow",https://echobuddha.com/articles/first-week-buddhist-practice/,Yes,71,IMPROVE_LATER_PHASE
https://echobuddha.com/articles/five-precepts-in-daily-life/,article,Five Precepts in Daily Life: Buddhist Ethics for Beginners | Echo Buddha,The Five Precepts in Daily Life: A Beginner&#39;s Guide to Buddhist Ethics,2409,"index, follow",https://echobuddha.com/articles/five-precepts-in-daily-life/,Yes,10,IMPROVE_LATER_PHASE
https://echobuddha.com/articles/four-noble-truths-explained-simply/,article,Four Noble Truths Explained Simply for Beginners | Echo Buddha,The Four Noble Truths Explained Simply,1698,"index, follow",https://echobuddha.com/articles/four-noble-truths-explained-simply/,Yes,12,CONSOLIDATE_AFTER_PHASE_4
https://echobuddha.com/articles/four-noble-truths-explained/,article,The Four Noble Truths Explained Simply | Echo Buddha,The Four Noble Truths Explained in Simple Everyday Language,1839,"index, follow",https://echobuddha.com/articles/four-noble-truths-explained/,Yes,14,IMPROVE_LATER_PHASE
https://echobuddha.com/articles/how-to-let-go-of-attachment-in-buddhism/,article,How to Let Go of Attachment in Buddhism | Echo Buddha,How to Let Go of Attachment in Buddhism,1879,"index, follow",https://echobuddha.com/articles/how-to-let-go-of-attachment-in-buddhism/,Yes,49,KEEP_INDEXED
https://echobuddha.com/articles/how-to-meditate-for-anxiety/,article,How to Meditate for Anxiety Gently | Echo Buddha,How to Meditate for Anxiety Without Fighting Your Mind,1830,"index, follow",https://echobuddha.com/articles/how-to-meditate-for-anxiety/,Yes,20,HUMAN_REVIEW
https://echobuddha.com/articles/how-to-meditate-for-beginners/,article,How to Meditate for Beginners: Simple Buddhist Guide | Echo Buddha,How to Meditate for Beginners: A Simple Buddhist Guide,1742,"index, follow",https://echobuddha.com/articles/how-to-meditate-for-beginners/,Yes,43,IMPROVE_LATER_PHASE
https://echobuddha.com/articles/how-to-practice-non-attachment/,article,How to Practice Non-Attachment | Echo Buddha,How to Practice Non-Attachment in Everyday Life,1592,"index, follow",https://echobuddha.com/articles/how-to-practice-non-attachment/,Yes,45,IMPROVE_LATER_PHASE
https://echobuddha.com/articles/impermanence-in-buddhism-letting-go/,article,Impermanence in Buddhism and How to Let Go Gently | Echo Buddha,Impermanence in Buddhism: Learning to Let Go Gently,1662,"index, follow",https://echobuddha.com/articles/impermanence-in-buddhism-letting-go/,Yes,7,CONSOLIDATE_AFTER_PHASE_4
https://echobuddha.com/articles/impermanence-in-buddhism/,article,Impermanence in Buddhism: Accepting Change Peacefully | Echo Buddha,Impermanence in Buddhism: Learning to Accept Change Peacefully,1857,"index, follow",https://echobuddha.com/articles/impermanence-in-buddhism/,Yes,21,CONSOLIDATE_AFTER_PHASE_4
https://echobuddha.com/articles/letting-go-without-giving-up/,article,Letting Go Without Giving Up | Echo Buddha,Letting Go Without Giving Up,1609,"index, follow",https://echobuddha.com/articles/letting-go-without-giving-up/,Yes,33,IMPROVE_LATER_PHASE
https://echobuddha.com/articles/loving-kindness-meditation-beginners/,article,Loving-Kindness Meditation for Beginners | Echo Buddha,Loving-Kindness Meditation for Beginners,1777,"index, follow",https://echobuddha.com/articles/loving-kindness-meditation-beginners/,Yes,17,CONSOLIDATE_AFTER_PHASE_4
https://echobuddha.com/articles/loving-kindness-meditation-guide/,article,Loving-Kindness Meditation Guide for Beginners | Echo Buddha,Loving-Kindness Meditation: A Gentle Practice Guide,1708,"index, follow",https://echobuddha.com/articles/loving-kindness-meditation-guide/,Yes,11,IMPROVE_LATER_PHASE
https://echobuddha.com/articles/metta-meditation-script/,article,Metta Meditation Script for Loving-Kindness Practice | Echo Buddha,Metta Meditation Script: A Loving-Kindness Practice for Yourself and Others,2036,"index, follow",https://echobuddha.com/articles/metta-meditation-script/,Yes,18,IMPROVE_LATER_PHASE
https://echobuddha.com/articles/mindful-email-and-texting/,article,Mindful Email and Texting with Buddhist Right Speech | Echo Buddha,Mindful Email and Texting,1118,"index, follow",https://echobuddha.com/articles/mindful-email-and-texting/,Yes,72,IMPROVE_LATER_PHASE
https://echobuddha.com/articles/mindful-listening-in-everyday-life/,article,Mindful Listening in Everyday Life | Echo Buddha,Mindful Listening in Everyday Life,1489,"index, follow",https://echobuddha.com/articles/mindful-listening-in-everyday-life/,Yes,21,IMPROVE_LATER_PHASE
https://echobuddha.com/articles/mindfulness-for-better-sleep/,article,Mindfulness for Better Sleep | Echo Buddha,Mindfulness for Better Sleep: A Gentle Evening Practice,1642,"index, follow",https://echobuddha.com/articles/mindfulness-for-better-sleep/,Yes,13,HUMAN_REVIEW
https://echobuddha.com/articles/mindfulness-morning-routine/,article,Mindful Morning Routine for Beginners | Echo Buddha,A Mindful Morning Routine for a Calmer Day,1581,"index, follow",https://echobuddha.com/articles/mindfulness-morning-routine/,Yes,27,IMPROVE_LATER_PHASE
https://echobuddha.com/articles/mindfulness-of-breathing-guide/,article,Mindfulness of Breathing Guide for Calm and Clarity | Echo Buddha,Mindfulness of Breathing: A Step-by-Step Guide,1711,"index, follow",https://echobuddha.com/articles/mindfulness-of-breathing-guide/,Yes,43,KEEP_INDEXED
https://echobuddha.com/articles/mindfulness-vs-meditation/,article,Mindfulness vs Meditation: Simple Beginner Guide | Echo Buddha,Mindfulness vs Meditation: What Is the Difference for Beginners?,1940,"index, follow",https://echobuddha.com/articles/mindfulness-vs-meditation/,Yes,87,IMPROVE_LATER_PHASE
https://echobuddha.com/articles/noble-eightfold-path-practical-guide/,article,Noble Eightfold Path Practical Guide for Daily Life | Echo Buddha,The Noble Eightfold Path: A Practical Guide for Daily Life,1557,"index, follow",https://echobuddha.com/articles/noble-eightfold-path-practical-guide/,Yes,17,CONSOLIDATE_AFTER_PHASE_4
https://echobuddha.com/articles/non-attachment-in-relationships/,article,Non-Attachment in Relationships Without Becoming Cold | Echo Buddha,Non-Attachment in Relationships,1140,"index, follow",https://echobuddha.com/articles/non-attachment-in-relationships/,Yes,81,IMPROVE_LATER_PHASE
https://echobuddha.com/articles/right-livelihood-modern-life/,article,Right Livelihood in Modern Life: Buddhist Work Ethics | Echo Buddha,Right Livelihood in Modern Life: Buddhist Work Ethics Without Perfectionism,2275,"index, follow",https://echobuddha.com/articles/right-livelihood-modern-life/,Yes,4,IMPROVE_LATER_PHASE
https://echobuddha.com/articles/right-speech-buddhism/,article,"Right Speech in Buddhism: Meaning, Examples, and Practice | Echo Buddha",Right Speech in Buddhism: How to Speak with Kindness and Awareness,1856,"index, follow",https://echobuddha.com/articles/right-speech-buddhism/,Yes,98,KEEP_INDEXED
https://echobuddha.com/articles/right-speech-examples/,article,Right Speech Examples for Everyday Life | Echo Buddha,Right Speech Examples for Everyday Life,1062,"index, follow",https://echobuddha.com/articles/right-speech-examples/,Yes,19,IMPROVE_LATER_PHASE
https://echobuddha.com/articles/three-poisons-buddhism-explained/,article,"Three Poisons in Buddhism: Greed, Aversion, and Delusion | Echo Buddha","The Three Poisons in Buddhism: Greed, Hatred, and Delusion Explained",2302,"index, follow",https://echobuddha.com/articles/three-poisons-buddhism-explained/,Yes,9,KEEP_INDEXED
https://echobuddha.com/articles/three-ways-to-practice-patience/,article,Three Ways to Practice Patience | Echo Buddha,Three Ways to Practice Patience,1525,"index, follow",https://echobuddha.com/articles/three-ways-to-practice-patience/,Yes,23,KEEP_INDEXED
https://echobuddha.com/articles/visiting-a-buddhist-temple-respectfully/,article,Visiting a Buddhist Temple Respectfully: Beginner Guide | Echo Buddha,Visiting a Buddhist Temple Respectfully,1166,"index, follow",https://echobuddha.com/articles/visiting-a-buddhist-temple-respectfully/,Yes,18,IMPROVE_LATER_PHASE
https://echobuddha.com/articles/walking-meditation-step-by-step/,article,Walking Meditation: Step-by-Step Guide | Echo Buddha,Walking Meditation: A Step-by-Step Beginner&#39;s Guide,1581,"index, follow",https://echobuddha.com/articles/walking-meditation-step-by-step/,Yes,13,IMPROVE_LATER_PHASE
https://echobuddha.com/articles/what-is-buddhism-beginner-guide/,article,What Is Buddhism? Beginner Guide to Buddhist Wisdom | Echo Buddha,What Is Buddhism? A Beginner-Friendly Guide,1788,"index, follow",https://echobuddha.com/articles/what-is-buddhism-beginner-guide/,Yes,19,IMPROVE_LATER_PHASE
https://echobuddha.com/articles/what-is-karma-in-buddhism/,article,How Karma Shapes Daily Choices in Buddhist Practice | Echo Buddha,How Karma Shapes Daily Choices in Buddhist Practice,1837,"index, follow",https://echobuddha.com/articles/what-is-karma-in-buddhism/,Yes,26,IMPROVE_LATER_PHASE
https://echobuddha.com/articles/what-is-sangha-buddhist-community/,article,What Is Sangha? Buddhist Community for Beginners | Echo Buddha,What Is Sangha? Why Buddhist Community Matters for Beginners,2189,"index, follow",https://echobuddha.com/articles/what-is-sangha-buddhist-community/,Yes,15,KEEP_INDEXED
https://echobuddha.com/authors/echo-buddha-editorial/,author/trust,Echo Buddha Editorial | Echo Buddha,Echo Buddha Editorial,437,"index, follow",https://echobuddha.com/authors/echo-buddha-editorial/,Yes,101,HUMAN_REVIEW
https://echobuddha.com/buddhist-sources-and-citations/,trust/policy,Buddhist Sources and Citations | Echo Buddha,Buddhist Sources and Citations,487,"index, follow",https://echobuddha.com/buddhist-sources-and-citations/,Yes,111,IMPROVE_LATER_PHASE
https://echobuddha.com/contact/,trust/policy,Contact | Echo Buddha,Contact Echo Buddha,264,"index, follow",https://echobuddha.com/contact/,Yes,337,IMPROVE_LATER_PHASE
https://echobuddha.com/corrections/,trust/policy,Corrections and Editorial Updates | Echo Buddha,Corrections and Editorial Updates,363,"index, follow",https://echobuddha.com/corrections/,Yes,594,IMPROVE_LATER_PHASE
https://echobuddha.com/daily-reflections/,hub/utility,Daily Buddhist Reflections for Mindful Living | Echo Buddha,Daily Buddhist Reflections for Mindful Living,2160,"index, follow",https://echobuddha.com/daily-reflections/,Yes,742,KEEP_INDEXED
https://echobuddha.com/daily-reflections/anger-as-a-signal/,daily reflection,Anger Can Become a Signal - Daily Buddhist Reflection | Echo Buddha,Anger Can Become a Signal,495,"noindex, follow",https://echobuddha.com/daily-reflections/anger-as-a-signal/,No,5,NOINDEX
https://echobuddha.com/daily-reflections/begin-again-without-shame/,daily reflection,Begin Again Without Shame - Daily Buddhist Reflection | Echo Buddha,Begin Again Without Shame,488,"noindex, follow",https://echobuddha.com/daily-reflections/begin-again-without-shame/,No,4,NOINDEX
https://echobuddha.com/daily-reflections/compassion-begins-nearby/,daily reflection,Compassion Begins Nearby - Daily Buddhist Reflection | Echo Buddha,Compassion Begins Nearby,486,"noindex, follow",https://echobuddha.com/daily-reflections/compassion-begins-nearby/,No,4,NOINDEX
https://echobuddha.com/daily-reflections/enough-for-this-moment/,daily reflection,Enough for This Moment - Daily Buddhist Reflection | Echo Buddha,Enough for This Moment,484,"noindex, follow",https://echobuddha.com/daily-reflections/enough-for-this-moment/,No,4,NOINDEX
https://echobuddha.com/daily-reflections/evening-release/,daily reflection,End the Day by Releasing - Daily Buddhist Reflection | Echo Buddha,End the Day by Releasing,492,"noindex, follow",https://echobuddha.com/daily-reflections/evening-release/,No,4,NOINDEX
https://echobuddha.com/daily-reflections/family-patience/,daily reflection,Patience at Home - Daily Buddhist Reflection | Echo Buddha,Patience at Home,478,"noindex, follow",https://echobuddha.com/daily-reflections/family-patience/,No,4,NOINDEX
https://echobuddha.com/daily-reflections/forgiveness-without-approval/,daily reflection,Forgiveness Is Not Approval - Daily Buddhist Reflection | Echo Buddha,Forgiveness Is Not Approval,480,"noindex, follow",https://echobuddha.com/daily-reflections/forgiveness-without-approval/,No,4,NOINDEX
https://echobuddha.com/daily-reflections/gratitude-for-change/,daily reflection,Gratitude for Change - Daily Buddhist Reflection | Echo Buddha,Gratitude for Change,469,"noindex, follow",https://echobuddha.com/daily-reflections/gratitude-for-change/,No,4,NOINDEX
https://echobuddha.com/daily-reflections/gratitude-notices-enough/,daily reflection,Gratitude Notices Enough - Daily Buddhist Reflection | Echo Buddha,Gratitude Notices Enough,474,"noindex, follow",https://echobuddha.com/daily-reflections/gratitude-notices-enough/,No,4,NOINDEX
https://echobuddha.com/daily-reflections/impermanence-softens-clinging/,daily reflection,Impermanence Softens Clinging - Daily Buddhist Reflection | Echo Buddha,Impermanence Softens Clinging,489,"noindex, follow",https://echobuddha.com/daily-reflections/impermanence-softens-clinging/,No,4,NOINDEX
https://echobuddha.com/daily-reflections/kindness-with-boundaries/,daily reflection,Kindness Can Have Boundaries - Daily Buddhist Reflection | Echo Buddha,Kindness Can Have Boundaries,481,"noindex, follow",https://echobuddha.com/daily-reflections/kindness-with-boundaries/,No,4,NOINDEX
https://echobuddha.com/daily-reflections/let-the-feeling-pass/,daily reflection,Let the Feeling Pass Through - Daily Buddhist Reflection | Echo Buddha,Let the Feeling Pass Through,509,"noindex, follow",https://echobuddha.com/daily-reflections/let-the-feeling-pass/,No,4,NOINDEX
https://echobuddha.com/daily-reflections/letting-go-keeps-care/,daily reflection,Letting Go Keeps the Care - Daily Buddhist Reflection | Echo Buddha,Letting Go Keeps the Care,483,"noindex, follow",https://echobuddha.com/daily-reflections/letting-go-keeps-care/,No,4,NOINDEX
https://echobuddha.com/daily-reflections/listen-before-answering/,daily reflection,Listen Before Answering - Daily Buddhist Reflection | Echo Buddha,Listen Before Answering,479,"noindex, follow",https://echobuddha.com/daily-reflections/listen-before-answering/,No,6,NOINDEX
https://echobuddha.com/daily-reflections/metta-for-a-difficult-person/,daily reflection,Metta Without Pretending - Daily Buddhist Reflection | Echo Buddha,Metta Without Pretending,486,"noindex, follow",https://echobuddha.com/daily-reflections/metta-for-a-difficult-person/,No,4,NOINDEX
https://echobuddha.com/daily-reflections/mindful-work/,daily reflection,Work Can Carry Practice - Daily Buddhist Reflection | Echo Buddha,Work Can Carry Practice,483,"noindex, follow",https://echobuddha.com/daily-reflections/mindful-work/,No,4,NOINDEX
https://echobuddha.com/daily-reflections/morning-intention/,daily reflection,Begin With Intention - Daily Buddhist Reflection | Echo Buddha,Begin With Intention,475,"noindex, follow",https://echobuddha.com/daily-reflections/morning-intention/,No,4,NOINDEX
https://echobuddha.com/daily-reflections/notice-before-fixing/,daily reflection,Notice Before Fixing - Daily Buddhist Reflection | Echo Buddha,Notice Before Fixing,480,"noindex, follow",https://echobuddha.com/daily-reflections/notice-before-fixing/,No,4,NOINDEX
https://echobuddha.com/daily-reflections/one-honest-breath/,daily reflection,Return Through One Honest Breath - Daily Buddhist Reflection | Echo Buddha,Return Through One Honest Breath,500,"noindex, follow",https://echobuddha.com/daily-reflections/one-honest-breath/,No,4,NOINDEX
https://echobuddha.com/daily-reflections/one-step-on-the-path/,daily reflection,The Path Is One Step - Daily Buddhist Reflection | Echo Buddha,The Path Is One Step,496,"noindex, follow",https://echobuddha.com/daily-reflections/one-step-on-the-path/,No,4,NOINDEX
https://echobuddha.com/daily-reflections/patience-before-anger-speaks/,daily reflection,Patience Begins Before Anger Speaks - Daily Buddhist Reflection | Echo Buddha,Patience Begins Before Anger Speaks,522,"noindex, follow",https://echobuddha.com/daily-reflections/patience-before-anger-speaks/,No,10,NOINDEX
https://echobuddha.com/daily-reflections/rest-without-escape/,daily reflection,Rest Without Escape - Daily Buddhist Reflection | Echo Buddha,Rest Without Escape,498,"noindex, follow",https://echobuddha.com/daily-reflections/rest-without-escape/,No,4,NOINDEX
https://echobuddha.com/daily-reflections/see-the-conditions/,daily reflection,See the Conditions - Daily Buddhist Reflection | Echo Buddha,See the Conditions,477,"noindex, follow",https://echobuddha.com/daily-reflections/see-the-conditions/,No,4,NOINDEX
https://echobuddha.com/daily-reflections/simple-goodwill/,daily reflection,Simple Goodwill Counts - Daily Buddhist Reflection | Echo Buddha,Simple Goodwill Counts,471,"noindex, follow",https://echobuddha.com/daily-reflections/simple-goodwill/,No,4,NOINDEX
https://echobuddha.com/daily-reflections/small-actions-shape-the-mind/,daily reflection,Small Actions Shape the Mind - Daily Buddhist Reflection | Echo Buddha,Small Actions Shape the Mind,488,"noindex, follow",https://echobuddha.com/daily-reflections/small-actions-shape-the-mind/,No,4,NOINDEX
https://echobuddha.com/daily-reflections/soften-the-inner-argument/,daily reflection,Soften the Inner Argument - Daily Buddhist Reflection | Echo Buddha,Soften the Inner Argument,480,"noindex, follow",https://echobuddha.com/daily-reflections/soften-the-inner-argument/,No,4,NOINDEX
https://echobuddha.com/daily-reflections/speech-can-reduce-suffering/,daily reflection,Speech Can Reduce Suffering - Daily Buddhist Reflection | Echo Buddha,Speech Can Reduce Suffering,480,"noindex, follow",https://echobuddha.com/daily-reflections/speech-can-reduce-suffering/,No,4,NOINDEX
https://echobuddha.com/daily-reflections/the-first-truth-is-kind/,daily reflection,The First Truth Is Kind - Daily Buddhist Reflection | Echo Buddha,The First Truth Is Kind,487,"noindex, follow",https://echobuddha.com/daily-reflections/the-first-truth-is-kind/,No,4,NOINDEX
https://echobuddha.com/daily-reflections/thoughts-are-visitors/,daily reflection,Thoughts Are Visitors - Daily Buddhist Reflection | Echo Buddha,Thoughts Are Visitors,496,"noindex, follow",https://echobuddha.com/daily-reflections/thoughts-are-visitors/,No,4,NOINDEX
https://echobuddha.com/daily-reflections/today/,daily reflection utility,Today&#39;s Buddhist Reflection Prompt | Echo Buddha,Today's Buddhist Reflection Prompt,2194,"noindex, follow",https://echobuddha.com/daily-reflections/today/,No,76,KEEP_NOINDEXED
https://echobuddha.com/daily-reflections/walking-as-practice/,daily reflection,Walking Can Be Practice - Daily Buddhist Reflection | Echo Buddha,Walking Can Be Practice,485,"noindex, follow",https://echobuddha.com/daily-reflections/walking-as-practice/,No,4,NOINDEX
https://echobuddha.com/disclaimer/,trust/policy,Disclaimer | Echo Buddha,Disclaimer,390,"index, follow",https://echobuddha.com/disclaimer/,Yes,428,IMPROVE_LATER_PHASE
https://echobuddha.com/editorial-policy/,trust/policy,Editorial Policy | Echo Buddha,Editorial Policy,759,"index, follow",https://echobuddha.com/editorial-policy/,Yes,528,IMPROVE_LATER_PHASE
https://echobuddha.com/how-echo-buddha-creates-content/,trust/policy,How Echo Buddha Creates Content | Echo Buddha,How Echo Buddha Creates Content,513,"index, follow",https://echobuddha.com/how-echo-buddha-creates-content/,Yes,4,IMPROVE_LATER_PHASE
https://echobuddha.com/learn/,hub/utility,Learn Buddhist Wisdom for Daily Life | Echo Buddha,Learn Buddhist Wisdom for Daily Life,777,"index, follow",https://echobuddha.com/learn/,Yes,728,KEEP_INDEXED
https://echobuddha.com/learn/buddhism-101/,learn hub,Buddhism 101 | Echo Buddha,Buddhism 101,821,"index, follow",https://echobuddha.com/learn/buddhism-101/,Yes,29,KEEP_INDEXED
https://echobuddha.com/learn/buddhism-101/a-simple-daily-buddhist-practice/,learn detail,A Simple Daily Buddhist Practice | Echo Buddha,A Simple Daily Buddhist Practice,500,"index, follow",https://echobuddha.com/learn/buddhism-101/a-simple-daily-buddhist-practice/,Yes,34,IMPROVE_LATER_PHASE
https://echobuddha.com/learn/buddhism-101/dependent-origination-explained/,learn detail,Dependent Origination in Buddhism Explained for Beginners | Echo Buddha,Dependent Origination Explained,1241,"index, follow",https://echobuddha.com/learn/buddhism-101/dependent-origination-explained/,Yes,10,IMPROVE_LATER_PHASE
https://echobuddha.com/learn/buddhism-101/five-aggregates-buddhism/,learn detail,The Five Aggregates in Buddhism Explained Simply | Echo Buddha,The Five Aggregates in Buddhism,1282,"index, follow",https://echobuddha.com/learn/buddhism-101/five-aggregates-buddhism/,Yes,4,IMPROVE_LATER_PHASE
https://echobuddha.com/learn/buddhism-101/five-hindrances-in-buddhism/,learn detail,Five Hindrances in Buddhism Explained for Beginners | Echo Buddha,The Five Hindrances in Buddhism,561,"index, follow",https://echobuddha.com/learn/buddhism-101/five-hindrances-in-buddhism/,Yes,4,IMPROVE_LATER_PHASE
https://echobuddha.com/learn/buddhism-101/five-precepts-buddhism/,learn detail,The Five Precepts in Buddhism: A Beginner&#39;s Guide to Ethical Living | Echo Buddha,The Five Precepts in Buddhism,1582,"index, follow",https://echobuddha.com/learn/buddhism-101/five-precepts-buddhism/,Yes,15,KEEP_INDEXED
https://echobuddha.com/learn/buddhism-101/four-brahmaviharas/,learn detail,"The Four Brahmaviharas: Loving-Kindness, Compassion, Joy, and Equanimity | Echo Buddha",The Four Brahmaviharas,564,"index, follow",https://echobuddha.com/learn/buddhism-101/four-brahmaviharas/,Yes,3,KEEP_INDEXED
https://echobuddha.com/learn/buddhism-101/how-to-practice-buddhism-at-home/,learn detail,How to Practice Buddhism at Home | Echo Buddha,How to Practice Buddhism at Home,527,"index, follow",https://echobuddha.com/learn/buddhism-101/how-to-practice-buddhism-at-home/,Yes,12,IMPROVE_LATER_PHASE
https://echobuddha.com/learn/buddhism-101/middle-way-explained-for-beginners/,learn detail,The Middle Way in Buddhism Explained for Beginners | Echo Buddha,The Middle Way Explained for Beginners,585,"index, follow",https://echobuddha.com/learn/buddhism-101/middle-way-explained-for-beginners/,Yes,4,IMPROVE_LATER_PHASE
https://echobuddha.com/learn/buddhism-101/right-livelihood-buddhism/,learn detail,Right Livelihood in Buddhism: A Beginner&#39;s Guide to Ethical Work | Echo Buddha,Right Livelihood in Buddhism,1444,"index, follow",https://echobuddha.com/learn/buddhism-101/right-livelihood-buddhism/,Yes,7,KEEP_INDEXED
https://echobuddha.com/learn/buddhism-101/the-four-noble-truths-explained/,learn detail,The Four Noble Truths Explained | Echo Buddha,The Four Noble Truths Explained,580,"index, follow",https://echobuddha.com/learn/buddhism-101/the-four-noble-truths-explained/,Yes,12,IMPROVE_LATER_PHASE
https://echobuddha.com/learn/buddhism-101/the-noble-eightfold-path-explained/,learn detail,The Noble Eightfold Path Explained | Echo Buddha,The Noble Eightfold Path Explained,594,"index, follow",https://echobuddha.com/learn/buddhism-101/the-noble-eightfold-path-explained/,Yes,11,IMPROVE_LATER_PHASE
https://echobuddha.com/learn/buddhism-101/the-three-jewels-explained/,learn detail,The Three Jewels Explained | Echo Buddha,The Three Jewels Explained,553,"index, follow",https://echobuddha.com/learn/buddhism-101/the-three-jewels-explained/,Yes,12,IMPROVE_LATER_PHASE
https://echobuddha.com/learn/buddhism-101/three-marks-of-existence/,learn detail,The Three Marks of Existence in Buddhism Explained Simply | Echo Buddha,The Three Marks of Existence,1267,"index, follow",https://echobuddha.com/learn/buddhism-101/three-marks-of-existence/,Yes,8,IMPROVE_LATER_PHASE
https://echobuddha.com/learn/buddhism-101/threefold-training-sila-samadhi-panna/,learn detail,"Threefold Training in Buddhism: Sila, Samadhi, and Panna | Echo Buddha","The Threefold Training: Sila, Samadhi, and Panna",615,"index, follow",https://echobuddha.com/learn/buddhism-101/threefold-training-sila-samadhi-panna/,Yes,3,IMPROVE_LATER_PHASE
https://echobuddha.com/learn/buddhism-101/what-is-buddhism/,learn detail,What Is Buddhism? A Clear Beginner&#39;s Guide | Echo Buddha,What Is Buddhism?,621,"index, follow",https://echobuddha.com/learn/buddhism-101/what-is-buddhism/,Yes,9,IMPROVE_LATER_PHASE
https://echobuddha.com/learn/buddhism-101/what-is-impermanence/,learn detail,What Is Impermanence? | Echo Buddha,What Is Impermanence?,564,"index, follow",https://echobuddha.com/learn/buddhism-101/what-is-impermanence/,Yes,38,KEEP_INDEXED
https://echobuddha.com/learn/buddhism-101/what-is-karma-in-buddhism/,learn detail,What Is Karma in Buddhism? A Beginner&#39;s Guide | Echo Buddha,What Is Karma in Buddhism?,556,"index, follow",https://echobuddha.com/learn/buddhism-101/what-is-karma-in-buddhism/,Yes,13,KEEP_INDEXED
https://echobuddha.com/learn/buddhism-101/what-is-mindfulness/,learn detail,What Is Mindfulness? | Echo Buddha,What Is Mindfulness?,560,"index, follow",https://echobuddha.com/learn/buddhism-101/what-is-mindfulness/,Yes,61,KEEP_INDEXED
https://echobuddha.com/learn/buddhism-101/who-was-the-buddha/,learn detail,Who Was the Buddha? A Simple Beginner-Friendly Explanation | Echo Buddha,Who Was the Buddha?,657,"index, follow",https://echobuddha.com/learn/buddhism-101/who-was-the-buddha/,Yes,5,IMPROVE_LATER_PHASE
https://echobuddha.com/learn/buddhism-for-beginners/,learn hub,Buddhism for Beginners - Simple Buddhist Teachings | Echo Buddha,Buddhism for Beginners,610,"index, follow",https://echobuddha.com/learn/buddhism-for-beginners/,Yes,21,KEEP_INDEXED
https://echobuddha.com/learn/buddhist-dictionary/,learn hub,Buddhist Dictionary | Echo Buddha,Buddhist Dictionary,509,"index, follow",https://echobuddha.com/learn/buddhist-dictionary/,Yes,25,KEEP_INDEXED
https://echobuddha.com/learn/buddhist-dictionary/anatta/,learn detail,Anatta Meaning: Non-Self in Buddhism Explained for Beginners | Echo Buddha,Anatta,493,"index, follow",https://echobuddha.com/learn/buddhist-dictionary/anatta/,Yes,17,IMPROVE_LATER_PHASE
https://echobuddha.com/learn/buddhist-dictionary/anicca/,learn detail,Anicca Meaning: Impermanence in Buddhism Explained Simply | Echo Buddha,Anicca,456,"index, follow",https://echobuddha.com/learn/buddhist-dictionary/anicca/,Yes,32,IMPROVE_LATER_PHASE
https://echobuddha.com/learn/buddhist-dictionary/compassion/,learn detail,Compassion Meaning in Buddhist Wisdom | Echo Buddha,Compassion,434,"index, follow",https://echobuddha.com/learn/buddhist-dictionary/compassion/,Yes,52,IMPROVE_LATER_PHASE
https://echobuddha.com/learn/buddhist-dictionary/dhamma/,learn detail,Dhamma Meaning: Buddhist Teaching and Truth | Echo Buddha,Dhamma,825,"index, follow",https://echobuddha.com/learn/buddhist-dictionary/dhamma/,Yes,81,KEEP_INDEXED
https://echobuddha.com/learn/buddhist-dictionary/dukkha/,learn detail,Dukkha Meaning: Suffering and Unsatisfactoriness in Buddhism | Echo Buddha,Dukkha,485,"index, follow",https://echobuddha.com/learn/buddhist-dictionary/dukkha/,Yes,53,IMPROVE_LATER_PHASE
https://echobuddha.com/learn/buddhist-dictionary/karma/,learn detail,"Karma Meaning in Buddhism: Intention, Action, and Consequences | Echo Buddha",Karma,456,"index, follow",https://echobuddha.com/learn/buddhist-dictionary/karma/,Yes,37,IMPROVE_LATER_PHASE
https://echobuddha.com/learn/buddhist-dictionary/karuna/,learn detail,Karuna Meaning: Compassion in Buddhism | Echo Buddha,Karuna,488,"index, follow",https://echobuddha.com/learn/buddhist-dictionary/karuna/,Yes,12,IMPROVE_LATER_PHASE
https://echobuddha.com/learn/buddhist-dictionary/metta/,learn detail,Metta Meaning: Loving-Kindness in Buddhism | Echo Buddha,Metta,507,"index, follow",https://echobuddha.com/learn/buddhist-dictionary/metta/,Yes,27,IMPROVE_LATER_PHASE
https://echobuddha.com/learn/buddhist-dictionary/mindfulness/,learn detail,Mindfulness Meaning in Buddhist Practice | Echo Buddha,Mindfulness,430,"index, follow",https://echobuddha.com/learn/buddhist-dictionary/mindfulness/,Yes,37,IMPROVE_LATER_PHASE
https://echobuddha.com/learn/buddhist-dictionary/nirvana/,learn detail,Nirvana Meaning in Buddhism Explained Simply | Echo Buddha,Nirvana,461,"index, follow",https://echobuddha.com/learn/buddhist-dictionary/nirvana/,Yes,4,IMPROVE_LATER_PHASE
https://echobuddha.com/learn/buddhist-dictionary/pali-canon/,learn detail,Pali Canon Meaning for Beginners | Echo Buddha,Pali Canon,573,"index, follow",https://echobuddha.com/learn/buddhist-dictionary/pali-canon/,Yes,8,HUMAN_REVIEW
https://echobuddha.com/learn/buddhist-dictionary/sangha/,learn detail,Sangha Meaning: Buddhist Community Explained Simply | Echo Buddha,Sangha,553,"index, follow",https://echobuddha.com/learn/buddhist-dictionary/sangha/,Yes,13,IMPROVE_LATER_PHASE
https://echobuddha.com/learn/buddhist-dictionary/sati/,learn detail,Sati Meaning: Mindfulness in Buddhist Practice | Echo Buddha,Sati,450,"index, follow",https://echobuddha.com/learn/buddhist-dictionary/sati/,Yes,65,IMPROVE_LATER_PHASE
https://echobuddha.com/learn/buddhist-dictionary/sutta/,learn detail,Sutta Meaning in Buddhism | Echo Buddha,Sutta,519,"index, follow",https://echobuddha.com/learn/buddhist-dictionary/sutta/,Yes,10,HUMAN_REVIEW
https://echobuddha.com/learn/buddhist-resources/,learn hub,Buddhist Resources | Echo Buddha,Buddhist Resources,628,"index, follow",https://echobuddha.com/learn/buddhist-resources/,Yes,54,IMPROVE_LATER_PHASE
https://echobuddha.com/learn/dhammapada-reflections/,learn hub,Dhammapada Reflections | Echo Buddha,Dhammapada Reflections,384,"index, follow",https://echobuddha.com/learn/dhammapada-reflections/,Yes,17,HUMAN_REVIEW
https://echobuddha.com/learn/dhammapada-reflections/avoid-evil-do-good-purify-the-mind/,learn detail,"Avoid Evil, Do Good, Purify the Mind | Echo Buddha","Avoid Evil, Do Good, Purify the Mind",519,"index, follow",https://echobuddha.com/learn/dhammapada-reflections/avoid-evil-do-good-purify-the-mind/,Yes,4,HUMAN_REVIEW
https://echobuddha.com/learn/dhammapada-reflections/better-than-a-thousand-empty-words/,learn detail,Better Than a Thousand Empty Words | Echo Buddha,Better Than a Thousand Empty Words,473,"index, follow",https://echobuddha.com/learn/dhammapada-reflections/better-than-a-thousand-empty-words/,Yes,4,HUMAN_REVIEW
https://echobuddha.com/learn/dhammapada-reflections/hatred-is-not-ended-by-hatred/,learn detail,Hatred Is Not Ended by Hatred | Echo Buddha,Hatred Is Not Ended by Hatred,456,"index, follow",https://echobuddha.com/learn/dhammapada-reflections/hatred-is-not-ended-by-hatred/,Yes,4,HUMAN_REVIEW
https://echobuddha.com/learn/dhammapada-reflections/peace-comes-from-a-trained-mind/,learn detail,Peace Comes from a Trained Mind | Echo Buddha,Peace Comes from a Trained Mind,461,"index, follow",https://echobuddha.com/learn/dhammapada-reflections/peace-comes-from-a-trained-mind/,Yes,4,HUMAN_REVIEW
https://echobuddha.com/learn/dhammapada-reflections/the-mind-leads-all-things/,learn detail,The Mind Leads All Things | Echo Buddha,The Mind Leads All Things,472,"index, follow",https://echobuddha.com/learn/dhammapada-reflections/the-mind-leads-all-things/,Yes,6,HUMAN_REVIEW
https://echobuddha.com/learn/eightfold-path/,learn hub,Noble Eightfold Path for Daily Life | Echo Buddha,The Noble Eightfold Path for Daily Life,510,"index, follow",https://echobuddha.com/learn/eightfold-path/,Yes,67,KEEP_INDEXED
https://echobuddha.com/learn/four-noble-truths/,learn hub,Four Noble Truths Explained for Beginners | Echo Buddha,The Four Noble Truths Explained for Beginners,439,"index, follow",https://echobuddha.com/learn/four-noble-truths/,Yes,29,KEEP_INDEXED
https://echobuddha.com/learn/questions-about-buddhism/,learn hub,Questions About Buddhism | Echo Buddha,Questions About Buddhism,1092,"index, follow",https://echobuddha.com/learn/questions-about-buddhism/,Yes,8,IMPROVE_LATER_PHASE
https://echobuddha.com/learn/sutta-for-daily-life/,learn hub,Sutta for Daily Life | Echo Buddha,Sutta for Daily Life,458,"index, follow",https://echobuddha.com/learn/sutta-for-daily-life/,Yes,11,HUMAN_REVIEW
https://echobuddha.com/learn/sutta-for-daily-life/buddhas-teaching-on-patience/,learn detail,The Buddha&#39;s Teaching on Patience | Echo Buddha,The Buddha&#39;s Teaching on Patience,438,"index, follow",https://echobuddha.com/learn/sutta-for-daily-life/buddhas-teaching-on-patience/,Yes,5,HUMAN_REVIEW
https://echobuddha.com/learn/sutta-for-daily-life/dhammacakkappavattana-sutta-four-noble-truths/,learn detail,Dhammacakkappavattana Sutta and the Four Noble Truths | Echo Buddha,Dhammacakkappavattana Sutta: Four Noble Truths in Context,584,"index, follow",https://echobuddha.com/learn/sutta-for-daily-life/dhammacakkappavattana-sutta-four-noble-truths/,Yes,3,HUMAN_REVIEW
https://echobuddha.com/learn/sutta-for-daily-life/kalama-sutta-and-wise-thinking/,learn detail,The Kalama Sutta and Wise Thinking | Echo Buddha,The Kalama Sutta and Wise Thinking,465,"index, follow",https://echobuddha.com/learn/sutta-for-daily-life/kalama-sutta-and-wise-thinking/,Yes,4,HUMAN_REVIEW
https://echobuddha.com/learn/sutta-for-daily-life/magga-vibhanga-sutta-eightfold-path/,learn detail,Magga-vibhanga Sutta and the Noble Eightfold Path | Echo Buddha,Magga-vibhanga Sutta: Eightfold Path Explained Simply,582,"index, follow",https://echobuddha.com/learn/sutta-for-daily-life/magga-vibhanga-sutta-eightfold-path/,Yes,3,HUMAN_REVIEW
https://echobuddha.com/learn/sutta-for-daily-life/metta-sutta-explained-for-daily-life/,learn detail,The Metta Sutta Explained for Daily Life | Echo Buddha,The Metta Sutta Explained for Daily Life,488,"index, follow",https://echobuddha.com/learn/sutta-for-daily-life/metta-sutta-explained-for-daily-life/,Yes,4,HUMAN_REVIEW
https://echobuddha.com/learn/sutta-for-daily-life/mindfulness-of-breathing-explained-simply/,learn detail,Mindfulness of Breathing Explained Simply | Echo Buddha,Mindfulness of Breathing Explained Simply,440,"index, follow",https://echobuddha.com/learn/sutta-for-daily-life/mindfulness-of-breathing-explained-simply/,Yes,4,HUMAN_REVIEW
https://echobuddha.com/learn/sutta-for-daily-life/right-speech-in-daily-life/,learn detail,Right Speech in Daily Life | Echo Buddha,Right Speech in Daily Life,481,"index, follow",https://echobuddha.com/learn/sutta-for-daily-life/right-speech-in-daily-life/,Yes,12,HUMAN_REVIEW
https://echobuddha.com/meditation-guide/,other,Meditation Guide for Beginners | Echo Buddha,Meditation Guide for Beginners,1662,"index, follow",https://echobuddha.com/meditation-guide/,Yes,18,IMPROVE_LATER_PHASE
https://echobuddha.com/meditation-safety/,trust/policy,Meditation Safety and Gentle Practice | Echo Buddha,Meditation Safety and Gentle Practice,432,"index, follow",https://echobuddha.com/meditation-safety/,Yes,38,IMPROVE_LATER_PHASE
https://echobuddha.com/meditation/,hub/utility,Beginner Meditation Guides and Mindfulness Practices | Echo Buddha,Beginner Meditation Guides and Mindfulness Practices,571,"index, follow",https://echobuddha.com/meditation/,Yes,372,KEEP_INDEXED
https://echobuddha.com/meditation/10-minute-meditation-practice/,meditation detail,10-Minute Meditation Practice | Echo Buddha,10-Minute Meditation Practice,661,"index, follow",https://echobuddha.com/meditation/10-minute-meditation-practice/,Yes,5,IMPROVE_LATER_PHASE
https://echobuddha.com/meditation/5-minute-meditation-practice/,meditation detail,5-Minute Meditation Practice | Echo Buddha,5-Minute Meditation Practice,566,"index, follow",https://echobuddha.com/meditation/5-minute-meditation-practice/,Yes,10,IMPROVE_LATER_PHASE
https://echobuddha.com/meditation/breathing-meditation/,meditation detail,Breathing Meditation | Echo Buddha,Breathing Meditation,591,"index, follow",https://echobuddha.com/meditation/breathing-meditation/,Yes,15,IMPROVE_LATER_PHASE
https://echobuddha.com/meditation/loving-kindness-meditation/,meditation detail,Loving-Kindness Meditation | Echo Buddha,Loving-Kindness Meditation,595,"index, follow",https://echobuddha.com/meditation/loving-kindness-meditation/,Yes,17,IMPROVE_LATER_PHASE
https://echobuddha.com/meditation/meditation-for-beginners/,meditation detail,Meditation for Beginners | Echo Buddha,Meditation for Beginners,623,"index, follow",https://echobuddha.com/meditation/meditation-for-beginners/,Yes,48,IMPROVE_LATER_PHASE
https://echobuddha.com/meditation/meditation-posture-for-beginners/,meditation detail,Meditation Posture for Beginners | Echo Buddha,Meditation Posture for Beginners,685,"index, follow",https://echobuddha.com/meditation/meditation-posture-for-beginners/,Yes,3,IMPROVE_LATER_PHASE
https://echobuddha.com/meditation/mindfulness-in-daily-life/,meditation detail,Mindfulness in Daily Life | Echo Buddha,Mindfulness in Daily Life,575,"index, follow",https://echobuddha.com/meditation/mindfulness-in-daily-life/,Yes,8,IMPROVE_LATER_PHASE
https://echobuddha.com/meditation/walking-meditation/,meditation detail,Walking Meditation | Echo Buddha,Walking Meditation,558,"index, follow",https://echobuddha.com/meditation/walking-meditation/,Yes,7,KEEP_INDEXED
https://echobuddha.com/meditation/when-meditation-feels-hard/,meditation detail,What to Do When Meditation Feels Hard | Echo Buddha,What to Do When Meditation Feels Hard,693,"index, follow",https://echobuddha.com/meditation/when-meditation-feels-hard/,Yes,5,IMPROVE_LATER_PHASE
https://echobuddha.com/mindful-living/,hub/utility,Mindful Living with Buddhist Wisdom | Echo Buddha,Mindful Living with Buddhist Wisdom,757,"index, follow",https://echobuddha.com/mindful-living/,Yes,8,KEEP_INDEXED
https://echobuddha.com/privacy-policy/,trust/policy,Privacy Policy | Echo Buddha,Privacy Policy,567,"index, follow",https://echobuddha.com/privacy-policy/,Yes,337,IMPROVE_LATER_PHASE
https://echobuddha.com/quote-attribution-policy/,trust/policy,Quote Attribution Policy | Echo Buddha,Quote Attribution Policy,430,"index, follow",https://echobuddha.com/quote-attribution-policy/,Yes,172,IMPROVE_LATER_PHASE
https://echobuddha.com/quotes/,hub/utility,Original Buddhist-Inspired Quotes | Echo Buddha,Original Buddhist-Inspired Quotes,2759,"index, follow",https://echobuddha.com/quotes/,Yes,362,KEEP_INDEXED
https://echobuddha.com/quotes/awareness/,quote category,Original Awareness Quotes Inspired by Buddhist Practice | Echo Buddha,Original Awareness Quotes,644,"index, follow",https://echobuddha.com/quotes/awareness/,Yes,151,IMPROVE_LATER_PHASE
https://echobuddha.com/quotes/awareness/acceptance-before-next-step/,quote story,Acceptance Mindfulness Quote: Naming the Moment Clearly | Echo Buddha,Acceptance Mindfulness Quote: Naming the Moment Clearly,903,"index, follow",https://echobuddha.com/quotes/awareness/acceptance-before-next-step/,Yes,4,KEEP_INDEXED
https://echobuddha.com/quotes/awareness/anger-asks-for-speed-awareness-asks-for-one-more/,quote story,Original Awareness Reflection: Anger asks for speed; awareness... | Echo Buddha,Original Awareness Reflection: Anger asks for speed; awareness...,924,"noindex, follow",https://echobuddha.com/quotes/awareness/anger-asks-for-speed-awareness-asks-for-one-more/,No,34,NOINDEX
https://echobuddha.com/quotes/awareness/awareness-does-not-remove-the-storm-it-keeps-you/,quote story,Original Awareness Reflection: Awareness does not remove the... | Echo Buddha,Original Awareness Reflection: Awareness does not remove the...,963,"noindex, follow",https://echobuddha.com/quotes/awareness/awareness-does-not-remove-the-storm-it-keeps-you/,No,4,NOINDEX
https://echobuddha.com/quotes/awareness/clear-seeing-begins-with-the-courage-to-stop-looking/,quote story,Original Awareness Reflection: Clear seeing begins with the... | Echo Buddha,Original Awareness Reflection: Clear seeing begins with the...,944,"noindex, follow",https://echobuddha.com/quotes/awareness/clear-seeing-begins-with-the-courage-to-stop-looking/,No,4,KEEP_NOINDEXED
https://echobuddha.com/quotes/awareness/feelings-are-honest-about-their-presence-not-always-about/,quote story,Original Awareness Reflection: Feelings are honest about their... | Echo Buddha,Original Awareness Reflection: Feelings are honest about their...,930,"noindex, follow",https://echobuddha.com/quotes/awareness/feelings-are-honest-about-their-presence-not-always-about/,No,4,KEEP_NOINDEXED
https://echobuddha.com/quotes/awareness/feelings-without-the-wheel/,quote story,Emotional Balance Quote: Feel Deeply Without Being Ruled | Echo Buddha,Emotional Balance Quote: Feel Deeply Without Being Ruled,882,"index, follow",https://echobuddha.com/quotes/awareness/feelings-without-the-wheel/,Yes,4,KEEP_INDEXED
https://echobuddha.com/quotes/awareness/look-beneath-the-reaction-and-you-may-find-a/,quote story,Original Awareness Reflection: Look beneath the reaction and... | Echo Buddha,Original Awareness Reflection: Look beneath the reaction and...,964,"noindex, follow",https://echobuddha.com/quotes/awareness/look-beneath-the-reaction-and-you-may-find-a/,No,4,NOINDEX
https://echobuddha.com/quotes/awareness/name-the-feeling-gently-and-it-may-stop-speaking/,quote story,"Original Awareness Reflection: Name the feeling gently, and... | Echo Buddha","Original Awareness Reflection: Name the feeling gently, and...",949,"noindex, follow",https://echobuddha.com/quotes/awareness/name-the-feeling-gently-and-it-may-stop-speaking/,No,34,NOINDEX
https://echobuddha.com/quotes/awareness/notice-the-habit-before-trying-to-become-someone-without/,quote story,Original Awareness Reflection: Notice the habit before trying... | Echo Buddha,Original Awareness Reflection: Notice the habit before trying...,924,"noindex, follow",https://echobuddha.com/quotes/awareness/notice-the-habit-before-trying-to-become-someone-without/,No,4,KEEP_NOINDEXED
https://echobuddha.com/quotes/awareness/one-breath-before-anger-replies/,quote story,Buddhist Quote About Anger: One Breath Before Reply | Echo Buddha,Buddhist Quote About Anger: One Breath Before Reply,902,"index, follow",https://echobuddha.com/quotes/awareness/one-breath-before-anger-replies/,Yes,4,KEEP_INDEXED
https://echobuddha.com/quotes/awareness/small-acts-of-attention-can-turn-an-ordinary-day/,quote story,Original Awareness Reflection: Small acts of attention can... | Echo Buddha,Original Awareness Reflection: Small acts of attention can...,940,"noindex, follow",https://echobuddha.com/quotes/awareness/small-acts-of-attention-can-turn-an-ordinary-day/,No,36,NOINDEX
https://echobuddha.com/quotes/awareness/the-body-often-knows-you-are-overwhelmed-before-the/,quote story,Original Awareness Reflection: The body often knows you... | Echo Buddha,Original Awareness Reflection: The body often knows you...,964,"noindex, follow",https://echobuddha.com/quotes/awareness/the-body-often-knows-you-are-overwhelmed-before-the/,No,10,NOINDEX
https://echobuddha.com/quotes/awareness/thoughts-are-visitors/,quote story,Buddhist Quote for Overthinking: Thoughts Are Visitors | Echo Buddha,Buddhist Quote for Overthinking: Thoughts Are Visitors,920,"index, follow",https://echobuddha.com/quotes/awareness/thoughts-are-visitors/,Yes,4,KEEP_INDEXED
https://echobuddha.com/quotes/awareness/thoughts-pass-without-commanding-you/,quote story,Calm Mind Quote: Let Thoughts Pass Without Chasing Them | Echo Buddha,Calm Mind Quote: Let Thoughts Pass Without Chasing Them,935,"index, follow",https://echobuddha.com/quotes/awareness/thoughts-pass-without-commanding-you/,Yes,4,KEEP_INDEXED
https://echobuddha.com/quotes/awareness/what-you-can-observe-clearly-no-longer-controls-you/,quote story,Original Awareness Reflection: What you can observe clearly... | Echo Buddha,Original Awareness Reflection: What you can observe clearly...,962,"noindex, follow",https://echobuddha.com/quotes/awareness/what-you-can-observe-clearly-no-longer-controls-you/,No,4,KEEP_NOINDEXED
https://echobuddha.com/quotes/awareness/when-the-mind-tightens-let-the-body-be-your/,quote story,"Original Awareness Reflection: When the mind tightens, let... | Echo Buddha","Original Awareness Reflection: When the mind tightens, let...",931,"noindex, follow",https://echobuddha.com/quotes/awareness/when-the-mind-tightens-let-the-body-be-your/,No,4,KEEP_NOINDEXED
https://echobuddha.com/quotes/compassion/,quote category,Original Compassion Quotes Inspired by Buddhist Practice | Echo Buddha,Original Compassion Quotes,618,"index, follow",https://echobuddha.com/quotes/compassion/,Yes,149,IMPROVE_LATER_PHASE
https://echobuddha.com/quotes/compassion/a-gentle-response-can-end-suffering-that-anger-would/,quote story,Original Compassion Reflection: A gentle response can end... | Echo Buddha,Original Compassion Reflection: A gentle response can end...,921,"noindex, follow",https://echobuddha.com/quotes/compassion/a-gentle-response-can-end-suffering-that-anger-would/,No,4,NOINDEX
https://echobuddha.com/quotes/compassion/before-judging-another-life-remember-how-much-of-your/,quote story,"Original Compassion Reflection: Before judging another life, remember... | Echo Buddha","Original Compassion Reflection: Before judging another life, remember...",938,"noindex, follow",https://echobuddha.com/quotes/compassion/before-judging-another-life-remember-how-much-of-your/,No,10,NOINDEX
https://echobuddha.com/quotes/compassion/compassion-asks-what-hurts-before-it-asks-who-is/,quote story,Original Compassion Reflection: Compassion asks what hurts before... | Echo Buddha,Original Compassion Reflection: Compassion asks what hurts before...,946,"noindex, follow",https://echobuddha.com/quotes/compassion/compassion-asks-what-hurts-before-it-asks-who-is/,No,4,NOINDEX
https://echobuddha.com/quotes/compassion/compassion-grows-where-judgment-loosens-its-grip/,quote story,Original Compassion Reflection: Compassion grows where judgment loosens... | Echo Buddha,Original Compassion Reflection: Compassion grows where judgment loosens...,881,"noindex, follow",https://echobuddha.com/quotes/compassion/compassion-grows-where-judgment-loosens-its-grip/,No,34,NOINDEX
https://echobuddha.com/quotes/compassion/compassion-sees-pain-clearly/,quote story,Compassion Buddhist Quote: Seeing Pain Behind Behavior | Echo Buddha,Compassion Buddhist Quote: Seeing Pain Behind Behavior,875,"index, follow",https://echobuddha.com/quotes/compassion/compassion-sees-pain-clearly/,Yes,4,KEEP_INDEXED
https://echobuddha.com/quotes/compassion/gentle-self-compassion/,quote story,Self Compassion Mindfulness Quote: Gentle Inner Speech | Echo Buddha,Self Compassion Mindfulness Quote: Gentle Inner Speech,873,"index, follow",https://echobuddha.com/quotes/compassion/gentle-self-compassion/,Yes,4,KEEP_INDEXED
https://echobuddha.com/quotes/compassion/kindness-as-quiet-practice/,quote story,Kindness Quote for Daily Life: A Quiet Practice | Echo Buddha,Kindness Quote for Daily Life: A Quiet Practice,884,"index, follow",https://echobuddha.com/quotes/compassion/kindness-as-quiet-practice/,Yes,4,KEEP_INDEXED
https://echobuddha.com/quotes/compassion/kindness-does-not-need-an-audience-to-become-meaningful/,quote story,Original Compassion Reflection: Kindness does not need an... | Echo Buddha,Original Compassion Reflection: Kindness does not need an...,901,"noindex, follow",https://echobuddha.com/quotes/compassion/kindness-does-not-need-an-audience-to-become-meaningful/,No,34,NOINDEX
https://echobuddha.com/quotes/compassion/let-kindness-be-the-echo-you-leave-in-every/,quote story,Original Compassion Reflection: Let kindness be the echo... | Echo Buddha,Original Compassion Reflection: Let kindness be the echo...,909,"noindex, follow",https://echobuddha.com/quotes/compassion/let-kindness-be-the-echo-you-leave-in-every/,No,36,NOINDEX
https://echobuddha.com/quotes/compassion/let-your-boundaries-be-clear-and-your-heart-remain/,quote story,Original Compassion Reflection: Let your boundaries be clear... | Echo Buddha,Original Compassion Reflection: Let your boundaries be clear...,913,"noindex, follow",https://echobuddha.com/quotes/compassion/let-your-boundaries-be-clear-and-your-heart-remain/,No,4,KEEP_NOINDEXED
https://echobuddha.com/quotes/compassion/loving-kindness-without-harm/,quote story,Loving Kindness Quote: Goodwill Toward Self and Others | Echo Buddha,Loving Kindness Quote: Goodwill Toward Self and Others,886,"index, follow",https://echobuddha.com/quotes/compassion/loving-kindness-without-harm/,Yes,4,KEEP_INDEXED
https://echobuddha.com/quotes/compassion/offer-others-the-patience-you-hope-to-receive-on/,quote story,Original Compassion Reflection: Offer others the patience you... | Echo Buddha,Original Compassion Reflection: Offer others the patience you...,945,"noindex, follow",https://echobuddha.com/quotes/compassion/offer-others-the-patience-you-hope-to-receive-on/,No,4,KEEP_NOINDEXED
https://echobuddha.com/quotes/compassion/small-kindnesses-often-reach-places-that-advice-cannot/,quote story,Original Compassion Reflection: Small kindnesses often reach places... | Echo Buddha,Original Compassion Reflection: Small kindnesses often reach places...,888,"noindex, follow",https://echobuddha.com/quotes/compassion/small-kindnesses-often-reach-places-that-advice-cannot/,No,4,KEEP_NOINDEXED
https://echobuddha.com/quotes/compassion/the-heart-becomes-spacious-each-time-it-chooses-care/,quote story,Original Compassion Reflection: The heart becomes spacious each... | Echo Buddha,Original Compassion Reflection: The heart becomes spacious each...,921,"noindex, follow",https://echobuddha.com/quotes/compassion/the-heart-becomes-spacious-each-time-it-chooses-care/,No,4,KEEP_NOINDEXED
https://echobuddha.com/quotes/compassion/to-understand-someone-is-not-to-excuse-harm-it/,quote story,Original Compassion Reflection: To understand someone is not... | Echo Buddha,Original Compassion Reflection: To understand someone is not...,953,"noindex, follow",https://echobuddha.com/quotes/compassion/to-understand-someone-is-not-to-excuse-harm-it/,No,4,KEEP_NOINDEXED
https://echobuddha.com/quotes/compassion/when-you-cannot-remove-anothers-burden-do-not-add/,quote story,Original Compassion Reflection: When you cannot remove another&#39;s... | Echo Buddha,Original Compassion Reflection: When you cannot remove another&#39;s...,937,"noindex, follow",https://echobuddha.com/quotes/compassion/when-you-cannot-remove-anothers-burden-do-not-add/,No,4,KEEP_NOINDEXED
https://echobuddha.com/quotes/impermanence/,quote category,Original Impermanence Quotes Inspired by Buddhist Practice | Echo Buddha,Original Impermanence Quotes,542,"index, follow",https://echobuddha.com/quotes/impermanence/,Yes,116,IMPROVE_LATER_PHASE
https://echobuddha.com/quotes/impermanence/acceptance-begins-where-the-argument-with-change-ends/,quote story,Original Impermanence Reflection: Acceptance begins where the argument... | Echo Buddha,Original Impermanence Reflection: Acceptance begins where the argument...,896,"noindex, follow",https://echobuddha.com/quotes/impermanence/acceptance-begins-where-the-argument-with-change-ends/,No,4,KEEP_NOINDEXED
https://echobuddha.com/quotes/impermanence/because-this-moment-will-pass-meet-it-while-it/,quote story,"Original Impermanence Reflection: Because this moment will pass,... | Echo Buddha","Original Impermanence Reflection: Because this moment will pass,...",932,"noindex, follow",https://echobuddha.com/quotes/impermanence/because-this-moment-will-pass-meet-it-while-it/,No,26,NOINDEX
https://echobuddha.com/quotes/impermanence/change-is-how-life-continues/,quote story,Impermanence Buddhist Quote: Change Is How Life Continues | Echo Buddha,Impermanence Buddhist Quote: Change Is How Life Continues,896,"index, follow",https://echobuddha.com/quotes/impermanence/change-is-how-life-continues/,Yes,4,KEEP_INDEXED
https://echobuddha.com/quotes/impermanence/change-takes-nothing-personally-it-simply-continues/,quote story,Original Impermanence Reflection: Change takes nothing personally; it... | Echo Buddha,Original Impermanence Reflection: Change takes nothing personally; it...,876,"noindex, follow",https://echobuddha.com/quotes/impermanence/change-takes-nothing-personally-it-simply-continues/,No,10,NOINDEX
https://echobuddha.com/quotes/impermanence/everything-changes-including-the-part-of-you-that-fears/,quote story,"Original Impermanence Reflection: Everything changes, including the part... | Echo Buddha","Original Impermanence Reflection: Everything changes, including the part...",897,"noindex, follow",https://echobuddha.com/quotes/impermanence/everything-changes-including-the-part-of-you-that-fears/,No,26,NOINDEX
https://echobuddha.com/quotes/impermanence/hold-each-day-carefully-knowing-it-cannot-be-held/,quote story,"Original Impermanence Reflection: Hold each day carefully, knowing... | Echo Buddha","Original Impermanence Reflection: Hold each day carefully, knowing...",903,"noindex, follow",https://echobuddha.com/quotes/impermanence/hold-each-day-carefully-knowing-it-cannot-be-held/,No,4,KEEP_NOINDEXED
https://echobuddha.com/quotes/impermanence/meet-change-softly/,quote story,Buddhist Quote About Change: Meet Change Softly | Echo Buddha,Buddhist Quote About Change: Meet Change Softly,861,"index, follow",https://echobuddha.com/quotes/impermanence/meet-change-softly/,Yes,4,KEEP_INDEXED
https://echobuddha.com/quotes/impermanence/no-season-is-asked-to-remain-in-order-to/,quote story,Original Impermanence Reflection: No season is asked to... | Echo Buddha,Original Impermanence Reflection: No season is asked to...,907,"noindex, follow",https://echobuddha.com/quotes/impermanence/no-season-is-asked-to-remain-in-order-to/,No,4,KEEP_NOINDEXED
https://echobuddha.com/quotes/impermanence/the-fading-flower-does-not-make-its-blooming-less/,quote story,Original Impermanence Reflection: The fading flower does not... | Echo Buddha,Original Impermanence Reflection: The fading flower does not...,897,"noindex, follow",https://echobuddha.com/quotes/impermanence/the-fading-flower-does-not-make-its-blooming-less/,No,26,NOINDEX
https://echobuddha.com/quotes/impermanence/the-passing-of-joy-teaches-gratitude-the-passing-of/,quote story,Original Impermanence Reflection: The passing of joy teaches... | Echo Buddha,Original Impermanence Reflection: The passing of joy teaches...,918,"noindex, follow",https://echobuddha.com/quotes/impermanence/the-passing-of-joy-teaches-gratitude-the-passing-of/,No,4,NOINDEX
https://echobuddha.com/quotes/impermanence/todays-certainty-may-become-tomorrows-lesson-in-humility/,quote story,Original Impermanence Reflection: Today&#39;s certainty may become tomorrow&#39;s... | Echo Buddha,Original Impermanence Reflection: Today&#39;s certainty may become tomorrow&#39;s...,890,"noindex, follow",https://echobuddha.com/quotes/impermanence/todays-certainty-may-become-tomorrows-lesson-in-humility/,No,4,NOINDEX
https://echobuddha.com/quotes/impermanence/what-changes-is-not-always-lost-sometimes-it-is/,quote story,Original Impermanence Reflection: What changes is not always... | Echo Buddha,Original Impermanence Reflection: What changes is not always...,906,"noindex, follow",https://echobuddha.com/quotes/impermanence/what-changes-is-not-always-lost-sometimes-it-is/,No,4,KEEP_NOINDEXED
https://echobuddha.com/quotes/letting-go/,quote category,Original Letting Go Quotes Inspired by Buddhist Practice | Echo Buddha,Original Letting Go Quotes,696,"index, follow",https://echobuddha.com/quotes/letting-go/,Yes,186,IMPROVE_LATER_PHASE
https://echobuddha.com/quotes/letting-go/an-open-hand-can-care-for-what-a-clenched/,quote story,Original Letting Go Reflection: An open hand can care... | Echo Buddha,Original Letting Go Reflection: An open hand can care...,941,"noindex, follow",https://echobuddha.com/quotes/letting-go/an-open-hand-can-care-for-what-a-clenched/,No,4,NOINDEX
https://echobuddha.com/quotes/letting-go/caring-without-clinging/,quote story,Letting Go Buddhist Quote: Caring Without Clinging | Echo Buddha,Letting Go Buddhist Quote: Caring Without Clinging,908,"index, follow",https://echobuddha.com/quotes/letting-go/caring-without-clinging/,Yes,4,KEEP_INDEXED
https://echobuddha.com/quotes/letting-go/forgiveness-without-approving-harm/,quote story,Buddhist Forgiveness Quote: Release Without Approving Harm | Echo Buddha,Buddhist Forgiveness Quote: Release Without Approving Harm,881,"index, follow",https://echobuddha.com/quotes/letting-go/forgiveness-without-approving-harm/,Yes,4,KEEP_INDEXED
https://echobuddha.com/quotes/letting-go/freedom-often-sounds-like-the-quiet-end-of-an/,quote story,Original Letting Go Reflection: Freedom often sounds like the... | Echo Buddha,Original Letting Go Reflection: Freedom often sounds like the...,944,"noindex, follow",https://echobuddha.com/quotes/letting-go/freedom-often-sounds-like-the-quiet-end-of-an/,No,4,KEEP_NOINDEXED
https://echobuddha.com/quotes/letting-go/let-the-feeling-pass-through-without-building-it-a/,quote story,Original Letting Go Reflection: Let the feeling pass through... | Echo Buddha,Original Letting Go Reflection: Let the feeling pass through...,943,"noindex, follow",https://echobuddha.com/quotes/letting-go/let-the-feeling-pass-through-without-building-it-a/,No,4,KEEP_NOINDEXED
https://echobuddha.com/quotes/letting-go/letting-go-begins-by-admitting-how-tightly-you-are/,quote story,Original Letting Go Reflection: Letting go begins by admitting... | Echo Buddha,Original Letting Go Reflection: Letting go begins by admitting...,930,"noindex, follow",https://echobuddha.com/quotes/letting-go/letting-go-begins-by-admitting-how-tightly-you-are/,No,52,NOINDEX
https://echobuddha.com/quotes/letting-go/open-hands-non-attachment/,quote story,Non Attachment Quote: Hold Life With Open Hands | Echo Buddha,Non Attachment Quote: Hold Life With Open Hands,895,"index, follow",https://echobuddha.com/quotes/letting-go/open-hands-non-attachment/,Yes,4,KEEP_INDEXED
https://echobuddha.com/quotes/letting-go/peace-enters-when-control-is-no-longer-the-price/,quote story,Original Letting Go Reflection: Peace enters when control is... | Echo Buddha,Original Letting Go Reflection: Peace enters when control is...,975,"noindex, follow",https://echobuddha.com/quotes/letting-go/peace-enters-when-control-is-no-longer-the-price/,No,5,NOINDEX
https://echobuddha.com/quotes/letting-go/release-the-need-to-replay-what-can-no-longer/,quote story,Original Letting Go Reflection: Release the need to replay... | Echo Buddha,Original Letting Go Reflection: Release the need to replay...,942,"noindex, follow",https://echobuddha.com/quotes/letting-go/release-the-need-to-replay-what-can-no-longer/,No,52,NOINDEX
https://echobuddha.com/quotes/letting-go/release-the-outcome-but-keep-the-care-you-bring/,quote story,"Original Letting Go Reflection: Release the outcome, but keep... | Echo Buddha","Original Letting Go Reflection: Release the outcome, but keep...",965,"noindex, follow",https://echobuddha.com/quotes/letting-go/release-the-outcome-but-keep-the-care-you-bring/,No,4,KEEP_NOINDEXED
https://echobuddha.com/quotes/letting-go/soften-around-stress/,quote story,Buddhist Quote for Stress: Soften Around Pressure | Echo Buddha,Buddhist Quote for Stress: Soften Around Pressure,887,"index, follow",https://echobuddha.com/quotes/letting-go/soften-around-stress/,Yes,4,KEEP_INDEXED
https://echobuddha.com/quotes/letting-go/what-leaves-your-life-may-still-leave-wisdom-behind/,quote story,Original Letting Go Reflection: What leaves your life may... | Echo Buddha,Original Letting Go Reflection: What leaves your life may...,918,"noindex, follow",https://echobuddha.com/quotes/letting-go/what-leaves-your-life-may-still-leave-wisdom-behind/,No,4,KEEP_NOINDEXED
https://echobuddha.com/quotes/letting-go/where-attachment-begins/,quote story,Buddhist Attachment Quote: Noticing Where Clinging Begins | Echo Buddha,Buddhist Attachment Quote: Noticing Where Clinging Begins,853,"index, follow",https://echobuddha.com/quotes/letting-go/where-attachment-begins/,Yes,4,KEEP_INDEXED
https://echobuddha.com/quotes/letting-go/you-can-honor-the-past-without-asking-it-to/,quote story,Original Letting Go Reflection: You can honor the past... | Echo Buddha,Original Letting Go Reflection: You can honor the past...,958,"noindex, follow",https://echobuddha.com/quotes/letting-go/you-can-honor-the-past-without-asking-it-to/,No,10,NOINDEX
https://echobuddha.com/quotes/letting-go/you-do-not-betray-a-memory-by-allowing-yourself/,quote story,Original Letting Go Reflection: You do not betray a... | Echo Buddha,Original Letting Go Reflection: You do not betray a...,953,"noindex, follow",https://echobuddha.com/quotes/letting-go/you-do-not-betray-a-memory-by-allowing-yourself/,No,4,KEEP_NOINDEXED
https://echobuddha.com/quotes/letting-go/you-do-not-need-to-carry-every-thought-that/,quote story,Original Letting Go Reflection: You do not need to... | Echo Buddha,Original Letting Go Reflection: You do not need to...,939,"noindex, follow",https://echobuddha.com/quotes/letting-go/you-do-not-need-to-carry-every-thought-that/,No,54,NOINDEX
https://echobuddha.com/quotes/meditation/,quote category,Original Meditation Quotes Inspired by Buddhist Practice | Echo Buddha,Original Meditation Quotes,576,"index, follow",https://echobuddha.com/quotes/meditation/,Yes,163,IMPROVE_LATER_PHASE
https://echobuddha.com/quotes/meditation/a-short-sincere-practice-can-steady-a-long-and/,quote story,Original Meditation Reflection: A short sincere practice can... | Echo Buddha,Original Meditation Reflection: A short sincere practice can...,943,"noindex, follow",https://echobuddha.com/quotes/meditation/a-short-sincere-practice-can-steady-a-long-and/,No,4,NOINDEX
https://echobuddha.com/quotes/meditation/do-not-search-meditation-for-a-special-self-notice/,quote story,Original Meditation Reflection: Do not search meditation for... | Echo Buddha,Original Meditation Reflection: Do not search meditation for...,941,"noindex, follow",https://echobuddha.com/quotes/meditation/do-not-search-meditation-for-a-special-self-notice/,No,4,KEEP_NOINDEXED
https://echobuddha.com/quotes/meditation/every-return-from-distraction-strengthens-the-path-home/,quote story,Original Meditation Reflection: Every return from distraction strengthens... | Echo Buddha,Original Meditation Reflection: Every return from distraction strengthens...,884,"noindex, follow",https://echobuddha.com/quotes/meditation/every-return-from-distraction-strengthens-the-path-home/,No,4,KEEP_NOINDEXED
https://echobuddha.com/quotes/meditation/few-quiet-minutes/,quote story,Beginner Meditation Wisdom: A Few Quiet Minutes | Echo Buddha,Beginner Meditation Wisdom: A Few Quiet Minutes,922,"index, follow",https://echobuddha.com/quotes/meditation/few-quiet-minutes/,Yes,4,KEEP_INDEXED
https://echobuddha.com/quotes/meditation/follow-the-breath-lightly-as-you-would-listen-to/,quote story,"Original Meditation Reflection: Follow the breath lightly, as... | Echo Buddha","Original Meditation Reflection: Follow the breath lightly, as...",906,"noindex, follow",https://echobuddha.com/quotes/meditation/follow-the-breath-lightly-as-you-would-listen-to/,No,4,NOINDEX
https://echobuddha.com/quotes/meditation/meditation-is-not-leaving-life-it-is-learning-how/,quote story,Original Meditation Reflection: Meditation is not leaving life;... | Echo Buddha,Original Meditation Reflection: Meditation is not leaving life;...,930,"noindex, follow",https://echobuddha.com/quotes/meditation/meditation-is-not-leaving-life-it-is-learning-how/,No,48,NOINDEX
https://echobuddha.com/quotes/meditation/meditation-is-returning/,quote story,Meditation Quote for Beginners: Meditation Is Returning | Echo Buddha,Meditation Quote for Beginners: Meditation Is Returning,910,"index, follow",https://echobuddha.com/quotes/meditation/meditation-is-returning/,Yes,4,KEEP_INDEXED
https://echobuddha.com/quotes/meditation/one-honest-breath/,quote story,Mindful Breathing Quote: One Honest Breath | Echo Buddha,Mindful Breathing Quote: One Honest Breath,923,"index, follow",https://echobuddha.com/quotes/meditation/one-honest-breath/,Yes,5,KEEP_INDEXED
https://echobuddha.com/quotes/meditation/silence-is-not-empty-when-the-heart-is-listening/,quote story,Original Meditation Reflection: Silence is not empty when... | Echo Buddha,Original Meditation Reflection: Silence is not empty when...,897,"noindex, follow",https://echobuddha.com/quotes/meditation/silence-is-not-empty-when-the-heart-is-listening/,No,50,NOINDEX
https://echobuddha.com/quotes/meditation/sit-with-the-day-as-it-is-before-asking/,quote story,Original Meditation Reflection: Sit with the day as... | Echo Buddha,Original Meditation Reflection: Sit with the day as...,940,"noindex, follow",https://echobuddha.com/quotes/meditation/sit-with-the-day-as-it-is-before-asking/,No,4,KEEP_NOINDEXED
https://echobuddha.com/quotes/meditation/sit-without-demanding-silence-and-the-mind-will-teach/,quote story,"Original Meditation Reflection: Sit without demanding silence, and... | Echo Buddha","Original Meditation Reflection: Sit without demanding silence, and...",940,"noindex, follow",https://echobuddha.com/quotes/meditation/sit-without-demanding-silence-and-the-mind-will-teach/,No,48,NOINDEX
https://echobuddha.com/quotes/meditation/the-bell-fades-but-careful-listening-can-continue/,quote story,"Original Meditation Reflection: The bell fades, but careful... | Echo Buddha","Original Meditation Reflection: The bell fades, but careful...",889,"noindex, follow",https://echobuddha.com/quotes/meditation/the-bell-fades-but-careful-listening-can-continue/,No,4,KEEP_NOINDEXED
https://echobuddha.com/quotes/meditation/the-cushion-is-a-place-to-practice-returning-not/,quote story,Original Meditation Reflection: The cushion is a place... | Echo Buddha,Original Meditation Reflection: The cushion is a place...,955,"noindex, follow",https://echobuddha.com/quotes/meditation/the-cushion-is-a-place-to-practice-returning-not/,No,10,NOINDEX
https://echobuddha.com/quotes/meditation/when-stillness-feels-impossible-begin-by-noticing-the-restlessness/,quote story,"Original Meditation Reflection: When stillness feels impossible, begin... | Echo Buddha","Original Meditation Reflection: When stillness feels impossible, begin...",908,"noindex, follow",https://echobuddha.com/quotes/meditation/when-stillness-feels-impossible-begin-by-noticing-the-restlessness/,No,4,KEEP_NOINDEXED
https://echobuddha.com/quotes/mindfulness/,quote category,Original Mindfulness Quotes Inspired by Buddhist Practice | Echo Buddha,Original Mindfulness Quotes,648,"index, follow",https://echobuddha.com/quotes/mindfulness/,Yes,182,IMPROVE_LATER_PHASE
https://echobuddha.com/quotes/mindfulness/a-peaceful-mind-begins-with-one-honest-breath/,quote story,Original Mindfulness Reflection: A peaceful mind begins with... | Echo Buddha,Original Mindfulness Reflection: A peaceful mind begins with...,914,"noindex, follow",https://echobuddha.com/quotes/mindfulness/a-peaceful-mind-begins-with-one-honest-breath/,No,50,NOINDEX
https://echobuddha.com/quotes/mindfulness/a-wandering-mind-is-not-a-failed-mind-it/,quote story,Original Mindfulness Reflection: A wandering mind is not... | Echo Buddha,Original Mindfulness Reflection: A wandering mind is not...,982,"noindex, follow",https://echobuddha.com/quotes/mindfulness/a-wandering-mind-is-not-a-failed-mind-it/,No,4,KEEP_NOINDEXED
https://echobuddha.com/quotes/mindfulness/awareness-begins-when-hurry-loosens-its-hold/,quote story,Original Mindfulness Reflection: Awareness begins when hurry loosens... | Echo Buddha,Original Mindfulness Reflection: Awareness begins when hurry loosens...,878,"noindex, follow",https://echobuddha.com/quotes/mindfulness/awareness-begins-when-hurry-loosens-its-hold/,No,4,KEEP_NOINDEXED
https://echobuddha.com/quotes/mindfulness/begin-the-day-with-awareness/,quote story,Mindfulness Quote for Daily Life: Begin the Day With Awareness | Echo Buddha,Mindfulness Quote for Daily Life: Begin the Day With Awareness,977,"index, follow",https://echobuddha.com/quotes/mindfulness/begin-the-day-with-awareness/,Yes,5,KEEP_INDEXED
https://echobuddha.com/quotes/mindfulness/give-one-ordinary-task-the-dignity-of-your-full/,quote story,Original Mindfulness Reflection: Give one ordinary task the... | Echo Buddha,Original Mindfulness Reflection: Give one ordinary task the...,907,"noindex, follow",https://echobuddha.com/quotes/mindfulness/give-one-ordinary-task-the-dignity-of-your-full/,No,4,KEEP_NOINDEXED
https://echobuddha.com/quotes/mindfulness/gratitude-notices-enough/,quote story,Gratitude Mindfulness Quote: Noticing Enough | Echo Buddha,Gratitude Mindfulness Quote: Noticing Enough,880,"index, follow",https://echobuddha.com/quotes/mindfulness/gratitude-notices-enough/,Yes,4,KEEP_INDEXED
https://echobuddha.com/quotes/mindfulness/ground-yourself-gently/,quote story,Mindfulness Quote for Anxiety: Ground Yourself Gently | Echo Buddha,Mindfulness Quote for Anxiety: Ground Yourself Gently,895,"index, follow",https://echobuddha.com/quotes/mindfulness/ground-yourself-gently/,Yes,4,KEEP_INDEXED
https://echobuddha.com/quotes/mindfulness/listen-before-answering/,quote story,Mindful Listening Quote: Listen Before Answering | Echo Buddha,Mindful Listening Quote: Listen Before Answering,905,"index, follow",https://echobuddha.com/quotes/mindfulness/listen-before-answering/,Yes,4,KEEP_INDEXED
https://echobuddha.com/quotes/mindfulness/listen-to-the-moment-before-filling-it-with-your/,quote story,Original Mindfulness Reflection: Listen to the moment before... | Echo Buddha,Original Mindfulness Reflection: Listen to the moment before...,934,"noindex, follow",https://echobuddha.com/quotes/mindfulness/listen-to-the-moment-before-filling-it-with-your/,No,4,KEEP_NOINDEXED
https://echobuddha.com/quotes/mindfulness/notice-what-is-here-before-deciding-what-it-means/,quote story,Original Mindfulness Reflection: Notice what is here before... | Echo Buddha,Original Mindfulness Reflection: Notice what is here before...,899,"noindex, follow",https://echobuddha.com/quotes/mindfulness/notice-what-is-here-before-deciding-what-it-means/,No,10,NOINDEX
https://echobuddha.com/quotes/mindfulness/one-mindful-pause-can-change-the-direction-of-an/,quote story,Original Mindfulness Reflection: One mindful pause can change... | Echo Buddha,Original Mindfulness Reflection: One mindful pause can change...,923,"noindex, follow",https://echobuddha.com/quotes/mindfulness/one-mindful-pause-can-change-the-direction-of-an/,No,4,NOINDEX
https://echobuddha.com/quotes/mindfulness/peace-begins-with-attention/,quote story,Inner Peace Buddhist Quote: Peace Begins With Attention | Echo Buddha,Inner Peace Buddhist Quote: Peace Begins With Attention,916,"index, follow",https://echobuddha.com/quotes/mindfulness/peace-begins-with-attention/,Yes,4,KEEP_INDEXED
https://echobuddha.com/quotes/mindfulness/peace-grows-when-attention-stops-running-ahead-of-the/,quote story,Original Mindfulness Reflection: Peace grows when attention stops... | Echo Buddha,Original Mindfulness Reflection: Peace grows when attention stops...,910,"noindex, follow",https://echobuddha.com/quotes/mindfulness/peace-grows-when-attention-stops-running-ahead-of-the/,No,46,NOINDEX
https://echobuddha.com/quotes/mindfulness/present-moment-one-step/,quote story,"Present Moment Quote: One Breath, One Sound, One Step | Echo Buddha","Present Moment Quote: One Breath, One Sound, One Step",921,"index, follow",https://echobuddha.com/quotes/mindfulness/present-moment-one-step/,Yes,5,KEEP_INDEXED
https://echobuddha.com/quotes/mindfulness/return-to-the-breath-before-you-return-to-the/,quote story,Original Mindfulness Reflection: Return to the breath before... | Echo Buddha,Original Mindfulness Reflection: Return to the breath before...,920,"noindex, follow",https://echobuddha.com/quotes/mindfulness/return-to-the-breath-before-you-return-to-the/,No,46,NOINDEX
https://echobuddha.com/quotes/mindfulness/the-more-clearly-you-notice-life-the-less-carelessly/,quote story,Original Mindfulness Reflection: The more clearly you notice... | Echo Buddha,Original Mindfulness Reflection: The more clearly you notice...,943,"noindex, follow",https://echobuddha.com/quotes/mindfulness/the-more-clearly-you-notice-life-the-less-carelessly/,No,4,KEEP_NOINDEXED
https://echobuddha.com/quotes/mindfulness/the-present-moment-asks-for-your-attention-not-your/,quote story,Original Mindfulness Reflection: The present moment asks for... | Echo Buddha,Original Mindfulness Reflection: The present moment asks for...,913,"noindex, follow",https://echobuddha.com/quotes/mindfulness/the-present-moment-asks-for-your-attention-not-your/,No,4,NOINDEX
https://echobuddha.com/quotes/patience/,quote category,Original Patience Quotes Inspired by Buddhist Practice | Echo Buddha,Original Patience Quotes,647,"index, follow",https://echobuddha.com/quotes/patience/,Yes,123,IMPROVE_LATER_PHASE
https://echobuddha.com/quotes/patience/a-difficult-moment-becomes-heavier-when-we-demand-that/,quote story,Original Patience Reflection: A difficult moment becomes heavier... | Echo Buddha,Original Patience Reflection: A difficult moment becomes heavier...,953,"noindex, follow",https://echobuddha.com/quotes/patience/a-difficult-moment-becomes-heavier-when-we-demand-that/,No,4,KEEP_NOINDEXED
https://echobuddha.com/quotes/patience/be-patient-with-the-part-of-you-that-is/,quote story,Original Patience Reflection: Be patient with the part... | Echo Buddha,Original Patience Reflection: Be patient with the part...,979,"noindex, follow",https://echobuddha.com/quotes/patience/be-patient-with-the-part-of-you-that-is/,No,4,NOINDEX
https://echobuddha.com/quotes/patience/family-kindness-and-patience/,quote story,Kindness in Family Quote: Patience With People Close to Us | Echo Buddha,Kindness in Family Quote: Patience With People Close to Us,908,"index, follow",https://echobuddha.com/quotes/patience/family-kindness-and-patience/,Yes,5,KEEP_INDEXED
https://echobuddha.com/quotes/patience/growth-is-quiet-work-often-invisible-until-the-season/,quote story,"Original Patience Reflection: Growth is quiet work, often... | Echo Buddha","Original Patience Reflection: Growth is quiet work, often...",922,"noindex, follow",https://echobuddha.com/quotes/patience/growth-is-quiet-work-often-invisible-until-the-season/,No,4,NOINDEX
https://echobuddha.com/quotes/patience/not-every-delay-is-an-obstacle-some-are-invitations/,quote story,Original Patience Reflection: Not every delay is an... | Echo Buddha,Original Patience Reflection: Not every delay is an...,947,"noindex, follow",https://echobuddha.com/quotes/patience/not-every-delay-is-an-obstacle-some-are-invitations/,No,28,NOINDEX
https://echobuddha.com/quotes/patience/patience-is-the-strength-to-remain-present-while-life/,quote story,Original Patience Reflection: Patience is the strength to... | Echo Buddha,Original Patience Reflection: Patience is the strength to...,970,"noindex, follow",https://echobuddha.com/quotes/patience/patience-is-the-strength-to-remain-present-while-life/,No,28,NOINDEX
https://echobuddha.com/quotes/patience/patience-makes-room-for-truth-to-arrive-without-force/,quote story,Original Patience Reflection: Patience makes room for truth... | Echo Buddha,Original Patience Reflection: Patience makes room for truth...,914,"noindex, follow",https://echobuddha.com/quotes/patience/patience-makes-room-for-truth-to-arrive-without-force/,No,4,KEEP_NOINDEXED
https://echobuddha.com/quotes/patience/patience-softens-the-wait/,quote story,Patience Buddhist Quote: Softening During Delay | Echo Buddha,Patience Buddhist Quote: Softening During Delay,890,"index, follow",https://echobuddha.com/quotes/patience/patience-softens-the-wait/,Yes,4,KEEP_INDEXED
https://echobuddha.com/quotes/patience/some-answers-become-clear-only-after-the-mind-stops/,quote story,Original Patience Reflection: Some answers become clear only... | Echo Buddha,Original Patience Reflection: Some answers become clear only...,947,"noindex, follow",https://echobuddha.com/quotes/patience/some-answers-become-clear-only-after-the-mind-stops/,No,4,KEEP_NOINDEXED
https://echobuddha.com/quotes/patience/stay-gentle-with-beginnings-they-are-carrying-more-than/,quote story,Original Patience Reflection: Stay gentle with beginnings; they... | Echo Buddha,Original Patience Reflection: Stay gentle with beginnings; they...,944,"noindex, follow",https://echobuddha.com/quotes/patience/stay-gentle-with-beginnings-they-are-carrying-more-than/,No,4,KEEP_NOINDEXED
https://echobuddha.com/quotes/patience/the-path-unfolds-at-the-pace-of-sincere-practice/,quote story,Original Patience Reflection: The path unfolds at the... | Echo Buddha,Original Patience Reflection: The path unfolds at the...,969,"noindex, follow",https://echobuddha.com/quotes/patience/the-path-unfolds-at-the-pace-of-sincere-practice/,No,4,KEEP_NOINDEXED
https://echobuddha.com/quotes/patience/wait-long-enough-for-the-first-reaction-to-become/,quote story,Original Patience Reflection: Wait long enough for the... | Echo Buddha,Original Patience Reflection: Wait long enough for the...,945,"noindex, follow",https://echobuddha.com/quotes/patience/wait-long-enough-for-the-first-reaction-to-become/,No,10,NOINDEX
https://echobuddha.com/quotes/patience/when-anger-rises-pause-long-enough-to-see-the/,quote story,"Original Patience Reflection: When anger rises, pause long... | Echo Buddha","Original Patience Reflection: When anger rises, pause long...",946,"noindex, follow",https://echobuddha.com/quotes/patience/when-anger-rises-pause-long-enough-to-see-the/,No,30,NOINDEX
https://echobuddha.com/quotes/practice/,quote category,Original Practice Quotes Inspired by Buddhist Practice | Echo Buddha,Original Practice Quotes,597,"index, follow",https://echobuddha.com/quotes/practice/,Yes,176,IMPROVE_LATER_PHASE
https://echobuddha.com/quotes/practice/a-peaceful-life-is-built-from-peaceful-moments-practiced/,quote story,Original Practice Reflection: A peaceful life is built... | Echo Buddha,Original Practice Reflection: A peaceful life is built...,906,"noindex, follow",https://echobuddha.com/quotes/practice/a-peaceful-life-is-built-from-peaceful-moments-practiced/,No,4,KEEP_NOINDEXED
https://echobuddha.com/quotes/practice/begin-with-what-is-possible-then-return-tomorrow/,quote story,"Original Practice Reflection: Begin with what is possible,... | Echo Buddha","Original Practice Reflection: Begin with what is possible,...",888,"noindex, follow",https://echobuddha.com/quotes/practice/begin-with-what-is-possible-then-return-tomorrow/,No,4,KEEP_NOINDEXED
https://echobuddha.com/quotes/practice/bring-the-teaching-into-the-place-where-you-are/,quote story,Original Practice Reflection: Bring the teaching into the... | Echo Buddha,Original Practice Reflection: Bring the teaching into the...,922,"noindex, follow",https://echobuddha.com/quotes/practice/bring-the-teaching-into-the-place-where-you-are/,No,4,KEEP_NOINDEXED
https://echobuddha.com/quotes/practice/daily-practice-turns-understanding-from-an-idea-into-a/,quote story,Original Practice Reflection: Daily practice turns understanding from... | Echo Buddha,Original Practice Reflection: Daily practice turns understanding from...,945,"noindex, follow",https://echobuddha.com/quotes/practice/daily-practice-turns-understanding-from-an-idea-into-a/,No,4,KEEP_NOINDEXED
https://echobuddha.com/quotes/practice/do-not-wait-to-feel-ready-before-choosing-what/,quote story,Original Practice Reflection: Do not wait to feel... | Echo Buddha,Original Practice Reflection: Do not wait to feel...,910,"noindex, follow",https://echobuddha.com/quotes/practice/do-not-wait-to-feel-ready-before-choosing-what/,No,4,NOINDEX
https://echobuddha.com/quotes/practice/eightfold-path-daily-choices/,quote story,Eightfold Path Quote: Daily Practice in Small Choices | Echo Buddha,Eightfold Path Quote: Daily Practice in Small Choices,872,"index, follow",https://echobuddha.com/quotes/practice/eightfold-path-daily-choices/,Yes,5,KEEP_INDEXED
https://echobuddha.com/quotes/practice/mindfulness-at-work-breath/,quote story,Mindfulness at Work Quote: Bring Awareness Into Daily Work | Echo Buddha,Mindfulness at Work Quote: Bring Awareness Into Daily Work,876,"index, follow",https://echobuddha.com/quotes/practice/mindfulness-at-work-breath/,Yes,5,KEEP_INDEXED
https://echobuddha.com/quotes/practice/practice-becomes-real-when-it-enters-your-speech-and/,quote story,Original Practice Reflection: Practice becomes real when it... | Echo Buddha,Original Practice Reflection: Practice becomes real when it...,909,"noindex, follow",https://echobuddha.com/quotes/practice/practice-becomes-real-when-it-enters-your-speech-and/,No,46,NOINDEX
https://echobuddha.com/quotes/practice/right-intention-turns-the-heart/,quote story,Right Intention Quote: Choosing the Direction of the Heart | Echo Buddha,Right Intention Quote: Choosing the Direction of the Heart,882,"index, follow",https://echobuddha.com/quotes/practice/right-intention-turns-the-heart/,Yes,7,KEEP_INDEXED
https://echobuddha.com/quotes/practice/small-actions-shape-the-mind/,quote story,Daily Buddhist Practice Quote: Small Actions Shape the Mind | Echo Buddha,Daily Buddhist Practice Quote: Small Actions Shape the Mind,893,"index, follow",https://echobuddha.com/quotes/practice/small-actions-shape-the-mind/,Yes,7,KEEP_INDEXED
https://echobuddha.com/quotes/practice/the-path-is-not-far-away-it-is-the/,quote story,Original Practice Reflection: The path is not far... | Echo Buddha,Original Practice Reflection: The path is not far...,921,"noindex, follow",https://echobuddha.com/quotes/practice/the-path-is-not-far-away-it-is-the/,No,48,NOINDEX
https://echobuddha.com/quotes/practice/the-path-is-shaped-by-what-you-repeat-when/,quote story,Original Practice Reflection: The path is shaped by... | Echo Buddha,Original Practice Reflection: The path is shaped by...,934,"noindex, follow",https://echobuddha.com/quotes/practice/the-path-is-shaped-by-what-you-repeat-when/,No,4,KEEP_NOINDEXED
https://echobuddha.com/quotes/practice/the-smallest-wholesome-action-is-larger-than-the-finest/,quote story,Original Practice Reflection: The smallest wholesome action is... | Echo Buddha,Original Practice Reflection: The smallest wholesome action is...,909,"noindex, follow",https://echobuddha.com/quotes/practice/the-smallest-wholesome-action-is-larger-than-the-finest/,No,10,NOINDEX
https://echobuddha.com/quotes/practice/walk-slowly-enough-to-notice-where-your-life-is/,quote story,Original Practice Reflection: Walk slowly enough to notice... | Echo Buddha,Original Practice Reflection: Walk slowly enough to notice...,932,"noindex, follow",https://echobuddha.com/quotes/practice/walk-slowly-enough-to-notice-where-your-life-is/,No,46,NOINDEX
https://echobuddha.com/quotes/practice/your-next-response-is-always-part-of-the-path/,quote story,Original Practice Reflection: Your next response is always... | Echo Buddha,Original Practice Reflection: Your next response is always...,888,"noindex, follow",https://echobuddha.com/quotes/practice/your-next-response-is-always-part-of-the-path/,No,4,NOINDEX
https://echobuddha.com/quotes/renewal/,quote category,Original Renewal Quotes Inspired by Buddhist Practice | Echo Buddha,Original Renewal Quotes,586,"index, follow",https://echobuddha.com/quotes/renewal/,Yes,136,IMPROVE_LATER_PHASE
https://echobuddha.com/quotes/renewal/a-mistake-becomes-a-teacher-when-honesty-enters-the/,quote story,Original Renewal Reflection: A mistake becomes a teacher... | Echo Buddha,Original Renewal Reflection: A mistake becomes a teacher...,902,"noindex, follow",https://echobuddha.com/quotes/renewal/a-mistake-becomes-a-teacher-when-honesty-enters-the/,No,4,KEEP_NOINDEXED
https://echobuddha.com/quotes/renewal/a-new-direction-can-start-with-one-different-choice/,quote story,Original Renewal Reflection: A new direction can start... | Echo Buddha,Original Renewal Reflection: A new direction can start...,883,"noindex, follow",https://echobuddha.com/quotes/renewal/a-new-direction-can-start-with-one-different-choice/,No,32,NOINDEX
https://echobuddha.com/quotes/renewal/begin-again-gently-the-breath-is-always-willing/,quote story,Original Renewal Reflection: Begin again gently; the breath... | Echo Buddha,Original Renewal Reflection: Begin again gently; the breath...,882,"noindex, follow",https://echobuddha.com/quotes/renewal/begin-again-gently-the-breath-is-always-willing/,No,32,NOINDEX
https://echobuddha.com/quotes/renewal/begin-again-without-shame/,quote story,Renewal Mindfulness Quote: Begin Again Without Shame | Echo Buddha,Renewal Mindfulness Quote: Begin Again Without Shame,854,"index, follow",https://echobuddha.com/quotes/renewal/begin-again-without-shame/,Yes,4,KEEP_INDEXED
https://echobuddha.com/quotes/renewal/begin-again-without-turning-yesterday-into-a-sentence/,quote story,Original Renewal Reflection: Begin again without turning yesterday... | Echo Buddha,Original Renewal Reflection: Begin again without turning yesterday...,873,"noindex, follow",https://echobuddha.com/quotes/renewal/begin-again-without-turning-yesterday-into-a-sentence/,No,32,NOINDEX
https://echobuddha.com/quotes/renewal/do-not-confuse-an-old-pattern-with-an-unchangeable/,quote story,Original Renewal Reflection: Do not confuse an old... | Echo Buddha,Original Renewal Reflection: Do not confuse an old...,893,"noindex, follow",https://echobuddha.com/quotes/renewal/do-not-confuse-an-old-pattern-with-an-unchangeable/,No,4,KEEP_NOINDEXED
https://echobuddha.com/quotes/renewal/each-conscious-breath-is-a-small-vote-for-beginning/,quote story,Original Renewal Reflection: Each conscious breath is a... | Echo Buddha,Original Renewal Reflection: Each conscious breath is a...,892,"noindex, follow",https://echobuddha.com/quotes/renewal/each-conscious-breath-is-a-small-vote-for-beginning/,No,4,KEEP_NOINDEXED
https://echobuddha.com/quotes/renewal/evening-release-reflection/,quote story,Evening Reflection Quote: Release the Day Gently | Echo Buddha,Evening Reflection Quote: Release the Day Gently,878,"index, follow",https://echobuddha.com/quotes/renewal/evening-release-reflection/,Yes,4,KEEP_INDEXED
https://echobuddha.com/quotes/renewal/gentle-hope-keeps-walking/,quote story,Buddhist Inspired Hope Quote: Gentle Hope | Echo Buddha,Buddhist Inspired Hope Quote: Gentle Hope,863,"index, follow",https://echobuddha.com/quotes/renewal/gentle-hope-keeps-walking/,Yes,4,KEEP_INDEXED
https://echobuddha.com/quotes/renewal/hope-can-be-quiet-and-still-keep-walking/,quote story,Original Renewal Reflection: Hope can be quiet and... | Echo Buddha,Original Renewal Reflection: Hope can be quiet and...,868,"noindex, follow",https://echobuddha.com/quotes/renewal/hope-can-be-quiet-and-still-keep-walking/,No,5,KEEP_NOINDEXED
https://echobuddha.com/quotes/renewal/morning-is-not-the-only-time-a-life-can/,quote story,Original Renewal Reflection: Morning is not the only... | Echo Buddha,Original Renewal Reflection: Morning is not the only...,901,"noindex, follow",https://echobuddha.com/quotes/renewal/morning-is-not-the-only-time-a-life-can/,No,4,NOINDEX
https://echobuddha.com/quotes/renewal/one-calm-morning-intention/,quote story,Peaceful Morning Quote: One Calm Intention | Echo Buddha,Peaceful Morning Quote: One Calm Intention,884,"index, follow",https://echobuddha.com/quotes/renewal/one-calm-morning-intention/,Yes,4,KEEP_INDEXED
https://echobuddha.com/quotes/renewal/repair-what-you-can-forgive-what-you-cannot-redo/,quote story,"Original Renewal Reflection: Repair what you can, forgive... | Echo Buddha","Original Renewal Reflection: Repair what you can, forgive...",950,"noindex, follow",https://echobuddha.com/quotes/renewal/repair-what-you-can-forgive-what-you-cannot-redo/,No,5,KEEP_NOINDEXED
https://echobuddha.com/quotes/renewal/the-path-welcomes-your-return-more-often-than-pride/,quote story,Original Renewal Reflection: The path welcomes your return... | Echo Buddha,Original Renewal Reflection: The path welcomes your return...,891,"noindex, follow",https://echobuddha.com/quotes/renewal/the-path-welcomes-your-return-more-often-than-pride/,No,10,NOINDEX
https://echobuddha.com/quotes/renewal/you-are-allowed-to-learn-slowly-and-still-be/,quote story,Original Renewal Reflection: You are allowed to learn... | Echo Buddha,Original Renewal Reflection: You are allowed to learn...,894,"noindex, follow",https://echobuddha.com/quotes/renewal/you-are-allowed-to-learn-slowly-and-still-be/,No,4,NOINDEX
https://echobuddha.com/quotes/wisdom/,quote category,Original Wisdom Quotes Inspired by Buddhist Practice | Echo Buddha,Original Wisdom Quotes,657,"index, follow",https://echobuddha.com/quotes/wisdom/,Yes,261,IMPROVE_LATER_PHASE
https://echobuddha.com/quotes/wisdom/a-clear-mind-can-hold-two-truths-without-rushing/,quote story,Original Wisdom Reflection: A clear mind can hold... | Echo Buddha,Original Wisdom Reflection: A clear mind can hold...,939,"noindex, follow",https://echobuddha.com/quotes/wisdom/a-clear-mind-can-hold-two-truths-without-rushing/,No,80,NOINDEX
https://echobuddha.com/quotes/wisdom/a-useful-truth-is-carried-with-humility-not-used/,quote story,Original Wisdom Reflection: A useful truth is carried... | Echo Buddha,Original Wisdom Reflection: A useful truth is carried...,927,"noindex, follow",https://echobuddha.com/quotes/wisdom/a-useful-truth-is-carried-with-humility-not-used/,No,4,KEEP_NOINDEXED
https://echobuddha.com/quotes/wisdom/contentment-with-what-is-here/,quote story,Contentment Buddhist Quote: Peace With What Is Here | Echo Buddha,Contentment Buddhist Quote: Peace With What Is Here,888,"index, follow",https://echobuddha.com/quotes/wisdom/contentment-with-what-is-here/,Yes,4,KEEP_INDEXED
https://echobuddha.com/quotes/wisdom/difficult-people-and-boundaries/,quote story,Buddhist Quote About Difficult People: Boundaries Without Hatred | Echo Buddha,Buddhist Quote About Difficult People: Boundaries Without Hatred,841,"index, follow",https://echobuddha.com/quotes/wisdom/difficult-people-and-boundaries/,Yes,4,KEEP_INDEXED
https://echobuddha.com/quotes/wisdom/karma-begins-in-intention/,quote story,Karma Buddhist Quote: Intention Shapes Action | Echo Buddha,Karma Buddhist Quote: Intention Shapes Action,862,"index, follow",https://echobuddha.com/quotes/wisdom/karma-begins-in-intention/,Yes,5,KEEP_INDEXED
https://echobuddha.com/quotes/wisdom/knowing-when-not-to-speak-is-also-a-form/,quote story,Original Wisdom Reflection: Knowing when not to speak... | Echo Buddha,Original Wisdom Reflection: Knowing when not to speak...,925,"noindex, follow",https://echobuddha.com/quotes/wisdom/knowing-when-not-to-speak-is-also-a-form/,No,10,NOINDEX
https://echobuddha.com/quotes/wisdom/learn-from-discomfort-without-turning-suffering-into-an-identity/,quote story,Original Wisdom Reflection: Learn from discomfort without turning... | Echo Buddha,Original Wisdom Reflection: Learn from discomfort without turning...,897,"noindex, follow",https://echobuddha.com/quotes/wisdom/learn-from-discomfort-without-turning-suffering-into-an-identity/,No,4,KEEP_NOINDEXED
https://echobuddha.com/quotes/wisdom/right-speech-with-kindness/,quote story,Right Speech Quote: Truth With Kindness and Timing | Echo Buddha,Right Speech Quote: Truth With Kindness and Timing,888,"index, follow",https://echobuddha.com/quotes/wisdom/right-speech-with-kindness/,Yes,5,KEEP_INDEXED
https://echobuddha.com/quotes/wisdom/see-the-conditions-behind-an-action-and-blame-may/,quote story,Original Wisdom Reflection: See the conditions behind an... | Echo Buddha,Original Wisdom Reflection: See the conditions behind an...,926,"noindex, follow",https://echobuddha.com/quotes/wisdom/see-the-conditions-behind-an-action-and-blame-may/,No,4,KEEP_NOINDEXED
https://echobuddha.com/quotes/wisdom/simplicity-clears-the-room/,quote story,Simple Living Buddhist Quote: Needing Less to See Clearly | Echo Buddha,Simple Living Buddhist Quote: Needing Less to See Clearly,899,"index, follow",https://echobuddha.com/quotes/wisdom/simplicity-clears-the-room/,Yes,4,KEEP_INDEXED
https://echobuddha.com/quotes/wisdom/the-lesson-repeats-until-attention-replaces-habit/,quote story,Original Wisdom Reflection: The lesson repeats until attention... | Echo Buddha,Original Wisdom Reflection: The lesson repeats until attention...,893,"noindex, follow",https://echobuddha.com/quotes/wisdom/the-lesson-repeats-until-attention-replaces-habit/,No,4,NOINDEX
https://echobuddha.com/quotes/wisdom/the-wise-heart-changes-course-when-clearer-seeing-arrives/,quote story,Original Wisdom Reflection: The wise heart changes course... | Echo Buddha,Original Wisdom Reflection: The wise heart changes course...,891,"noindex, follow",https://echobuddha.com/quotes/wisdom/the-wise-heart-changes-course-when-clearer-seeing-arrives/,No,4,KEEP_NOINDEXED
https://echobuddha.com/quotes/wisdom/understanding-suffering-honestly/,quote story,Four Noble Truths Quote: Understanding Suffering Honestly | Echo Buddha,Four Noble Truths Quote: Understanding Suffering Honestly,882,"index, follow",https://echobuddha.com/quotes/wisdom/understanding-suffering-honestly/,Yes,4,KEEP_INDEXED
https://echobuddha.com/quotes/wisdom/what-feels-urgent-is-not-always-what-matters-most/,quote story,Original Wisdom Reflection: What feels urgent is not... | Echo Buddha,Original Wisdom Reflection: What feels urgent is not...,902,"noindex, follow",https://echobuddha.com/quotes/wisdom/what-feels-urgent-is-not-always-what-matters-most/,No,5,NOINDEX
https://echobuddha.com/quotes/wisdom/wisdom-is-less-interested-in-winning-than-in-ending/,quote story,Original Wisdom Reflection: Wisdom is less interested in... | Echo Buddha,Original Wisdom Reflection: Wisdom is less interested in...,909,"noindex, follow",https://echobuddha.com/quotes/wisdom/wisdom-is-less-interested-in-winning-than-in-ending/,No,4,KEEP_NOINDEXED
https://echobuddha.com/quotes/wisdom/wisdom-is-the-art-of-meeting-life-without-adding/,quote story,Original Wisdom Reflection: Wisdom is the art of... | Echo Buddha,Original Wisdom Reflection: Wisdom is the art of...,914,"noindex, follow",https://echobuddha.com/quotes/wisdom/wisdom-is-the-art-of-meeting-life-without-adding/,No,82,NOINDEX
https://echobuddha.com/quotes/wisdom/wisdom-sees-clearly/,quote story,Buddhist Wisdom Quote: Clear Seeing With Humility | Echo Buddha,Buddhist Wisdom Quote: Clear Seeing With Humility,866,"index, follow",https://echobuddha.com/quotes/wisdom/wisdom-sees-clearly/,Yes,4,KEEP_INDEXED
https://echobuddha.com/quotes/wisdom/wisdom-sees-the-whole-fire-not-only-the-spark/,quote story,"Original Wisdom Reflection: Wisdom sees the whole fire,... | Echo Buddha","Original Wisdom Reflection: Wisdom sees the whole fire,...",925,"noindex, follow",https://echobuddha.com/quotes/wisdom/wisdom-sees-the-whole-fire-not-only-the-spark/,No,80,NOINDEX
https://echobuddha.com/quotes/wisdom/wise-silence/,quote story,Buddhist Quote About Silence: Wise Restraint | Echo Buddha,Buddhist Quote About Silence: Wise Restraint,881,"index, follow",https://echobuddha.com/quotes/wisdom/wise-silence/,Yes,5,KEEP_INDEXED
https://echobuddha.com/search/,hub/utility,Search Echo Buddha | Echo Buddha,Search Echo Buddha,226,"noindex, follow",https://echobuddha.com/search/,No,338,KEEP_NOINDEXED
https://echobuddha.com/start-here/,hub/utility,Start Here - Begin Your Buddhist Wisdom and Mindfulness Journey | Echo Buddha,Begin Your Buddhist Wisdom and Mindfulness Journey,704,"index, follow",https://echobuddha.com/start-here/,Yes,682,KEEP_INDEXED
https://echobuddha.com/terms-of-use/,trust/policy,Terms of Use | Echo Buddha,Terms of Use,256,"index, follow",https://echobuddha.com/terms-of-use/,Yes,336,IMPROVE_LATER_PHASE
https://echobuddha.com/tools/,hub/utility,Buddhist Mindfulness Tools and Daily Practice Resources | Echo Buddha,Buddhist Mindfulness Tools and Daily Practice Resources,638,"index, follow",https://echobuddha.com/tools/,Yes,712,KEEP_INDEXED
