Item / URL,Protected role,Protected index state,Protected source claims,Protected safety language,Protected structure/value,Phase 6 allowed changes,Phase 6 prohibited changes,Validation required
https://echobuddha.com/404.html,PREEXISTING_NOINDEX_OR_ERROR_ROLE,"noindex, follow",NOT_CRITICAL,NO_CRITICAL_ISSUE,"Preserved utility/error/noindex route outside Phase 1 indexable population. Information gain: Utility, recurring, or protected noindex function.","Verified authorship, accountability, source-policy, review-process, correction-flow, and attribution-governance strengthening only.","No owner/index/canonical/URL/sitemap change; no fabricated person, credential, authority, source, experience, or review; no removal of Phase 5 family differentiation.",Build; ownership/index/canonical/sitemap parity; source and safety review; Phase 5 cross-family regression check.
https://echobuddha.com/about/,TRUST_POLICY,indexable,Medium,NO_CRITICAL_ISSUE,"This page exists as Echo Buddha's protected owner for Trust / Policy: About anchors publisher identity while each policy page retains a protected, non-SEO trust function. Information gain: Publisher transparency or user-protection information specific to “About Echo Buddha”.","Verified authorship, accountability, source-policy, review-process, correction-flow, and attribution-governance strengthening only.","No owner/index/canonical/URL/sitemap change; no fabricated person, credential, authority, source, experience, or review; no removal of Phase 5 family differentiation.",Build; ownership/index/canonical/sitemap parity; source and safety review; Phase 5 cross-family regression check.
https://echobuddha.com/articles/beginning-a-daily-mindfulness-practice/,PRACTICAL_APPLICATION,indexable,Medium,NO_CRITICAL_ISSUE,This page exists to serve practical how to within Mindfulness through daily-life examples or a repeatable application tied specifically to “Daily Mindfulness Practice for Beginners”. Information gain: Daily-life examples or a repeatable application tied specifically to “Daily Mindfulness Practice for Beginners”.,"Verified authorship, accountability, source-policy, review-process, correction-flow, and attribution-governance strengthening only.","No owner/index/canonical/URL/sitemap change; no fabricated person, credential, authority, source, experience, or review; no removal of Phase 5 family differentiation.",Build; ownership/index/canonical/sitemap parity; source and safety review; Phase 5 cross-family regression check.
https://echobuddha.com/articles/buddhism-for-beginners-simple-guide/,BEGINNER_FOUNDATION,indexable,Low,NO_CRITICAL_ISSUE,"This page exists to serve beginner informational within Beginner Buddhism through a narrower explanation, misconception, or example set specific to “Buddhism for Beginners: A Simple Guide”. Information gain: A narrower explanation, misconception, or example set specific to “Buddhism for Beginners: A Simple Guide”.","Verified authorship, accountability, source-policy, review-process, correction-flow, and attribution-governance strengthening only.","No owner/index/canonical/URL/sitemap change; no fabricated person, credential, authority, source, experience, or review; no removal of Phase 5 family differentiation.",Build; ownership/index/canonical/sitemap parity; source and safety review; Phase 5 cross-family regression check.
https://echobuddha.com/articles/buddhist-approach-to-anger/,PRIMARY_PILLAR,indexable,VERIFIED_AUTHORITATIVE_LINKS_AND_BOUNDARIES,NO_CRITICAL_ISSUE,"This page exists as Echo Buddha's protected owner for Anger: It is the dedicated Buddhist response-to-anger guide and can link upward to the Three Poisons. Information gain: A narrower explanation, misconception, or example set specific to “A Buddhist Approach to Anger”.","Verified authorship, accountability, source-policy, review-process, correction-flow, and attribution-governance strengthening only.","No owner/index/canonical/URL/sitemap change; no fabricated person, credential, authority, source, experience, or review; no removal of Phase 5 family differentiation.",Build; ownership/index/canonical/sitemap parity; source and safety review; Phase 5 cross-family regression check.
https://echobuddha.com/articles/buddhist-gratitude-practice/,PRACTICAL_APPLICATION,indexable,Low,NO_CRITICAL_ISSUE,This page exists as Echo Buddha's protected owner for Gratitude: It is the dedicated Buddhist gratitude practice and explicitly distinguishes appreciation from forced positivity and clinging. Information gain: Daily-life examples or a repeatable application tied specifically to “Buddhist Gratitude Practice Without Forced Positivity”.,"Verified authorship, accountability, source-policy, review-process, correction-flow, and attribution-governance strengthening only.","No owner/index/canonical/URL/sitemap change; no fabricated person, credential, authority, source, experience, or review; no removal of Phase 5 family differentiation.",Build; ownership/index/canonical/sitemap parity; source and safety review; Phase 5 cross-family regression check.
https://echobuddha.com/articles/buddhist-teachings-on-forgiveness/,PRIMARY_PILLAR,indexable,Low,NO_CRITICAL_ISSUE,"This page exists as Echo Buddha's protected owner for Forgiveness: It uniquely distinguishes release from approval and protects boundaries. Information gain: A narrower explanation, misconception, or example set specific to “Buddhist Teachings on Forgiveness and Letting Go”.","Verified authorship, accountability, source-policy, review-process, correction-flow, and attribution-governance strengthening only.","No owner/index/canonical/URL/sitemap change; no fabricated person, credential, authority, source, experience, or review; no removal of Phase 5 family differentiation.",Build; ownership/index/canonical/sitemap parity; source and safety review; Phase 5 cross-family regression check.
https://echobuddha.com/articles/buddhist-teachings-on-impermanence/,SUPPORTING_EXPLANATION,indexable,Low,NO_CRITICAL_ISSUE,"This page exists to serve foundational informational within Impermanence through a narrower explanation, misconception, or example set specific to “Buddhist Teachings on Impermanence”. Information gain: A narrower explanation, misconception, or example set specific to “Buddhist Teachings on Impermanence”.","Verified authorship, accountability, source-policy, review-process, correction-flow, and attribution-governance strengthening only.","No owner/index/canonical/URL/sitemap change; no fabricated person, credential, authority, source, experience, or review; no removal of Phase 5 family differentiation.",Build; ownership/index/canonical/sitemap parity; source and safety review; Phase 5 cross-family regression check.
https://echobuddha.com/articles/buddhist-wisdom-for-overthinking/,SCENARIO_GUIDE,indexable,Medium,NO_CRITICAL_ISSUE,This page exists to serve scenario application within Anxiety / Overthinking through worked guidance for the specific situation named by “Buddhist Wisdom for Overthinking and a Busy Mind”. Information gain: Worked guidance for the specific situation named by “Buddhist Wisdom for Overthinking and a Busy Mind”.,"Verified authorship, accountability, source-policy, review-process, correction-flow, and attribution-governance strengthening only.","No owner/index/canonical/URL/sitemap change; no fabricated person, credential, authority, source, experience, or review; no removal of Phase 5 family differentiation.",Build; ownership/index/canonical/sitemap parity; source and safety review; Phase 5 cross-family regression check.
https://echobuddha.com/articles/category/buddhist-wisdom/,CATEGORY,indexable,Medium,NO_CRITICAL_ISSUE,"This page exists to serve navigational within Article Discovery through orientation, selection, and meaningful navigation across the Article Discovery cluster. Information gain: Orientation, selection, and meaningful navigation across the Article Discovery cluster.","Verified authorship, accountability, source-policy, review-process, correction-flow, and attribution-governance strengthening only.","No owner/index/canonical/URL/sitemap change; no fabricated person, credential, authority, source, experience, or review; no removal of Phase 5 family differentiation.",Build; ownership/index/canonical/sitemap parity; source and safety review; Phase 5 cross-family regression check.
https://echobuddha.com/articles/category/meditation/,CATEGORY,indexable,Medium,NO_CRITICAL_ISSUE,"This page exists to serve navigational within Article Discovery through orientation, selection, and meaningful navigation across the Article Discovery cluster. Information gain: Orientation, selection, and meaningful navigation across the Article Discovery cluster.","Verified authorship, accountability, source-policy, review-process, correction-flow, and attribution-governance strengthening only.","No owner/index/canonical/URL/sitemap change; no fabricated person, credential, authority, source, experience, or review; no removal of Phase 5 family differentiation.",Build; ownership/index/canonical/sitemap parity; source and safety review; Phase 5 cross-family regression check.
https://echobuddha.com/articles/category/mindfulness/,CATEGORY,indexable,Medium,NO_CRITICAL_ISSUE,"This page exists to serve navigational within Article Discovery through orientation, selection, and meaningful navigation across the Article Discovery cluster. Information gain: Orientation, selection, and meaningful navigation across the Article Discovery cluster.","Verified authorship, accountability, source-policy, review-process, correction-flow, and attribution-governance strengthening only.","No owner/index/canonical/URL/sitemap change; no fabricated person, credential, authority, source, experience, or review; no removal of Phase 5 family differentiation.",Build; ownership/index/canonical/sitemap parity; source and safety review; Phase 5 cross-family regression check.
https://echobuddha.com/articles/category/practice/,CATEGORY,indexable,Medium,NO_CRITICAL_ISSUE,"This page exists as Echo Buddha's protected owner for Buddhist Practice: The category organizes practical articles without owning their underlying Buddhist doctrines. Information gain: Orientation, selection, and meaningful navigation across the Buddhist Practice cluster.","Verified authorship, accountability, source-policy, review-process, correction-flow, and attribution-governance strengthening only.","No owner/index/canonical/URL/sitemap change; no fabricated person, credential, authority, source, experience, or review; no removal of Phase 5 family differentiation.",Build; ownership/index/canonical/sitemap parity; source and safety review; Phase 5 cross-family regression check.
https://echobuddha.com/articles/category/reflection/,CATEGORY,indexable,Medium,NO_CRITICAL_ISSUE,"This page exists to serve navigational within Article Discovery through orientation, selection, and meaningful navigation across the Article Discovery cluster. Information gain: Orientation, selection, and meaningful navigation across the Article Discovery cluster.","Verified authorship, accountability, source-policy, review-process, correction-flow, and attribution-governance strengthening only.","No owner/index/canonical/URL/sitemap change; no fabricated person, credential, authority, source, experience, or review; no removal of Phase 5 family differentiation.",Build; ownership/index/canonical/sitemap parity; source and safety review; Phase 5 cross-family regression check.
https://echobuddha.com/articles/compassion-as-a-daily-discipline/,PRACTICAL_APPLICATION,indexable,Low,NO_CRITICAL_ISSUE,This page exists to serve practical how to within Compassion through daily-life examples or a repeatable application tied specifically to “Compassion as a Daily Buddhist Practice”. Information gain: Daily-life examples or a repeatable application tied specifically to “Compassion as a Daily Buddhist Practice”.,"Verified authorship, accountability, source-policy, review-process, correction-flow, and attribution-governance strengthening only.","No owner/index/canonical/URL/sitemap change; no fabricated person, credential, authority, source, experience, or review; no removal of Phase 5 family differentiation.",Build; ownership/index/canonical/sitemap parity; source and safety review; Phase 5 cross-family regression check.
https://echobuddha.com/articles/compassion-in-buddhism-beginner-guide/,PRIMARY_PILLAR,indexable,Low,NO_CRITICAL_ISSUE,"This page exists as Echo Buddha's protected owner for Compassion: It provides the broad Buddhist frame; dictionary terms, boundaries, and daily discipline have narrower jobs. Information gain: A narrower explanation, misconception, or example set specific to “Compassion in Buddhism: Beginner Guide and Daily Practice”.","Verified authorship, accountability, source-policy, review-process, correction-flow, and attribution-governance strengthening only.","No owner/index/canonical/URL/sitemap change; no fabricated person, credential, authority, source, experience, or review; no removal of Phase 5 family differentiation.",Build; ownership/index/canonical/sitemap parity; source and safety review; Phase 5 cross-family regression check.
https://echobuddha.com/articles/compassion-with-boundaries/,SCENARIO_GUIDE,indexable,Low,NO_CRITICAL_ISSUE,This page exists to serve scenario application within Compassion through worked guidance for the specific situation named by “Compassion With Boundaries in Buddhist Practice”. Information gain: Worked guidance for the specific situation named by “Compassion With Boundaries in Buddhist Practice”.,"Verified authorship, accountability, source-policy, review-process, correction-flow, and attribution-governance strengthening only.","No owner/index/canonical/URL/sitemap change; no fabricated person, credential, authority, source, experience, or review; no removal of Phase 5 family differentiation.",Build; ownership/index/canonical/sitemap parity; source and safety review; Phase 5 cross-family regression check.
https://echobuddha.com/articles/creating-a-peaceful-corner-at-home/,SCENARIO_GUIDE,indexable,Medium,NO_CRITICAL_ISSUE,This page exists to serve scenario application within Meditation through worked guidance for the specific situation named by “Create a Peaceful Meditation Corner”. Information gain: Worked guidance for the specific situation named by “Create a Peaceful Meditation Corner”.,"Verified authorship, accountability, source-policy, review-process, correction-flow, and attribution-governance strengthening only.","No owner/index/canonical/URL/sitemap change; no fabricated person, credential, authority, source, experience, or review; no removal of Phase 5 family differentiation.",Build; ownership/index/canonical/sitemap parity; source and safety review; Phase 5 cross-family regression check.
https://echobuddha.com/articles/dhamma-vs-dharma/,COMPARISON_PAGE,indexable,Low,NO_CRITICAL_ISSUE,This page exists to serve comparative within Dhamma / Dharma through direct distinction between concepts that readers commonly confuse in “Dhamma vs Dharma: Buddhist Meaning and Spelling”. Information gain: Direct distinction between concepts that readers commonly confuse in “Dhamma vs Dharma: Buddhist Meaning and Spelling”.,"Verified authorship, accountability, source-policy, review-process, correction-flow, and attribution-governance strengthening only.","No owner/index/canonical/URL/sitemap change; no fabricated person, credential, authority, source, experience, or review; no removal of Phase 5 family differentiation.",Build; ownership/index/canonical/sitemap parity; source and safety review; Phase 5 cross-family regression check.
https://echobuddha.com/articles/dhammapada-reflection-trained-mind/,SOURCE_STUDY,indexable,High,NO_CRITICAL_ISSUE,"This page exists to serve source study within Dhammapada through source-specific study, attribution, translation context, or textual interpretation for “Dhammapada Reflection on a Trained Mind and Peace”. Information gain: Source-specific study, attribution, translation context, or textual interpretation for “Dhammapada Reflection on a Trained Mind and Peace”.","Verified authorship, accountability, source-policy, review-process, correction-flow, and attribution-governance strengthening only.","No owner/index/canonical/URL/sitemap change; no fabricated person, credential, authority, source, experience, or review; no removal of Phase 5 family differentiation.",Build; ownership/index/canonical/sitemap parity; source and safety review; Phase 5 cross-family regression check.
https://echobuddha.com/articles/dhammapada-reflection-what-we-think/,SOURCE_STUDY,indexable,Low,NO_CRITICAL_ISSUE,"This page exists to serve source study within Dhammapada through source-specific study, attribution, translation context, or textual interpretation for “Dhammapada What We Think: Translation, Paraphrase, Reflection”. Information gain: Source-specific study, attribution, translation context, or textual interpretation for “Dhammapada What We Think: Translation, Paraphrase, Reflection”.","Verified authorship, accountability, source-policy, review-process, correction-flow, and attribution-governance strengthening only.","No owner/index/canonical/URL/sitemap change; no fabricated person, credential, authority, source, experience, or review; no removal of Phase 5 family differentiation.",Build; ownership/index/canonical/sitemap parity; source and safety review; Phase 5 cross-family regression check.
https://echobuddha.com/articles/dhammapada-verse-1-meaning/,SOURCE_STUDY,indexable,Low,NO_CRITICAL_ISSUE,"This page exists to serve source study within Dhammapada through source-specific study, attribution, translation context, or textual interpretation for “Dhammapada Verse 1 Meaning and Translation Caution”. Information gain: Source-specific study, attribution, translation context, or textual interpretation for “Dhammapada Verse 1 Meaning and Translation Caution”.","Verified authorship, accountability, source-policy, review-process, correction-flow, and attribution-governance strengthening only.","No owner/index/canonical/URL/sitemap change; no fabricated person, credential, authority, source, experience, or review; no removal of Phase 5 family differentiation.",Build; ownership/index/canonical/sitemap parity; source and safety review; Phase 5 cross-family regression check.
https://echobuddha.com/articles/eightfold-path-explained-daily-life/,PRACTICAL_APPLICATION,indexable,Low,NO_CRITICAL_ISSUE,This page exists to serve practical how to within Noble Eightfold Path through daily-life examples or a repeatable application tied specifically to “Eightfold Path in Daily Life”. Information gain: Daily-life examples or a repeatable application tied specifically to “Eightfold Path in Daily Life”.,"Verified authorship, accountability, source-policy, review-process, correction-flow, and attribution-governance strengthening only.","No owner/index/canonical/URL/sitemap change; no fabricated person, credential, authority, source, experience, or review; no removal of Phase 5 family differentiation.",Build; ownership/index/canonical/sitemap parity; source and safety review; Phase 5 cross-family regression check.
https://echobuddha.com/articles/eightfold-path-explained/,BEGINNER_FOUNDATION,indexable,Low,NO_CRITICAL_ISSUE,"This page exists to serve beginner informational within Noble Eightfold Path through a narrower explanation, misconception, or example set specific to “The Noble Eightfold Path Explained for Beginners”. Information gain: A narrower explanation, misconception, or example set specific to “The Noble Eightfold Path Explained for Beginners”.","Verified authorship, accountability, source-policy, review-process, correction-flow, and attribution-governance strengthening only.","No owner/index/canonical/URL/sitemap change; no fabricated person, credential, authority, source, experience, or review; no removal of Phase 5 family differentiation.",Build; ownership/index/canonical/sitemap parity; source and safety review; Phase 5 cross-family regression check.
https://echobuddha.com/articles/equanimity-in-buddhism/,PRIMARY_PILLAR,indexable,Low,NO_CRITICAL_ISSUE,"This page exists as Echo Buddha's protected owner for Equanimity: It is the dedicated explanation of balanced care without numbness. Information gain: A narrower explanation, misconception, or example set specific to “Equanimity in Buddhism: Balanced Care Without Numbness”.","Verified authorship, accountability, source-policy, review-process, correction-flow, and attribution-governance strengthening only.","No owner/index/canonical/URL/sitemap change; no fabricated person, credential, authority, source, experience, or review; no removal of Phase 5 family differentiation.",Build; ownership/index/canonical/sitemap parity; source and safety review; Phase 5 cross-family regression check.
https://echobuddha.com/articles/first-week-buddhist-practice/,PRACTICAL_APPLICATION,indexable,Low,NO_CRITICAL_ISSUE,This page exists to serve practical how to within Beginner Buddhism through daily-life examples or a repeatable application tied specifically to “First Week Buddhist Practice for Beginners”. Information gain: Daily-life examples or a repeatable application tied specifically to “First Week Buddhist Practice for Beginners”.,"Verified authorship, accountability, source-policy, review-process, correction-flow, and attribution-governance strengthening only.","No owner/index/canonical/URL/sitemap change; no fabricated person, credential, authority, source, experience, or review; no removal of Phase 5 family differentiation.",Build; ownership/index/canonical/sitemap parity; source and safety review; Phase 5 cross-family regression check.
https://echobuddha.com/articles/five-precepts-in-daily-life/,PRACTICAL_APPLICATION,indexable,Low,NO_CRITICAL_ISSUE,This page exists to serve practical how to within Five Precepts through daily-life examples or a repeatable application tied specifically to “Five Precepts in Daily Life: Buddhist Ethics for Beginners”. Information gain: Daily-life examples or a repeatable application tied specifically to “Five Precepts in Daily Life: Buddhist Ethics for Beginners”.,"Verified authorship, accountability, source-policy, review-process, correction-flow, and attribution-governance strengthening only.","No owner/index/canonical/URL/sitemap change; no fabricated person, credential, authority, source, experience, or review; no removal of Phase 5 family differentiation.",Build; ownership/index/canonical/sitemap parity; source and safety review; Phase 5 cross-family regression check.
https://echobuddha.com/articles/four-noble-truths-explained-simply/,BEGINNER_FOUNDATION,indexable,Low,NO_CRITICAL_ISSUE,"This page exists to serve beginner informational within Four Noble Truths through a narrower explanation, misconception, or example set specific to “Four Noble Truths Explained Simply for Beginners”. Information gain: A narrower explanation, misconception, or example set specific to “Four Noble Truths Explained Simply for Beginners”.","Verified authorship, accountability, source-policy, review-process, correction-flow, and attribution-governance strengthening only.","No owner/index/canonical/URL/sitemap change; no fabricated person, credential, authority, source, experience, or review; no removal of Phase 5 family differentiation.",Build; ownership/index/canonical/sitemap parity; source and safety review; Phase 5 cross-family regression check.
https://echobuddha.com/articles/four-noble-truths-explained/,SUPPORTING_EXPLANATION,indexable,Low,NO_CRITICAL_ISSUE,"This page exists to serve foundational informational within Four Noble Truths through a narrower explanation, misconception, or example set specific to “The Four Noble Truths Explained Simply”. Information gain: A narrower explanation, misconception, or example set specific to “The Four Noble Truths Explained Simply”.","Verified authorship, accountability, source-policy, review-process, correction-flow, and attribution-governance strengthening only.","No owner/index/canonical/URL/sitemap change; no fabricated person, credential, authority, source, experience, or review; no removal of Phase 5 family differentiation.",Build; ownership/index/canonical/sitemap parity; source and safety review; Phase 5 cross-family regression check.
https://echobuddha.com/articles/how-to-let-go-of-attachment-in-buddhism/,PRIMARY_PILLAR,indexable,Medium,NO_CRITICAL_ISSUE,"This page exists as Echo Buddha's protected owner for Attachment / Non-Attachment / Letting Go: It most clearly distinguishes clinging from care and anchors the practical release cluster. Information gain: A narrower explanation, misconception, or example set specific to “How to Let Go of Attachment in Buddhism”.","Verified authorship, accountability, source-policy, review-process, correction-flow, and attribution-governance strengthening only.","No owner/index/canonical/URL/sitemap change; no fabricated person, credential, authority, source, experience, or review; no removal of Phase 5 family differentiation.",Build; ownership/index/canonical/sitemap parity; source and safety review; Phase 5 cross-family regression check.
https://echobuddha.com/articles/how-to-meditate-for-anxiety/,SCENARIO_GUIDE,indexable,Low,NO_CRITICAL_ISSUE,This page exists as Echo Buddha's protected owner for Anxiety / Overthinking: It owns the anxiety-specific gentle practice; overthinking remains a related but distinct thought-loop scenario. Information gain: Worked guidance for the specific situation named by “How to Meditate for Anxiety Gently”.,"Verified authorship, accountability, source-policy, review-process, correction-flow, and attribution-governance strengthening only.","No owner/index/canonical/URL/sitemap change; no fabricated person, credential, authority, source, experience, or review; no removal of Phase 5 family differentiation.",Build; ownership/index/canonical/sitemap parity; source and safety review; Phase 5 cross-family regression check.
https://echobuddha.com/articles/how-to-meditate-for-beginners/,PRACTICE_GUIDE,indexable,Low,NO_CRITICAL_ISSUE,"This page exists to serve meditation practice within Meditation through concrete method, pacing, posture, duration, or troubleshooting specific to “How to Meditate for Beginners: Simple Buddhist Guide”. Information gain: Concrete method, pacing, posture, duration, or troubleshooting specific to “How to Meditate for Beginners: Simple Buddhist Guide”.","Verified authorship, accountability, source-policy, review-process, correction-flow, and attribution-governance strengthening only.","No owner/index/canonical/URL/sitemap change; no fabricated person, credential, authority, source, experience, or review; no removal of Phase 5 family differentiation.",Build; ownership/index/canonical/sitemap parity; source and safety review; Phase 5 cross-family regression check.
https://echobuddha.com/articles/how-to-practice-non-attachment/,PRACTICAL_APPLICATION,indexable,Medium,NO_CRITICAL_ISSUE,This page exists to serve practical how to within Attachment / Non-Attachment / Letting Go through daily-life examples or a repeatable application tied specifically to “How to Practice Non-Attachment”. Information gain: Daily-life examples or a repeatable application tied specifically to “How to Practice Non-Attachment”.,"Verified authorship, accountability, source-policy, review-process, correction-flow, and attribution-governance strengthening only.","No owner/index/canonical/URL/sitemap change; no fabricated person, credential, authority, source, experience, or review; no removal of Phase 5 family differentiation.",Build; ownership/index/canonical/sitemap parity; source and safety review; Phase 5 cross-family regression check.
https://echobuddha.com/articles/impermanence-in-buddhism-letting-go/,PRACTICAL_APPLICATION,indexable,Low,NO_CRITICAL_ISSUE,This page exists to serve practical how to within Impermanence through daily-life examples or a repeatable application tied specifically to “Impermanence in Buddhism and How to Let Go Gently”. Information gain: Daily-life examples or a repeatable application tied specifically to “Impermanence in Buddhism and How to Let Go Gently”.,"Verified authorship, accountability, source-policy, review-process, correction-flow, and attribution-governance strengthening only.","No owner/index/canonical/URL/sitemap change; no fabricated person, credential, authority, source, experience, or review; no removal of Phase 5 family differentiation.",Build; ownership/index/canonical/sitemap parity; source and safety review; Phase 5 cross-family regression check.
https://echobuddha.com/articles/impermanence-in-buddhism/,SUPPORTING_EXPLANATION,indexable,Low,NO_CRITICAL_ISSUE,"This page exists to serve foundational informational within Impermanence through a narrower explanation, misconception, or example set specific to “Impermanence in Buddhism: Accepting Change Peacefully”. Information gain: A narrower explanation, misconception, or example set specific to “Impermanence in Buddhism: Accepting Change Peacefully”.","Verified authorship, accountability, source-policy, review-process, correction-flow, and attribution-governance strengthening only.","No owner/index/canonical/URL/sitemap change; no fabricated person, credential, authority, source, experience, or review; no removal of Phase 5 family differentiation.",Build; ownership/index/canonical/sitemap parity; source and safety review; Phase 5 cross-family regression check.
https://echobuddha.com/articles/,HUB,indexable,Medium,NO_CRITICAL_ISSUE,"This page exists as Echo Buddha's protected owner for Article Discovery: The publication index owns article discovery, not any individual Buddhist teaching. Information gain: Orientation, selection, and meaningful navigation across the Article Discovery cluster.","Verified authorship, accountability, source-policy, review-process, correction-flow, and attribution-governance strengthening only.","No owner/index/canonical/URL/sitemap change; no fabricated person, credential, authority, source, experience, or review; no removal of Phase 5 family differentiation.",Build; ownership/index/canonical/sitemap parity; source and safety review; Phase 5 cross-family regression check.
https://echobuddha.com/articles/letting-go-without-giving-up/,PRACTICAL_APPLICATION,indexable,Medium,NO_CRITICAL_ISSUE,This page exists to serve practical how to within Attachment / Non-Attachment / Letting Go through daily-life examples or a repeatable application tied specifically to “Letting Go Without Giving Up”. Information gain: Daily-life examples or a repeatable application tied specifically to “Letting Go Without Giving Up”.,"Verified authorship, accountability, source-policy, review-process, correction-flow, and attribution-governance strengthening only.","No owner/index/canonical/URL/sitemap change; no fabricated person, credential, authority, source, experience, or review; no removal of Phase 5 family differentiation.",Build; ownership/index/canonical/sitemap parity; source and safety review; Phase 5 cross-family regression check.
https://echobuddha.com/articles/loving-kindness-meditation-beginners/,BEGINNER_FOUNDATION,indexable,VERIFIED_AUTHORITATIVE_LINKS_AND_BOUNDARIES,NO_CRITICAL_ISSUE,"This page exists to serve beginner informational within Loving-Kindness / Metta through a narrower explanation, misconception, or example set specific to “Loving-Kindness Meditation for Beginners”. Information gain: A narrower explanation, misconception, or example set specific to “Loving-Kindness Meditation for Beginners”.","Verified authorship, accountability, source-policy, review-process, correction-flow, and attribution-governance strengthening only.","No owner/index/canonical/URL/sitemap change; no fabricated person, credential, authority, source, experience, or review; no removal of Phase 5 family differentiation.",Build; ownership/index/canonical/sitemap parity; source and safety review; Phase 5 cross-family regression check.
https://echobuddha.com/articles/loving-kindness-meditation-guide/,BEGINNER_FOUNDATION,indexable,Low,NO_CRITICAL_ISSUE,"This page exists to serve beginner informational within Loving-Kindness / Metta through a narrower explanation, misconception, or example set specific to “Loving-Kindness Meditation Guide for Beginners”. Information gain: A narrower explanation, misconception, or example set specific to “Loving-Kindness Meditation Guide for Beginners”.","Verified authorship, accountability, source-policy, review-process, correction-flow, and attribution-governance strengthening only.","No owner/index/canonical/URL/sitemap change; no fabricated person, credential, authority, source, experience, or review; no removal of Phase 5 family differentiation.",Build; ownership/index/canonical/sitemap parity; source and safety review; Phase 5 cross-family regression check.
https://echobuddha.com/articles/metta-meditation-script/,PRACTICE_GUIDE,indexable,Low,NO_CRITICAL_ISSUE,"This page exists to serve meditation practice within Loving-Kindness / Metta through concrete method, pacing, posture, duration, or troubleshooting specific to “Metta Meditation Script for Loving-Kindness Practice”. Information gain: Concrete method, pacing, posture, duration, or troubleshooting specific to “Metta Meditation Script for Loving-Kindness Practice”.","Verified authorship, accountability, source-policy, review-process, correction-flow, and attribution-governance strengthening only.","No owner/index/canonical/URL/sitemap change; no fabricated person, credential, authority, source, experience, or review; no removal of Phase 5 family differentiation.",Build; ownership/index/canonical/sitemap parity; source and safety review; Phase 5 cross-family regression check.
https://echobuddha.com/articles/mindful-email-and-texting/,SCENARIO_GUIDE,indexable,Low,NO_CRITICAL_ISSUE,This page exists to serve scenario application within Right Speech through worked guidance for the specific situation named by “Mindful Email and Texting with Buddhist Right Speech”. Information gain: Worked guidance for the specific situation named by “Mindful Email and Texting with Buddhist Right Speech”.,"Verified authorship, accountability, source-policy, review-process, correction-flow, and attribution-governance strengthening only.","No owner/index/canonical/URL/sitemap change; no fabricated person, credential, authority, source, experience, or review; no removal of Phase 5 family differentiation.",Build; ownership/index/canonical/sitemap parity; source and safety review; Phase 5 cross-family regression check.
https://echobuddha.com/articles/mindful-listening-in-everyday-life/,SCENARIO_GUIDE,indexable,Medium,NO_CRITICAL_ISSUE,This page exists to serve scenario application within Right Speech through worked guidance for the specific situation named by “Mindful Listening in Everyday Life”. Information gain: Worked guidance for the specific situation named by “Mindful Listening in Everyday Life”.,"Verified authorship, accountability, source-policy, review-process, correction-flow, and attribution-governance strengthening only.","No owner/index/canonical/URL/sitemap change; no fabricated person, credential, authority, source, experience, or review; no removal of Phase 5 family differentiation.",Build; ownership/index/canonical/sitemap parity; source and safety review; Phase 5 cross-family regression check.
https://echobuddha.com/articles/mindfulness-for-better-sleep/,SCENARIO_GUIDE,indexable,Low,NO_CRITICAL_ISSUE,This page exists as Echo Buddha's protected owner for Sleep: It is the only sleep-specific mindfulness guide and must retain wellbeing boundaries. Information gain: Worked guidance for the specific situation named by “Mindfulness for Better Sleep”.,"Verified authorship, accountability, source-policy, review-process, correction-flow, and attribution-governance strengthening only.","No owner/index/canonical/URL/sitemap change; no fabricated person, credential, authority, source, experience, or review; no removal of Phase 5 family differentiation.",Build; ownership/index/canonical/sitemap parity; source and safety review; Phase 5 cross-family regression check.
https://echobuddha.com/articles/mindfulness-morning-routine/,PRACTICAL_APPLICATION,indexable,Medium,NO_CRITICAL_ISSUE,This page exists to serve practical how to within Mindfulness through daily-life examples or a repeatable application tied specifically to “Mindful Morning Routine for Beginners”. Information gain: Daily-life examples or a repeatable application tied specifically to “Mindful Morning Routine for Beginners”.,"Verified authorship, accountability, source-policy, review-process, correction-flow, and attribution-governance strengthening only.","No owner/index/canonical/URL/sitemap change; no fabricated person, credential, authority, source, experience, or review; no removal of Phase 5 family differentiation.",Build; ownership/index/canonical/sitemap parity; source and safety review; Phase 5 cross-family regression check.
https://echobuddha.com/articles/mindfulness-of-breathing-guide/,PRIMARY_PILLAR,indexable,Low,NO_CRITICAL_ISSUE,"This page exists as Echo Buddha's protected owner for Breath / Mindfulness of Breathing: It owns the fuller breath-method explanation; practice and source pages keep distinct roles. Information gain: A narrower explanation, misconception, or example set specific to “Mindfulness of Breathing Guide for Calm and Clarity”.","Verified authorship, accountability, source-policy, review-process, correction-flow, and attribution-governance strengthening only.","No owner/index/canonical/URL/sitemap change; no fabricated person, credential, authority, source, experience, or review; no removal of Phase 5 family differentiation.",Build; ownership/index/canonical/sitemap parity; source and safety review; Phase 5 cross-family regression check.
https://echobuddha.com/articles/mindfulness-vs-meditation/,COMPARISON_PAGE,indexable,Low,NO_CRITICAL_ISSUE,This page exists to serve comparative within Mindfulness through direct distinction between concepts that readers commonly confuse in “Mindfulness vs Meditation: Simple Beginner Guide”. Information gain: Direct distinction between concepts that readers commonly confuse in “Mindfulness vs Meditation: Simple Beginner Guide”.,"Verified authorship, accountability, source-policy, review-process, correction-flow, and attribution-governance strengthening only.","No owner/index/canonical/URL/sitemap change; no fabricated person, credential, authority, source, experience, or review; no removal of Phase 5 family differentiation.",Build; ownership/index/canonical/sitemap parity; source and safety review; Phase 5 cross-family regression check.
https://echobuddha.com/articles/noble-eightfold-path-practical-guide/,PRACTICAL_APPLICATION,indexable,Low,NO_CRITICAL_ISSUE,This page exists to serve practical how to within Noble Eightfold Path through daily-life examples or a repeatable application tied specifically to “Noble Eightfold Path Practical Guide for Daily Life”. Information gain: Daily-life examples or a repeatable application tied specifically to “Noble Eightfold Path Practical Guide for Daily Life”.,"Verified authorship, accountability, source-policy, review-process, correction-flow, and attribution-governance strengthening only.","No owner/index/canonical/URL/sitemap change; no fabricated person, credential, authority, source, experience, or review; no removal of Phase 5 family differentiation.",Build; ownership/index/canonical/sitemap parity; source and safety review; Phase 5 cross-family regression check.
https://echobuddha.com/articles/non-attachment-in-relationships/,SCENARIO_GUIDE,indexable,Low,NO_CRITICAL_ISSUE,This page exists to serve scenario application within Attachment / Non-Attachment / Letting Go through worked guidance for the specific situation named by “Non-Attachment in Relationships Without Becoming Cold”. Information gain: Worked guidance for the specific situation named by “Non-Attachment in Relationships Without Becoming Cold”.,"Verified authorship, accountability, source-policy, review-process, correction-flow, and attribution-governance strengthening only.","No owner/index/canonical/URL/sitemap change; no fabricated person, credential, authority, source, experience, or review; no removal of Phase 5 family differentiation.",Build; ownership/index/canonical/sitemap parity; source and safety review; Phase 5 cross-family regression check.
https://echobuddha.com/articles/right-livelihood-modern-life/,PRACTICAL_APPLICATION,indexable,Low,NO_CRITICAL_ISSUE,This page exists to serve practical how to within Right Livelihood through daily-life examples or a repeatable application tied specifically to “Right Livelihood in Modern Life: Buddhist Work Ethics”. Information gain: Daily-life examples or a repeatable application tied specifically to “Right Livelihood in Modern Life: Buddhist Work Ethics”.,"Verified authorship, accountability, source-policy, review-process, correction-flow, and attribution-governance strengthening only.","No owner/index/canonical/URL/sitemap change; no fabricated person, credential, authority, source, experience, or review; no removal of Phase 5 family differentiation.",Build; ownership/index/canonical/sitemap parity; source and safety review; Phase 5 cross-family regression check.
https://echobuddha.com/articles/right-speech-buddhism/,PRIMARY_PILLAR,indexable,VERIFIED_AUTHORITATIVE_LINKS_AND_BOUNDARIES,NO_CRITICAL_ISSUE,"This page exists as Echo Buddha's protected owner for Right Speech: It combines meaning, ethical criteria, examples, and practice; other pages can specialize by source or scenario. Information gain: A narrower explanation, misconception, or example set specific to “Right Speech in Buddhism: Meaning, Examples, and Practice”.","Verified authorship, accountability, source-policy, review-process, correction-flow, and attribution-governance strengthening only.","No owner/index/canonical/URL/sitemap change; no fabricated person, credential, authority, source, experience, or review; no removal of Phase 5 family differentiation.",Build; ownership/index/canonical/sitemap parity; source and safety review; Phase 5 cross-family regression check.
https://echobuddha.com/articles/right-speech-examples/,SUPPORTING_EXPLANATION,indexable,Low,NO_CRITICAL_ISSUE,"This page exists to serve foundational informational within Right Speech through a narrower explanation, misconception, or example set specific to “Right Speech Examples for Everyday Life”. Information gain: A narrower explanation, misconception, or example set specific to “Right Speech Examples for Everyday Life”.","Verified authorship, accountability, source-policy, review-process, correction-flow, and attribution-governance strengthening only.","No owner/index/canonical/URL/sitemap change; no fabricated person, credential, authority, source, experience, or review; no removal of Phase 5 family differentiation.",Build; ownership/index/canonical/sitemap parity; source and safety review; Phase 5 cross-family regression check.
https://echobuddha.com/articles/three-poisons-buddhism-explained/,PRIMARY_PILLAR,indexable,Low,NO_CRITICAL_ISSUE,"This page exists as Echo Buddha's protected owner for Three Poisons: It is the only substantial broad explainer of greed, aversion, and delusion. Information gain: A narrower explanation, misconception, or example set specific to “Three Poisons in Buddhism: Greed, Aversion, and Delusion”.","Verified authorship, accountability, source-policy, review-process, correction-flow, and attribution-governance strengthening only.","No owner/index/canonical/URL/sitemap change; no fabricated person, credential, authority, source, experience, or review; no removal of Phase 5 family differentiation.",Build; ownership/index/canonical/sitemap parity; source and safety review; Phase 5 cross-family regression check.
https://echobuddha.com/articles/three-ways-to-practice-patience/,PRIMARY_PILLAR,indexable,Medium,NO_CRITICAL_ISSUE,"This page exists as Echo Buddha's protected owner for Patience: It is the broad practical owner; source study and recurring reflections remain narrow. Information gain: A narrower explanation, misconception, or example set specific to “Three Ways to Practice Patience”.","Verified authorship, accountability, source-policy, review-process, correction-flow, and attribution-governance strengthening only.","No owner/index/canonical/URL/sitemap change; no fabricated person, credential, authority, source, experience, or review; no removal of Phase 5 family differentiation.",Build; ownership/index/canonical/sitemap parity; source and safety review; Phase 5 cross-family regression check.
https://echobuddha.com/articles/visiting-a-buddhist-temple-respectfully/,SCENARIO_GUIDE,indexable,Low,NO_CRITICAL_ISSUE,This page exists to serve scenario application within Sangha through worked guidance for the specific situation named by “Visiting a Buddhist Temple Respectfully: Beginner Guide”. Information gain: Worked guidance for the specific situation named by “Visiting a Buddhist Temple Respectfully: Beginner Guide”.,"Verified authorship, accountability, source-policy, review-process, correction-flow, and attribution-governance strengthening only.","No owner/index/canonical/URL/sitemap change; no fabricated person, credential, authority, source, experience, or review; no removal of Phase 5 family differentiation.",Build; ownership/index/canonical/sitemap parity; source and safety review; Phase 5 cross-family regression check.
https://echobuddha.com/articles/walking-meditation-step-by-step/,PRACTICE_GUIDE,indexable,Medium,NO_CRITICAL_ISSUE,"This page exists to serve meditation practice within Walking Meditation through concrete method, pacing, posture, duration, or troubleshooting specific to “Walking Meditation: Step-by-Step Guide”. Information gain: Concrete method, pacing, posture, duration, or troubleshooting specific to “Walking Meditation: Step-by-Step Guide”.","Verified authorship, accountability, source-policy, review-process, correction-flow, and attribution-governance strengthening only.","No owner/index/canonical/URL/sitemap change; no fabricated person, credential, authority, source, experience, or review; no removal of Phase 5 family differentiation.",Build; ownership/index/canonical/sitemap parity; source and safety review; Phase 5 cross-family regression check.
https://echobuddha.com/articles/what-is-buddhism-beginner-guide/,BEGINNER_FOUNDATION,indexable,Low,NO_CRITICAL_ISSUE,"This page exists to serve beginner informational within Beginner Buddhism through a narrower explanation, misconception, or example set specific to “What Is Buddhism? Beginner Guide to Buddhist Wisdom”. Information gain: A narrower explanation, misconception, or example set specific to “What Is Buddhism? Beginner Guide to Buddhist Wisdom”.","Verified authorship, accountability, source-policy, review-process, correction-flow, and attribution-governance strengthening only.","No owner/index/canonical/URL/sitemap change; no fabricated person, credential, authority, source, experience, or review; no removal of Phase 5 family differentiation.",Build; ownership/index/canonical/sitemap parity; source and safety review; Phase 5 cross-family regression check.
https://echobuddha.com/articles/what-is-karma-in-buddhism/,PRACTICAL_APPLICATION,indexable,Low,NO_CRITICAL_ISSUE,This page exists to serve practical how to within Karma through daily-life examples or a repeatable application tied specifically to “How Karma Shapes Daily Choices in Buddhist Practice”. Information gain: Daily-life examples or a repeatable application tied specifically to “How Karma Shapes Daily Choices in Buddhist Practice”.,"Verified authorship, accountability, source-policy, review-process, correction-flow, and attribution-governance strengthening only.","No owner/index/canonical/URL/sitemap change; no fabricated person, credential, authority, source, experience, or review; no removal of Phase 5 family differentiation.",Build; ownership/index/canonical/sitemap parity; source and safety review; Phase 5 cross-family regression check.
https://echobuddha.com/articles/what-is-sangha-buddhist-community/,PRIMARY_PILLAR,indexable,Low,NO_CRITICAL_ISSUE,"This page exists as Echo Buddha's protected owner for Sangha: It provides the fuller community explanation; the dictionary and temple guide have narrower roles. Information gain: A narrower explanation, misconception, or example set specific to “What Is Sangha? Buddhist Community for Beginners”.","Verified authorship, accountability, source-policy, review-process, correction-flow, and attribution-governance strengthening only.","No owner/index/canonical/URL/sitemap change; no fabricated person, credential, authority, source, experience, or review; no removal of Phase 5 family differentiation.",Build; ownership/index/canonical/sitemap parity; source and safety review; Phase 5 cross-family regression check.
https://echobuddha.com/authors/echo-buddha-editorial/,TRUST_POLICY,indexable,Medium,NO_CRITICAL_ISSUE,This page exists to serve trust within Trust / Policy through publisher transparency or user-protection information specific to “Echo Buddha Editorial”. Information gain: Publisher transparency or user-protection information specific to “Echo Buddha Editorial”.,"Verified authorship, accountability, source-policy, review-process, correction-flow, and attribution-governance strengthening only.","No owner/index/canonical/URL/sitemap change; no fabricated person, credential, authority, source, experience, or review; no removal of Phase 5 family differentiation.",Build; ownership/index/canonical/sitemap parity; source and safety review; Phase 5 cross-family regression check.
https://echobuddha.com/buddhist-sources-and-citations/,TRUST_POLICY,indexable,Medium,NO_CRITICAL_ISSUE,This page exists to serve trust within Trust / Policy through publisher transparency or user-protection information specific to “Buddhist Sources and Citations”. Information gain: Publisher transparency or user-protection information specific to “Buddhist Sources and Citations”.,"Verified authorship, accountability, source-policy, review-process, correction-flow, and attribution-governance strengthening only.","No owner/index/canonical/URL/sitemap change; no fabricated person, credential, authority, source, experience, or review; no removal of Phase 5 family differentiation.",Build; ownership/index/canonical/sitemap parity; source and safety review; Phase 5 cross-family regression check.
https://echobuddha.com/contact/,TRUST_POLICY,indexable,Medium,NO_CRITICAL_ISSUE,This page exists to serve trust within Trust / Policy through publisher transparency or user-protection information specific to “Contact”. Information gain: Publisher transparency or user-protection information specific to “Contact”.,"Verified authorship, accountability, source-policy, review-process, correction-flow, and attribution-governance strengthening only.","No owner/index/canonical/URL/sitemap change; no fabricated person, credential, authority, source, experience, or review; no removal of Phase 5 family differentiation.",Build; ownership/index/canonical/sitemap parity; source and safety review; Phase 5 cross-family regression check.
https://echobuddha.com/corrections/,TRUST_POLICY,indexable,Medium,NO_CRITICAL_ISSUE,This page exists to serve trust within Trust / Policy through publisher transparency or user-protection information specific to “Corrections and Editorial Updates”. Information gain: Publisher transparency or user-protection information specific to “Corrections and Editorial Updates”.,"Verified authorship, accountability, source-policy, review-process, correction-flow, and attribution-governance strengthening only.","No owner/index/canonical/URL/sitemap change; no fabricated person, credential, authority, source, experience, or review; no removal of Phase 5 family differentiation.",Build; ownership/index/canonical/sitemap parity; source and safety review; Phase 5 cross-family regression check.
https://echobuddha.com/daily-reflections/anger-as-a-signal/,RECURRING_USER_CONTENT,"noindex, follow",Medium,NO_CRITICAL_ISSUE,"This page exists to serve recurring user within Daily Reflections through returning-reader cadence, a short reflection prompt, and a bounded daily practice. Information gain: Returning-reader cadence, a short reflection prompt, and a bounded daily practice.","Verified authorship, accountability, source-policy, review-process, correction-flow, and attribution-governance strengthening only.","No owner/index/canonical/URL/sitemap change; no fabricated person, credential, authority, source, experience, or review; no removal of Phase 5 family differentiation.",Build; ownership/index/canonical/sitemap parity; source and safety review; Phase 5 cross-family regression check.
https://echobuddha.com/daily-reflections/begin-again-without-shame/,RECURRING_USER_CONTENT,"noindex, follow",Medium,NO_CRITICAL_ISSUE,"This page exists to serve recurring user within Daily Reflections through returning-reader cadence, a short reflection prompt, and a bounded daily practice. Information gain: Returning-reader cadence, a short reflection prompt, and a bounded daily practice.","Verified authorship, accountability, source-policy, review-process, correction-flow, and attribution-governance strengthening only.","No owner/index/canonical/URL/sitemap change; no fabricated person, credential, authority, source, experience, or review; no removal of Phase 5 family differentiation.",Build; ownership/index/canonical/sitemap parity; source and safety review; Phase 5 cross-family regression check.
https://echobuddha.com/daily-reflections/compassion-begins-nearby/,RECURRING_USER_CONTENT,"noindex, follow",Medium,NO_CRITICAL_ISSUE,"This page exists to serve recurring user within Daily Reflections through returning-reader cadence, a short reflection prompt, and a bounded daily practice. Information gain: Returning-reader cadence, a short reflection prompt, and a bounded daily practice.","Verified authorship, accountability, source-policy, review-process, correction-flow, and attribution-governance strengthening only.","No owner/index/canonical/URL/sitemap change; no fabricated person, credential, authority, source, experience, or review; no removal of Phase 5 family differentiation.",Build; ownership/index/canonical/sitemap parity; source and safety review; Phase 5 cross-family regression check.
https://echobuddha.com/daily-reflections/enough-for-this-moment/,RECURRING_USER_CONTENT,"noindex, follow",Medium,NO_CRITICAL_ISSUE,"This page exists to serve recurring user within Daily Reflections through returning-reader cadence, a short reflection prompt, and a bounded daily practice. Information gain: Returning-reader cadence, a short reflection prompt, and a bounded daily practice.","Verified authorship, accountability, source-policy, review-process, correction-flow, and attribution-governance strengthening only.","No owner/index/canonical/URL/sitemap change; no fabricated person, credential, authority, source, experience, or review; no removal of Phase 5 family differentiation.",Build; ownership/index/canonical/sitemap parity; source and safety review; Phase 5 cross-family regression check.
https://echobuddha.com/daily-reflections/evening-release/,RECURRING_USER_CONTENT,"noindex, follow",Medium,NO_CRITICAL_ISSUE,"This page exists to serve recurring user within Daily Reflections through returning-reader cadence, a short reflection prompt, and a bounded daily practice. Information gain: Returning-reader cadence, a short reflection prompt, and a bounded daily practice.","Verified authorship, accountability, source-policy, review-process, correction-flow, and attribution-governance strengthening only.","No owner/index/canonical/URL/sitemap change; no fabricated person, credential, authority, source, experience, or review; no removal of Phase 5 family differentiation.",Build; ownership/index/canonical/sitemap parity; source and safety review; Phase 5 cross-family regression check.
https://echobuddha.com/daily-reflections/family-patience/,RECURRING_USER_CONTENT,"noindex, follow",Medium,NO_CRITICAL_ISSUE,"This page exists to serve recurring user within Daily Reflections through returning-reader cadence, a short reflection prompt, and a bounded daily practice. Information gain: Returning-reader cadence, a short reflection prompt, and a bounded daily practice.","Verified authorship, accountability, source-policy, review-process, correction-flow, and attribution-governance strengthening only.","No owner/index/canonical/URL/sitemap change; no fabricated person, credential, authority, source, experience, or review; no removal of Phase 5 family differentiation.",Build; ownership/index/canonical/sitemap parity; source and safety review; Phase 5 cross-family regression check.
https://echobuddha.com/daily-reflections/forgiveness-without-approval/,RECURRING_USER_CONTENT,"noindex, follow",Medium,NO_CRITICAL_ISSUE,"This page exists to serve recurring user within Daily Reflections through returning-reader cadence, a short reflection prompt, and a bounded daily practice. Information gain: Returning-reader cadence, a short reflection prompt, and a bounded daily practice.","Verified authorship, accountability, source-policy, review-process, correction-flow, and attribution-governance strengthening only.","No owner/index/canonical/URL/sitemap change; no fabricated person, credential, authority, source, experience, or review; no removal of Phase 5 family differentiation.",Build; ownership/index/canonical/sitemap parity; source and safety review; Phase 5 cross-family regression check.
https://echobuddha.com/daily-reflections/gratitude-for-change/,RECURRING_USER_CONTENT,"noindex, follow",Medium,NO_CRITICAL_ISSUE,"This page exists to serve recurring user within Daily Reflections through returning-reader cadence, a short reflection prompt, and a bounded daily practice. Information gain: Returning-reader cadence, a short reflection prompt, and a bounded daily practice.","Verified authorship, accountability, source-policy, review-process, correction-flow, and attribution-governance strengthening only.","No owner/index/canonical/URL/sitemap change; no fabricated person, credential, authority, source, experience, or review; no removal of Phase 5 family differentiation.",Build; ownership/index/canonical/sitemap parity; source and safety review; Phase 5 cross-family regression check.
https://echobuddha.com/daily-reflections/gratitude-notices-enough/,RECURRING_USER_CONTENT,"noindex, follow",Medium,NO_CRITICAL_ISSUE,"This page exists to serve recurring user within Daily Reflections through returning-reader cadence, a short reflection prompt, and a bounded daily practice. Information gain: Returning-reader cadence, a short reflection prompt, and a bounded daily practice.","Verified authorship, accountability, source-policy, review-process, correction-flow, and attribution-governance strengthening only.","No owner/index/canonical/URL/sitemap change; no fabricated person, credential, authority, source, experience, or review; no removal of Phase 5 family differentiation.",Build; ownership/index/canonical/sitemap parity; source and safety review; Phase 5 cross-family regression check.
https://echobuddha.com/daily-reflections/impermanence-softens-clinging/,RECURRING_USER_CONTENT,"noindex, follow",Medium,NO_CRITICAL_ISSUE,"This page exists to serve recurring user within Daily Reflections through returning-reader cadence, a short reflection prompt, and a bounded daily practice. Information gain: Returning-reader cadence, a short reflection prompt, and a bounded daily practice.","Verified authorship, accountability, source-policy, review-process, correction-flow, and attribution-governance strengthening only.","No owner/index/canonical/URL/sitemap change; no fabricated person, credential, authority, source, experience, or review; no removal of Phase 5 family differentiation.",Build; ownership/index/canonical/sitemap parity; source and safety review; Phase 5 cross-family regression check.
https://echobuddha.com/daily-reflections/,HUB,indexable,Medium,NO_CRITICAL_ISSUE,"This page exists as Echo Buddha's protected owner for Daily Reflections: The hub owns the returning reflection experience; detail pages do not own broad teaching queries. Information gain: Orientation, selection, and meaningful navigation across the Daily Reflections cluster.","Verified authorship, accountability, source-policy, review-process, correction-flow, and attribution-governance strengthening only.","No owner/index/canonical/URL/sitemap change; no fabricated person, credential, authority, source, experience, or review; no removal of Phase 5 family differentiation.",Build; ownership/index/canonical/sitemap parity; source and safety review; Phase 5 cross-family regression check.
https://echobuddha.com/daily-reflections/kindness-with-boundaries/,RECURRING_USER_CONTENT,"noindex, follow",Medium,NO_CRITICAL_ISSUE,"This page exists to serve recurring user within Daily Reflections through returning-reader cadence, a short reflection prompt, and a bounded daily practice. Information gain: Returning-reader cadence, a short reflection prompt, and a bounded daily practice.","Verified authorship, accountability, source-policy, review-process, correction-flow, and attribution-governance strengthening only.","No owner/index/canonical/URL/sitemap change; no fabricated person, credential, authority, source, experience, or review; no removal of Phase 5 family differentiation.",Build; ownership/index/canonical/sitemap parity; source and safety review; Phase 5 cross-family regression check.
https://echobuddha.com/daily-reflections/let-the-feeling-pass/,RECURRING_USER_CONTENT,"noindex, follow",Medium,NO_CRITICAL_ISSUE,"This page exists to serve recurring user within Daily Reflections through returning-reader cadence, a short reflection prompt, and a bounded daily practice. Information gain: Returning-reader cadence, a short reflection prompt, and a bounded daily practice.","Verified authorship, accountability, source-policy, review-process, correction-flow, and attribution-governance strengthening only.","No owner/index/canonical/URL/sitemap change; no fabricated person, credential, authority, source, experience, or review; no removal of Phase 5 family differentiation.",Build; ownership/index/canonical/sitemap parity; source and safety review; Phase 5 cross-family regression check.
https://echobuddha.com/daily-reflections/letting-go-keeps-care/,RECURRING_USER_CONTENT,"noindex, follow",Medium,NO_CRITICAL_ISSUE,"This page exists to serve recurring user within Daily Reflections through returning-reader cadence, a short reflection prompt, and a bounded daily practice. Information gain: Returning-reader cadence, a short reflection prompt, and a bounded daily practice.","Verified authorship, accountability, source-policy, review-process, correction-flow, and attribution-governance strengthening only.","No owner/index/canonical/URL/sitemap change; no fabricated person, credential, authority, source, experience, or review; no removal of Phase 5 family differentiation.",Build; ownership/index/canonical/sitemap parity; source and safety review; Phase 5 cross-family regression check.
https://echobuddha.com/daily-reflections/listen-before-answering/,RECURRING_USER_CONTENT,"noindex, follow",Medium,NO_CRITICAL_ISSUE,"This page exists to serve recurring user within Daily Reflections through returning-reader cadence, a short reflection prompt, and a bounded daily practice. Information gain: Returning-reader cadence, a short reflection prompt, and a bounded daily practice.","Verified authorship, accountability, source-policy, review-process, correction-flow, and attribution-governance strengthening only.","No owner/index/canonical/URL/sitemap change; no fabricated person, credential, authority, source, experience, or review; no removal of Phase 5 family differentiation.",Build; ownership/index/canonical/sitemap parity; source and safety review; Phase 5 cross-family regression check.
https://echobuddha.com/daily-reflections/metta-for-a-difficult-person/,RECURRING_USER_CONTENT,"noindex, follow",Medium,NO_CRITICAL_ISSUE,"This page exists to serve recurring user within Daily Reflections through returning-reader cadence, a short reflection prompt, and a bounded daily practice. Information gain: Returning-reader cadence, a short reflection prompt, and a bounded daily practice.","Verified authorship, accountability, source-policy, review-process, correction-flow, and attribution-governance strengthening only.","No owner/index/canonical/URL/sitemap change; no fabricated person, credential, authority, source, experience, or review; no removal of Phase 5 family differentiation.",Build; ownership/index/canonical/sitemap parity; source and safety review; Phase 5 cross-family regression check.
https://echobuddha.com/daily-reflections/mindful-work/,RECURRING_USER_CONTENT,"noindex, follow",Medium,NO_CRITICAL_ISSUE,"This page exists to serve recurring user within Daily Reflections through returning-reader cadence, a short reflection prompt, and a bounded daily practice. Information gain: Returning-reader cadence, a short reflection prompt, and a bounded daily practice.","Verified authorship, accountability, source-policy, review-process, correction-flow, and attribution-governance strengthening only.","No owner/index/canonical/URL/sitemap change; no fabricated person, credential, authority, source, experience, or review; no removal of Phase 5 family differentiation.",Build; ownership/index/canonical/sitemap parity; source and safety review; Phase 5 cross-family regression check.
https://echobuddha.com/daily-reflections/morning-intention/,RECURRING_USER_CONTENT,"noindex, follow",Medium,NO_CRITICAL_ISSUE,"This page exists to serve recurring user within Daily Reflections through returning-reader cadence, a short reflection prompt, and a bounded daily practice. Information gain: Returning-reader cadence, a short reflection prompt, and a bounded daily practice.","Verified authorship, accountability, source-policy, review-process, correction-flow, and attribution-governance strengthening only.","No owner/index/canonical/URL/sitemap change; no fabricated person, credential, authority, source, experience, or review; no removal of Phase 5 family differentiation.",Build; ownership/index/canonical/sitemap parity; source and safety review; Phase 5 cross-family regression check.
https://echobuddha.com/daily-reflections/notice-before-fixing/,RECURRING_USER_CONTENT,"noindex, follow",Medium,NO_CRITICAL_ISSUE,"This page exists to serve recurring user within Daily Reflections through returning-reader cadence, a short reflection prompt, and a bounded daily practice. Information gain: Returning-reader cadence, a short reflection prompt, and a bounded daily practice.","Verified authorship, accountability, source-policy, review-process, correction-flow, and attribution-governance strengthening only.","No owner/index/canonical/URL/sitemap change; no fabricated person, credential, authority, source, experience, or review; no removal of Phase 5 family differentiation.",Build; ownership/index/canonical/sitemap parity; source and safety review; Phase 5 cross-family regression check.
https://echobuddha.com/daily-reflections/one-honest-breath/,RECURRING_USER_CONTENT,"noindex, follow",Medium,NO_CRITICAL_ISSUE,"This page exists to serve recurring user within Daily Reflections through returning-reader cadence, a short reflection prompt, and a bounded daily practice. Information gain: Returning-reader cadence, a short reflection prompt, and a bounded daily practice.","Verified authorship, accountability, source-policy, review-process, correction-flow, and attribution-governance strengthening only.","No owner/index/canonical/URL/sitemap change; no fabricated person, credential, authority, source, experience, or review; no removal of Phase 5 family differentiation.",Build; ownership/index/canonical/sitemap parity; source and safety review; Phase 5 cross-family regression check.
https://echobuddha.com/daily-reflections/one-step-on-the-path/,RECURRING_USER_CONTENT,"noindex, follow",Medium,NO_CRITICAL_ISSUE,"This page exists to serve recurring user within Daily Reflections through returning-reader cadence, a short reflection prompt, and a bounded daily practice. Information gain: Returning-reader cadence, a short reflection prompt, and a bounded daily practice.","Verified authorship, accountability, source-policy, review-process, correction-flow, and attribution-governance strengthening only.","No owner/index/canonical/URL/sitemap change; no fabricated person, credential, authority, source, experience, or review; no removal of Phase 5 family differentiation.",Build; ownership/index/canonical/sitemap parity; source and safety review; Phase 5 cross-family regression check.
https://echobuddha.com/daily-reflections/patience-before-anger-speaks/,RECURRING_USER_CONTENT,"noindex, follow",Medium,NO_CRITICAL_ISSUE,"This page exists to serve recurring user within Daily Reflections through returning-reader cadence, a short reflection prompt, and a bounded daily practice. Information gain: Returning-reader cadence, a short reflection prompt, and a bounded daily practice.","Verified authorship, accountability, source-policy, review-process, correction-flow, and attribution-governance strengthening only.","No owner/index/canonical/URL/sitemap change; no fabricated person, credential, authority, source, experience, or review; no removal of Phase 5 family differentiation.",Build; ownership/index/canonical/sitemap parity; source and safety review; Phase 5 cross-family regression check.
https://echobuddha.com/daily-reflections/rest-without-escape/,RECURRING_USER_CONTENT,"noindex, follow",Medium,NO_CRITICAL_ISSUE,"This page exists to serve recurring user within Daily Reflections through returning-reader cadence, a short reflection prompt, and a bounded daily practice. Information gain: Returning-reader cadence, a short reflection prompt, and a bounded daily practice.","Verified authorship, accountability, source-policy, review-process, correction-flow, and attribution-governance strengthening only.","No owner/index/canonical/URL/sitemap change; no fabricated person, credential, authority, source, experience, or review; no removal of Phase 5 family differentiation.",Build; ownership/index/canonical/sitemap parity; source and safety review; Phase 5 cross-family regression check.
https://echobuddha.com/daily-reflections/see-the-conditions/,RECURRING_USER_CONTENT,"noindex, follow",Medium,NO_CRITICAL_ISSUE,"This page exists to serve recurring user within Daily Reflections through returning-reader cadence, a short reflection prompt, and a bounded daily practice. Information gain: Returning-reader cadence, a short reflection prompt, and a bounded daily practice.","Verified authorship, accountability, source-policy, review-process, correction-flow, and attribution-governance strengthening only.","No owner/index/canonical/URL/sitemap change; no fabricated person, credential, authority, source, experience, or review; no removal of Phase 5 family differentiation.",Build; ownership/index/canonical/sitemap parity; source and safety review; Phase 5 cross-family regression check.
https://echobuddha.com/daily-reflections/simple-goodwill/,RECURRING_USER_CONTENT,"noindex, follow",Medium,NO_CRITICAL_ISSUE,"This page exists to serve recurring user within Daily Reflections through returning-reader cadence, a short reflection prompt, and a bounded daily practice. Information gain: Returning-reader cadence, a short reflection prompt, and a bounded daily practice.","Verified authorship, accountability, source-policy, review-process, correction-flow, and attribution-governance strengthening only.","No owner/index/canonical/URL/sitemap change; no fabricated person, credential, authority, source, experience, or review; no removal of Phase 5 family differentiation.",Build; ownership/index/canonical/sitemap parity; source and safety review; Phase 5 cross-family regression check.
https://echobuddha.com/daily-reflections/small-actions-shape-the-mind/,RECURRING_USER_CONTENT,"noindex, follow",Medium,NO_CRITICAL_ISSUE,"This page exists to serve recurring user within Daily Reflections through returning-reader cadence, a short reflection prompt, and a bounded daily practice. Information gain: Returning-reader cadence, a short reflection prompt, and a bounded daily practice.","Verified authorship, accountability, source-policy, review-process, correction-flow, and attribution-governance strengthening only.","No owner/index/canonical/URL/sitemap change; no fabricated person, credential, authority, source, experience, or review; no removal of Phase 5 family differentiation.",Build; ownership/index/canonical/sitemap parity; source and safety review; Phase 5 cross-family regression check.
https://echobuddha.com/daily-reflections/soften-the-inner-argument/,RECURRING_USER_CONTENT,"noindex, follow",Medium,NO_CRITICAL_ISSUE,"This page exists to serve recurring user within Daily Reflections through returning-reader cadence, a short reflection prompt, and a bounded daily practice. Information gain: Returning-reader cadence, a short reflection prompt, and a bounded daily practice.","Verified authorship, accountability, source-policy, review-process, correction-flow, and attribution-governance strengthening only.","No owner/index/canonical/URL/sitemap change; no fabricated person, credential, authority, source, experience, or review; no removal of Phase 5 family differentiation.",Build; ownership/index/canonical/sitemap parity; source and safety review; Phase 5 cross-family regression check.
https://echobuddha.com/daily-reflections/speech-can-reduce-suffering/,RECURRING_USER_CONTENT,"noindex, follow",Medium,NO_CRITICAL_ISSUE,"This page exists to serve recurring user within Daily Reflections through returning-reader cadence, a short reflection prompt, and a bounded daily practice. Information gain: Returning-reader cadence, a short reflection prompt, and a bounded daily practice.","Verified authorship, accountability, source-policy, review-process, correction-flow, and attribution-governance strengthening only.","No owner/index/canonical/URL/sitemap change; no fabricated person, credential, authority, source, experience, or review; no removal of Phase 5 family differentiation.",Build; ownership/index/canonical/sitemap parity; source and safety review; Phase 5 cross-family regression check.
https://echobuddha.com/daily-reflections/the-first-truth-is-kind/,RECURRING_USER_CONTENT,"noindex, follow",Medium,NO_CRITICAL_ISSUE,"This page exists to serve recurring user within Daily Reflections through returning-reader cadence, a short reflection prompt, and a bounded daily practice. Information gain: Returning-reader cadence, a short reflection prompt, and a bounded daily practice.","Verified authorship, accountability, source-policy, review-process, correction-flow, and attribution-governance strengthening only.","No owner/index/canonical/URL/sitemap change; no fabricated person, credential, authority, source, experience, or review; no removal of Phase 5 family differentiation.",Build; ownership/index/canonical/sitemap parity; source and safety review; Phase 5 cross-family regression check.
https://echobuddha.com/daily-reflections/thoughts-are-visitors/,RECURRING_USER_CONTENT,"noindex, follow",Medium,NO_CRITICAL_ISSUE,"This page exists to serve recurring user within Daily Reflections through returning-reader cadence, a short reflection prompt, and a bounded daily practice. Information gain: Returning-reader cadence, a short reflection prompt, and a bounded daily practice.","Verified authorship, accountability, source-policy, review-process, correction-flow, and attribution-governance strengthening only.","No owner/index/canonical/URL/sitemap change; no fabricated person, credential, authority, source, experience, or review; no removal of Phase 5 family differentiation.",Build; ownership/index/canonical/sitemap parity; source and safety review; Phase 5 cross-family regression check.
https://echobuddha.com/daily-reflections/today/,PREEXISTING_NOINDEX_OR_ERROR_ROLE,"noindex, follow",NOT_CRITICAL,NO_CRITICAL_ISSUE,"Preserved utility/error/noindex route outside Phase 1 indexable population. Information gain: Utility, recurring, or protected noindex function.","Verified authorship, accountability, source-policy, review-process, correction-flow, and attribution-governance strengthening only.","No owner/index/canonical/URL/sitemap change; no fabricated person, credential, authority, source, experience, or review; no removal of Phase 5 family differentiation.",Build; ownership/index/canonical/sitemap parity; source and safety review; Phase 5 cross-family regression check.
https://echobuddha.com/daily-reflections/walking-as-practice/,RECURRING_USER_CONTENT,"noindex, follow",Medium,NO_CRITICAL_ISSUE,"This page exists to serve recurring user within Daily Reflections through returning-reader cadence, a short reflection prompt, and a bounded daily practice. Information gain: Returning-reader cadence, a short reflection prompt, and a bounded daily practice.","Verified authorship, accountability, source-policy, review-process, correction-flow, and attribution-governance strengthening only.","No owner/index/canonical/URL/sitemap change; no fabricated person, credential, authority, source, experience, or review; no removal of Phase 5 family differentiation.",Build; ownership/index/canonical/sitemap parity; source and safety review; Phase 5 cross-family regression check.
https://echobuddha.com/disclaimer/,TRUST_POLICY,indexable,Medium,NO_CRITICAL_ISSUE,This page exists to serve trust within Trust / Policy through publisher transparency or user-protection information specific to “Disclaimer”. Information gain: Publisher transparency or user-protection information specific to “Disclaimer”.,"Verified authorship, accountability, source-policy, review-process, correction-flow, and attribution-governance strengthening only.","No owner/index/canonical/URL/sitemap change; no fabricated person, credential, authority, source, experience, or review; no removal of Phase 5 family differentiation.",Build; ownership/index/canonical/sitemap parity; source and safety review; Phase 5 cross-family regression check.
https://echobuddha.com/editorial-policy/,TRUST_POLICY,indexable,Medium,NO_CRITICAL_ISSUE,This page exists to serve trust within Trust / Policy through publisher transparency or user-protection information specific to “Editorial Policy”. Information gain: Publisher transparency or user-protection information specific to “Editorial Policy”.,"Verified authorship, accountability, source-policy, review-process, correction-flow, and attribution-governance strengthening only.","No owner/index/canonical/URL/sitemap change; no fabricated person, credential, authority, source, experience, or review; no removal of Phase 5 family differentiation.",Build; ownership/index/canonical/sitemap parity; source and safety review; Phase 5 cross-family regression check.
https://echobuddha.com/how-echo-buddha-creates-content/,TRUST_POLICY,indexable,Medium,NO_CRITICAL_ISSUE,This page exists to serve trust within Trust / Policy through publisher transparency or user-protection information specific to “How Echo Buddha Creates Content”. Information gain: Publisher transparency or user-protection information specific to “How Echo Buddha Creates Content”.,"Verified authorship, accountability, source-policy, review-process, correction-flow, and attribution-governance strengthening only.","No owner/index/canonical/URL/sitemap change; no fabricated person, credential, authority, source, experience, or review; no removal of Phase 5 family differentiation.",Build; ownership/index/canonical/sitemap parity; source and safety review; Phase 5 cross-family regression check.
https://echobuddha.com/,HUB,indexable,Medium,NO_CRITICAL_ISSUE,"This page exists as Echo Buddha's protected owner for Site Discovery: The homepage introduces the publication and routes readers to clear owners without becoming a doctrine pillar. Information gain: Orientation, selection, and meaningful navigation across the Site Discovery cluster.","Verified authorship, accountability, source-policy, review-process, correction-flow, and attribution-governance strengthening only.","No owner/index/canonical/URL/sitemap change; no fabricated person, credential, authority, source, experience, or review; no removal of Phase 5 family differentiation.",Build; ownership/index/canonical/sitemap parity; source and safety review; Phase 5 cross-family regression check.
https://echobuddha.com/learn/buddhism-101/a-simple-daily-buddhist-practice/,PRACTICAL_APPLICATION,indexable,Low,NO_CRITICAL_ISSUE,This page exists to serve practical how to within Beginner Buddhism through daily-life examples or a repeatable application tied specifically to “A Simple Daily Buddhist Practice”. Information gain: Daily-life examples or a repeatable application tied specifically to “A Simple Daily Buddhist Practice”.,"Verified authorship, accountability, source-policy, review-process, correction-flow, and attribution-governance strengthening only.","No owner/index/canonical/URL/sitemap change; no fabricated person, credential, authority, source, experience, or review; no removal of Phase 5 family differentiation.",Build; ownership/index/canonical/sitemap parity; source and safety review; Phase 5 cross-family regression check.
https://echobuddha.com/learn/buddhism-101/dependent-origination-explained/,BEGINNER_FOUNDATION,indexable,Low,NO_CRITICAL_ISSUE,"This page exists to serve beginner informational within Buddhist Foundations through a narrower explanation, misconception, or example set specific to “Dependent Origination in Buddhism Explained for Beginners”. Information gain: A narrower explanation, misconception, or example set specific to “Dependent Origination in Buddhism Explained for Beginners”.","Verified authorship, accountability, source-policy, review-process, correction-flow, and attribution-governance strengthening only.","No owner/index/canonical/URL/sitemap change; no fabricated person, credential, authority, source, experience, or review; no removal of Phase 5 family differentiation.",Build; ownership/index/canonical/sitemap parity; source and safety review; Phase 5 cross-family regression check.
https://echobuddha.com/learn/buddhism-101/five-aggregates-buddhism/,SUPPORTING_EXPLANATION,indexable,Low,NO_CRITICAL_ISSUE,"This page exists to serve foundational informational within Buddhist Foundations through a narrower explanation, misconception, or example set specific to “The Five Aggregates in Buddhism Explained Simply”. Information gain: A narrower explanation, misconception, or example set specific to “The Five Aggregates in Buddhism Explained Simply”.","Verified authorship, accountability, source-policy, review-process, correction-flow, and attribution-governance strengthening only.","No owner/index/canonical/URL/sitemap change; no fabricated person, credential, authority, source, experience, or review; no removal of Phase 5 family differentiation.",Build; ownership/index/canonical/sitemap parity; source and safety review; Phase 5 cross-family regression check.
https://echobuddha.com/learn/buddhism-101/five-hindrances-in-buddhism/,BEGINNER_FOUNDATION,indexable,Low,NO_CRITICAL_ISSUE,"This page exists to serve beginner informational within Buddhist Foundations through a narrower explanation, misconception, or example set specific to “Five Hindrances in Buddhism Explained for Beginners”. Information gain: A narrower explanation, misconception, or example set specific to “Five Hindrances in Buddhism Explained for Beginners”.","Verified authorship, accountability, source-policy, review-process, correction-flow, and attribution-governance strengthening only.","No owner/index/canonical/URL/sitemap change; no fabricated person, credential, authority, source, experience, or review; no removal of Phase 5 family differentiation.",Build; ownership/index/canonical/sitemap parity; source and safety review; Phase 5 cross-family regression check.
https://echobuddha.com/learn/buddhism-101/five-precepts-buddhism/,PRIMARY_PILLAR,indexable,Low,NO_CRITICAL_ISSUE,"This page exists as Echo Buddha's protected owner for Five Precepts: The lesson owns the ethical framework; practical articles show application without redefining it. Information gain: A narrower explanation, misconception, or example set specific to “The Five Precepts in Buddhism: A Beginner's Guide to Ethical Living”.","Verified authorship, accountability, source-policy, review-process, correction-flow, and attribution-governance strengthening only.","No owner/index/canonical/URL/sitemap change; no fabricated person, credential, authority, source, experience, or review; no removal of Phase 5 family differentiation.",Build; ownership/index/canonical/sitemap parity; source and safety review; Phase 5 cross-family regression check.
https://echobuddha.com/learn/buddhism-101/four-brahmaviharas/,PRIMARY_PILLAR,indexable,Low,NO_CRITICAL_ISSUE,"This page exists as Echo Buddha's protected owner for Brahmaviharas: The lesson owns the four-quality overview while compassion, metta, and equanimity pages own individual topics. Information gain: A narrower explanation, misconception, or example set specific to “The Four Brahmaviharas: Loving-Kindness, Compassion, Joy, and Equanimity”.","Verified authorship, accountability, source-policy, review-process, correction-flow, and attribution-governance strengthening only.","No owner/index/canonical/URL/sitemap change; no fabricated person, credential, authority, source, experience, or review; no removal of Phase 5 family differentiation.",Build; ownership/index/canonical/sitemap parity; source and safety review; Phase 5 cross-family regression check.
https://echobuddha.com/learn/buddhism-101/how-to-practice-buddhism-at-home/,PRACTICAL_APPLICATION,indexable,Low,NO_CRITICAL_ISSUE,This page exists to serve practical how to within Beginner Buddhism through daily-life examples or a repeatable application tied specifically to “How to Practice Buddhism at Home”. Information gain: Daily-life examples or a repeatable application tied specifically to “How to Practice Buddhism at Home”.,"Verified authorship, accountability, source-policy, review-process, correction-flow, and attribution-governance strengthening only.","No owner/index/canonical/URL/sitemap change; no fabricated person, credential, authority, source, experience, or review; no removal of Phase 5 family differentiation.",Build; ownership/index/canonical/sitemap parity; source and safety review; Phase 5 cross-family regression check.
https://echobuddha.com/learn/buddhism-101/,HUB,indexable,Low,NO_CRITICAL_ISSUE,"This page exists as Echo Buddha's protected owner for Buddhist Foundations: The hub organizes foundational lessons whose individual concepts may have their own owners. Information gain: Orientation, selection, and meaningful navigation across the Buddhist Foundations cluster.","Verified authorship, accountability, source-policy, review-process, correction-flow, and attribution-governance strengthening only.","No owner/index/canonical/URL/sitemap change; no fabricated person, credential, authority, source, experience, or review; no removal of Phase 5 family differentiation.",Build; ownership/index/canonical/sitemap parity; source and safety review; Phase 5 cross-family regression check.
https://echobuddha.com/learn/buddhism-101/middle-way-explained-for-beginners/,BEGINNER_FOUNDATION,indexable,Low,NO_CRITICAL_ISSUE,"This page exists to serve beginner informational within Buddhist Foundations through a narrower explanation, misconception, or example set specific to “The Middle Way in Buddhism Explained for Beginners”. Information gain: A narrower explanation, misconception, or example set specific to “The Middle Way in Buddhism Explained for Beginners”.","Verified authorship, accountability, source-policy, review-process, correction-flow, and attribution-governance strengthening only.","No owner/index/canonical/URL/sitemap change; no fabricated person, credential, authority, source, experience, or review; no removal of Phase 5 family differentiation.",Build; ownership/index/canonical/sitemap parity; source and safety review; Phase 5 cross-family regression check.
https://echobuddha.com/learn/buddhism-101/right-livelihood-buddhism/,PRIMARY_PILLAR,indexable,Low,NO_CRITICAL_ISSUE,"This page exists as Echo Buddha's protected owner for Right Livelihood: The lesson owns the path-factor meaning; the article owns modern-work application. Information gain: A narrower explanation, misconception, or example set specific to “Right Livelihood in Buddhism: A Beginner's Guide to Ethical Work”.","Verified authorship, accountability, source-policy, review-process, correction-flow, and attribution-governance strengthening only.","No owner/index/canonical/URL/sitemap change; no fabricated person, credential, authority, source, experience, or review; no removal of Phase 5 family differentiation.",Build; ownership/index/canonical/sitemap parity; source and safety review; Phase 5 cross-family regression check.
https://echobuddha.com/learn/buddhism-101/the-four-noble-truths-explained/,SUPPORTING_EXPLANATION,indexable,Low,NO_CRITICAL_ISSUE,"This page exists to serve foundational informational within Four Noble Truths through a narrower explanation, misconception, or example set specific to “The Four Noble Truths Explained”. Information gain: A narrower explanation, misconception, or example set specific to “The Four Noble Truths Explained”.","Verified authorship, accountability, source-policy, review-process, correction-flow, and attribution-governance strengthening only.","No owner/index/canonical/URL/sitemap change; no fabricated person, credential, authority, source, experience, or review; no removal of Phase 5 family differentiation.",Build; ownership/index/canonical/sitemap parity; source and safety review; Phase 5 cross-family regression check.
https://echobuddha.com/learn/buddhism-101/the-noble-eightfold-path-explained/,SUPPORTING_EXPLANATION,indexable,Low,NO_CRITICAL_ISSUE,"This page exists to serve foundational informational within Noble Eightfold Path through a narrower explanation, misconception, or example set specific to “The Noble Eightfold Path Explained”. Information gain: A narrower explanation, misconception, or example set specific to “The Noble Eightfold Path Explained”.","Verified authorship, accountability, source-policy, review-process, correction-flow, and attribution-governance strengthening only.","No owner/index/canonical/URL/sitemap change; no fabricated person, credential, authority, source, experience, or review; no removal of Phase 5 family differentiation.",Build; ownership/index/canonical/sitemap parity; source and safety review; Phase 5 cross-family regression check.
https://echobuddha.com/learn/buddhism-101/the-three-jewels-explained/,SUPPORTING_EXPLANATION,indexable,Low,NO_CRITICAL_ISSUE,"This page exists to serve foundational informational within Sangha through a narrower explanation, misconception, or example set specific to “The Three Jewels Explained”. Information gain: A narrower explanation, misconception, or example set specific to “The Three Jewels Explained”.","Verified authorship, accountability, source-policy, review-process, correction-flow, and attribution-governance strengthening only.","No owner/index/canonical/URL/sitemap change; no fabricated person, credential, authority, source, experience, or review; no removal of Phase 5 family differentiation.",Build; ownership/index/canonical/sitemap parity; source and safety review; Phase 5 cross-family regression check.
https://echobuddha.com/learn/buddhism-101/three-marks-of-existence/,SUPPORTING_EXPLANATION,indexable,Low,NO_CRITICAL_ISSUE,"This page exists to serve foundational informational within Buddhist Foundations through a narrower explanation, misconception, or example set specific to “The Three Marks of Existence in Buddhism Explained Simply”. Information gain: A narrower explanation, misconception, or example set specific to “The Three Marks of Existence in Buddhism Explained Simply”.","Verified authorship, accountability, source-policy, review-process, correction-flow, and attribution-governance strengthening only.","No owner/index/canonical/URL/sitemap change; no fabricated person, credential, authority, source, experience, or review; no removal of Phase 5 family differentiation.",Build; ownership/index/canonical/sitemap parity; source and safety review; Phase 5 cross-family regression check.
https://echobuddha.com/learn/buddhism-101/threefold-training-sila-samadhi-panna/,SUPPORTING_EXPLANATION,indexable,Low,NO_CRITICAL_ISSUE,"This page exists to serve foundational informational within Noble Eightfold Path through a narrower explanation, misconception, or example set specific to “Threefold Training in Buddhism: Sila, Samadhi, and Panna”. Information gain: A narrower explanation, misconception, or example set specific to “Threefold Training in Buddhism: Sila, Samadhi, and Panna”.","Verified authorship, accountability, source-policy, review-process, correction-flow, and attribution-governance strengthening only.","No owner/index/canonical/URL/sitemap change; no fabricated person, credential, authority, source, experience, or review; no removal of Phase 5 family differentiation.",Build; ownership/index/canonical/sitemap parity; source and safety review; Phase 5 cross-family regression check.
https://echobuddha.com/learn/buddhism-101/what-is-buddhism/,BEGINNER_FOUNDATION,indexable,VERIFIED_AUTHORITATIVE_LINKS_AND_BOUNDARIES,NO_CRITICAL_ISSUE,"This page exists to serve beginner informational within Beginner Buddhism through a narrower explanation, misconception, or example set specific to “What Is Buddhism? A Clear Beginner's Guide”. Information gain: A narrower explanation, misconception, or example set specific to “What Is Buddhism? A Clear Beginner's Guide”.","Verified authorship, accountability, source-policy, review-process, correction-flow, and attribution-governance strengthening only.","No owner/index/canonical/URL/sitemap change; no fabricated person, credential, authority, source, experience, or review; no removal of Phase 5 family differentiation.",Build; ownership/index/canonical/sitemap parity; source and safety review; Phase 5 cross-family regression check.
https://echobuddha.com/learn/buddhism-101/what-is-impermanence/,PRIMARY_PILLAR,indexable,VERIFIED_AUTHORITATIVE_LINKS_AND_BOUNDARIES,NO_CRITICAL_ISSUE,"This page exists as Echo Buddha's protected owner for Impermanence: The lesson is the clearest broad beginner owner; anicca definitions and change applications remain subordinate. Information gain: A narrower explanation, misconception, or example set specific to “What Is Impermanence?”.","Verified authorship, accountability, source-policy, review-process, correction-flow, and attribution-governance strengthening only.","No owner/index/canonical/URL/sitemap change; no fabricated person, credential, authority, source, experience, or review; no removal of Phase 5 family differentiation.",Build; ownership/index/canonical/sitemap parity; source and safety review; Phase 5 cross-family regression check.
https://echobuddha.com/learn/buddhism-101/what-is-karma-in-buddhism/,PRIMARY_PILLAR,indexable,VERIFIED_AUTHORITATIVE_LINKS_AND_BOUNDARIES,NO_CRITICAL_ISSUE,"This page exists as Echo Buddha's protected owner for Karma: The lesson owns the broad Buddhist meaning; the article applies intention and consequence to daily choices. Information gain: A narrower explanation, misconception, or example set specific to “What Is Karma in Buddhism? A Beginner's Guide”.","Verified authorship, accountability, source-policy, review-process, correction-flow, and attribution-governance strengthening only.","No owner/index/canonical/URL/sitemap change; no fabricated person, credential, authority, source, experience, or review; no removal of Phase 5 family differentiation.",Build; ownership/index/canonical/sitemap parity; source and safety review; Phase 5 cross-family regression check.
https://echobuddha.com/learn/buddhism-101/what-is-mindfulness/,PRIMARY_PILLAR,indexable,Low,NO_CRITICAL_ISSUE,"This page exists as Echo Buddha's protected owner for Mindfulness: The lesson owns Buddhist mindfulness meaning; dictionary, comparison, and routine pages remain narrower. Information gain: A narrower explanation, misconception, or example set specific to “What Is Mindfulness?”.","Verified authorship, accountability, source-policy, review-process, correction-flow, and attribution-governance strengthening only.","No owner/index/canonical/URL/sitemap change; no fabricated person, credential, authority, source, experience, or review; no removal of Phase 5 family differentiation.",Build; ownership/index/canonical/sitemap parity; source and safety review; Phase 5 cross-family regression check.
https://echobuddha.com/learn/buddhism-101/who-was-the-buddha/,BEGINNER_FOUNDATION,indexable,Low,NO_CRITICAL_ISSUE,"This page exists to serve beginner informational within Buddhist Foundations through a narrower explanation, misconception, or example set specific to “Who Was the Buddha? A Simple Beginner-Friendly Explanation”. Information gain: A narrower explanation, misconception, or example set specific to “Who Was the Buddha? A Simple Beginner-Friendly Explanation”.","Verified authorship, accountability, source-policy, review-process, correction-flow, and attribution-governance strengthening only.","No owner/index/canonical/URL/sitemap change; no fabricated person, credential, authority, source, experience, or review; no removal of Phase 5 family differentiation.",Build; ownership/index/canonical/sitemap parity; source and safety review; Phase 5 cross-family regression check.
https://echobuddha.com/learn/buddhism-for-beginners/,PRIMARY_PILLAR,indexable,VERIFIED_AUTHORITATIVE_LINKS_AND_BOUNDARIES,NO_CRITICAL_ISSUE,"This page exists as Echo Buddha's protected owner for Beginner Buddhism: The strongest structured entry into basic Buddhist teaching and practice. Information gain: A narrower explanation, misconception, or example set specific to “Buddhism for Beginners - Simple Buddhist Teachings”.","Verified authorship, accountability, source-policy, review-process, correction-flow, and attribution-governance strengthening only.","No owner/index/canonical/URL/sitemap change; no fabricated person, credential, authority, source, experience, or review; no removal of Phase 5 family differentiation.",Build; ownership/index/canonical/sitemap parity; source and safety review; Phase 5 cross-family regression check.
https://echobuddha.com/learn/buddhist-dictionary/anatta/,DICTIONARY_DEFINITION,indexable,Low,NO_CRITICAL_ISSUE,This page exists to serve definitional within Buddhist Dictionary through concise linguistic and doctrinal definition of the term in “Anatta Meaning: Non-Self in Buddhism Explained for Beginners”. Information gain: Concise linguistic and doctrinal definition of the term in “Anatta Meaning: Non-Self in Buddhism Explained for Beginners”.,"Verified authorship, accountability, source-policy, review-process, correction-flow, and attribution-governance strengthening only.","No owner/index/canonical/URL/sitemap change; no fabricated person, credential, authority, source, experience, or review; no removal of Phase 5 family differentiation.",Build; ownership/index/canonical/sitemap parity; source and safety review; Phase 5 cross-family regression check.
https://echobuddha.com/learn/buddhist-dictionary/anicca/,DICTIONARY_DEFINITION,indexable,Low,NO_CRITICAL_ISSUE,This page exists to serve definitional within Impermanence through concise linguistic and doctrinal definition of the term in “Anicca Meaning: Impermanence in Buddhism Explained Simply”. Information gain: Concise linguistic and doctrinal definition of the term in “Anicca Meaning: Impermanence in Buddhism Explained Simply”.,"Verified authorship, accountability, source-policy, review-process, correction-flow, and attribution-governance strengthening only.","No owner/index/canonical/URL/sitemap change; no fabricated person, credential, authority, source, experience, or review; no removal of Phase 5 family differentiation.",Build; ownership/index/canonical/sitemap parity; source and safety review; Phase 5 cross-family regression check.
https://echobuddha.com/learn/buddhist-dictionary/compassion/,DICTIONARY_DEFINITION,indexable,Low,NO_CRITICAL_ISSUE,This page exists to serve definitional within Compassion through concise linguistic and doctrinal definition of the term in “Compassion Meaning in Buddhist Wisdom”. Information gain: Concise linguistic and doctrinal definition of the term in “Compassion Meaning in Buddhist Wisdom”.,"Verified authorship, accountability, source-policy, review-process, correction-flow, and attribution-governance strengthening only.","No owner/index/canonical/URL/sitemap change; no fabricated person, credential, authority, source, experience, or review; no removal of Phase 5 family differentiation.",Build; ownership/index/canonical/sitemap parity; source and safety review; Phase 5 cross-family regression check.
https://echobuddha.com/learn/buddhist-dictionary/dhamma/,PRIMARY_PILLAR,indexable,Low,NO_CRITICAL_ISSUE,"This page exists as Echo Buddha's protected owner for Dhamma / Dharma: The dictionary page owns meaning and linguistic context; the article owns the comparison question. Information gain: A narrower explanation, misconception, or example set specific to “Dhamma Meaning: Buddhist Teaching and Truth”.","Verified authorship, accountability, source-policy, review-process, correction-flow, and attribution-governance strengthening only.","No owner/index/canonical/URL/sitemap change; no fabricated person, credential, authority, source, experience, or review; no removal of Phase 5 family differentiation.",Build; ownership/index/canonical/sitemap parity; source and safety review; Phase 5 cross-family regression check.
https://echobuddha.com/learn/buddhist-dictionary/dukkha/,DICTIONARY_DEFINITION,indexable,Low,NO_CRITICAL_ISSUE,This page exists to serve definitional within Four Noble Truths through concise linguistic and doctrinal definition of the term in “Dukkha Meaning: Suffering and Unsatisfactoriness in Buddhism”. Information gain: Concise linguistic and doctrinal definition of the term in “Dukkha Meaning: Suffering and Unsatisfactoriness in Buddhism”.,"Verified authorship, accountability, source-policy, review-process, correction-flow, and attribution-governance strengthening only.","No owner/index/canonical/URL/sitemap change; no fabricated person, credential, authority, source, experience, or review; no removal of Phase 5 family differentiation.",Build; ownership/index/canonical/sitemap parity; source and safety review; Phase 5 cross-family regression check.
https://echobuddha.com/learn/buddhist-dictionary/,HUB,indexable,Low,NO_CRITICAL_ISSUE,"This page exists as Echo Buddha's protected owner for Buddhist Dictionary: The hub organizes term definitions; it does not own every broad doctrinal topic represented by its entries. Information gain: Orientation, selection, and meaningful navigation across the Buddhist Dictionary cluster.","Verified authorship, accountability, source-policy, review-process, correction-flow, and attribution-governance strengthening only.","No owner/index/canonical/URL/sitemap change; no fabricated person, credential, authority, source, experience, or review; no removal of Phase 5 family differentiation.",Build; ownership/index/canonical/sitemap parity; source and safety review; Phase 5 cross-family regression check.
https://echobuddha.com/learn/buddhist-dictionary/karma/,DICTIONARY_DEFINITION,indexable,Low,NO_CRITICAL_ISSUE,"This page exists to serve definitional within Karma through concise linguistic and doctrinal definition of the term in “Karma Meaning in Buddhism: Intention, Action, and Consequences”. Information gain: Concise linguistic and doctrinal definition of the term in “Karma Meaning in Buddhism: Intention, Action, and Consequences”.","Verified authorship, accountability, source-policy, review-process, correction-flow, and attribution-governance strengthening only.","No owner/index/canonical/URL/sitemap change; no fabricated person, credential, authority, source, experience, or review; no removal of Phase 5 family differentiation.",Build; ownership/index/canonical/sitemap parity; source and safety review; Phase 5 cross-family regression check.
https://echobuddha.com/learn/buddhist-dictionary/karuna/,DICTIONARY_DEFINITION,indexable,Low,NO_CRITICAL_ISSUE,This page exists to serve definitional within Compassion through concise linguistic and doctrinal definition of the term in “Karuna Meaning: Compassion in Buddhism”. Information gain: Concise linguistic and doctrinal definition of the term in “Karuna Meaning: Compassion in Buddhism”.,"Verified authorship, accountability, source-policy, review-process, correction-flow, and attribution-governance strengthening only.","No owner/index/canonical/URL/sitemap change; no fabricated person, credential, authority, source, experience, or review; no removal of Phase 5 family differentiation.",Build; ownership/index/canonical/sitemap parity; source and safety review; Phase 5 cross-family regression check.
https://echobuddha.com/learn/buddhist-dictionary/metta/,PRIMARY_PILLAR,indexable,VERIFIED_AUTHORITATIVE_LINKS_AND_BOUNDARIES,NO_CRITICAL_ISSUE,"This page exists as Echo Buddha's protected owner for Loving-Kindness / Metta: The term page should own metta meaning while meditation pages own practices and scripts. Information gain: A narrower explanation, misconception, or example set specific to “Metta Meaning: Loving-Kindness in Buddhism”.","Verified authorship, accountability, source-policy, review-process, correction-flow, and attribution-governance strengthening only.","No owner/index/canonical/URL/sitemap change; no fabricated person, credential, authority, source, experience, or review; no removal of Phase 5 family differentiation.",Build; ownership/index/canonical/sitemap parity; source and safety review; Phase 5 cross-family regression check.
https://echobuddha.com/learn/buddhist-dictionary/mindfulness/,DICTIONARY_DEFINITION,indexable,Low,NO_CRITICAL_ISSUE,This page exists to serve definitional within Mindfulness through concise linguistic and doctrinal definition of the term in “Mindfulness Meaning in Buddhist Practice”. Information gain: Concise linguistic and doctrinal definition of the term in “Mindfulness Meaning in Buddhist Practice”.,"Verified authorship, accountability, source-policy, review-process, correction-flow, and attribution-governance strengthening only.","No owner/index/canonical/URL/sitemap change; no fabricated person, credential, authority, source, experience, or review; no removal of Phase 5 family differentiation.",Build; ownership/index/canonical/sitemap parity; source and safety review; Phase 5 cross-family regression check.
https://echobuddha.com/learn/buddhist-dictionary/nirvana/,DICTIONARY_DEFINITION,indexable,Low,NO_CRITICAL_ISSUE,This page exists to serve definitional within Buddhist Dictionary through concise linguistic and doctrinal definition of the term in “Nirvana Meaning in Buddhism Explained Simply”. Information gain: Concise linguistic and doctrinal definition of the term in “Nirvana Meaning in Buddhism Explained Simply”.,"Verified authorship, accountability, source-policy, review-process, correction-flow, and attribution-governance strengthening only.","No owner/index/canonical/URL/sitemap change; no fabricated person, credential, authority, source, experience, or review; no removal of Phase 5 family differentiation.",Build; ownership/index/canonical/sitemap parity; source and safety review; Phase 5 cross-family regression check.
https://echobuddha.com/learn/buddhist-dictionary/pali-canon/,DICTIONARY_DEFINITION,indexable,Low,NO_CRITICAL_ISSUE,This page exists to serve definitional within Sutta Study through concise linguistic and doctrinal definition of the term in “Pali Canon Meaning for Beginners”. Information gain: Concise linguistic and doctrinal definition of the term in “Pali Canon Meaning for Beginners”.,"Verified authorship, accountability, source-policy, review-process, correction-flow, and attribution-governance strengthening only.","No owner/index/canonical/URL/sitemap change; no fabricated person, credential, authority, source, experience, or review; no removal of Phase 5 family differentiation.",Build; ownership/index/canonical/sitemap parity; source and safety review; Phase 5 cross-family regression check.
https://echobuddha.com/learn/buddhist-dictionary/sangha/,DICTIONARY_DEFINITION,indexable,Low,NO_CRITICAL_ISSUE,This page exists to serve definitional within Sangha through concise linguistic and doctrinal definition of the term in “Sangha Meaning: Buddhist Community Explained Simply”. Information gain: Concise linguistic and doctrinal definition of the term in “Sangha Meaning: Buddhist Community Explained Simply”.,"Verified authorship, accountability, source-policy, review-process, correction-flow, and attribution-governance strengthening only.","No owner/index/canonical/URL/sitemap change; no fabricated person, credential, authority, source, experience, or review; no removal of Phase 5 family differentiation.",Build; ownership/index/canonical/sitemap parity; source and safety review; Phase 5 cross-family regression check.
https://echobuddha.com/learn/buddhist-dictionary/sati/,DICTIONARY_DEFINITION,indexable,Low,NO_CRITICAL_ISSUE,This page exists to serve definitional within Mindfulness through concise linguistic and doctrinal definition of the term in “Sati Meaning: Mindfulness in Buddhist Practice”. Information gain: Concise linguistic and doctrinal definition of the term in “Sati Meaning: Mindfulness in Buddhist Practice”.,"Verified authorship, accountability, source-policy, review-process, correction-flow, and attribution-governance strengthening only.","No owner/index/canonical/URL/sitemap change; no fabricated person, credential, authority, source, experience, or review; no removal of Phase 5 family differentiation.",Build; ownership/index/canonical/sitemap parity; source and safety review; Phase 5 cross-family regression check.
https://echobuddha.com/learn/buddhist-dictionary/sutta/,DICTIONARY_DEFINITION,indexable,Low,NO_CRITICAL_ISSUE,This page exists to serve definitional within Sutta Study through concise linguistic and doctrinal definition of the term in “Sutta Meaning in Buddhism”. Information gain: Concise linguistic and doctrinal definition of the term in “Sutta Meaning in Buddhism”.,"Verified authorship, accountability, source-policy, review-process, correction-flow, and attribution-governance strengthening only.","No owner/index/canonical/URL/sitemap change; no fabricated person, credential, authority, source, experience, or review; no removal of Phase 5 family differentiation.",Build; ownership/index/canonical/sitemap parity; source and safety review; Phase 5 cross-family regression check.
https://echobuddha.com/learn/buddhist-resources/,HUB,indexable,Low,NO_CRITICAL_ISSUE,"This page exists to serve navigational within Learn Navigation through orientation, selection, and meaningful navigation across the Learn Navigation cluster. Information gain: Orientation, selection, and meaningful navigation across the Learn Navigation cluster.","Verified authorship, accountability, source-policy, review-process, correction-flow, and attribution-governance strengthening only.","No owner/index/canonical/URL/sitemap change; no fabricated person, credential, authority, source, experience, or review; no removal of Phase 5 family differentiation.",Build; ownership/index/canonical/sitemap parity; source and safety review; Phase 5 cross-family regression check.
https://echobuddha.com/learn/dhammapada-reflections/avoid-evil-do-good-purify-the-mind/,SOURCE_STUDY,indexable,Low,NO_CRITICAL_ISSUE,"This page exists to serve source study within Dhammapada through source-specific study, attribution, translation context, or textual interpretation for “Avoid Evil, Do Good, Purify the Mind”. Information gain: Source-specific study, attribution, translation context, or textual interpretation for “Avoid Evil, Do Good, Purify the Mind”.","Verified authorship, accountability, source-policy, review-process, correction-flow, and attribution-governance strengthening only.","No owner/index/canonical/URL/sitemap change; no fabricated person, credential, authority, source, experience, or review; no removal of Phase 5 family differentiation.",Build; ownership/index/canonical/sitemap parity; source and safety review; Phase 5 cross-family regression check.
https://echobuddha.com/learn/dhammapada-reflections/better-than-a-thousand-empty-words/,SOURCE_STUDY,indexable,Low,NO_CRITICAL_ISSUE,"This page exists to serve source study within Dhammapada through source-specific study, attribution, translation context, or textual interpretation for “Better Than a Thousand Empty Words”. Information gain: Source-specific study, attribution, translation context, or textual interpretation for “Better Than a Thousand Empty Words”.","Verified authorship, accountability, source-policy, review-process, correction-flow, and attribution-governance strengthening only.","No owner/index/canonical/URL/sitemap change; no fabricated person, credential, authority, source, experience, or review; no removal of Phase 5 family differentiation.",Build; ownership/index/canonical/sitemap parity; source and safety review; Phase 5 cross-family regression check.
https://echobuddha.com/learn/dhammapada-reflections/hatred-is-not-ended-by-hatred/,SOURCE_STUDY,indexable,Low,NO_CRITICAL_ISSUE,"This page exists to serve source study within Dhammapada through source-specific study, attribution, translation context, or textual interpretation for “Hatred Is Not Ended by Hatred”. Information gain: Source-specific study, attribution, translation context, or textual interpretation for “Hatred Is Not Ended by Hatred”.","Verified authorship, accountability, source-policy, review-process, correction-flow, and attribution-governance strengthening only.","No owner/index/canonical/URL/sitemap change; no fabricated person, credential, authority, source, experience, or review; no removal of Phase 5 family differentiation.",Build; ownership/index/canonical/sitemap parity; source and safety review; Phase 5 cross-family regression check.
https://echobuddha.com/learn/dhammapada-reflections/,HUB,indexable,Low,NO_CRITICAL_ISSUE,"This page exists as Echo Buddha's protected owner for Dhammapada: The source-aware hub organizes verse study and clearly separates translation, paraphrase, and reflection. Information gain: Orientation, selection, and meaningful navigation across the Dhammapada cluster.","Verified authorship, accountability, source-policy, review-process, correction-flow, and attribution-governance strengthening only.","No owner/index/canonical/URL/sitemap change; no fabricated person, credential, authority, source, experience, or review; no removal of Phase 5 family differentiation.",Build; ownership/index/canonical/sitemap parity; source and safety review; Phase 5 cross-family regression check.
https://echobuddha.com/learn/dhammapada-reflections/peace-comes-from-a-trained-mind/,SOURCE_STUDY,indexable,Low,NO_CRITICAL_ISSUE,"This page exists to serve source study within Dhammapada through source-specific study, attribution, translation context, or textual interpretation for “Peace Comes from a Trained Mind”. Information gain: Source-specific study, attribution, translation context, or textual interpretation for “Peace Comes from a Trained Mind”.","Verified authorship, accountability, source-policy, review-process, correction-flow, and attribution-governance strengthening only.","No owner/index/canonical/URL/sitemap change; no fabricated person, credential, authority, source, experience, or review; no removal of Phase 5 family differentiation.",Build; ownership/index/canonical/sitemap parity; source and safety review; Phase 5 cross-family regression check.
https://echobuddha.com/learn/dhammapada-reflections/the-mind-leads-all-things/,SOURCE_STUDY,indexable,Low,NO_CRITICAL_ISSUE,"This page exists to serve source study within Dhammapada through source-specific study, attribution, translation context, or textual interpretation for “The Mind Leads All Things”. Information gain: Source-specific study, attribution, translation context, or textual interpretation for “The Mind Leads All Things”.","Verified authorship, accountability, source-policy, review-process, correction-flow, and attribution-governance strengthening only.","No owner/index/canonical/URL/sitemap change; no fabricated person, credential, authority, source, experience, or review; no removal of Phase 5 family differentiation.",Build; ownership/index/canonical/sitemap parity; source and safety review; Phase 5 cross-family regression check.
https://echobuddha.com/learn/eightfold-path/,PRIMARY_PILLAR,indexable,VERIFIED_AUTHORITATIVE_LINKS_AND_BOUNDARIES,NO_CRITICAL_ISSUE,"This page exists as Echo Buddha's protected owner for Noble Eightfold Path: The dedicated Learn page owns the whole-path framework and can route readers to factors, sources, and practice. Information gain: A narrower explanation, misconception, or example set specific to “Noble Eightfold Path for Daily Life”.","Verified authorship, accountability, source-policy, review-process, correction-flow, and attribution-governance strengthening only.","No owner/index/canonical/URL/sitemap change; no fabricated person, credential, authority, source, experience, or review; no removal of Phase 5 family differentiation.",Build; ownership/index/canonical/sitemap parity; source and safety review; Phase 5 cross-family regression check.
https://echobuddha.com/learn/four-noble-truths/,PRIMARY_PILLAR,indexable,VERIFIED_AUTHORITATIVE_LINKS_AND_BOUNDARIES,NO_CRITICAL_ISSUE,"This page exists as Echo Buddha's protected owner for Four Noble Truths: The dedicated Learn page provides the clearest broad doctrinal route and parent for source and application pages. Information gain: A narrower explanation, misconception, or example set specific to “Four Noble Truths Explained for Beginners”.","Verified authorship, accountability, source-policy, review-process, correction-flow, and attribution-governance strengthening only.","No owner/index/canonical/URL/sitemap change; no fabricated person, credential, authority, source, experience, or review; no removal of Phase 5 family differentiation.",Build; ownership/index/canonical/sitemap parity; source and safety review; Phase 5 cross-family regression check.
https://echobuddha.com/learn/,HUB,indexable,Medium,NO_CRITICAL_ISSUE,"This page exists as Echo Buddha's protected owner for Learn Navigation: The Learn hub owns structured learning navigation across doctrine, dictionary, Dhammapada, and sutta paths. Information gain: Orientation, selection, and meaningful navigation across the Learn Navigation cluster.","Verified authorship, accountability, source-policy, review-process, correction-flow, and attribution-governance strengthening only.","No owner/index/canonical/URL/sitemap change; no fabricated person, credential, authority, source, experience, or review; no removal of Phase 5 family differentiation.",Build; ownership/index/canonical/sitemap parity; source and safety review; Phase 5 cross-family regression check.
https://echobuddha.com/learn/questions-about-buddhism/,HUB,indexable,Medium,NO_CRITICAL_ISSUE,"This page exists to serve navigational within Learn Navigation through orientation, selection, and meaningful navigation across the Learn Navigation cluster. Information gain: Orientation, selection, and meaningful navigation across the Learn Navigation cluster.","Verified authorship, accountability, source-policy, review-process, correction-flow, and attribution-governance strengthening only.","No owner/index/canonical/URL/sitemap change; no fabricated person, credential, authority, source, experience, or review; no removal of Phase 5 family differentiation.",Build; ownership/index/canonical/sitemap parity; source and safety review; Phase 5 cross-family regression check.
https://echobuddha.com/learn/sutta-for-daily-life/buddhas-teaching-on-patience/,SOURCE_STUDY,indexable,Low,NO_CRITICAL_ISSUE,"This page exists to serve source study within Patience through source-specific study, attribution, translation context, or textual interpretation for “The Buddha's Teaching on Patience”. Information gain: Source-specific study, attribution, translation context, or textual interpretation for “The Buddha's Teaching on Patience”.","Verified authorship, accountability, source-policy, review-process, correction-flow, and attribution-governance strengthening only.","No owner/index/canonical/URL/sitemap change; no fabricated person, credential, authority, source, experience, or review; no removal of Phase 5 family differentiation.",Build; ownership/index/canonical/sitemap parity; source and safety review; Phase 5 cross-family regression check.
https://echobuddha.com/learn/sutta-for-daily-life/dhammacakkappavattana-sutta-four-noble-truths/,SOURCE_STUDY,indexable,VERIFIED_AUTHORITATIVE_LINKS_AND_BOUNDARIES,NO_CRITICAL_ISSUE,"This page exists to serve source study within Four Noble Truths through source-specific study, attribution, translation context, or textual interpretation for “Dhammacakkappavattana Sutta and the Four Noble Truths”. Information gain: Source-specific study, attribution, translation context, or textual interpretation for “Dhammacakkappavattana Sutta and the Four Noble Truths”.","Verified authorship, accountability, source-policy, review-process, correction-flow, and attribution-governance strengthening only.","No owner/index/canonical/URL/sitemap change; no fabricated person, credential, authority, source, experience, or review; no removal of Phase 5 family differentiation.",Build; ownership/index/canonical/sitemap parity; source and safety review; Phase 5 cross-family regression check.
https://echobuddha.com/learn/sutta-for-daily-life/,HUB,indexable,Low,NO_CRITICAL_ISSUE,"This page exists as Echo Buddha's protected owner for Sutta Study: The hub owns navigation into specific canonical-text studies; doctrine pillars own general explanations. Information gain: Orientation, selection, and meaningful navigation across the Sutta Study cluster.","Verified authorship, accountability, source-policy, review-process, correction-flow, and attribution-governance strengthening only.","No owner/index/canonical/URL/sitemap change; no fabricated person, credential, authority, source, experience, or review; no removal of Phase 5 family differentiation.",Build; ownership/index/canonical/sitemap parity; source and safety review; Phase 5 cross-family regression check.
https://echobuddha.com/learn/sutta-for-daily-life/kalama-sutta-and-wise-thinking/,SOURCE_STUDY,indexable,Low,NO_CRITICAL_ISSUE,"This page exists to serve source study within Sutta Study through source-specific study, attribution, translation context, or textual interpretation for “The Kalama Sutta and Wise Thinking”. Information gain: Source-specific study, attribution, translation context, or textual interpretation for “The Kalama Sutta and Wise Thinking”.","Verified authorship, accountability, source-policy, review-process, correction-flow, and attribution-governance strengthening only.","No owner/index/canonical/URL/sitemap change; no fabricated person, credential, authority, source, experience, or review; no removal of Phase 5 family differentiation.",Build; ownership/index/canonical/sitemap parity; source and safety review; Phase 5 cross-family regression check.
https://echobuddha.com/learn/sutta-for-daily-life/magga-vibhanga-sutta-eightfold-path/,SOURCE_STUDY,indexable,VERIFIED_AUTHORITATIVE_LINKS_AND_BOUNDARIES,NO_CRITICAL_ISSUE,"This page exists to serve source study within Noble Eightfold Path through source-specific study, attribution, translation context, or textual interpretation for “Magga-vibhanga Sutta and the Noble Eightfold Path”. Information gain: Source-specific study, attribution, translation context, or textual interpretation for “Magga-vibhanga Sutta and the Noble Eightfold Path”.","Verified authorship, accountability, source-policy, review-process, correction-flow, and attribution-governance strengthening only.","No owner/index/canonical/URL/sitemap change; no fabricated person, credential, authority, source, experience, or review; no removal of Phase 5 family differentiation.",Build; ownership/index/canonical/sitemap parity; source and safety review; Phase 5 cross-family regression check.
https://echobuddha.com/learn/sutta-for-daily-life/metta-sutta-explained-for-daily-life/,SOURCE_STUDY,indexable,VERIFIED_AUTHORITATIVE_LINKS_AND_BOUNDARIES,NO_CRITICAL_ISSUE,"This page exists to serve source study within Loving-Kindness / Metta through source-specific study, attribution, translation context, or textual interpretation for “The Metta Sutta Explained for Daily Life”. Information gain: Source-specific study, attribution, translation context, or textual interpretation for “The Metta Sutta Explained for Daily Life”.","Verified authorship, accountability, source-policy, review-process, correction-flow, and attribution-governance strengthening only.","No owner/index/canonical/URL/sitemap change; no fabricated person, credential, authority, source, experience, or review; no removal of Phase 5 family differentiation.",Build; ownership/index/canonical/sitemap parity; source and safety review; Phase 5 cross-family regression check.
https://echobuddha.com/learn/sutta-for-daily-life/mindfulness-of-breathing-explained-simply/,SOURCE_STUDY,indexable,Low,NO_CRITICAL_ISSUE,"This page exists to serve source study within Breath / Mindfulness of Breathing through source-specific study, attribution, translation context, or textual interpretation for “Mindfulness of Breathing Explained Simply”. Information gain: Source-specific study, attribution, translation context, or textual interpretation for “Mindfulness of Breathing Explained Simply”.","Verified authorship, accountability, source-policy, review-process, correction-flow, and attribution-governance strengthening only.","No owner/index/canonical/URL/sitemap change; no fabricated person, credential, authority, source, experience, or review; no removal of Phase 5 family differentiation.",Build; ownership/index/canonical/sitemap parity; source and safety review; Phase 5 cross-family regression check.
https://echobuddha.com/learn/sutta-for-daily-life/right-speech-in-daily-life/,SOURCE_STUDY,indexable,Low,NO_CRITICAL_ISSUE,"This page exists to serve source study within Right Speech through source-specific study, attribution, translation context, or textual interpretation for “Right Speech in Daily Life”. Information gain: Source-specific study, attribution, translation context, or textual interpretation for “Right Speech in Daily Life”.","Verified authorship, accountability, source-policy, review-process, correction-flow, and attribution-governance strengthening only.","No owner/index/canonical/URL/sitemap change; no fabricated person, credential, authority, source, experience, or review; no removal of Phase 5 family differentiation.",Build; ownership/index/canonical/sitemap parity; source and safety review; Phase 5 cross-family regression check.
https://echobuddha.com/meditation-guide/,PRACTICE_GUIDE,indexable,Low,NO_CRITICAL_ISSUE,"This page exists to serve meditation practice within Meditation through concrete method, pacing, posture, duration, or troubleshooting specific to “Meditation Guide for Beginners”. Information gain: Concrete method, pacing, posture, duration, or troubleshooting specific to “Meditation Guide for Beginners”.","Verified authorship, accountability, source-policy, review-process, correction-flow, and attribution-governance strengthening only.","No owner/index/canonical/URL/sitemap change; no fabricated person, credential, authority, source, experience, or review; no removal of Phase 5 family differentiation.",Build; ownership/index/canonical/sitemap parity; source and safety review; Phase 5 cross-family regression check.
https://echobuddha.com/meditation-safety/,TRUST_POLICY,indexable,Medium,NO_CRITICAL_ISSUE,This page exists to serve trust within Trust / Policy through publisher transparency or user-protection information specific to “Meditation Safety and Gentle Practice”. Information gain: Publisher transparency or user-protection information specific to “Meditation Safety and Gentle Practice”.,"Verified authorship, accountability, source-policy, review-process, correction-flow, and attribution-governance strengthening only.","No owner/index/canonical/URL/sitemap change; no fabricated person, credential, authority, source, experience, or review; no removal of Phase 5 family differentiation.",Build; ownership/index/canonical/sitemap parity; source and safety review; Phase 5 cross-family regression check.
https://echobuddha.com/meditation/10-minute-meditation-practice/,PRACTICE_GUIDE,indexable,Low,NO_CRITICAL_ISSUE,"This page exists to serve meditation practice within Meditation through concrete method, pacing, posture, duration, or troubleshooting specific to “10-Minute Meditation Practice”. Information gain: Concrete method, pacing, posture, duration, or troubleshooting specific to “10-Minute Meditation Practice”.","Verified authorship, accountability, source-policy, review-process, correction-flow, and attribution-governance strengthening only.","No owner/index/canonical/URL/sitemap change; no fabricated person, credential, authority, source, experience, or review; no removal of Phase 5 family differentiation.",Build; ownership/index/canonical/sitemap parity; source and safety review; Phase 5 cross-family regression check.
https://echobuddha.com/meditation/5-minute-meditation-practice/,PRACTICE_GUIDE,indexable,Low,NO_CRITICAL_ISSUE,"This page exists to serve meditation practice within Meditation through concrete method, pacing, posture, duration, or troubleshooting specific to “5-Minute Meditation Practice”. Information gain: Concrete method, pacing, posture, duration, or troubleshooting specific to “5-Minute Meditation Practice”.","Verified authorship, accountability, source-policy, review-process, correction-flow, and attribution-governance strengthening only.","No owner/index/canonical/URL/sitemap change; no fabricated person, credential, authority, source, experience, or review; no removal of Phase 5 family differentiation.",Build; ownership/index/canonical/sitemap parity; source and safety review; Phase 5 cross-family regression check.
https://echobuddha.com/meditation/breathing-meditation/,PRACTICE_GUIDE,indexable,VERIFIED_AUTHORITATIVE_LINKS_AND_BOUNDARIES,NO_CRITICAL_ISSUE,"This page exists to serve meditation practice within Breath / Mindfulness of Breathing through concrete method, pacing, posture, duration, or troubleshooting specific to “Breathing Meditation”. Information gain: Concrete method, pacing, posture, duration, or troubleshooting specific to “Breathing Meditation”.","Verified authorship, accountability, source-policy, review-process, correction-flow, and attribution-governance strengthening only.","No owner/index/canonical/URL/sitemap change; no fabricated person, credential, authority, source, experience, or review; no removal of Phase 5 family differentiation.",Build; ownership/index/canonical/sitemap parity; source and safety review; Phase 5 cross-family regression check.
https://echobuddha.com/meditation/,HUB,indexable,Low,NO_CRITICAL_ISSUE,"This page exists as Echo Buddha's protected owner for Meditation: It organizes practice choices and routes readers without pretending to be every meditation method. Information gain: Orientation, selection, and meaningful navigation across the Meditation cluster.","Verified authorship, accountability, source-policy, review-process, correction-flow, and attribution-governance strengthening only.","No owner/index/canonical/URL/sitemap change; no fabricated person, credential, authority, source, experience, or review; no removal of Phase 5 family differentiation.",Build; ownership/index/canonical/sitemap parity; source and safety review; Phase 5 cross-family regression check.
https://echobuddha.com/meditation/loving-kindness-meditation/,PRACTICE_GUIDE,indexable,VERIFIED_AUTHORITATIVE_LINKS_AND_BOUNDARIES,NO_CRITICAL_ISSUE,"This page exists to serve meditation practice within Loving-Kindness / Metta through concrete method, pacing, posture, duration, or troubleshooting specific to “Loving-Kindness Meditation”. Information gain: Concrete method, pacing, posture, duration, or troubleshooting specific to “Loving-Kindness Meditation”.","Verified authorship, accountability, source-policy, review-process, correction-flow, and attribution-governance strengthening only.","No owner/index/canonical/URL/sitemap change; no fabricated person, credential, authority, source, experience, or review; no removal of Phase 5 family differentiation.",Build; ownership/index/canonical/sitemap parity; source and safety review; Phase 5 cross-family regression check.
https://echobuddha.com/meditation/meditation-for-beginners/,PRACTICE_GUIDE,indexable,Low,NO_CRITICAL_ISSUE,"This page exists to serve meditation practice within Meditation through concrete method, pacing, posture, duration, or troubleshooting specific to “Meditation for Beginners”. Information gain: Concrete method, pacing, posture, duration, or troubleshooting specific to “Meditation for Beginners”.","Verified authorship, accountability, source-policy, review-process, correction-flow, and attribution-governance strengthening only.","No owner/index/canonical/URL/sitemap change; no fabricated person, credential, authority, source, experience, or review; no removal of Phase 5 family differentiation.",Build; ownership/index/canonical/sitemap parity; source and safety review; Phase 5 cross-family regression check.
https://echobuddha.com/meditation/meditation-posture-for-beginners/,PRACTICE_GUIDE,indexable,VERIFIED_AUTHORITATIVE_LINKS_AND_BOUNDARIES,NO_CRITICAL_ISSUE,"This page exists to serve meditation practice within Meditation through concrete method, pacing, posture, duration, or troubleshooting specific to “Meditation Posture for Beginners”. Information gain: Concrete method, pacing, posture, duration, or troubleshooting specific to “Meditation Posture for Beginners”.","Verified authorship, accountability, source-policy, review-process, correction-flow, and attribution-governance strengthening only.","No owner/index/canonical/URL/sitemap change; no fabricated person, credential, authority, source, experience, or review; no removal of Phase 5 family differentiation.",Build; ownership/index/canonical/sitemap parity; source and safety review; Phase 5 cross-family regression check.
https://echobuddha.com/meditation/mindfulness-in-daily-life/,PRACTICE_GUIDE,indexable,Low,NO_CRITICAL_ISSUE,"This page exists to serve meditation practice within Mindfulness through concrete method, pacing, posture, duration, or troubleshooting specific to “Mindfulness in Daily Life”. Information gain: Concrete method, pacing, posture, duration, or troubleshooting specific to “Mindfulness in Daily Life”.","Verified authorship, accountability, source-policy, review-process, correction-flow, and attribution-governance strengthening only.","No owner/index/canonical/URL/sitemap change; no fabricated person, credential, authority, source, experience, or review; no removal of Phase 5 family differentiation.",Build; ownership/index/canonical/sitemap parity; source and safety review; Phase 5 cross-family regression check.
https://echobuddha.com/meditation/walking-meditation/,PRACTICE_GUIDE,indexable,VERIFIED_AUTHORITATIVE_LINKS_AND_BOUNDARIES,NO_CRITICAL_ISSUE,"This page exists as Echo Buddha's protected owner for Walking Meditation: The meditation route should own the repeatable walking practice; the article must add depth or be reviewed for consolidation. Information gain: Concrete method, pacing, posture, duration, or troubleshooting specific to “Walking Meditation”.","Verified authorship, accountability, source-policy, review-process, correction-flow, and attribution-governance strengthening only.","No owner/index/canonical/URL/sitemap change; no fabricated person, credential, authority, source, experience, or review; no removal of Phase 5 family differentiation.",Build; ownership/index/canonical/sitemap parity; source and safety review; Phase 5 cross-family regression check.
https://echobuddha.com/meditation/when-meditation-feels-hard/,PRACTICE_GUIDE,indexable,VERIFIED_AUTHORITATIVE_LINKS_AND_BOUNDARIES,NO_CRITICAL_ISSUE,"This page exists to serve meditation practice within Meditation through concrete method, pacing, posture, duration, or troubleshooting specific to “What to Do When Meditation Feels Hard”. Information gain: Concrete method, pacing, posture, duration, or troubleshooting specific to “What to Do When Meditation Feels Hard”.","Verified authorship, accountability, source-policy, review-process, correction-flow, and attribution-governance strengthening only.","No owner/index/canonical/URL/sitemap change; no fabricated person, credential, authority, source, experience, or review; no removal of Phase 5 family differentiation.",Build; ownership/index/canonical/sitemap parity; source and safety review; Phase 5 cross-family regression check.
https://echobuddha.com/mindful-living/,HUB,indexable,Medium,NO_CRITICAL_ISSUE,"This page exists as Echo Buddha's protected owner for Mindful Living: The hub organizes daily-life applications while doctrine remains owned by Learn or dedicated articles. Information gain: Orientation, selection, and meaningful navigation across the Mindful Living cluster.","Verified authorship, accountability, source-policy, review-process, correction-flow, and attribution-governance strengthening only.","No owner/index/canonical/URL/sitemap change; no fabricated person, credential, authority, source, experience, or review; no removal of Phase 5 family differentiation.",Build; ownership/index/canonical/sitemap parity; source and safety review; Phase 5 cross-family regression check.
https://echobuddha.com/privacy-policy/,TRUST_POLICY,indexable,Low,NO_CRITICAL_ISSUE,This page exists to serve trust within Trust / Policy through publisher transparency or user-protection information specific to “Privacy Policy”. Information gain: Publisher transparency or user-protection information specific to “Privacy Policy”.,"Verified authorship, accountability, source-policy, review-process, correction-flow, and attribution-governance strengthening only.","No owner/index/canonical/URL/sitemap change; no fabricated person, credential, authority, source, experience, or review; no removal of Phase 5 family differentiation.",Build; ownership/index/canonical/sitemap parity; source and safety review; Phase 5 cross-family regression check.
https://echobuddha.com/quote-attribution-policy/,TRUST_POLICY,indexable,Medium,NO_CRITICAL_ISSUE,This page exists to serve trust within Trust / Policy through publisher transparency or user-protection information specific to “Quote Attribution Policy”. Information gain: Publisher transparency or user-protection information specific to “Quote Attribution Policy”.,"Verified authorship, accountability, source-policy, review-process, correction-flow, and attribution-governance strengthening only.","No owner/index/canonical/URL/sitemap change; no fabricated person, credential, authority, source, experience, or review; no removal of Phase 5 family differentiation.",Build; ownership/index/canonical/sitemap parity; source and safety review; Phase 5 cross-family regression check.
https://echobuddha.com/quotes/awareness/acceptance-before-next-step/,QUOTE_REFLECTION,indexable,Medium,NO_CRITICAL_ISSUE,This page exists to serve reflective within Quotes through original quote/reflection format and page-specific narrative; generated stories require Phase 3 index review. Information gain: Original quote/reflection format and page-specific narrative; generated stories require Phase 3 index review.,"Verified authorship, accountability, source-policy, review-process, correction-flow, and attribution-governance strengthening only.","No owner/index/canonical/URL/sitemap change; no fabricated person, credential, authority, source, experience, or review; no removal of Phase 5 family differentiation.",Build; ownership/index/canonical/sitemap parity; source and safety review; Phase 5 cross-family regression check.
https://echobuddha.com/quotes/awareness/anger-asks-for-speed-awareness-asks-for-one-more/,QUOTE_REFLECTION,"noindex, follow",Medium,NO_CRITICAL_ISSUE,This page exists to serve reflective within Quotes through original quote/reflection format and page-specific narrative; generated stories require Phase 3 index review. Information gain: Original quote/reflection format and page-specific narrative; generated stories require Phase 3 index review.,"Verified authorship, accountability, source-policy, review-process, correction-flow, and attribution-governance strengthening only.","No owner/index/canonical/URL/sitemap change; no fabricated person, credential, authority, source, experience, or review; no removal of Phase 5 family differentiation.",Build; ownership/index/canonical/sitemap parity; source and safety review; Phase 5 cross-family regression check.
https://echobuddha.com/quotes/awareness/awareness-does-not-remove-the-storm-it-keeps-you/,QUOTE_REFLECTION,"noindex, follow",Medium,NO_CRITICAL_ISSUE,This page exists to serve reflective within Quotes through original quote/reflection format and page-specific narrative; generated stories require Phase 3 index review. Information gain: Original quote/reflection format and page-specific narrative; generated stories require Phase 3 index review.,"Verified authorship, accountability, source-policy, review-process, correction-flow, and attribution-governance strengthening only.","No owner/index/canonical/URL/sitemap change; no fabricated person, credential, authority, source, experience, or review; no removal of Phase 5 family differentiation.",Build; ownership/index/canonical/sitemap parity; source and safety review; Phase 5 cross-family regression check.
https://echobuddha.com/quotes/awareness/clear-seeing-begins-with-the-courage-to-stop-looking/,PREEXISTING_NOINDEX_OR_ERROR_ROLE,"noindex, follow",NOT_CRITICAL,NO_CRITICAL_ISSUE,"Preserved utility/error/noindex route outside Phase 1 indexable population. Information gain: Utility, recurring, or protected noindex function.","Verified authorship, accountability, source-policy, review-process, correction-flow, and attribution-governance strengthening only.","No owner/index/canonical/URL/sitemap change; no fabricated person, credential, authority, source, experience, or review; no removal of Phase 5 family differentiation.",Build; ownership/index/canonical/sitemap parity; source and safety review; Phase 5 cross-family regression check.
https://echobuddha.com/quotes/awareness/feelings-are-honest-about-their-presence-not-always-about/,PREEXISTING_NOINDEX_OR_ERROR_ROLE,"noindex, follow",NOT_CRITICAL,NO_CRITICAL_ISSUE,"Preserved utility/error/noindex route outside Phase 1 indexable population. Information gain: Utility, recurring, or protected noindex function.","Verified authorship, accountability, source-policy, review-process, correction-flow, and attribution-governance strengthening only.","No owner/index/canonical/URL/sitemap change; no fabricated person, credential, authority, source, experience, or review; no removal of Phase 5 family differentiation.",Build; ownership/index/canonical/sitemap parity; source and safety review; Phase 5 cross-family regression check.
https://echobuddha.com/quotes/awareness/feelings-without-the-wheel/,QUOTE_REFLECTION,indexable,Medium,NO_CRITICAL_ISSUE,This page exists to serve reflective within Quotes through original quote/reflection format and page-specific narrative; generated stories require Phase 3 index review. Information gain: Original quote/reflection format and page-specific narrative; generated stories require Phase 3 index review.,"Verified authorship, accountability, source-policy, review-process, correction-flow, and attribution-governance strengthening only.","No owner/index/canonical/URL/sitemap change; no fabricated person, credential, authority, source, experience, or review; no removal of Phase 5 family differentiation.",Build; ownership/index/canonical/sitemap parity; source and safety review; Phase 5 cross-family regression check.
https://echobuddha.com/quotes/awareness/,CATEGORY,indexable,Medium,NO_CRITICAL_ISSUE,"This page exists to serve navigational within Quotes through orientation, selection, and meaningful navigation across the Quotes cluster. Information gain: Orientation, selection, and meaningful navigation across the Quotes cluster.","Verified authorship, accountability, source-policy, review-process, correction-flow, and attribution-governance strengthening only.","No owner/index/canonical/URL/sitemap change; no fabricated person, credential, authority, source, experience, or review; no removal of Phase 5 family differentiation.",Build; ownership/index/canonical/sitemap parity; source and safety review; Phase 5 cross-family regression check.
https://echobuddha.com/quotes/awareness/look-beneath-the-reaction-and-you-may-find-a/,QUOTE_REFLECTION,"noindex, follow",Medium,NO_CRITICAL_ISSUE,This page exists to serve reflective within Quotes through original quote/reflection format and page-specific narrative; generated stories require Phase 3 index review. Information gain: Original quote/reflection format and page-specific narrative; generated stories require Phase 3 index review.,"Verified authorship, accountability, source-policy, review-process, correction-flow, and attribution-governance strengthening only.","No owner/index/canonical/URL/sitemap change; no fabricated person, credential, authority, source, experience, or review; no removal of Phase 5 family differentiation.",Build; ownership/index/canonical/sitemap parity; source and safety review; Phase 5 cross-family regression check.
https://echobuddha.com/quotes/awareness/name-the-feeling-gently-and-it-may-stop-speaking/,QUOTE_REFLECTION,"noindex, follow",Medium,NO_CRITICAL_ISSUE,This page exists to serve reflective within Quotes through original quote/reflection format and page-specific narrative; generated stories require Phase 3 index review. Information gain: Original quote/reflection format and page-specific narrative; generated stories require Phase 3 index review.,"Verified authorship, accountability, source-policy, review-process, correction-flow, and attribution-governance strengthening only.","No owner/index/canonical/URL/sitemap change; no fabricated person, credential, authority, source, experience, or review; no removal of Phase 5 family differentiation.",Build; ownership/index/canonical/sitemap parity; source and safety review; Phase 5 cross-family regression check.
https://echobuddha.com/quotes/awareness/notice-the-habit-before-trying-to-become-someone-without/,PREEXISTING_NOINDEX_OR_ERROR_ROLE,"noindex, follow",NOT_CRITICAL,NO_CRITICAL_ISSUE,"Preserved utility/error/noindex route outside Phase 1 indexable population. Information gain: Utility, recurring, or protected noindex function.","Verified authorship, accountability, source-policy, review-process, correction-flow, and attribution-governance strengthening only.","No owner/index/canonical/URL/sitemap change; no fabricated person, credential, authority, source, experience, or review; no removal of Phase 5 family differentiation.",Build; ownership/index/canonical/sitemap parity; source and safety review; Phase 5 cross-family regression check.
https://echobuddha.com/quotes/awareness/one-breath-before-anger-replies/,QUOTE_REFLECTION,indexable,Medium,NO_CRITICAL_ISSUE,This page exists to serve reflective within Quotes through original quote/reflection format and page-specific narrative; generated stories require Phase 3 index review. Information gain: Original quote/reflection format and page-specific narrative; generated stories require Phase 3 index review.,"Verified authorship, accountability, source-policy, review-process, correction-flow, and attribution-governance strengthening only.","No owner/index/canonical/URL/sitemap change; no fabricated person, credential, authority, source, experience, or review; no removal of Phase 5 family differentiation.",Build; ownership/index/canonical/sitemap parity; source and safety review; Phase 5 cross-family regression check.
https://echobuddha.com/quotes/awareness/small-acts-of-attention-can-turn-an-ordinary-day/,QUOTE_REFLECTION,"noindex, follow",Medium,NO_CRITICAL_ISSUE,This page exists to serve reflective within Quotes through original quote/reflection format and page-specific narrative; generated stories require Phase 3 index review. Information gain: Original quote/reflection format and page-specific narrative; generated stories require Phase 3 index review.,"Verified authorship, accountability, source-policy, review-process, correction-flow, and attribution-governance strengthening only.","No owner/index/canonical/URL/sitemap change; no fabricated person, credential, authority, source, experience, or review; no removal of Phase 5 family differentiation.",Build; ownership/index/canonical/sitemap parity; source and safety review; Phase 5 cross-family regression check.
https://echobuddha.com/quotes/awareness/the-body-often-knows-you-are-overwhelmed-before-the/,QUOTE_REFLECTION,"noindex, follow",Medium,NO_CRITICAL_ISSUE,This page exists to serve reflective within Quotes through original quote/reflection format and page-specific narrative; generated stories require Phase 3 index review. Information gain: Original quote/reflection format and page-specific narrative; generated stories require Phase 3 index review.,"Verified authorship, accountability, source-policy, review-process, correction-flow, and attribution-governance strengthening only.","No owner/index/canonical/URL/sitemap change; no fabricated person, credential, authority, source, experience, or review; no removal of Phase 5 family differentiation.",Build; ownership/index/canonical/sitemap parity; source and safety review; Phase 5 cross-family regression check.
https://echobuddha.com/quotes/awareness/thoughts-are-visitors/,QUOTE_REFLECTION,indexable,Medium,NO_CRITICAL_ISSUE,This page exists to serve reflective within Quotes through original quote/reflection format and page-specific narrative; generated stories require Phase 3 index review. Information gain: Original quote/reflection format and page-specific narrative; generated stories require Phase 3 index review.,"Verified authorship, accountability, source-policy, review-process, correction-flow, and attribution-governance strengthening only.","No owner/index/canonical/URL/sitemap change; no fabricated person, credential, authority, source, experience, or review; no removal of Phase 5 family differentiation.",Build; ownership/index/canonical/sitemap parity; source and safety review; Phase 5 cross-family regression check.
https://echobuddha.com/quotes/awareness/thoughts-pass-without-commanding-you/,QUOTE_REFLECTION,indexable,Medium,NO_CRITICAL_ISSUE,This page exists to serve reflective within Quotes through original quote/reflection format and page-specific narrative; generated stories require Phase 3 index review. Information gain: Original quote/reflection format and page-specific narrative; generated stories require Phase 3 index review.,"Verified authorship, accountability, source-policy, review-process, correction-flow, and attribution-governance strengthening only.","No owner/index/canonical/URL/sitemap change; no fabricated person, credential, authority, source, experience, or review; no removal of Phase 5 family differentiation.",Build; ownership/index/canonical/sitemap parity; source and safety review; Phase 5 cross-family regression check.
https://echobuddha.com/quotes/awareness/what-you-can-observe-clearly-no-longer-controls-you/,PREEXISTING_NOINDEX_OR_ERROR_ROLE,"noindex, follow",NOT_CRITICAL,NO_CRITICAL_ISSUE,"Preserved utility/error/noindex route outside Phase 1 indexable population. Information gain: Utility, recurring, or protected noindex function.","Verified authorship, accountability, source-policy, review-process, correction-flow, and attribution-governance strengthening only.","No owner/index/canonical/URL/sitemap change; no fabricated person, credential, authority, source, experience, or review; no removal of Phase 5 family differentiation.",Build; ownership/index/canonical/sitemap parity; source and safety review; Phase 5 cross-family regression check.
https://echobuddha.com/quotes/awareness/when-the-mind-tightens-let-the-body-be-your/,PREEXISTING_NOINDEX_OR_ERROR_ROLE,"noindex, follow",NOT_CRITICAL,NO_CRITICAL_ISSUE,"Preserved utility/error/noindex route outside Phase 1 indexable population. Information gain: Utility, recurring, or protected noindex function.","Verified authorship, accountability, source-policy, review-process, correction-flow, and attribution-governance strengthening only.","No owner/index/canonical/URL/sitemap change; no fabricated person, credential, authority, source, experience, or review; no removal of Phase 5 family differentiation.",Build; ownership/index/canonical/sitemap parity; source and safety review; Phase 5 cross-family regression check.
https://echobuddha.com/quotes/compassion/a-gentle-response-can-end-suffering-that-anger-would/,QUOTE_REFLECTION,"noindex, follow",Medium,NO_CRITICAL_ISSUE,This page exists to serve reflective within Quotes through original quote/reflection format and page-specific narrative; generated stories require Phase 3 index review. Information gain: Original quote/reflection format and page-specific narrative; generated stories require Phase 3 index review.,"Verified authorship, accountability, source-policy, review-process, correction-flow, and attribution-governance strengthening only.","No owner/index/canonical/URL/sitemap change; no fabricated person, credential, authority, source, experience, or review; no removal of Phase 5 family differentiation.",Build; ownership/index/canonical/sitemap parity; source and safety review; Phase 5 cross-family regression check.
https://echobuddha.com/quotes/compassion/before-judging-another-life-remember-how-much-of-your/,QUOTE_REFLECTION,"noindex, follow",Medium,NO_CRITICAL_ISSUE,This page exists to serve reflective within Quotes through original quote/reflection format and page-specific narrative; generated stories require Phase 3 index review. Information gain: Original quote/reflection format and page-specific narrative; generated stories require Phase 3 index review.,"Verified authorship, accountability, source-policy, review-process, correction-flow, and attribution-governance strengthening only.","No owner/index/canonical/URL/sitemap change; no fabricated person, credential, authority, source, experience, or review; no removal of Phase 5 family differentiation.",Build; ownership/index/canonical/sitemap parity; source and safety review; Phase 5 cross-family regression check.
https://echobuddha.com/quotes/compassion/compassion-asks-what-hurts-before-it-asks-who-is/,QUOTE_REFLECTION,"noindex, follow",Medium,NO_CRITICAL_ISSUE,This page exists to serve reflective within Quotes through original quote/reflection format and page-specific narrative; generated stories require Phase 3 index review. Information gain: Original quote/reflection format and page-specific narrative; generated stories require Phase 3 index review.,"Verified authorship, accountability, source-policy, review-process, correction-flow, and attribution-governance strengthening only.","No owner/index/canonical/URL/sitemap change; no fabricated person, credential, authority, source, experience, or review; no removal of Phase 5 family differentiation.",Build; ownership/index/canonical/sitemap parity; source and safety review; Phase 5 cross-family regression check.
https://echobuddha.com/quotes/compassion/compassion-grows-where-judgment-loosens-its-grip/,QUOTE_REFLECTION,"noindex, follow",Medium,NO_CRITICAL_ISSUE,This page exists to serve reflective within Quotes through original quote/reflection format and page-specific narrative; generated stories require Phase 3 index review. Information gain: Original quote/reflection format and page-specific narrative; generated stories require Phase 3 index review.,"Verified authorship, accountability, source-policy, review-process, correction-flow, and attribution-governance strengthening only.","No owner/index/canonical/URL/sitemap change; no fabricated person, credential, authority, source, experience, or review; no removal of Phase 5 family differentiation.",Build; ownership/index/canonical/sitemap parity; source and safety review; Phase 5 cross-family regression check.
https://echobuddha.com/quotes/compassion/compassion-sees-pain-clearly/,QUOTE_REFLECTION,indexable,Medium,NO_CRITICAL_ISSUE,This page exists to serve reflective within Quotes through original quote/reflection format and page-specific narrative; generated stories require Phase 3 index review. Information gain: Original quote/reflection format and page-specific narrative; generated stories require Phase 3 index review.,"Verified authorship, accountability, source-policy, review-process, correction-flow, and attribution-governance strengthening only.","No owner/index/canonical/URL/sitemap change; no fabricated person, credential, authority, source, experience, or review; no removal of Phase 5 family differentiation.",Build; ownership/index/canonical/sitemap parity; source and safety review; Phase 5 cross-family regression check.
https://echobuddha.com/quotes/compassion/gentle-self-compassion/,QUOTE_REFLECTION,indexable,Medium,NO_CRITICAL_ISSUE,This page exists to serve reflective within Quotes through original quote/reflection format and page-specific narrative; generated stories require Phase 3 index review. Information gain: Original quote/reflection format and page-specific narrative; generated stories require Phase 3 index review.,"Verified authorship, accountability, source-policy, review-process, correction-flow, and attribution-governance strengthening only.","No owner/index/canonical/URL/sitemap change; no fabricated person, credential, authority, source, experience, or review; no removal of Phase 5 family differentiation.",Build; ownership/index/canonical/sitemap parity; source and safety review; Phase 5 cross-family regression check.
https://echobuddha.com/quotes/compassion/,CATEGORY,indexable,Medium,NO_CRITICAL_ISSUE,"This page exists to serve navigational within Quotes through orientation, selection, and meaningful navigation across the Quotes cluster. Information gain: Orientation, selection, and meaningful navigation across the Quotes cluster.","Verified authorship, accountability, source-policy, review-process, correction-flow, and attribution-governance strengthening only.","No owner/index/canonical/URL/sitemap change; no fabricated person, credential, authority, source, experience, or review; no removal of Phase 5 family differentiation.",Build; ownership/index/canonical/sitemap parity; source and safety review; Phase 5 cross-family regression check.
https://echobuddha.com/quotes/compassion/kindness-as-quiet-practice/,QUOTE_REFLECTION,indexable,Medium,NO_CRITICAL_ISSUE,This page exists to serve reflective within Quotes through original quote/reflection format and page-specific narrative; generated stories require Phase 3 index review. Information gain: Original quote/reflection format and page-specific narrative; generated stories require Phase 3 index review.,"Verified authorship, accountability, source-policy, review-process, correction-flow, and attribution-governance strengthening only.","No owner/index/canonical/URL/sitemap change; no fabricated person, credential, authority, source, experience, or review; no removal of Phase 5 family differentiation.",Build; ownership/index/canonical/sitemap parity; source and safety review; Phase 5 cross-family regression check.
https://echobuddha.com/quotes/compassion/kindness-does-not-need-an-audience-to-become-meaningful/,QUOTE_REFLECTION,"noindex, follow",Medium,NO_CRITICAL_ISSUE,This page exists to serve reflective within Quotes through original quote/reflection format and page-specific narrative; generated stories require Phase 3 index review. Information gain: Original quote/reflection format and page-specific narrative; generated stories require Phase 3 index review.,"Verified authorship, accountability, source-policy, review-process, correction-flow, and attribution-governance strengthening only.","No owner/index/canonical/URL/sitemap change; no fabricated person, credential, authority, source, experience, or review; no removal of Phase 5 family differentiation.",Build; ownership/index/canonical/sitemap parity; source and safety review; Phase 5 cross-family regression check.
https://echobuddha.com/quotes/compassion/let-kindness-be-the-echo-you-leave-in-every/,QUOTE_REFLECTION,"noindex, follow",Medium,NO_CRITICAL_ISSUE,This page exists to serve reflective within Quotes through original quote/reflection format and page-specific narrative; generated stories require Phase 3 index review. Information gain: Original quote/reflection format and page-specific narrative; generated stories require Phase 3 index review.,"Verified authorship, accountability, source-policy, review-process, correction-flow, and attribution-governance strengthening only.","No owner/index/canonical/URL/sitemap change; no fabricated person, credential, authority, source, experience, or review; no removal of Phase 5 family differentiation.",Build; ownership/index/canonical/sitemap parity; source and safety review; Phase 5 cross-family regression check.
https://echobuddha.com/quotes/compassion/let-your-boundaries-be-clear-and-your-heart-remain/,PREEXISTING_NOINDEX_OR_ERROR_ROLE,"noindex, follow",NOT_CRITICAL,NO_CRITICAL_ISSUE,"Preserved utility/error/noindex route outside Phase 1 indexable population. Information gain: Utility, recurring, or protected noindex function.","Verified authorship, accountability, source-policy, review-process, correction-flow, and attribution-governance strengthening only.","No owner/index/canonical/URL/sitemap change; no fabricated person, credential, authority, source, experience, or review; no removal of Phase 5 family differentiation.",Build; ownership/index/canonical/sitemap parity; source and safety review; Phase 5 cross-family regression check.
https://echobuddha.com/quotes/compassion/loving-kindness-without-harm/,QUOTE_REFLECTION,indexable,Medium,NO_CRITICAL_ISSUE,This page exists to serve reflective within Quotes through original quote/reflection format and page-specific narrative; generated stories require Phase 3 index review. Information gain: Original quote/reflection format and page-specific narrative; generated stories require Phase 3 index review.,"Verified authorship, accountability, source-policy, review-process, correction-flow, and attribution-governance strengthening only.","No owner/index/canonical/URL/sitemap change; no fabricated person, credential, authority, source, experience, or review; no removal of Phase 5 family differentiation.",Build; ownership/index/canonical/sitemap parity; source and safety review; Phase 5 cross-family regression check.
https://echobuddha.com/quotes/compassion/offer-others-the-patience-you-hope-to-receive-on/,PREEXISTING_NOINDEX_OR_ERROR_ROLE,"noindex, follow",NOT_CRITICAL,NO_CRITICAL_ISSUE,"Preserved utility/error/noindex route outside Phase 1 indexable population. Information gain: Utility, recurring, or protected noindex function.","Verified authorship, accountability, source-policy, review-process, correction-flow, and attribution-governance strengthening only.","No owner/index/canonical/URL/sitemap change; no fabricated person, credential, authority, source, experience, or review; no removal of Phase 5 family differentiation.",Build; ownership/index/canonical/sitemap parity; source and safety review; Phase 5 cross-family regression check.
https://echobuddha.com/quotes/compassion/small-kindnesses-often-reach-places-that-advice-cannot/,PREEXISTING_NOINDEX_OR_ERROR_ROLE,"noindex, follow",NOT_CRITICAL,NO_CRITICAL_ISSUE,"Preserved utility/error/noindex route outside Phase 1 indexable population. Information gain: Utility, recurring, or protected noindex function.","Verified authorship, accountability, source-policy, review-process, correction-flow, and attribution-governance strengthening only.","No owner/index/canonical/URL/sitemap change; no fabricated person, credential, authority, source, experience, or review; no removal of Phase 5 family differentiation.",Build; ownership/index/canonical/sitemap parity; source and safety review; Phase 5 cross-family regression check.
https://echobuddha.com/quotes/compassion/the-heart-becomes-spacious-each-time-it-chooses-care/,PREEXISTING_NOINDEX_OR_ERROR_ROLE,"noindex, follow",NOT_CRITICAL,NO_CRITICAL_ISSUE,"Preserved utility/error/noindex route outside Phase 1 indexable population. Information gain: Utility, recurring, or protected noindex function.","Verified authorship, accountability, source-policy, review-process, correction-flow, and attribution-governance strengthening only.","No owner/index/canonical/URL/sitemap change; no fabricated person, credential, authority, source, experience, or review; no removal of Phase 5 family differentiation.",Build; ownership/index/canonical/sitemap parity; source and safety review; Phase 5 cross-family regression check.
https://echobuddha.com/quotes/compassion/to-understand-someone-is-not-to-excuse-harm-it/,PREEXISTING_NOINDEX_OR_ERROR_ROLE,"noindex, follow",NOT_CRITICAL,NO_CRITICAL_ISSUE,"Preserved utility/error/noindex route outside Phase 1 indexable population. Information gain: Utility, recurring, or protected noindex function.","Verified authorship, accountability, source-policy, review-process, correction-flow, and attribution-governance strengthening only.","No owner/index/canonical/URL/sitemap change; no fabricated person, credential, authority, source, experience, or review; no removal of Phase 5 family differentiation.",Build; ownership/index/canonical/sitemap parity; source and safety review; Phase 5 cross-family regression check.
https://echobuddha.com/quotes/compassion/when-you-cannot-remove-anothers-burden-do-not-add/,PREEXISTING_NOINDEX_OR_ERROR_ROLE,"noindex, follow",NOT_CRITICAL,NO_CRITICAL_ISSUE,"Preserved utility/error/noindex route outside Phase 1 indexable population. Information gain: Utility, recurring, or protected noindex function.","Verified authorship, accountability, source-policy, review-process, correction-flow, and attribution-governance strengthening only.","No owner/index/canonical/URL/sitemap change; no fabricated person, credential, authority, source, experience, or review; no removal of Phase 5 family differentiation.",Build; ownership/index/canonical/sitemap parity; source and safety review; Phase 5 cross-family regression check.
https://echobuddha.com/quotes/impermanence/acceptance-begins-where-the-argument-with-change-ends/,PREEXISTING_NOINDEX_OR_ERROR_ROLE,"noindex, follow",NOT_CRITICAL,NO_CRITICAL_ISSUE,"Preserved utility/error/noindex route outside Phase 1 indexable population. Information gain: Utility, recurring, or protected noindex function.","Verified authorship, accountability, source-policy, review-process, correction-flow, and attribution-governance strengthening only.","No owner/index/canonical/URL/sitemap change; no fabricated person, credential, authority, source, experience, or review; no removal of Phase 5 family differentiation.",Build; ownership/index/canonical/sitemap parity; source and safety review; Phase 5 cross-family regression check.
https://echobuddha.com/quotes/impermanence/because-this-moment-will-pass-meet-it-while-it/,QUOTE_REFLECTION,"noindex, follow",Medium,NO_CRITICAL_ISSUE,This page exists to serve reflective within Quotes through original quote/reflection format and page-specific narrative; generated stories require Phase 3 index review. Information gain: Original quote/reflection format and page-specific narrative; generated stories require Phase 3 index review.,"Verified authorship, accountability, source-policy, review-process, correction-flow, and attribution-governance strengthening only.","No owner/index/canonical/URL/sitemap change; no fabricated person, credential, authority, source, experience, or review; no removal of Phase 5 family differentiation.",Build; ownership/index/canonical/sitemap parity; source and safety review; Phase 5 cross-family regression check.
https://echobuddha.com/quotes/impermanence/change-is-how-life-continues/,QUOTE_REFLECTION,indexable,Medium,NO_CRITICAL_ISSUE,This page exists to serve reflective within Quotes through original quote/reflection format and page-specific narrative; generated stories require Phase 3 index review. Information gain: Original quote/reflection format and page-specific narrative; generated stories require Phase 3 index review.,"Verified authorship, accountability, source-policy, review-process, correction-flow, and attribution-governance strengthening only.","No owner/index/canonical/URL/sitemap change; no fabricated person, credential, authority, source, experience, or review; no removal of Phase 5 family differentiation.",Build; ownership/index/canonical/sitemap parity; source and safety review; Phase 5 cross-family regression check.
https://echobuddha.com/quotes/impermanence/change-takes-nothing-personally-it-simply-continues/,QUOTE_REFLECTION,"noindex, follow",Medium,NO_CRITICAL_ISSUE,This page exists to serve reflective within Quotes through original quote/reflection format and page-specific narrative; generated stories require Phase 3 index review. Information gain: Original quote/reflection format and page-specific narrative; generated stories require Phase 3 index review.,"Verified authorship, accountability, source-policy, review-process, correction-flow, and attribution-governance strengthening only.","No owner/index/canonical/URL/sitemap change; no fabricated person, credential, authority, source, experience, or review; no removal of Phase 5 family differentiation.",Build; ownership/index/canonical/sitemap parity; source and safety review; Phase 5 cross-family regression check.
https://echobuddha.com/quotes/impermanence/everything-changes-including-the-part-of-you-that-fears/,QUOTE_REFLECTION,"noindex, follow",Medium,NO_CRITICAL_ISSUE,This page exists to serve reflective within Quotes through original quote/reflection format and page-specific narrative; generated stories require Phase 3 index review. Information gain: Original quote/reflection format and page-specific narrative; generated stories require Phase 3 index review.,"Verified authorship, accountability, source-policy, review-process, correction-flow, and attribution-governance strengthening only.","No owner/index/canonical/URL/sitemap change; no fabricated person, credential, authority, source, experience, or review; no removal of Phase 5 family differentiation.",Build; ownership/index/canonical/sitemap parity; source and safety review; Phase 5 cross-family regression check.
https://echobuddha.com/quotes/impermanence/hold-each-day-carefully-knowing-it-cannot-be-held/,PREEXISTING_NOINDEX_OR_ERROR_ROLE,"noindex, follow",NOT_CRITICAL,NO_CRITICAL_ISSUE,"Preserved utility/error/noindex route outside Phase 1 indexable population. Information gain: Utility, recurring, or protected noindex function.","Verified authorship, accountability, source-policy, review-process, correction-flow, and attribution-governance strengthening only.","No owner/index/canonical/URL/sitemap change; no fabricated person, credential, authority, source, experience, or review; no removal of Phase 5 family differentiation.",Build; ownership/index/canonical/sitemap parity; source and safety review; Phase 5 cross-family regression check.
https://echobuddha.com/quotes/impermanence/,CATEGORY,indexable,Medium,NO_CRITICAL_ISSUE,"This page exists to serve navigational within Quotes through orientation, selection, and meaningful navigation across the Quotes cluster. Information gain: Orientation, selection, and meaningful navigation across the Quotes cluster.","Verified authorship, accountability, source-policy, review-process, correction-flow, and attribution-governance strengthening only.","No owner/index/canonical/URL/sitemap change; no fabricated person, credential, authority, source, experience, or review; no removal of Phase 5 family differentiation.",Build; ownership/index/canonical/sitemap parity; source and safety review; Phase 5 cross-family regression check.
https://echobuddha.com/quotes/impermanence/meet-change-softly/,QUOTE_REFLECTION,indexable,Medium,NO_CRITICAL_ISSUE,This page exists to serve reflective within Quotes through original quote/reflection format and page-specific narrative; generated stories require Phase 3 index review. Information gain: Original quote/reflection format and page-specific narrative; generated stories require Phase 3 index review.,"Verified authorship, accountability, source-policy, review-process, correction-flow, and attribution-governance strengthening only.","No owner/index/canonical/URL/sitemap change; no fabricated person, credential, authority, source, experience, or review; no removal of Phase 5 family differentiation.",Build; ownership/index/canonical/sitemap parity; source and safety review; Phase 5 cross-family regression check.
https://echobuddha.com/quotes/impermanence/no-season-is-asked-to-remain-in-order-to/,PREEXISTING_NOINDEX_OR_ERROR_ROLE,"noindex, follow",NOT_CRITICAL,NO_CRITICAL_ISSUE,"Preserved utility/error/noindex route outside Phase 1 indexable population. Information gain: Utility, recurring, or protected noindex function.","Verified authorship, accountability, source-policy, review-process, correction-flow, and attribution-governance strengthening only.","No owner/index/canonical/URL/sitemap change; no fabricated person, credential, authority, source, experience, or review; no removal of Phase 5 family differentiation.",Build; ownership/index/canonical/sitemap parity; source and safety review; Phase 5 cross-family regression check.
https://echobuddha.com/quotes/impermanence/the-fading-flower-does-not-make-its-blooming-less/,QUOTE_REFLECTION,"noindex, follow",Medium,NO_CRITICAL_ISSUE,This page exists to serve reflective within Quotes through original quote/reflection format and page-specific narrative; generated stories require Phase 3 index review. Information gain: Original quote/reflection format and page-specific narrative; generated stories require Phase 3 index review.,"Verified authorship, accountability, source-policy, review-process, correction-flow, and attribution-governance strengthening only.","No owner/index/canonical/URL/sitemap change; no fabricated person, credential, authority, source, experience, or review; no removal of Phase 5 family differentiation.",Build; ownership/index/canonical/sitemap parity; source and safety review; Phase 5 cross-family regression check.
https://echobuddha.com/quotes/impermanence/the-passing-of-joy-teaches-gratitude-the-passing-of/,QUOTE_REFLECTION,"noindex, follow",Medium,NO_CRITICAL_ISSUE,This page exists to serve reflective within Quotes through original quote/reflection format and page-specific narrative; generated stories require Phase 3 index review. Information gain: Original quote/reflection format and page-specific narrative; generated stories require Phase 3 index review.,"Verified authorship, accountability, source-policy, review-process, correction-flow, and attribution-governance strengthening only.","No owner/index/canonical/URL/sitemap change; no fabricated person, credential, authority, source, experience, or review; no removal of Phase 5 family differentiation.",Build; ownership/index/canonical/sitemap parity; source and safety review; Phase 5 cross-family regression check.
https://echobuddha.com/quotes/impermanence/todays-certainty-may-become-tomorrows-lesson-in-humility/,QUOTE_REFLECTION,"noindex, follow",Medium,NO_CRITICAL_ISSUE,This page exists to serve reflective within Quotes through original quote/reflection format and page-specific narrative; generated stories require Phase 3 index review. Information gain: Original quote/reflection format and page-specific narrative; generated stories require Phase 3 index review.,"Verified authorship, accountability, source-policy, review-process, correction-flow, and attribution-governance strengthening only.","No owner/index/canonical/URL/sitemap change; no fabricated person, credential, authority, source, experience, or review; no removal of Phase 5 family differentiation.",Build; ownership/index/canonical/sitemap parity; source and safety review; Phase 5 cross-family regression check.
https://echobuddha.com/quotes/impermanence/what-changes-is-not-always-lost-sometimes-it-is/,PREEXISTING_NOINDEX_OR_ERROR_ROLE,"noindex, follow",NOT_CRITICAL,NO_CRITICAL_ISSUE,"Preserved utility/error/noindex route outside Phase 1 indexable population. Information gain: Utility, recurring, or protected noindex function.","Verified authorship, accountability, source-policy, review-process, correction-flow, and attribution-governance strengthening only.","No owner/index/canonical/URL/sitemap change; no fabricated person, credential, authority, source, experience, or review; no removal of Phase 5 family differentiation.",Build; ownership/index/canonical/sitemap parity; source and safety review; Phase 5 cross-family regression check.
https://echobuddha.com/quotes/,HUB,indexable,Medium,NO_CRITICAL_ISSUE,"This page exists as Echo Buddha's protected owner for Quotes: The hub owns discovery of clearly labeled original Echo Buddha quote reflections. Information gain: Orientation, selection, and meaningful navigation across the Quotes cluster.","Verified authorship, accountability, source-policy, review-process, correction-flow, and attribution-governance strengthening only.","No owner/index/canonical/URL/sitemap change; no fabricated person, credential, authority, source, experience, or review; no removal of Phase 5 family differentiation.",Build; ownership/index/canonical/sitemap parity; source and safety review; Phase 5 cross-family regression check.
https://echobuddha.com/quotes/letting-go/an-open-hand-can-care-for-what-a-clenched/,QUOTE_REFLECTION,"noindex, follow",Medium,NO_CRITICAL_ISSUE,This page exists to serve reflective within Quotes through original quote/reflection format and page-specific narrative; generated stories require Phase 3 index review. Information gain: Original quote/reflection format and page-specific narrative; generated stories require Phase 3 index review.,"Verified authorship, accountability, source-policy, review-process, correction-flow, and attribution-governance strengthening only.","No owner/index/canonical/URL/sitemap change; no fabricated person, credential, authority, source, experience, or review; no removal of Phase 5 family differentiation.",Build; ownership/index/canonical/sitemap parity; source and safety review; Phase 5 cross-family regression check.
https://echobuddha.com/quotes/letting-go/caring-without-clinging/,QUOTE_REFLECTION,indexable,Medium,NO_CRITICAL_ISSUE,This page exists to serve reflective within Quotes through original quote/reflection format and page-specific narrative; generated stories require Phase 3 index review. Information gain: Original quote/reflection format and page-specific narrative; generated stories require Phase 3 index review.,"Verified authorship, accountability, source-policy, review-process, correction-flow, and attribution-governance strengthening only.","No owner/index/canonical/URL/sitemap change; no fabricated person, credential, authority, source, experience, or review; no removal of Phase 5 family differentiation.",Build; ownership/index/canonical/sitemap parity; source and safety review; Phase 5 cross-family regression check.
https://echobuddha.com/quotes/letting-go/forgiveness-without-approving-harm/,QUOTE_REFLECTION,indexable,Medium,NO_CRITICAL_ISSUE,This page exists to serve reflective within Quotes through original quote/reflection format and page-specific narrative; generated stories require Phase 3 index review. Information gain: Original quote/reflection format and page-specific narrative; generated stories require Phase 3 index review.,"Verified authorship, accountability, source-policy, review-process, correction-flow, and attribution-governance strengthening only.","No owner/index/canonical/URL/sitemap change; no fabricated person, credential, authority, source, experience, or review; no removal of Phase 5 family differentiation.",Build; ownership/index/canonical/sitemap parity; source and safety review; Phase 5 cross-family regression check.
https://echobuddha.com/quotes/letting-go/freedom-often-sounds-like-the-quiet-end-of-an/,PREEXISTING_NOINDEX_OR_ERROR_ROLE,"noindex, follow",NOT_CRITICAL,NO_CRITICAL_ISSUE,"Preserved utility/error/noindex route outside Phase 1 indexable population. Information gain: Utility, recurring, or protected noindex function.","Verified authorship, accountability, source-policy, review-process, correction-flow, and attribution-governance strengthening only.","No owner/index/canonical/URL/sitemap change; no fabricated person, credential, authority, source, experience, or review; no removal of Phase 5 family differentiation.",Build; ownership/index/canonical/sitemap parity; source and safety review; Phase 5 cross-family regression check.
https://echobuddha.com/quotes/letting-go/,CATEGORY,indexable,Medium,NO_CRITICAL_ISSUE,"This page exists to serve navigational within Quotes through orientation, selection, and meaningful navigation across the Quotes cluster. Information gain: Orientation, selection, and meaningful navigation across the Quotes cluster.","Verified authorship, accountability, source-policy, review-process, correction-flow, and attribution-governance strengthening only.","No owner/index/canonical/URL/sitemap change; no fabricated person, credential, authority, source, experience, or review; no removal of Phase 5 family differentiation.",Build; ownership/index/canonical/sitemap parity; source and safety review; Phase 5 cross-family regression check.
https://echobuddha.com/quotes/letting-go/let-the-feeling-pass-through-without-building-it-a/,PREEXISTING_NOINDEX_OR_ERROR_ROLE,"noindex, follow",NOT_CRITICAL,NO_CRITICAL_ISSUE,"Preserved utility/error/noindex route outside Phase 1 indexable population. Information gain: Utility, recurring, or protected noindex function.","Verified authorship, accountability, source-policy, review-process, correction-flow, and attribution-governance strengthening only.","No owner/index/canonical/URL/sitemap change; no fabricated person, credential, authority, source, experience, or review; no removal of Phase 5 family differentiation.",Build; ownership/index/canonical/sitemap parity; source and safety review; Phase 5 cross-family regression check.
https://echobuddha.com/quotes/letting-go/letting-go-begins-by-admitting-how-tightly-you-are/,QUOTE_REFLECTION,"noindex, follow",Medium,NO_CRITICAL_ISSUE,This page exists to serve reflective within Quotes through original quote/reflection format and page-specific narrative; generated stories require Phase 3 index review. Information gain: Original quote/reflection format and page-specific narrative; generated stories require Phase 3 index review.,"Verified authorship, accountability, source-policy, review-process, correction-flow, and attribution-governance strengthening only.","No owner/index/canonical/URL/sitemap change; no fabricated person, credential, authority, source, experience, or review; no removal of Phase 5 family differentiation.",Build; ownership/index/canonical/sitemap parity; source and safety review; Phase 5 cross-family regression check.
https://echobuddha.com/quotes/letting-go/open-hands-non-attachment/,QUOTE_REFLECTION,indexable,Medium,NO_CRITICAL_ISSUE,This page exists to serve reflective within Quotes through original quote/reflection format and page-specific narrative; generated stories require Phase 3 index review. Information gain: Original quote/reflection format and page-specific narrative; generated stories require Phase 3 index review.,"Verified authorship, accountability, source-policy, review-process, correction-flow, and attribution-governance strengthening only.","No owner/index/canonical/URL/sitemap change; no fabricated person, credential, authority, source, experience, or review; no removal of Phase 5 family differentiation.",Build; ownership/index/canonical/sitemap parity; source and safety review; Phase 5 cross-family regression check.
https://echobuddha.com/quotes/letting-go/peace-enters-when-control-is-no-longer-the-price/,QUOTE_REFLECTION,"noindex, follow",Medium,NO_CRITICAL_ISSUE,This page exists to serve reflective within Quotes through original quote/reflection format and page-specific narrative; generated stories require Phase 3 index review. Information gain: Original quote/reflection format and page-specific narrative; generated stories require Phase 3 index review.,"Verified authorship, accountability, source-policy, review-process, correction-flow, and attribution-governance strengthening only.","No owner/index/canonical/URL/sitemap change; no fabricated person, credential, authority, source, experience, or review; no removal of Phase 5 family differentiation.",Build; ownership/index/canonical/sitemap parity; source and safety review; Phase 5 cross-family regression check.
https://echobuddha.com/quotes/letting-go/release-the-need-to-replay-what-can-no-longer/,QUOTE_REFLECTION,"noindex, follow",Medium,NO_CRITICAL_ISSUE,This page exists to serve reflective within Quotes through original quote/reflection format and page-specific narrative; generated stories require Phase 3 index review. Information gain: Original quote/reflection format and page-specific narrative; generated stories require Phase 3 index review.,"Verified authorship, accountability, source-policy, review-process, correction-flow, and attribution-governance strengthening only.","No owner/index/canonical/URL/sitemap change; no fabricated person, credential, authority, source, experience, or review; no removal of Phase 5 family differentiation.",Build; ownership/index/canonical/sitemap parity; source and safety review; Phase 5 cross-family regression check.
https://echobuddha.com/quotes/letting-go/release-the-outcome-but-keep-the-care-you-bring/,PREEXISTING_NOINDEX_OR_ERROR_ROLE,"noindex, follow",NOT_CRITICAL,NO_CRITICAL_ISSUE,"Preserved utility/error/noindex route outside Phase 1 indexable population. Information gain: Utility, recurring, or protected noindex function.","Verified authorship, accountability, source-policy, review-process, correction-flow, and attribution-governance strengthening only.","No owner/index/canonical/URL/sitemap change; no fabricated person, credential, authority, source, experience, or review; no removal of Phase 5 family differentiation.",Build; ownership/index/canonical/sitemap parity; source and safety review; Phase 5 cross-family regression check.
https://echobuddha.com/quotes/letting-go/soften-around-stress/,QUOTE_REFLECTION,indexable,Medium,NO_CRITICAL_ISSUE,This page exists to serve reflective within Quotes through original quote/reflection format and page-specific narrative; generated stories require Phase 3 index review. Information gain: Original quote/reflection format and page-specific narrative; generated stories require Phase 3 index review.,"Verified authorship, accountability, source-policy, review-process, correction-flow, and attribution-governance strengthening only.","No owner/index/canonical/URL/sitemap change; no fabricated person, credential, authority, source, experience, or review; no removal of Phase 5 family differentiation.",Build; ownership/index/canonical/sitemap parity; source and safety review; Phase 5 cross-family regression check.
https://echobuddha.com/quotes/letting-go/what-leaves-your-life-may-still-leave-wisdom-behind/,PREEXISTING_NOINDEX_OR_ERROR_ROLE,"noindex, follow",NOT_CRITICAL,NO_CRITICAL_ISSUE,"Preserved utility/error/noindex route outside Phase 1 indexable population. Information gain: Utility, recurring, or protected noindex function.","Verified authorship, accountability, source-policy, review-process, correction-flow, and attribution-governance strengthening only.","No owner/index/canonical/URL/sitemap change; no fabricated person, credential, authority, source, experience, or review; no removal of Phase 5 family differentiation.",Build; ownership/index/canonical/sitemap parity; source and safety review; Phase 5 cross-family regression check.
https://echobuddha.com/quotes/letting-go/where-attachment-begins/,QUOTE_REFLECTION,indexable,Medium,NO_CRITICAL_ISSUE,This page exists to serve reflective within Quotes through original quote/reflection format and page-specific narrative; generated stories require Phase 3 index review. Information gain: Original quote/reflection format and page-specific narrative; generated stories require Phase 3 index review.,"Verified authorship, accountability, source-policy, review-process, correction-flow, and attribution-governance strengthening only.","No owner/index/canonical/URL/sitemap change; no fabricated person, credential, authority, source, experience, or review; no removal of Phase 5 family differentiation.",Build; ownership/index/canonical/sitemap parity; source and safety review; Phase 5 cross-family regression check.
https://echobuddha.com/quotes/letting-go/you-can-honor-the-past-without-asking-it-to/,QUOTE_REFLECTION,"noindex, follow",Medium,NO_CRITICAL_ISSUE,This page exists to serve reflective within Quotes through original quote/reflection format and page-specific narrative; generated stories require Phase 3 index review. Information gain: Original quote/reflection format and page-specific narrative; generated stories require Phase 3 index review.,"Verified authorship, accountability, source-policy, review-process, correction-flow, and attribution-governance strengthening only.","No owner/index/canonical/URL/sitemap change; no fabricated person, credential, authority, source, experience, or review; no removal of Phase 5 family differentiation.",Build; ownership/index/canonical/sitemap parity; source and safety review; Phase 5 cross-family regression check.
https://echobuddha.com/quotes/letting-go/you-do-not-betray-a-memory-by-allowing-yourself/,PREEXISTING_NOINDEX_OR_ERROR_ROLE,"noindex, follow",NOT_CRITICAL,NO_CRITICAL_ISSUE,"Preserved utility/error/noindex route outside Phase 1 indexable population. Information gain: Utility, recurring, or protected noindex function.","Verified authorship, accountability, source-policy, review-process, correction-flow, and attribution-governance strengthening only.","No owner/index/canonical/URL/sitemap change; no fabricated person, credential, authority, source, experience, or review; no removal of Phase 5 family differentiation.",Build; ownership/index/canonical/sitemap parity; source and safety review; Phase 5 cross-family regression check.
https://echobuddha.com/quotes/letting-go/you-do-not-need-to-carry-every-thought-that/,QUOTE_REFLECTION,"noindex, follow",Medium,NO_CRITICAL_ISSUE,This page exists to serve reflective within Quotes through original quote/reflection format and page-specific narrative; generated stories require Phase 3 index review. Information gain: Original quote/reflection format and page-specific narrative; generated stories require Phase 3 index review.,"Verified authorship, accountability, source-policy, review-process, correction-flow, and attribution-governance strengthening only.","No owner/index/canonical/URL/sitemap change; no fabricated person, credential, authority, source, experience, or review; no removal of Phase 5 family differentiation.",Build; ownership/index/canonical/sitemap parity; source and safety review; Phase 5 cross-family regression check.
https://echobuddha.com/quotes/meditation/a-short-sincere-practice-can-steady-a-long-and/,QUOTE_REFLECTION,"noindex, follow",Medium,NO_CRITICAL_ISSUE,This page exists to serve reflective within Quotes through original quote/reflection format and page-specific narrative; generated stories require Phase 3 index review. Information gain: Original quote/reflection format and page-specific narrative; generated stories require Phase 3 index review.,"Verified authorship, accountability, source-policy, review-process, correction-flow, and attribution-governance strengthening only.","No owner/index/canonical/URL/sitemap change; no fabricated person, credential, authority, source, experience, or review; no removal of Phase 5 family differentiation.",Build; ownership/index/canonical/sitemap parity; source and safety review; Phase 5 cross-family regression check.
https://echobuddha.com/quotes/meditation/do-not-search-meditation-for-a-special-self-notice/,PREEXISTING_NOINDEX_OR_ERROR_ROLE,"noindex, follow",NOT_CRITICAL,NO_CRITICAL_ISSUE,"Preserved utility/error/noindex route outside Phase 1 indexable population. Information gain: Utility, recurring, or protected noindex function.","Verified authorship, accountability, source-policy, review-process, correction-flow, and attribution-governance strengthening only.","No owner/index/canonical/URL/sitemap change; no fabricated person, credential, authority, source, experience, or review; no removal of Phase 5 family differentiation.",Build; ownership/index/canonical/sitemap parity; source and safety review; Phase 5 cross-family regression check.
https://echobuddha.com/quotes/meditation/every-return-from-distraction-strengthens-the-path-home/,PREEXISTING_NOINDEX_OR_ERROR_ROLE,"noindex, follow",NOT_CRITICAL,NO_CRITICAL_ISSUE,"Preserved utility/error/noindex route outside Phase 1 indexable population. Information gain: Utility, recurring, or protected noindex function.","Verified authorship, accountability, source-policy, review-process, correction-flow, and attribution-governance strengthening only.","No owner/index/canonical/URL/sitemap change; no fabricated person, credential, authority, source, experience, or review; no removal of Phase 5 family differentiation.",Build; ownership/index/canonical/sitemap parity; source and safety review; Phase 5 cross-family regression check.
https://echobuddha.com/quotes/meditation/few-quiet-minutes/,QUOTE_REFLECTION,indexable,Medium,NO_CRITICAL_ISSUE,This page exists to serve reflective within Quotes through original quote/reflection format and page-specific narrative; generated stories require Phase 3 index review. Information gain: Original quote/reflection format and page-specific narrative; generated stories require Phase 3 index review.,"Verified authorship, accountability, source-policy, review-process, correction-flow, and attribution-governance strengthening only.","No owner/index/canonical/URL/sitemap change; no fabricated person, credential, authority, source, experience, or review; no removal of Phase 5 family differentiation.",Build; ownership/index/canonical/sitemap parity; source and safety review; Phase 5 cross-family regression check.
https://echobuddha.com/quotes/meditation/follow-the-breath-lightly-as-you-would-listen-to/,QUOTE_REFLECTION,"noindex, follow",Medium,NO_CRITICAL_ISSUE,This page exists to serve reflective within Quotes through original quote/reflection format and page-specific narrative; generated stories require Phase 3 index review. Information gain: Original quote/reflection format and page-specific narrative; generated stories require Phase 3 index review.,"Verified authorship, accountability, source-policy, review-process, correction-flow, and attribution-governance strengthening only.","No owner/index/canonical/URL/sitemap change; no fabricated person, credential, authority, source, experience, or review; no removal of Phase 5 family differentiation.",Build; ownership/index/canonical/sitemap parity; source and safety review; Phase 5 cross-family regression check.
https://echobuddha.com/quotes/meditation/,CATEGORY,indexable,Medium,NO_CRITICAL_ISSUE,"This page exists to serve navigational within Quotes through orientation, selection, and meaningful navigation across the Quotes cluster. Information gain: Orientation, selection, and meaningful navigation across the Quotes cluster.","Verified authorship, accountability, source-policy, review-process, correction-flow, and attribution-governance strengthening only.","No owner/index/canonical/URL/sitemap change; no fabricated person, credential, authority, source, experience, or review; no removal of Phase 5 family differentiation.",Build; ownership/index/canonical/sitemap parity; source and safety review; Phase 5 cross-family regression check.
https://echobuddha.com/quotes/meditation/meditation-is-not-leaving-life-it-is-learning-how/,QUOTE_REFLECTION,"noindex, follow",Medium,NO_CRITICAL_ISSUE,This page exists to serve reflective within Quotes through original quote/reflection format and page-specific narrative; generated stories require Phase 3 index review. Information gain: Original quote/reflection format and page-specific narrative; generated stories require Phase 3 index review.,"Verified authorship, accountability, source-policy, review-process, correction-flow, and attribution-governance strengthening only.","No owner/index/canonical/URL/sitemap change; no fabricated person, credential, authority, source, experience, or review; no removal of Phase 5 family differentiation.",Build; ownership/index/canonical/sitemap parity; source and safety review; Phase 5 cross-family regression check.
https://echobuddha.com/quotes/meditation/meditation-is-returning/,QUOTE_REFLECTION,indexable,Medium,NO_CRITICAL_ISSUE,This page exists to serve reflective within Quotes through original quote/reflection format and page-specific narrative; generated stories require Phase 3 index review. Information gain: Original quote/reflection format and page-specific narrative; generated stories require Phase 3 index review.,"Verified authorship, accountability, source-policy, review-process, correction-flow, and attribution-governance strengthening only.","No owner/index/canonical/URL/sitemap change; no fabricated person, credential, authority, source, experience, or review; no removal of Phase 5 family differentiation.",Build; ownership/index/canonical/sitemap parity; source and safety review; Phase 5 cross-family regression check.
https://echobuddha.com/quotes/meditation/one-honest-breath/,QUOTE_REFLECTION,indexable,Medium,NO_CRITICAL_ISSUE,This page exists to serve reflective within Quotes through original quote/reflection format and page-specific narrative; generated stories require Phase 3 index review. Information gain: Original quote/reflection format and page-specific narrative; generated stories require Phase 3 index review.,"Verified authorship, accountability, source-policy, review-process, correction-flow, and attribution-governance strengthening only.","No owner/index/canonical/URL/sitemap change; no fabricated person, credential, authority, source, experience, or review; no removal of Phase 5 family differentiation.",Build; ownership/index/canonical/sitemap parity; source and safety review; Phase 5 cross-family regression check.
https://echobuddha.com/quotes/meditation/silence-is-not-empty-when-the-heart-is-listening/,QUOTE_REFLECTION,"noindex, follow",Medium,NO_CRITICAL_ISSUE,This page exists to serve reflective within Quotes through original quote/reflection format and page-specific narrative; generated stories require Phase 3 index review. Information gain: Original quote/reflection format and page-specific narrative; generated stories require Phase 3 index review.,"Verified authorship, accountability, source-policy, review-process, correction-flow, and attribution-governance strengthening only.","No owner/index/canonical/URL/sitemap change; no fabricated person, credential, authority, source, experience, or review; no removal of Phase 5 family differentiation.",Build; ownership/index/canonical/sitemap parity; source and safety review; Phase 5 cross-family regression check.
https://echobuddha.com/quotes/meditation/sit-with-the-day-as-it-is-before-asking/,PREEXISTING_NOINDEX_OR_ERROR_ROLE,"noindex, follow",NOT_CRITICAL,NO_CRITICAL_ISSUE,"Preserved utility/error/noindex route outside Phase 1 indexable population. Information gain: Utility, recurring, or protected noindex function.","Verified authorship, accountability, source-policy, review-process, correction-flow, and attribution-governance strengthening only.","No owner/index/canonical/URL/sitemap change; no fabricated person, credential, authority, source, experience, or review; no removal of Phase 5 family differentiation.",Build; ownership/index/canonical/sitemap parity; source and safety review; Phase 5 cross-family regression check.
https://echobuddha.com/quotes/meditation/sit-without-demanding-silence-and-the-mind-will-teach/,QUOTE_REFLECTION,"noindex, follow",Medium,NO_CRITICAL_ISSUE,This page exists to serve reflective within Quotes through original quote/reflection format and page-specific narrative; generated stories require Phase 3 index review. Information gain: Original quote/reflection format and page-specific narrative; generated stories require Phase 3 index review.,"Verified authorship, accountability, source-policy, review-process, correction-flow, and attribution-governance strengthening only.","No owner/index/canonical/URL/sitemap change; no fabricated person, credential, authority, source, experience, or review; no removal of Phase 5 family differentiation.",Build; ownership/index/canonical/sitemap parity; source and safety review; Phase 5 cross-family regression check.
https://echobuddha.com/quotes/meditation/the-bell-fades-but-careful-listening-can-continue/,PREEXISTING_NOINDEX_OR_ERROR_ROLE,"noindex, follow",NOT_CRITICAL,NO_CRITICAL_ISSUE,"Preserved utility/error/noindex route outside Phase 1 indexable population. Information gain: Utility, recurring, or protected noindex function.","Verified authorship, accountability, source-policy, review-process, correction-flow, and attribution-governance strengthening only.","No owner/index/canonical/URL/sitemap change; no fabricated person, credential, authority, source, experience, or review; no removal of Phase 5 family differentiation.",Build; ownership/index/canonical/sitemap parity; source and safety review; Phase 5 cross-family regression check.
https://echobuddha.com/quotes/meditation/the-cushion-is-a-place-to-practice-returning-not/,QUOTE_REFLECTION,"noindex, follow",Medium,NO_CRITICAL_ISSUE,This page exists to serve reflective within Quotes through original quote/reflection format and page-specific narrative; generated stories require Phase 3 index review. Information gain: Original quote/reflection format and page-specific narrative; generated stories require Phase 3 index review.,"Verified authorship, accountability, source-policy, review-process, correction-flow, and attribution-governance strengthening only.","No owner/index/canonical/URL/sitemap change; no fabricated person, credential, authority, source, experience, or review; no removal of Phase 5 family differentiation.",Build; ownership/index/canonical/sitemap parity; source and safety review; Phase 5 cross-family regression check.
https://echobuddha.com/quotes/meditation/when-stillness-feels-impossible-begin-by-noticing-the-restlessness/,PREEXISTING_NOINDEX_OR_ERROR_ROLE,"noindex, follow",NOT_CRITICAL,NO_CRITICAL_ISSUE,"Preserved utility/error/noindex route outside Phase 1 indexable population. Information gain: Utility, recurring, or protected noindex function.","Verified authorship, accountability, source-policy, review-process, correction-flow, and attribution-governance strengthening only.","No owner/index/canonical/URL/sitemap change; no fabricated person, credential, authority, source, experience, or review; no removal of Phase 5 family differentiation.",Build; ownership/index/canonical/sitemap parity; source and safety review; Phase 5 cross-family regression check.
https://echobuddha.com/quotes/mindfulness/a-peaceful-mind-begins-with-one-honest-breath/,QUOTE_REFLECTION,"noindex, follow",Medium,NO_CRITICAL_ISSUE,This page exists to serve reflective within Quotes through original quote/reflection format and page-specific narrative; generated stories require Phase 3 index review. Information gain: Original quote/reflection format and page-specific narrative; generated stories require Phase 3 index review.,"Verified authorship, accountability, source-policy, review-process, correction-flow, and attribution-governance strengthening only.","No owner/index/canonical/URL/sitemap change; no fabricated person, credential, authority, source, experience, or review; no removal of Phase 5 family differentiation.",Build; ownership/index/canonical/sitemap parity; source and safety review; Phase 5 cross-family regression check.
https://echobuddha.com/quotes/mindfulness/a-wandering-mind-is-not-a-failed-mind-it/,PREEXISTING_NOINDEX_OR_ERROR_ROLE,"noindex, follow",NOT_CRITICAL,NO_CRITICAL_ISSUE,"Preserved utility/error/noindex route outside Phase 1 indexable population. Information gain: Utility, recurring, or protected noindex function.","Verified authorship, accountability, source-policy, review-process, correction-flow, and attribution-governance strengthening only.","No owner/index/canonical/URL/sitemap change; no fabricated person, credential, authority, source, experience, or review; no removal of Phase 5 family differentiation.",Build; ownership/index/canonical/sitemap parity; source and safety review; Phase 5 cross-family regression check.
https://echobuddha.com/quotes/mindfulness/awareness-begins-when-hurry-loosens-its-hold/,PREEXISTING_NOINDEX_OR_ERROR_ROLE,"noindex, follow",NOT_CRITICAL,NO_CRITICAL_ISSUE,"Preserved utility/error/noindex route outside Phase 1 indexable population. Information gain: Utility, recurring, or protected noindex function.","Verified authorship, accountability, source-policy, review-process, correction-flow, and attribution-governance strengthening only.","No owner/index/canonical/URL/sitemap change; no fabricated person, credential, authority, source, experience, or review; no removal of Phase 5 family differentiation.",Build; ownership/index/canonical/sitemap parity; source and safety review; Phase 5 cross-family regression check.
https://echobuddha.com/quotes/mindfulness/begin-the-day-with-awareness/,QUOTE_REFLECTION,indexable,Medium,NO_CRITICAL_ISSUE,This page exists to serve reflective within Quotes through original quote/reflection format and page-specific narrative; generated stories require Phase 3 index review. Information gain: Original quote/reflection format and page-specific narrative; generated stories require Phase 3 index review.,"Verified authorship, accountability, source-policy, review-process, correction-flow, and attribution-governance strengthening only.","No owner/index/canonical/URL/sitemap change; no fabricated person, credential, authority, source, experience, or review; no removal of Phase 5 family differentiation.",Build; ownership/index/canonical/sitemap parity; source and safety review; Phase 5 cross-family regression check.
https://echobuddha.com/quotes/mindfulness/give-one-ordinary-task-the-dignity-of-your-full/,PREEXISTING_NOINDEX_OR_ERROR_ROLE,"noindex, follow",NOT_CRITICAL,NO_CRITICAL_ISSUE,"Preserved utility/error/noindex route outside Phase 1 indexable population. Information gain: Utility, recurring, or protected noindex function.","Verified authorship, accountability, source-policy, review-process, correction-flow, and attribution-governance strengthening only.","No owner/index/canonical/URL/sitemap change; no fabricated person, credential, authority, source, experience, or review; no removal of Phase 5 family differentiation.",Build; ownership/index/canonical/sitemap parity; source and safety review; Phase 5 cross-family regression check.
https://echobuddha.com/quotes/mindfulness/gratitude-notices-enough/,QUOTE_REFLECTION,indexable,Medium,NO_CRITICAL_ISSUE,This page exists to serve reflective within Quotes through original quote/reflection format and page-specific narrative; generated stories require Phase 3 index review. Information gain: Original quote/reflection format and page-specific narrative; generated stories require Phase 3 index review.,"Verified authorship, accountability, source-policy, review-process, correction-flow, and attribution-governance strengthening only.","No owner/index/canonical/URL/sitemap change; no fabricated person, credential, authority, source, experience, or review; no removal of Phase 5 family differentiation.",Build; ownership/index/canonical/sitemap parity; source and safety review; Phase 5 cross-family regression check.
https://echobuddha.com/quotes/mindfulness/ground-yourself-gently/,QUOTE_REFLECTION,indexable,Medium,NO_CRITICAL_ISSUE,This page exists to serve reflective within Quotes through original quote/reflection format and page-specific narrative; generated stories require Phase 3 index review. Information gain: Original quote/reflection format and page-specific narrative; generated stories require Phase 3 index review.,"Verified authorship, accountability, source-policy, review-process, correction-flow, and attribution-governance strengthening only.","No owner/index/canonical/URL/sitemap change; no fabricated person, credential, authority, source, experience, or review; no removal of Phase 5 family differentiation.",Build; ownership/index/canonical/sitemap parity; source and safety review; Phase 5 cross-family regression check.
https://echobuddha.com/quotes/mindfulness/,CATEGORY,indexable,Medium,NO_CRITICAL_ISSUE,"This page exists to serve navigational within Quotes through orientation, selection, and meaningful navigation across the Quotes cluster. Information gain: Orientation, selection, and meaningful navigation across the Quotes cluster.","Verified authorship, accountability, source-policy, review-process, correction-flow, and attribution-governance strengthening only.","No owner/index/canonical/URL/sitemap change; no fabricated person, credential, authority, source, experience, or review; no removal of Phase 5 family differentiation.",Build; ownership/index/canonical/sitemap parity; source and safety review; Phase 5 cross-family regression check.
https://echobuddha.com/quotes/mindfulness/listen-before-answering/,QUOTE_REFLECTION,indexable,Medium,NO_CRITICAL_ISSUE,This page exists to serve reflective within Quotes through original quote/reflection format and page-specific narrative; generated stories require Phase 3 index review. Information gain: Original quote/reflection format and page-specific narrative; generated stories require Phase 3 index review.,"Verified authorship, accountability, source-policy, review-process, correction-flow, and attribution-governance strengthening only.","No owner/index/canonical/URL/sitemap change; no fabricated person, credential, authority, source, experience, or review; no removal of Phase 5 family differentiation.",Build; ownership/index/canonical/sitemap parity; source and safety review; Phase 5 cross-family regression check.
https://echobuddha.com/quotes/mindfulness/listen-to-the-moment-before-filling-it-with-your/,PREEXISTING_NOINDEX_OR_ERROR_ROLE,"noindex, follow",NOT_CRITICAL,NO_CRITICAL_ISSUE,"Preserved utility/error/noindex route outside Phase 1 indexable population. Information gain: Utility, recurring, or protected noindex function.","Verified authorship, accountability, source-policy, review-process, correction-flow, and attribution-governance strengthening only.","No owner/index/canonical/URL/sitemap change; no fabricated person, credential, authority, source, experience, or review; no removal of Phase 5 family differentiation.",Build; ownership/index/canonical/sitemap parity; source and safety review; Phase 5 cross-family regression check.
https://echobuddha.com/quotes/mindfulness/notice-what-is-here-before-deciding-what-it-means/,QUOTE_REFLECTION,"noindex, follow",Medium,NO_CRITICAL_ISSUE,This page exists to serve reflective within Quotes through original quote/reflection format and page-specific narrative; generated stories require Phase 3 index review. Information gain: Original quote/reflection format and page-specific narrative; generated stories require Phase 3 index review.,"Verified authorship, accountability, source-policy, review-process, correction-flow, and attribution-governance strengthening only.","No owner/index/canonical/URL/sitemap change; no fabricated person, credential, authority, source, experience, or review; no removal of Phase 5 family differentiation.",Build; ownership/index/canonical/sitemap parity; source and safety review; Phase 5 cross-family regression check.
https://echobuddha.com/quotes/mindfulness/one-mindful-pause-can-change-the-direction-of-an/,QUOTE_REFLECTION,"noindex, follow",Medium,NO_CRITICAL_ISSUE,This page exists to serve reflective within Quotes through original quote/reflection format and page-specific narrative; generated stories require Phase 3 index review. Information gain: Original quote/reflection format and page-specific narrative; generated stories require Phase 3 index review.,"Verified authorship, accountability, source-policy, review-process, correction-flow, and attribution-governance strengthening only.","No owner/index/canonical/URL/sitemap change; no fabricated person, credential, authority, source, experience, or review; no removal of Phase 5 family differentiation.",Build; ownership/index/canonical/sitemap parity; source and safety review; Phase 5 cross-family regression check.
https://echobuddha.com/quotes/mindfulness/peace-begins-with-attention/,QUOTE_REFLECTION,indexable,Medium,NO_CRITICAL_ISSUE,This page exists to serve reflective within Quotes through original quote/reflection format and page-specific narrative; generated stories require Phase 3 index review. Information gain: Original quote/reflection format and page-specific narrative; generated stories require Phase 3 index review.,"Verified authorship, accountability, source-policy, review-process, correction-flow, and attribution-governance strengthening only.","No owner/index/canonical/URL/sitemap change; no fabricated person, credential, authority, source, experience, or review; no removal of Phase 5 family differentiation.",Build; ownership/index/canonical/sitemap parity; source and safety review; Phase 5 cross-family regression check.
https://echobuddha.com/quotes/mindfulness/peace-grows-when-attention-stops-running-ahead-of-the/,QUOTE_REFLECTION,"noindex, follow",Medium,NO_CRITICAL_ISSUE,This page exists to serve reflective within Quotes through original quote/reflection format and page-specific narrative; generated stories require Phase 3 index review. Information gain: Original quote/reflection format and page-specific narrative; generated stories require Phase 3 index review.,"Verified authorship, accountability, source-policy, review-process, correction-flow, and attribution-governance strengthening only.","No owner/index/canonical/URL/sitemap change; no fabricated person, credential, authority, source, experience, or review; no removal of Phase 5 family differentiation.",Build; ownership/index/canonical/sitemap parity; source and safety review; Phase 5 cross-family regression check.
https://echobuddha.com/quotes/mindfulness/present-moment-one-step/,QUOTE_REFLECTION,indexable,Medium,NO_CRITICAL_ISSUE,This page exists to serve reflective within Quotes through original quote/reflection format and page-specific narrative; generated stories require Phase 3 index review. Information gain: Original quote/reflection format and page-specific narrative; generated stories require Phase 3 index review.,"Verified authorship, accountability, source-policy, review-process, correction-flow, and attribution-governance strengthening only.","No owner/index/canonical/URL/sitemap change; no fabricated person, credential, authority, source, experience, or review; no removal of Phase 5 family differentiation.",Build; ownership/index/canonical/sitemap parity; source and safety review; Phase 5 cross-family regression check.
https://echobuddha.com/quotes/mindfulness/return-to-the-breath-before-you-return-to-the/,QUOTE_REFLECTION,"noindex, follow",Medium,NO_CRITICAL_ISSUE,This page exists to serve reflective within Quotes through original quote/reflection format and page-specific narrative; generated stories require Phase 3 index review. Information gain: Original quote/reflection format and page-specific narrative; generated stories require Phase 3 index review.,"Verified authorship, accountability, source-policy, review-process, correction-flow, and attribution-governance strengthening only.","No owner/index/canonical/URL/sitemap change; no fabricated person, credential, authority, source, experience, or review; no removal of Phase 5 family differentiation.",Build; ownership/index/canonical/sitemap parity; source and safety review; Phase 5 cross-family regression check.
https://echobuddha.com/quotes/mindfulness/the-more-clearly-you-notice-life-the-less-carelessly/,PREEXISTING_NOINDEX_OR_ERROR_ROLE,"noindex, follow",NOT_CRITICAL,NO_CRITICAL_ISSUE,"Preserved utility/error/noindex route outside Phase 1 indexable population. Information gain: Utility, recurring, or protected noindex function.","Verified authorship, accountability, source-policy, review-process, correction-flow, and attribution-governance strengthening only.","No owner/index/canonical/URL/sitemap change; no fabricated person, credential, authority, source, experience, or review; no removal of Phase 5 family differentiation.",Build; ownership/index/canonical/sitemap parity; source and safety review; Phase 5 cross-family regression check.
https://echobuddha.com/quotes/mindfulness/the-present-moment-asks-for-your-attention-not-your/,QUOTE_REFLECTION,"noindex, follow",Medium,NO_CRITICAL_ISSUE,This page exists to serve reflective within Quotes through original quote/reflection format and page-specific narrative; generated stories require Phase 3 index review. Information gain: Original quote/reflection format and page-specific narrative; generated stories require Phase 3 index review.,"Verified authorship, accountability, source-policy, review-process, correction-flow, and attribution-governance strengthening only.","No owner/index/canonical/URL/sitemap change; no fabricated person, credential, authority, source, experience, or review; no removal of Phase 5 family differentiation.",Build; ownership/index/canonical/sitemap parity; source and safety review; Phase 5 cross-family regression check.
https://echobuddha.com/quotes/patience/a-difficult-moment-becomes-heavier-when-we-demand-that/,PREEXISTING_NOINDEX_OR_ERROR_ROLE,"noindex, follow",NOT_CRITICAL,NO_CRITICAL_ISSUE,"Preserved utility/error/noindex route outside Phase 1 indexable population. Information gain: Utility, recurring, or protected noindex function.","Verified authorship, accountability, source-policy, review-process, correction-flow, and attribution-governance strengthening only.","No owner/index/canonical/URL/sitemap change; no fabricated person, credential, authority, source, experience, or review; no removal of Phase 5 family differentiation.",Build; ownership/index/canonical/sitemap parity; source and safety review; Phase 5 cross-family regression check.
https://echobuddha.com/quotes/patience/be-patient-with-the-part-of-you-that-is/,QUOTE_REFLECTION,"noindex, follow",Medium,NO_CRITICAL_ISSUE,This page exists to serve reflective within Quotes through original quote/reflection format and page-specific narrative; generated stories require Phase 3 index review. Information gain: Original quote/reflection format and page-specific narrative; generated stories require Phase 3 index review.,"Verified authorship, accountability, source-policy, review-process, correction-flow, and attribution-governance strengthening only.","No owner/index/canonical/URL/sitemap change; no fabricated person, credential, authority, source, experience, or review; no removal of Phase 5 family differentiation.",Build; ownership/index/canonical/sitemap parity; source and safety review; Phase 5 cross-family regression check.
https://echobuddha.com/quotes/patience/family-kindness-and-patience/,QUOTE_REFLECTION,indexable,Medium,NO_CRITICAL_ISSUE,This page exists to serve reflective within Quotes through original quote/reflection format and page-specific narrative; generated stories require Phase 3 index review. Information gain: Original quote/reflection format and page-specific narrative; generated stories require Phase 3 index review.,"Verified authorship, accountability, source-policy, review-process, correction-flow, and attribution-governance strengthening only.","No owner/index/canonical/URL/sitemap change; no fabricated person, credential, authority, source, experience, or review; no removal of Phase 5 family differentiation.",Build; ownership/index/canonical/sitemap parity; source and safety review; Phase 5 cross-family regression check.
https://echobuddha.com/quotes/patience/growth-is-quiet-work-often-invisible-until-the-season/,QUOTE_REFLECTION,"noindex, follow",Medium,NO_CRITICAL_ISSUE,This page exists to serve reflective within Quotes through original quote/reflection format and page-specific narrative; generated stories require Phase 3 index review. Information gain: Original quote/reflection format and page-specific narrative; generated stories require Phase 3 index review.,"Verified authorship, accountability, source-policy, review-process, correction-flow, and attribution-governance strengthening only.","No owner/index/canonical/URL/sitemap change; no fabricated person, credential, authority, source, experience, or review; no removal of Phase 5 family differentiation.",Build; ownership/index/canonical/sitemap parity; source and safety review; Phase 5 cross-family regression check.
https://echobuddha.com/quotes/patience/,CATEGORY,indexable,Medium,NO_CRITICAL_ISSUE,"This page exists to serve navigational within Quotes through orientation, selection, and meaningful navigation across the Quotes cluster. Information gain: Orientation, selection, and meaningful navigation across the Quotes cluster.","Verified authorship, accountability, source-policy, review-process, correction-flow, and attribution-governance strengthening only.","No owner/index/canonical/URL/sitemap change; no fabricated person, credential, authority, source, experience, or review; no removal of Phase 5 family differentiation.",Build; ownership/index/canonical/sitemap parity; source and safety review; Phase 5 cross-family regression check.
https://echobuddha.com/quotes/patience/not-every-delay-is-an-obstacle-some-are-invitations/,QUOTE_REFLECTION,"noindex, follow",Medium,NO_CRITICAL_ISSUE,This page exists to serve reflective within Quotes through original quote/reflection format and page-specific narrative; generated stories require Phase 3 index review. Information gain: Original quote/reflection format and page-specific narrative; generated stories require Phase 3 index review.,"Verified authorship, accountability, source-policy, review-process, correction-flow, and attribution-governance strengthening only.","No owner/index/canonical/URL/sitemap change; no fabricated person, credential, authority, source, experience, or review; no removal of Phase 5 family differentiation.",Build; ownership/index/canonical/sitemap parity; source and safety review; Phase 5 cross-family regression check.
https://echobuddha.com/quotes/patience/patience-is-the-strength-to-remain-present-while-life/,QUOTE_REFLECTION,"noindex, follow",Medium,NO_CRITICAL_ISSUE,This page exists to serve reflective within Quotes through original quote/reflection format and page-specific narrative; generated stories require Phase 3 index review. Information gain: Original quote/reflection format and page-specific narrative; generated stories require Phase 3 index review.,"Verified authorship, accountability, source-policy, review-process, correction-flow, and attribution-governance strengthening only.","No owner/index/canonical/URL/sitemap change; no fabricated person, credential, authority, source, experience, or review; no removal of Phase 5 family differentiation.",Build; ownership/index/canonical/sitemap parity; source and safety review; Phase 5 cross-family regression check.
https://echobuddha.com/quotes/patience/patience-makes-room-for-truth-to-arrive-without-force/,PREEXISTING_NOINDEX_OR_ERROR_ROLE,"noindex, follow",NOT_CRITICAL,NO_CRITICAL_ISSUE,"Preserved utility/error/noindex route outside Phase 1 indexable population. Information gain: Utility, recurring, or protected noindex function.","Verified authorship, accountability, source-policy, review-process, correction-flow, and attribution-governance strengthening only.","No owner/index/canonical/URL/sitemap change; no fabricated person, credential, authority, source, experience, or review; no removal of Phase 5 family differentiation.",Build; ownership/index/canonical/sitemap parity; source and safety review; Phase 5 cross-family regression check.
https://echobuddha.com/quotes/patience/patience-softens-the-wait/,QUOTE_REFLECTION,indexable,Medium,NO_CRITICAL_ISSUE,This page exists to serve reflective within Quotes through original quote/reflection format and page-specific narrative; generated stories require Phase 3 index review. Information gain: Original quote/reflection format and page-specific narrative; generated stories require Phase 3 index review.,"Verified authorship, accountability, source-policy, review-process, correction-flow, and attribution-governance strengthening only.","No owner/index/canonical/URL/sitemap change; no fabricated person, credential, authority, source, experience, or review; no removal of Phase 5 family differentiation.",Build; ownership/index/canonical/sitemap parity; source and safety review; Phase 5 cross-family regression check.
https://echobuddha.com/quotes/patience/some-answers-become-clear-only-after-the-mind-stops/,PREEXISTING_NOINDEX_OR_ERROR_ROLE,"noindex, follow",NOT_CRITICAL,NO_CRITICAL_ISSUE,"Preserved utility/error/noindex route outside Phase 1 indexable population. Information gain: Utility, recurring, or protected noindex function.","Verified authorship, accountability, source-policy, review-process, correction-flow, and attribution-governance strengthening only.","No owner/index/canonical/URL/sitemap change; no fabricated person, credential, authority, source, experience, or review; no removal of Phase 5 family differentiation.",Build; ownership/index/canonical/sitemap parity; source and safety review; Phase 5 cross-family regression check.
https://echobuddha.com/quotes/patience/stay-gentle-with-beginnings-they-are-carrying-more-than/,PREEXISTING_NOINDEX_OR_ERROR_ROLE,"noindex, follow",NOT_CRITICAL,NO_CRITICAL_ISSUE,"Preserved utility/error/noindex route outside Phase 1 indexable population. Information gain: Utility, recurring, or protected noindex function.","Verified authorship, accountability, source-policy, review-process, correction-flow, and attribution-governance strengthening only.","No owner/index/canonical/URL/sitemap change; no fabricated person, credential, authority, source, experience, or review; no removal of Phase 5 family differentiation.",Build; ownership/index/canonical/sitemap parity; source and safety review; Phase 5 cross-family regression check.
https://echobuddha.com/quotes/patience/the-path-unfolds-at-the-pace-of-sincere-practice/,PREEXISTING_NOINDEX_OR_ERROR_ROLE,"noindex, follow",NOT_CRITICAL,NO_CRITICAL_ISSUE,"Preserved utility/error/noindex route outside Phase 1 indexable population. Information gain: Utility, recurring, or protected noindex function.","Verified authorship, accountability, source-policy, review-process, correction-flow, and attribution-governance strengthening only.","No owner/index/canonical/URL/sitemap change; no fabricated person, credential, authority, source, experience, or review; no removal of Phase 5 family differentiation.",Build; ownership/index/canonical/sitemap parity; source and safety review; Phase 5 cross-family regression check.
https://echobuddha.com/quotes/patience/wait-long-enough-for-the-first-reaction-to-become/,QUOTE_REFLECTION,"noindex, follow",Medium,NO_CRITICAL_ISSUE,This page exists to serve reflective within Quotes through original quote/reflection format and page-specific narrative; generated stories require Phase 3 index review. Information gain: Original quote/reflection format and page-specific narrative; generated stories require Phase 3 index review.,"Verified authorship, accountability, source-policy, review-process, correction-flow, and attribution-governance strengthening only.","No owner/index/canonical/URL/sitemap change; no fabricated person, credential, authority, source, experience, or review; no removal of Phase 5 family differentiation.",Build; ownership/index/canonical/sitemap parity; source and safety review; Phase 5 cross-family regression check.
https://echobuddha.com/quotes/patience/when-anger-rises-pause-long-enough-to-see-the/,QUOTE_REFLECTION,"noindex, follow",Medium,NO_CRITICAL_ISSUE,This page exists to serve reflective within Quotes through original quote/reflection format and page-specific narrative; generated stories require Phase 3 index review. Information gain: Original quote/reflection format and page-specific narrative; generated stories require Phase 3 index review.,"Verified authorship, accountability, source-policy, review-process, correction-flow, and attribution-governance strengthening only.","No owner/index/canonical/URL/sitemap change; no fabricated person, credential, authority, source, experience, or review; no removal of Phase 5 family differentiation.",Build; ownership/index/canonical/sitemap parity; source and safety review; Phase 5 cross-family regression check.
https://echobuddha.com/quotes/practice/a-peaceful-life-is-built-from-peaceful-moments-practiced/,PREEXISTING_NOINDEX_OR_ERROR_ROLE,"noindex, follow",NOT_CRITICAL,NO_CRITICAL_ISSUE,"Preserved utility/error/noindex route outside Phase 1 indexable population. Information gain: Utility, recurring, or protected noindex function.","Verified authorship, accountability, source-policy, review-process, correction-flow, and attribution-governance strengthening only.","No owner/index/canonical/URL/sitemap change; no fabricated person, credential, authority, source, experience, or review; no removal of Phase 5 family differentiation.",Build; ownership/index/canonical/sitemap parity; source and safety review; Phase 5 cross-family regression check.
https://echobuddha.com/quotes/practice/begin-with-what-is-possible-then-return-tomorrow/,PREEXISTING_NOINDEX_OR_ERROR_ROLE,"noindex, follow",NOT_CRITICAL,NO_CRITICAL_ISSUE,"Preserved utility/error/noindex route outside Phase 1 indexable population. Information gain: Utility, recurring, or protected noindex function.","Verified authorship, accountability, source-policy, review-process, correction-flow, and attribution-governance strengthening only.","No owner/index/canonical/URL/sitemap change; no fabricated person, credential, authority, source, experience, or review; no removal of Phase 5 family differentiation.",Build; ownership/index/canonical/sitemap parity; source and safety review; Phase 5 cross-family regression check.
https://echobuddha.com/quotes/practice/bring-the-teaching-into-the-place-where-you-are/,PREEXISTING_NOINDEX_OR_ERROR_ROLE,"noindex, follow",NOT_CRITICAL,NO_CRITICAL_ISSUE,"Preserved utility/error/noindex route outside Phase 1 indexable population. Information gain: Utility, recurring, or protected noindex function.","Verified authorship, accountability, source-policy, review-process, correction-flow, and attribution-governance strengthening only.","No owner/index/canonical/URL/sitemap change; no fabricated person, credential, authority, source, experience, or review; no removal of Phase 5 family differentiation.",Build; ownership/index/canonical/sitemap parity; source and safety review; Phase 5 cross-family regression check.
https://echobuddha.com/quotes/practice/daily-practice-turns-understanding-from-an-idea-into-a/,PREEXISTING_NOINDEX_OR_ERROR_ROLE,"noindex, follow",NOT_CRITICAL,NO_CRITICAL_ISSUE,"Preserved utility/error/noindex route outside Phase 1 indexable population. Information gain: Utility, recurring, or protected noindex function.","Verified authorship, accountability, source-policy, review-process, correction-flow, and attribution-governance strengthening only.","No owner/index/canonical/URL/sitemap change; no fabricated person, credential, authority, source, experience, or review; no removal of Phase 5 family differentiation.",Build; ownership/index/canonical/sitemap parity; source and safety review; Phase 5 cross-family regression check.
https://echobuddha.com/quotes/practice/do-not-wait-to-feel-ready-before-choosing-what/,QUOTE_REFLECTION,"noindex, follow",Medium,NO_CRITICAL_ISSUE,This page exists to serve reflective within Quotes through original quote/reflection format and page-specific narrative; generated stories require Phase 3 index review. Information gain: Original quote/reflection format and page-specific narrative; generated stories require Phase 3 index review.,"Verified authorship, accountability, source-policy, review-process, correction-flow, and attribution-governance strengthening only.","No owner/index/canonical/URL/sitemap change; no fabricated person, credential, authority, source, experience, or review; no removal of Phase 5 family differentiation.",Build; ownership/index/canonical/sitemap parity; source and safety review; Phase 5 cross-family regression check.
https://echobuddha.com/quotes/practice/eightfold-path-daily-choices/,QUOTE_REFLECTION,indexable,Medium,NO_CRITICAL_ISSUE,This page exists to serve reflective within Quotes through original quote/reflection format and page-specific narrative; generated stories require Phase 3 index review. Information gain: Original quote/reflection format and page-specific narrative; generated stories require Phase 3 index review.,"Verified authorship, accountability, source-policy, review-process, correction-flow, and attribution-governance strengthening only.","No owner/index/canonical/URL/sitemap change; no fabricated person, credential, authority, source, experience, or review; no removal of Phase 5 family differentiation.",Build; ownership/index/canonical/sitemap parity; source and safety review; Phase 5 cross-family regression check.
https://echobuddha.com/quotes/practice/,CATEGORY,indexable,Medium,NO_CRITICAL_ISSUE,"This page exists to serve navigational within Quotes through orientation, selection, and meaningful navigation across the Quotes cluster. Information gain: Orientation, selection, and meaningful navigation across the Quotes cluster.","Verified authorship, accountability, source-policy, review-process, correction-flow, and attribution-governance strengthening only.","No owner/index/canonical/URL/sitemap change; no fabricated person, credential, authority, source, experience, or review; no removal of Phase 5 family differentiation.",Build; ownership/index/canonical/sitemap parity; source and safety review; Phase 5 cross-family regression check.
https://echobuddha.com/quotes/practice/mindfulness-at-work-breath/,QUOTE_REFLECTION,indexable,Medium,NO_CRITICAL_ISSUE,This page exists to serve reflective within Quotes through original quote/reflection format and page-specific narrative; generated stories require Phase 3 index review. Information gain: Original quote/reflection format and page-specific narrative; generated stories require Phase 3 index review.,"Verified authorship, accountability, source-policy, review-process, correction-flow, and attribution-governance strengthening only.","No owner/index/canonical/URL/sitemap change; no fabricated person, credential, authority, source, experience, or review; no removal of Phase 5 family differentiation.",Build; ownership/index/canonical/sitemap parity; source and safety review; Phase 5 cross-family regression check.
https://echobuddha.com/quotes/practice/practice-becomes-real-when-it-enters-your-speech-and/,QUOTE_REFLECTION,"noindex, follow",Medium,NO_CRITICAL_ISSUE,This page exists to serve reflective within Quotes through original quote/reflection format and page-specific narrative; generated stories require Phase 3 index review. Information gain: Original quote/reflection format and page-specific narrative; generated stories require Phase 3 index review.,"Verified authorship, accountability, source-policy, review-process, correction-flow, and attribution-governance strengthening only.","No owner/index/canonical/URL/sitemap change; no fabricated person, credential, authority, source, experience, or review; no removal of Phase 5 family differentiation.",Build; ownership/index/canonical/sitemap parity; source and safety review; Phase 5 cross-family regression check.
https://echobuddha.com/quotes/practice/right-intention-turns-the-heart/,QUOTE_REFLECTION,indexable,Medium,NO_CRITICAL_ISSUE,This page exists to serve reflective within Quotes through original quote/reflection format and page-specific narrative; generated stories require Phase 3 index review. Information gain: Original quote/reflection format and page-specific narrative; generated stories require Phase 3 index review.,"Verified authorship, accountability, source-policy, review-process, correction-flow, and attribution-governance strengthening only.","No owner/index/canonical/URL/sitemap change; no fabricated person, credential, authority, source, experience, or review; no removal of Phase 5 family differentiation.",Build; ownership/index/canonical/sitemap parity; source and safety review; Phase 5 cross-family regression check.
https://echobuddha.com/quotes/practice/small-actions-shape-the-mind/,QUOTE_REFLECTION,indexable,Medium,NO_CRITICAL_ISSUE,This page exists to serve reflective within Quotes through original quote/reflection format and page-specific narrative; generated stories require Phase 3 index review. Information gain: Original quote/reflection format and page-specific narrative; generated stories require Phase 3 index review.,"Verified authorship, accountability, source-policy, review-process, correction-flow, and attribution-governance strengthening only.","No owner/index/canonical/URL/sitemap change; no fabricated person, credential, authority, source, experience, or review; no removal of Phase 5 family differentiation.",Build; ownership/index/canonical/sitemap parity; source and safety review; Phase 5 cross-family regression check.
https://echobuddha.com/quotes/practice/the-path-is-not-far-away-it-is-the/,QUOTE_REFLECTION,"noindex, follow",Medium,NO_CRITICAL_ISSUE,This page exists to serve reflective within Quotes through original quote/reflection format and page-specific narrative; generated stories require Phase 3 index review. Information gain: Original quote/reflection format and page-specific narrative; generated stories require Phase 3 index review.,"Verified authorship, accountability, source-policy, review-process, correction-flow, and attribution-governance strengthening only.","No owner/index/canonical/URL/sitemap change; no fabricated person, credential, authority, source, experience, or review; no removal of Phase 5 family differentiation.",Build; ownership/index/canonical/sitemap parity; source and safety review; Phase 5 cross-family regression check.
https://echobuddha.com/quotes/practice/the-path-is-shaped-by-what-you-repeat-when/,PREEXISTING_NOINDEX_OR_ERROR_ROLE,"noindex, follow",NOT_CRITICAL,NO_CRITICAL_ISSUE,"Preserved utility/error/noindex route outside Phase 1 indexable population. Information gain: Utility, recurring, or protected noindex function.","Verified authorship, accountability, source-policy, review-process, correction-flow, and attribution-governance strengthening only.","No owner/index/canonical/URL/sitemap change; no fabricated person, credential, authority, source, experience, or review; no removal of Phase 5 family differentiation.",Build; ownership/index/canonical/sitemap parity; source and safety review; Phase 5 cross-family regression check.
https://echobuddha.com/quotes/practice/the-smallest-wholesome-action-is-larger-than-the-finest/,QUOTE_REFLECTION,"noindex, follow",Medium,NO_CRITICAL_ISSUE,This page exists to serve reflective within Quotes through original quote/reflection format and page-specific narrative; generated stories require Phase 3 index review. Information gain: Original quote/reflection format and page-specific narrative; generated stories require Phase 3 index review.,"Verified authorship, accountability, source-policy, review-process, correction-flow, and attribution-governance strengthening only.","No owner/index/canonical/URL/sitemap change; no fabricated person, credential, authority, source, experience, or review; no removal of Phase 5 family differentiation.",Build; ownership/index/canonical/sitemap parity; source and safety review; Phase 5 cross-family regression check.
https://echobuddha.com/quotes/practice/walk-slowly-enough-to-notice-where-your-life-is/,QUOTE_REFLECTION,"noindex, follow",Medium,NO_CRITICAL_ISSUE,This page exists to serve reflective within Quotes through original quote/reflection format and page-specific narrative; generated stories require Phase 3 index review. Information gain: Original quote/reflection format and page-specific narrative; generated stories require Phase 3 index review.,"Verified authorship, accountability, source-policy, review-process, correction-flow, and attribution-governance strengthening only.","No owner/index/canonical/URL/sitemap change; no fabricated person, credential, authority, source, experience, or review; no removal of Phase 5 family differentiation.",Build; ownership/index/canonical/sitemap parity; source and safety review; Phase 5 cross-family regression check.
https://echobuddha.com/quotes/practice/your-next-response-is-always-part-of-the-path/,QUOTE_REFLECTION,"noindex, follow",Medium,NO_CRITICAL_ISSUE,This page exists to serve reflective within Quotes through original quote/reflection format and page-specific narrative; generated stories require Phase 3 index review. Information gain: Original quote/reflection format and page-specific narrative; generated stories require Phase 3 index review.,"Verified authorship, accountability, source-policy, review-process, correction-flow, and attribution-governance strengthening only.","No owner/index/canonical/URL/sitemap change; no fabricated person, credential, authority, source, experience, or review; no removal of Phase 5 family differentiation.",Build; ownership/index/canonical/sitemap parity; source and safety review; Phase 5 cross-family regression check.
https://echobuddha.com/quotes/renewal/a-mistake-becomes-a-teacher-when-honesty-enters-the/,PREEXISTING_NOINDEX_OR_ERROR_ROLE,"noindex, follow",NOT_CRITICAL,NO_CRITICAL_ISSUE,"Preserved utility/error/noindex route outside Phase 1 indexable population. Information gain: Utility, recurring, or protected noindex function.","Verified authorship, accountability, source-policy, review-process, correction-flow, and attribution-governance strengthening only.","No owner/index/canonical/URL/sitemap change; no fabricated person, credential, authority, source, experience, or review; no removal of Phase 5 family differentiation.",Build; ownership/index/canonical/sitemap parity; source and safety review; Phase 5 cross-family regression check.
https://echobuddha.com/quotes/renewal/a-new-direction-can-start-with-one-different-choice/,QUOTE_REFLECTION,"noindex, follow",Medium,NO_CRITICAL_ISSUE,This page exists to serve reflective within Quotes through original quote/reflection format and page-specific narrative; generated stories require Phase 3 index review. Information gain: Original quote/reflection format and page-specific narrative; generated stories require Phase 3 index review.,"Verified authorship, accountability, source-policy, review-process, correction-flow, and attribution-governance strengthening only.","No owner/index/canonical/URL/sitemap change; no fabricated person, credential, authority, source, experience, or review; no removal of Phase 5 family differentiation.",Build; ownership/index/canonical/sitemap parity; source and safety review; Phase 5 cross-family regression check.
https://echobuddha.com/quotes/renewal/begin-again-gently-the-breath-is-always-willing/,QUOTE_REFLECTION,"noindex, follow",Medium,NO_CRITICAL_ISSUE,This page exists to serve reflective within Quotes through original quote/reflection format and page-specific narrative; generated stories require Phase 3 index review. Information gain: Original quote/reflection format and page-specific narrative; generated stories require Phase 3 index review.,"Verified authorship, accountability, source-policy, review-process, correction-flow, and attribution-governance strengthening only.","No owner/index/canonical/URL/sitemap change; no fabricated person, credential, authority, source, experience, or review; no removal of Phase 5 family differentiation.",Build; ownership/index/canonical/sitemap parity; source and safety review; Phase 5 cross-family regression check.
https://echobuddha.com/quotes/renewal/begin-again-without-shame/,QUOTE_REFLECTION,indexable,Medium,NO_CRITICAL_ISSUE,This page exists to serve reflective within Quotes through original quote/reflection format and page-specific narrative; generated stories require Phase 3 index review. Information gain: Original quote/reflection format and page-specific narrative; generated stories require Phase 3 index review.,"Verified authorship, accountability, source-policy, review-process, correction-flow, and attribution-governance strengthening only.","No owner/index/canonical/URL/sitemap change; no fabricated person, credential, authority, source, experience, or review; no removal of Phase 5 family differentiation.",Build; ownership/index/canonical/sitemap parity; source and safety review; Phase 5 cross-family regression check.
https://echobuddha.com/quotes/renewal/begin-again-without-turning-yesterday-into-a-sentence/,QUOTE_REFLECTION,"noindex, follow",Medium,NO_CRITICAL_ISSUE,This page exists to serve reflective within Quotes through original quote/reflection format and page-specific narrative; generated stories require Phase 3 index review. Information gain: Original quote/reflection format and page-specific narrative; generated stories require Phase 3 index review.,"Verified authorship, accountability, source-policy, review-process, correction-flow, and attribution-governance strengthening only.","No owner/index/canonical/URL/sitemap change; no fabricated person, credential, authority, source, experience, or review; no removal of Phase 5 family differentiation.",Build; ownership/index/canonical/sitemap parity; source and safety review; Phase 5 cross-family regression check.
https://echobuddha.com/quotes/renewal/do-not-confuse-an-old-pattern-with-an-unchangeable/,PREEXISTING_NOINDEX_OR_ERROR_ROLE,"noindex, follow",NOT_CRITICAL,NO_CRITICAL_ISSUE,"Preserved utility/error/noindex route outside Phase 1 indexable population. Information gain: Utility, recurring, or protected noindex function.","Verified authorship, accountability, source-policy, review-process, correction-flow, and attribution-governance strengthening only.","No owner/index/canonical/URL/sitemap change; no fabricated person, credential, authority, source, experience, or review; no removal of Phase 5 family differentiation.",Build; ownership/index/canonical/sitemap parity; source and safety review; Phase 5 cross-family regression check.
https://echobuddha.com/quotes/renewal/each-conscious-breath-is-a-small-vote-for-beginning/,PREEXISTING_NOINDEX_OR_ERROR_ROLE,"noindex, follow",NOT_CRITICAL,NO_CRITICAL_ISSUE,"Preserved utility/error/noindex route outside Phase 1 indexable population. Information gain: Utility, recurring, or protected noindex function.","Verified authorship, accountability, source-policy, review-process, correction-flow, and attribution-governance strengthening only.","No owner/index/canonical/URL/sitemap change; no fabricated person, credential, authority, source, experience, or review; no removal of Phase 5 family differentiation.",Build; ownership/index/canonical/sitemap parity; source and safety review; Phase 5 cross-family regression check.
https://echobuddha.com/quotes/renewal/evening-release-reflection/,QUOTE_REFLECTION,indexable,Medium,NO_CRITICAL_ISSUE,This page exists to serve reflective within Quotes through original quote/reflection format and page-specific narrative; generated stories require Phase 3 index review. Information gain: Original quote/reflection format and page-specific narrative; generated stories require Phase 3 index review.,"Verified authorship, accountability, source-policy, review-process, correction-flow, and attribution-governance strengthening only.","No owner/index/canonical/URL/sitemap change; no fabricated person, credential, authority, source, experience, or review; no removal of Phase 5 family differentiation.",Build; ownership/index/canonical/sitemap parity; source and safety review; Phase 5 cross-family regression check.
https://echobuddha.com/quotes/renewal/gentle-hope-keeps-walking/,QUOTE_REFLECTION,indexable,Medium,NO_CRITICAL_ISSUE,This page exists to serve reflective within Quotes through original quote/reflection format and page-specific narrative; generated stories require Phase 3 index review. Information gain: Original quote/reflection format and page-specific narrative; generated stories require Phase 3 index review.,"Verified authorship, accountability, source-policy, review-process, correction-flow, and attribution-governance strengthening only.","No owner/index/canonical/URL/sitemap change; no fabricated person, credential, authority, source, experience, or review; no removal of Phase 5 family differentiation.",Build; ownership/index/canonical/sitemap parity; source and safety review; Phase 5 cross-family regression check.
https://echobuddha.com/quotes/renewal/hope-can-be-quiet-and-still-keep-walking/,PREEXISTING_NOINDEX_OR_ERROR_ROLE,"noindex, follow",NOT_CRITICAL,NO_CRITICAL_ISSUE,"Preserved utility/error/noindex route outside Phase 1 indexable population. Information gain: Utility, recurring, or protected noindex function.","Verified authorship, accountability, source-policy, review-process, correction-flow, and attribution-governance strengthening only.","No owner/index/canonical/URL/sitemap change; no fabricated person, credential, authority, source, experience, or review; no removal of Phase 5 family differentiation.",Build; ownership/index/canonical/sitemap parity; source and safety review; Phase 5 cross-family regression check.
https://echobuddha.com/quotes/renewal/,CATEGORY,indexable,Medium,NO_CRITICAL_ISSUE,"This page exists to serve navigational within Quotes through orientation, selection, and meaningful navigation across the Quotes cluster. Information gain: Orientation, selection, and meaningful navigation across the Quotes cluster.","Verified authorship, accountability, source-policy, review-process, correction-flow, and attribution-governance strengthening only.","No owner/index/canonical/URL/sitemap change; no fabricated person, credential, authority, source, experience, or review; no removal of Phase 5 family differentiation.",Build; ownership/index/canonical/sitemap parity; source and safety review; Phase 5 cross-family regression check.
https://echobuddha.com/quotes/renewal/morning-is-not-the-only-time-a-life-can/,QUOTE_REFLECTION,"noindex, follow",Medium,NO_CRITICAL_ISSUE,This page exists to serve reflective within Quotes through original quote/reflection format and page-specific narrative; generated stories require Phase 3 index review. Information gain: Original quote/reflection format and page-specific narrative; generated stories require Phase 3 index review.,"Verified authorship, accountability, source-policy, review-process, correction-flow, and attribution-governance strengthening only.","No owner/index/canonical/URL/sitemap change; no fabricated person, credential, authority, source, experience, or review; no removal of Phase 5 family differentiation.",Build; ownership/index/canonical/sitemap parity; source and safety review; Phase 5 cross-family regression check.
https://echobuddha.com/quotes/renewal/one-calm-morning-intention/,QUOTE_REFLECTION,indexable,Medium,NO_CRITICAL_ISSUE,This page exists to serve reflective within Quotes through original quote/reflection format and page-specific narrative; generated stories require Phase 3 index review. Information gain: Original quote/reflection format and page-specific narrative; generated stories require Phase 3 index review.,"Verified authorship, accountability, source-policy, review-process, correction-flow, and attribution-governance strengthening only.","No owner/index/canonical/URL/sitemap change; no fabricated person, credential, authority, source, experience, or review; no removal of Phase 5 family differentiation.",Build; ownership/index/canonical/sitemap parity; source and safety review; Phase 5 cross-family regression check.
https://echobuddha.com/quotes/renewal/repair-what-you-can-forgive-what-you-cannot-redo/,PREEXISTING_NOINDEX_OR_ERROR_ROLE,"noindex, follow",NOT_CRITICAL,NO_CRITICAL_ISSUE,"Preserved utility/error/noindex route outside Phase 1 indexable population. Information gain: Utility, recurring, or protected noindex function.","Verified authorship, accountability, source-policy, review-process, correction-flow, and attribution-governance strengthening only.","No owner/index/canonical/URL/sitemap change; no fabricated person, credential, authority, source, experience, or review; no removal of Phase 5 family differentiation.",Build; ownership/index/canonical/sitemap parity; source and safety review; Phase 5 cross-family regression check.
https://echobuddha.com/quotes/renewal/the-path-welcomes-your-return-more-often-than-pride/,QUOTE_REFLECTION,"noindex, follow",Medium,NO_CRITICAL_ISSUE,This page exists to serve reflective within Quotes through original quote/reflection format and page-specific narrative; generated stories require Phase 3 index review. Information gain: Original quote/reflection format and page-specific narrative; generated stories require Phase 3 index review.,"Verified authorship, accountability, source-policy, review-process, correction-flow, and attribution-governance strengthening only.","No owner/index/canonical/URL/sitemap change; no fabricated person, credential, authority, source, experience, or review; no removal of Phase 5 family differentiation.",Build; ownership/index/canonical/sitemap parity; source and safety review; Phase 5 cross-family regression check.
https://echobuddha.com/quotes/renewal/you-are-allowed-to-learn-slowly-and-still-be/,QUOTE_REFLECTION,"noindex, follow",Medium,NO_CRITICAL_ISSUE,This page exists to serve reflective within Quotes through original quote/reflection format and page-specific narrative; generated stories require Phase 3 index review. Information gain: Original quote/reflection format and page-specific narrative; generated stories require Phase 3 index review.,"Verified authorship, accountability, source-policy, review-process, correction-flow, and attribution-governance strengthening only.","No owner/index/canonical/URL/sitemap change; no fabricated person, credential, authority, source, experience, or review; no removal of Phase 5 family differentiation.",Build; ownership/index/canonical/sitemap parity; source and safety review; Phase 5 cross-family regression check.
https://echobuddha.com/quotes/wisdom/a-clear-mind-can-hold-two-truths-without-rushing/,QUOTE_REFLECTION,"noindex, follow",Medium,NO_CRITICAL_ISSUE,This page exists to serve reflective within Quotes through original quote/reflection format and page-specific narrative; generated stories require Phase 3 index review. Information gain: Original quote/reflection format and page-specific narrative; generated stories require Phase 3 index review.,"Verified authorship, accountability, source-policy, review-process, correction-flow, and attribution-governance strengthening only.","No owner/index/canonical/URL/sitemap change; no fabricated person, credential, authority, source, experience, or review; no removal of Phase 5 family differentiation.",Build; ownership/index/canonical/sitemap parity; source and safety review; Phase 5 cross-family regression check.
https://echobuddha.com/quotes/wisdom/a-useful-truth-is-carried-with-humility-not-used/,PREEXISTING_NOINDEX_OR_ERROR_ROLE,"noindex, follow",NOT_CRITICAL,NO_CRITICAL_ISSUE,"Preserved utility/error/noindex route outside Phase 1 indexable population. Information gain: Utility, recurring, or protected noindex function.","Verified authorship, accountability, source-policy, review-process, correction-flow, and attribution-governance strengthening only.","No owner/index/canonical/URL/sitemap change; no fabricated person, credential, authority, source, experience, or review; no removal of Phase 5 family differentiation.",Build; ownership/index/canonical/sitemap parity; source and safety review; Phase 5 cross-family regression check.
https://echobuddha.com/quotes/wisdom/contentment-with-what-is-here/,QUOTE_REFLECTION,indexable,Medium,NO_CRITICAL_ISSUE,This page exists to serve reflective within Quotes through original quote/reflection format and page-specific narrative; generated stories require Phase 3 index review. Information gain: Original quote/reflection format and page-specific narrative; generated stories require Phase 3 index review.,"Verified authorship, accountability, source-policy, review-process, correction-flow, and attribution-governance strengthening only.","No owner/index/canonical/URL/sitemap change; no fabricated person, credential, authority, source, experience, or review; no removal of Phase 5 family differentiation.",Build; ownership/index/canonical/sitemap parity; source and safety review; Phase 5 cross-family regression check.
https://echobuddha.com/quotes/wisdom/difficult-people-and-boundaries/,QUOTE_REFLECTION,indexable,Medium,NO_CRITICAL_ISSUE,This page exists to serve reflective within Quotes through original quote/reflection format and page-specific narrative; generated stories require Phase 3 index review. Information gain: Original quote/reflection format and page-specific narrative; generated stories require Phase 3 index review.,"Verified authorship, accountability, source-policy, review-process, correction-flow, and attribution-governance strengthening only.","No owner/index/canonical/URL/sitemap change; no fabricated person, credential, authority, source, experience, or review; no removal of Phase 5 family differentiation.",Build; ownership/index/canonical/sitemap parity; source and safety review; Phase 5 cross-family regression check.
https://echobuddha.com/quotes/wisdom/,CATEGORY,indexable,Medium,NO_CRITICAL_ISSUE,"This page exists to serve navigational within Quotes through orientation, selection, and meaningful navigation across the Quotes cluster. Information gain: Orientation, selection, and meaningful navigation across the Quotes cluster.","Verified authorship, accountability, source-policy, review-process, correction-flow, and attribution-governance strengthening only.","No owner/index/canonical/URL/sitemap change; no fabricated person, credential, authority, source, experience, or review; no removal of Phase 5 family differentiation.",Build; ownership/index/canonical/sitemap parity; source and safety review; Phase 5 cross-family regression check.
https://echobuddha.com/quotes/wisdom/karma-begins-in-intention/,QUOTE_REFLECTION,indexable,Medium,NO_CRITICAL_ISSUE,This page exists to serve reflective within Quotes through original quote/reflection format and page-specific narrative; generated stories require Phase 3 index review. Information gain: Original quote/reflection format and page-specific narrative; generated stories require Phase 3 index review.,"Verified authorship, accountability, source-policy, review-process, correction-flow, and attribution-governance strengthening only.","No owner/index/canonical/URL/sitemap change; no fabricated person, credential, authority, source, experience, or review; no removal of Phase 5 family differentiation.",Build; ownership/index/canonical/sitemap parity; source and safety review; Phase 5 cross-family regression check.
https://echobuddha.com/quotes/wisdom/knowing-when-not-to-speak-is-also-a-form/,QUOTE_REFLECTION,"noindex, follow",Medium,NO_CRITICAL_ISSUE,This page exists to serve reflective within Quotes through original quote/reflection format and page-specific narrative; generated stories require Phase 3 index review. Information gain: Original quote/reflection format and page-specific narrative; generated stories require Phase 3 index review.,"Verified authorship, accountability, source-policy, review-process, correction-flow, and attribution-governance strengthening only.","No owner/index/canonical/URL/sitemap change; no fabricated person, credential, authority, source, experience, or review; no removal of Phase 5 family differentiation.",Build; ownership/index/canonical/sitemap parity; source and safety review; Phase 5 cross-family regression check.
https://echobuddha.com/quotes/wisdom/learn-from-discomfort-without-turning-suffering-into-an-identity/,PREEXISTING_NOINDEX_OR_ERROR_ROLE,"noindex, follow",NOT_CRITICAL,NO_CRITICAL_ISSUE,"Preserved utility/error/noindex route outside Phase 1 indexable population. Information gain: Utility, recurring, or protected noindex function.","Verified authorship, accountability, source-policy, review-process, correction-flow, and attribution-governance strengthening only.","No owner/index/canonical/URL/sitemap change; no fabricated person, credential, authority, source, experience, or review; no removal of Phase 5 family differentiation.",Build; ownership/index/canonical/sitemap parity; source and safety review; Phase 5 cross-family regression check.
https://echobuddha.com/quotes/wisdom/right-speech-with-kindness/,QUOTE_REFLECTION,indexable,Medium,NO_CRITICAL_ISSUE,This page exists to serve reflective within Quotes through original quote/reflection format and page-specific narrative; generated stories require Phase 3 index review. Information gain: Original quote/reflection format and page-specific narrative; generated stories require Phase 3 index review.,"Verified authorship, accountability, source-policy, review-process, correction-flow, and attribution-governance strengthening only.","No owner/index/canonical/URL/sitemap change; no fabricated person, credential, authority, source, experience, or review; no removal of Phase 5 family differentiation.",Build; ownership/index/canonical/sitemap parity; source and safety review; Phase 5 cross-family regression check.
https://echobuddha.com/quotes/wisdom/see-the-conditions-behind-an-action-and-blame-may/,PREEXISTING_NOINDEX_OR_ERROR_ROLE,"noindex, follow",NOT_CRITICAL,NO_CRITICAL_ISSUE,"Preserved utility/error/noindex route outside Phase 1 indexable population. Information gain: Utility, recurring, or protected noindex function.","Verified authorship, accountability, source-policy, review-process, correction-flow, and attribution-governance strengthening only.","No owner/index/canonical/URL/sitemap change; no fabricated person, credential, authority, source, experience, or review; no removal of Phase 5 family differentiation.",Build; ownership/index/canonical/sitemap parity; source and safety review; Phase 5 cross-family regression check.
https://echobuddha.com/quotes/wisdom/simplicity-clears-the-room/,QUOTE_REFLECTION,indexable,Medium,NO_CRITICAL_ISSUE,This page exists to serve reflective within Quotes through original quote/reflection format and page-specific narrative; generated stories require Phase 3 index review. Information gain: Original quote/reflection format and page-specific narrative; generated stories require Phase 3 index review.,"Verified authorship, accountability, source-policy, review-process, correction-flow, and attribution-governance strengthening only.","No owner/index/canonical/URL/sitemap change; no fabricated person, credential, authority, source, experience, or review; no removal of Phase 5 family differentiation.",Build; ownership/index/canonical/sitemap parity; source and safety review; Phase 5 cross-family regression check.
https://echobuddha.com/quotes/wisdom/the-lesson-repeats-until-attention-replaces-habit/,QUOTE_REFLECTION,"noindex, follow",Medium,NO_CRITICAL_ISSUE,This page exists to serve reflective within Quotes through original quote/reflection format and page-specific narrative; generated stories require Phase 3 index review. Information gain: Original quote/reflection format and page-specific narrative; generated stories require Phase 3 index review.,"Verified authorship, accountability, source-policy, review-process, correction-flow, and attribution-governance strengthening only.","No owner/index/canonical/URL/sitemap change; no fabricated person, credential, authority, source, experience, or review; no removal of Phase 5 family differentiation.",Build; ownership/index/canonical/sitemap parity; source and safety review; Phase 5 cross-family regression check.
https://echobuddha.com/quotes/wisdom/the-wise-heart-changes-course-when-clearer-seeing-arrives/,PREEXISTING_NOINDEX_OR_ERROR_ROLE,"noindex, follow",NOT_CRITICAL,NO_CRITICAL_ISSUE,"Preserved utility/error/noindex route outside Phase 1 indexable population. Information gain: Utility, recurring, or protected noindex function.","Verified authorship, accountability, source-policy, review-process, correction-flow, and attribution-governance strengthening only.","No owner/index/canonical/URL/sitemap change; no fabricated person, credential, authority, source, experience, or review; no removal of Phase 5 family differentiation.",Build; ownership/index/canonical/sitemap parity; source and safety review; Phase 5 cross-family regression check.
https://echobuddha.com/quotes/wisdom/understanding-suffering-honestly/,QUOTE_REFLECTION,indexable,Medium,NO_CRITICAL_ISSUE,This page exists to serve reflective within Quotes through original quote/reflection format and page-specific narrative; generated stories require Phase 3 index review. Information gain: Original quote/reflection format and page-specific narrative; generated stories require Phase 3 index review.,"Verified authorship, accountability, source-policy, review-process, correction-flow, and attribution-governance strengthening only.","No owner/index/canonical/URL/sitemap change; no fabricated person, credential, authority, source, experience, or review; no removal of Phase 5 family differentiation.",Build; ownership/index/canonical/sitemap parity; source and safety review; Phase 5 cross-family regression check.
https://echobuddha.com/quotes/wisdom/what-feels-urgent-is-not-always-what-matters-most/,QUOTE_REFLECTION,"noindex, follow",Medium,NO_CRITICAL_ISSUE,This page exists to serve reflective within Quotes through original quote/reflection format and page-specific narrative; generated stories require Phase 3 index review. Information gain: Original quote/reflection format and page-specific narrative; generated stories require Phase 3 index review.,"Verified authorship, accountability, source-policy, review-process, correction-flow, and attribution-governance strengthening only.","No owner/index/canonical/URL/sitemap change; no fabricated person, credential, authority, source, experience, or review; no removal of Phase 5 family differentiation.",Build; ownership/index/canonical/sitemap parity; source and safety review; Phase 5 cross-family regression check.
https://echobuddha.com/quotes/wisdom/wisdom-is-less-interested-in-winning-than-in-ending/,PREEXISTING_NOINDEX_OR_ERROR_ROLE,"noindex, follow",NOT_CRITICAL,NO_CRITICAL_ISSUE,"Preserved utility/error/noindex route outside Phase 1 indexable population. Information gain: Utility, recurring, or protected noindex function.","Verified authorship, accountability, source-policy, review-process, correction-flow, and attribution-governance strengthening only.","No owner/index/canonical/URL/sitemap change; no fabricated person, credential, authority, source, experience, or review; no removal of Phase 5 family differentiation.",Build; ownership/index/canonical/sitemap parity; source and safety review; Phase 5 cross-family regression check.
https://echobuddha.com/quotes/wisdom/wisdom-is-the-art-of-meeting-life-without-adding/,QUOTE_REFLECTION,"noindex, follow",Medium,NO_CRITICAL_ISSUE,This page exists to serve reflective within Quotes through original quote/reflection format and page-specific narrative; generated stories require Phase 3 index review. Information gain: Original quote/reflection format and page-specific narrative; generated stories require Phase 3 index review.,"Verified authorship, accountability, source-policy, review-process, correction-flow, and attribution-governance strengthening only.","No owner/index/canonical/URL/sitemap change; no fabricated person, credential, authority, source, experience, or review; no removal of Phase 5 family differentiation.",Build; ownership/index/canonical/sitemap parity; source and safety review; Phase 5 cross-family regression check.
https://echobuddha.com/quotes/wisdom/wisdom-sees-clearly/,QUOTE_REFLECTION,indexable,Medium,NO_CRITICAL_ISSUE,This page exists to serve reflective within Quotes through original quote/reflection format and page-specific narrative; generated stories require Phase 3 index review. Information gain: Original quote/reflection format and page-specific narrative; generated stories require Phase 3 index review.,"Verified authorship, accountability, source-policy, review-process, correction-flow, and attribution-governance strengthening only.","No owner/index/canonical/URL/sitemap change; no fabricated person, credential, authority, source, experience, or review; no removal of Phase 5 family differentiation.",Build; ownership/index/canonical/sitemap parity; source and safety review; Phase 5 cross-family regression check.
https://echobuddha.com/quotes/wisdom/wisdom-sees-the-whole-fire-not-only-the-spark/,QUOTE_REFLECTION,"noindex, follow",Medium,NO_CRITICAL_ISSUE,This page exists to serve reflective within Quotes through original quote/reflection format and page-specific narrative; generated stories require Phase 3 index review. Information gain: Original quote/reflection format and page-specific narrative; generated stories require Phase 3 index review.,"Verified authorship, accountability, source-policy, review-process, correction-flow, and attribution-governance strengthening only.","No owner/index/canonical/URL/sitemap change; no fabricated person, credential, authority, source, experience, or review; no removal of Phase 5 family differentiation.",Build; ownership/index/canonical/sitemap parity; source and safety review; Phase 5 cross-family regression check.
https://echobuddha.com/quotes/wisdom/wise-silence/,QUOTE_REFLECTION,indexable,Medium,NO_CRITICAL_ISSUE,This page exists to serve reflective within Quotes through original quote/reflection format and page-specific narrative; generated stories require Phase 3 index review. Information gain: Original quote/reflection format and page-specific narrative; generated stories require Phase 3 index review.,"Verified authorship, accountability, source-policy, review-process, correction-flow, and attribution-governance strengthening only.","No owner/index/canonical/URL/sitemap change; no fabricated person, credential, authority, source, experience, or review; no removal of Phase 5 family differentiation.",Build; ownership/index/canonical/sitemap parity; source and safety review; Phase 5 cross-family regression check.
https://echobuddha.com/search/,PREEXISTING_NOINDEX_OR_ERROR_ROLE,"noindex, follow",NOT_CRITICAL,NO_CRITICAL_ISSUE,"Preserved utility/error/noindex route outside Phase 1 indexable population. Information gain: Utility, recurring, or protected noindex function.","Verified authorship, accountability, source-policy, review-process, correction-flow, and attribution-governance strengthening only.","No owner/index/canonical/URL/sitemap change; no fabricated person, credential, authority, source, experience, or review; no removal of Phase 5 family differentiation.",Build; ownership/index/canonical/sitemap parity; source and safety review; Phase 5 cross-family regression check.
https://echobuddha.com/start-here/,HUB,indexable,Medium,NO_CRITICAL_ISSUE,"This page exists as Echo Buddha's protected owner for Newcomer Orientation: Start Here helps a new visitor choose a route; it does not own the broad definition of Buddhism. Information gain: Orientation, selection, and meaningful navigation across the Newcomer Orientation cluster.","Verified authorship, accountability, source-policy, review-process, correction-flow, and attribution-governance strengthening only.","No owner/index/canonical/URL/sitemap change; no fabricated person, credential, authority, source, experience, or review; no removal of Phase 5 family differentiation.",Build; ownership/index/canonical/sitemap parity; source and safety review; Phase 5 cross-family regression check.
https://echobuddha.com/terms-of-use/,TRUST_POLICY,indexable,Medium,NO_CRITICAL_ISSUE,This page exists to serve trust within Trust / Policy through publisher transparency or user-protection information specific to “Terms of Use”. Information gain: Publisher transparency or user-protection information specific to “Terms of Use”.,"Verified authorship, accountability, source-policy, review-process, correction-flow, and attribution-governance strengthening only.","No owner/index/canonical/URL/sitemap change; no fabricated person, credential, authority, source, experience, or review; no removal of Phase 5 family differentiation.",Build; ownership/index/canonical/sitemap parity; source and safety review; Phase 5 cross-family regression check.
https://echobuddha.com/tools/,UTILITY,indexable,Medium,NO_CRITICAL_ISSUE,This page exists as Echo Buddha's protected owner for Utility: The tools hub owns functional practice utilities and does not own Buddhist teaching queries. Information gain: Functional user task rather than independent doctrinal explanation.,"Verified authorship, accountability, source-policy, review-process, correction-flow, and attribution-governance strengthening only.","No owner/index/canonical/URL/sitemap change; no fabricated person, credential, authority, source, experience, or review; no removal of Phase 5 family differentiation.",Build; ownership/index/canonical/sitemap parity; source and safety review; Phase 5 cross-family regression check.
