URL,File,Object/identifier,Starting commit,Change summary,Reason,Protected dependencies,Rollback action,Risk,Validation
https://echobuddha.com/daily-reflections/anger-as-a-signal/,src/pages/daily-reflections/[slug].astro,/daily-reflections/anger-as-a-signal/,4bbeef7a85d071752f9c1d0ec23e0ce1ff348505,Compressed the article-like sequence into a form-specific reflection flow and integrated the natural next step with the concrete situation.,Purpose-specific family structure without changing protected content facts or controls,Role; owner; index state; sitemap; canonical; source; safety; attribution; AdSense route behavior,"Restore the listed file(s) from 4bbeef7a85d071752f9c1d0ec23e0ce1ff348505, rebuild, and rerun Phase 5 validation.",LOW — presentation/editorial structure only,PASS
https://echobuddha.com/daily-reflections/begin-again-without-shame/,src/pages/daily-reflections/[slug].astro,/daily-reflections/begin-again-without-shame/,4bbeef7a85d071752f9c1d0ec23e0ce1ff348505,Compressed the article-like sequence into a form-specific reflection flow and integrated the natural next step with the concrete situation.,Purpose-specific family structure without changing protected content facts or controls,Role; owner; index state; sitemap; canonical; source; safety; attribution; AdSense route behavior,"Restore the listed file(s) from 4bbeef7a85d071752f9c1d0ec23e0ce1ff348505, rebuild, and rerun Phase 5 validation.",LOW — presentation/editorial structure only,PASS
https://echobuddha.com/daily-reflections/compassion-begins-nearby/,src/pages/daily-reflections/[slug].astro,/daily-reflections/compassion-begins-nearby/,4bbeef7a85d071752f9c1d0ec23e0ce1ff348505,Compressed the article-like sequence into a form-specific reflection flow and integrated the natural next step with the concrete situation.,Purpose-specific family structure without changing protected content facts or controls,Role; owner; index state; sitemap; canonical; source; safety; attribution; AdSense route behavior,"Restore the listed file(s) from 4bbeef7a85d071752f9c1d0ec23e0ce1ff348505, rebuild, and rerun Phase 5 validation.",LOW — presentation/editorial structure only,PASS
https://echobuddha.com/daily-reflections/enough-for-this-moment/,src/pages/daily-reflections/[slug].astro,/daily-reflections/enough-for-this-moment/,4bbeef7a85d071752f9c1d0ec23e0ce1ff348505,Compressed the article-like sequence into a form-specific reflection flow and integrated the natural next step with the concrete situation.,Purpose-specific family structure without changing protected content facts or controls,Role; owner; index state; sitemap; canonical; source; safety; attribution; AdSense route behavior,"Restore the listed file(s) from 4bbeef7a85d071752f9c1d0ec23e0ce1ff348505, rebuild, and rerun Phase 5 validation.",LOW — presentation/editorial structure only,PASS
https://echobuddha.com/daily-reflections/evening-release/,src/pages/daily-reflections/[slug].astro,/daily-reflections/evening-release/,4bbeef7a85d071752f9c1d0ec23e0ce1ff348505,Compressed the article-like sequence into a form-specific reflection flow and integrated the natural next step with the concrete situation.,Purpose-specific family structure without changing protected content facts or controls,Role; owner; index state; sitemap; canonical; source; safety; attribution; AdSense route behavior,"Restore the listed file(s) from 4bbeef7a85d071752f9c1d0ec23e0ce1ff348505, rebuild, and rerun Phase 5 validation.",LOW — presentation/editorial structure only,PASS
https://echobuddha.com/daily-reflections/family-patience/,src/pages/daily-reflections/[slug].astro,/daily-reflections/family-patience/,4bbeef7a85d071752f9c1d0ec23e0ce1ff348505,Compressed the article-like sequence into a form-specific reflection flow and integrated the natural next step with the concrete situation.,Purpose-specific family structure without changing protected content facts or controls,Role; owner; index state; sitemap; canonical; source; safety; attribution; AdSense route behavior,"Restore the listed file(s) from 4bbeef7a85d071752f9c1d0ec23e0ce1ff348505, rebuild, and rerun Phase 5 validation.",LOW — presentation/editorial structure only,PASS
https://echobuddha.com/daily-reflections/forgiveness-without-approval/,src/pages/daily-reflections/[slug].astro,/daily-reflections/forgiveness-without-approval/,4bbeef7a85d071752f9c1d0ec23e0ce1ff348505,Compressed the article-like sequence into a form-specific reflection flow and integrated the natural next step with the concrete situation.,Purpose-specific family structure without changing protected content facts or controls,Role; owner; index state; sitemap; canonical; source; safety; attribution; AdSense route behavior,"Restore the listed file(s) from 4bbeef7a85d071752f9c1d0ec23e0ce1ff348505, rebuild, and rerun Phase 5 validation.",LOW — presentation/editorial structure only,PASS
https://echobuddha.com/daily-reflections/gratitude-for-change/,src/pages/daily-reflections/[slug].astro,/daily-reflections/gratitude-for-change/,4bbeef7a85d071752f9c1d0ec23e0ce1ff348505,Compressed the article-like sequence into a form-specific reflection flow and integrated the natural next step with the concrete situation.,Purpose-specific family structure without changing protected content facts or controls,Role; owner; index state; sitemap; canonical; source; safety; attribution; AdSense route behavior,"Restore the listed file(s) from 4bbeef7a85d071752f9c1d0ec23e0ce1ff348505, rebuild, and rerun Phase 5 validation.",LOW — presentation/editorial structure only,PASS
https://echobuddha.com/daily-reflections/gratitude-notices-enough/,src/pages/daily-reflections/[slug].astro,/daily-reflections/gratitude-notices-enough/,4bbeef7a85d071752f9c1d0ec23e0ce1ff348505,Compressed the article-like sequence into a form-specific reflection flow and integrated the natural next step with the concrete situation.,Purpose-specific family structure without changing protected content facts or controls,Role; owner; index state; sitemap; canonical; source; safety; attribution; AdSense route behavior,"Restore the listed file(s) from 4bbeef7a85d071752f9c1d0ec23e0ce1ff348505, rebuild, and rerun Phase 5 validation.",LOW — presentation/editorial structure only,PASS
https://echobuddha.com/daily-reflections/impermanence-softens-clinging/,src/pages/daily-reflections/[slug].astro,/daily-reflections/impermanence-softens-clinging/,4bbeef7a85d071752f9c1d0ec23e0ce1ff348505,Compressed the article-like sequence into a form-specific reflection flow and integrated the natural next step with the concrete situation.,Purpose-specific family structure without changing protected content facts or controls,Role; owner; index state; sitemap; canonical; source; safety; attribution; AdSense route behavior,"Restore the listed file(s) from 4bbeef7a85d071752f9c1d0ec23e0ce1ff348505, rebuild, and rerun Phase 5 validation.",LOW — presentation/editorial structure only,PASS
https://echobuddha.com/daily-reflections/kindness-with-boundaries/,src/pages/daily-reflections/[slug].astro,/daily-reflections/kindness-with-boundaries/,4bbeef7a85d071752f9c1d0ec23e0ce1ff348505,Compressed the article-like sequence into a form-specific reflection flow and integrated the natural next step with the concrete situation.,Purpose-specific family structure without changing protected content facts or controls,Role; owner; index state; sitemap; canonical; source; safety; attribution; AdSense route behavior,"Restore the listed file(s) from 4bbeef7a85d071752f9c1d0ec23e0ce1ff348505, rebuild, and rerun Phase 5 validation.",LOW — presentation/editorial structure only,PASS
https://echobuddha.com/daily-reflections/let-the-feeling-pass/,src/pages/daily-reflections/[slug].astro,/daily-reflections/let-the-feeling-pass/,4bbeef7a85d071752f9c1d0ec23e0ce1ff348505,Compressed the article-like sequence into a form-specific reflection flow and integrated the natural next step with the concrete situation.,Purpose-specific family structure without changing protected content facts or controls,Role; owner; index state; sitemap; canonical; source; safety; attribution; AdSense route behavior,"Restore the listed file(s) from 4bbeef7a85d071752f9c1d0ec23e0ce1ff348505, rebuild, and rerun Phase 5 validation.",LOW — presentation/editorial structure only,PASS
https://echobuddha.com/daily-reflections/letting-go-keeps-care/,src/pages/daily-reflections/[slug].astro,/daily-reflections/letting-go-keeps-care/,4bbeef7a85d071752f9c1d0ec23e0ce1ff348505,Compressed the article-like sequence into a form-specific reflection flow and integrated the natural next step with the concrete situation.,Purpose-specific family structure without changing protected content facts or controls,Role; owner; index state; sitemap; canonical; source; safety; attribution; AdSense route behavior,"Restore the listed file(s) from 4bbeef7a85d071752f9c1d0ec23e0ce1ff348505, rebuild, and rerun Phase 5 validation.",LOW — presentation/editorial structure only,PASS
https://echobuddha.com/daily-reflections/listen-before-answering/,src/pages/daily-reflections/[slug].astro,/daily-reflections/listen-before-answering/,4bbeef7a85d071752f9c1d0ec23e0ce1ff348505,Compressed the article-like sequence into a form-specific reflection flow and integrated the natural next step with the concrete situation.,Purpose-specific family structure without changing protected content facts or controls,Role; owner; index state; sitemap; canonical; source; safety; attribution; AdSense route behavior,"Restore the listed file(s) from 4bbeef7a85d071752f9c1d0ec23e0ce1ff348505, rebuild, and rerun Phase 5 validation.",LOW — presentation/editorial structure only,PASS
https://echobuddha.com/daily-reflections/metta-for-a-difficult-person/,src/pages/daily-reflections/[slug].astro,/daily-reflections/metta-for-a-difficult-person/,4bbeef7a85d071752f9c1d0ec23e0ce1ff348505,Compressed the article-like sequence into a form-specific reflection flow and integrated the natural next step with the concrete situation.,Purpose-specific family structure without changing protected content facts or controls,Role; owner; index state; sitemap; canonical; source; safety; attribution; AdSense route behavior,"Restore the listed file(s) from 4bbeef7a85d071752f9c1d0ec23e0ce1ff348505, rebuild, and rerun Phase 5 validation.",LOW — presentation/editorial structure only,PASS
https://echobuddha.com/daily-reflections/mindful-work/,src/pages/daily-reflections/[slug].astro,/daily-reflections/mindful-work/,4bbeef7a85d071752f9c1d0ec23e0ce1ff348505,Compressed the article-like sequence into a form-specific reflection flow and integrated the natural next step with the concrete situation.,Purpose-specific family structure without changing protected content facts or controls,Role; owner; index state; sitemap; canonical; source; safety; attribution; AdSense route behavior,"Restore the listed file(s) from 4bbeef7a85d071752f9c1d0ec23e0ce1ff348505, rebuild, and rerun Phase 5 validation.",LOW — presentation/editorial structure only,PASS
https://echobuddha.com/daily-reflections/morning-intention/,src/pages/daily-reflections/[slug].astro,/daily-reflections/morning-intention/,4bbeef7a85d071752f9c1d0ec23e0ce1ff348505,Compressed the article-like sequence into a form-specific reflection flow and integrated the natural next step with the concrete situation.,Purpose-specific family structure without changing protected content facts or controls,Role; owner; index state; sitemap; canonical; source; safety; attribution; AdSense route behavior,"Restore the listed file(s) from 4bbeef7a85d071752f9c1d0ec23e0ce1ff348505, rebuild, and rerun Phase 5 validation.",LOW — presentation/editorial structure only,PASS
https://echobuddha.com/daily-reflections/notice-before-fixing/,src/pages/daily-reflections/[slug].astro,/daily-reflections/notice-before-fixing/,4bbeef7a85d071752f9c1d0ec23e0ce1ff348505,Compressed the article-like sequence into a form-specific reflection flow and integrated the natural next step with the concrete situation.,Purpose-specific family structure without changing protected content facts or controls,Role; owner; index state; sitemap; canonical; source; safety; attribution; AdSense route behavior,"Restore the listed file(s) from 4bbeef7a85d071752f9c1d0ec23e0ce1ff348505, rebuild, and rerun Phase 5 validation.",LOW — presentation/editorial structure only,PASS
https://echobuddha.com/daily-reflections/one-honest-breath/,src/pages/daily-reflections/[slug].astro,/daily-reflections/one-honest-breath/,4bbeef7a85d071752f9c1d0ec23e0ce1ff348505,Compressed the article-like sequence into a form-specific reflection flow and integrated the natural next step with the concrete situation.,Purpose-specific family structure without changing protected content facts or controls,Role; owner; index state; sitemap; canonical; source; safety; attribution; AdSense route behavior,"Restore the listed file(s) from 4bbeef7a85d071752f9c1d0ec23e0ce1ff348505, rebuild, and rerun Phase 5 validation.",LOW — presentation/editorial structure only,PASS
https://echobuddha.com/daily-reflections/one-step-on-the-path/,src/pages/daily-reflections/[slug].astro,/daily-reflections/one-step-on-the-path/,4bbeef7a85d071752f9c1d0ec23e0ce1ff348505,Compressed the article-like sequence into a form-specific reflection flow and integrated the natural next step with the concrete situation.,Purpose-specific family structure without changing protected content facts or controls,Role; owner; index state; sitemap; canonical; source; safety; attribution; AdSense route behavior,"Restore the listed file(s) from 4bbeef7a85d071752f9c1d0ec23e0ce1ff348505, rebuild, and rerun Phase 5 validation.",LOW — presentation/editorial structure only,PASS
https://echobuddha.com/daily-reflections/patience-before-anger-speaks/,src/pages/daily-reflections/[slug].astro,/daily-reflections/patience-before-anger-speaks/,4bbeef7a85d071752f9c1d0ec23e0ce1ff348505,Compressed the article-like sequence into a form-specific reflection flow and integrated the natural next step with the concrete situation.,Purpose-specific family structure without changing protected content facts or controls,Role; owner; index state; sitemap; canonical; source; safety; attribution; AdSense route behavior,"Restore the listed file(s) from 4bbeef7a85d071752f9c1d0ec23e0ce1ff348505, rebuild, and rerun Phase 5 validation.",LOW — presentation/editorial structure only,PASS
https://echobuddha.com/daily-reflections/rest-without-escape/,src/pages/daily-reflections/[slug].astro,/daily-reflections/rest-without-escape/,4bbeef7a85d071752f9c1d0ec23e0ce1ff348505,Compressed the article-like sequence into a form-specific reflection flow and integrated the natural next step with the concrete situation.,Purpose-specific family structure without changing protected content facts or controls,Role; owner; index state; sitemap; canonical; source; safety; attribution; AdSense route behavior,"Restore the listed file(s) from 4bbeef7a85d071752f9c1d0ec23e0ce1ff348505, rebuild, and rerun Phase 5 validation.",LOW — presentation/editorial structure only,PASS
https://echobuddha.com/daily-reflections/see-the-conditions/,src/pages/daily-reflections/[slug].astro,/daily-reflections/see-the-conditions/,4bbeef7a85d071752f9c1d0ec23e0ce1ff348505,Compressed the article-like sequence into a form-specific reflection flow and integrated the natural next step with the concrete situation.,Purpose-specific family structure without changing protected content facts or controls,Role; owner; index state; sitemap; canonical; source; safety; attribution; AdSense route behavior,"Restore the listed file(s) from 4bbeef7a85d071752f9c1d0ec23e0ce1ff348505, rebuild, and rerun Phase 5 validation.",LOW — presentation/editorial structure only,PASS
https://echobuddha.com/daily-reflections/simple-goodwill/,src/pages/daily-reflections/[slug].astro,/daily-reflections/simple-goodwill/,4bbeef7a85d071752f9c1d0ec23e0ce1ff348505,Compressed the article-like sequence into a form-specific reflection flow and integrated the natural next step with the concrete situation.,Purpose-specific family structure without changing protected content facts or controls,Role; owner; index state; sitemap; canonical; source; safety; attribution; AdSense route behavior,"Restore the listed file(s) from 4bbeef7a85d071752f9c1d0ec23e0ce1ff348505, rebuild, and rerun Phase 5 validation.",LOW — presentation/editorial structure only,PASS
https://echobuddha.com/daily-reflections/small-actions-shape-the-mind/,src/pages/daily-reflections/[slug].astro,/daily-reflections/small-actions-shape-the-mind/,4bbeef7a85d071752f9c1d0ec23e0ce1ff348505,Compressed the article-like sequence into a form-specific reflection flow and integrated the natural next step with the concrete situation.,Purpose-specific family structure without changing protected content facts or controls,Role; owner; index state; sitemap; canonical; source; safety; attribution; AdSense route behavior,"Restore the listed file(s) from 4bbeef7a85d071752f9c1d0ec23e0ce1ff348505, rebuild, and rerun Phase 5 validation.",LOW — presentation/editorial structure only,PASS
https://echobuddha.com/daily-reflections/soften-the-inner-argument/,src/pages/daily-reflections/[slug].astro,/daily-reflections/soften-the-inner-argument/,4bbeef7a85d071752f9c1d0ec23e0ce1ff348505,Compressed the article-like sequence into a form-specific reflection flow and integrated the natural next step with the concrete situation.,Purpose-specific family structure without changing protected content facts or controls,Role; owner; index state; sitemap; canonical; source; safety; attribution; AdSense route behavior,"Restore the listed file(s) from 4bbeef7a85d071752f9c1d0ec23e0ce1ff348505, rebuild, and rerun Phase 5 validation.",LOW — presentation/editorial structure only,PASS
https://echobuddha.com/daily-reflections/speech-can-reduce-suffering/,src/pages/daily-reflections/[slug].astro,/daily-reflections/speech-can-reduce-suffering/,4bbeef7a85d071752f9c1d0ec23e0ce1ff348505,Compressed the article-like sequence into a form-specific reflection flow and integrated the natural next step with the concrete situation.,Purpose-specific family structure without changing protected content facts or controls,Role; owner; index state; sitemap; canonical; source; safety; attribution; AdSense route behavior,"Restore the listed file(s) from 4bbeef7a85d071752f9c1d0ec23e0ce1ff348505, rebuild, and rerun Phase 5 validation.",LOW — presentation/editorial structure only,PASS
https://echobuddha.com/daily-reflections/the-first-truth-is-kind/,src/pages/daily-reflections/[slug].astro,/daily-reflections/the-first-truth-is-kind/,4bbeef7a85d071752f9c1d0ec23e0ce1ff348505,Compressed the article-like sequence into a form-specific reflection flow and integrated the natural next step with the concrete situation.,Purpose-specific family structure without changing protected content facts or controls,Role; owner; index state; sitemap; canonical; source; safety; attribution; AdSense route behavior,"Restore the listed file(s) from 4bbeef7a85d071752f9c1d0ec23e0ce1ff348505, rebuild, and rerun Phase 5 validation.",LOW — presentation/editorial structure only,PASS
https://echobuddha.com/daily-reflections/thoughts-are-visitors/,src/pages/daily-reflections/[slug].astro,/daily-reflections/thoughts-are-visitors/,4bbeef7a85d071752f9c1d0ec23e0ce1ff348505,Compressed the article-like sequence into a form-specific reflection flow and integrated the natural next step with the concrete situation.,Purpose-specific family structure without changing protected content facts or controls,Role; owner; index state; sitemap; canonical; source; safety; attribution; AdSense route behavior,"Restore the listed file(s) from 4bbeef7a85d071752f9c1d0ec23e0ce1ff348505, rebuild, and rerun Phase 5 validation.",LOW — presentation/editorial structure only,PASS
https://echobuddha.com/daily-reflections/walking-as-practice/,src/pages/daily-reflections/[slug].astro,/daily-reflections/walking-as-practice/,4bbeef7a85d071752f9c1d0ec23e0ce1ff348505,Compressed the article-like sequence into a form-specific reflection flow and integrated the natural next step with the concrete situation.,Purpose-specific family structure without changing protected content facts or controls,Role; owner; index state; sitemap; canonical; source; safety; attribution; AdSense route behavior,"Restore the listed file(s) from 4bbeef7a85d071752f9c1d0ec23e0ce1ff348505, rebuild, and rerun Phase 5 validation.",LOW — presentation/editorial structure only,PASS
https://echobuddha.com/learn/buddhist-dictionary/anatta/,src/pages/learn/[section]/[slug].astro,/learn/buddhist-dictionary/anatta/,4bbeef7a85d071752f9c1d0ec23e0ce1ff348505,"Made the dictionary experience explicitly definitional and compact in its framing: definition, usage/nuance, contextual use, comprehension, and reference boundaries.",Purpose-specific family structure without changing protected content facts or controls,Role; owner; index state; sitemap; canonical; source; safety; attribution; AdSense route behavior,"Restore the listed file(s) from 4bbeef7a85d071752f9c1d0ec23e0ce1ff348505, rebuild, and rerun Phase 5 validation.",LOW — presentation/editorial structure only,PASS
https://echobuddha.com/learn/buddhist-dictionary/anicca/,src/pages/learn/[section]/[slug].astro,/learn/buddhist-dictionary/anicca/,4bbeef7a85d071752f9c1d0ec23e0ce1ff348505,"Made the dictionary experience explicitly definitional and compact in its framing: definition, usage/nuance, contextual use, comprehension, and reference boundaries.",Purpose-specific family structure without changing protected content facts or controls,Role; owner; index state; sitemap; canonical; source; safety; attribution; AdSense route behavior,"Restore the listed file(s) from 4bbeef7a85d071752f9c1d0ec23e0ce1ff348505, rebuild, and rerun Phase 5 validation.",LOW — presentation/editorial structure only,PASS
https://echobuddha.com/learn/buddhist-dictionary/compassion/,src/pages/learn/[section]/[slug].astro,/learn/buddhist-dictionary/compassion/,4bbeef7a85d071752f9c1d0ec23e0ce1ff348505,"Made the dictionary experience explicitly definitional and compact in its framing: definition, usage/nuance, contextual use, comprehension, and reference boundaries.",Purpose-specific family structure without changing protected content facts or controls,Role; owner; index state; sitemap; canonical; source; safety; attribution; AdSense route behavior,"Restore the listed file(s) from 4bbeef7a85d071752f9c1d0ec23e0ce1ff348505, rebuild, and rerun Phase 5 validation.",LOW — presentation/editorial structure only,PASS
https://echobuddha.com/learn/buddhist-dictionary/dhamma/,src/pages/learn/[section]/[slug].astro,/learn/buddhist-dictionary/dhamma/,4bbeef7a85d071752f9c1d0ec23e0ce1ff348505,"Made the dictionary experience explicitly definitional and compact in its framing: definition, usage/nuance, contextual use, comprehension, and reference boundaries.",Purpose-specific family structure without changing protected content facts or controls,Role; owner; index state; sitemap; canonical; source; safety; attribution; AdSense route behavior,"Restore the listed file(s) from 4bbeef7a85d071752f9c1d0ec23e0ce1ff348505, rebuild, and rerun Phase 5 validation.",LOW — presentation/editorial structure only,PASS
https://echobuddha.com/learn/buddhist-dictionary/dukkha/,src/pages/learn/[section]/[slug].astro,/learn/buddhist-dictionary/dukkha/,4bbeef7a85d071752f9c1d0ec23e0ce1ff348505,"Made the dictionary experience explicitly definitional and compact in its framing: definition, usage/nuance, contextual use, comprehension, and reference boundaries.",Purpose-specific family structure without changing protected content facts or controls,Role; owner; index state; sitemap; canonical; source; safety; attribution; AdSense route behavior,"Restore the listed file(s) from 4bbeef7a85d071752f9c1d0ec23e0ce1ff348505, rebuild, and rerun Phase 5 validation.",LOW — presentation/editorial structure only,PASS
https://echobuddha.com/learn/buddhist-dictionary/karma/,src/pages/learn/[section]/[slug].astro,/learn/buddhist-dictionary/karma/,4bbeef7a85d071752f9c1d0ec23e0ce1ff348505,"Made the dictionary experience explicitly definitional and compact in its framing: definition, usage/nuance, contextual use, comprehension, and reference boundaries.",Purpose-specific family structure without changing protected content facts or controls,Role; owner; index state; sitemap; canonical; source; safety; attribution; AdSense route behavior,"Restore the listed file(s) from 4bbeef7a85d071752f9c1d0ec23e0ce1ff348505, rebuild, and rerun Phase 5 validation.",LOW — presentation/editorial structure only,PASS
https://echobuddha.com/learn/buddhist-dictionary/karuna/,src/pages/learn/[section]/[slug].astro,/learn/buddhist-dictionary/karuna/,4bbeef7a85d071752f9c1d0ec23e0ce1ff348505,"Made the dictionary experience explicitly definitional and compact in its framing: definition, usage/nuance, contextual use, comprehension, and reference boundaries.",Purpose-specific family structure without changing protected content facts or controls,Role; owner; index state; sitemap; canonical; source; safety; attribution; AdSense route behavior,"Restore the listed file(s) from 4bbeef7a85d071752f9c1d0ec23e0ce1ff348505, rebuild, and rerun Phase 5 validation.",LOW — presentation/editorial structure only,PASS
https://echobuddha.com/learn/buddhist-dictionary/metta/,src/pages/learn/[section]/[slug].astro,/learn/buddhist-dictionary/metta/,4bbeef7a85d071752f9c1d0ec23e0ce1ff348505,"Made the dictionary experience explicitly definitional and compact in its framing: definition, usage/nuance, contextual use, comprehension, and reference boundaries.",Purpose-specific family structure without changing protected content facts or controls,Role; owner; index state; sitemap; canonical; source; safety; attribution; AdSense route behavior,"Restore the listed file(s) from 4bbeef7a85d071752f9c1d0ec23e0ce1ff348505, rebuild, and rerun Phase 5 validation.",LOW — presentation/editorial structure only,PASS
https://echobuddha.com/learn/buddhist-dictionary/mindfulness/,src/pages/learn/[section]/[slug].astro,/learn/buddhist-dictionary/mindfulness/,4bbeef7a85d071752f9c1d0ec23e0ce1ff348505,"Made the dictionary experience explicitly definitional and compact in its framing: definition, usage/nuance, contextual use, comprehension, and reference boundaries.",Purpose-specific family structure without changing protected content facts or controls,Role; owner; index state; sitemap; canonical; source; safety; attribution; AdSense route behavior,"Restore the listed file(s) from 4bbeef7a85d071752f9c1d0ec23e0ce1ff348505, rebuild, and rerun Phase 5 validation.",LOW — presentation/editorial structure only,PASS
https://echobuddha.com/learn/buddhist-dictionary/nirvana/,src/pages/learn/[section]/[slug].astro,/learn/buddhist-dictionary/nirvana/,4bbeef7a85d071752f9c1d0ec23e0ce1ff348505,"Made the dictionary experience explicitly definitional and compact in its framing: definition, usage/nuance, contextual use, comprehension, and reference boundaries.",Purpose-specific family structure without changing protected content facts or controls,Role; owner; index state; sitemap; canonical; source; safety; attribution; AdSense route behavior,"Restore the listed file(s) from 4bbeef7a85d071752f9c1d0ec23e0ce1ff348505, rebuild, and rerun Phase 5 validation.",LOW — presentation/editorial structure only,PASS
https://echobuddha.com/learn/buddhist-dictionary/pali-canon/,src/pages/learn/[section]/[slug].astro,/learn/buddhist-dictionary/pali-canon/,4bbeef7a85d071752f9c1d0ec23e0ce1ff348505,"Made the dictionary experience explicitly definitional and compact in its framing: definition, usage/nuance, contextual use, comprehension, and reference boundaries.",Purpose-specific family structure without changing protected content facts or controls,Role; owner; index state; sitemap; canonical; source; safety; attribution; AdSense route behavior,"Restore the listed file(s) from 4bbeef7a85d071752f9c1d0ec23e0ce1ff348505, rebuild, and rerun Phase 5 validation.",LOW — presentation/editorial structure only,PASS
https://echobuddha.com/learn/buddhist-dictionary/sangha/,src/pages/learn/[section]/[slug].astro,/learn/buddhist-dictionary/sangha/,4bbeef7a85d071752f9c1d0ec23e0ce1ff348505,"Made the dictionary experience explicitly definitional and compact in its framing: definition, usage/nuance, contextual use, comprehension, and reference boundaries.",Purpose-specific family structure without changing protected content facts or controls,Role; owner; index state; sitemap; canonical; source; safety; attribution; AdSense route behavior,"Restore the listed file(s) from 4bbeef7a85d071752f9c1d0ec23e0ce1ff348505, rebuild, and rerun Phase 5 validation.",LOW — presentation/editorial structure only,PASS
https://echobuddha.com/learn/buddhist-dictionary/sati/,src/pages/learn/[section]/[slug].astro,/learn/buddhist-dictionary/sati/,4bbeef7a85d071752f9c1d0ec23e0ce1ff348505,"Made the dictionary experience explicitly definitional and compact in its framing: definition, usage/nuance, contextual use, comprehension, and reference boundaries.",Purpose-specific family structure without changing protected content facts or controls,Role; owner; index state; sitemap; canonical; source; safety; attribution; AdSense route behavior,"Restore the listed file(s) from 4bbeef7a85d071752f9c1d0ec23e0ce1ff348505, rebuild, and rerun Phase 5 validation.",LOW — presentation/editorial structure only,PASS
https://echobuddha.com/learn/buddhist-dictionary/sutta/,src/pages/learn/[section]/[slug].astro,/learn/buddhist-dictionary/sutta/,4bbeef7a85d071752f9c1d0ec23e0ce1ff348505,"Made the dictionary experience explicitly definitional and compact in its framing: definition, usage/nuance, contextual use, comprehension, and reference boundaries.",Purpose-specific family structure without changing protected content facts or controls,Role; owner; index state; sitemap; canonical; source; safety; attribution; AdSense route behavior,"Restore the listed file(s) from 4bbeef7a85d071752f9c1d0ec23e0ce1ff348505, rebuild, and rerun Phase 5 validation.",LOW — presentation/editorial structure only,PASS
https://echobuddha.com/learn/dhammapada-reflections/avoid-evil-do-good-purify-the-mind/,src/pages/learn/[section]/[slug].astro,/learn/dhammapada-reflections/avoid-evil-do-good-purify-the-mind/,4bbeef7a85d071752f9c1d0ec23e0ce1ff348505,"Made source-study framing explicit through study focus, passage significance, interpretive boundary, editorial reflection, and text/source notes.",Purpose-specific family structure without changing protected content facts or controls,Role; owner; index state; sitemap; canonical; source; safety; attribution; AdSense route behavior,"Restore the listed file(s) from 4bbeef7a85d071752f9c1d0ec23e0ce1ff348505, rebuild, and rerun Phase 5 validation.",LOW — presentation/editorial structure only,PASS
https://echobuddha.com/learn/dhammapada-reflections/better-than-a-thousand-empty-words/,src/pages/learn/[section]/[slug].astro,/learn/dhammapada-reflections/better-than-a-thousand-empty-words/,4bbeef7a85d071752f9c1d0ec23e0ce1ff348505,"Made source-study framing explicit through study focus, passage significance, interpretive boundary, editorial reflection, and text/source notes.",Purpose-specific family structure without changing protected content facts or controls,Role; owner; index state; sitemap; canonical; source; safety; attribution; AdSense route behavior,"Restore the listed file(s) from 4bbeef7a85d071752f9c1d0ec23e0ce1ff348505, rebuild, and rerun Phase 5 validation.",LOW — presentation/editorial structure only,PASS
https://echobuddha.com/learn/dhammapada-reflections/hatred-is-not-ended-by-hatred/,src/pages/learn/[section]/[slug].astro,/learn/dhammapada-reflections/hatred-is-not-ended-by-hatred/,4bbeef7a85d071752f9c1d0ec23e0ce1ff348505,"Made source-study framing explicit through study focus, passage significance, interpretive boundary, editorial reflection, and text/source notes.",Purpose-specific family structure without changing protected content facts or controls,Role; owner; index state; sitemap; canonical; source; safety; attribution; AdSense route behavior,"Restore the listed file(s) from 4bbeef7a85d071752f9c1d0ec23e0ce1ff348505, rebuild, and rerun Phase 5 validation.",LOW — presentation/editorial structure only,PASS
https://echobuddha.com/learn/dhammapada-reflections/peace-comes-from-a-trained-mind/,src/pages/learn/[section]/[slug].astro,/learn/dhammapada-reflections/peace-comes-from-a-trained-mind/,4bbeef7a85d071752f9c1d0ec23e0ce1ff348505,"Made source-study framing explicit through study focus, passage significance, interpretive boundary, editorial reflection, and text/source notes.",Purpose-specific family structure without changing protected content facts or controls,Role; owner; index state; sitemap; canonical; source; safety; attribution; AdSense route behavior,"Restore the listed file(s) from 4bbeef7a85d071752f9c1d0ec23e0ce1ff348505, rebuild, and rerun Phase 5 validation.",LOW — presentation/editorial structure only,PASS
https://echobuddha.com/learn/dhammapada-reflections/the-mind-leads-all-things/,src/pages/learn/[section]/[slug].astro,/learn/dhammapada-reflections/the-mind-leads-all-things/,4bbeef7a85d071752f9c1d0ec23e0ce1ff348505,"Made source-study framing explicit through study focus, passage significance, interpretive boundary, editorial reflection, and text/source notes.",Purpose-specific family structure without changing protected content facts or controls,Role; owner; index state; sitemap; canonical; source; safety; attribution; AdSense route behavior,"Restore the listed file(s) from 4bbeef7a85d071752f9c1d0ec23e0ce1ff348505, rebuild, and rerun Phase 5 validation.",LOW — presentation/editorial structure only,PASS
https://echobuddha.com/learn/sutta-for-daily-life/buddhas-teaching-on-patience/,src/pages/learn/[section]/[slug].astro,/learn/sutta-for-daily-life/buddhas-teaching-on-patience/,4bbeef7a85d071752f9c1d0ec23e0ce1ff348505,"Made source-study framing explicit through study focus, passage significance, interpretive boundary, editorial reflection, and text/source notes.",Purpose-specific family structure without changing protected content facts or controls,Role; owner; index state; sitemap; canonical; source; safety; attribution; AdSense route behavior,"Restore the listed file(s) from 4bbeef7a85d071752f9c1d0ec23e0ce1ff348505, rebuild, and rerun Phase 5 validation.",LOW — presentation/editorial structure only,PASS
https://echobuddha.com/learn/sutta-for-daily-life/dhammacakkappavattana-sutta-four-noble-truths/,src/pages/learn/[section]/[slug].astro,/learn/sutta-for-daily-life/dhammacakkappavattana-sutta-four-noble-truths/,4bbeef7a85d071752f9c1d0ec23e0ce1ff348505,"Made source-study framing explicit through study focus, passage significance, interpretive boundary, editorial reflection, and text/source notes.",Purpose-specific family structure without changing protected content facts or controls,Role; owner; index state; sitemap; canonical; source; safety; attribution; AdSense route behavior,"Restore the listed file(s) from 4bbeef7a85d071752f9c1d0ec23e0ce1ff348505, rebuild, and rerun Phase 5 validation.",LOW — presentation/editorial structure only,PASS
https://echobuddha.com/learn/sutta-for-daily-life/kalama-sutta-and-wise-thinking/,src/pages/learn/[section]/[slug].astro,/learn/sutta-for-daily-life/kalama-sutta-and-wise-thinking/,4bbeef7a85d071752f9c1d0ec23e0ce1ff348505,"Made source-study framing explicit through study focus, passage significance, interpretive boundary, editorial reflection, and text/source notes.",Purpose-specific family structure without changing protected content facts or controls,Role; owner; index state; sitemap; canonical; source; safety; attribution; AdSense route behavior,"Restore the listed file(s) from 4bbeef7a85d071752f9c1d0ec23e0ce1ff348505, rebuild, and rerun Phase 5 validation.",LOW — presentation/editorial structure only,PASS
https://echobuddha.com/learn/sutta-for-daily-life/magga-vibhanga-sutta-eightfold-path/,src/pages/learn/[section]/[slug].astro,/learn/sutta-for-daily-life/magga-vibhanga-sutta-eightfold-path/,4bbeef7a85d071752f9c1d0ec23e0ce1ff348505,"Made source-study framing explicit through study focus, passage significance, interpretive boundary, editorial reflection, and text/source notes.",Purpose-specific family structure without changing protected content facts or controls,Role; owner; index state; sitemap; canonical; source; safety; attribution; AdSense route behavior,"Restore the listed file(s) from 4bbeef7a85d071752f9c1d0ec23e0ce1ff348505, rebuild, and rerun Phase 5 validation.",LOW — presentation/editorial structure only,PASS
https://echobuddha.com/learn/sutta-for-daily-life/metta-sutta-explained-for-daily-life/,src/pages/learn/[section]/[slug].astro,/learn/sutta-for-daily-life/metta-sutta-explained-for-daily-life/,4bbeef7a85d071752f9c1d0ec23e0ce1ff348505,"Made source-study framing explicit through study focus, passage significance, interpretive boundary, editorial reflection, and text/source notes.",Purpose-specific family structure without changing protected content facts or controls,Role; owner; index state; sitemap; canonical; source; safety; attribution; AdSense route behavior,"Restore the listed file(s) from 4bbeef7a85d071752f9c1d0ec23e0ce1ff348505, rebuild, and rerun Phase 5 validation.",LOW — presentation/editorial structure only,PASS
https://echobuddha.com/learn/sutta-for-daily-life/mindfulness-of-breathing-explained-simply/,src/pages/learn/[section]/[slug].astro,/learn/sutta-for-daily-life/mindfulness-of-breathing-explained-simply/,4bbeef7a85d071752f9c1d0ec23e0ce1ff348505,"Made source-study framing explicit through study focus, passage significance, interpretive boundary, editorial reflection, and text/source notes.",Purpose-specific family structure without changing protected content facts or controls,Role; owner; index state; sitemap; canonical; source; safety; attribution; AdSense route behavior,"Restore the listed file(s) from 4bbeef7a85d071752f9c1d0ec23e0ce1ff348505, rebuild, and rerun Phase 5 validation.",LOW — presentation/editorial structure only,PASS
https://echobuddha.com/learn/sutta-for-daily-life/right-speech-in-daily-life/,src/pages/learn/[section]/[slug].astro,/learn/sutta-for-daily-life/right-speech-in-daily-life/,4bbeef7a85d071752f9c1d0ec23e0ce1ff348505,"Made source-study framing explicit through study focus, passage significance, interpretive boundary, editorial reflection, and text/source notes.",Purpose-specific family structure without changing protected content facts or controls,Role; owner; index state; sitemap; canonical; source; safety; attribution; AdSense route behavior,"Restore the listed file(s) from 4bbeef7a85d071752f9c1d0ec23e0ce1ff348505, rebuild, and rerun Phase 5 validation.",LOW — presentation/editorial structure only,PASS
https://echobuddha.com/meditation/10-minute-meditation-practice/,src/pages/meditation/[slug].astro,/meditation/10-minute-meditation-practice/,4bbeef7a85d071752f9c1d0ec23e0ce1ff348505,"Separated meditation guidance from the generic learning-page labels with a practice-led purpose, difficulty, session, and post-session sequence.",Purpose-specific family structure without changing protected content facts or controls,Role; owner; index state; sitemap; canonical; source; safety; attribution; AdSense route behavior,"Restore the listed file(s) from 4bbeef7a85d071752f9c1d0ec23e0ce1ff348505, rebuild, and rerun Phase 5 validation.",LOW — presentation/editorial structure only,PASS
https://echobuddha.com/meditation/5-minute-meditation-practice/,src/pages/meditation/[slug].astro,/meditation/5-minute-meditation-practice/,4bbeef7a85d071752f9c1d0ec23e0ce1ff348505,"Separated meditation guidance from the generic learning-page labels with a practice-led purpose, difficulty, session, and post-session sequence.",Purpose-specific family structure without changing protected content facts or controls,Role; owner; index state; sitemap; canonical; source; safety; attribution; AdSense route behavior,"Restore the listed file(s) from 4bbeef7a85d071752f9c1d0ec23e0ce1ff348505, rebuild, and rerun Phase 5 validation.",LOW — presentation/editorial structure only,PASS
https://echobuddha.com/meditation/breathing-meditation/,src/pages/meditation/[slug].astro,/meditation/breathing-meditation/,4bbeef7a85d071752f9c1d0ec23e0ce1ff348505,"Separated meditation guidance from the generic learning-page labels with a practice-led purpose, difficulty, session, and post-session sequence.",Purpose-specific family structure without changing protected content facts or controls,Role; owner; index state; sitemap; canonical; source; safety; attribution; AdSense route behavior,"Restore the listed file(s) from 4bbeef7a85d071752f9c1d0ec23e0ce1ff348505, rebuild, and rerun Phase 5 validation.",LOW — presentation/editorial structure only,PASS
https://echobuddha.com/meditation/loving-kindness-meditation/,src/pages/meditation/[slug].astro,/meditation/loving-kindness-meditation/,4bbeef7a85d071752f9c1d0ec23e0ce1ff348505,"Separated meditation guidance from the generic learning-page labels with a practice-led purpose, difficulty, session, and post-session sequence.",Purpose-specific family structure without changing protected content facts or controls,Role; owner; index state; sitemap; canonical; source; safety; attribution; AdSense route behavior,"Restore the listed file(s) from 4bbeef7a85d071752f9c1d0ec23e0ce1ff348505, rebuild, and rerun Phase 5 validation.",LOW — presentation/editorial structure only,PASS
https://echobuddha.com/meditation/meditation-for-beginners/,src/pages/meditation/[slug].astro,/meditation/meditation-for-beginners/,4bbeef7a85d071752f9c1d0ec23e0ce1ff348505,"Separated meditation guidance from the generic learning-page labels with a practice-led purpose, difficulty, session, and post-session sequence.",Purpose-specific family structure without changing protected content facts or controls,Role; owner; index state; sitemap; canonical; source; safety; attribution; AdSense route behavior,"Restore the listed file(s) from 4bbeef7a85d071752f9c1d0ec23e0ce1ff348505, rebuild, and rerun Phase 5 validation.",LOW — presentation/editorial structure only,PASS
https://echobuddha.com/meditation/meditation-posture-for-beginners/,src/pages/meditation/[slug].astro,/meditation/meditation-posture-for-beginners/,4bbeef7a85d071752f9c1d0ec23e0ce1ff348505,"Separated meditation guidance from the generic learning-page labels with a practice-led purpose, difficulty, session, and post-session sequence.",Purpose-specific family structure without changing protected content facts or controls,Role; owner; index state; sitemap; canonical; source; safety; attribution; AdSense route behavior,"Restore the listed file(s) from 4bbeef7a85d071752f9c1d0ec23e0ce1ff348505, rebuild, and rerun Phase 5 validation.",LOW — presentation/editorial structure only,PASS
https://echobuddha.com/meditation/mindfulness-in-daily-life/,src/pages/meditation/[slug].astro,/meditation/mindfulness-in-daily-life/,4bbeef7a85d071752f9c1d0ec23e0ce1ff348505,"Separated meditation guidance from the generic learning-page labels with a practice-led purpose, difficulty, session, and post-session sequence.",Purpose-specific family structure without changing protected content facts or controls,Role; owner; index state; sitemap; canonical; source; safety; attribution; AdSense route behavior,"Restore the listed file(s) from 4bbeef7a85d071752f9c1d0ec23e0ce1ff348505, rebuild, and rerun Phase 5 validation.",LOW — presentation/editorial structure only,PASS
https://echobuddha.com/meditation/walking-meditation/,src/pages/meditation/[slug].astro,/meditation/walking-meditation/,4bbeef7a85d071752f9c1d0ec23e0ce1ff348505,"Separated meditation guidance from the generic learning-page labels with a practice-led purpose, difficulty, session, and post-session sequence.",Purpose-specific family structure without changing protected content facts or controls,Role; owner; index state; sitemap; canonical; source; safety; attribution; AdSense route behavior,"Restore the listed file(s) from 4bbeef7a85d071752f9c1d0ec23e0ce1ff348505, rebuild, and rerun Phase 5 validation.",LOW — presentation/editorial structure only,PASS
https://echobuddha.com/meditation/when-meditation-feels-hard/,src/pages/meditation/[slug].astro,/meditation/when-meditation-feels-hard/,4bbeef7a85d071752f9c1d0ec23e0ce1ff348505,"Separated meditation guidance from the generic learning-page labels with a practice-led purpose, difficulty, session, and post-session sequence.",Purpose-specific family structure without changing protected content facts or controls,Role; owner; index state; sitemap; canonical; source; safety; attribution; AdSense route behavior,"Restore the listed file(s) from 4bbeef7a85d071752f9c1d0ec23e0ce1ff348505, rebuild, and rerun Phase 5 validation.",LOW — presentation/editorial structure only,PASS
https://echobuddha.com/quotes/awareness/acceptance-before-next-step/,src/data/site.ts; src/pages/quotes/[category]/[story].astro,/quotes/awareness/acceptance-before-next-step/,4bbeef7a85d071752f9c1d0ec23e0ce1ff348505,Replaced the site-wide story/application/practice heading shell with theme-led reflection movements; consolidated the context callout; removed the redundant generic closing.,Purpose-specific family structure without changing protected content facts or controls,Role; owner; index state; sitemap; canonical; source; safety; attribution; AdSense route behavior,"Restore the listed file(s) from 4bbeef7a85d071752f9c1d0ec23e0ce1ff348505, rebuild, and rerun Phase 5 validation.",LOW — presentation/editorial structure only,PASS
https://echobuddha.com/quotes/awareness/anger-asks-for-speed-awareness-asks-for-one-more/,src/data/site.ts; src/pages/quotes/[category]/[story].astro,/quotes/awareness/anger-asks-for-speed-awareness-asks-for-one-more/,4bbeef7a85d071752f9c1d0ec23e0ce1ff348505,Replaced the site-wide story/application/practice heading shell with theme-led reflection movements; consolidated the context callout; removed the redundant generic closing.,Purpose-specific family structure without changing protected content facts or controls,Role; owner; index state; sitemap; canonical; source; safety; attribution; AdSense route behavior,"Restore the listed file(s) from 4bbeef7a85d071752f9c1d0ec23e0ce1ff348505, rebuild, and rerun Phase 5 validation.",LOW — presentation/editorial structure only,PASS
https://echobuddha.com/quotes/awareness/awareness-does-not-remove-the-storm-it-keeps-you/,src/data/site.ts; src/pages/quotes/[category]/[story].astro,/quotes/awareness/awareness-does-not-remove-the-storm-it-keeps-you/,4bbeef7a85d071752f9c1d0ec23e0ce1ff348505,Replaced the site-wide story/application/practice heading shell with theme-led reflection movements; consolidated the context callout; removed the redundant generic closing.,Purpose-specific family structure without changing protected content facts or controls,Role; owner; index state; sitemap; canonical; source; safety; attribution; AdSense route behavior,"Restore the listed file(s) from 4bbeef7a85d071752f9c1d0ec23e0ce1ff348505, rebuild, and rerun Phase 5 validation.",LOW — presentation/editorial structure only,PASS
https://echobuddha.com/quotes/awareness/clear-seeing-begins-with-the-courage-to-stop-looking/,src/data/site.ts; src/pages/quotes/[category]/[story].astro,/quotes/awareness/clear-seeing-begins-with-the-courage-to-stop-looking/,4bbeef7a85d071752f9c1d0ec23e0ce1ff348505,Replaced the site-wide story/application/practice heading shell with theme-led reflection movements; consolidated the context callout; removed the redundant generic closing.,Purpose-specific family structure without changing protected content facts or controls,Role; owner; index state; sitemap; canonical; source; safety; attribution; AdSense route behavior,"Restore the listed file(s) from 4bbeef7a85d071752f9c1d0ec23e0ce1ff348505, rebuild, and rerun Phase 5 validation.",LOW — presentation/editorial structure only,PASS
https://echobuddha.com/quotes/awareness/feelings-are-honest-about-their-presence-not-always-about/,src/data/site.ts; src/pages/quotes/[category]/[story].astro,/quotes/awareness/feelings-are-honest-about-their-presence-not-always-about/,4bbeef7a85d071752f9c1d0ec23e0ce1ff348505,Replaced the site-wide story/application/practice heading shell with theme-led reflection movements; consolidated the context callout; removed the redundant generic closing.,Purpose-specific family structure without changing protected content facts or controls,Role; owner; index state; sitemap; canonical; source; safety; attribution; AdSense route behavior,"Restore the listed file(s) from 4bbeef7a85d071752f9c1d0ec23e0ce1ff348505, rebuild, and rerun Phase 5 validation.",LOW — presentation/editorial structure only,PASS
https://echobuddha.com/quotes/awareness/feelings-without-the-wheel/,src/data/site.ts; src/pages/quotes/[category]/[story].astro,/quotes/awareness/feelings-without-the-wheel/,4bbeef7a85d071752f9c1d0ec23e0ce1ff348505,Replaced the site-wide story/application/practice heading shell with theme-led reflection movements; consolidated the context callout; removed the redundant generic closing.,Purpose-specific family structure without changing protected content facts or controls,Role; owner; index state; sitemap; canonical; source; safety; attribution; AdSense route behavior,"Restore the listed file(s) from 4bbeef7a85d071752f9c1d0ec23e0ce1ff348505, rebuild, and rerun Phase 5 validation.",LOW — presentation/editorial structure only,PASS
https://echobuddha.com/quotes/awareness/look-beneath-the-reaction-and-you-may-find-a/,src/data/site.ts; src/pages/quotes/[category]/[story].astro,/quotes/awareness/look-beneath-the-reaction-and-you-may-find-a/,4bbeef7a85d071752f9c1d0ec23e0ce1ff348505,Replaced the site-wide story/application/practice heading shell with theme-led reflection movements; consolidated the context callout; removed the redundant generic closing.,Purpose-specific family structure without changing protected content facts or controls,Role; owner; index state; sitemap; canonical; source; safety; attribution; AdSense route behavior,"Restore the listed file(s) from 4bbeef7a85d071752f9c1d0ec23e0ce1ff348505, rebuild, and rerun Phase 5 validation.",LOW — presentation/editorial structure only,PASS
https://echobuddha.com/quotes/awareness/name-the-feeling-gently-and-it-may-stop-speaking/,src/data/site.ts; src/pages/quotes/[category]/[story].astro,/quotes/awareness/name-the-feeling-gently-and-it-may-stop-speaking/,4bbeef7a85d071752f9c1d0ec23e0ce1ff348505,Replaced the site-wide story/application/practice heading shell with theme-led reflection movements; consolidated the context callout; removed the redundant generic closing.,Purpose-specific family structure without changing protected content facts or controls,Role; owner; index state; sitemap; canonical; source; safety; attribution; AdSense route behavior,"Restore the listed file(s) from 4bbeef7a85d071752f9c1d0ec23e0ce1ff348505, rebuild, and rerun Phase 5 validation.",LOW — presentation/editorial structure only,PASS
https://echobuddha.com/quotes/awareness/notice-the-habit-before-trying-to-become-someone-without/,src/data/site.ts; src/pages/quotes/[category]/[story].astro,/quotes/awareness/notice-the-habit-before-trying-to-become-someone-without/,4bbeef7a85d071752f9c1d0ec23e0ce1ff348505,Replaced the site-wide story/application/practice heading shell with theme-led reflection movements; consolidated the context callout; removed the redundant generic closing.,Purpose-specific family structure without changing protected content facts or controls,Role; owner; index state; sitemap; canonical; source; safety; attribution; AdSense route behavior,"Restore the listed file(s) from 4bbeef7a85d071752f9c1d0ec23e0ce1ff348505, rebuild, and rerun Phase 5 validation.",LOW — presentation/editorial structure only,PASS
https://echobuddha.com/quotes/awareness/one-breath-before-anger-replies/,src/data/site.ts; src/pages/quotes/[category]/[story].astro,/quotes/awareness/one-breath-before-anger-replies/,4bbeef7a85d071752f9c1d0ec23e0ce1ff348505,Replaced the site-wide story/application/practice heading shell with theme-led reflection movements; consolidated the context callout; removed the redundant generic closing.,Purpose-specific family structure without changing protected content facts or controls,Role; owner; index state; sitemap; canonical; source; safety; attribution; AdSense route behavior,"Restore the listed file(s) from 4bbeef7a85d071752f9c1d0ec23e0ce1ff348505, rebuild, and rerun Phase 5 validation.",LOW — presentation/editorial structure only,PASS
https://echobuddha.com/quotes/awareness/small-acts-of-attention-can-turn-an-ordinary-day/,src/data/site.ts; src/pages/quotes/[category]/[story].astro,/quotes/awareness/small-acts-of-attention-can-turn-an-ordinary-day/,4bbeef7a85d071752f9c1d0ec23e0ce1ff348505,Replaced the site-wide story/application/practice heading shell with theme-led reflection movements; consolidated the context callout; removed the redundant generic closing.,Purpose-specific family structure without changing protected content facts or controls,Role; owner; index state; sitemap; canonical; source; safety; attribution; AdSense route behavior,"Restore the listed file(s) from 4bbeef7a85d071752f9c1d0ec23e0ce1ff348505, rebuild, and rerun Phase 5 validation.",LOW — presentation/editorial structure only,PASS
https://echobuddha.com/quotes/awareness/the-body-often-knows-you-are-overwhelmed-before-the/,src/data/site.ts; src/pages/quotes/[category]/[story].astro,/quotes/awareness/the-body-often-knows-you-are-overwhelmed-before-the/,4bbeef7a85d071752f9c1d0ec23e0ce1ff348505,Replaced the site-wide story/application/practice heading shell with theme-led reflection movements; consolidated the context callout; removed the redundant generic closing.,Purpose-specific family structure without changing protected content facts or controls,Role; owner; index state; sitemap; canonical; source; safety; attribution; AdSense route behavior,"Restore the listed file(s) from 4bbeef7a85d071752f9c1d0ec23e0ce1ff348505, rebuild, and rerun Phase 5 validation.",LOW — presentation/editorial structure only,PASS
https://echobuddha.com/quotes/awareness/thoughts-are-visitors/,src/data/site.ts; src/pages/quotes/[category]/[story].astro,/quotes/awareness/thoughts-are-visitors/,4bbeef7a85d071752f9c1d0ec23e0ce1ff348505,Replaced the site-wide story/application/practice heading shell with theme-led reflection movements; consolidated the context callout; removed the redundant generic closing.,Purpose-specific family structure without changing protected content facts or controls,Role; owner; index state; sitemap; canonical; source; safety; attribution; AdSense route behavior,"Restore the listed file(s) from 4bbeef7a85d071752f9c1d0ec23e0ce1ff348505, rebuild, and rerun Phase 5 validation.",LOW — presentation/editorial structure only,PASS
https://echobuddha.com/quotes/awareness/thoughts-pass-without-commanding-you/,src/data/site.ts; src/pages/quotes/[category]/[story].astro,/quotes/awareness/thoughts-pass-without-commanding-you/,4bbeef7a85d071752f9c1d0ec23e0ce1ff348505,Replaced the site-wide story/application/practice heading shell with theme-led reflection movements; consolidated the context callout; removed the redundant generic closing.,Purpose-specific family structure without changing protected content facts or controls,Role; owner; index state; sitemap; canonical; source; safety; attribution; AdSense route behavior,"Restore the listed file(s) from 4bbeef7a85d071752f9c1d0ec23e0ce1ff348505, rebuild, and rerun Phase 5 validation.",LOW — presentation/editorial structure only,PASS
https://echobuddha.com/quotes/awareness/what-you-can-observe-clearly-no-longer-controls-you/,src/data/site.ts; src/pages/quotes/[category]/[story].astro,/quotes/awareness/what-you-can-observe-clearly-no-longer-controls-you/,4bbeef7a85d071752f9c1d0ec23e0ce1ff348505,Replaced the site-wide story/application/practice heading shell with theme-led reflection movements; consolidated the context callout; removed the redundant generic closing.,Purpose-specific family structure without changing protected content facts or controls,Role; owner; index state; sitemap; canonical; source; safety; attribution; AdSense route behavior,"Restore the listed file(s) from 4bbeef7a85d071752f9c1d0ec23e0ce1ff348505, rebuild, and rerun Phase 5 validation.",LOW — presentation/editorial structure only,PASS
https://echobuddha.com/quotes/awareness/when-the-mind-tightens-let-the-body-be-your/,src/data/site.ts; src/pages/quotes/[category]/[story].astro,/quotes/awareness/when-the-mind-tightens-let-the-body-be-your/,4bbeef7a85d071752f9c1d0ec23e0ce1ff348505,Replaced the site-wide story/application/practice heading shell with theme-led reflection movements; consolidated the context callout; removed the redundant generic closing.,Purpose-specific family structure without changing protected content facts or controls,Role; owner; index state; sitemap; canonical; source; safety; attribution; AdSense route behavior,"Restore the listed file(s) from 4bbeef7a85d071752f9c1d0ec23e0ce1ff348505, rebuild, and rerun Phase 5 validation.",LOW — presentation/editorial structure only,PASS
https://echobuddha.com/quotes/compassion/a-gentle-response-can-end-suffering-that-anger-would/,src/data/site.ts; src/pages/quotes/[category]/[story].astro,/quotes/compassion/a-gentle-response-can-end-suffering-that-anger-would/,4bbeef7a85d071752f9c1d0ec23e0ce1ff348505,Replaced the site-wide story/application/practice heading shell with theme-led reflection movements; consolidated the context callout; removed the redundant generic closing.,Purpose-specific family structure without changing protected content facts or controls,Role; owner; index state; sitemap; canonical; source; safety; attribution; AdSense route behavior,"Restore the listed file(s) from 4bbeef7a85d071752f9c1d0ec23e0ce1ff348505, rebuild, and rerun Phase 5 validation.",LOW — presentation/editorial structure only,PASS
https://echobuddha.com/quotes/compassion/before-judging-another-life-remember-how-much-of-your/,src/data/site.ts; src/pages/quotes/[category]/[story].astro,/quotes/compassion/before-judging-another-life-remember-how-much-of-your/,4bbeef7a85d071752f9c1d0ec23e0ce1ff348505,Replaced the site-wide story/application/practice heading shell with theme-led reflection movements; consolidated the context callout; removed the redundant generic closing.,Purpose-specific family structure without changing protected content facts or controls,Role; owner; index state; sitemap; canonical; source; safety; attribution; AdSense route behavior,"Restore the listed file(s) from 4bbeef7a85d071752f9c1d0ec23e0ce1ff348505, rebuild, and rerun Phase 5 validation.",LOW — presentation/editorial structure only,PASS
https://echobuddha.com/quotes/compassion/compassion-asks-what-hurts-before-it-asks-who-is/,src/data/site.ts; src/pages/quotes/[category]/[story].astro,/quotes/compassion/compassion-asks-what-hurts-before-it-asks-who-is/,4bbeef7a85d071752f9c1d0ec23e0ce1ff348505,Replaced the site-wide story/application/practice heading shell with theme-led reflection movements; consolidated the context callout; removed the redundant generic closing.,Purpose-specific family structure without changing protected content facts or controls,Role; owner; index state; sitemap; canonical; source; safety; attribution; AdSense route behavior,"Restore the listed file(s) from 4bbeef7a85d071752f9c1d0ec23e0ce1ff348505, rebuild, and rerun Phase 5 validation.",LOW — presentation/editorial structure only,PASS
https://echobuddha.com/quotes/compassion/compassion-grows-where-judgment-loosens-its-grip/,src/data/site.ts; src/pages/quotes/[category]/[story].astro,/quotes/compassion/compassion-grows-where-judgment-loosens-its-grip/,4bbeef7a85d071752f9c1d0ec23e0ce1ff348505,Replaced the site-wide story/application/practice heading shell with theme-led reflection movements; consolidated the context callout; removed the redundant generic closing.,Purpose-specific family structure without changing protected content facts or controls,Role; owner; index state; sitemap; canonical; source; safety; attribution; AdSense route behavior,"Restore the listed file(s) from 4bbeef7a85d071752f9c1d0ec23e0ce1ff348505, rebuild, and rerun Phase 5 validation.",LOW — presentation/editorial structure only,PASS
https://echobuddha.com/quotes/compassion/compassion-sees-pain-clearly/,src/data/site.ts; src/pages/quotes/[category]/[story].astro,/quotes/compassion/compassion-sees-pain-clearly/,4bbeef7a85d071752f9c1d0ec23e0ce1ff348505,Replaced the site-wide story/application/practice heading shell with theme-led reflection movements; consolidated the context callout; removed the redundant generic closing.,Purpose-specific family structure without changing protected content facts or controls,Role; owner; index state; sitemap; canonical; source; safety; attribution; AdSense route behavior,"Restore the listed file(s) from 4bbeef7a85d071752f9c1d0ec23e0ce1ff348505, rebuild, and rerun Phase 5 validation.",LOW — presentation/editorial structure only,PASS
https://echobuddha.com/quotes/compassion/gentle-self-compassion/,src/data/site.ts; src/pages/quotes/[category]/[story].astro,/quotes/compassion/gentle-self-compassion/,4bbeef7a85d071752f9c1d0ec23e0ce1ff348505,Replaced the site-wide story/application/practice heading shell with theme-led reflection movements; consolidated the context callout; removed the redundant generic closing.,Purpose-specific family structure without changing protected content facts or controls,Role; owner; index state; sitemap; canonical; source; safety; attribution; AdSense route behavior,"Restore the listed file(s) from 4bbeef7a85d071752f9c1d0ec23e0ce1ff348505, rebuild, and rerun Phase 5 validation.",LOW — presentation/editorial structure only,PASS
https://echobuddha.com/quotes/compassion/kindness-as-quiet-practice/,src/data/site.ts; src/pages/quotes/[category]/[story].astro,/quotes/compassion/kindness-as-quiet-practice/,4bbeef7a85d071752f9c1d0ec23e0ce1ff348505,Replaced the site-wide story/application/practice heading shell with theme-led reflection movements; consolidated the context callout; removed the redundant generic closing.,Purpose-specific family structure without changing protected content facts or controls,Role; owner; index state; sitemap; canonical; source; safety; attribution; AdSense route behavior,"Restore the listed file(s) from 4bbeef7a85d071752f9c1d0ec23e0ce1ff348505, rebuild, and rerun Phase 5 validation.",LOW — presentation/editorial structure only,PASS
https://echobuddha.com/quotes/compassion/kindness-does-not-need-an-audience-to-become-meaningful/,src/data/site.ts; src/pages/quotes/[category]/[story].astro,/quotes/compassion/kindness-does-not-need-an-audience-to-become-meaningful/,4bbeef7a85d071752f9c1d0ec23e0ce1ff348505,Replaced the site-wide story/application/practice heading shell with theme-led reflection movements; consolidated the context callout; removed the redundant generic closing.,Purpose-specific family structure without changing protected content facts or controls,Role; owner; index state; sitemap; canonical; source; safety; attribution; AdSense route behavior,"Restore the listed file(s) from 4bbeef7a85d071752f9c1d0ec23e0ce1ff348505, rebuild, and rerun Phase 5 validation.",LOW — presentation/editorial structure only,PASS
https://echobuddha.com/quotes/compassion/let-kindness-be-the-echo-you-leave-in-every/,src/data/site.ts; src/pages/quotes/[category]/[story].astro,/quotes/compassion/let-kindness-be-the-echo-you-leave-in-every/,4bbeef7a85d071752f9c1d0ec23e0ce1ff348505,Replaced the site-wide story/application/practice heading shell with theme-led reflection movements; consolidated the context callout; removed the redundant generic closing.,Purpose-specific family structure without changing protected content facts or controls,Role; owner; index state; sitemap; canonical; source; safety; attribution; AdSense route behavior,"Restore the listed file(s) from 4bbeef7a85d071752f9c1d0ec23e0ce1ff348505, rebuild, and rerun Phase 5 validation.",LOW — presentation/editorial structure only,PASS
https://echobuddha.com/quotes/compassion/let-your-boundaries-be-clear-and-your-heart-remain/,src/data/site.ts; src/pages/quotes/[category]/[story].astro,/quotes/compassion/let-your-boundaries-be-clear-and-your-heart-remain/,4bbeef7a85d071752f9c1d0ec23e0ce1ff348505,Replaced the site-wide story/application/practice heading shell with theme-led reflection movements; consolidated the context callout; removed the redundant generic closing.,Purpose-specific family structure without changing protected content facts or controls,Role; owner; index state; sitemap; canonical; source; safety; attribution; AdSense route behavior,"Restore the listed file(s) from 4bbeef7a85d071752f9c1d0ec23e0ce1ff348505, rebuild, and rerun Phase 5 validation.",LOW — presentation/editorial structure only,PASS
https://echobuddha.com/quotes/compassion/loving-kindness-without-harm/,src/data/site.ts; src/pages/quotes/[category]/[story].astro,/quotes/compassion/loving-kindness-without-harm/,4bbeef7a85d071752f9c1d0ec23e0ce1ff348505,Replaced the site-wide story/application/practice heading shell with theme-led reflection movements; consolidated the context callout; removed the redundant generic closing.,Purpose-specific family structure without changing protected content facts or controls,Role; owner; index state; sitemap; canonical; source; safety; attribution; AdSense route behavior,"Restore the listed file(s) from 4bbeef7a85d071752f9c1d0ec23e0ce1ff348505, rebuild, and rerun Phase 5 validation.",LOW — presentation/editorial structure only,PASS
https://echobuddha.com/quotes/compassion/offer-others-the-patience-you-hope-to-receive-on/,src/data/site.ts; src/pages/quotes/[category]/[story].astro,/quotes/compassion/offer-others-the-patience-you-hope-to-receive-on/,4bbeef7a85d071752f9c1d0ec23e0ce1ff348505,Replaced the site-wide story/application/practice heading shell with theme-led reflection movements; consolidated the context callout; removed the redundant generic closing.,Purpose-specific family structure without changing protected content facts or controls,Role; owner; index state; sitemap; canonical; source; safety; attribution; AdSense route behavior,"Restore the listed file(s) from 4bbeef7a85d071752f9c1d0ec23e0ce1ff348505, rebuild, and rerun Phase 5 validation.",LOW — presentation/editorial structure only,PASS
https://echobuddha.com/quotes/compassion/small-kindnesses-often-reach-places-that-advice-cannot/,src/data/site.ts; src/pages/quotes/[category]/[story].astro,/quotes/compassion/small-kindnesses-often-reach-places-that-advice-cannot/,4bbeef7a85d071752f9c1d0ec23e0ce1ff348505,Replaced the site-wide story/application/practice heading shell with theme-led reflection movements; consolidated the context callout; removed the redundant generic closing.,Purpose-specific family structure without changing protected content facts or controls,Role; owner; index state; sitemap; canonical; source; safety; attribution; AdSense route behavior,"Restore the listed file(s) from 4bbeef7a85d071752f9c1d0ec23e0ce1ff348505, rebuild, and rerun Phase 5 validation.",LOW — presentation/editorial structure only,PASS
https://echobuddha.com/quotes/compassion/the-heart-becomes-spacious-each-time-it-chooses-care/,src/data/site.ts; src/pages/quotes/[category]/[story].astro,/quotes/compassion/the-heart-becomes-spacious-each-time-it-chooses-care/,4bbeef7a85d071752f9c1d0ec23e0ce1ff348505,Replaced the site-wide story/application/practice heading shell with theme-led reflection movements; consolidated the context callout; removed the redundant generic closing.,Purpose-specific family structure without changing protected content facts or controls,Role; owner; index state; sitemap; canonical; source; safety; attribution; AdSense route behavior,"Restore the listed file(s) from 4bbeef7a85d071752f9c1d0ec23e0ce1ff348505, rebuild, and rerun Phase 5 validation.",LOW — presentation/editorial structure only,PASS
https://echobuddha.com/quotes/compassion/to-understand-someone-is-not-to-excuse-harm-it/,src/data/site.ts; src/pages/quotes/[category]/[story].astro,/quotes/compassion/to-understand-someone-is-not-to-excuse-harm-it/,4bbeef7a85d071752f9c1d0ec23e0ce1ff348505,Replaced the site-wide story/application/practice heading shell with theme-led reflection movements; consolidated the context callout; removed the redundant generic closing.,Purpose-specific family structure without changing protected content facts or controls,Role; owner; index state; sitemap; canonical; source; safety; attribution; AdSense route behavior,"Restore the listed file(s) from 4bbeef7a85d071752f9c1d0ec23e0ce1ff348505, rebuild, and rerun Phase 5 validation.",LOW — presentation/editorial structure only,PASS
https://echobuddha.com/quotes/compassion/when-you-cannot-remove-anothers-burden-do-not-add/,src/data/site.ts; src/pages/quotes/[category]/[story].astro,/quotes/compassion/when-you-cannot-remove-anothers-burden-do-not-add/,4bbeef7a85d071752f9c1d0ec23e0ce1ff348505,Replaced the site-wide story/application/practice heading shell with theme-led reflection movements; consolidated the context callout; removed the redundant generic closing.,Purpose-specific family structure without changing protected content facts or controls,Role; owner; index state; sitemap; canonical; source; safety; attribution; AdSense route behavior,"Restore the listed file(s) from 4bbeef7a85d071752f9c1d0ec23e0ce1ff348505, rebuild, and rerun Phase 5 validation.",LOW — presentation/editorial structure only,PASS
https://echobuddha.com/quotes/impermanence/acceptance-begins-where-the-argument-with-change-ends/,src/data/site.ts; src/pages/quotes/[category]/[story].astro,/quotes/impermanence/acceptance-begins-where-the-argument-with-change-ends/,4bbeef7a85d071752f9c1d0ec23e0ce1ff348505,Replaced the site-wide story/application/practice heading shell with theme-led reflection movements; consolidated the context callout; removed the redundant generic closing.,Purpose-specific family structure without changing protected content facts or controls,Role; owner; index state; sitemap; canonical; source; safety; attribution; AdSense route behavior,"Restore the listed file(s) from 4bbeef7a85d071752f9c1d0ec23e0ce1ff348505, rebuild, and rerun Phase 5 validation.",LOW — presentation/editorial structure only,PASS
https://echobuddha.com/quotes/impermanence/because-this-moment-will-pass-meet-it-while-it/,src/data/site.ts; src/pages/quotes/[category]/[story].astro,/quotes/impermanence/because-this-moment-will-pass-meet-it-while-it/,4bbeef7a85d071752f9c1d0ec23e0ce1ff348505,Replaced the site-wide story/application/practice heading shell with theme-led reflection movements; consolidated the context callout; removed the redundant generic closing.,Purpose-specific family structure without changing protected content facts or controls,Role; owner; index state; sitemap; canonical; source; safety; attribution; AdSense route behavior,"Restore the listed file(s) from 4bbeef7a85d071752f9c1d0ec23e0ce1ff348505, rebuild, and rerun Phase 5 validation.",LOW — presentation/editorial structure only,PASS
https://echobuddha.com/quotes/impermanence/change-is-how-life-continues/,src/data/site.ts; src/pages/quotes/[category]/[story].astro,/quotes/impermanence/change-is-how-life-continues/,4bbeef7a85d071752f9c1d0ec23e0ce1ff348505,Replaced the site-wide story/application/practice heading shell with theme-led reflection movements; consolidated the context callout; removed the redundant generic closing.,Purpose-specific family structure without changing protected content facts or controls,Role; owner; index state; sitemap; canonical; source; safety; attribution; AdSense route behavior,"Restore the listed file(s) from 4bbeef7a85d071752f9c1d0ec23e0ce1ff348505, rebuild, and rerun Phase 5 validation.",LOW — presentation/editorial structure only,PASS
https://echobuddha.com/quotes/impermanence/change-takes-nothing-personally-it-simply-continues/,src/data/site.ts; src/pages/quotes/[category]/[story].astro,/quotes/impermanence/change-takes-nothing-personally-it-simply-continues/,4bbeef7a85d071752f9c1d0ec23e0ce1ff348505,Replaced the site-wide story/application/practice heading shell with theme-led reflection movements; consolidated the context callout; removed the redundant generic closing.,Purpose-specific family structure without changing protected content facts or controls,Role; owner; index state; sitemap; canonical; source; safety; attribution; AdSense route behavior,"Restore the listed file(s) from 4bbeef7a85d071752f9c1d0ec23e0ce1ff348505, rebuild, and rerun Phase 5 validation.",LOW — presentation/editorial structure only,PASS
https://echobuddha.com/quotes/impermanence/everything-changes-including-the-part-of-you-that-fears/,src/data/site.ts; src/pages/quotes/[category]/[story].astro,/quotes/impermanence/everything-changes-including-the-part-of-you-that-fears/,4bbeef7a85d071752f9c1d0ec23e0ce1ff348505,Replaced the site-wide story/application/practice heading shell with theme-led reflection movements; consolidated the context callout; removed the redundant generic closing.,Purpose-specific family structure without changing protected content facts or controls,Role; owner; index state; sitemap; canonical; source; safety; attribution; AdSense route behavior,"Restore the listed file(s) from 4bbeef7a85d071752f9c1d0ec23e0ce1ff348505, rebuild, and rerun Phase 5 validation.",LOW — presentation/editorial structure only,PASS
https://echobuddha.com/quotes/impermanence/hold-each-day-carefully-knowing-it-cannot-be-held/,src/data/site.ts; src/pages/quotes/[category]/[story].astro,/quotes/impermanence/hold-each-day-carefully-knowing-it-cannot-be-held/,4bbeef7a85d071752f9c1d0ec23e0ce1ff348505,Replaced the site-wide story/application/practice heading shell with theme-led reflection movements; consolidated the context callout; removed the redundant generic closing.,Purpose-specific family structure without changing protected content facts or controls,Role; owner; index state; sitemap; canonical; source; safety; attribution; AdSense route behavior,"Restore the listed file(s) from 4bbeef7a85d071752f9c1d0ec23e0ce1ff348505, rebuild, and rerun Phase 5 validation.",LOW — presentation/editorial structure only,PASS
https://echobuddha.com/quotes/impermanence/meet-change-softly/,src/data/site.ts; src/pages/quotes/[category]/[story].astro,/quotes/impermanence/meet-change-softly/,4bbeef7a85d071752f9c1d0ec23e0ce1ff348505,Replaced the site-wide story/application/practice heading shell with theme-led reflection movements; consolidated the context callout; removed the redundant generic closing.,Purpose-specific family structure without changing protected content facts or controls,Role; owner; index state; sitemap; canonical; source; safety; attribution; AdSense route behavior,"Restore the listed file(s) from 4bbeef7a85d071752f9c1d0ec23e0ce1ff348505, rebuild, and rerun Phase 5 validation.",LOW — presentation/editorial structure only,PASS
https://echobuddha.com/quotes/impermanence/no-season-is-asked-to-remain-in-order-to/,src/data/site.ts; src/pages/quotes/[category]/[story].astro,/quotes/impermanence/no-season-is-asked-to-remain-in-order-to/,4bbeef7a85d071752f9c1d0ec23e0ce1ff348505,Replaced the site-wide story/application/practice heading shell with theme-led reflection movements; consolidated the context callout; removed the redundant generic closing.,Purpose-specific family structure without changing protected content facts or controls,Role; owner; index state; sitemap; canonical; source; safety; attribution; AdSense route behavior,"Restore the listed file(s) from 4bbeef7a85d071752f9c1d0ec23e0ce1ff348505, rebuild, and rerun Phase 5 validation.",LOW — presentation/editorial structure only,PASS
https://echobuddha.com/quotes/impermanence/the-fading-flower-does-not-make-its-blooming-less/,src/data/site.ts; src/pages/quotes/[category]/[story].astro,/quotes/impermanence/the-fading-flower-does-not-make-its-blooming-less/,4bbeef7a85d071752f9c1d0ec23e0ce1ff348505,Replaced the site-wide story/application/practice heading shell with theme-led reflection movements; consolidated the context callout; removed the redundant generic closing.,Purpose-specific family structure without changing protected content facts or controls,Role; owner; index state; sitemap; canonical; source; safety; attribution; AdSense route behavior,"Restore the listed file(s) from 4bbeef7a85d071752f9c1d0ec23e0ce1ff348505, rebuild, and rerun Phase 5 validation.",LOW — presentation/editorial structure only,PASS
https://echobuddha.com/quotes/impermanence/the-passing-of-joy-teaches-gratitude-the-passing-of/,src/data/site.ts; src/pages/quotes/[category]/[story].astro,/quotes/impermanence/the-passing-of-joy-teaches-gratitude-the-passing-of/,4bbeef7a85d071752f9c1d0ec23e0ce1ff348505,Replaced the site-wide story/application/practice heading shell with theme-led reflection movements; consolidated the context callout; removed the redundant generic closing.,Purpose-specific family structure without changing protected content facts or controls,Role; owner; index state; sitemap; canonical; source; safety; attribution; AdSense route behavior,"Restore the listed file(s) from 4bbeef7a85d071752f9c1d0ec23e0ce1ff348505, rebuild, and rerun Phase 5 validation.",LOW — presentation/editorial structure only,PASS
https://echobuddha.com/quotes/impermanence/todays-certainty-may-become-tomorrows-lesson-in-humility/,src/data/site.ts; src/pages/quotes/[category]/[story].astro,/quotes/impermanence/todays-certainty-may-become-tomorrows-lesson-in-humility/,4bbeef7a85d071752f9c1d0ec23e0ce1ff348505,Replaced the site-wide story/application/practice heading shell with theme-led reflection movements; consolidated the context callout; removed the redundant generic closing.,Purpose-specific family structure without changing protected content facts or controls,Role; owner; index state; sitemap; canonical; source; safety; attribution; AdSense route behavior,"Restore the listed file(s) from 4bbeef7a85d071752f9c1d0ec23e0ce1ff348505, rebuild, and rerun Phase 5 validation.",LOW — presentation/editorial structure only,PASS
https://echobuddha.com/quotes/impermanence/what-changes-is-not-always-lost-sometimes-it-is/,src/data/site.ts; src/pages/quotes/[category]/[story].astro,/quotes/impermanence/what-changes-is-not-always-lost-sometimes-it-is/,4bbeef7a85d071752f9c1d0ec23e0ce1ff348505,Replaced the site-wide story/application/practice heading shell with theme-led reflection movements; consolidated the context callout; removed the redundant generic closing.,Purpose-specific family structure without changing protected content facts or controls,Role; owner; index state; sitemap; canonical; source; safety; attribution; AdSense route behavior,"Restore the listed file(s) from 4bbeef7a85d071752f9c1d0ec23e0ce1ff348505, rebuild, and rerun Phase 5 validation.",LOW — presentation/editorial structure only,PASS
https://echobuddha.com/quotes/letting-go/an-open-hand-can-care-for-what-a-clenched/,src/data/site.ts; src/pages/quotes/[category]/[story].astro,/quotes/letting-go/an-open-hand-can-care-for-what-a-clenched/,4bbeef7a85d071752f9c1d0ec23e0ce1ff348505,Replaced the site-wide story/application/practice heading shell with theme-led reflection movements; consolidated the context callout; removed the redundant generic closing.,Purpose-specific family structure without changing protected content facts or controls,Role; owner; index state; sitemap; canonical; source; safety; attribution; AdSense route behavior,"Restore the listed file(s) from 4bbeef7a85d071752f9c1d0ec23e0ce1ff348505, rebuild, and rerun Phase 5 validation.",LOW — presentation/editorial structure only,PASS
https://echobuddha.com/quotes/letting-go/caring-without-clinging/,src/data/site.ts; src/pages/quotes/[category]/[story].astro,/quotes/letting-go/caring-without-clinging/,4bbeef7a85d071752f9c1d0ec23e0ce1ff348505,Replaced the site-wide story/application/practice heading shell with theme-led reflection movements; consolidated the context callout; removed the redundant generic closing.,Purpose-specific family structure without changing protected content facts or controls,Role; owner; index state; sitemap; canonical; source; safety; attribution; AdSense route behavior,"Restore the listed file(s) from 4bbeef7a85d071752f9c1d0ec23e0ce1ff348505, rebuild, and rerun Phase 5 validation.",LOW — presentation/editorial structure only,PASS
https://echobuddha.com/quotes/letting-go/forgiveness-without-approving-harm/,src/data/site.ts; src/pages/quotes/[category]/[story].astro,/quotes/letting-go/forgiveness-without-approving-harm/,4bbeef7a85d071752f9c1d0ec23e0ce1ff348505,Replaced the site-wide story/application/practice heading shell with theme-led reflection movements; consolidated the context callout; removed the redundant generic closing.,Purpose-specific family structure without changing protected content facts or controls,Role; owner; index state; sitemap; canonical; source; safety; attribution; AdSense route behavior,"Restore the listed file(s) from 4bbeef7a85d071752f9c1d0ec23e0ce1ff348505, rebuild, and rerun Phase 5 validation.",LOW — presentation/editorial structure only,PASS
https://echobuddha.com/quotes/letting-go/freedom-often-sounds-like-the-quiet-end-of-an/,src/data/site.ts; src/pages/quotes/[category]/[story].astro,/quotes/letting-go/freedom-often-sounds-like-the-quiet-end-of-an/,4bbeef7a85d071752f9c1d0ec23e0ce1ff348505,Replaced the site-wide story/application/practice heading shell with theme-led reflection movements; consolidated the context callout; removed the redundant generic closing.,Purpose-specific family structure without changing protected content facts or controls,Role; owner; index state; sitemap; canonical; source; safety; attribution; AdSense route behavior,"Restore the listed file(s) from 4bbeef7a85d071752f9c1d0ec23e0ce1ff348505, rebuild, and rerun Phase 5 validation.",LOW — presentation/editorial structure only,PASS
https://echobuddha.com/quotes/letting-go/let-the-feeling-pass-through-without-building-it-a/,src/data/site.ts; src/pages/quotes/[category]/[story].astro,/quotes/letting-go/let-the-feeling-pass-through-without-building-it-a/,4bbeef7a85d071752f9c1d0ec23e0ce1ff348505,Replaced the site-wide story/application/practice heading shell with theme-led reflection movements; consolidated the context callout; removed the redundant generic closing.,Purpose-specific family structure without changing protected content facts or controls,Role; owner; index state; sitemap; canonical; source; safety; attribution; AdSense route behavior,"Restore the listed file(s) from 4bbeef7a85d071752f9c1d0ec23e0ce1ff348505, rebuild, and rerun Phase 5 validation.",LOW — presentation/editorial structure only,PASS
https://echobuddha.com/quotes/letting-go/letting-go-begins-by-admitting-how-tightly-you-are/,src/data/site.ts; src/pages/quotes/[category]/[story].astro,/quotes/letting-go/letting-go-begins-by-admitting-how-tightly-you-are/,4bbeef7a85d071752f9c1d0ec23e0ce1ff348505,Replaced the site-wide story/application/practice heading shell with theme-led reflection movements; consolidated the context callout; removed the redundant generic closing.,Purpose-specific family structure without changing protected content facts or controls,Role; owner; index state; sitemap; canonical; source; safety; attribution; AdSense route behavior,"Restore the listed file(s) from 4bbeef7a85d071752f9c1d0ec23e0ce1ff348505, rebuild, and rerun Phase 5 validation.",LOW — presentation/editorial structure only,PASS
https://echobuddha.com/quotes/letting-go/open-hands-non-attachment/,src/data/site.ts; src/pages/quotes/[category]/[story].astro,/quotes/letting-go/open-hands-non-attachment/,4bbeef7a85d071752f9c1d0ec23e0ce1ff348505,Replaced the site-wide story/application/practice heading shell with theme-led reflection movements; consolidated the context callout; removed the redundant generic closing.,Purpose-specific family structure without changing protected content facts or controls,Role; owner; index state; sitemap; canonical; source; safety; attribution; AdSense route behavior,"Restore the listed file(s) from 4bbeef7a85d071752f9c1d0ec23e0ce1ff348505, rebuild, and rerun Phase 5 validation.",LOW — presentation/editorial structure only,PASS
https://echobuddha.com/quotes/letting-go/peace-enters-when-control-is-no-longer-the-price/,src/data/site.ts; src/pages/quotes/[category]/[story].astro,/quotes/letting-go/peace-enters-when-control-is-no-longer-the-price/,4bbeef7a85d071752f9c1d0ec23e0ce1ff348505,Replaced the site-wide story/application/practice heading shell with theme-led reflection movements; consolidated the context callout; removed the redundant generic closing.,Purpose-specific family structure without changing protected content facts or controls,Role; owner; index state; sitemap; canonical; source; safety; attribution; AdSense route behavior,"Restore the listed file(s) from 4bbeef7a85d071752f9c1d0ec23e0ce1ff348505, rebuild, and rerun Phase 5 validation.",LOW — presentation/editorial structure only,PASS
https://echobuddha.com/quotes/letting-go/release-the-need-to-replay-what-can-no-longer/,src/data/site.ts; src/pages/quotes/[category]/[story].astro,/quotes/letting-go/release-the-need-to-replay-what-can-no-longer/,4bbeef7a85d071752f9c1d0ec23e0ce1ff348505,Replaced the site-wide story/application/practice heading shell with theme-led reflection movements; consolidated the context callout; removed the redundant generic closing.,Purpose-specific family structure without changing protected content facts or controls,Role; owner; index state; sitemap; canonical; source; safety; attribution; AdSense route behavior,"Restore the listed file(s) from 4bbeef7a85d071752f9c1d0ec23e0ce1ff348505, rebuild, and rerun Phase 5 validation.",LOW — presentation/editorial structure only,PASS
https://echobuddha.com/quotes/letting-go/release-the-outcome-but-keep-the-care-you-bring/,src/data/site.ts; src/pages/quotes/[category]/[story].astro,/quotes/letting-go/release-the-outcome-but-keep-the-care-you-bring/,4bbeef7a85d071752f9c1d0ec23e0ce1ff348505,Replaced the site-wide story/application/practice heading shell with theme-led reflection movements; consolidated the context callout; removed the redundant generic closing.,Purpose-specific family structure without changing protected content facts or controls,Role; owner; index state; sitemap; canonical; source; safety; attribution; AdSense route behavior,"Restore the listed file(s) from 4bbeef7a85d071752f9c1d0ec23e0ce1ff348505, rebuild, and rerun Phase 5 validation.",LOW — presentation/editorial structure only,PASS
https://echobuddha.com/quotes/letting-go/soften-around-stress/,src/data/site.ts; src/pages/quotes/[category]/[story].astro,/quotes/letting-go/soften-around-stress/,4bbeef7a85d071752f9c1d0ec23e0ce1ff348505,Replaced the site-wide story/application/practice heading shell with theme-led reflection movements; consolidated the context callout; removed the redundant generic closing.,Purpose-specific family structure without changing protected content facts or controls,Role; owner; index state; sitemap; canonical; source; safety; attribution; AdSense route behavior,"Restore the listed file(s) from 4bbeef7a85d071752f9c1d0ec23e0ce1ff348505, rebuild, and rerun Phase 5 validation.",LOW — presentation/editorial structure only,PASS
https://echobuddha.com/quotes/letting-go/what-leaves-your-life-may-still-leave-wisdom-behind/,src/data/site.ts; src/pages/quotes/[category]/[story].astro,/quotes/letting-go/what-leaves-your-life-may-still-leave-wisdom-behind/,4bbeef7a85d071752f9c1d0ec23e0ce1ff348505,Replaced the site-wide story/application/practice heading shell with theme-led reflection movements; consolidated the context callout; removed the redundant generic closing.,Purpose-specific family structure without changing protected content facts or controls,Role; owner; index state; sitemap; canonical; source; safety; attribution; AdSense route behavior,"Restore the listed file(s) from 4bbeef7a85d071752f9c1d0ec23e0ce1ff348505, rebuild, and rerun Phase 5 validation.",LOW — presentation/editorial structure only,PASS
https://echobuddha.com/quotes/letting-go/where-attachment-begins/,src/data/site.ts; src/pages/quotes/[category]/[story].astro,/quotes/letting-go/where-attachment-begins/,4bbeef7a85d071752f9c1d0ec23e0ce1ff348505,Replaced the site-wide story/application/practice heading shell with theme-led reflection movements; consolidated the context callout; removed the redundant generic closing.,Purpose-specific family structure without changing protected content facts or controls,Role; owner; index state; sitemap; canonical; source; safety; attribution; AdSense route behavior,"Restore the listed file(s) from 4bbeef7a85d071752f9c1d0ec23e0ce1ff348505, rebuild, and rerun Phase 5 validation.",LOW — presentation/editorial structure only,PASS
https://echobuddha.com/quotes/letting-go/you-can-honor-the-past-without-asking-it-to/,src/data/site.ts; src/pages/quotes/[category]/[story].astro,/quotes/letting-go/you-can-honor-the-past-without-asking-it-to/,4bbeef7a85d071752f9c1d0ec23e0ce1ff348505,Replaced the site-wide story/application/practice heading shell with theme-led reflection movements; consolidated the context callout; removed the redundant generic closing.,Purpose-specific family structure without changing protected content facts or controls,Role; owner; index state; sitemap; canonical; source; safety; attribution; AdSense route behavior,"Restore the listed file(s) from 4bbeef7a85d071752f9c1d0ec23e0ce1ff348505, rebuild, and rerun Phase 5 validation.",LOW — presentation/editorial structure only,PASS
https://echobuddha.com/quotes/letting-go/you-do-not-betray-a-memory-by-allowing-yourself/,src/data/site.ts; src/pages/quotes/[category]/[story].astro,/quotes/letting-go/you-do-not-betray-a-memory-by-allowing-yourself/,4bbeef7a85d071752f9c1d0ec23e0ce1ff348505,Replaced the site-wide story/application/practice heading shell with theme-led reflection movements; consolidated the context callout; removed the redundant generic closing.,Purpose-specific family structure without changing protected content facts or controls,Role; owner; index state; sitemap; canonical; source; safety; attribution; AdSense route behavior,"Restore the listed file(s) from 4bbeef7a85d071752f9c1d0ec23e0ce1ff348505, rebuild, and rerun Phase 5 validation.",LOW — presentation/editorial structure only,PASS
https://echobuddha.com/quotes/letting-go/you-do-not-need-to-carry-every-thought-that/,src/data/site.ts; src/pages/quotes/[category]/[story].astro,/quotes/letting-go/you-do-not-need-to-carry-every-thought-that/,4bbeef7a85d071752f9c1d0ec23e0ce1ff348505,Replaced the site-wide story/application/practice heading shell with theme-led reflection movements; consolidated the context callout; removed the redundant generic closing.,Purpose-specific family structure without changing protected content facts or controls,Role; owner; index state; sitemap; canonical; source; safety; attribution; AdSense route behavior,"Restore the listed file(s) from 4bbeef7a85d071752f9c1d0ec23e0ce1ff348505, rebuild, and rerun Phase 5 validation.",LOW — presentation/editorial structure only,PASS
https://echobuddha.com/quotes/meditation/a-short-sincere-practice-can-steady-a-long-and/,src/data/site.ts; src/pages/quotes/[category]/[story].astro,/quotes/meditation/a-short-sincere-practice-can-steady-a-long-and/,4bbeef7a85d071752f9c1d0ec23e0ce1ff348505,Replaced the site-wide story/application/practice heading shell with theme-led reflection movements; consolidated the context callout; removed the redundant generic closing.,Purpose-specific family structure without changing protected content facts or controls,Role; owner; index state; sitemap; canonical; source; safety; attribution; AdSense route behavior,"Restore the listed file(s) from 4bbeef7a85d071752f9c1d0ec23e0ce1ff348505, rebuild, and rerun Phase 5 validation.",LOW — presentation/editorial structure only,PASS
https://echobuddha.com/quotes/meditation/do-not-search-meditation-for-a-special-self-notice/,src/data/site.ts; src/pages/quotes/[category]/[story].astro,/quotes/meditation/do-not-search-meditation-for-a-special-self-notice/,4bbeef7a85d071752f9c1d0ec23e0ce1ff348505,Replaced the site-wide story/application/practice heading shell with theme-led reflection movements; consolidated the context callout; removed the redundant generic closing.,Purpose-specific family structure without changing protected content facts or controls,Role; owner; index state; sitemap; canonical; source; safety; attribution; AdSense route behavior,"Restore the listed file(s) from 4bbeef7a85d071752f9c1d0ec23e0ce1ff348505, rebuild, and rerun Phase 5 validation.",LOW — presentation/editorial structure only,PASS
https://echobuddha.com/quotes/meditation/every-return-from-distraction-strengthens-the-path-home/,src/data/site.ts; src/pages/quotes/[category]/[story].astro,/quotes/meditation/every-return-from-distraction-strengthens-the-path-home/,4bbeef7a85d071752f9c1d0ec23e0ce1ff348505,Replaced the site-wide story/application/practice heading shell with theme-led reflection movements; consolidated the context callout; removed the redundant generic closing.,Purpose-specific family structure without changing protected content facts or controls,Role; owner; index state; sitemap; canonical; source; safety; attribution; AdSense route behavior,"Restore the listed file(s) from 4bbeef7a85d071752f9c1d0ec23e0ce1ff348505, rebuild, and rerun Phase 5 validation.",LOW — presentation/editorial structure only,PASS
https://echobuddha.com/quotes/meditation/few-quiet-minutes/,src/data/site.ts; src/pages/quotes/[category]/[story].astro,/quotes/meditation/few-quiet-minutes/,4bbeef7a85d071752f9c1d0ec23e0ce1ff348505,Replaced the site-wide story/application/practice heading shell with theme-led reflection movements; consolidated the context callout; removed the redundant generic closing.,Purpose-specific family structure without changing protected content facts or controls,Role; owner; index state; sitemap; canonical; source; safety; attribution; AdSense route behavior,"Restore the listed file(s) from 4bbeef7a85d071752f9c1d0ec23e0ce1ff348505, rebuild, and rerun Phase 5 validation.",LOW — presentation/editorial structure only,PASS
https://echobuddha.com/quotes/meditation/follow-the-breath-lightly-as-you-would-listen-to/,src/data/site.ts; src/pages/quotes/[category]/[story].astro,/quotes/meditation/follow-the-breath-lightly-as-you-would-listen-to/,4bbeef7a85d071752f9c1d0ec23e0ce1ff348505,Replaced the site-wide story/application/practice heading shell with theme-led reflection movements; consolidated the context callout; removed the redundant generic closing.,Purpose-specific family structure without changing protected content facts or controls,Role; owner; index state; sitemap; canonical; source; safety; attribution; AdSense route behavior,"Restore the listed file(s) from 4bbeef7a85d071752f9c1d0ec23e0ce1ff348505, rebuild, and rerun Phase 5 validation.",LOW — presentation/editorial structure only,PASS
https://echobuddha.com/quotes/meditation/meditation-is-not-leaving-life-it-is-learning-how/,src/data/site.ts; src/pages/quotes/[category]/[story].astro,/quotes/meditation/meditation-is-not-leaving-life-it-is-learning-how/,4bbeef7a85d071752f9c1d0ec23e0ce1ff348505,Replaced the site-wide story/application/practice heading shell with theme-led reflection movements; consolidated the context callout; removed the redundant generic closing.,Purpose-specific family structure without changing protected content facts or controls,Role; owner; index state; sitemap; canonical; source; safety; attribution; AdSense route behavior,"Restore the listed file(s) from 4bbeef7a85d071752f9c1d0ec23e0ce1ff348505, rebuild, and rerun Phase 5 validation.",LOW — presentation/editorial structure only,PASS
https://echobuddha.com/quotes/meditation/meditation-is-returning/,src/data/site.ts; src/pages/quotes/[category]/[story].astro,/quotes/meditation/meditation-is-returning/,4bbeef7a85d071752f9c1d0ec23e0ce1ff348505,Replaced the site-wide story/application/practice heading shell with theme-led reflection movements; consolidated the context callout; removed the redundant generic closing.,Purpose-specific family structure without changing protected content facts or controls,Role; owner; index state; sitemap; canonical; source; safety; attribution; AdSense route behavior,"Restore the listed file(s) from 4bbeef7a85d071752f9c1d0ec23e0ce1ff348505, rebuild, and rerun Phase 5 validation.",LOW — presentation/editorial structure only,PASS
https://echobuddha.com/quotes/meditation/one-honest-breath/,src/data/site.ts; src/pages/quotes/[category]/[story].astro,/quotes/meditation/one-honest-breath/,4bbeef7a85d071752f9c1d0ec23e0ce1ff348505,Replaced the site-wide story/application/practice heading shell with theme-led reflection movements; consolidated the context callout; removed the redundant generic closing.,Purpose-specific family structure without changing protected content facts or controls,Role; owner; index state; sitemap; canonical; source; safety; attribution; AdSense route behavior,"Restore the listed file(s) from 4bbeef7a85d071752f9c1d0ec23e0ce1ff348505, rebuild, and rerun Phase 5 validation.",LOW — presentation/editorial structure only,PASS
https://echobuddha.com/quotes/meditation/silence-is-not-empty-when-the-heart-is-listening/,src/data/site.ts; src/pages/quotes/[category]/[story].astro,/quotes/meditation/silence-is-not-empty-when-the-heart-is-listening/,4bbeef7a85d071752f9c1d0ec23e0ce1ff348505,Replaced the site-wide story/application/practice heading shell with theme-led reflection movements; consolidated the context callout; removed the redundant generic closing.,Purpose-specific family structure without changing protected content facts or controls,Role; owner; index state; sitemap; canonical; source; safety; attribution; AdSense route behavior,"Restore the listed file(s) from 4bbeef7a85d071752f9c1d0ec23e0ce1ff348505, rebuild, and rerun Phase 5 validation.",LOW — presentation/editorial structure only,PASS
https://echobuddha.com/quotes/meditation/sit-with-the-day-as-it-is-before-asking/,src/data/site.ts; src/pages/quotes/[category]/[story].astro,/quotes/meditation/sit-with-the-day-as-it-is-before-asking/,4bbeef7a85d071752f9c1d0ec23e0ce1ff348505,Replaced the site-wide story/application/practice heading shell with theme-led reflection movements; consolidated the context callout; removed the redundant generic closing.,Purpose-specific family structure without changing protected content facts or controls,Role; owner; index state; sitemap; canonical; source; safety; attribution; AdSense route behavior,"Restore the listed file(s) from 4bbeef7a85d071752f9c1d0ec23e0ce1ff348505, rebuild, and rerun Phase 5 validation.",LOW — presentation/editorial structure only,PASS
https://echobuddha.com/quotes/meditation/sit-without-demanding-silence-and-the-mind-will-teach/,src/data/site.ts; src/pages/quotes/[category]/[story].astro,/quotes/meditation/sit-without-demanding-silence-and-the-mind-will-teach/,4bbeef7a85d071752f9c1d0ec23e0ce1ff348505,Replaced the site-wide story/application/practice heading shell with theme-led reflection movements; consolidated the context callout; removed the redundant generic closing.,Purpose-specific family structure without changing protected content facts or controls,Role; owner; index state; sitemap; canonical; source; safety; attribution; AdSense route behavior,"Restore the listed file(s) from 4bbeef7a85d071752f9c1d0ec23e0ce1ff348505, rebuild, and rerun Phase 5 validation.",LOW — presentation/editorial structure only,PASS
https://echobuddha.com/quotes/meditation/the-bell-fades-but-careful-listening-can-continue/,src/data/site.ts; src/pages/quotes/[category]/[story].astro,/quotes/meditation/the-bell-fades-but-careful-listening-can-continue/,4bbeef7a85d071752f9c1d0ec23e0ce1ff348505,Replaced the site-wide story/application/practice heading shell with theme-led reflection movements; consolidated the context callout; removed the redundant generic closing.,Purpose-specific family structure without changing protected content facts or controls,Role; owner; index state; sitemap; canonical; source; safety; attribution; AdSense route behavior,"Restore the listed file(s) from 4bbeef7a85d071752f9c1d0ec23e0ce1ff348505, rebuild, and rerun Phase 5 validation.",LOW — presentation/editorial structure only,PASS
https://echobuddha.com/quotes/meditation/the-cushion-is-a-place-to-practice-returning-not/,src/data/site.ts; src/pages/quotes/[category]/[story].astro,/quotes/meditation/the-cushion-is-a-place-to-practice-returning-not/,4bbeef7a85d071752f9c1d0ec23e0ce1ff348505,Replaced the site-wide story/application/practice heading shell with theme-led reflection movements; consolidated the context callout; removed the redundant generic closing.,Purpose-specific family structure without changing protected content facts or controls,Role; owner; index state; sitemap; canonical; source; safety; attribution; AdSense route behavior,"Restore the listed file(s) from 4bbeef7a85d071752f9c1d0ec23e0ce1ff348505, rebuild, and rerun Phase 5 validation.",LOW — presentation/editorial structure only,PASS
https://echobuddha.com/quotes/meditation/when-stillness-feels-impossible-begin-by-noticing-the-restlessness/,src/data/site.ts; src/pages/quotes/[category]/[story].astro,/quotes/meditation/when-stillness-feels-impossible-begin-by-noticing-the-restlessness/,4bbeef7a85d071752f9c1d0ec23e0ce1ff348505,Replaced the site-wide story/application/practice heading shell with theme-led reflection movements; consolidated the context callout; removed the redundant generic closing.,Purpose-specific family structure without changing protected content facts or controls,Role; owner; index state; sitemap; canonical; source; safety; attribution; AdSense route behavior,"Restore the listed file(s) from 4bbeef7a85d071752f9c1d0ec23e0ce1ff348505, rebuild, and rerun Phase 5 validation.",LOW — presentation/editorial structure only,PASS
https://echobuddha.com/quotes/mindfulness/a-peaceful-mind-begins-with-one-honest-breath/,src/data/site.ts; src/pages/quotes/[category]/[story].astro,/quotes/mindfulness/a-peaceful-mind-begins-with-one-honest-breath/,4bbeef7a85d071752f9c1d0ec23e0ce1ff348505,Replaced the site-wide story/application/practice heading shell with theme-led reflection movements; consolidated the context callout; removed the redundant generic closing.,Purpose-specific family structure without changing protected content facts or controls,Role; owner; index state; sitemap; canonical; source; safety; attribution; AdSense route behavior,"Restore the listed file(s) from 4bbeef7a85d071752f9c1d0ec23e0ce1ff348505, rebuild, and rerun Phase 5 validation.",LOW — presentation/editorial structure only,PASS
https://echobuddha.com/quotes/mindfulness/a-wandering-mind-is-not-a-failed-mind-it/,src/data/site.ts; src/pages/quotes/[category]/[story].astro,/quotes/mindfulness/a-wandering-mind-is-not-a-failed-mind-it/,4bbeef7a85d071752f9c1d0ec23e0ce1ff348505,Replaced the site-wide story/application/practice heading shell with theme-led reflection movements; consolidated the context callout; removed the redundant generic closing.,Purpose-specific family structure without changing protected content facts or controls,Role; owner; index state; sitemap; canonical; source; safety; attribution; AdSense route behavior,"Restore the listed file(s) from 4bbeef7a85d071752f9c1d0ec23e0ce1ff348505, rebuild, and rerun Phase 5 validation.",LOW — presentation/editorial structure only,PASS
https://echobuddha.com/quotes/mindfulness/awareness-begins-when-hurry-loosens-its-hold/,src/data/site.ts; src/pages/quotes/[category]/[story].astro,/quotes/mindfulness/awareness-begins-when-hurry-loosens-its-hold/,4bbeef7a85d071752f9c1d0ec23e0ce1ff348505,Replaced the site-wide story/application/practice heading shell with theme-led reflection movements; consolidated the context callout; removed the redundant generic closing.,Purpose-specific family structure without changing protected content facts or controls,Role; owner; index state; sitemap; canonical; source; safety; attribution; AdSense route behavior,"Restore the listed file(s) from 4bbeef7a85d071752f9c1d0ec23e0ce1ff348505, rebuild, and rerun Phase 5 validation.",LOW — presentation/editorial structure only,PASS
https://echobuddha.com/quotes/mindfulness/begin-the-day-with-awareness/,src/data/site.ts; src/pages/quotes/[category]/[story].astro,/quotes/mindfulness/begin-the-day-with-awareness/,4bbeef7a85d071752f9c1d0ec23e0ce1ff348505,Replaced the site-wide story/application/practice heading shell with theme-led reflection movements; consolidated the context callout; removed the redundant generic closing.,Purpose-specific family structure without changing protected content facts or controls,Role; owner; index state; sitemap; canonical; source; safety; attribution; AdSense route behavior,"Restore the listed file(s) from 4bbeef7a85d071752f9c1d0ec23e0ce1ff348505, rebuild, and rerun Phase 5 validation.",LOW — presentation/editorial structure only,PASS
https://echobuddha.com/quotes/mindfulness/give-one-ordinary-task-the-dignity-of-your-full/,src/data/site.ts; src/pages/quotes/[category]/[story].astro,/quotes/mindfulness/give-one-ordinary-task-the-dignity-of-your-full/,4bbeef7a85d071752f9c1d0ec23e0ce1ff348505,Replaced the site-wide story/application/practice heading shell with theme-led reflection movements; consolidated the context callout; removed the redundant generic closing.,Purpose-specific family structure without changing protected content facts or controls,Role; owner; index state; sitemap; canonical; source; safety; attribution; AdSense route behavior,"Restore the listed file(s) from 4bbeef7a85d071752f9c1d0ec23e0ce1ff348505, rebuild, and rerun Phase 5 validation.",LOW — presentation/editorial structure only,PASS
https://echobuddha.com/quotes/mindfulness/gratitude-notices-enough/,src/data/site.ts; src/pages/quotes/[category]/[story].astro,/quotes/mindfulness/gratitude-notices-enough/,4bbeef7a85d071752f9c1d0ec23e0ce1ff348505,Replaced the site-wide story/application/practice heading shell with theme-led reflection movements; consolidated the context callout; removed the redundant generic closing.,Purpose-specific family structure without changing protected content facts or controls,Role; owner; index state; sitemap; canonical; source; safety; attribution; AdSense route behavior,"Restore the listed file(s) from 4bbeef7a85d071752f9c1d0ec23e0ce1ff348505, rebuild, and rerun Phase 5 validation.",LOW — presentation/editorial structure only,PASS
https://echobuddha.com/quotes/mindfulness/ground-yourself-gently/,src/data/site.ts; src/pages/quotes/[category]/[story].astro,/quotes/mindfulness/ground-yourself-gently/,4bbeef7a85d071752f9c1d0ec23e0ce1ff348505,Replaced the site-wide story/application/practice heading shell with theme-led reflection movements; consolidated the context callout; removed the redundant generic closing.,Purpose-specific family structure without changing protected content facts or controls,Role; owner; index state; sitemap; canonical; source; safety; attribution; AdSense route behavior,"Restore the listed file(s) from 4bbeef7a85d071752f9c1d0ec23e0ce1ff348505, rebuild, and rerun Phase 5 validation.",LOW — presentation/editorial structure only,PASS
https://echobuddha.com/quotes/mindfulness/listen-before-answering/,src/data/site.ts; src/pages/quotes/[category]/[story].astro,/quotes/mindfulness/listen-before-answering/,4bbeef7a85d071752f9c1d0ec23e0ce1ff348505,Replaced the site-wide story/application/practice heading shell with theme-led reflection movements; consolidated the context callout; removed the redundant generic closing.,Purpose-specific family structure without changing protected content facts or controls,Role; owner; index state; sitemap; canonical; source; safety; attribution; AdSense route behavior,"Restore the listed file(s) from 4bbeef7a85d071752f9c1d0ec23e0ce1ff348505, rebuild, and rerun Phase 5 validation.",LOW — presentation/editorial structure only,PASS
https://echobuddha.com/quotes/mindfulness/listen-to-the-moment-before-filling-it-with-your/,src/data/site.ts; src/pages/quotes/[category]/[story].astro,/quotes/mindfulness/listen-to-the-moment-before-filling-it-with-your/,4bbeef7a85d071752f9c1d0ec23e0ce1ff348505,Replaced the site-wide story/application/practice heading shell with theme-led reflection movements; consolidated the context callout; removed the redundant generic closing.,Purpose-specific family structure without changing protected content facts or controls,Role; owner; index state; sitemap; canonical; source; safety; attribution; AdSense route behavior,"Restore the listed file(s) from 4bbeef7a85d071752f9c1d0ec23e0ce1ff348505, rebuild, and rerun Phase 5 validation.",LOW — presentation/editorial structure only,PASS
https://echobuddha.com/quotes/mindfulness/notice-what-is-here-before-deciding-what-it-means/,src/data/site.ts; src/pages/quotes/[category]/[story].astro,/quotes/mindfulness/notice-what-is-here-before-deciding-what-it-means/,4bbeef7a85d071752f9c1d0ec23e0ce1ff348505,Replaced the site-wide story/application/practice heading shell with theme-led reflection movements; consolidated the context callout; removed the redundant generic closing.,Purpose-specific family structure without changing protected content facts or controls,Role; owner; index state; sitemap; canonical; source; safety; attribution; AdSense route behavior,"Restore the listed file(s) from 4bbeef7a85d071752f9c1d0ec23e0ce1ff348505, rebuild, and rerun Phase 5 validation.",LOW — presentation/editorial structure only,PASS
https://echobuddha.com/quotes/mindfulness/one-mindful-pause-can-change-the-direction-of-an/,src/data/site.ts; src/pages/quotes/[category]/[story].astro,/quotes/mindfulness/one-mindful-pause-can-change-the-direction-of-an/,4bbeef7a85d071752f9c1d0ec23e0ce1ff348505,Replaced the site-wide story/application/practice heading shell with theme-led reflection movements; consolidated the context callout; removed the redundant generic closing.,Purpose-specific family structure without changing protected content facts or controls,Role; owner; index state; sitemap; canonical; source; safety; attribution; AdSense route behavior,"Restore the listed file(s) from 4bbeef7a85d071752f9c1d0ec23e0ce1ff348505, rebuild, and rerun Phase 5 validation.",LOW — presentation/editorial structure only,PASS
https://echobuddha.com/quotes/mindfulness/peace-begins-with-attention/,src/data/site.ts; src/pages/quotes/[category]/[story].astro,/quotes/mindfulness/peace-begins-with-attention/,4bbeef7a85d071752f9c1d0ec23e0ce1ff348505,Replaced the site-wide story/application/practice heading shell with theme-led reflection movements; consolidated the context callout; removed the redundant generic closing.,Purpose-specific family structure without changing protected content facts or controls,Role; owner; index state; sitemap; canonical; source; safety; attribution; AdSense route behavior,"Restore the listed file(s) from 4bbeef7a85d071752f9c1d0ec23e0ce1ff348505, rebuild, and rerun Phase 5 validation.",LOW — presentation/editorial structure only,PASS
https://echobuddha.com/quotes/mindfulness/peace-grows-when-attention-stops-running-ahead-of-the/,src/data/site.ts; src/pages/quotes/[category]/[story].astro,/quotes/mindfulness/peace-grows-when-attention-stops-running-ahead-of-the/,4bbeef7a85d071752f9c1d0ec23e0ce1ff348505,Replaced the site-wide story/application/practice heading shell with theme-led reflection movements; consolidated the context callout; removed the redundant generic closing.,Purpose-specific family structure without changing protected content facts or controls,Role; owner; index state; sitemap; canonical; source; safety; attribution; AdSense route behavior,"Restore the listed file(s) from 4bbeef7a85d071752f9c1d0ec23e0ce1ff348505, rebuild, and rerun Phase 5 validation.",LOW — presentation/editorial structure only,PASS
https://echobuddha.com/quotes/mindfulness/present-moment-one-step/,src/data/site.ts; src/pages/quotes/[category]/[story].astro,/quotes/mindfulness/present-moment-one-step/,4bbeef7a85d071752f9c1d0ec23e0ce1ff348505,Replaced the site-wide story/application/practice heading shell with theme-led reflection movements; consolidated the context callout; removed the redundant generic closing.,Purpose-specific family structure without changing protected content facts or controls,Role; owner; index state; sitemap; canonical; source; safety; attribution; AdSense route behavior,"Restore the listed file(s) from 4bbeef7a85d071752f9c1d0ec23e0ce1ff348505, rebuild, and rerun Phase 5 validation.",LOW — presentation/editorial structure only,PASS
https://echobuddha.com/quotes/mindfulness/return-to-the-breath-before-you-return-to-the/,src/data/site.ts; src/pages/quotes/[category]/[story].astro,/quotes/mindfulness/return-to-the-breath-before-you-return-to-the/,4bbeef7a85d071752f9c1d0ec23e0ce1ff348505,Replaced the site-wide story/application/practice heading shell with theme-led reflection movements; consolidated the context callout; removed the redundant generic closing.,Purpose-specific family structure without changing protected content facts or controls,Role; owner; index state; sitemap; canonical; source; safety; attribution; AdSense route behavior,"Restore the listed file(s) from 4bbeef7a85d071752f9c1d0ec23e0ce1ff348505, rebuild, and rerun Phase 5 validation.",LOW — presentation/editorial structure only,PASS
https://echobuddha.com/quotes/mindfulness/the-more-clearly-you-notice-life-the-less-carelessly/,src/data/site.ts; src/pages/quotes/[category]/[story].astro,/quotes/mindfulness/the-more-clearly-you-notice-life-the-less-carelessly/,4bbeef7a85d071752f9c1d0ec23e0ce1ff348505,Replaced the site-wide story/application/practice heading shell with theme-led reflection movements; consolidated the context callout; removed the redundant generic closing.,Purpose-specific family structure without changing protected content facts or controls,Role; owner; index state; sitemap; canonical; source; safety; attribution; AdSense route behavior,"Restore the listed file(s) from 4bbeef7a85d071752f9c1d0ec23e0ce1ff348505, rebuild, and rerun Phase 5 validation.",LOW — presentation/editorial structure only,PASS
https://echobuddha.com/quotes/mindfulness/the-present-moment-asks-for-your-attention-not-your/,src/data/site.ts; src/pages/quotes/[category]/[story].astro,/quotes/mindfulness/the-present-moment-asks-for-your-attention-not-your/,4bbeef7a85d071752f9c1d0ec23e0ce1ff348505,Replaced the site-wide story/application/practice heading shell with theme-led reflection movements; consolidated the context callout; removed the redundant generic closing.,Purpose-specific family structure without changing protected content facts or controls,Role; owner; index state; sitemap; canonical; source; safety; attribution; AdSense route behavior,"Restore the listed file(s) from 4bbeef7a85d071752f9c1d0ec23e0ce1ff348505, rebuild, and rerun Phase 5 validation.",LOW — presentation/editorial structure only,PASS
https://echobuddha.com/quotes/patience/a-difficult-moment-becomes-heavier-when-we-demand-that/,src/data/site.ts; src/pages/quotes/[category]/[story].astro,/quotes/patience/a-difficult-moment-becomes-heavier-when-we-demand-that/,4bbeef7a85d071752f9c1d0ec23e0ce1ff348505,Replaced the site-wide story/application/practice heading shell with theme-led reflection movements; consolidated the context callout; removed the redundant generic closing.,Purpose-specific family structure without changing protected content facts or controls,Role; owner; index state; sitemap; canonical; source; safety; attribution; AdSense route behavior,"Restore the listed file(s) from 4bbeef7a85d071752f9c1d0ec23e0ce1ff348505, rebuild, and rerun Phase 5 validation.",LOW — presentation/editorial structure only,PASS
https://echobuddha.com/quotes/patience/be-patient-with-the-part-of-you-that-is/,src/data/site.ts; src/pages/quotes/[category]/[story].astro,/quotes/patience/be-patient-with-the-part-of-you-that-is/,4bbeef7a85d071752f9c1d0ec23e0ce1ff348505,Replaced the site-wide story/application/practice heading shell with theme-led reflection movements; consolidated the context callout; removed the redundant generic closing.,Purpose-specific family structure without changing protected content facts or controls,Role; owner; index state; sitemap; canonical; source; safety; attribution; AdSense route behavior,"Restore the listed file(s) from 4bbeef7a85d071752f9c1d0ec23e0ce1ff348505, rebuild, and rerun Phase 5 validation.",LOW — presentation/editorial structure only,PASS
https://echobuddha.com/quotes/patience/family-kindness-and-patience/,src/data/site.ts; src/pages/quotes/[category]/[story].astro,/quotes/patience/family-kindness-and-patience/,4bbeef7a85d071752f9c1d0ec23e0ce1ff348505,Replaced the site-wide story/application/practice heading shell with theme-led reflection movements; consolidated the context callout; removed the redundant generic closing.,Purpose-specific family structure without changing protected content facts or controls,Role; owner; index state; sitemap; canonical; source; safety; attribution; AdSense route behavior,"Restore the listed file(s) from 4bbeef7a85d071752f9c1d0ec23e0ce1ff348505, rebuild, and rerun Phase 5 validation.",LOW — presentation/editorial structure only,PASS
https://echobuddha.com/quotes/patience/growth-is-quiet-work-often-invisible-until-the-season/,src/data/site.ts; src/pages/quotes/[category]/[story].astro,/quotes/patience/growth-is-quiet-work-often-invisible-until-the-season/,4bbeef7a85d071752f9c1d0ec23e0ce1ff348505,Replaced the site-wide story/application/practice heading shell with theme-led reflection movements; consolidated the context callout; removed the redundant generic closing.,Purpose-specific family structure without changing protected content facts or controls,Role; owner; index state; sitemap; canonical; source; safety; attribution; AdSense route behavior,"Restore the listed file(s) from 4bbeef7a85d071752f9c1d0ec23e0ce1ff348505, rebuild, and rerun Phase 5 validation.",LOW — presentation/editorial structure only,PASS
https://echobuddha.com/quotes/patience/not-every-delay-is-an-obstacle-some-are-invitations/,src/data/site.ts; src/pages/quotes/[category]/[story].astro,/quotes/patience/not-every-delay-is-an-obstacle-some-are-invitations/,4bbeef7a85d071752f9c1d0ec23e0ce1ff348505,Replaced the site-wide story/application/practice heading shell with theme-led reflection movements; consolidated the context callout; removed the redundant generic closing.,Purpose-specific family structure without changing protected content facts or controls,Role; owner; index state; sitemap; canonical; source; safety; attribution; AdSense route behavior,"Restore the listed file(s) from 4bbeef7a85d071752f9c1d0ec23e0ce1ff348505, rebuild, and rerun Phase 5 validation.",LOW — presentation/editorial structure only,PASS
https://echobuddha.com/quotes/patience/patience-is-the-strength-to-remain-present-while-life/,src/data/site.ts; src/pages/quotes/[category]/[story].astro,/quotes/patience/patience-is-the-strength-to-remain-present-while-life/,4bbeef7a85d071752f9c1d0ec23e0ce1ff348505,Replaced the site-wide story/application/practice heading shell with theme-led reflection movements; consolidated the context callout; removed the redundant generic closing.,Purpose-specific family structure without changing protected content facts or controls,Role; owner; index state; sitemap; canonical; source; safety; attribution; AdSense route behavior,"Restore the listed file(s) from 4bbeef7a85d071752f9c1d0ec23e0ce1ff348505, rebuild, and rerun Phase 5 validation.",LOW — presentation/editorial structure only,PASS
https://echobuddha.com/quotes/patience/patience-makes-room-for-truth-to-arrive-without-force/,src/data/site.ts; src/pages/quotes/[category]/[story].astro,/quotes/patience/patience-makes-room-for-truth-to-arrive-without-force/,4bbeef7a85d071752f9c1d0ec23e0ce1ff348505,Replaced the site-wide story/application/practice heading shell with theme-led reflection movements; consolidated the context callout; removed the redundant generic closing.,Purpose-specific family structure without changing protected content facts or controls,Role; owner; index state; sitemap; canonical; source; safety; attribution; AdSense route behavior,"Restore the listed file(s) from 4bbeef7a85d071752f9c1d0ec23e0ce1ff348505, rebuild, and rerun Phase 5 validation.",LOW — presentation/editorial structure only,PASS
https://echobuddha.com/quotes/patience/patience-softens-the-wait/,src/data/site.ts; src/pages/quotes/[category]/[story].astro,/quotes/patience/patience-softens-the-wait/,4bbeef7a85d071752f9c1d0ec23e0ce1ff348505,Replaced the site-wide story/application/practice heading shell with theme-led reflection movements; consolidated the context callout; removed the redundant generic closing.,Purpose-specific family structure without changing protected content facts or controls,Role; owner; index state; sitemap; canonical; source; safety; attribution; AdSense route behavior,"Restore the listed file(s) from 4bbeef7a85d071752f9c1d0ec23e0ce1ff348505, rebuild, and rerun Phase 5 validation.",LOW — presentation/editorial structure only,PASS
https://echobuddha.com/quotes/patience/some-answers-become-clear-only-after-the-mind-stops/,src/data/site.ts; src/pages/quotes/[category]/[story].astro,/quotes/patience/some-answers-become-clear-only-after-the-mind-stops/,4bbeef7a85d071752f9c1d0ec23e0ce1ff348505,Replaced the site-wide story/application/practice heading shell with theme-led reflection movements; consolidated the context callout; removed the redundant generic closing.,Purpose-specific family structure without changing protected content facts or controls,Role; owner; index state; sitemap; canonical; source; safety; attribution; AdSense route behavior,"Restore the listed file(s) from 4bbeef7a85d071752f9c1d0ec23e0ce1ff348505, rebuild, and rerun Phase 5 validation.",LOW — presentation/editorial structure only,PASS
https://echobuddha.com/quotes/patience/stay-gentle-with-beginnings-they-are-carrying-more-than/,src/data/site.ts; src/pages/quotes/[category]/[story].astro,/quotes/patience/stay-gentle-with-beginnings-they-are-carrying-more-than/,4bbeef7a85d071752f9c1d0ec23e0ce1ff348505,Replaced the site-wide story/application/practice heading shell with theme-led reflection movements; consolidated the context callout; removed the redundant generic closing.,Purpose-specific family structure without changing protected content facts or controls,Role; owner; index state; sitemap; canonical; source; safety; attribution; AdSense route behavior,"Restore the listed file(s) from 4bbeef7a85d071752f9c1d0ec23e0ce1ff348505, rebuild, and rerun Phase 5 validation.",LOW — presentation/editorial structure only,PASS
https://echobuddha.com/quotes/patience/the-path-unfolds-at-the-pace-of-sincere-practice/,src/data/site.ts; src/pages/quotes/[category]/[story].astro,/quotes/patience/the-path-unfolds-at-the-pace-of-sincere-practice/,4bbeef7a85d071752f9c1d0ec23e0ce1ff348505,Replaced the site-wide story/application/practice heading shell with theme-led reflection movements; consolidated the context callout; removed the redundant generic closing.,Purpose-specific family structure without changing protected content facts or controls,Role; owner; index state; sitemap; canonical; source; safety; attribution; AdSense route behavior,"Restore the listed file(s) from 4bbeef7a85d071752f9c1d0ec23e0ce1ff348505, rebuild, and rerun Phase 5 validation.",LOW — presentation/editorial structure only,PASS
https://echobuddha.com/quotes/patience/wait-long-enough-for-the-first-reaction-to-become/,src/data/site.ts; src/pages/quotes/[category]/[story].astro,/quotes/patience/wait-long-enough-for-the-first-reaction-to-become/,4bbeef7a85d071752f9c1d0ec23e0ce1ff348505,Replaced the site-wide story/application/practice heading shell with theme-led reflection movements; consolidated the context callout; removed the redundant generic closing.,Purpose-specific family structure without changing protected content facts or controls,Role; owner; index state; sitemap; canonical; source; safety; attribution; AdSense route behavior,"Restore the listed file(s) from 4bbeef7a85d071752f9c1d0ec23e0ce1ff348505, rebuild, and rerun Phase 5 validation.",LOW — presentation/editorial structure only,PASS
https://echobuddha.com/quotes/patience/when-anger-rises-pause-long-enough-to-see-the/,src/data/site.ts; src/pages/quotes/[category]/[story].astro,/quotes/patience/when-anger-rises-pause-long-enough-to-see-the/,4bbeef7a85d071752f9c1d0ec23e0ce1ff348505,Replaced the site-wide story/application/practice heading shell with theme-led reflection movements; consolidated the context callout; removed the redundant generic closing.,Purpose-specific family structure without changing protected content facts or controls,Role; owner; index state; sitemap; canonical; source; safety; attribution; AdSense route behavior,"Restore the listed file(s) from 4bbeef7a85d071752f9c1d0ec23e0ce1ff348505, rebuild, and rerun Phase 5 validation.",LOW — presentation/editorial structure only,PASS
https://echobuddha.com/quotes/practice/a-peaceful-life-is-built-from-peaceful-moments-practiced/,src/data/site.ts; src/pages/quotes/[category]/[story].astro,/quotes/practice/a-peaceful-life-is-built-from-peaceful-moments-practiced/,4bbeef7a85d071752f9c1d0ec23e0ce1ff348505,Replaced the site-wide story/application/practice heading shell with theme-led reflection movements; consolidated the context callout; removed the redundant generic closing.,Purpose-specific family structure without changing protected content facts or controls,Role; owner; index state; sitemap; canonical; source; safety; attribution; AdSense route behavior,"Restore the listed file(s) from 4bbeef7a85d071752f9c1d0ec23e0ce1ff348505, rebuild, and rerun Phase 5 validation.",LOW — presentation/editorial structure only,PASS
https://echobuddha.com/quotes/practice/begin-with-what-is-possible-then-return-tomorrow/,src/data/site.ts; src/pages/quotes/[category]/[story].astro,/quotes/practice/begin-with-what-is-possible-then-return-tomorrow/,4bbeef7a85d071752f9c1d0ec23e0ce1ff348505,Replaced the site-wide story/application/practice heading shell with theme-led reflection movements; consolidated the context callout; removed the redundant generic closing.,Purpose-specific family structure without changing protected content facts or controls,Role; owner; index state; sitemap; canonical; source; safety; attribution; AdSense route behavior,"Restore the listed file(s) from 4bbeef7a85d071752f9c1d0ec23e0ce1ff348505, rebuild, and rerun Phase 5 validation.",LOW — presentation/editorial structure only,PASS
https://echobuddha.com/quotes/practice/bring-the-teaching-into-the-place-where-you-are/,src/data/site.ts; src/pages/quotes/[category]/[story].astro,/quotes/practice/bring-the-teaching-into-the-place-where-you-are/,4bbeef7a85d071752f9c1d0ec23e0ce1ff348505,Replaced the site-wide story/application/practice heading shell with theme-led reflection movements; consolidated the context callout; removed the redundant generic closing.,Purpose-specific family structure without changing protected content facts or controls,Role; owner; index state; sitemap; canonical; source; safety; attribution; AdSense route behavior,"Restore the listed file(s) from 4bbeef7a85d071752f9c1d0ec23e0ce1ff348505, rebuild, and rerun Phase 5 validation.",LOW — presentation/editorial structure only,PASS
https://echobuddha.com/quotes/practice/daily-practice-turns-understanding-from-an-idea-into-a/,src/data/site.ts; src/pages/quotes/[category]/[story].astro,/quotes/practice/daily-practice-turns-understanding-from-an-idea-into-a/,4bbeef7a85d071752f9c1d0ec23e0ce1ff348505,Replaced the site-wide story/application/practice heading shell with theme-led reflection movements; consolidated the context callout; removed the redundant generic closing.,Purpose-specific family structure without changing protected content facts or controls,Role; owner; index state; sitemap; canonical; source; safety; attribution; AdSense route behavior,"Restore the listed file(s) from 4bbeef7a85d071752f9c1d0ec23e0ce1ff348505, rebuild, and rerun Phase 5 validation.",LOW — presentation/editorial structure only,PASS
https://echobuddha.com/quotes/practice/do-not-wait-to-feel-ready-before-choosing-what/,src/data/site.ts; src/pages/quotes/[category]/[story].astro,/quotes/practice/do-not-wait-to-feel-ready-before-choosing-what/,4bbeef7a85d071752f9c1d0ec23e0ce1ff348505,Replaced the site-wide story/application/practice heading shell with theme-led reflection movements; consolidated the context callout; removed the redundant generic closing.,Purpose-specific family structure without changing protected content facts or controls,Role; owner; index state; sitemap; canonical; source; safety; attribution; AdSense route behavior,"Restore the listed file(s) from 4bbeef7a85d071752f9c1d0ec23e0ce1ff348505, rebuild, and rerun Phase 5 validation.",LOW — presentation/editorial structure only,PASS
https://echobuddha.com/quotes/practice/eightfold-path-daily-choices/,src/data/site.ts; src/pages/quotes/[category]/[story].astro,/quotes/practice/eightfold-path-daily-choices/,4bbeef7a85d071752f9c1d0ec23e0ce1ff348505,Replaced the site-wide story/application/practice heading shell with theme-led reflection movements; consolidated the context callout; removed the redundant generic closing.,Purpose-specific family structure without changing protected content facts or controls,Role; owner; index state; sitemap; canonical; source; safety; attribution; AdSense route behavior,"Restore the listed file(s) from 4bbeef7a85d071752f9c1d0ec23e0ce1ff348505, rebuild, and rerun Phase 5 validation.",LOW — presentation/editorial structure only,PASS
https://echobuddha.com/quotes/practice/mindfulness-at-work-breath/,src/data/site.ts; src/pages/quotes/[category]/[story].astro,/quotes/practice/mindfulness-at-work-breath/,4bbeef7a85d071752f9c1d0ec23e0ce1ff348505,Replaced the site-wide story/application/practice heading shell with theme-led reflection movements; consolidated the context callout; removed the redundant generic closing.,Purpose-specific family structure without changing protected content facts or controls,Role; owner; index state; sitemap; canonical; source; safety; attribution; AdSense route behavior,"Restore the listed file(s) from 4bbeef7a85d071752f9c1d0ec23e0ce1ff348505, rebuild, and rerun Phase 5 validation.",LOW — presentation/editorial structure only,PASS
https://echobuddha.com/quotes/practice/practice-becomes-real-when-it-enters-your-speech-and/,src/data/site.ts; src/pages/quotes/[category]/[story].astro,/quotes/practice/practice-becomes-real-when-it-enters-your-speech-and/,4bbeef7a85d071752f9c1d0ec23e0ce1ff348505,Replaced the site-wide story/application/practice heading shell with theme-led reflection movements; consolidated the context callout; removed the redundant generic closing.,Purpose-specific family structure without changing protected content facts or controls,Role; owner; index state; sitemap; canonical; source; safety; attribution; AdSense route behavior,"Restore the listed file(s) from 4bbeef7a85d071752f9c1d0ec23e0ce1ff348505, rebuild, and rerun Phase 5 validation.",LOW — presentation/editorial structure only,PASS
https://echobuddha.com/quotes/practice/right-intention-turns-the-heart/,src/data/site.ts; src/pages/quotes/[category]/[story].astro,/quotes/practice/right-intention-turns-the-heart/,4bbeef7a85d071752f9c1d0ec23e0ce1ff348505,Replaced the site-wide story/application/practice heading shell with theme-led reflection movements; consolidated the context callout; removed the redundant generic closing.,Purpose-specific family structure without changing protected content facts or controls,Role; owner; index state; sitemap; canonical; source; safety; attribution; AdSense route behavior,"Restore the listed file(s) from 4bbeef7a85d071752f9c1d0ec23e0ce1ff348505, rebuild, and rerun Phase 5 validation.",LOW — presentation/editorial structure only,PASS
https://echobuddha.com/quotes/practice/small-actions-shape-the-mind/,src/data/site.ts; src/pages/quotes/[category]/[story].astro,/quotes/practice/small-actions-shape-the-mind/,4bbeef7a85d071752f9c1d0ec23e0ce1ff348505,Replaced the site-wide story/application/practice heading shell with theme-led reflection movements; consolidated the context callout; removed the redundant generic closing.,Purpose-specific family structure without changing protected content facts or controls,Role; owner; index state; sitemap; canonical; source; safety; attribution; AdSense route behavior,"Restore the listed file(s) from 4bbeef7a85d071752f9c1d0ec23e0ce1ff348505, rebuild, and rerun Phase 5 validation.",LOW — presentation/editorial structure only,PASS
https://echobuddha.com/quotes/practice/the-path-is-not-far-away-it-is-the/,src/data/site.ts; src/pages/quotes/[category]/[story].astro,/quotes/practice/the-path-is-not-far-away-it-is-the/,4bbeef7a85d071752f9c1d0ec23e0ce1ff348505,Replaced the site-wide story/application/practice heading shell with theme-led reflection movements; consolidated the context callout; removed the redundant generic closing.,Purpose-specific family structure without changing protected content facts or controls,Role; owner; index state; sitemap; canonical; source; safety; attribution; AdSense route behavior,"Restore the listed file(s) from 4bbeef7a85d071752f9c1d0ec23e0ce1ff348505, rebuild, and rerun Phase 5 validation.",LOW — presentation/editorial structure only,PASS
https://echobuddha.com/quotes/practice/the-path-is-shaped-by-what-you-repeat-when/,src/data/site.ts; src/pages/quotes/[category]/[story].astro,/quotes/practice/the-path-is-shaped-by-what-you-repeat-when/,4bbeef7a85d071752f9c1d0ec23e0ce1ff348505,Replaced the site-wide story/application/practice heading shell with theme-led reflection movements; consolidated the context callout; removed the redundant generic closing.,Purpose-specific family structure without changing protected content facts or controls,Role; owner; index state; sitemap; canonical; source; safety; attribution; AdSense route behavior,"Restore the listed file(s) from 4bbeef7a85d071752f9c1d0ec23e0ce1ff348505, rebuild, and rerun Phase 5 validation.",LOW — presentation/editorial structure only,PASS
https://echobuddha.com/quotes/practice/the-smallest-wholesome-action-is-larger-than-the-finest/,src/data/site.ts; src/pages/quotes/[category]/[story].astro,/quotes/practice/the-smallest-wholesome-action-is-larger-than-the-finest/,4bbeef7a85d071752f9c1d0ec23e0ce1ff348505,Replaced the site-wide story/application/practice heading shell with theme-led reflection movements; consolidated the context callout; removed the redundant generic closing.,Purpose-specific family structure without changing protected content facts or controls,Role; owner; index state; sitemap; canonical; source; safety; attribution; AdSense route behavior,"Restore the listed file(s) from 4bbeef7a85d071752f9c1d0ec23e0ce1ff348505, rebuild, and rerun Phase 5 validation.",LOW — presentation/editorial structure only,PASS
https://echobuddha.com/quotes/practice/walk-slowly-enough-to-notice-where-your-life-is/,src/data/site.ts; src/pages/quotes/[category]/[story].astro,/quotes/practice/walk-slowly-enough-to-notice-where-your-life-is/,4bbeef7a85d071752f9c1d0ec23e0ce1ff348505,Replaced the site-wide story/application/practice heading shell with theme-led reflection movements; consolidated the context callout; removed the redundant generic closing.,Purpose-specific family structure without changing protected content facts or controls,Role; owner; index state; sitemap; canonical; source; safety; attribution; AdSense route behavior,"Restore the listed file(s) from 4bbeef7a85d071752f9c1d0ec23e0ce1ff348505, rebuild, and rerun Phase 5 validation.",LOW — presentation/editorial structure only,PASS
https://echobuddha.com/quotes/practice/your-next-response-is-always-part-of-the-path/,src/data/site.ts; src/pages/quotes/[category]/[story].astro,/quotes/practice/your-next-response-is-always-part-of-the-path/,4bbeef7a85d071752f9c1d0ec23e0ce1ff348505,Replaced the site-wide story/application/practice heading shell with theme-led reflection movements; consolidated the context callout; removed the redundant generic closing.,Purpose-specific family structure without changing protected content facts or controls,Role; owner; index state; sitemap; canonical; source; safety; attribution; AdSense route behavior,"Restore the listed file(s) from 4bbeef7a85d071752f9c1d0ec23e0ce1ff348505, rebuild, and rerun Phase 5 validation.",LOW — presentation/editorial structure only,PASS
https://echobuddha.com/quotes/renewal/a-mistake-becomes-a-teacher-when-honesty-enters-the/,src/data/site.ts; src/pages/quotes/[category]/[story].astro,/quotes/renewal/a-mistake-becomes-a-teacher-when-honesty-enters-the/,4bbeef7a85d071752f9c1d0ec23e0ce1ff348505,Replaced the site-wide story/application/practice heading shell with theme-led reflection movements; consolidated the context callout; removed the redundant generic closing.,Purpose-specific family structure without changing protected content facts or controls,Role; owner; index state; sitemap; canonical; source; safety; attribution; AdSense route behavior,"Restore the listed file(s) from 4bbeef7a85d071752f9c1d0ec23e0ce1ff348505, rebuild, and rerun Phase 5 validation.",LOW — presentation/editorial structure only,PASS
https://echobuddha.com/quotes/renewal/a-new-direction-can-start-with-one-different-choice/,src/data/site.ts; src/pages/quotes/[category]/[story].astro,/quotes/renewal/a-new-direction-can-start-with-one-different-choice/,4bbeef7a85d071752f9c1d0ec23e0ce1ff348505,Replaced the site-wide story/application/practice heading shell with theme-led reflection movements; consolidated the context callout; removed the redundant generic closing.,Purpose-specific family structure without changing protected content facts or controls,Role; owner; index state; sitemap; canonical; source; safety; attribution; AdSense route behavior,"Restore the listed file(s) from 4bbeef7a85d071752f9c1d0ec23e0ce1ff348505, rebuild, and rerun Phase 5 validation.",LOW — presentation/editorial structure only,PASS
https://echobuddha.com/quotes/renewal/begin-again-gently-the-breath-is-always-willing/,src/data/site.ts; src/pages/quotes/[category]/[story].astro,/quotes/renewal/begin-again-gently-the-breath-is-always-willing/,4bbeef7a85d071752f9c1d0ec23e0ce1ff348505,Replaced the site-wide story/application/practice heading shell with theme-led reflection movements; consolidated the context callout; removed the redundant generic closing.,Purpose-specific family structure without changing protected content facts or controls,Role; owner; index state; sitemap; canonical; source; safety; attribution; AdSense route behavior,"Restore the listed file(s) from 4bbeef7a85d071752f9c1d0ec23e0ce1ff348505, rebuild, and rerun Phase 5 validation.",LOW — presentation/editorial structure only,PASS
https://echobuddha.com/quotes/renewal/begin-again-without-shame/,src/data/site.ts; src/pages/quotes/[category]/[story].astro,/quotes/renewal/begin-again-without-shame/,4bbeef7a85d071752f9c1d0ec23e0ce1ff348505,Replaced the site-wide story/application/practice heading shell with theme-led reflection movements; consolidated the context callout; removed the redundant generic closing.,Purpose-specific family structure without changing protected content facts or controls,Role; owner; index state; sitemap; canonical; source; safety; attribution; AdSense route behavior,"Restore the listed file(s) from 4bbeef7a85d071752f9c1d0ec23e0ce1ff348505, rebuild, and rerun Phase 5 validation.",LOW — presentation/editorial structure only,PASS
https://echobuddha.com/quotes/renewal/begin-again-without-turning-yesterday-into-a-sentence/,src/data/site.ts; src/pages/quotes/[category]/[story].astro,/quotes/renewal/begin-again-without-turning-yesterday-into-a-sentence/,4bbeef7a85d071752f9c1d0ec23e0ce1ff348505,Replaced the site-wide story/application/practice heading shell with theme-led reflection movements; consolidated the context callout; removed the redundant generic closing.,Purpose-specific family structure without changing protected content facts or controls,Role; owner; index state; sitemap; canonical; source; safety; attribution; AdSense route behavior,"Restore the listed file(s) from 4bbeef7a85d071752f9c1d0ec23e0ce1ff348505, rebuild, and rerun Phase 5 validation.",LOW — presentation/editorial structure only,PASS
https://echobuddha.com/quotes/renewal/do-not-confuse-an-old-pattern-with-an-unchangeable/,src/data/site.ts; src/pages/quotes/[category]/[story].astro,/quotes/renewal/do-not-confuse-an-old-pattern-with-an-unchangeable/,4bbeef7a85d071752f9c1d0ec23e0ce1ff348505,Replaced the site-wide story/application/practice heading shell with theme-led reflection movements; consolidated the context callout; removed the redundant generic closing.,Purpose-specific family structure without changing protected content facts or controls,Role; owner; index state; sitemap; canonical; source; safety; attribution; AdSense route behavior,"Restore the listed file(s) from 4bbeef7a85d071752f9c1d0ec23e0ce1ff348505, rebuild, and rerun Phase 5 validation.",LOW — presentation/editorial structure only,PASS
https://echobuddha.com/quotes/renewal/each-conscious-breath-is-a-small-vote-for-beginning/,src/data/site.ts; src/pages/quotes/[category]/[story].astro,/quotes/renewal/each-conscious-breath-is-a-small-vote-for-beginning/,4bbeef7a85d071752f9c1d0ec23e0ce1ff348505,Replaced the site-wide story/application/practice heading shell with theme-led reflection movements; consolidated the context callout; removed the redundant generic closing.,Purpose-specific family structure without changing protected content facts or controls,Role; owner; index state; sitemap; canonical; source; safety; attribution; AdSense route behavior,"Restore the listed file(s) from 4bbeef7a85d071752f9c1d0ec23e0ce1ff348505, rebuild, and rerun Phase 5 validation.",LOW — presentation/editorial structure only,PASS
https://echobuddha.com/quotes/renewal/evening-release-reflection/,src/data/site.ts; src/pages/quotes/[category]/[story].astro,/quotes/renewal/evening-release-reflection/,4bbeef7a85d071752f9c1d0ec23e0ce1ff348505,Replaced the site-wide story/application/practice heading shell with theme-led reflection movements; consolidated the context callout; removed the redundant generic closing.,Purpose-specific family structure without changing protected content facts or controls,Role; owner; index state; sitemap; canonical; source; safety; attribution; AdSense route behavior,"Restore the listed file(s) from 4bbeef7a85d071752f9c1d0ec23e0ce1ff348505, rebuild, and rerun Phase 5 validation.",LOW — presentation/editorial structure only,PASS
https://echobuddha.com/quotes/renewal/gentle-hope-keeps-walking/,src/data/site.ts; src/pages/quotes/[category]/[story].astro,/quotes/renewal/gentle-hope-keeps-walking/,4bbeef7a85d071752f9c1d0ec23e0ce1ff348505,Replaced the site-wide story/application/practice heading shell with theme-led reflection movements; consolidated the context callout; removed the redundant generic closing.,Purpose-specific family structure without changing protected content facts or controls,Role; owner; index state; sitemap; canonical; source; safety; attribution; AdSense route behavior,"Restore the listed file(s) from 4bbeef7a85d071752f9c1d0ec23e0ce1ff348505, rebuild, and rerun Phase 5 validation.",LOW — presentation/editorial structure only,PASS
https://echobuddha.com/quotes/renewal/hope-can-be-quiet-and-still-keep-walking/,src/data/site.ts; src/pages/quotes/[category]/[story].astro,/quotes/renewal/hope-can-be-quiet-and-still-keep-walking/,4bbeef7a85d071752f9c1d0ec23e0ce1ff348505,Replaced the site-wide story/application/practice heading shell with theme-led reflection movements; consolidated the context callout; removed the redundant generic closing.,Purpose-specific family structure without changing protected content facts or controls,Role; owner; index state; sitemap; canonical; source; safety; attribution; AdSense route behavior,"Restore the listed file(s) from 4bbeef7a85d071752f9c1d0ec23e0ce1ff348505, rebuild, and rerun Phase 5 validation.",LOW — presentation/editorial structure only,PASS
https://echobuddha.com/quotes/renewal/morning-is-not-the-only-time-a-life-can/,src/data/site.ts; src/pages/quotes/[category]/[story].astro,/quotes/renewal/morning-is-not-the-only-time-a-life-can/,4bbeef7a85d071752f9c1d0ec23e0ce1ff348505,Replaced the site-wide story/application/practice heading shell with theme-led reflection movements; consolidated the context callout; removed the redundant generic closing.,Purpose-specific family structure without changing protected content facts or controls,Role; owner; index state; sitemap; canonical; source; safety; attribution; AdSense route behavior,"Restore the listed file(s) from 4bbeef7a85d071752f9c1d0ec23e0ce1ff348505, rebuild, and rerun Phase 5 validation.",LOW — presentation/editorial structure only,PASS
https://echobuddha.com/quotes/renewal/one-calm-morning-intention/,src/data/site.ts; src/pages/quotes/[category]/[story].astro,/quotes/renewal/one-calm-morning-intention/,4bbeef7a85d071752f9c1d0ec23e0ce1ff348505,Replaced the site-wide story/application/practice heading shell with theme-led reflection movements; consolidated the context callout; removed the redundant generic closing.,Purpose-specific family structure without changing protected content facts or controls,Role; owner; index state; sitemap; canonical; source; safety; attribution; AdSense route behavior,"Restore the listed file(s) from 4bbeef7a85d071752f9c1d0ec23e0ce1ff348505, rebuild, and rerun Phase 5 validation.",LOW — presentation/editorial structure only,PASS
https://echobuddha.com/quotes/renewal/repair-what-you-can-forgive-what-you-cannot-redo/,src/data/site.ts; src/pages/quotes/[category]/[story].astro,/quotes/renewal/repair-what-you-can-forgive-what-you-cannot-redo/,4bbeef7a85d071752f9c1d0ec23e0ce1ff348505,Replaced the site-wide story/application/practice heading shell with theme-led reflection movements; consolidated the context callout; removed the redundant generic closing.,Purpose-specific family structure without changing protected content facts or controls,Role; owner; index state; sitemap; canonical; source; safety; attribution; AdSense route behavior,"Restore the listed file(s) from 4bbeef7a85d071752f9c1d0ec23e0ce1ff348505, rebuild, and rerun Phase 5 validation.",LOW — presentation/editorial structure only,PASS
https://echobuddha.com/quotes/renewal/the-path-welcomes-your-return-more-often-than-pride/,src/data/site.ts; src/pages/quotes/[category]/[story].astro,/quotes/renewal/the-path-welcomes-your-return-more-often-than-pride/,4bbeef7a85d071752f9c1d0ec23e0ce1ff348505,Replaced the site-wide story/application/practice heading shell with theme-led reflection movements; consolidated the context callout; removed the redundant generic closing.,Purpose-specific family structure without changing protected content facts or controls,Role; owner; index state; sitemap; canonical; source; safety; attribution; AdSense route behavior,"Restore the listed file(s) from 4bbeef7a85d071752f9c1d0ec23e0ce1ff348505, rebuild, and rerun Phase 5 validation.",LOW — presentation/editorial structure only,PASS
https://echobuddha.com/quotes/renewal/you-are-allowed-to-learn-slowly-and-still-be/,src/data/site.ts; src/pages/quotes/[category]/[story].astro,/quotes/renewal/you-are-allowed-to-learn-slowly-and-still-be/,4bbeef7a85d071752f9c1d0ec23e0ce1ff348505,Replaced the site-wide story/application/practice heading shell with theme-led reflection movements; consolidated the context callout; removed the redundant generic closing.,Purpose-specific family structure without changing protected content facts or controls,Role; owner; index state; sitemap; canonical; source; safety; attribution; AdSense route behavior,"Restore the listed file(s) from 4bbeef7a85d071752f9c1d0ec23e0ce1ff348505, rebuild, and rerun Phase 5 validation.",LOW — presentation/editorial structure only,PASS
https://echobuddha.com/quotes/wisdom/a-clear-mind-can-hold-two-truths-without-rushing/,src/data/site.ts; src/pages/quotes/[category]/[story].astro,/quotes/wisdom/a-clear-mind-can-hold-two-truths-without-rushing/,4bbeef7a85d071752f9c1d0ec23e0ce1ff348505,Replaced the site-wide story/application/practice heading shell with theme-led reflection movements; consolidated the context callout; removed the redundant generic closing.,Purpose-specific family structure without changing protected content facts or controls,Role; owner; index state; sitemap; canonical; source; safety; attribution; AdSense route behavior,"Restore the listed file(s) from 4bbeef7a85d071752f9c1d0ec23e0ce1ff348505, rebuild, and rerun Phase 5 validation.",LOW — presentation/editorial structure only,PASS
https://echobuddha.com/quotes/wisdom/a-useful-truth-is-carried-with-humility-not-used/,src/data/site.ts; src/pages/quotes/[category]/[story].astro,/quotes/wisdom/a-useful-truth-is-carried-with-humility-not-used/,4bbeef7a85d071752f9c1d0ec23e0ce1ff348505,Replaced the site-wide story/application/practice heading shell with theme-led reflection movements; consolidated the context callout; removed the redundant generic closing.,Purpose-specific family structure without changing protected content facts or controls,Role; owner; index state; sitemap; canonical; source; safety; attribution; AdSense route behavior,"Restore the listed file(s) from 4bbeef7a85d071752f9c1d0ec23e0ce1ff348505, rebuild, and rerun Phase 5 validation.",LOW — presentation/editorial structure only,PASS
https://echobuddha.com/quotes/wisdom/contentment-with-what-is-here/,src/data/site.ts; src/pages/quotes/[category]/[story].astro,/quotes/wisdom/contentment-with-what-is-here/,4bbeef7a85d071752f9c1d0ec23e0ce1ff348505,Replaced the site-wide story/application/practice heading shell with theme-led reflection movements; consolidated the context callout; removed the redundant generic closing.,Purpose-specific family structure without changing protected content facts or controls,Role; owner; index state; sitemap; canonical; source; safety; attribution; AdSense route behavior,"Restore the listed file(s) from 4bbeef7a85d071752f9c1d0ec23e0ce1ff348505, rebuild, and rerun Phase 5 validation.",LOW — presentation/editorial structure only,PASS
https://echobuddha.com/quotes/wisdom/difficult-people-and-boundaries/,src/data/site.ts; src/pages/quotes/[category]/[story].astro,/quotes/wisdom/difficult-people-and-boundaries/,4bbeef7a85d071752f9c1d0ec23e0ce1ff348505,Replaced the site-wide story/application/practice heading shell with theme-led reflection movements; consolidated the context callout; removed the redundant generic closing.,Purpose-specific family structure without changing protected content facts or controls,Role; owner; index state; sitemap; canonical; source; safety; attribution; AdSense route behavior,"Restore the listed file(s) from 4bbeef7a85d071752f9c1d0ec23e0ce1ff348505, rebuild, and rerun Phase 5 validation.",LOW — presentation/editorial structure only,PASS
https://echobuddha.com/quotes/wisdom/karma-begins-in-intention/,src/data/site.ts; src/pages/quotes/[category]/[story].astro,/quotes/wisdom/karma-begins-in-intention/,4bbeef7a85d071752f9c1d0ec23e0ce1ff348505,Replaced the site-wide story/application/practice heading shell with theme-led reflection movements; consolidated the context callout; removed the redundant generic closing.,Purpose-specific family structure without changing protected content facts or controls,Role; owner; index state; sitemap; canonical; source; safety; attribution; AdSense route behavior,"Restore the listed file(s) from 4bbeef7a85d071752f9c1d0ec23e0ce1ff348505, rebuild, and rerun Phase 5 validation.",LOW — presentation/editorial structure only,PASS
https://echobuddha.com/quotes/wisdom/knowing-when-not-to-speak-is-also-a-form/,src/data/site.ts; src/pages/quotes/[category]/[story].astro,/quotes/wisdom/knowing-when-not-to-speak-is-also-a-form/,4bbeef7a85d071752f9c1d0ec23e0ce1ff348505,Replaced the site-wide story/application/practice heading shell with theme-led reflection movements; consolidated the context callout; removed the redundant generic closing.,Purpose-specific family structure without changing protected content facts or controls,Role; owner; index state; sitemap; canonical; source; safety; attribution; AdSense route behavior,"Restore the listed file(s) from 4bbeef7a85d071752f9c1d0ec23e0ce1ff348505, rebuild, and rerun Phase 5 validation.",LOW — presentation/editorial structure only,PASS
https://echobuddha.com/quotes/wisdom/learn-from-discomfort-without-turning-suffering-into-an-identity/,src/data/site.ts; src/pages/quotes/[category]/[story].astro,/quotes/wisdom/learn-from-discomfort-without-turning-suffering-into-an-identity/,4bbeef7a85d071752f9c1d0ec23e0ce1ff348505,Replaced the site-wide story/application/practice heading shell with theme-led reflection movements; consolidated the context callout; removed the redundant generic closing.,Purpose-specific family structure without changing protected content facts or controls,Role; owner; index state; sitemap; canonical; source; safety; attribution; AdSense route behavior,"Restore the listed file(s) from 4bbeef7a85d071752f9c1d0ec23e0ce1ff348505, rebuild, and rerun Phase 5 validation.",LOW — presentation/editorial structure only,PASS
https://echobuddha.com/quotes/wisdom/right-speech-with-kindness/,src/data/site.ts; src/pages/quotes/[category]/[story].astro,/quotes/wisdom/right-speech-with-kindness/,4bbeef7a85d071752f9c1d0ec23e0ce1ff348505,Replaced the site-wide story/application/practice heading shell with theme-led reflection movements; consolidated the context callout; removed the redundant generic closing.,Purpose-specific family structure without changing protected content facts or controls,Role; owner; index state; sitemap; canonical; source; safety; attribution; AdSense route behavior,"Restore the listed file(s) from 4bbeef7a85d071752f9c1d0ec23e0ce1ff348505, rebuild, and rerun Phase 5 validation.",LOW — presentation/editorial structure only,PASS
https://echobuddha.com/quotes/wisdom/see-the-conditions-behind-an-action-and-blame-may/,src/data/site.ts; src/pages/quotes/[category]/[story].astro,/quotes/wisdom/see-the-conditions-behind-an-action-and-blame-may/,4bbeef7a85d071752f9c1d0ec23e0ce1ff348505,Replaced the site-wide story/application/practice heading shell with theme-led reflection movements; consolidated the context callout; removed the redundant generic closing.,Purpose-specific family structure without changing protected content facts or controls,Role; owner; index state; sitemap; canonical; source; safety; attribution; AdSense route behavior,"Restore the listed file(s) from 4bbeef7a85d071752f9c1d0ec23e0ce1ff348505, rebuild, and rerun Phase 5 validation.",LOW — presentation/editorial structure only,PASS
https://echobuddha.com/quotes/wisdom/simplicity-clears-the-room/,src/data/site.ts; src/pages/quotes/[category]/[story].astro,/quotes/wisdom/simplicity-clears-the-room/,4bbeef7a85d071752f9c1d0ec23e0ce1ff348505,Replaced the site-wide story/application/practice heading shell with theme-led reflection movements; consolidated the context callout; removed the redundant generic closing.,Purpose-specific family structure without changing protected content facts or controls,Role; owner; index state; sitemap; canonical; source; safety; attribution; AdSense route behavior,"Restore the listed file(s) from 4bbeef7a85d071752f9c1d0ec23e0ce1ff348505, rebuild, and rerun Phase 5 validation.",LOW — presentation/editorial structure only,PASS
https://echobuddha.com/quotes/wisdom/the-lesson-repeats-until-attention-replaces-habit/,src/data/site.ts; src/pages/quotes/[category]/[story].astro,/quotes/wisdom/the-lesson-repeats-until-attention-replaces-habit/,4bbeef7a85d071752f9c1d0ec23e0ce1ff348505,Replaced the site-wide story/application/practice heading shell with theme-led reflection movements; consolidated the context callout; removed the redundant generic closing.,Purpose-specific family structure without changing protected content facts or controls,Role; owner; index state; sitemap; canonical; source; safety; attribution; AdSense route behavior,"Restore the listed file(s) from 4bbeef7a85d071752f9c1d0ec23e0ce1ff348505, rebuild, and rerun Phase 5 validation.",LOW — presentation/editorial structure only,PASS
https://echobuddha.com/quotes/wisdom/the-wise-heart-changes-course-when-clearer-seeing-arrives/,src/data/site.ts; src/pages/quotes/[category]/[story].astro,/quotes/wisdom/the-wise-heart-changes-course-when-clearer-seeing-arrives/,4bbeef7a85d071752f9c1d0ec23e0ce1ff348505,Replaced the site-wide story/application/practice heading shell with theme-led reflection movements; consolidated the context callout; removed the redundant generic closing.,Purpose-specific family structure without changing protected content facts or controls,Role; owner; index state; sitemap; canonical; source; safety; attribution; AdSense route behavior,"Restore the listed file(s) from 4bbeef7a85d071752f9c1d0ec23e0ce1ff348505, rebuild, and rerun Phase 5 validation.",LOW — presentation/editorial structure only,PASS
https://echobuddha.com/quotes/wisdom/understanding-suffering-honestly/,src/data/site.ts; src/pages/quotes/[category]/[story].astro,/quotes/wisdom/understanding-suffering-honestly/,4bbeef7a85d071752f9c1d0ec23e0ce1ff348505,Replaced the site-wide story/application/practice heading shell with theme-led reflection movements; consolidated the context callout; removed the redundant generic closing.,Purpose-specific family structure without changing protected content facts or controls,Role; owner; index state; sitemap; canonical; source; safety; attribution; AdSense route behavior,"Restore the listed file(s) from 4bbeef7a85d071752f9c1d0ec23e0ce1ff348505, rebuild, and rerun Phase 5 validation.",LOW — presentation/editorial structure only,PASS
https://echobuddha.com/quotes/wisdom/what-feels-urgent-is-not-always-what-matters-most/,src/data/site.ts; src/pages/quotes/[category]/[story].astro,/quotes/wisdom/what-feels-urgent-is-not-always-what-matters-most/,4bbeef7a85d071752f9c1d0ec23e0ce1ff348505,Replaced the site-wide story/application/practice heading shell with theme-led reflection movements; consolidated the context callout; removed the redundant generic closing.,Purpose-specific family structure without changing protected content facts or controls,Role; owner; index state; sitemap; canonical; source; safety; attribution; AdSense route behavior,"Restore the listed file(s) from 4bbeef7a85d071752f9c1d0ec23e0ce1ff348505, rebuild, and rerun Phase 5 validation.",LOW — presentation/editorial structure only,PASS
https://echobuddha.com/quotes/wisdom/wisdom-is-less-interested-in-winning-than-in-ending/,src/data/site.ts; src/pages/quotes/[category]/[story].astro,/quotes/wisdom/wisdom-is-less-interested-in-winning-than-in-ending/,4bbeef7a85d071752f9c1d0ec23e0ce1ff348505,Replaced the site-wide story/application/practice heading shell with theme-led reflection movements; consolidated the context callout; removed the redundant generic closing.,Purpose-specific family structure without changing protected content facts or controls,Role; owner; index state; sitemap; canonical; source; safety; attribution; AdSense route behavior,"Restore the listed file(s) from 4bbeef7a85d071752f9c1d0ec23e0ce1ff348505, rebuild, and rerun Phase 5 validation.",LOW — presentation/editorial structure only,PASS
https://echobuddha.com/quotes/wisdom/wisdom-is-the-art-of-meeting-life-without-adding/,src/data/site.ts; src/pages/quotes/[category]/[story].astro,/quotes/wisdom/wisdom-is-the-art-of-meeting-life-without-adding/,4bbeef7a85d071752f9c1d0ec23e0ce1ff348505,Replaced the site-wide story/application/practice heading shell with theme-led reflection movements; consolidated the context callout; removed the redundant generic closing.,Purpose-specific family structure without changing protected content facts or controls,Role; owner; index state; sitemap; canonical; source; safety; attribution; AdSense route behavior,"Restore the listed file(s) from 4bbeef7a85d071752f9c1d0ec23e0ce1ff348505, rebuild, and rerun Phase 5 validation.",LOW — presentation/editorial structure only,PASS
https://echobuddha.com/quotes/wisdom/wisdom-sees-clearly/,src/data/site.ts; src/pages/quotes/[category]/[story].astro,/quotes/wisdom/wisdom-sees-clearly/,4bbeef7a85d071752f9c1d0ec23e0ce1ff348505,Replaced the site-wide story/application/practice heading shell with theme-led reflection movements; consolidated the context callout; removed the redundant generic closing.,Purpose-specific family structure without changing protected content facts or controls,Role; owner; index state; sitemap; canonical; source; safety; attribution; AdSense route behavior,"Restore the listed file(s) from 4bbeef7a85d071752f9c1d0ec23e0ce1ff348505, rebuild, and rerun Phase 5 validation.",LOW — presentation/editorial structure only,PASS
https://echobuddha.com/quotes/wisdom/wisdom-sees-the-whole-fire-not-only-the-spark/,src/data/site.ts; src/pages/quotes/[category]/[story].astro,/quotes/wisdom/wisdom-sees-the-whole-fire-not-only-the-spark/,4bbeef7a85d071752f9c1d0ec23e0ce1ff348505,Replaced the site-wide story/application/practice heading shell with theme-led reflection movements; consolidated the context callout; removed the redundant generic closing.,Purpose-specific family structure without changing protected content facts or controls,Role; owner; index state; sitemap; canonical; source; safety; attribution; AdSense route behavior,"Restore the listed file(s) from 4bbeef7a85d071752f9c1d0ec23e0ce1ff348505, rebuild, and rerun Phase 5 validation.",LOW — presentation/editorial structure only,PASS
https://echobuddha.com/quotes/wisdom/wise-silence/,src/data/site.ts; src/pages/quotes/[category]/[story].astro,/quotes/wisdom/wise-silence/,4bbeef7a85d071752f9c1d0ec23e0ce1ff348505,Replaced the site-wide story/application/practice heading shell with theme-led reflection movements; consolidated the context callout; removed the redundant generic closing.,Purpose-specific family structure without changing protected content facts or controls,Role; owner; index state; sitemap; canonical; source; safety; attribution; AdSense route behavior,"Restore the listed file(s) from 4bbeef7a85d071752f9c1d0ec23e0ce1ff348505, rebuild, and rerun Phase 5 validation.",LOW — presentation/editorial structure only,PASS
