URL,Route,Status,Final URL,Title/H1/robots/canonical match,Rendered text matches,Structured data matches,Internal links match,Full parity,Production robots,Expected robots,Production canonical,Expected canonical,Elapsed ms,Error
https://echobuddha.com/404.html,/404.html,200,https://echobuddha.com/404,Yes,Yes,Yes,Yes,Yes,"noindex, follow","noindex, follow",,,326,
https://echobuddha.com/about/,/about/,200,https://echobuddha.com/about/,Yes,Yes,Yes,Yes,Yes,"index, follow (implicit)","index, follow (implicit)",https://echobuddha.com/about/,https://echobuddha.com/about/,201,
https://echobuddha.com/articles/beginning-a-daily-mindfulness-practice/,/articles/beginning-a-daily-mindfulness-practice/,200,https://echobuddha.com/articles/beginning-a-daily-mindfulness-practice/,Yes,Yes,Yes,Yes,Yes,"index, follow (implicit)","index, follow (implicit)",https://echobuddha.com/articles/beginning-a-daily-mindfulness-practice/,https://echobuddha.com/articles/beginning-a-daily-mindfulness-practice/,246,
https://echobuddha.com/articles/buddhism-for-beginners-simple-guide/,/articles/buddhism-for-beginners-simple-guide/,200,https://echobuddha.com/articles/buddhism-for-beginners-simple-guide/,Yes,Yes,Yes,Yes,Yes,"index, follow (implicit)","index, follow (implicit)",https://echobuddha.com/articles/buddhism-for-beginners-simple-guide/,https://echobuddha.com/articles/buddhism-for-beginners-simple-guide/,561,
https://echobuddha.com/articles/buddhist-approach-to-anger/,/articles/buddhist-approach-to-anger/,200,https://echobuddha.com/articles/buddhist-approach-to-anger/,Yes,Yes,Yes,Yes,Yes,"index, follow (implicit)","index, follow (implicit)",https://echobuddha.com/articles/buddhist-approach-to-anger/,https://echobuddha.com/articles/buddhist-approach-to-anger/,415,
https://echobuddha.com/articles/buddhist-gratitude-practice/,/articles/buddhist-gratitude-practice/,200,https://echobuddha.com/articles/buddhist-gratitude-practice/,Yes,Yes,Yes,Yes,Yes,"index, follow (implicit)","index, follow (implicit)",https://echobuddha.com/articles/buddhist-gratitude-practice/,https://echobuddha.com/articles/buddhist-gratitude-practice/,212,
https://echobuddha.com/articles/buddhist-teachings-on-forgiveness/,/articles/buddhist-teachings-on-forgiveness/,200,https://echobuddha.com/articles/buddhist-teachings-on-forgiveness/,Yes,Yes,Yes,Yes,Yes,"index, follow (implicit)","index, follow (implicit)",https://echobuddha.com/articles/buddhist-teachings-on-forgiveness/,https://echobuddha.com/articles/buddhist-teachings-on-forgiveness/,237,
https://echobuddha.com/articles/buddhist-teachings-on-impermanence/,/articles/buddhist-teachings-on-impermanence/,200,https://echobuddha.com/articles/buddhist-teachings-on-impermanence/,Yes,Yes,Yes,Yes,Yes,"index, follow (implicit)","index, follow (implicit)",https://echobuddha.com/articles/buddhist-teachings-on-impermanence/,https://echobuddha.com/articles/buddhist-teachings-on-impermanence/,203,
https://echobuddha.com/articles/buddhist-wisdom-for-overthinking/,/articles/buddhist-wisdom-for-overthinking/,200,https://echobuddha.com/articles/buddhist-wisdom-for-overthinking/,Yes,Yes,Yes,Yes,Yes,"index, follow (implicit)","index, follow (implicit)",https://echobuddha.com/articles/buddhist-wisdom-for-overthinking/,https://echobuddha.com/articles/buddhist-wisdom-for-overthinking/,198,
https://echobuddha.com/articles/category/buddhist-wisdom/,/articles/category/buddhist-wisdom/,200,https://echobuddha.com/articles/category/buddhist-wisdom/,Yes,Yes,Yes,Yes,Yes,"index, follow (implicit)","index, follow (implicit)",https://echobuddha.com/articles/category/buddhist-wisdom/,https://echobuddha.com/articles/category/buddhist-wisdom/,248,
https://echobuddha.com/articles/category/meditation/,/articles/category/meditation/,200,https://echobuddha.com/articles/category/meditation/,Yes,Yes,Yes,Yes,Yes,"index, follow (implicit)","index, follow (implicit)",https://echobuddha.com/articles/category/meditation/,https://echobuddha.com/articles/category/meditation/,240,
https://echobuddha.com/articles/category/mindfulness/,/articles/category/mindfulness/,200,https://echobuddha.com/articles/category/mindfulness/,Yes,Yes,Yes,Yes,Yes,"index, follow (implicit)","index, follow (implicit)",https://echobuddha.com/articles/category/mindfulness/,https://echobuddha.com/articles/category/mindfulness/,199,
https://echobuddha.com/articles/category/practice/,/articles/category/practice/,200,https://echobuddha.com/articles/category/practice/,Yes,Yes,Yes,Yes,Yes,"index, follow (implicit)","index, follow (implicit)",https://echobuddha.com/articles/category/practice/,https://echobuddha.com/articles/category/practice/,84,
https://echobuddha.com/articles/category/reflection/,/articles/category/reflection/,200,https://echobuddha.com/articles/category/reflection/,Yes,Yes,Yes,Yes,Yes,"index, follow (implicit)","index, follow (implicit)",https://echobuddha.com/articles/category/reflection/,https://echobuddha.com/articles/category/reflection/,79,
https://echobuddha.com/articles/compassion-as-a-daily-discipline/,/articles/compassion-as-a-daily-discipline/,200,https://echobuddha.com/articles/compassion-as-a-daily-discipline/,Yes,Yes,Yes,Yes,Yes,"index, follow (implicit)","index, follow (implicit)",https://echobuddha.com/articles/compassion-as-a-daily-discipline/,https://echobuddha.com/articles/compassion-as-a-daily-discipline/,102,
https://echobuddha.com/articles/compassion-in-buddhism-beginner-guide/,/articles/compassion-in-buddhism-beginner-guide/,200,https://echobuddha.com/articles/compassion-in-buddhism-beginner-guide/,Yes,Yes,Yes,Yes,Yes,"index, follow (implicit)","index, follow (implicit)",https://echobuddha.com/articles/compassion-in-buddhism-beginner-guide/,https://echobuddha.com/articles/compassion-in-buddhism-beginner-guide/,285,
https://echobuddha.com/articles/compassion-with-boundaries/,/articles/compassion-with-boundaries/,200,https://echobuddha.com/articles/compassion-with-boundaries/,Yes,Yes,Yes,Yes,Yes,"index, follow (implicit)","index, follow (implicit)",https://echobuddha.com/articles/compassion-with-boundaries/,https://echobuddha.com/articles/compassion-with-boundaries/,160,
https://echobuddha.com/articles/creating-a-peaceful-corner-at-home/,/articles/creating-a-peaceful-corner-at-home/,200,https://echobuddha.com/articles/creating-a-peaceful-corner-at-home/,Yes,Yes,Yes,Yes,Yes,"index, follow (implicit)","index, follow (implicit)",https://echobuddha.com/articles/creating-a-peaceful-corner-at-home/,https://echobuddha.com/articles/creating-a-peaceful-corner-at-home/,80,
https://echobuddha.com/articles/dhamma-vs-dharma/,/articles/dhamma-vs-dharma/,200,https://echobuddha.com/articles/dhamma-vs-dharma/,Yes,Yes,Yes,Yes,Yes,"index, follow (implicit)","index, follow (implicit)",https://echobuddha.com/articles/dhamma-vs-dharma/,https://echobuddha.com/articles/dhamma-vs-dharma/,86,
https://echobuddha.com/articles/dhammapada-reflection-trained-mind/,/articles/dhammapada-reflection-trained-mind/,200,https://echobuddha.com/articles/dhammapada-reflection-trained-mind/,Yes,Yes,Yes,Yes,Yes,"index, follow (implicit)","index, follow (implicit)",https://echobuddha.com/articles/dhammapada-reflection-trained-mind/,https://echobuddha.com/articles/dhammapada-reflection-trained-mind/,78,
https://echobuddha.com/articles/dhammapada-reflection-what-we-think/,/articles/dhammapada-reflection-what-we-think/,200,https://echobuddha.com/articles/dhammapada-reflection-what-we-think/,Yes,Yes,Yes,Yes,Yes,"index, follow (implicit)","index, follow (implicit)",https://echobuddha.com/articles/dhammapada-reflection-what-we-think/,https://echobuddha.com/articles/dhammapada-reflection-what-we-think/,76,
https://echobuddha.com/articles/dhammapada-verse-1-meaning/,/articles/dhammapada-verse-1-meaning/,200,https://echobuddha.com/articles/dhammapada-verse-1-meaning/,Yes,Yes,Yes,Yes,Yes,"index, follow (implicit)","index, follow (implicit)",https://echobuddha.com/articles/dhammapada-verse-1-meaning/,https://echobuddha.com/articles/dhammapada-verse-1-meaning/,101,
https://echobuddha.com/articles/eightfold-path-explained-daily-life/,/articles/eightfold-path-explained-daily-life/,200,https://echobuddha.com/articles/eightfold-path-explained-daily-life/,Yes,Yes,Yes,Yes,Yes,"index, follow (implicit)","index, follow (implicit)",https://echobuddha.com/articles/eightfold-path-explained-daily-life/,https://echobuddha.com/articles/eightfold-path-explained-daily-life/,99,
https://echobuddha.com/articles/eightfold-path-explained/,/articles/eightfold-path-explained/,200,https://echobuddha.com/articles/eightfold-path-explained/,Yes,Yes,Yes,Yes,Yes,"index, follow (implicit)","index, follow (implicit)",https://echobuddha.com/articles/eightfold-path-explained/,https://echobuddha.com/articles/eightfold-path-explained/,80,
https://echobuddha.com/articles/equanimity-in-buddhism/,/articles/equanimity-in-buddhism/,200,https://echobuddha.com/articles/equanimity-in-buddhism/,Yes,Yes,Yes,Yes,Yes,"index, follow (implicit)","index, follow (implicit)",https://echobuddha.com/articles/equanimity-in-buddhism/,https://echobuddha.com/articles/equanimity-in-buddhism/,99,
https://echobuddha.com/articles/first-week-buddhist-practice/,/articles/first-week-buddhist-practice/,200,https://echobuddha.com/articles/first-week-buddhist-practice/,Yes,Yes,Yes,Yes,Yes,"index, follow (implicit)","index, follow (implicit)",https://echobuddha.com/articles/first-week-buddhist-practice/,https://echobuddha.com/articles/first-week-buddhist-practice/,80,
https://echobuddha.com/articles/five-precepts-in-daily-life/,/articles/five-precepts-in-daily-life/,200,https://echobuddha.com/articles/five-precepts-in-daily-life/,Yes,Yes,Yes,Yes,Yes,"index, follow (implicit)","index, follow (implicit)",https://echobuddha.com/articles/five-precepts-in-daily-life/,https://echobuddha.com/articles/five-precepts-in-daily-life/,96,
https://echobuddha.com/articles/four-noble-truths-explained-simply/,/articles/four-noble-truths-explained-simply/,200,https://echobuddha.com/articles/four-noble-truths-explained-simply/,Yes,Yes,Yes,Yes,Yes,"index, follow (implicit)","index, follow (implicit)",https://echobuddha.com/articles/four-noble-truths-explained-simply/,https://echobuddha.com/articles/four-noble-truths-explained-simply/,269,
https://echobuddha.com/articles/four-noble-truths-explained/,/articles/four-noble-truths-explained/,200,https://echobuddha.com/articles/four-noble-truths-explained/,Yes,Yes,Yes,Yes,Yes,"index, follow (implicit)","index, follow (implicit)",https://echobuddha.com/articles/four-noble-truths-explained/,https://echobuddha.com/articles/four-noble-truths-explained/,609,
https://echobuddha.com/articles/how-to-let-go-of-attachment-in-buddhism/,/articles/how-to-let-go-of-attachment-in-buddhism/,200,https://echobuddha.com/articles/how-to-let-go-of-attachment-in-buddhism/,Yes,Yes,Yes,Yes,Yes,"index, follow (implicit)","index, follow (implicit)",https://echobuddha.com/articles/how-to-let-go-of-attachment-in-buddhism/,https://echobuddha.com/articles/how-to-let-go-of-attachment-in-buddhism/,86,
https://echobuddha.com/articles/how-to-meditate-for-anxiety/,/articles/how-to-meditate-for-anxiety/,200,https://echobuddha.com/articles/how-to-meditate-for-anxiety/,Yes,Yes,Yes,Yes,Yes,"index, follow (implicit)","index, follow (implicit)",https://echobuddha.com/articles/how-to-meditate-for-anxiety/,https://echobuddha.com/articles/how-to-meditate-for-anxiety/,99,
https://echobuddha.com/articles/how-to-meditate-for-beginners/,/articles/how-to-meditate-for-beginners/,200,https://echobuddha.com/articles/how-to-meditate-for-beginners/,Yes,Yes,Yes,Yes,Yes,"index, follow (implicit)","index, follow (implicit)",https://echobuddha.com/articles/how-to-meditate-for-beginners/,https://echobuddha.com/articles/how-to-meditate-for-beginners/,82,
https://echobuddha.com/articles/how-to-practice-non-attachment/,/articles/how-to-practice-non-attachment/,200,https://echobuddha.com/articles/how-to-practice-non-attachment/,Yes,Yes,Yes,Yes,Yes,"index, follow (implicit)","index, follow (implicit)",https://echobuddha.com/articles/how-to-practice-non-attachment/,https://echobuddha.com/articles/how-to-practice-non-attachment/,92,
https://echobuddha.com/articles/impermanence-in-buddhism-letting-go/,/articles/impermanence-in-buddhism-letting-go/,200,https://echobuddha.com/articles/impermanence-in-buddhism-letting-go/,Yes,Yes,Yes,Yes,Yes,"index, follow (implicit)","index, follow (implicit)",https://echobuddha.com/articles/impermanence-in-buddhism-letting-go/,https://echobuddha.com/articles/impermanence-in-buddhism-letting-go/,110,
https://echobuddha.com/articles/impermanence-in-buddhism/,/articles/impermanence-in-buddhism/,200,https://echobuddha.com/articles/impermanence-in-buddhism/,Yes,Yes,Yes,Yes,Yes,"index, follow (implicit)","index, follow (implicit)",https://echobuddha.com/articles/impermanence-in-buddhism/,https://echobuddha.com/articles/impermanence-in-buddhism/,91,
https://echobuddha.com/articles/,/articles/,200,https://echobuddha.com/articles/,Yes,Yes,Yes,Yes,Yes,"index, follow (implicit)","index, follow (implicit)",https://echobuddha.com/articles/,https://echobuddha.com/articles/,84,
https://echobuddha.com/articles/letting-go-without-giving-up/,/articles/letting-go-without-giving-up/,200,https://echobuddha.com/articles/letting-go-without-giving-up/,Yes,Yes,Yes,Yes,Yes,"index, follow (implicit)","index, follow (implicit)",https://echobuddha.com/articles/letting-go-without-giving-up/,https://echobuddha.com/articles/letting-go-without-giving-up/,91,
https://echobuddha.com/articles/loving-kindness-meditation-beginners/,/articles/loving-kindness-meditation-beginners/,200,https://echobuddha.com/articles/loving-kindness-meditation-beginners/,Yes,Yes,Yes,Yes,Yes,"index, follow (implicit)","index, follow (implicit)",https://echobuddha.com/articles/loving-kindness-meditation-beginners/,https://echobuddha.com/articles/loving-kindness-meditation-beginners/,65,
https://echobuddha.com/articles/loving-kindness-meditation-guide/,/articles/loving-kindness-meditation-guide/,200,https://echobuddha.com/articles/loving-kindness-meditation-guide/,Yes,Yes,Yes,Yes,Yes,"index, follow (implicit)","index, follow (implicit)",https://echobuddha.com/articles/loving-kindness-meditation-guide/,https://echobuddha.com/articles/loving-kindness-meditation-guide/,90,
https://echobuddha.com/articles/metta-meditation-script/,/articles/metta-meditation-script/,200,https://echobuddha.com/articles/metta-meditation-script/,Yes,Yes,Yes,Yes,Yes,"index, follow (implicit)","index, follow (implicit)",https://echobuddha.com/articles/metta-meditation-script/,https://echobuddha.com/articles/metta-meditation-script/,270,
https://echobuddha.com/articles/mindful-email-and-texting/,/articles/mindful-email-and-texting/,200,https://echobuddha.com/articles/mindful-email-and-texting/,Yes,Yes,Yes,Yes,Yes,"index, follow (implicit)","index, follow (implicit)",https://echobuddha.com/articles/mindful-email-and-texting/,https://echobuddha.com/articles/mindful-email-and-texting/,1164,
https://echobuddha.com/articles/mindful-listening-in-everyday-life/,/articles/mindful-listening-in-everyday-life/,200,https://echobuddha.com/articles/mindful-listening-in-everyday-life/,Yes,Yes,Yes,Yes,Yes,"index, follow (implicit)","index, follow (implicit)",https://echobuddha.com/articles/mindful-listening-in-everyday-life/,https://echobuddha.com/articles/mindful-listening-in-everyday-life/,82,
https://echobuddha.com/articles/mindfulness-for-better-sleep/,/articles/mindfulness-for-better-sleep/,200,https://echobuddha.com/articles/mindfulness-for-better-sleep/,Yes,Yes,Yes,Yes,Yes,"index, follow (implicit)","index, follow (implicit)",https://echobuddha.com/articles/mindfulness-for-better-sleep/,https://echobuddha.com/articles/mindfulness-for-better-sleep/,101,
https://echobuddha.com/articles/mindfulness-morning-routine/,/articles/mindfulness-morning-routine/,200,https://echobuddha.com/articles/mindfulness-morning-routine/,Yes,Yes,Yes,Yes,Yes,"index, follow (implicit)","index, follow (implicit)",https://echobuddha.com/articles/mindfulness-morning-routine/,https://echobuddha.com/articles/mindfulness-morning-routine/,77,
https://echobuddha.com/articles/mindfulness-of-breathing-guide/,/articles/mindfulness-of-breathing-guide/,200,https://echobuddha.com/articles/mindfulness-of-breathing-guide/,Yes,Yes,Yes,Yes,Yes,"index, follow (implicit)","index, follow (implicit)",https://echobuddha.com/articles/mindfulness-of-breathing-guide/,https://echobuddha.com/articles/mindfulness-of-breathing-guide/,76,
https://echobuddha.com/articles/mindfulness-vs-meditation/,/articles/mindfulness-vs-meditation/,200,https://echobuddha.com/articles/mindfulness-vs-meditation/,Yes,Yes,Yes,Yes,Yes,"index, follow (implicit)","index, follow (implicit)",https://echobuddha.com/articles/mindfulness-vs-meditation/,https://echobuddha.com/articles/mindfulness-vs-meditation/,78,
https://echobuddha.com/articles/noble-eightfold-path-practical-guide/,/articles/noble-eightfold-path-practical-guide/,200,https://echobuddha.com/articles/noble-eightfold-path-practical-guide/,Yes,Yes,Yes,Yes,Yes,"index, follow (implicit)","index, follow (implicit)",https://echobuddha.com/articles/noble-eightfold-path-practical-guide/,https://echobuddha.com/articles/noble-eightfold-path-practical-guide/,87,
https://echobuddha.com/articles/non-attachment-in-relationships/,/articles/non-attachment-in-relationships/,200,https://echobuddha.com/articles/non-attachment-in-relationships/,Yes,Yes,Yes,Yes,Yes,"index, follow (implicit)","index, follow (implicit)",https://echobuddha.com/articles/non-attachment-in-relationships/,https://echobuddha.com/articles/non-attachment-in-relationships/,77,
https://echobuddha.com/articles/right-livelihood-modern-life/,/articles/right-livelihood-modern-life/,200,https://echobuddha.com/articles/right-livelihood-modern-life/,Yes,Yes,Yes,Yes,Yes,"index, follow (implicit)","index, follow (implicit)",https://echobuddha.com/articles/right-livelihood-modern-life/,https://echobuddha.com/articles/right-livelihood-modern-life/,122,
https://echobuddha.com/articles/right-speech-buddhism/,/articles/right-speech-buddhism/,200,https://echobuddha.com/articles/right-speech-buddhism/,Yes,Yes,Yes,Yes,Yes,"index, follow (implicit)","index, follow (implicit)",https://echobuddha.com/articles/right-speech-buddhism/,https://echobuddha.com/articles/right-speech-buddhism/,103,
https://echobuddha.com/articles/right-speech-examples/,/articles/right-speech-examples/,200,https://echobuddha.com/articles/right-speech-examples/,Yes,Yes,Yes,Yes,Yes,"index, follow (implicit)","index, follow (implicit)",https://echobuddha.com/articles/right-speech-examples/,https://echobuddha.com/articles/right-speech-examples/,88,
https://echobuddha.com/articles/three-poisons-buddhism-explained/,/articles/three-poisons-buddhism-explained/,200,https://echobuddha.com/articles/three-poisons-buddhism-explained/,Yes,Yes,Yes,Yes,Yes,"index, follow (implicit)","index, follow (implicit)",https://echobuddha.com/articles/three-poisons-buddhism-explained/,https://echobuddha.com/articles/three-poisons-buddhism-explained/,224,
https://echobuddha.com/articles/three-ways-to-practice-patience/,/articles/three-ways-to-practice-patience/,200,https://echobuddha.com/articles/three-ways-to-practice-patience/,Yes,Yes,Yes,Yes,Yes,"index, follow (implicit)","index, follow (implicit)",https://echobuddha.com/articles/three-ways-to-practice-patience/,https://echobuddha.com/articles/three-ways-to-practice-patience/,248,
https://echobuddha.com/articles/visiting-a-buddhist-temple-respectfully/,/articles/visiting-a-buddhist-temple-respectfully/,200,https://echobuddha.com/articles/visiting-a-buddhist-temple-respectfully/,Yes,Yes,Yes,Yes,Yes,"index, follow (implicit)","index, follow (implicit)",https://echobuddha.com/articles/visiting-a-buddhist-temple-respectfully/,https://echobuddha.com/articles/visiting-a-buddhist-temple-respectfully/,107,
https://echobuddha.com/articles/walking-meditation-step-by-step/,/articles/walking-meditation-step-by-step/,200,https://echobuddha.com/articles/walking-meditation-step-by-step/,Yes,Yes,Yes,Yes,Yes,"index, follow (implicit)","index, follow (implicit)",https://echobuddha.com/articles/walking-meditation-step-by-step/,https://echobuddha.com/articles/walking-meditation-step-by-step/,116,
https://echobuddha.com/articles/what-is-buddhism-beginner-guide/,/articles/what-is-buddhism-beginner-guide/,200,https://echobuddha.com/articles/what-is-buddhism-beginner-guide/,Yes,Yes,Yes,Yes,Yes,"index, follow (implicit)","index, follow (implicit)",https://echobuddha.com/articles/what-is-buddhism-beginner-guide/,https://echobuddha.com/articles/what-is-buddhism-beginner-guide/,106,
https://echobuddha.com/articles/what-is-karma-in-buddhism/,/articles/what-is-karma-in-buddhism/,200,https://echobuddha.com/articles/what-is-karma-in-buddhism/,Yes,Yes,Yes,Yes,Yes,"index, follow (implicit)","index, follow (implicit)",https://echobuddha.com/articles/what-is-karma-in-buddhism/,https://echobuddha.com/articles/what-is-karma-in-buddhism/,108,
https://echobuddha.com/articles/what-is-sangha-buddhist-community/,/articles/what-is-sangha-buddhist-community/,200,https://echobuddha.com/articles/what-is-sangha-buddhist-community/,Yes,Yes,Yes,Yes,Yes,"index, follow (implicit)","index, follow (implicit)",https://echobuddha.com/articles/what-is-sangha-buddhist-community/,https://echobuddha.com/articles/what-is-sangha-buddhist-community/,117,
https://echobuddha.com/authors/echo-buddha-editorial/,/authors/echo-buddha-editorial/,200,https://echobuddha.com/authors/echo-buddha-editorial/,Yes,Yes,Yes,Yes,Yes,"index, follow (implicit)","index, follow (implicit)",https://echobuddha.com/authors/echo-buddha-editorial/,https://echobuddha.com/authors/echo-buddha-editorial/,115,
https://echobuddha.com/buddhist-sources-and-citations/,/buddhist-sources-and-citations/,200,https://echobuddha.com/buddhist-sources-and-citations/,Yes,Yes,Yes,Yes,Yes,"index, follow (implicit)","index, follow (implicit)",https://echobuddha.com/buddhist-sources-and-citations/,https://echobuddha.com/buddhist-sources-and-citations/,85,
https://echobuddha.com/contact/,/contact/,200,https://echobuddha.com/contact/,Yes,Yes,Yes,Yes,Yes,"index, follow (implicit)","index, follow (implicit)",https://echobuddha.com/contact/,https://echobuddha.com/contact/,84,
https://echobuddha.com/corrections/,/corrections/,200,https://echobuddha.com/corrections/,Yes,Yes,Yes,Yes,Yes,"index, follow (implicit)","index, follow (implicit)",https://echobuddha.com/corrections/,https://echobuddha.com/corrections/,61,
https://echobuddha.com/daily-reflections/anger-as-a-signal/,/daily-reflections/anger-as-a-signal/,200,https://echobuddha.com/daily-reflections/anger-as-a-signal/,Yes,Yes,Yes,Yes,Yes,"noindex, follow","noindex, follow",https://echobuddha.com/daily-reflections/anger-as-a-signal/,https://echobuddha.com/daily-reflections/anger-as-a-signal/,84,
https://echobuddha.com/daily-reflections/begin-again-without-shame/,/daily-reflections/begin-again-without-shame/,200,https://echobuddha.com/daily-reflections/begin-again-without-shame/,Yes,Yes,Yes,Yes,Yes,"noindex, follow","noindex, follow",https://echobuddha.com/daily-reflections/begin-again-without-shame/,https://echobuddha.com/daily-reflections/begin-again-without-shame/,199,
https://echobuddha.com/daily-reflections/compassion-begins-nearby/,/daily-reflections/compassion-begins-nearby/,200,https://echobuddha.com/daily-reflections/compassion-begins-nearby/,Yes,Yes,Yes,Yes,Yes,"noindex, follow","noindex, follow",https://echobuddha.com/daily-reflections/compassion-begins-nearby/,https://echobuddha.com/daily-reflections/compassion-begins-nearby/,272,
https://echobuddha.com/daily-reflections/enough-for-this-moment/,/daily-reflections/enough-for-this-moment/,200,https://echobuddha.com/daily-reflections/enough-for-this-moment/,Yes,Yes,Yes,Yes,Yes,"noindex, follow","noindex, follow",https://echobuddha.com/daily-reflections/enough-for-this-moment/,https://echobuddha.com/daily-reflections/enough-for-this-moment/,75,
https://echobuddha.com/daily-reflections/evening-release/,/daily-reflections/evening-release/,200,https://echobuddha.com/daily-reflections/evening-release/,Yes,Yes,Yes,Yes,Yes,"noindex, follow","noindex, follow",https://echobuddha.com/daily-reflections/evening-release/,https://echobuddha.com/daily-reflections/evening-release/,88,
https://echobuddha.com/daily-reflections/family-patience/,/daily-reflections/family-patience/,200,https://echobuddha.com/daily-reflections/family-patience/,Yes,Yes,Yes,Yes,Yes,"noindex, follow","noindex, follow",https://echobuddha.com/daily-reflections/family-patience/,https://echobuddha.com/daily-reflections/family-patience/,72,
https://echobuddha.com/daily-reflections/forgiveness-without-approval/,/daily-reflections/forgiveness-without-approval/,200,https://echobuddha.com/daily-reflections/forgiveness-without-approval/,Yes,Yes,Yes,Yes,Yes,"noindex, follow","noindex, follow",https://echobuddha.com/daily-reflections/forgiveness-without-approval/,https://echobuddha.com/daily-reflections/forgiveness-without-approval/,75,
https://echobuddha.com/daily-reflections/gratitude-for-change/,/daily-reflections/gratitude-for-change/,200,https://echobuddha.com/daily-reflections/gratitude-for-change/,Yes,Yes,Yes,Yes,Yes,"noindex, follow","noindex, follow",https://echobuddha.com/daily-reflections/gratitude-for-change/,https://echobuddha.com/daily-reflections/gratitude-for-change/,110,
https://echobuddha.com/daily-reflections/gratitude-notices-enough/,/daily-reflections/gratitude-notices-enough/,200,https://echobuddha.com/daily-reflections/gratitude-notices-enough/,Yes,Yes,Yes,Yes,Yes,"noindex, follow","noindex, follow",https://echobuddha.com/daily-reflections/gratitude-notices-enough/,https://echobuddha.com/daily-reflections/gratitude-notices-enough/,88,
https://echobuddha.com/daily-reflections/impermanence-softens-clinging/,/daily-reflections/impermanence-softens-clinging/,200,https://echobuddha.com/daily-reflections/impermanence-softens-clinging/,Yes,Yes,Yes,Yes,Yes,"noindex, follow","noindex, follow",https://echobuddha.com/daily-reflections/impermanence-softens-clinging/,https://echobuddha.com/daily-reflections/impermanence-softens-clinging/,74,
https://echobuddha.com/daily-reflections/,/daily-reflections/,200,https://echobuddha.com/daily-reflections/,Yes,Yes,Yes,Yes,Yes,"index, follow (implicit)","index, follow (implicit)",https://echobuddha.com/daily-reflections/,https://echobuddha.com/daily-reflections/,95,
https://echobuddha.com/daily-reflections/kindness-with-boundaries/,/daily-reflections/kindness-with-boundaries/,200,https://echobuddha.com/daily-reflections/kindness-with-boundaries/,Yes,Yes,Yes,Yes,Yes,"noindex, follow","noindex, follow",https://echobuddha.com/daily-reflections/kindness-with-boundaries/,https://echobuddha.com/daily-reflections/kindness-with-boundaries/,74,
https://echobuddha.com/daily-reflections/let-the-feeling-pass/,/daily-reflections/let-the-feeling-pass/,200,https://echobuddha.com/daily-reflections/let-the-feeling-pass/,Yes,Yes,Yes,Yes,Yes,"noindex, follow","noindex, follow",https://echobuddha.com/daily-reflections/let-the-feeling-pass/,https://echobuddha.com/daily-reflections/let-the-feeling-pass/,86,
https://echobuddha.com/daily-reflections/letting-go-keeps-care/,/daily-reflections/letting-go-keeps-care/,200,https://echobuddha.com/daily-reflections/letting-go-keeps-care/,Yes,Yes,Yes,Yes,Yes,"noindex, follow","noindex, follow",https://echobuddha.com/daily-reflections/letting-go-keeps-care/,https://echobuddha.com/daily-reflections/letting-go-keeps-care/,239,
https://echobuddha.com/daily-reflections/listen-before-answering/,/daily-reflections/listen-before-answering/,200,https://echobuddha.com/daily-reflections/listen-before-answering/,Yes,Yes,Yes,Yes,Yes,"noindex, follow","noindex, follow",https://echobuddha.com/daily-reflections/listen-before-answering/,https://echobuddha.com/daily-reflections/listen-before-answering/,301,
https://echobuddha.com/daily-reflections/metta-for-a-difficult-person/,/daily-reflections/metta-for-a-difficult-person/,200,https://echobuddha.com/daily-reflections/metta-for-a-difficult-person/,Yes,Yes,Yes,Yes,Yes,"noindex, follow","noindex, follow",https://echobuddha.com/daily-reflections/metta-for-a-difficult-person/,https://echobuddha.com/daily-reflections/metta-for-a-difficult-person/,76,
https://echobuddha.com/daily-reflections/mindful-work/,/daily-reflections/mindful-work/,200,https://echobuddha.com/daily-reflections/mindful-work/,Yes,Yes,Yes,Yes,Yes,"noindex, follow","noindex, follow",https://echobuddha.com/daily-reflections/mindful-work/,https://echobuddha.com/daily-reflections/mindful-work/,102,
https://echobuddha.com/daily-reflections/morning-intention/,/daily-reflections/morning-intention/,200,https://echobuddha.com/daily-reflections/morning-intention/,Yes,Yes,Yes,Yes,Yes,"noindex, follow","noindex, follow",https://echobuddha.com/daily-reflections/morning-intention/,https://echobuddha.com/daily-reflections/morning-intention/,74,
https://echobuddha.com/daily-reflections/notice-before-fixing/,/daily-reflections/notice-before-fixing/,200,https://echobuddha.com/daily-reflections/notice-before-fixing/,Yes,Yes,Yes,Yes,Yes,"noindex, follow","noindex, follow",https://echobuddha.com/daily-reflections/notice-before-fixing/,https://echobuddha.com/daily-reflections/notice-before-fixing/,74,
https://echobuddha.com/daily-reflections/one-honest-breath/,/daily-reflections/one-honest-breath/,200,https://echobuddha.com/daily-reflections/one-honest-breath/,Yes,Yes,Yes,Yes,Yes,"noindex, follow","noindex, follow",https://echobuddha.com/daily-reflections/one-honest-breath/,https://echobuddha.com/daily-reflections/one-honest-breath/,89,
https://echobuddha.com/daily-reflections/one-step-on-the-path/,/daily-reflections/one-step-on-the-path/,200,https://echobuddha.com/daily-reflections/one-step-on-the-path/,Yes,Yes,Yes,Yes,Yes,"noindex, follow","noindex, follow",https://echobuddha.com/daily-reflections/one-step-on-the-path/,https://echobuddha.com/daily-reflections/one-step-on-the-path/,92,
https://echobuddha.com/daily-reflections/patience-before-anger-speaks/,/daily-reflections/patience-before-anger-speaks/,200,https://echobuddha.com/daily-reflections/patience-before-anger-speaks/,Yes,Yes,Yes,Yes,Yes,"noindex, follow","noindex, follow",https://echobuddha.com/daily-reflections/patience-before-anger-speaks/,https://echobuddha.com/daily-reflections/patience-before-anger-speaks/,76,
https://echobuddha.com/daily-reflections/rest-without-escape/,/daily-reflections/rest-without-escape/,200,https://echobuddha.com/daily-reflections/rest-without-escape/,Yes,Yes,Yes,Yes,Yes,"noindex, follow","noindex, follow",https://echobuddha.com/daily-reflections/rest-without-escape/,https://echobuddha.com/daily-reflections/rest-without-escape/,89,
https://echobuddha.com/daily-reflections/see-the-conditions/,/daily-reflections/see-the-conditions/,200,https://echobuddha.com/daily-reflections/see-the-conditions/,Yes,Yes,Yes,Yes,Yes,"noindex, follow","noindex, follow",https://echobuddha.com/daily-reflections/see-the-conditions/,https://echobuddha.com/daily-reflections/see-the-conditions/,69,
https://echobuddha.com/daily-reflections/simple-goodwill/,/daily-reflections/simple-goodwill/,200,https://echobuddha.com/daily-reflections/simple-goodwill/,Yes,Yes,Yes,Yes,Yes,"noindex, follow","noindex, follow",https://echobuddha.com/daily-reflections/simple-goodwill/,https://echobuddha.com/daily-reflections/simple-goodwill/,95,
https://echobuddha.com/daily-reflections/small-actions-shape-the-mind/,/daily-reflections/small-actions-shape-the-mind/,200,https://echobuddha.com/daily-reflections/small-actions-shape-the-mind/,Yes,Yes,Yes,Yes,Yes,"noindex, follow","noindex, follow",https://echobuddha.com/daily-reflections/small-actions-shape-the-mind/,https://echobuddha.com/daily-reflections/small-actions-shape-the-mind/,260,
https://echobuddha.com/daily-reflections/soften-the-inner-argument/,/daily-reflections/soften-the-inner-argument/,200,https://echobuddha.com/daily-reflections/soften-the-inner-argument/,Yes,Yes,Yes,Yes,Yes,"noindex, follow","noindex, follow",https://echobuddha.com/daily-reflections/soften-the-inner-argument/,https://echobuddha.com/daily-reflections/soften-the-inner-argument/,259,
https://echobuddha.com/daily-reflections/speech-can-reduce-suffering/,/daily-reflections/speech-can-reduce-suffering/,200,https://echobuddha.com/daily-reflections/speech-can-reduce-suffering/,Yes,Yes,Yes,Yes,Yes,"noindex, follow","noindex, follow",https://echobuddha.com/daily-reflections/speech-can-reduce-suffering/,https://echobuddha.com/daily-reflections/speech-can-reduce-suffering/,72,
https://echobuddha.com/daily-reflections/the-first-truth-is-kind/,/daily-reflections/the-first-truth-is-kind/,200,https://echobuddha.com/daily-reflections/the-first-truth-is-kind/,Yes,Yes,Yes,Yes,Yes,"noindex, follow","noindex, follow",https://echobuddha.com/daily-reflections/the-first-truth-is-kind/,https://echobuddha.com/daily-reflections/the-first-truth-is-kind/,93,
https://echobuddha.com/daily-reflections/thoughts-are-visitors/,/daily-reflections/thoughts-are-visitors/,200,https://echobuddha.com/daily-reflections/thoughts-are-visitors/,Yes,Yes,Yes,Yes,Yes,"noindex, follow","noindex, follow",https://echobuddha.com/daily-reflections/thoughts-are-visitors/,https://echobuddha.com/daily-reflections/thoughts-are-visitors/,68,
https://echobuddha.com/daily-reflections/today/,/daily-reflections/today/,200,https://echobuddha.com/daily-reflections/today/,Yes,Yes,Yes,Yes,Yes,"noindex, follow","noindex, follow",https://echobuddha.com/daily-reflections/today/,https://echobuddha.com/daily-reflections/today/,74,
https://echobuddha.com/daily-reflections/walking-as-practice/,/daily-reflections/walking-as-practice/,200,https://echobuddha.com/daily-reflections/walking-as-practice/,Yes,Yes,Yes,Yes,Yes,"noindex, follow","noindex, follow",https://echobuddha.com/daily-reflections/walking-as-practice/,https://echobuddha.com/daily-reflections/walking-as-practice/,83,
https://echobuddha.com/disclaimer/,/disclaimer/,200,https://echobuddha.com/disclaimer/,Yes,Yes,Yes,Yes,Yes,"index, follow (implicit)","index, follow (implicit)",https://echobuddha.com/disclaimer/,https://echobuddha.com/disclaimer/,88,
https://echobuddha.com/editorial-policy/,/editorial-policy/,200,https://echobuddha.com/editorial-policy/,Yes,Yes,Yes,Yes,Yes,"index, follow (implicit)","index, follow (implicit)",https://echobuddha.com/editorial-policy/,https://echobuddha.com/editorial-policy/,81,
https://echobuddha.com/how-echo-buddha-creates-content/,/how-echo-buddha-creates-content/,200,https://echobuddha.com/how-echo-buddha-creates-content/,Yes,Yes,Yes,Yes,Yes,"index, follow (implicit)","index, follow (implicit)",https://echobuddha.com/how-echo-buddha-creates-content/,https://echobuddha.com/how-echo-buddha-creates-content/,82,
https://echobuddha.com/,/,200,https://echobuddha.com/,Yes,Yes,Yes,Yes,Yes,"index, follow (implicit)","index, follow (implicit)",https://echobuddha.com/,https://echobuddha.com/,80,
https://echobuddha.com/learn/buddhism-101/a-simple-daily-buddhist-practice/,/learn/buddhism-101/a-simple-daily-buddhist-practice/,200,https://echobuddha.com/learn/buddhism-101/a-simple-daily-buddhist-practice/,Yes,Yes,Yes,Yes,Yes,"index, follow (implicit)","index, follow (implicit)",https://echobuddha.com/learn/buddhism-101/a-simple-daily-buddhist-practice/,https://echobuddha.com/learn/buddhism-101/a-simple-daily-buddhist-practice/,86,
https://echobuddha.com/learn/buddhism-101/dependent-origination-explained/,/learn/buddhism-101/dependent-origination-explained/,200,https://echobuddha.com/learn/buddhism-101/dependent-origination-explained/,Yes,Yes,Yes,Yes,Yes,"index, follow (implicit)","index, follow (implicit)",https://echobuddha.com/learn/buddhism-101/dependent-origination-explained/,https://echobuddha.com/learn/buddhism-101/dependent-origination-explained/,180,
https://echobuddha.com/learn/buddhism-101/five-aggregates-buddhism/,/learn/buddhism-101/five-aggregates-buddhism/,200,https://echobuddha.com/learn/buddhism-101/five-aggregates-buddhism/,Yes,Yes,Yes,Yes,Yes,"index, follow (implicit)","index, follow (implicit)",https://echobuddha.com/learn/buddhism-101/five-aggregates-buddhism/,https://echobuddha.com/learn/buddhism-101/five-aggregates-buddhism/,317,
https://echobuddha.com/learn/buddhism-101/five-hindrances-in-buddhism/,/learn/buddhism-101/five-hindrances-in-buddhism/,200,https://echobuddha.com/learn/buddhism-101/five-hindrances-in-buddhism/,Yes,Yes,Yes,Yes,Yes,"index, follow (implicit)","index, follow (implicit)",https://echobuddha.com/learn/buddhism-101/five-hindrances-in-buddhism/,https://echobuddha.com/learn/buddhism-101/five-hindrances-in-buddhism/,82,
https://echobuddha.com/learn/buddhism-101/five-precepts-buddhism/,/learn/buddhism-101/five-precepts-buddhism/,200,https://echobuddha.com/learn/buddhism-101/five-precepts-buddhism/,Yes,Yes,Yes,Yes,Yes,"index, follow (implicit)","index, follow (implicit)",https://echobuddha.com/learn/buddhism-101/five-precepts-buddhism/,https://echobuddha.com/learn/buddhism-101/five-precepts-buddhism/,92,
https://echobuddha.com/learn/buddhism-101/four-brahmaviharas/,/learn/buddhism-101/four-brahmaviharas/,200,https://echobuddha.com/learn/buddhism-101/four-brahmaviharas/,Yes,Yes,Yes,Yes,Yes,"index, follow (implicit)","index, follow (implicit)",https://echobuddha.com/learn/buddhism-101/four-brahmaviharas/,https://echobuddha.com/learn/buddhism-101/four-brahmaviharas/,68,
https://echobuddha.com/learn/buddhism-101/how-to-practice-buddhism-at-home/,/learn/buddhism-101/how-to-practice-buddhism-at-home/,200,https://echobuddha.com/learn/buddhism-101/how-to-practice-buddhism-at-home/,Yes,Yes,Yes,Yes,Yes,"index, follow (implicit)","index, follow (implicit)",https://echobuddha.com/learn/buddhism-101/how-to-practice-buddhism-at-home/,https://echobuddha.com/learn/buddhism-101/how-to-practice-buddhism-at-home/,69,
https://echobuddha.com/learn/buddhism-101/,/learn/buddhism-101/,200,https://echobuddha.com/learn/buddhism-101/,Yes,Yes,Yes,Yes,Yes,"index, follow (implicit)","index, follow (implicit)",https://echobuddha.com/learn/buddhism-101/,https://echobuddha.com/learn/buddhism-101/,109,
https://echobuddha.com/learn/buddhism-101/middle-way-explained-for-beginners/,/learn/buddhism-101/middle-way-explained-for-beginners/,200,https://echobuddha.com/learn/buddhism-101/middle-way-explained-for-beginners/,Yes,Yes,Yes,Yes,Yes,"index, follow (implicit)","index, follow (implicit)",https://echobuddha.com/learn/buddhism-101/middle-way-explained-for-beginners/,https://echobuddha.com/learn/buddhism-101/middle-way-explained-for-beginners/,86,
https://echobuddha.com/learn/buddhism-101/right-livelihood-buddhism/,/learn/buddhism-101/right-livelihood-buddhism/,200,https://echobuddha.com/learn/buddhism-101/right-livelihood-buddhism/,Yes,Yes,Yes,Yes,Yes,"index, follow (implicit)","index, follow (implicit)",https://echobuddha.com/learn/buddhism-101/right-livelihood-buddhism/,https://echobuddha.com/learn/buddhism-101/right-livelihood-buddhism/,76,
https://echobuddha.com/learn/buddhism-101/the-four-noble-truths-explained/,/learn/buddhism-101/the-four-noble-truths-explained/,200,https://echobuddha.com/learn/buddhism-101/the-four-noble-truths-explained/,Yes,Yes,Yes,Yes,Yes,"index, follow (implicit)","index, follow (implicit)",https://echobuddha.com/learn/buddhism-101/the-four-noble-truths-explained/,https://echobuddha.com/learn/buddhism-101/the-four-noble-truths-explained/,98,
https://echobuddha.com/learn/buddhism-101/the-noble-eightfold-path-explained/,/learn/buddhism-101/the-noble-eightfold-path-explained/,200,https://echobuddha.com/learn/buddhism-101/the-noble-eightfold-path-explained/,Yes,Yes,Yes,Yes,Yes,"index, follow (implicit)","index, follow (implicit)",https://echobuddha.com/learn/buddhism-101/the-noble-eightfold-path-explained/,https://echobuddha.com/learn/buddhism-101/the-noble-eightfold-path-explained/,72,
https://echobuddha.com/learn/buddhism-101/the-three-jewels-explained/,/learn/buddhism-101/the-three-jewels-explained/,200,https://echobuddha.com/learn/buddhism-101/the-three-jewels-explained/,Yes,Yes,Yes,Yes,Yes,"index, follow (implicit)","index, follow (implicit)",https://echobuddha.com/learn/buddhism-101/the-three-jewels-explained/,https://echobuddha.com/learn/buddhism-101/the-three-jewels-explained/,97,
https://echobuddha.com/learn/buddhism-101/three-marks-of-existence/,/learn/buddhism-101/three-marks-of-existence/,200,https://echobuddha.com/learn/buddhism-101/three-marks-of-existence/,Yes,Yes,Yes,Yes,Yes,"index, follow (implicit)","index, follow (implicit)",https://echobuddha.com/learn/buddhism-101/three-marks-of-existence/,https://echobuddha.com/learn/buddhism-101/three-marks-of-existence/,203,
https://echobuddha.com/learn/buddhism-101/threefold-training-sila-samadhi-panna/,/learn/buddhism-101/threefold-training-sila-samadhi-panna/,200,https://echobuddha.com/learn/buddhism-101/threefold-training-sila-samadhi-panna/,Yes,Yes,Yes,Yes,Yes,"index, follow (implicit)","index, follow (implicit)",https://echobuddha.com/learn/buddhism-101/threefold-training-sila-samadhi-panna/,https://echobuddha.com/learn/buddhism-101/threefold-training-sila-samadhi-panna/,272,
https://echobuddha.com/learn/buddhism-101/what-is-buddhism/,/learn/buddhism-101/what-is-buddhism/,200,https://echobuddha.com/learn/buddhism-101/what-is-buddhism/,Yes,Yes,Yes,Yes,Yes,"index, follow (implicit)","index, follow (implicit)",https://echobuddha.com/learn/buddhism-101/what-is-buddhism/,https://echobuddha.com/learn/buddhism-101/what-is-buddhism/,77,
https://echobuddha.com/learn/buddhism-101/what-is-impermanence/,/learn/buddhism-101/what-is-impermanence/,200,https://echobuddha.com/learn/buddhism-101/what-is-impermanence/,Yes,Yes,Yes,Yes,Yes,"index, follow (implicit)","index, follow (implicit)",https://echobuddha.com/learn/buddhism-101/what-is-impermanence/,https://echobuddha.com/learn/buddhism-101/what-is-impermanence/,97,
https://echobuddha.com/learn/buddhism-101/what-is-karma-in-buddhism/,/learn/buddhism-101/what-is-karma-in-buddhism/,200,https://echobuddha.com/learn/buddhism-101/what-is-karma-in-buddhism/,Yes,Yes,Yes,Yes,Yes,"index, follow (implicit)","index, follow (implicit)",https://echobuddha.com/learn/buddhism-101/what-is-karma-in-buddhism/,https://echobuddha.com/learn/buddhism-101/what-is-karma-in-buddhism/,75,
https://echobuddha.com/learn/buddhism-101/what-is-mindfulness/,/learn/buddhism-101/what-is-mindfulness/,200,https://echobuddha.com/learn/buddhism-101/what-is-mindfulness/,Yes,Yes,Yes,Yes,Yes,"index, follow (implicit)","index, follow (implicit)",https://echobuddha.com/learn/buddhism-101/what-is-mindfulness/,https://echobuddha.com/learn/buddhism-101/what-is-mindfulness/,64,
https://echobuddha.com/learn/buddhism-101/who-was-the-buddha/,/learn/buddhism-101/who-was-the-buddha/,200,https://echobuddha.com/learn/buddhism-101/who-was-the-buddha/,Yes,Yes,Yes,Yes,Yes,"index, follow (implicit)","index, follow (implicit)",https://echobuddha.com/learn/buddhism-101/who-was-the-buddha/,https://echobuddha.com/learn/buddhism-101/who-was-the-buddha/,129,
https://echobuddha.com/learn/buddhism-for-beginners/,/learn/buddhism-for-beginners/,200,https://echobuddha.com/learn/buddhism-for-beginners/,Yes,Yes,Yes,Yes,Yes,"index, follow (implicit)","index, follow (implicit)",https://echobuddha.com/learn/buddhism-for-beginners/,https://echobuddha.com/learn/buddhism-for-beginners/,98,
https://echobuddha.com/learn/buddhist-dictionary/anatta/,/learn/buddhist-dictionary/anatta/,200,https://echobuddha.com/learn/buddhist-dictionary/anatta/,Yes,Yes,Yes,Yes,Yes,"index, follow (implicit)","index, follow (implicit)",https://echobuddha.com/learn/buddhist-dictionary/anatta/,https://echobuddha.com/learn/buddhist-dictionary/anatta/,74,
https://echobuddha.com/learn/buddhist-dictionary/anicca/,/learn/buddhist-dictionary/anicca/,200,https://echobuddha.com/learn/buddhist-dictionary/anicca/,Yes,Yes,Yes,Yes,Yes,"index, follow (implicit)","index, follow (implicit)",https://echobuddha.com/learn/buddhist-dictionary/anicca/,https://echobuddha.com/learn/buddhist-dictionary/anicca/,86,
https://echobuddha.com/learn/buddhist-dictionary/compassion/,/learn/buddhist-dictionary/compassion/,200,https://echobuddha.com/learn/buddhist-dictionary/compassion/,Yes,Yes,Yes,Yes,Yes,"index, follow (implicit)","index, follow (implicit)",https://echobuddha.com/learn/buddhist-dictionary/compassion/,https://echobuddha.com/learn/buddhist-dictionary/compassion/,66,
https://echobuddha.com/learn/buddhist-dictionary/dhamma/,/learn/buddhist-dictionary/dhamma/,200,https://echobuddha.com/learn/buddhist-dictionary/dhamma/,Yes,Yes,Yes,Yes,Yes,"index, follow (implicit)","index, follow (implicit)",https://echobuddha.com/learn/buddhist-dictionary/dhamma/,https://echobuddha.com/learn/buddhist-dictionary/dhamma/,85,
https://echobuddha.com/learn/buddhist-dictionary/dukkha/,/learn/buddhist-dictionary/dukkha/,200,https://echobuddha.com/learn/buddhist-dictionary/dukkha/,Yes,Yes,Yes,Yes,Yes,"index, follow (implicit)","index, follow (implicit)",https://echobuddha.com/learn/buddhist-dictionary/dukkha/,https://echobuddha.com/learn/buddhist-dictionary/dukkha/,218,
https://echobuddha.com/learn/buddhist-dictionary/,/learn/buddhist-dictionary/,200,https://echobuddha.com/learn/buddhist-dictionary/,Yes,Yes,Yes,Yes,Yes,"index, follow (implicit)","index, follow (implicit)",https://echobuddha.com/learn/buddhist-dictionary/,https://echobuddha.com/learn/buddhist-dictionary/,249,
https://echobuddha.com/learn/buddhist-dictionary/karma/,/learn/buddhist-dictionary/karma/,200,https://echobuddha.com/learn/buddhist-dictionary/karma/,Yes,Yes,Yes,Yes,Yes,"index, follow (implicit)","index, follow (implicit)",https://echobuddha.com/learn/buddhist-dictionary/karma/,https://echobuddha.com/learn/buddhist-dictionary/karma/,76,
https://echobuddha.com/learn/buddhist-dictionary/karuna/,/learn/buddhist-dictionary/karuna/,200,https://echobuddha.com/learn/buddhist-dictionary/karuna/,Yes,Yes,Yes,Yes,Yes,"index, follow (implicit)","index, follow (implicit)",https://echobuddha.com/learn/buddhist-dictionary/karuna/,https://echobuddha.com/learn/buddhist-dictionary/karuna/,96,
https://echobuddha.com/learn/buddhist-dictionary/metta/,/learn/buddhist-dictionary/metta/,200,https://echobuddha.com/learn/buddhist-dictionary/metta/,Yes,Yes,Yes,Yes,Yes,"index, follow (implicit)","index, follow (implicit)",https://echobuddha.com/learn/buddhist-dictionary/metta/,https://echobuddha.com/learn/buddhist-dictionary/metta/,70,
https://echobuddha.com/learn/buddhist-dictionary/mindfulness/,/learn/buddhist-dictionary/mindfulness/,200,https://echobuddha.com/learn/buddhist-dictionary/mindfulness/,Yes,Yes,Yes,Yes,Yes,"index, follow (implicit)","index, follow (implicit)",https://echobuddha.com/learn/buddhist-dictionary/mindfulness/,https://echobuddha.com/learn/buddhist-dictionary/mindfulness/,68,
https://echobuddha.com/learn/buddhist-dictionary/nirvana/,/learn/buddhist-dictionary/nirvana/,200,https://echobuddha.com/learn/buddhist-dictionary/nirvana/,Yes,Yes,Yes,Yes,Yes,"index, follow (implicit)","index, follow (implicit)",https://echobuddha.com/learn/buddhist-dictionary/nirvana/,https://echobuddha.com/learn/buddhist-dictionary/nirvana/,128,
https://echobuddha.com/learn/buddhist-dictionary/pali-canon/,/learn/buddhist-dictionary/pali-canon/,200,https://echobuddha.com/learn/buddhist-dictionary/pali-canon/,Yes,Yes,Yes,Yes,Yes,"index, follow (implicit)","index, follow (implicit)",https://echobuddha.com/learn/buddhist-dictionary/pali-canon/,https://echobuddha.com/learn/buddhist-dictionary/pali-canon/,88,
https://echobuddha.com/learn/buddhist-dictionary/sangha/,/learn/buddhist-dictionary/sangha/,200,https://echobuddha.com/learn/buddhist-dictionary/sangha/,Yes,Yes,Yes,Yes,Yes,"index, follow (implicit)","index, follow (implicit)",https://echobuddha.com/learn/buddhist-dictionary/sangha/,https://echobuddha.com/learn/buddhist-dictionary/sangha/,84,
https://echobuddha.com/learn/buddhist-dictionary/sati/,/learn/buddhist-dictionary/sati/,200,https://echobuddha.com/learn/buddhist-dictionary/sati/,Yes,Yes,Yes,Yes,Yes,"index, follow (implicit)","index, follow (implicit)",https://echobuddha.com/learn/buddhist-dictionary/sati/,https://echobuddha.com/learn/buddhist-dictionary/sati/,78,
https://echobuddha.com/learn/buddhist-dictionary/sutta/,/learn/buddhist-dictionary/sutta/,200,https://echobuddha.com/learn/buddhist-dictionary/sutta/,Yes,Yes,Yes,Yes,Yes,"index, follow (implicit)","index, follow (implicit)",https://echobuddha.com/learn/buddhist-dictionary/sutta/,https://echobuddha.com/learn/buddhist-dictionary/sutta/,69,
https://echobuddha.com/learn/buddhist-resources/,/learn/buddhist-resources/,200,https://echobuddha.com/learn/buddhist-resources/,Yes,Yes,Yes,Yes,Yes,"index, follow (implicit)","index, follow (implicit)",https://echobuddha.com/learn/buddhist-resources/,https://echobuddha.com/learn/buddhist-resources/,83,
https://echobuddha.com/learn/dhammapada-reflections/avoid-evil-do-good-purify-the-mind/,/learn/dhammapada-reflections/avoid-evil-do-good-purify-the-mind/,200,https://echobuddha.com/learn/dhammapada-reflections/avoid-evil-do-good-purify-the-mind/,Yes,Yes,Yes,Yes,Yes,"index, follow (implicit)","index, follow (implicit)",https://echobuddha.com/learn/dhammapada-reflections/avoid-evil-do-good-purify-the-mind/,https://echobuddha.com/learn/dhammapada-reflections/avoid-evil-do-good-purify-the-mind/,228,
https://echobuddha.com/learn/dhammapada-reflections/better-than-a-thousand-empty-words/,/learn/dhammapada-reflections/better-than-a-thousand-empty-words/,200,https://echobuddha.com/learn/dhammapada-reflections/better-than-a-thousand-empty-words/,Yes,Yes,Yes,Yes,Yes,"index, follow (implicit)","index, follow (implicit)",https://echobuddha.com/learn/dhammapada-reflections/better-than-a-thousand-empty-words/,https://echobuddha.com/learn/dhammapada-reflections/better-than-a-thousand-empty-words/,241,
https://echobuddha.com/learn/dhammapada-reflections/hatred-is-not-ended-by-hatred/,/learn/dhammapada-reflections/hatred-is-not-ended-by-hatred/,200,https://echobuddha.com/learn/dhammapada-reflections/hatred-is-not-ended-by-hatred/,Yes,Yes,Yes,Yes,Yes,"index, follow (implicit)","index, follow (implicit)",https://echobuddha.com/learn/dhammapada-reflections/hatred-is-not-ended-by-hatred/,https://echobuddha.com/learn/dhammapada-reflections/hatred-is-not-ended-by-hatred/,81,
https://echobuddha.com/learn/dhammapada-reflections/,/learn/dhammapada-reflections/,200,https://echobuddha.com/learn/dhammapada-reflections/,Yes,Yes,Yes,Yes,Yes,"index, follow (implicit)","index, follow (implicit)",https://echobuddha.com/learn/dhammapada-reflections/,https://echobuddha.com/learn/dhammapada-reflections/,101,
https://echobuddha.com/learn/dhammapada-reflections/peace-comes-from-a-trained-mind/,/learn/dhammapada-reflections/peace-comes-from-a-trained-mind/,200,https://echobuddha.com/learn/dhammapada-reflections/peace-comes-from-a-trained-mind/,Yes,Yes,Yes,Yes,Yes,"index, follow (implicit)","index, follow (implicit)",https://echobuddha.com/learn/dhammapada-reflections/peace-comes-from-a-trained-mind/,https://echobuddha.com/learn/dhammapada-reflections/peace-comes-from-a-trained-mind/,68,
https://echobuddha.com/learn/dhammapada-reflections/the-mind-leads-all-things/,/learn/dhammapada-reflections/the-mind-leads-all-things/,200,https://echobuddha.com/learn/dhammapada-reflections/the-mind-leads-all-things/,Yes,Yes,Yes,Yes,Yes,"index, follow (implicit)","index, follow (implicit)",https://echobuddha.com/learn/dhammapada-reflections/the-mind-leads-all-things/,https://echobuddha.com/learn/dhammapada-reflections/the-mind-leads-all-things/,70,
https://echobuddha.com/learn/eightfold-path/,/learn/eightfold-path/,200,https://echobuddha.com/learn/eightfold-path/,Yes,Yes,Yes,Yes,Yes,"index, follow (implicit)","index, follow (implicit)",https://echobuddha.com/learn/eightfold-path/,https://echobuddha.com/learn/eightfold-path/,133,
https://echobuddha.com/learn/four-noble-truths/,/learn/four-noble-truths/,200,https://echobuddha.com/learn/four-noble-truths/,Yes,Yes,Yes,Yes,Yes,"index, follow (implicit)","index, follow (implicit)",https://echobuddha.com/learn/four-noble-truths/,https://echobuddha.com/learn/four-noble-truths/,92,
https://echobuddha.com/learn/,/learn/,200,https://echobuddha.com/learn/,Yes,Yes,Yes,Yes,Yes,"index, follow (implicit)","index, follow (implicit)",https://echobuddha.com/learn/,https://echobuddha.com/learn/,91,
https://echobuddha.com/learn/questions-about-buddhism/,/learn/questions-about-buddhism/,200,https://echobuddha.com/learn/questions-about-buddhism/,Yes,Yes,Yes,Yes,Yes,"index, follow (implicit)","index, follow (implicit)",https://echobuddha.com/learn/questions-about-buddhism/,https://echobuddha.com/learn/questions-about-buddhism/,105,
https://echobuddha.com/learn/sutta-for-daily-life/buddhas-teaching-on-patience/,/learn/sutta-for-daily-life/buddhas-teaching-on-patience/,200,https://echobuddha.com/learn/sutta-for-daily-life/buddhas-teaching-on-patience/,Yes,Yes,Yes,Yes,Yes,"index, follow (implicit)","index, follow (implicit)",https://echobuddha.com/learn/sutta-for-daily-life/buddhas-teaching-on-patience/,https://echobuddha.com/learn/sutta-for-daily-life/buddhas-teaching-on-patience/,69,
https://echobuddha.com/learn/sutta-for-daily-life/dhammacakkappavattana-sutta-four-noble-truths/,/learn/sutta-for-daily-life/dhammacakkappavattana-sutta-four-noble-truths/,200,https://echobuddha.com/learn/sutta-for-daily-life/dhammacakkappavattana-sutta-four-noble-truths/,Yes,Yes,Yes,Yes,Yes,"index, follow (implicit)","index, follow (implicit)",https://echobuddha.com/learn/sutta-for-daily-life/dhammacakkappavattana-sutta-four-noble-truths/,https://echobuddha.com/learn/sutta-for-daily-life/dhammacakkappavattana-sutta-four-noble-truths/,107,
https://echobuddha.com/learn/sutta-for-daily-life/,/learn/sutta-for-daily-life/,200,https://echobuddha.com/learn/sutta-for-daily-life/,Yes,Yes,Yes,Yes,Yes,"index, follow (implicit)","index, follow (implicit)",https://echobuddha.com/learn/sutta-for-daily-life/,https://echobuddha.com/learn/sutta-for-daily-life/,1373,
https://echobuddha.com/learn/sutta-for-daily-life/kalama-sutta-and-wise-thinking/,/learn/sutta-for-daily-life/kalama-sutta-and-wise-thinking/,200,https://echobuddha.com/learn/sutta-for-daily-life/kalama-sutta-and-wise-thinking/,Yes,Yes,Yes,Yes,Yes,"index, follow (implicit)","index, follow (implicit)",https://echobuddha.com/learn/sutta-for-daily-life/kalama-sutta-and-wise-thinking/,https://echobuddha.com/learn/sutta-for-daily-life/kalama-sutta-and-wise-thinking/,242,
https://echobuddha.com/learn/sutta-for-daily-life/magga-vibhanga-sutta-eightfold-path/,/learn/sutta-for-daily-life/magga-vibhanga-sutta-eightfold-path/,200,https://echobuddha.com/learn/sutta-for-daily-life/magga-vibhanga-sutta-eightfold-path/,Yes,Yes,Yes,Yes,Yes,"index, follow (implicit)","index, follow (implicit)",https://echobuddha.com/learn/sutta-for-daily-life/magga-vibhanga-sutta-eightfold-path/,https://echobuddha.com/learn/sutta-for-daily-life/magga-vibhanga-sutta-eightfold-path/,76,
https://echobuddha.com/learn/sutta-for-daily-life/metta-sutta-explained-for-daily-life/,/learn/sutta-for-daily-life/metta-sutta-explained-for-daily-life/,200,https://echobuddha.com/learn/sutta-for-daily-life/metta-sutta-explained-for-daily-life/,Yes,Yes,Yes,Yes,Yes,"index, follow (implicit)","index, follow (implicit)",https://echobuddha.com/learn/sutta-for-daily-life/metta-sutta-explained-for-daily-life/,https://echobuddha.com/learn/sutta-for-daily-life/metta-sutta-explained-for-daily-life/,106,
https://echobuddha.com/learn/sutta-for-daily-life/mindfulness-of-breathing-explained-simply/,/learn/sutta-for-daily-life/mindfulness-of-breathing-explained-simply/,200,https://echobuddha.com/learn/sutta-for-daily-life/mindfulness-of-breathing-explained-simply/,Yes,Yes,Yes,Yes,Yes,"index, follow (implicit)","index, follow (implicit)",https://echobuddha.com/learn/sutta-for-daily-life/mindfulness-of-breathing-explained-simply/,https://echobuddha.com/learn/sutta-for-daily-life/mindfulness-of-breathing-explained-simply/,73,
https://echobuddha.com/learn/sutta-for-daily-life/right-speech-in-daily-life/,/learn/sutta-for-daily-life/right-speech-in-daily-life/,200,https://echobuddha.com/learn/sutta-for-daily-life/right-speech-in-daily-life/,Yes,Yes,Yes,Yes,Yes,"index, follow (implicit)","index, follow (implicit)",https://echobuddha.com/learn/sutta-for-daily-life/right-speech-in-daily-life/,https://echobuddha.com/learn/sutta-for-daily-life/right-speech-in-daily-life/,69,
https://echobuddha.com/meditation-guide/,/meditation-guide/,200,https://echobuddha.com/meditation-guide/,Yes,Yes,Yes,Yes,Yes,"index, follow (implicit)","index, follow (implicit)",https://echobuddha.com/meditation-guide/,https://echobuddha.com/meditation-guide/,144,
https://echobuddha.com/meditation-safety/,/meditation-safety/,200,https://echobuddha.com/meditation-safety/,Yes,Yes,Yes,Yes,Yes,"index, follow (implicit)","index, follow (implicit)",https://echobuddha.com/meditation-safety/,https://echobuddha.com/meditation-safety/,103,
https://echobuddha.com/meditation/10-minute-meditation-practice/,/meditation/10-minute-meditation-practice/,200,https://echobuddha.com/meditation/10-minute-meditation-practice/,Yes,Yes,Yes,Yes,Yes,"index, follow (implicit)","index, follow (implicit)",https://echobuddha.com/meditation/10-minute-meditation-practice/,https://echobuddha.com/meditation/10-minute-meditation-practice/,77,
https://echobuddha.com/meditation/5-minute-meditation-practice/,/meditation/5-minute-meditation-practice/,200,https://echobuddha.com/meditation/5-minute-meditation-practice/,Yes,Yes,Yes,Yes,Yes,"index, follow (implicit)","index, follow (implicit)",https://echobuddha.com/meditation/5-minute-meditation-practice/,https://echobuddha.com/meditation/5-minute-meditation-practice/,90,
https://echobuddha.com/meditation/breathing-meditation/,/meditation/breathing-meditation/,200,https://echobuddha.com/meditation/breathing-meditation/,Yes,Yes,Yes,Yes,Yes,"index, follow (implicit)","index, follow (implicit)",https://echobuddha.com/meditation/breathing-meditation/,https://echobuddha.com/meditation/breathing-meditation/,87,
https://echobuddha.com/meditation/,/meditation/,200,https://echobuddha.com/meditation/,Yes,Yes,Yes,Yes,Yes,"index, follow (implicit)","index, follow (implicit)",https://echobuddha.com/meditation/,https://echobuddha.com/meditation/,90,
https://echobuddha.com/meditation/loving-kindness-meditation/,/meditation/loving-kindness-meditation/,200,https://echobuddha.com/meditation/loving-kindness-meditation/,Yes,Yes,Yes,Yes,Yes,"index, follow (implicit)","index, follow (implicit)",https://echobuddha.com/meditation/loving-kindness-meditation/,https://echobuddha.com/meditation/loving-kindness-meditation/,278,
https://echobuddha.com/meditation/meditation-for-beginners/,/meditation/meditation-for-beginners/,200,https://echobuddha.com/meditation/meditation-for-beginners/,Yes,Yes,Yes,Yes,Yes,"index, follow (implicit)","index, follow (implicit)",https://echobuddha.com/meditation/meditation-for-beginners/,https://echobuddha.com/meditation/meditation-for-beginners/,633,
https://echobuddha.com/meditation/meditation-posture-for-beginners/,/meditation/meditation-posture-for-beginners/,200,https://echobuddha.com/meditation/meditation-posture-for-beginners/,Yes,Yes,Yes,Yes,Yes,"index, follow (implicit)","index, follow (implicit)",https://echobuddha.com/meditation/meditation-posture-for-beginners/,https://echobuddha.com/meditation/meditation-posture-for-beginners/,103,
https://echobuddha.com/meditation/mindfulness-in-daily-life/,/meditation/mindfulness-in-daily-life/,200,https://echobuddha.com/meditation/mindfulness-in-daily-life/,Yes,Yes,Yes,Yes,Yes,"index, follow (implicit)","index, follow (implicit)",https://echobuddha.com/meditation/mindfulness-in-daily-life/,https://echobuddha.com/meditation/mindfulness-in-daily-life/,103,
https://echobuddha.com/meditation/walking-meditation/,/meditation/walking-meditation/,200,https://echobuddha.com/meditation/walking-meditation/,Yes,Yes,Yes,Yes,Yes,"index, follow (implicit)","index, follow (implicit)",https://echobuddha.com/meditation/walking-meditation/,https://echobuddha.com/meditation/walking-meditation/,83,
https://echobuddha.com/meditation/when-meditation-feels-hard/,/meditation/when-meditation-feels-hard/,200,https://echobuddha.com/meditation/when-meditation-feels-hard/,Yes,Yes,Yes,Yes,Yes,"index, follow (implicit)","index, follow (implicit)",https://echobuddha.com/meditation/when-meditation-feels-hard/,https://echobuddha.com/meditation/when-meditation-feels-hard/,82,
https://echobuddha.com/mindful-living/,/mindful-living/,200,https://echobuddha.com/mindful-living/,Yes,Yes,Yes,Yes,Yes,"index, follow (implicit)","index, follow (implicit)",https://echobuddha.com/mindful-living/,https://echobuddha.com/mindful-living/,95,
https://echobuddha.com/privacy-policy/,/privacy-policy/,200,https://echobuddha.com/privacy-policy/,Yes,Yes,Yes,Yes,Yes,"index, follow (implicit)","index, follow (implicit)",https://echobuddha.com/privacy-policy/,https://echobuddha.com/privacy-policy/,85,
https://echobuddha.com/quote-attribution-policy/,/quote-attribution-policy/,200,https://echobuddha.com/quote-attribution-policy/,Yes,Yes,Yes,Yes,Yes,"index, follow (implicit)","index, follow (implicit)",https://echobuddha.com/quote-attribution-policy/,https://echobuddha.com/quote-attribution-policy/,83,
https://echobuddha.com/quotes/awareness/acceptance-before-next-step/,/quotes/awareness/acceptance-before-next-step/,200,https://echobuddha.com/quotes/awareness/acceptance-before-next-step/,Yes,Yes,Yes,Yes,Yes,"index, follow (implicit)","index, follow (implicit)",https://echobuddha.com/quotes/awareness/acceptance-before-next-step/,https://echobuddha.com/quotes/awareness/acceptance-before-next-step/,84,
https://echobuddha.com/quotes/awareness/anger-asks-for-speed-awareness-asks-for-one-more/,/quotes/awareness/anger-asks-for-speed-awareness-asks-for-one-more/,200,https://echobuddha.com/quotes/awareness/anger-asks-for-speed-awareness-asks-for-one-more/,Yes,Yes,Yes,Yes,Yes,"noindex, follow","noindex, follow",https://echobuddha.com/quotes/awareness/anger-asks-for-speed-awareness-asks-for-one-more/,https://echobuddha.com/quotes/awareness/anger-asks-for-speed-awareness-asks-for-one-more/,65,
https://echobuddha.com/quotes/awareness/awareness-does-not-remove-the-storm-it-keeps-you/,/quotes/awareness/awareness-does-not-remove-the-storm-it-keeps-you/,200,https://echobuddha.com/quotes/awareness/awareness-does-not-remove-the-storm-it-keeps-you/,Yes,Yes,Yes,Yes,Yes,"noindex, follow","noindex, follow",https://echobuddha.com/quotes/awareness/awareness-does-not-remove-the-storm-it-keeps-you/,https://echobuddha.com/quotes/awareness/awareness-does-not-remove-the-storm-it-keeps-you/,85,
https://echobuddha.com/quotes/awareness/clear-seeing-begins-with-the-courage-to-stop-looking/,/quotes/awareness/clear-seeing-begins-with-the-courage-to-stop-looking/,200,https://echobuddha.com/quotes/awareness/clear-seeing-begins-with-the-courage-to-stop-looking/,Yes,Yes,Yes,Yes,Yes,"noindex, follow","noindex, follow",https://echobuddha.com/quotes/awareness/clear-seeing-begins-with-the-courage-to-stop-looking/,https://echobuddha.com/quotes/awareness/clear-seeing-begins-with-the-courage-to-stop-looking/,296,
https://echobuddha.com/quotes/awareness/feelings-are-honest-about-their-presence-not-always-about/,/quotes/awareness/feelings-are-honest-about-their-presence-not-always-about/,200,https://echobuddha.com/quotes/awareness/feelings-are-honest-about-their-presence-not-always-about/,Yes,Yes,Yes,Yes,Yes,"noindex, follow","noindex, follow",https://echobuddha.com/quotes/awareness/feelings-are-honest-about-their-presence-not-always-about/,https://echobuddha.com/quotes/awareness/feelings-are-honest-about-their-presence-not-always-about/,705,
https://echobuddha.com/quotes/awareness/feelings-without-the-wheel/,/quotes/awareness/feelings-without-the-wheel/,200,https://echobuddha.com/quotes/awareness/feelings-without-the-wheel/,Yes,Yes,Yes,Yes,Yes,"index, follow (implicit)","index, follow (implicit)",https://echobuddha.com/quotes/awareness/feelings-without-the-wheel/,https://echobuddha.com/quotes/awareness/feelings-without-the-wheel/,71,
https://echobuddha.com/quotes/awareness/,/quotes/awareness/,200,https://echobuddha.com/quotes/awareness/,Yes,Yes,Yes,Yes,Yes,"index, follow (implicit)","index, follow (implicit)",https://echobuddha.com/quotes/awareness/,https://echobuddha.com/quotes/awareness/,95,
https://echobuddha.com/quotes/awareness/look-beneath-the-reaction-and-you-may-find-a/,/quotes/awareness/look-beneath-the-reaction-and-you-may-find-a/,200,https://echobuddha.com/quotes/awareness/look-beneath-the-reaction-and-you-may-find-a/,Yes,Yes,Yes,Yes,Yes,"noindex, follow","noindex, follow",https://echobuddha.com/quotes/awareness/look-beneath-the-reaction-and-you-may-find-a/,https://echobuddha.com/quotes/awareness/look-beneath-the-reaction-and-you-may-find-a/,69,
https://echobuddha.com/quotes/awareness/name-the-feeling-gently-and-it-may-stop-speaking/,/quotes/awareness/name-the-feeling-gently-and-it-may-stop-speaking/,200,https://echobuddha.com/quotes/awareness/name-the-feeling-gently-and-it-may-stop-speaking/,Yes,Yes,Yes,Yes,Yes,"noindex, follow","noindex, follow",https://echobuddha.com/quotes/awareness/name-the-feeling-gently-and-it-may-stop-speaking/,https://echobuddha.com/quotes/awareness/name-the-feeling-gently-and-it-may-stop-speaking/,66,
https://echobuddha.com/quotes/awareness/notice-the-habit-before-trying-to-become-someone-without/,/quotes/awareness/notice-the-habit-before-trying-to-become-someone-without/,200,https://echobuddha.com/quotes/awareness/notice-the-habit-before-trying-to-become-someone-without/,Yes,Yes,Yes,Yes,Yes,"noindex, follow","noindex, follow",https://echobuddha.com/quotes/awareness/notice-the-habit-before-trying-to-become-someone-without/,https://echobuddha.com/quotes/awareness/notice-the-habit-before-trying-to-become-someone-without/,158,
https://echobuddha.com/quotes/awareness/one-breath-before-anger-replies/,/quotes/awareness/one-breath-before-anger-replies/,200,https://echobuddha.com/quotes/awareness/one-breath-before-anger-replies/,Yes,Yes,Yes,Yes,Yes,"index, follow (implicit)","index, follow (implicit)",https://echobuddha.com/quotes/awareness/one-breath-before-anger-replies/,https://echobuddha.com/quotes/awareness/one-breath-before-anger-replies/,92,
https://echobuddha.com/quotes/awareness/small-acts-of-attention-can-turn-an-ordinary-day/,/quotes/awareness/small-acts-of-attention-can-turn-an-ordinary-day/,200,https://echobuddha.com/quotes/awareness/small-acts-of-attention-can-turn-an-ordinary-day/,Yes,Yes,Yes,Yes,Yes,"noindex, follow","noindex, follow",https://echobuddha.com/quotes/awareness/small-acts-of-attention-can-turn-an-ordinary-day/,https://echobuddha.com/quotes/awareness/small-acts-of-attention-can-turn-an-ordinary-day/,74,
https://echobuddha.com/quotes/awareness/the-body-often-knows-you-are-overwhelmed-before-the/,/quotes/awareness/the-body-often-knows-you-are-overwhelmed-before-the/,200,https://echobuddha.com/quotes/awareness/the-body-often-knows-you-are-overwhelmed-before-the/,Yes,Yes,Yes,Yes,Yes,"noindex, follow","noindex, follow",https://echobuddha.com/quotes/awareness/the-body-often-knows-you-are-overwhelmed-before-the/,https://echobuddha.com/quotes/awareness/the-body-often-knows-you-are-overwhelmed-before-the/,94,
https://echobuddha.com/quotes/awareness/thoughts-are-visitors/,/quotes/awareness/thoughts-are-visitors/,200,https://echobuddha.com/quotes/awareness/thoughts-are-visitors/,Yes,Yes,Yes,Yes,Yes,"index, follow (implicit)","index, follow (implicit)",https://echobuddha.com/quotes/awareness/thoughts-are-visitors/,https://echobuddha.com/quotes/awareness/thoughts-are-visitors/,69,
https://echobuddha.com/quotes/awareness/thoughts-pass-without-commanding-you/,/quotes/awareness/thoughts-pass-without-commanding-you/,200,https://echobuddha.com/quotes/awareness/thoughts-pass-without-commanding-you/,Yes,Yes,Yes,Yes,Yes,"index, follow (implicit)","index, follow (implicit)",https://echobuddha.com/quotes/awareness/thoughts-pass-without-commanding-you/,https://echobuddha.com/quotes/awareness/thoughts-pass-without-commanding-you/,87,
https://echobuddha.com/quotes/awareness/what-you-can-observe-clearly-no-longer-controls-you/,/quotes/awareness/what-you-can-observe-clearly-no-longer-controls-you/,200,https://echobuddha.com/quotes/awareness/what-you-can-observe-clearly-no-longer-controls-you/,Yes,Yes,Yes,Yes,Yes,"noindex, follow","noindex, follow",https://echobuddha.com/quotes/awareness/what-you-can-observe-clearly-no-longer-controls-you/,https://echobuddha.com/quotes/awareness/what-you-can-observe-clearly-no-longer-controls-you/,280,
https://echobuddha.com/quotes/awareness/when-the-mind-tightens-let-the-body-be-your/,/quotes/awareness/when-the-mind-tightens-let-the-body-be-your/,200,https://echobuddha.com/quotes/awareness/when-the-mind-tightens-let-the-body-be-your/,Yes,Yes,Yes,Yes,Yes,"noindex, follow","noindex, follow",https://echobuddha.com/quotes/awareness/when-the-mind-tightens-let-the-body-be-your/,https://echobuddha.com/quotes/awareness/when-the-mind-tightens-let-the-body-be-your/,642,
https://echobuddha.com/quotes/compassion/a-gentle-response-can-end-suffering-that-anger-would/,/quotes/compassion/a-gentle-response-can-end-suffering-that-anger-would/,200,https://echobuddha.com/quotes/compassion/a-gentle-response-can-end-suffering-that-anger-would/,Yes,Yes,Yes,Yes,Yes,"noindex, follow","noindex, follow",https://echobuddha.com/quotes/compassion/a-gentle-response-can-end-suffering-that-anger-would/,https://echobuddha.com/quotes/compassion/a-gentle-response-can-end-suffering-that-anger-would/,87,
https://echobuddha.com/quotes/compassion/before-judging-another-life-remember-how-much-of-your/,/quotes/compassion/before-judging-another-life-remember-how-much-of-your/,200,https://echobuddha.com/quotes/compassion/before-judging-another-life-remember-how-much-of-your/,Yes,Yes,Yes,Yes,Yes,"noindex, follow","noindex, follow",https://echobuddha.com/quotes/compassion/before-judging-another-life-remember-how-much-of-your/,https://echobuddha.com/quotes/compassion/before-judging-another-life-remember-how-much-of-your/,93,
https://echobuddha.com/quotes/compassion/compassion-asks-what-hurts-before-it-asks-who-is/,/quotes/compassion/compassion-asks-what-hurts-before-it-asks-who-is/,200,https://echobuddha.com/quotes/compassion/compassion-asks-what-hurts-before-it-asks-who-is/,Yes,Yes,Yes,Yes,Yes,"noindex, follow","noindex, follow",https://echobuddha.com/quotes/compassion/compassion-asks-what-hurts-before-it-asks-who-is/,https://echobuddha.com/quotes/compassion/compassion-asks-what-hurts-before-it-asks-who-is/,71,
https://echobuddha.com/quotes/compassion/compassion-grows-where-judgment-loosens-its-grip/,/quotes/compassion/compassion-grows-where-judgment-loosens-its-grip/,200,https://echobuddha.com/quotes/compassion/compassion-grows-where-judgment-loosens-its-grip/,Yes,Yes,Yes,Yes,Yes,"noindex, follow","noindex, follow",https://echobuddha.com/quotes/compassion/compassion-grows-where-judgment-loosens-its-grip/,https://echobuddha.com/quotes/compassion/compassion-grows-where-judgment-loosens-its-grip/,72,
https://echobuddha.com/quotes/compassion/compassion-sees-pain-clearly/,/quotes/compassion/compassion-sees-pain-clearly/,200,https://echobuddha.com/quotes/compassion/compassion-sees-pain-clearly/,Yes,Yes,Yes,Yes,Yes,"index, follow (implicit)","index, follow (implicit)",https://echobuddha.com/quotes/compassion/compassion-sees-pain-clearly/,https://echobuddha.com/quotes/compassion/compassion-sees-pain-clearly/,138,
https://echobuddha.com/quotes/compassion/gentle-self-compassion/,/quotes/compassion/gentle-self-compassion/,200,https://echobuddha.com/quotes/compassion/gentle-self-compassion/,Yes,Yes,Yes,Yes,Yes,"index, follow (implicit)","index, follow (implicit)",https://echobuddha.com/quotes/compassion/gentle-self-compassion/,https://echobuddha.com/quotes/compassion/gentle-self-compassion/,87,
https://echobuddha.com/quotes/compassion/,/quotes/compassion/,200,https://echobuddha.com/quotes/compassion/,Yes,Yes,Yes,Yes,Yes,"index, follow (implicit)","index, follow (implicit)",https://echobuddha.com/quotes/compassion/,https://echobuddha.com/quotes/compassion/,87,
https://echobuddha.com/quotes/compassion/kindness-as-quiet-practice/,/quotes/compassion/kindness-as-quiet-practice/,200,https://echobuddha.com/quotes/compassion/kindness-as-quiet-practice/,Yes,Yes,Yes,Yes,Yes,"index, follow (implicit)","index, follow (implicit)",https://echobuddha.com/quotes/compassion/kindness-as-quiet-practice/,https://echobuddha.com/quotes/compassion/kindness-as-quiet-practice/,130,
https://echobuddha.com/quotes/compassion/kindness-does-not-need-an-audience-to-become-meaningful/,/quotes/compassion/kindness-does-not-need-an-audience-to-become-meaningful/,200,https://echobuddha.com/quotes/compassion/kindness-does-not-need-an-audience-to-become-meaningful/,Yes,Yes,Yes,Yes,Yes,"noindex, follow","noindex, follow",https://echobuddha.com/quotes/compassion/kindness-does-not-need-an-audience-to-become-meaningful/,https://echobuddha.com/quotes/compassion/kindness-does-not-need-an-audience-to-become-meaningful/,99,
https://echobuddha.com/quotes/compassion/let-kindness-be-the-echo-you-leave-in-every/,/quotes/compassion/let-kindness-be-the-echo-you-leave-in-every/,200,https://echobuddha.com/quotes/compassion/let-kindness-be-the-echo-you-leave-in-every/,Yes,Yes,Yes,Yes,Yes,"noindex, follow","noindex, follow",https://echobuddha.com/quotes/compassion/let-kindness-be-the-echo-you-leave-in-every/,https://echobuddha.com/quotes/compassion/let-kindness-be-the-echo-you-leave-in-every/,128,
https://echobuddha.com/quotes/compassion/let-your-boundaries-be-clear-and-your-heart-remain/,/quotes/compassion/let-your-boundaries-be-clear-and-your-heart-remain/,200,https://echobuddha.com/quotes/compassion/let-your-boundaries-be-clear-and-your-heart-remain/,Yes,Yes,Yes,Yes,Yes,"noindex, follow","noindex, follow",https://echobuddha.com/quotes/compassion/let-your-boundaries-be-clear-and-your-heart-remain/,https://echobuddha.com/quotes/compassion/let-your-boundaries-be-clear-and-your-heart-remain/,226,
https://echobuddha.com/quotes/compassion/loving-kindness-without-harm/,/quotes/compassion/loving-kindness-without-harm/,200,https://echobuddha.com/quotes/compassion/loving-kindness-without-harm/,Yes,Yes,Yes,Yes,Yes,"index, follow (implicit)","index, follow (implicit)",https://echobuddha.com/quotes/compassion/loving-kindness-without-harm/,https://echobuddha.com/quotes/compassion/loving-kindness-without-harm/,613,
https://echobuddha.com/quotes/compassion/offer-others-the-patience-you-hope-to-receive-on/,/quotes/compassion/offer-others-the-patience-you-hope-to-receive-on/,200,https://echobuddha.com/quotes/compassion/offer-others-the-patience-you-hope-to-receive-on/,Yes,Yes,Yes,Yes,Yes,"noindex, follow","noindex, follow",https://echobuddha.com/quotes/compassion/offer-others-the-patience-you-hope-to-receive-on/,https://echobuddha.com/quotes/compassion/offer-others-the-patience-you-hope-to-receive-on/,128,
https://echobuddha.com/quotes/compassion/small-kindnesses-often-reach-places-that-advice-cannot/,/quotes/compassion/small-kindnesses-often-reach-places-that-advice-cannot/,200,https://echobuddha.com/quotes/compassion/small-kindnesses-often-reach-places-that-advice-cannot/,Yes,Yes,Yes,Yes,Yes,"noindex, follow","noindex, follow",https://echobuddha.com/quotes/compassion/small-kindnesses-often-reach-places-that-advice-cannot/,https://echobuddha.com/quotes/compassion/small-kindnesses-often-reach-places-that-advice-cannot/,130,
https://echobuddha.com/quotes/compassion/the-heart-becomes-spacious-each-time-it-chooses-care/,/quotes/compassion/the-heart-becomes-spacious-each-time-it-chooses-care/,200,https://echobuddha.com/quotes/compassion/the-heart-becomes-spacious-each-time-it-chooses-care/,Yes,Yes,Yes,Yes,Yes,"noindex, follow","noindex, follow",https://echobuddha.com/quotes/compassion/the-heart-becomes-spacious-each-time-it-chooses-care/,https://echobuddha.com/quotes/compassion/the-heart-becomes-spacious-each-time-it-chooses-care/,110,
https://echobuddha.com/quotes/compassion/to-understand-someone-is-not-to-excuse-harm-it/,/quotes/compassion/to-understand-someone-is-not-to-excuse-harm-it/,200,https://echobuddha.com/quotes/compassion/to-understand-someone-is-not-to-excuse-harm-it/,Yes,Yes,Yes,Yes,Yes,"noindex, follow","noindex, follow",https://echobuddha.com/quotes/compassion/to-understand-someone-is-not-to-excuse-harm-it/,https://echobuddha.com/quotes/compassion/to-understand-someone-is-not-to-excuse-harm-it/,106,
https://echobuddha.com/quotes/compassion/when-you-cannot-remove-anothers-burden-do-not-add/,/quotes/compassion/when-you-cannot-remove-anothers-burden-do-not-add/,200,https://echobuddha.com/quotes/compassion/when-you-cannot-remove-anothers-burden-do-not-add/,Yes,Yes,Yes,Yes,Yes,"noindex, follow","noindex, follow",https://echobuddha.com/quotes/compassion/when-you-cannot-remove-anothers-burden-do-not-add/,https://echobuddha.com/quotes/compassion/when-you-cannot-remove-anothers-burden-do-not-add/,108,
https://echobuddha.com/quotes/impermanence/acceptance-begins-where-the-argument-with-change-ends/,/quotes/impermanence/acceptance-begins-where-the-argument-with-change-ends/,200,https://echobuddha.com/quotes/impermanence/acceptance-begins-where-the-argument-with-change-ends/,Yes,Yes,Yes,Yes,Yes,"noindex, follow","noindex, follow",https://echobuddha.com/quotes/impermanence/acceptance-begins-where-the-argument-with-change-ends/,https://echobuddha.com/quotes/impermanence/acceptance-begins-where-the-argument-with-change-ends/,128,
https://echobuddha.com/quotes/impermanence/because-this-moment-will-pass-meet-it-while-it/,/quotes/impermanence/because-this-moment-will-pass-meet-it-while-it/,200,https://echobuddha.com/quotes/impermanence/because-this-moment-will-pass-meet-it-while-it/,Yes,Yes,Yes,Yes,Yes,"noindex, follow","noindex, follow",https://echobuddha.com/quotes/impermanence/because-this-moment-will-pass-meet-it-while-it/,https://echobuddha.com/quotes/impermanence/because-this-moment-will-pass-meet-it-while-it/,114,
https://echobuddha.com/quotes/impermanence/change-is-how-life-continues/,/quotes/impermanence/change-is-how-life-continues/,200,https://echobuddha.com/quotes/impermanence/change-is-how-life-continues/,Yes,Yes,Yes,Yes,Yes,"index, follow (implicit)","index, follow (implicit)",https://echobuddha.com/quotes/impermanence/change-is-how-life-continues/,https://echobuddha.com/quotes/impermanence/change-is-how-life-continues/,91,
https://echobuddha.com/quotes/impermanence/change-takes-nothing-personally-it-simply-continues/,/quotes/impermanence/change-takes-nothing-personally-it-simply-continues/,200,https://echobuddha.com/quotes/impermanence/change-takes-nothing-personally-it-simply-continues/,Yes,Yes,Yes,Yes,Yes,"noindex, follow","noindex, follow",https://echobuddha.com/quotes/impermanence/change-takes-nothing-personally-it-simply-continues/,https://echobuddha.com/quotes/impermanence/change-takes-nothing-personally-it-simply-continues/,72,
https://echobuddha.com/quotes/impermanence/everything-changes-including-the-part-of-you-that-fears/,/quotes/impermanence/everything-changes-including-the-part-of-you-that-fears/,200,https://echobuddha.com/quotes/impermanence/everything-changes-including-the-part-of-you-that-fears/,Yes,Yes,Yes,Yes,Yes,"noindex, follow","noindex, follow",https://echobuddha.com/quotes/impermanence/everything-changes-including-the-part-of-you-that-fears/,https://echobuddha.com/quotes/impermanence/everything-changes-including-the-part-of-you-that-fears/,90,
https://echobuddha.com/quotes/impermanence/hold-each-day-carefully-knowing-it-cannot-be-held/,/quotes/impermanence/hold-each-day-carefully-knowing-it-cannot-be-held/,200,https://echobuddha.com/quotes/impermanence/hold-each-day-carefully-knowing-it-cannot-be-held/,Yes,Yes,Yes,Yes,Yes,"noindex, follow","noindex, follow",https://echobuddha.com/quotes/impermanence/hold-each-day-carefully-knowing-it-cannot-be-held/,https://echobuddha.com/quotes/impermanence/hold-each-day-carefully-knowing-it-cannot-be-held/,160,
https://echobuddha.com/quotes/impermanence/,/quotes/impermanence/,200,https://echobuddha.com/quotes/impermanence/,Yes,Yes,Yes,Yes,Yes,"index, follow (implicit)","index, follow (implicit)",https://echobuddha.com/quotes/impermanence/,https://echobuddha.com/quotes/impermanence/,576,
https://echobuddha.com/quotes/impermanence/meet-change-softly/,/quotes/impermanence/meet-change-softly/,200,https://echobuddha.com/quotes/impermanence/meet-change-softly/,Yes,Yes,Yes,Yes,Yes,"index, follow (implicit)","index, follow (implicit)",https://echobuddha.com/quotes/impermanence/meet-change-softly/,https://echobuddha.com/quotes/impermanence/meet-change-softly/,87,
https://echobuddha.com/quotes/impermanence/no-season-is-asked-to-remain-in-order-to/,/quotes/impermanence/no-season-is-asked-to-remain-in-order-to/,200,https://echobuddha.com/quotes/impermanence/no-season-is-asked-to-remain-in-order-to/,Yes,Yes,Yes,Yes,Yes,"noindex, follow","noindex, follow",https://echobuddha.com/quotes/impermanence/no-season-is-asked-to-remain-in-order-to/,https://echobuddha.com/quotes/impermanence/no-season-is-asked-to-remain-in-order-to/,90,
https://echobuddha.com/quotes/impermanence/the-fading-flower-does-not-make-its-blooming-less/,/quotes/impermanence/the-fading-flower-does-not-make-its-blooming-less/,200,https://echobuddha.com/quotes/impermanence/the-fading-flower-does-not-make-its-blooming-less/,Yes,Yes,Yes,Yes,Yes,"noindex, follow","noindex, follow",https://echobuddha.com/quotes/impermanence/the-fading-flower-does-not-make-its-blooming-less/,https://echobuddha.com/quotes/impermanence/the-fading-flower-does-not-make-its-blooming-less/,65,
https://echobuddha.com/quotes/impermanence/the-passing-of-joy-teaches-gratitude-the-passing-of/,/quotes/impermanence/the-passing-of-joy-teaches-gratitude-the-passing-of/,200,https://echobuddha.com/quotes/impermanence/the-passing-of-joy-teaches-gratitude-the-passing-of/,Yes,Yes,Yes,Yes,Yes,"noindex, follow","noindex, follow",https://echobuddha.com/quotes/impermanence/the-passing-of-joy-teaches-gratitude-the-passing-of/,https://echobuddha.com/quotes/impermanence/the-passing-of-joy-teaches-gratitude-the-passing-of/,67,
https://echobuddha.com/quotes/impermanence/todays-certainty-may-become-tomorrows-lesson-in-humility/,/quotes/impermanence/todays-certainty-may-become-tomorrows-lesson-in-humility/,200,https://echobuddha.com/quotes/impermanence/todays-certainty-may-become-tomorrows-lesson-in-humility/,Yes,Yes,Yes,Yes,Yes,"noindex, follow","noindex, follow",https://echobuddha.com/quotes/impermanence/todays-certainty-may-become-tomorrows-lesson-in-humility/,https://echobuddha.com/quotes/impermanence/todays-certainty-may-become-tomorrows-lesson-in-humility/,113,
https://echobuddha.com/quotes/impermanence/what-changes-is-not-always-lost-sometimes-it-is/,/quotes/impermanence/what-changes-is-not-always-lost-sometimes-it-is/,200,https://echobuddha.com/quotes/impermanence/what-changes-is-not-always-lost-sometimes-it-is/,Yes,Yes,Yes,Yes,Yes,"noindex, follow","noindex, follow",https://echobuddha.com/quotes/impermanence/what-changes-is-not-always-lost-sometimes-it-is/,https://echobuddha.com/quotes/impermanence/what-changes-is-not-always-lost-sometimes-it-is/,86,
https://echobuddha.com/quotes/,/quotes/,200,https://echobuddha.com/quotes/,Yes,Yes,Yes,Yes,Yes,"index, follow (implicit)","index, follow (implicit)",https://echobuddha.com/quotes/,https://echobuddha.com/quotes/,84,
https://echobuddha.com/quotes/letting-go/an-open-hand-can-care-for-what-a-clenched/,/quotes/letting-go/an-open-hand-can-care-for-what-a-clenched/,200,https://echobuddha.com/quotes/letting-go/an-open-hand-can-care-for-what-a-clenched/,Yes,Yes,Yes,Yes,Yes,"noindex, follow","noindex, follow",https://echobuddha.com/quotes/letting-go/an-open-hand-can-care-for-what-a-clenched/,https://echobuddha.com/quotes/letting-go/an-open-hand-can-care-for-what-a-clenched/,94,
https://echobuddha.com/quotes/letting-go/caring-without-clinging/,/quotes/letting-go/caring-without-clinging/,200,https://echobuddha.com/quotes/letting-go/caring-without-clinging/,Yes,Yes,Yes,Yes,Yes,"index, follow (implicit)","index, follow (implicit)",https://echobuddha.com/quotes/letting-go/caring-without-clinging/,https://echobuddha.com/quotes/letting-go/caring-without-clinging/,67,
https://echobuddha.com/quotes/letting-go/forgiveness-without-approving-harm/,/quotes/letting-go/forgiveness-without-approving-harm/,200,https://echobuddha.com/quotes/letting-go/forgiveness-without-approving-harm/,Yes,Yes,Yes,Yes,Yes,"index, follow (implicit)","index, follow (implicit)",https://echobuddha.com/quotes/letting-go/forgiveness-without-approving-harm/,https://echobuddha.com/quotes/letting-go/forgiveness-without-approving-harm/,83,
https://echobuddha.com/quotes/letting-go/freedom-often-sounds-like-the-quiet-end-of-an/,/quotes/letting-go/freedom-often-sounds-like-the-quiet-end-of-an/,200,https://echobuddha.com/quotes/letting-go/freedom-often-sounds-like-the-quiet-end-of-an/,Yes,Yes,Yes,Yes,Yes,"noindex, follow","noindex, follow",https://echobuddha.com/quotes/letting-go/freedom-often-sounds-like-the-quiet-end-of-an/,https://echobuddha.com/quotes/letting-go/freedom-often-sounds-like-the-quiet-end-of-an/,178,
https://echobuddha.com/quotes/letting-go/,/quotes/letting-go/,200,https://echobuddha.com/quotes/letting-go/,Yes,Yes,Yes,Yes,Yes,"index, follow (implicit)","index, follow (implicit)",https://echobuddha.com/quotes/letting-go/,https://echobuddha.com/quotes/letting-go/,548,
https://echobuddha.com/quotes/letting-go/let-the-feeling-pass-through-without-building-it-a/,/quotes/letting-go/let-the-feeling-pass-through-without-building-it-a/,200,https://echobuddha.com/quotes/letting-go/let-the-feeling-pass-through-without-building-it-a/,Yes,Yes,Yes,Yes,Yes,"noindex, follow","noindex, follow",https://echobuddha.com/quotes/letting-go/let-the-feeling-pass-through-without-building-it-a/,https://echobuddha.com/quotes/letting-go/let-the-feeling-pass-through-without-building-it-a/,80,
https://echobuddha.com/quotes/letting-go/letting-go-begins-by-admitting-how-tightly-you-are/,/quotes/letting-go/letting-go-begins-by-admitting-how-tightly-you-are/,200,https://echobuddha.com/quotes/letting-go/letting-go-begins-by-admitting-how-tightly-you-are/,Yes,Yes,Yes,Yes,Yes,"noindex, follow","noindex, follow",https://echobuddha.com/quotes/letting-go/letting-go-begins-by-admitting-how-tightly-you-are/,https://echobuddha.com/quotes/letting-go/letting-go-begins-by-admitting-how-tightly-you-are/,97,
https://echobuddha.com/quotes/letting-go/open-hands-non-attachment/,/quotes/letting-go/open-hands-non-attachment/,200,https://echobuddha.com/quotes/letting-go/open-hands-non-attachment/,Yes,Yes,Yes,Yes,Yes,"index, follow (implicit)","index, follow (implicit)",https://echobuddha.com/quotes/letting-go/open-hands-non-attachment/,https://echobuddha.com/quotes/letting-go/open-hands-non-attachment/,67,
https://echobuddha.com/quotes/letting-go/peace-enters-when-control-is-no-longer-the-price/,/quotes/letting-go/peace-enters-when-control-is-no-longer-the-price/,200,https://echobuddha.com/quotes/letting-go/peace-enters-when-control-is-no-longer-the-price/,Yes,Yes,Yes,Yes,Yes,"noindex, follow","noindex, follow",https://echobuddha.com/quotes/letting-go/peace-enters-when-control-is-no-longer-the-price/,https://echobuddha.com/quotes/letting-go/peace-enters-when-control-is-no-longer-the-price/,71,
https://echobuddha.com/quotes/letting-go/release-the-need-to-replay-what-can-no-longer/,/quotes/letting-go/release-the-need-to-replay-what-can-no-longer/,200,https://echobuddha.com/quotes/letting-go/release-the-need-to-replay-what-can-no-longer/,Yes,Yes,Yes,Yes,Yes,"noindex, follow","noindex, follow",https://echobuddha.com/quotes/letting-go/release-the-need-to-replay-what-can-no-longer/,https://echobuddha.com/quotes/letting-go/release-the-need-to-replay-what-can-no-longer/,130,
https://echobuddha.com/quotes/letting-go/release-the-outcome-but-keep-the-care-you-bring/,/quotes/letting-go/release-the-outcome-but-keep-the-care-you-bring/,200,https://echobuddha.com/quotes/letting-go/release-the-outcome-but-keep-the-care-you-bring/,Yes,Yes,Yes,Yes,Yes,"noindex, follow","noindex, follow",https://echobuddha.com/quotes/letting-go/release-the-outcome-but-keep-the-care-you-bring/,https://echobuddha.com/quotes/letting-go/release-the-outcome-but-keep-the-care-you-bring/,91,
https://echobuddha.com/quotes/letting-go/soften-around-stress/,/quotes/letting-go/soften-around-stress/,200,https://echobuddha.com/quotes/letting-go/soften-around-stress/,Yes,Yes,Yes,Yes,Yes,"index, follow (implicit)","index, follow (implicit)",https://echobuddha.com/quotes/letting-go/soften-around-stress/,https://echobuddha.com/quotes/letting-go/soften-around-stress/,80,
https://echobuddha.com/quotes/letting-go/what-leaves-your-life-may-still-leave-wisdom-behind/,/quotes/letting-go/what-leaves-your-life-may-still-leave-wisdom-behind/,200,https://echobuddha.com/quotes/letting-go/what-leaves-your-life-may-still-leave-wisdom-behind/,Yes,Yes,Yes,Yes,Yes,"noindex, follow","noindex, follow",https://echobuddha.com/quotes/letting-go/what-leaves-your-life-may-still-leave-wisdom-behind/,https://echobuddha.com/quotes/letting-go/what-leaves-your-life-may-still-leave-wisdom-behind/,96,
https://echobuddha.com/quotes/letting-go/where-attachment-begins/,/quotes/letting-go/where-attachment-begins/,200,https://echobuddha.com/quotes/letting-go/where-attachment-begins/,Yes,Yes,Yes,Yes,Yes,"index, follow (implicit)","index, follow (implicit)",https://echobuddha.com/quotes/letting-go/where-attachment-begins/,https://echobuddha.com/quotes/letting-go/where-attachment-begins/,70,
https://echobuddha.com/quotes/letting-go/you-can-honor-the-past-without-asking-it-to/,/quotes/letting-go/you-can-honor-the-past-without-asking-it-to/,200,https://echobuddha.com/quotes/letting-go/you-can-honor-the-past-without-asking-it-to/,Yes,Yes,Yes,Yes,Yes,"noindex, follow","noindex, follow",https://echobuddha.com/quotes/letting-go/you-can-honor-the-past-without-asking-it-to/,https://echobuddha.com/quotes/letting-go/you-can-honor-the-past-without-asking-it-to/,95,
https://echobuddha.com/quotes/letting-go/you-do-not-betray-a-memory-by-allowing-yourself/,/quotes/letting-go/you-do-not-betray-a-memory-by-allowing-yourself/,200,https://echobuddha.com/quotes/letting-go/you-do-not-betray-a-memory-by-allowing-yourself/,Yes,Yes,Yes,Yes,Yes,"noindex, follow","noindex, follow",https://echobuddha.com/quotes/letting-go/you-do-not-betray-a-memory-by-allowing-yourself/,https://echobuddha.com/quotes/letting-go/you-do-not-betray-a-memory-by-allowing-yourself/,468,
https://echobuddha.com/quotes/letting-go/you-do-not-need-to-carry-every-thought-that/,/quotes/letting-go/you-do-not-need-to-carry-every-thought-that/,200,https://echobuddha.com/quotes/letting-go/you-do-not-need-to-carry-every-thought-that/,Yes,Yes,Yes,Yes,Yes,"noindex, follow","noindex, follow",https://echobuddha.com/quotes/letting-go/you-do-not-need-to-carry-every-thought-that/,https://echobuddha.com/quotes/letting-go/you-do-not-need-to-carry-every-thought-that/,469,
https://echobuddha.com/quotes/meditation/a-short-sincere-practice-can-steady-a-long-and/,/quotes/meditation/a-short-sincere-practice-can-steady-a-long-and/,200,https://echobuddha.com/quotes/meditation/a-short-sincere-practice-can-steady-a-long-and/,Yes,Yes,Yes,Yes,Yes,"noindex, follow","noindex, follow",https://echobuddha.com/quotes/meditation/a-short-sincere-practice-can-steady-a-long-and/,https://echobuddha.com/quotes/meditation/a-short-sincere-practice-can-steady-a-long-and/,92,
https://echobuddha.com/quotes/meditation/do-not-search-meditation-for-a-special-self-notice/,/quotes/meditation/do-not-search-meditation-for-a-special-self-notice/,200,https://echobuddha.com/quotes/meditation/do-not-search-meditation-for-a-special-self-notice/,Yes,Yes,Yes,Yes,Yes,"noindex, follow","noindex, follow",https://echobuddha.com/quotes/meditation/do-not-search-meditation-for-a-special-self-notice/,https://echobuddha.com/quotes/meditation/do-not-search-meditation-for-a-special-self-notice/,95,
https://echobuddha.com/quotes/meditation/every-return-from-distraction-strengthens-the-path-home/,/quotes/meditation/every-return-from-distraction-strengthens-the-path-home/,200,https://echobuddha.com/quotes/meditation/every-return-from-distraction-strengthens-the-path-home/,Yes,Yes,Yes,Yes,Yes,"noindex, follow","noindex, follow",https://echobuddha.com/quotes/meditation/every-return-from-distraction-strengthens-the-path-home/,https://echobuddha.com/quotes/meditation/every-return-from-distraction-strengthens-the-path-home/,68,
https://echobuddha.com/quotes/meditation/few-quiet-minutes/,/quotes/meditation/few-quiet-minutes/,200,https://echobuddha.com/quotes/meditation/few-quiet-minutes/,Yes,Yes,Yes,Yes,Yes,"index, follow (implicit)","index, follow (implicit)",https://echobuddha.com/quotes/meditation/few-quiet-minutes/,https://echobuddha.com/quotes/meditation/few-quiet-minutes/,67,
https://echobuddha.com/quotes/meditation/follow-the-breath-lightly-as-you-would-listen-to/,/quotes/meditation/follow-the-breath-lightly-as-you-would-listen-to/,200,https://echobuddha.com/quotes/meditation/follow-the-breath-lightly-as-you-would-listen-to/,Yes,Yes,Yes,Yes,Yes,"noindex, follow","noindex, follow",https://echobuddha.com/quotes/meditation/follow-the-breath-lightly-as-you-would-listen-to/,https://echobuddha.com/quotes/meditation/follow-the-breath-lightly-as-you-would-listen-to/,182,
https://echobuddha.com/quotes/meditation/,/quotes/meditation/,200,https://echobuddha.com/quotes/meditation/,Yes,Yes,Yes,Yes,Yes,"index, follow (implicit)","index, follow (implicit)",https://echobuddha.com/quotes/meditation/,https://echobuddha.com/quotes/meditation/,95,
https://echobuddha.com/quotes/meditation/meditation-is-not-leaving-life-it-is-learning-how/,/quotes/meditation/meditation-is-not-leaving-life-it-is-learning-how/,200,https://echobuddha.com/quotes/meditation/meditation-is-not-leaving-life-it-is-learning-how/,Yes,Yes,Yes,Yes,Yes,"noindex, follow","noindex, follow",https://echobuddha.com/quotes/meditation/meditation-is-not-leaving-life-it-is-learning-how/,https://echobuddha.com/quotes/meditation/meditation-is-not-leaving-life-it-is-learning-how/,91,
https://echobuddha.com/quotes/meditation/meditation-is-returning/,/quotes/meditation/meditation-is-returning/,200,https://echobuddha.com/quotes/meditation/meditation-is-returning/,Yes,Yes,Yes,Yes,Yes,"index, follow (implicit)","index, follow (implicit)",https://echobuddha.com/quotes/meditation/meditation-is-returning/,https://echobuddha.com/quotes/meditation/meditation-is-returning/,88,
https://echobuddha.com/quotes/meditation/one-honest-breath/,/quotes/meditation/one-honest-breath/,200,https://echobuddha.com/quotes/meditation/one-honest-breath/,Yes,Yes,Yes,Yes,Yes,"index, follow (implicit)","index, follow (implicit)",https://echobuddha.com/quotes/meditation/one-honest-breath/,https://echobuddha.com/quotes/meditation/one-honest-breath/,72,
https://echobuddha.com/quotes/meditation/silence-is-not-empty-when-the-heart-is-listening/,/quotes/meditation/silence-is-not-empty-when-the-heart-is-listening/,200,https://echobuddha.com/quotes/meditation/silence-is-not-empty-when-the-heart-is-listening/,Yes,Yes,Yes,Yes,Yes,"noindex, follow","noindex, follow",https://echobuddha.com/quotes/meditation/silence-is-not-empty-when-the-heart-is-listening/,https://echobuddha.com/quotes/meditation/silence-is-not-empty-when-the-heart-is-listening/,84,
https://echobuddha.com/quotes/meditation/sit-with-the-day-as-it-is-before-asking/,/quotes/meditation/sit-with-the-day-as-it-is-before-asking/,200,https://echobuddha.com/quotes/meditation/sit-with-the-day-as-it-is-before-asking/,Yes,Yes,Yes,Yes,Yes,"noindex, follow","noindex, follow",https://echobuddha.com/quotes/meditation/sit-with-the-day-as-it-is-before-asking/,https://echobuddha.com/quotes/meditation/sit-with-the-day-as-it-is-before-asking/,1298,
https://echobuddha.com/quotes/meditation/sit-without-demanding-silence-and-the-mind-will-teach/,/quotes/meditation/sit-without-demanding-silence-and-the-mind-will-teach/,200,https://echobuddha.com/quotes/meditation/sit-without-demanding-silence-and-the-mind-will-teach/,Yes,Yes,Yes,Yes,Yes,"noindex, follow","noindex, follow",https://echobuddha.com/quotes/meditation/sit-without-demanding-silence-and-the-mind-will-teach/,https://echobuddha.com/quotes/meditation/sit-without-demanding-silence-and-the-mind-will-teach/,513,
https://echobuddha.com/quotes/meditation/the-bell-fades-but-careful-listening-can-continue/,/quotes/meditation/the-bell-fades-but-careful-listening-can-continue/,200,https://echobuddha.com/quotes/meditation/the-bell-fades-but-careful-listening-can-continue/,Yes,Yes,Yes,Yes,Yes,"noindex, follow","noindex, follow",https://echobuddha.com/quotes/meditation/the-bell-fades-but-careful-listening-can-continue/,https://echobuddha.com/quotes/meditation/the-bell-fades-but-careful-listening-can-continue/,79,
https://echobuddha.com/quotes/meditation/the-cushion-is-a-place-to-practice-returning-not/,/quotes/meditation/the-cushion-is-a-place-to-practice-returning-not/,200,https://echobuddha.com/quotes/meditation/the-cushion-is-a-place-to-practice-returning-not/,Yes,Yes,Yes,Yes,Yes,"noindex, follow","noindex, follow",https://echobuddha.com/quotes/meditation/the-cushion-is-a-place-to-practice-returning-not/,https://echobuddha.com/quotes/meditation/the-cushion-is-a-place-to-practice-returning-not/,92,
https://echobuddha.com/quotes/meditation/when-stillness-feels-impossible-begin-by-noticing-the-restlessness/,/quotes/meditation/when-stillness-feels-impossible-begin-by-noticing-the-restlessness/,200,https://echobuddha.com/quotes/meditation/when-stillness-feels-impossible-begin-by-noticing-the-restlessness/,Yes,Yes,Yes,Yes,Yes,"noindex, follow","noindex, follow",https://echobuddha.com/quotes/meditation/when-stillness-feels-impossible-begin-by-noticing-the-restlessness/,https://echobuddha.com/quotes/meditation/when-stillness-feels-impossible-begin-by-noticing-the-restlessness/,77,
https://echobuddha.com/quotes/mindfulness/a-peaceful-mind-begins-with-one-honest-breath/,/quotes/mindfulness/a-peaceful-mind-begins-with-one-honest-breath/,200,https://echobuddha.com/quotes/mindfulness/a-peaceful-mind-begins-with-one-honest-breath/,Yes,Yes,Yes,Yes,Yes,"noindex, follow","noindex, follow",https://echobuddha.com/quotes/mindfulness/a-peaceful-mind-begins-with-one-honest-breath/,https://echobuddha.com/quotes/mindfulness/a-peaceful-mind-begins-with-one-honest-breath/,73,
https://echobuddha.com/quotes/mindfulness/a-wandering-mind-is-not-a-failed-mind-it/,/quotes/mindfulness/a-wandering-mind-is-not-a-failed-mind-it/,200,https://echobuddha.com/quotes/mindfulness/a-wandering-mind-is-not-a-failed-mind-it/,Yes,Yes,Yes,Yes,Yes,"noindex, follow","noindex, follow",https://echobuddha.com/quotes/mindfulness/a-wandering-mind-is-not-a-failed-mind-it/,https://echobuddha.com/quotes/mindfulness/a-wandering-mind-is-not-a-failed-mind-it/,190,
https://echobuddha.com/quotes/mindfulness/awareness-begins-when-hurry-loosens-its-hold/,/quotes/mindfulness/awareness-begins-when-hurry-loosens-its-hold/,200,https://echobuddha.com/quotes/mindfulness/awareness-begins-when-hurry-loosens-its-hold/,Yes,Yes,Yes,Yes,Yes,"noindex, follow","noindex, follow",https://echobuddha.com/quotes/mindfulness/awareness-begins-when-hurry-loosens-its-hold/,https://echobuddha.com/quotes/mindfulness/awareness-begins-when-hurry-loosens-its-hold/,87,
https://echobuddha.com/quotes/mindfulness/begin-the-day-with-awareness/,/quotes/mindfulness/begin-the-day-with-awareness/,200,https://echobuddha.com/quotes/mindfulness/begin-the-day-with-awareness/,Yes,Yes,Yes,Yes,Yes,"index, follow (implicit)","index, follow (implicit)",https://echobuddha.com/quotes/mindfulness/begin-the-day-with-awareness/,https://echobuddha.com/quotes/mindfulness/begin-the-day-with-awareness/,85,
https://echobuddha.com/quotes/mindfulness/give-one-ordinary-task-the-dignity-of-your-full/,/quotes/mindfulness/give-one-ordinary-task-the-dignity-of-your-full/,200,https://echobuddha.com/quotes/mindfulness/give-one-ordinary-task-the-dignity-of-your-full/,Yes,Yes,Yes,Yes,Yes,"noindex, follow","noindex, follow",https://echobuddha.com/quotes/mindfulness/give-one-ordinary-task-the-dignity-of-your-full/,https://echobuddha.com/quotes/mindfulness/give-one-ordinary-task-the-dignity-of-your-full/,96,
https://echobuddha.com/quotes/mindfulness/gratitude-notices-enough/,/quotes/mindfulness/gratitude-notices-enough/,200,https://echobuddha.com/quotes/mindfulness/gratitude-notices-enough/,Yes,Yes,Yes,Yes,Yes,"index, follow (implicit)","index, follow (implicit)",https://echobuddha.com/quotes/mindfulness/gratitude-notices-enough/,https://echobuddha.com/quotes/mindfulness/gratitude-notices-enough/,75,
https://echobuddha.com/quotes/mindfulness/ground-yourself-gently/,/quotes/mindfulness/ground-yourself-gently/,200,https://echobuddha.com/quotes/mindfulness/ground-yourself-gently/,Yes,Yes,Yes,Yes,Yes,"index, follow (implicit)","index, follow (implicit)",https://echobuddha.com/quotes/mindfulness/ground-yourself-gently/,https://echobuddha.com/quotes/mindfulness/ground-yourself-gently/,91,
https://echobuddha.com/quotes/mindfulness/,/quotes/mindfulness/,200,https://echobuddha.com/quotes/mindfulness/,Yes,Yes,Yes,Yes,Yes,"index, follow (implicit)","index, follow (implicit)",https://echobuddha.com/quotes/mindfulness/,https://echobuddha.com/quotes/mindfulness/,471,
https://echobuddha.com/quotes/mindfulness/listen-before-answering/,/quotes/mindfulness/listen-before-answering/,200,https://echobuddha.com/quotes/mindfulness/listen-before-answering/,Yes,Yes,Yes,Yes,Yes,"index, follow (implicit)","index, follow (implicit)",https://echobuddha.com/quotes/mindfulness/listen-before-answering/,https://echobuddha.com/quotes/mindfulness/listen-before-answering/,600,
https://echobuddha.com/quotes/mindfulness/listen-to-the-moment-before-filling-it-with-your/,/quotes/mindfulness/listen-to-the-moment-before-filling-it-with-your/,200,https://echobuddha.com/quotes/mindfulness/listen-to-the-moment-before-filling-it-with-your/,Yes,Yes,Yes,Yes,Yes,"noindex, follow","noindex, follow",https://echobuddha.com/quotes/mindfulness/listen-to-the-moment-before-filling-it-with-your/,https://echobuddha.com/quotes/mindfulness/listen-to-the-moment-before-filling-it-with-your/,80,
https://echobuddha.com/quotes/mindfulness/notice-what-is-here-before-deciding-what-it-means/,/quotes/mindfulness/notice-what-is-here-before-deciding-what-it-means/,200,https://echobuddha.com/quotes/mindfulness/notice-what-is-here-before-deciding-what-it-means/,Yes,Yes,Yes,Yes,Yes,"noindex, follow","noindex, follow",https://echobuddha.com/quotes/mindfulness/notice-what-is-here-before-deciding-what-it-means/,https://echobuddha.com/quotes/mindfulness/notice-what-is-here-before-deciding-what-it-means/,103,
https://echobuddha.com/quotes/mindfulness/one-mindful-pause-can-change-the-direction-of-an/,/quotes/mindfulness/one-mindful-pause-can-change-the-direction-of-an/,200,https://echobuddha.com/quotes/mindfulness/one-mindful-pause-can-change-the-direction-of-an/,Yes,Yes,Yes,Yes,Yes,"noindex, follow","noindex, follow",https://echobuddha.com/quotes/mindfulness/one-mindful-pause-can-change-the-direction-of-an/,https://echobuddha.com/quotes/mindfulness/one-mindful-pause-can-change-the-direction-of-an/,83,
https://echobuddha.com/quotes/mindfulness/peace-begins-with-attention/,/quotes/mindfulness/peace-begins-with-attention/,200,https://echobuddha.com/quotes/mindfulness/peace-begins-with-attention/,Yes,Yes,Yes,Yes,Yes,"index, follow (implicit)","index, follow (implicit)",https://echobuddha.com/quotes/mindfulness/peace-begins-with-attention/,https://echobuddha.com/quotes/mindfulness/peace-begins-with-attention/,67,
https://echobuddha.com/quotes/mindfulness/peace-grows-when-attention-stops-running-ahead-of-the/,/quotes/mindfulness/peace-grows-when-attention-stops-running-ahead-of-the/,200,https://echobuddha.com/quotes/mindfulness/peace-grows-when-attention-stops-running-ahead-of-the/,Yes,Yes,Yes,Yes,Yes,"noindex, follow","noindex, follow",https://echobuddha.com/quotes/mindfulness/peace-grows-when-attention-stops-running-ahead-of-the/,https://echobuddha.com/quotes/mindfulness/peace-grows-when-attention-stops-running-ahead-of-the/,137,
https://echobuddha.com/quotes/mindfulness/present-moment-one-step/,/quotes/mindfulness/present-moment-one-step/,200,https://echobuddha.com/quotes/mindfulness/present-moment-one-step/,Yes,Yes,Yes,Yes,Yes,"index, follow (implicit)","index, follow (implicit)",https://echobuddha.com/quotes/mindfulness/present-moment-one-step/,https://echobuddha.com/quotes/mindfulness/present-moment-one-step/,89,
https://echobuddha.com/quotes/mindfulness/return-to-the-breath-before-you-return-to-the/,/quotes/mindfulness/return-to-the-breath-before-you-return-to-the/,200,https://echobuddha.com/quotes/mindfulness/return-to-the-breath-before-you-return-to-the/,Yes,Yes,Yes,Yes,Yes,"noindex, follow","noindex, follow",https://echobuddha.com/quotes/mindfulness/return-to-the-breath-before-you-return-to-the/,https://echobuddha.com/quotes/mindfulness/return-to-the-breath-before-you-return-to-the/,102,
https://echobuddha.com/quotes/mindfulness/the-more-clearly-you-notice-life-the-less-carelessly/,/quotes/mindfulness/the-more-clearly-you-notice-life-the-less-carelessly/,200,https://echobuddha.com/quotes/mindfulness/the-more-clearly-you-notice-life-the-less-carelessly/,Yes,Yes,Yes,Yes,Yes,"noindex, follow","noindex, follow",https://echobuddha.com/quotes/mindfulness/the-more-clearly-you-notice-life-the-less-carelessly/,https://echobuddha.com/quotes/mindfulness/the-more-clearly-you-notice-life-the-less-carelessly/,90,
https://echobuddha.com/quotes/mindfulness/the-present-moment-asks-for-your-attention-not-your/,/quotes/mindfulness/the-present-moment-asks-for-your-attention-not-your/,200,https://echobuddha.com/quotes/mindfulness/the-present-moment-asks-for-your-attention-not-your/,Yes,Yes,Yes,Yes,Yes,"noindex, follow","noindex, follow",https://echobuddha.com/quotes/mindfulness/the-present-moment-asks-for-your-attention-not-your/,https://echobuddha.com/quotes/mindfulness/the-present-moment-asks-for-your-attention-not-your/,66,
https://echobuddha.com/quotes/patience/a-difficult-moment-becomes-heavier-when-we-demand-that/,/quotes/patience/a-difficult-moment-becomes-heavier-when-we-demand-that/,200,https://echobuddha.com/quotes/patience/a-difficult-moment-becomes-heavier-when-we-demand-that/,Yes,Yes,Yes,Yes,Yes,"noindex, follow","noindex, follow",https://echobuddha.com/quotes/patience/a-difficult-moment-becomes-heavier-when-we-demand-that/,https://echobuddha.com/quotes/patience/a-difficult-moment-becomes-heavier-when-we-demand-that/,89,
https://echobuddha.com/quotes/patience/be-patient-with-the-part-of-you-that-is/,/quotes/patience/be-patient-with-the-part-of-you-that-is/,200,https://echobuddha.com/quotes/patience/be-patient-with-the-part-of-you-that-is/,Yes,Yes,Yes,Yes,Yes,"noindex, follow","noindex, follow",https://echobuddha.com/quotes/patience/be-patient-with-the-part-of-you-that-is/,https://echobuddha.com/quotes/patience/be-patient-with-the-part-of-you-that-is/,582,
https://echobuddha.com/quotes/patience/family-kindness-and-patience/,/quotes/patience/family-kindness-and-patience/,200,https://echobuddha.com/quotes/patience/family-kindness-and-patience/,Yes,Yes,Yes,Yes,Yes,"index, follow (implicit)","index, follow (implicit)",https://echobuddha.com/quotes/patience/family-kindness-and-patience/,https://echobuddha.com/quotes/patience/family-kindness-and-patience/,566,
https://echobuddha.com/quotes/patience/growth-is-quiet-work-often-invisible-until-the-season/,/quotes/patience/growth-is-quiet-work-often-invisible-until-the-season/,200,https://echobuddha.com/quotes/patience/growth-is-quiet-work-often-invisible-until-the-season/,Yes,Yes,Yes,Yes,Yes,"noindex, follow","noindex, follow",https://echobuddha.com/quotes/patience/growth-is-quiet-work-often-invisible-until-the-season/,https://echobuddha.com/quotes/patience/growth-is-quiet-work-often-invisible-until-the-season/,81,
https://echobuddha.com/quotes/patience/,/quotes/patience/,200,https://echobuddha.com/quotes/patience/,Yes,Yes,Yes,Yes,Yes,"index, follow (implicit)","index, follow (implicit)",https://echobuddha.com/quotes/patience/,https://echobuddha.com/quotes/patience/,103,
https://echobuddha.com/quotes/patience/not-every-delay-is-an-obstacle-some-are-invitations/,/quotes/patience/not-every-delay-is-an-obstacle-some-are-invitations/,200,https://echobuddha.com/quotes/patience/not-every-delay-is-an-obstacle-some-are-invitations/,Yes,Yes,Yes,Yes,Yes,"noindex, follow","noindex, follow",https://echobuddha.com/quotes/patience/not-every-delay-is-an-obstacle-some-are-invitations/,https://echobuddha.com/quotes/patience/not-every-delay-is-an-obstacle-some-are-invitations/,76,
https://echobuddha.com/quotes/patience/patience-is-the-strength-to-remain-present-while-life/,/quotes/patience/patience-is-the-strength-to-remain-present-while-life/,200,https://echobuddha.com/quotes/patience/patience-is-the-strength-to-remain-present-while-life/,Yes,Yes,Yes,Yes,Yes,"noindex, follow","noindex, follow",https://echobuddha.com/quotes/patience/patience-is-the-strength-to-remain-present-while-life/,https://echobuddha.com/quotes/patience/patience-is-the-strength-to-remain-present-while-life/,79,
https://echobuddha.com/quotes/patience/patience-makes-room-for-truth-to-arrive-without-force/,/quotes/patience/patience-makes-room-for-truth-to-arrive-without-force/,200,https://echobuddha.com/quotes/patience/patience-makes-room-for-truth-to-arrive-without-force/,Yes,Yes,Yes,Yes,Yes,"noindex, follow","noindex, follow",https://echobuddha.com/quotes/patience/patience-makes-room-for-truth-to-arrive-without-force/,https://echobuddha.com/quotes/patience/patience-makes-room-for-truth-to-arrive-without-force/,213,
https://echobuddha.com/quotes/patience/patience-softens-the-wait/,/quotes/patience/patience-softens-the-wait/,200,https://echobuddha.com/quotes/patience/patience-softens-the-wait/,Yes,Yes,Yes,Yes,Yes,"index, follow (implicit)","index, follow (implicit)",https://echobuddha.com/quotes/patience/patience-softens-the-wait/,https://echobuddha.com/quotes/patience/patience-softens-the-wait/,90,
https://echobuddha.com/quotes/patience/some-answers-become-clear-only-after-the-mind-stops/,/quotes/patience/some-answers-become-clear-only-after-the-mind-stops/,200,https://echobuddha.com/quotes/patience/some-answers-become-clear-only-after-the-mind-stops/,Yes,Yes,Yes,Yes,Yes,"noindex, follow","noindex, follow",https://echobuddha.com/quotes/patience/some-answers-become-clear-only-after-the-mind-stops/,https://echobuddha.com/quotes/patience/some-answers-become-clear-only-after-the-mind-stops/,81,
https://echobuddha.com/quotes/patience/stay-gentle-with-beginnings-they-are-carrying-more-than/,/quotes/patience/stay-gentle-with-beginnings-they-are-carrying-more-than/,200,https://echobuddha.com/quotes/patience/stay-gentle-with-beginnings-they-are-carrying-more-than/,Yes,Yes,Yes,Yes,Yes,"noindex, follow","noindex, follow",https://echobuddha.com/quotes/patience/stay-gentle-with-beginnings-they-are-carrying-more-than/,https://echobuddha.com/quotes/patience/stay-gentle-with-beginnings-they-are-carrying-more-than/,88,
https://echobuddha.com/quotes/patience/the-path-unfolds-at-the-pace-of-sincere-practice/,/quotes/patience/the-path-unfolds-at-the-pace-of-sincere-practice/,200,https://echobuddha.com/quotes/patience/the-path-unfolds-at-the-pace-of-sincere-practice/,Yes,Yes,Yes,Yes,Yes,"noindex, follow","noindex, follow",https://echobuddha.com/quotes/patience/the-path-unfolds-at-the-pace-of-sincere-practice/,https://echobuddha.com/quotes/patience/the-path-unfolds-at-the-pace-of-sincere-practice/,80,
https://echobuddha.com/quotes/patience/wait-long-enough-for-the-first-reaction-to-become/,/quotes/patience/wait-long-enough-for-the-first-reaction-to-become/,200,https://echobuddha.com/quotes/patience/wait-long-enough-for-the-first-reaction-to-become/,Yes,Yes,Yes,Yes,Yes,"noindex, follow","noindex, follow",https://echobuddha.com/quotes/patience/wait-long-enough-for-the-first-reaction-to-become/,https://echobuddha.com/quotes/patience/wait-long-enough-for-the-first-reaction-to-become/,88,
https://echobuddha.com/quotes/patience/when-anger-rises-pause-long-enough-to-see-the/,/quotes/patience/when-anger-rises-pause-long-enough-to-see-the/,200,https://echobuddha.com/quotes/patience/when-anger-rises-pause-long-enough-to-see-the/,Yes,Yes,Yes,Yes,Yes,"noindex, follow","noindex, follow",https://echobuddha.com/quotes/patience/when-anger-rises-pause-long-enough-to-see-the/,https://echobuddha.com/quotes/patience/when-anger-rises-pause-long-enough-to-see-the/,1237,
https://echobuddha.com/quotes/practice/a-peaceful-life-is-built-from-peaceful-moments-practiced/,/quotes/practice/a-peaceful-life-is-built-from-peaceful-moments-practiced/,200,https://echobuddha.com/quotes/practice/a-peaceful-life-is-built-from-peaceful-moments-practiced/,Yes,Yes,Yes,Yes,Yes,"noindex, follow","noindex, follow",https://echobuddha.com/quotes/practice/a-peaceful-life-is-built-from-peaceful-moments-practiced/,https://echobuddha.com/quotes/practice/a-peaceful-life-is-built-from-peaceful-moments-practiced/,582,
https://echobuddha.com/quotes/practice/begin-with-what-is-possible-then-return-tomorrow/,/quotes/practice/begin-with-what-is-possible-then-return-tomorrow/,200,https://echobuddha.com/quotes/practice/begin-with-what-is-possible-then-return-tomorrow/,Yes,Yes,Yes,Yes,Yes,"noindex, follow","noindex, follow",https://echobuddha.com/quotes/practice/begin-with-what-is-possible-then-return-tomorrow/,https://echobuddha.com/quotes/practice/begin-with-what-is-possible-then-return-tomorrow/,79,
https://echobuddha.com/quotes/practice/bring-the-teaching-into-the-place-where-you-are/,/quotes/practice/bring-the-teaching-into-the-place-where-you-are/,200,https://echobuddha.com/quotes/practice/bring-the-teaching-into-the-place-where-you-are/,Yes,Yes,Yes,Yes,Yes,"noindex, follow","noindex, follow",https://echobuddha.com/quotes/practice/bring-the-teaching-into-the-place-where-you-are/,https://echobuddha.com/quotes/practice/bring-the-teaching-into-the-place-where-you-are/,104,
https://echobuddha.com/quotes/practice/daily-practice-turns-understanding-from-an-idea-into-a/,/quotes/practice/daily-practice-turns-understanding-from-an-idea-into-a/,200,https://echobuddha.com/quotes/practice/daily-practice-turns-understanding-from-an-idea-into-a/,Yes,Yes,Yes,Yes,Yes,"noindex, follow","noindex, follow",https://echobuddha.com/quotes/practice/daily-practice-turns-understanding-from-an-idea-into-a/,https://echobuddha.com/quotes/practice/daily-practice-turns-understanding-from-an-idea-into-a/,64,
https://echobuddha.com/quotes/practice/do-not-wait-to-feel-ready-before-choosing-what/,/quotes/practice/do-not-wait-to-feel-ready-before-choosing-what/,200,https://echobuddha.com/quotes/practice/do-not-wait-to-feel-ready-before-choosing-what/,Yes,Yes,Yes,Yes,Yes,"noindex, follow","noindex, follow",https://echobuddha.com/quotes/practice/do-not-wait-to-feel-ready-before-choosing-what/,https://echobuddha.com/quotes/practice/do-not-wait-to-feel-ready-before-choosing-what/,65,
https://echobuddha.com/quotes/practice/eightfold-path-daily-choices/,/quotes/practice/eightfold-path-daily-choices/,200,https://echobuddha.com/quotes/practice/eightfold-path-daily-choices/,Yes,Yes,Yes,Yes,Yes,"index, follow (implicit)","index, follow (implicit)",https://echobuddha.com/quotes/practice/eightfold-path-daily-choices/,https://echobuddha.com/quotes/practice/eightfold-path-daily-choices/,177,
https://echobuddha.com/quotes/practice/,/quotes/practice/,200,https://echobuddha.com/quotes/practice/,Yes,Yes,Yes,Yes,Yes,"index, follow (implicit)","index, follow (implicit)",https://echobuddha.com/quotes/practice/,https://echobuddha.com/quotes/practice/,85,
https://echobuddha.com/quotes/practice/mindfulness-at-work-breath/,/quotes/practice/mindfulness-at-work-breath/,200,https://echobuddha.com/quotes/practice/mindfulness-at-work-breath/,Yes,Yes,Yes,Yes,Yes,"index, follow (implicit)","index, follow (implicit)",https://echobuddha.com/quotes/practice/mindfulness-at-work-breath/,https://echobuddha.com/quotes/practice/mindfulness-at-work-breath/,76,
https://echobuddha.com/quotes/practice/practice-becomes-real-when-it-enters-your-speech-and/,/quotes/practice/practice-becomes-real-when-it-enters-your-speech-and/,200,https://echobuddha.com/quotes/practice/practice-becomes-real-when-it-enters-your-speech-and/,Yes,Yes,Yes,Yes,Yes,"noindex, follow","noindex, follow",https://echobuddha.com/quotes/practice/practice-becomes-real-when-it-enters-your-speech-and/,https://echobuddha.com/quotes/practice/practice-becomes-real-when-it-enters-your-speech-and/,95,
https://echobuddha.com/quotes/practice/right-intention-turns-the-heart/,/quotes/practice/right-intention-turns-the-heart/,200,https://echobuddha.com/quotes/practice/right-intention-turns-the-heart/,Yes,Yes,Yes,Yes,Yes,"index, follow (implicit)","index, follow (implicit)",https://echobuddha.com/quotes/practice/right-intention-turns-the-heart/,https://echobuddha.com/quotes/practice/right-intention-turns-the-heart/,69,
https://echobuddha.com/quotes/practice/small-actions-shape-the-mind/,/quotes/practice/small-actions-shape-the-mind/,200,https://echobuddha.com/quotes/practice/small-actions-shape-the-mind/,Yes,Yes,Yes,Yes,Yes,"index, follow (implicit)","index, follow (implicit)",https://echobuddha.com/quotes/practice/small-actions-shape-the-mind/,https://echobuddha.com/quotes/practice/small-actions-shape-the-mind/,94,
https://echobuddha.com/quotes/practice/the-path-is-not-far-away-it-is-the/,/quotes/practice/the-path-is-not-far-away-it-is-the/,200,https://echobuddha.com/quotes/practice/the-path-is-not-far-away-it-is-the/,Yes,Yes,Yes,Yes,Yes,"noindex, follow","noindex, follow",https://echobuddha.com/quotes/practice/the-path-is-not-far-away-it-is-the/,https://echobuddha.com/quotes/practice/the-path-is-not-far-away-it-is-the/,756,
https://echobuddha.com/quotes/practice/the-path-is-shaped-by-what-you-repeat-when/,/quotes/practice/the-path-is-shaped-by-what-you-repeat-when/,200,https://echobuddha.com/quotes/practice/the-path-is-shaped-by-what-you-repeat-when/,Yes,Yes,Yes,Yes,Yes,"noindex, follow","noindex, follow",https://echobuddha.com/quotes/practice/the-path-is-shaped-by-what-you-repeat-when/,https://echobuddha.com/quotes/practice/the-path-is-shaped-by-what-you-repeat-when/,777,
https://echobuddha.com/quotes/practice/the-smallest-wholesome-action-is-larger-than-the-finest/,/quotes/practice/the-smallest-wholesome-action-is-larger-than-the-finest/,200,https://echobuddha.com/quotes/practice/the-smallest-wholesome-action-is-larger-than-the-finest/,Yes,Yes,Yes,Yes,Yes,"noindex, follow","noindex, follow",https://echobuddha.com/quotes/practice/the-smallest-wholesome-action-is-larger-than-the-finest/,https://echobuddha.com/quotes/practice/the-smallest-wholesome-action-is-larger-than-the-finest/,79,
https://echobuddha.com/quotes/practice/walk-slowly-enough-to-notice-where-your-life-is/,/quotes/practice/walk-slowly-enough-to-notice-where-your-life-is/,200,https://echobuddha.com/quotes/practice/walk-slowly-enough-to-notice-where-your-life-is/,Yes,Yes,Yes,Yes,Yes,"noindex, follow","noindex, follow",https://echobuddha.com/quotes/practice/walk-slowly-enough-to-notice-where-your-life-is/,https://echobuddha.com/quotes/practice/walk-slowly-enough-to-notice-where-your-life-is/,110,
https://echobuddha.com/quotes/practice/your-next-response-is-always-part-of-the-path/,/quotes/practice/your-next-response-is-always-part-of-the-path/,200,https://echobuddha.com/quotes/practice/your-next-response-is-always-part-of-the-path/,Yes,Yes,Yes,Yes,Yes,"noindex, follow","noindex, follow",https://echobuddha.com/quotes/practice/your-next-response-is-always-part-of-the-path/,https://echobuddha.com/quotes/practice/your-next-response-is-always-part-of-the-path/,69,
https://echobuddha.com/quotes/renewal/a-mistake-becomes-a-teacher-when-honesty-enters-the/,/quotes/renewal/a-mistake-becomes-a-teacher-when-honesty-enters-the/,200,https://echobuddha.com/quotes/renewal/a-mistake-becomes-a-teacher-when-honesty-enters-the/,Yes,Yes,Yes,Yes,Yes,"noindex, follow","noindex, follow",https://echobuddha.com/quotes/renewal/a-mistake-becomes-a-teacher-when-honesty-enters-the/,https://echobuddha.com/quotes/renewal/a-mistake-becomes-a-teacher-when-honesty-enters-the/,69,
https://echobuddha.com/quotes/renewal/a-new-direction-can-start-with-one-different-choice/,/quotes/renewal/a-new-direction-can-start-with-one-different-choice/,200,https://echobuddha.com/quotes/renewal/a-new-direction-can-start-with-one-different-choice/,Yes,Yes,Yes,Yes,Yes,"noindex, follow","noindex, follow",https://echobuddha.com/quotes/renewal/a-new-direction-can-start-with-one-different-choice/,https://echobuddha.com/quotes/renewal/a-new-direction-can-start-with-one-different-choice/,155,
https://echobuddha.com/quotes/renewal/begin-again-gently-the-breath-is-always-willing/,/quotes/renewal/begin-again-gently-the-breath-is-always-willing/,200,https://echobuddha.com/quotes/renewal/begin-again-gently-the-breath-is-always-willing/,Yes,Yes,Yes,Yes,Yes,"noindex, follow","noindex, follow",https://echobuddha.com/quotes/renewal/begin-again-gently-the-breath-is-always-willing/,https://echobuddha.com/quotes/renewal/begin-again-gently-the-breath-is-always-willing/,94,
https://echobuddha.com/quotes/renewal/begin-again-without-shame/,/quotes/renewal/begin-again-without-shame/,200,https://echobuddha.com/quotes/renewal/begin-again-without-shame/,Yes,Yes,Yes,Yes,Yes,"index, follow (implicit)","index, follow (implicit)",https://echobuddha.com/quotes/renewal/begin-again-without-shame/,https://echobuddha.com/quotes/renewal/begin-again-without-shame/,79,
https://echobuddha.com/quotes/renewal/begin-again-without-turning-yesterday-into-a-sentence/,/quotes/renewal/begin-again-without-turning-yesterday-into-a-sentence/,200,https://echobuddha.com/quotes/renewal/begin-again-without-turning-yesterday-into-a-sentence/,Yes,Yes,Yes,Yes,Yes,"noindex, follow","noindex, follow",https://echobuddha.com/quotes/renewal/begin-again-without-turning-yesterday-into-a-sentence/,https://echobuddha.com/quotes/renewal/begin-again-without-turning-yesterday-into-a-sentence/,94,
https://echobuddha.com/quotes/renewal/do-not-confuse-an-old-pattern-with-an-unchangeable/,/quotes/renewal/do-not-confuse-an-old-pattern-with-an-unchangeable/,200,https://echobuddha.com/quotes/renewal/do-not-confuse-an-old-pattern-with-an-unchangeable/,Yes,Yes,Yes,Yes,Yes,"noindex, follow","noindex, follow",https://echobuddha.com/quotes/renewal/do-not-confuse-an-old-pattern-with-an-unchangeable/,https://echobuddha.com/quotes/renewal/do-not-confuse-an-old-pattern-with-an-unchangeable/,69,
https://echobuddha.com/quotes/renewal/each-conscious-breath-is-a-small-vote-for-beginning/,/quotes/renewal/each-conscious-breath-is-a-small-vote-for-beginning/,200,https://echobuddha.com/quotes/renewal/each-conscious-breath-is-a-small-vote-for-beginning/,Yes,Yes,Yes,Yes,Yes,"noindex, follow","noindex, follow",https://echobuddha.com/quotes/renewal/each-conscious-breath-is-a-small-vote-for-beginning/,https://echobuddha.com/quotes/renewal/each-conscious-breath-is-a-small-vote-for-beginning/,107,
https://echobuddha.com/quotes/renewal/evening-release-reflection/,/quotes/renewal/evening-release-reflection/,200,https://echobuddha.com/quotes/renewal/evening-release-reflection/,Yes,Yes,Yes,Yes,Yes,"index, follow (implicit)","index, follow (implicit)",https://echobuddha.com/quotes/renewal/evening-release-reflection/,https://echobuddha.com/quotes/renewal/evening-release-reflection/,682,
https://echobuddha.com/quotes/renewal/gentle-hope-keeps-walking/,/quotes/renewal/gentle-hope-keeps-walking/,200,https://echobuddha.com/quotes/renewal/gentle-hope-keeps-walking/,Yes,Yes,Yes,Yes,Yes,"index, follow (implicit)","index, follow (implicit)",https://echobuddha.com/quotes/renewal/gentle-hope-keeps-walking/,https://echobuddha.com/quotes/renewal/gentle-hope-keeps-walking/,526,
https://echobuddha.com/quotes/renewal/hope-can-be-quiet-and-still-keep-walking/,/quotes/renewal/hope-can-be-quiet-and-still-keep-walking/,200,https://echobuddha.com/quotes/renewal/hope-can-be-quiet-and-still-keep-walking/,Yes,Yes,Yes,Yes,Yes,"noindex, follow","noindex, follow",https://echobuddha.com/quotes/renewal/hope-can-be-quiet-and-still-keep-walking/,https://echobuddha.com/quotes/renewal/hope-can-be-quiet-and-still-keep-walking/,83,
https://echobuddha.com/quotes/renewal/,/quotes/renewal/,200,https://echobuddha.com/quotes/renewal/,Yes,Yes,Yes,Yes,Yes,"index, follow (implicit)","index, follow (implicit)",https://echobuddha.com/quotes/renewal/,https://echobuddha.com/quotes/renewal/,117,
https://echobuddha.com/quotes/renewal/morning-is-not-the-only-time-a-life-can/,/quotes/renewal/morning-is-not-the-only-time-a-life-can/,200,https://echobuddha.com/quotes/renewal/morning-is-not-the-only-time-a-life-can/,Yes,Yes,Yes,Yes,Yes,"noindex, follow","noindex, follow",https://echobuddha.com/quotes/renewal/morning-is-not-the-only-time-a-life-can/,https://echobuddha.com/quotes/renewal/morning-is-not-the-only-time-a-life-can/,71,
https://echobuddha.com/quotes/renewal/one-calm-morning-intention/,/quotes/renewal/one-calm-morning-intention/,200,https://echobuddha.com/quotes/renewal/one-calm-morning-intention/,Yes,Yes,Yes,Yes,Yes,"index, follow (implicit)","index, follow (implicit)",https://echobuddha.com/quotes/renewal/one-calm-morning-intention/,https://echobuddha.com/quotes/renewal/one-calm-morning-intention/,69,
https://echobuddha.com/quotes/renewal/repair-what-you-can-forgive-what-you-cannot-redo/,/quotes/renewal/repair-what-you-can-forgive-what-you-cannot-redo/,200,https://echobuddha.com/quotes/renewal/repair-what-you-can-forgive-what-you-cannot-redo/,Yes,Yes,Yes,Yes,Yes,"noindex, follow","noindex, follow",https://echobuddha.com/quotes/renewal/repair-what-you-can-forgive-what-you-cannot-redo/,https://echobuddha.com/quotes/renewal/repair-what-you-can-forgive-what-you-cannot-redo/,159,
https://echobuddha.com/quotes/renewal/the-path-welcomes-your-return-more-often-than-pride/,/quotes/renewal/the-path-welcomes-your-return-more-often-than-pride/,200,https://echobuddha.com/quotes/renewal/the-path-welcomes-your-return-more-often-than-pride/,Yes,Yes,Yes,Yes,Yes,"noindex, follow","noindex, follow",https://echobuddha.com/quotes/renewal/the-path-welcomes-your-return-more-often-than-pride/,https://echobuddha.com/quotes/renewal/the-path-welcomes-your-return-more-often-than-pride/,93,
https://echobuddha.com/quotes/renewal/you-are-allowed-to-learn-slowly-and-still-be/,/quotes/renewal/you-are-allowed-to-learn-slowly-and-still-be/,200,https://echobuddha.com/quotes/renewal/you-are-allowed-to-learn-slowly-and-still-be/,Yes,Yes,Yes,Yes,Yes,"noindex, follow","noindex, follow",https://echobuddha.com/quotes/renewal/you-are-allowed-to-learn-slowly-and-still-be/,https://echobuddha.com/quotes/renewal/you-are-allowed-to-learn-slowly-and-still-be/,81,
https://echobuddha.com/quotes/wisdom/a-clear-mind-can-hold-two-truths-without-rushing/,/quotes/wisdom/a-clear-mind-can-hold-two-truths-without-rushing/,200,https://echobuddha.com/quotes/wisdom/a-clear-mind-can-hold-two-truths-without-rushing/,Yes,Yes,Yes,Yes,Yes,"noindex, follow","noindex, follow",https://echobuddha.com/quotes/wisdom/a-clear-mind-can-hold-two-truths-without-rushing/,https://echobuddha.com/quotes/wisdom/a-clear-mind-can-hold-two-truths-without-rushing/,92,
https://echobuddha.com/quotes/wisdom/a-useful-truth-is-carried-with-humility-not-used/,/quotes/wisdom/a-useful-truth-is-carried-with-humility-not-used/,200,https://echobuddha.com/quotes/wisdom/a-useful-truth-is-carried-with-humility-not-used/,Yes,Yes,Yes,Yes,Yes,"noindex, follow","noindex, follow",https://echobuddha.com/quotes/wisdom/a-useful-truth-is-carried-with-humility-not-used/,https://echobuddha.com/quotes/wisdom/a-useful-truth-is-carried-with-humility-not-used/,74,
https://echobuddha.com/quotes/wisdom/contentment-with-what-is-here/,/quotes/wisdom/contentment-with-what-is-here/,200,https://echobuddha.com/quotes/wisdom/contentment-with-what-is-here/,Yes,Yes,Yes,Yes,Yes,"index, follow (implicit)","index, follow (implicit)",https://echobuddha.com/quotes/wisdom/contentment-with-what-is-here/,https://echobuddha.com/quotes/wisdom/contentment-with-what-is-here/,92,
https://echobuddha.com/quotes/wisdom/difficult-people-and-boundaries/,/quotes/wisdom/difficult-people-and-boundaries/,200,https://echobuddha.com/quotes/wisdom/difficult-people-and-boundaries/,Yes,Yes,Yes,Yes,Yes,"index, follow (implicit)","index, follow (implicit)",https://echobuddha.com/quotes/wisdom/difficult-people-and-boundaries/,https://echobuddha.com/quotes/wisdom/difficult-people-and-boundaries/,510,
https://echobuddha.com/quotes/wisdom/,/quotes/wisdom/,200,https://echobuddha.com/quotes/wisdom/,Yes,Yes,Yes,Yes,Yes,"index, follow (implicit)","index, follow (implicit)",https://echobuddha.com/quotes/wisdom/,https://echobuddha.com/quotes/wisdom/,486,
https://echobuddha.com/quotes/wisdom/karma-begins-in-intention/,/quotes/wisdom/karma-begins-in-intention/,200,https://echobuddha.com/quotes/wisdom/karma-begins-in-intention/,Yes,Yes,Yes,Yes,Yes,"index, follow (implicit)","index, follow (implicit)",https://echobuddha.com/quotes/wisdom/karma-begins-in-intention/,https://echobuddha.com/quotes/wisdom/karma-begins-in-intention/,80,
https://echobuddha.com/quotes/wisdom/knowing-when-not-to-speak-is-also-a-form/,/quotes/wisdom/knowing-when-not-to-speak-is-also-a-form/,200,https://echobuddha.com/quotes/wisdom/knowing-when-not-to-speak-is-also-a-form/,Yes,Yes,Yes,Yes,Yes,"noindex, follow","noindex, follow",https://echobuddha.com/quotes/wisdom/knowing-when-not-to-speak-is-also-a-form/,https://echobuddha.com/quotes/wisdom/knowing-when-not-to-speak-is-also-a-form/,95,
https://echobuddha.com/quotes/wisdom/learn-from-discomfort-without-turning-suffering-into-an-identity/,/quotes/wisdom/learn-from-discomfort-without-turning-suffering-into-an-identity/,200,https://echobuddha.com/quotes/wisdom/learn-from-discomfort-without-turning-suffering-into-an-identity/,Yes,Yes,Yes,Yes,Yes,"noindex, follow","noindex, follow",https://echobuddha.com/quotes/wisdom/learn-from-discomfort-without-turning-suffering-into-an-identity/,https://echobuddha.com/quotes/wisdom/learn-from-discomfort-without-turning-suffering-into-an-identity/,73,
https://echobuddha.com/quotes/wisdom/right-speech-with-kindness/,/quotes/wisdom/right-speech-with-kindness/,200,https://echobuddha.com/quotes/wisdom/right-speech-with-kindness/,Yes,Yes,Yes,Yes,Yes,"index, follow (implicit)","index, follow (implicit)",https://echobuddha.com/quotes/wisdom/right-speech-with-kindness/,https://echobuddha.com/quotes/wisdom/right-speech-with-kindness/,66,
https://echobuddha.com/quotes/wisdom/see-the-conditions-behind-an-action-and-blame-may/,/quotes/wisdom/see-the-conditions-behind-an-action-and-blame-may/,200,https://echobuddha.com/quotes/wisdom/see-the-conditions-behind-an-action-and-blame-may/,Yes,Yes,Yes,Yes,Yes,"noindex, follow","noindex, follow",https://echobuddha.com/quotes/wisdom/see-the-conditions-behind-an-action-and-blame-may/,https://echobuddha.com/quotes/wisdom/see-the-conditions-behind-an-action-and-blame-may/,119,
https://echobuddha.com/quotes/wisdom/simplicity-clears-the-room/,/quotes/wisdom/simplicity-clears-the-room/,200,https://echobuddha.com/quotes/wisdom/simplicity-clears-the-room/,Yes,Yes,Yes,Yes,Yes,"index, follow (implicit)","index, follow (implicit)",https://echobuddha.com/quotes/wisdom/simplicity-clears-the-room/,https://echobuddha.com/quotes/wisdom/simplicity-clears-the-room/,92,
https://echobuddha.com/quotes/wisdom/the-lesson-repeats-until-attention-replaces-habit/,/quotes/wisdom/the-lesson-repeats-until-attention-replaces-habit/,200,https://echobuddha.com/quotes/wisdom/the-lesson-repeats-until-attention-replaces-habit/,Yes,Yes,Yes,Yes,Yes,"noindex, follow","noindex, follow",https://echobuddha.com/quotes/wisdom/the-lesson-repeats-until-attention-replaces-habit/,https://echobuddha.com/quotes/wisdom/the-lesson-repeats-until-attention-replaces-habit/,76,
https://echobuddha.com/quotes/wisdom/the-wise-heart-changes-course-when-clearer-seeing-arrives/,/quotes/wisdom/the-wise-heart-changes-course-when-clearer-seeing-arrives/,200,https://echobuddha.com/quotes/wisdom/the-wise-heart-changes-course-when-clearer-seeing-arrives/,Yes,Yes,Yes,Yes,Yes,"noindex, follow","noindex, follow",https://echobuddha.com/quotes/wisdom/the-wise-heart-changes-course-when-clearer-seeing-arrives/,https://echobuddha.com/quotes/wisdom/the-wise-heart-changes-course-when-clearer-seeing-arrives/,87,
https://echobuddha.com/quotes/wisdom/understanding-suffering-honestly/,/quotes/wisdom/understanding-suffering-honestly/,200,https://echobuddha.com/quotes/wisdom/understanding-suffering-honestly/,Yes,Yes,Yes,Yes,Yes,"index, follow (implicit)","index, follow (implicit)",https://echobuddha.com/quotes/wisdom/understanding-suffering-honestly/,https://echobuddha.com/quotes/wisdom/understanding-suffering-honestly/,71,
https://echobuddha.com/quotes/wisdom/what-feels-urgent-is-not-always-what-matters-most/,/quotes/wisdom/what-feels-urgent-is-not-always-what-matters-most/,200,https://echobuddha.com/quotes/wisdom/what-feels-urgent-is-not-always-what-matters-most/,Yes,Yes,Yes,Yes,Yes,"noindex, follow","noindex, follow",https://echobuddha.com/quotes/wisdom/what-feels-urgent-is-not-always-what-matters-most/,https://echobuddha.com/quotes/wisdom/what-feels-urgent-is-not-always-what-matters-most/,91,
https://echobuddha.com/quotes/wisdom/wisdom-is-less-interested-in-winning-than-in-ending/,/quotes/wisdom/wisdom-is-less-interested-in-winning-than-in-ending/,200,https://echobuddha.com/quotes/wisdom/wisdom-is-less-interested-in-winning-than-in-ending/,Yes,Yes,Yes,Yes,Yes,"noindex, follow","noindex, follow",https://echobuddha.com/quotes/wisdom/wisdom-is-less-interested-in-winning-than-in-ending/,https://echobuddha.com/quotes/wisdom/wisdom-is-less-interested-in-winning-than-in-ending/,540,
https://echobuddha.com/quotes/wisdom/wisdom-is-the-art-of-meeting-life-without-adding/,/quotes/wisdom/wisdom-is-the-art-of-meeting-life-without-adding/,200,https://echobuddha.com/quotes/wisdom/wisdom-is-the-art-of-meeting-life-without-adding/,Yes,Yes,Yes,Yes,Yes,"noindex, follow","noindex, follow",https://echobuddha.com/quotes/wisdom/wisdom-is-the-art-of-meeting-life-without-adding/,https://echobuddha.com/quotes/wisdom/wisdom-is-the-art-of-meeting-life-without-adding/,517,
https://echobuddha.com/quotes/wisdom/wisdom-sees-clearly/,/quotes/wisdom/wisdom-sees-clearly/,200,https://echobuddha.com/quotes/wisdom/wisdom-sees-clearly/,Yes,Yes,Yes,Yes,Yes,"index, follow (implicit)","index, follow (implicit)",https://echobuddha.com/quotes/wisdom/wisdom-sees-clearly/,https://echobuddha.com/quotes/wisdom/wisdom-sees-clearly/,81,
https://echobuddha.com/quotes/wisdom/wisdom-sees-the-whole-fire-not-only-the-spark/,/quotes/wisdom/wisdom-sees-the-whole-fire-not-only-the-spark/,200,https://echobuddha.com/quotes/wisdom/wisdom-sees-the-whole-fire-not-only-the-spark/,Yes,Yes,Yes,Yes,Yes,"noindex, follow","noindex, follow",https://echobuddha.com/quotes/wisdom/wisdom-sees-the-whole-fire-not-only-the-spark/,https://echobuddha.com/quotes/wisdom/wisdom-sees-the-whole-fire-not-only-the-spark/,95,
https://echobuddha.com/quotes/wisdom/wise-silence/,/quotes/wisdom/wise-silence/,200,https://echobuddha.com/quotes/wisdom/wise-silence/,Yes,Yes,Yes,Yes,Yes,"index, follow (implicit)","index, follow (implicit)",https://echobuddha.com/quotes/wisdom/wise-silence/,https://echobuddha.com/quotes/wisdom/wise-silence/,68,
https://echobuddha.com/search/,/search/,200,https://echobuddha.com/search/,Yes,Yes,Yes,Yes,Yes,"noindex, follow","noindex, follow",https://echobuddha.com/search/,https://echobuddha.com/search/,61,
https://echobuddha.com/start-here/,/start-here/,200,https://echobuddha.com/start-here/,Yes,Yes,Yes,Yes,Yes,"index, follow (implicit)","index, follow (implicit)",https://echobuddha.com/start-here/,https://echobuddha.com/start-here/,94,
https://echobuddha.com/terms-of-use/,/terms-of-use/,200,https://echobuddha.com/terms-of-use/,Yes,Yes,Yes,Yes,Yes,"index, follow (implicit)","index, follow (implicit)",https://echobuddha.com/terms-of-use/,https://echobuddha.com/terms-of-use/,84,
https://echobuddha.com/tools/,/tools/,200,https://echobuddha.com/tools/,Yes,Yes,Yes,Yes,Yes,"index, follow (implicit)","index, follow (implicit)",https://echobuddha.com/tools/,https://echobuddha.com/tools/,81,
