URL,before author,after author,before author URL,after author URL,before source status,after source status,dates corrected?,schema corrected?,trust-page relationship,reason
https://echobuddha.com/about/,NO_BYLINE_EXPECTED,NO_BYLINE_EXPECTED,NOT_APPLICABLE,NOT_APPLICABLE,TRUST_POLICY_PRESENT,SOURCE_CONTEXT_PRESENT; INTERNAL_ROLE_LANGUAGE_REMOVED,NOT_APPLICABLE,NO_SCHEMA_CHANGE_REQUIRED,/editorial-policy/ via page or footer,Align public language and date semantics with truthful governance
https://echobuddha.com/articles/beginning-a-daily-mindfulness-practice/,Echo Buddha Editorial,Echo Buddha Editorial,/authors/echo-buddha-editorial/,/authors/echo-buddha-editorial/,SOURCE_CONTEXT_PRESENT; INTERNAL_ROLE_LANGUAGE_VISIBLE_ON_SOME_TEMPLATES,SOURCE_CONTEXT_PRESENT; INTERNAL_ROLE_LANGUAGE_REMOVED,VISIBLE_LABEL_REVIEWED_TO_UPDATED; DATE_VALUES_UNCHANGED,NO_SCHEMA_CHANGE_REQUIRED,/authors/echo-buddha-editorial/,Align public language and date semantics with truthful governance
https://echobuddha.com/articles/buddhism-for-beginners-simple-guide/,Echo Buddha Editorial,Echo Buddha Editorial,/authors/echo-buddha-editorial/,/authors/echo-buddha-editorial/,SOURCE_CONTEXT_PRESENT; INTERNAL_ROLE_LANGUAGE_VISIBLE_ON_SOME_TEMPLATES,SOURCE_CONTEXT_PRESENT; INTERNAL_ROLE_LANGUAGE_REMOVED,VISIBLE_LABEL_REVIEWED_TO_UPDATED; DATE_VALUES_UNCHANGED,NO_SCHEMA_CHANGE_REQUIRED,/authors/echo-buddha-editorial/,Align public language and date semantics with truthful governance
https://echobuddha.com/articles/buddhist-approach-to-anger/,Echo Buddha Editorial,Echo Buddha Editorial,/authors/echo-buddha-editorial/,/authors/echo-buddha-editorial/,SOURCE_CONTEXT_PRESENT; INTERNAL_ROLE_LANGUAGE_VISIBLE_ON_SOME_TEMPLATES,SOURCE_CONTEXT_PRESENT; INTERNAL_ROLE_LANGUAGE_REMOVED,VISIBLE_LABEL_REVIEWED_TO_UPDATED; DATE_VALUES_UNCHANGED,NO_SCHEMA_CHANGE_REQUIRED,/authors/echo-buddha-editorial/,Align public language and date semantics with truthful governance
https://echobuddha.com/articles/buddhist-gratitude-practice/,Echo Buddha Editorial,Echo Buddha Editorial,/authors/echo-buddha-editorial/,/authors/echo-buddha-editorial/,SOURCE_CONTEXT_PRESENT; INTERNAL_ROLE_LANGUAGE_VISIBLE_ON_SOME_TEMPLATES,SOURCE_CONTEXT_PRESENT; INTERNAL_ROLE_LANGUAGE_REMOVED,VISIBLE_LABEL_REVIEWED_TO_UPDATED; DATE_VALUES_UNCHANGED,NO_SCHEMA_CHANGE_REQUIRED,/authors/echo-buddha-editorial/,Align public language and date semantics with truthful governance
https://echobuddha.com/articles/buddhist-teachings-on-forgiveness/,Echo Buddha Editorial,Echo Buddha Editorial,/authors/echo-buddha-editorial/,/authors/echo-buddha-editorial/,SOURCE_CONTEXT_PRESENT; INTERNAL_ROLE_LANGUAGE_VISIBLE_ON_SOME_TEMPLATES,SOURCE_CONTEXT_PRESENT; INTERNAL_ROLE_LANGUAGE_REMOVED,VISIBLE_LABEL_REVIEWED_TO_UPDATED; DATE_VALUES_UNCHANGED,NO_SCHEMA_CHANGE_REQUIRED,/authors/echo-buddha-editorial/,Align public language and date semantics with truthful governance
https://echobuddha.com/articles/buddhist-teachings-on-impermanence/,Echo Buddha Editorial,Echo Buddha Editorial,/authors/echo-buddha-editorial/,/authors/echo-buddha-editorial/,SOURCE_CONTEXT_PRESENT; INTERNAL_ROLE_LANGUAGE_VISIBLE_ON_SOME_TEMPLATES,SOURCE_CONTEXT_PRESENT; INTERNAL_ROLE_LANGUAGE_REMOVED,VISIBLE_LABEL_REVIEWED_TO_UPDATED; DATE_VALUES_UNCHANGED,NO_SCHEMA_CHANGE_REQUIRED,/authors/echo-buddha-editorial/,Align public language and date semantics with truthful governance
https://echobuddha.com/articles/buddhist-wisdom-for-overthinking/,Echo Buddha Editorial,Echo Buddha Editorial,/authors/echo-buddha-editorial/,/authors/echo-buddha-editorial/,SOURCE_CONTEXT_PRESENT; INTERNAL_ROLE_LANGUAGE_VISIBLE_ON_SOME_TEMPLATES,SOURCE_CONTEXT_PRESENT; INTERNAL_ROLE_LANGUAGE_REMOVED,VISIBLE_LABEL_REVIEWED_TO_UPDATED; DATE_VALUES_UNCHANGED,NO_SCHEMA_CHANGE_REQUIRED,/authors/echo-buddha-editorial/,Align public language and date semantics with truthful governance
https://echobuddha.com/articles/compassion-as-a-daily-discipline/,Echo Buddha Editorial,Echo Buddha Editorial,/authors/echo-buddha-editorial/,/authors/echo-buddha-editorial/,SOURCE_CONTEXT_PRESENT; INTERNAL_ROLE_LANGUAGE_VISIBLE_ON_SOME_TEMPLATES,SOURCE_CONTEXT_PRESENT; INTERNAL_ROLE_LANGUAGE_REMOVED,VISIBLE_LABEL_REVIEWED_TO_UPDATED; DATE_VALUES_UNCHANGED,NO_SCHEMA_CHANGE_REQUIRED,/authors/echo-buddha-editorial/,Align public language and date semantics with truthful governance
https://echobuddha.com/articles/compassion-in-buddhism-beginner-guide/,Echo Buddha Editorial,Echo Buddha Editorial,/authors/echo-buddha-editorial/,/authors/echo-buddha-editorial/,SOURCE_CONTEXT_PRESENT; INTERNAL_ROLE_LANGUAGE_VISIBLE_ON_SOME_TEMPLATES,SOURCE_CONTEXT_PRESENT; INTERNAL_ROLE_LANGUAGE_REMOVED,VISIBLE_LABEL_REVIEWED_TO_UPDATED; DATE_VALUES_UNCHANGED,NO_SCHEMA_CHANGE_REQUIRED,/authors/echo-buddha-editorial/,Align public language and date semantics with truthful governance
https://echobuddha.com/articles/compassion-with-boundaries/,Echo Buddha Editorial,Echo Buddha Editorial,/authors/echo-buddha-editorial/,/authors/echo-buddha-editorial/,SOURCE_CONTEXT_PRESENT; INTERNAL_ROLE_LANGUAGE_VISIBLE_ON_SOME_TEMPLATES,SOURCE_CONTEXT_PRESENT; INTERNAL_ROLE_LANGUAGE_REMOVED,VISIBLE_LABEL_REVIEWED_TO_UPDATED; DATE_VALUES_UNCHANGED,NO_SCHEMA_CHANGE_REQUIRED,/authors/echo-buddha-editorial/,Align public language and date semantics with truthful governance
https://echobuddha.com/articles/creating-a-peaceful-corner-at-home/,Echo Buddha Editorial,Echo Buddha Editorial,/authors/echo-buddha-editorial/,/authors/echo-buddha-editorial/,SOURCE_CONTEXT_PRESENT; INTERNAL_ROLE_LANGUAGE_VISIBLE_ON_SOME_TEMPLATES,SOURCE_CONTEXT_PRESENT; INTERNAL_ROLE_LANGUAGE_REMOVED,VISIBLE_LABEL_REVIEWED_TO_UPDATED; DATE_VALUES_UNCHANGED,NO_SCHEMA_CHANGE_REQUIRED,/authors/echo-buddha-editorial/,Align public language and date semantics with truthful governance
https://echobuddha.com/articles/dhamma-vs-dharma/,Echo Buddha Editorial,Echo Buddha Editorial,/authors/echo-buddha-editorial/,/authors/echo-buddha-editorial/,SOURCE_CONTEXT_PRESENT; INTERNAL_ROLE_LANGUAGE_VISIBLE_ON_SOME_TEMPLATES,SOURCE_CONTEXT_PRESENT; INTERNAL_ROLE_LANGUAGE_REMOVED,VISIBLE_LABEL_REVIEWED_TO_UPDATED; DATE_VALUES_UNCHANGED,NO_SCHEMA_CHANGE_REQUIRED,/authors/echo-buddha-editorial/,Align public language and date semantics with truthful governance
https://echobuddha.com/articles/dhammapada-reflection-trained-mind/,Echo Buddha Editorial,Echo Buddha Editorial,/authors/echo-buddha-editorial/,/authors/echo-buddha-editorial/,SOURCE_CONTEXT_PRESENT; INTERNAL_ROLE_LANGUAGE_VISIBLE_ON_SOME_TEMPLATES,SOURCE_CONTEXT_PRESENT; INTERNAL_ROLE_LANGUAGE_REMOVED,VISIBLE_LABEL_REVIEWED_TO_UPDATED; DATE_VALUES_UNCHANGED,NO_SCHEMA_CHANGE_REQUIRED,/authors/echo-buddha-editorial/,Align public language and date semantics with truthful governance
https://echobuddha.com/articles/dhammapada-reflection-what-we-think/,Echo Buddha Editorial,Echo Buddha Editorial,/authors/echo-buddha-editorial/,/authors/echo-buddha-editorial/,SOURCE_CONTEXT_PRESENT; INTERNAL_ROLE_LANGUAGE_VISIBLE_ON_SOME_TEMPLATES,SOURCE_CONTEXT_PRESENT; INTERNAL_ROLE_LANGUAGE_REMOVED,VISIBLE_LABEL_REVIEWED_TO_UPDATED; DATE_VALUES_UNCHANGED,NO_SCHEMA_CHANGE_REQUIRED,/authors/echo-buddha-editorial/,Align public language and date semantics with truthful governance
https://echobuddha.com/articles/dhammapada-verse-1-meaning/,Echo Buddha Editorial,Echo Buddha Editorial,/authors/echo-buddha-editorial/,/authors/echo-buddha-editorial/,SOURCE_CONTEXT_PRESENT; INTERNAL_ROLE_LANGUAGE_VISIBLE_ON_SOME_TEMPLATES,SOURCE_CONTEXT_PRESENT; INTERNAL_ROLE_LANGUAGE_REMOVED,VISIBLE_LABEL_REVIEWED_TO_UPDATED; DATE_VALUES_UNCHANGED,NO_SCHEMA_CHANGE_REQUIRED,/authors/echo-buddha-editorial/,Align public language and date semantics with truthful governance
https://echobuddha.com/articles/eightfold-path-explained-daily-life/,Echo Buddha Editorial,Echo Buddha Editorial,/authors/echo-buddha-editorial/,/authors/echo-buddha-editorial/,SOURCE_CONTEXT_PRESENT; INTERNAL_ROLE_LANGUAGE_VISIBLE_ON_SOME_TEMPLATES,SOURCE_CONTEXT_PRESENT; INTERNAL_ROLE_LANGUAGE_REMOVED,VISIBLE_LABEL_REVIEWED_TO_UPDATED; DATE_VALUES_UNCHANGED,NO_SCHEMA_CHANGE_REQUIRED,/authors/echo-buddha-editorial/,Align public language and date semantics with truthful governance
https://echobuddha.com/articles/eightfold-path-explained/,Echo Buddha Editorial,Echo Buddha Editorial,/authors/echo-buddha-editorial/,/authors/echo-buddha-editorial/,SOURCE_CONTEXT_PRESENT; INTERNAL_ROLE_LANGUAGE_VISIBLE_ON_SOME_TEMPLATES,SOURCE_CONTEXT_PRESENT; INTERNAL_ROLE_LANGUAGE_REMOVED,VISIBLE_LABEL_REVIEWED_TO_UPDATED; DATE_VALUES_UNCHANGED,NO_SCHEMA_CHANGE_REQUIRED,/authors/echo-buddha-editorial/,Align public language and date semantics with truthful governance
https://echobuddha.com/articles/equanimity-in-buddhism/,Echo Buddha Editorial,Echo Buddha Editorial,/authors/echo-buddha-editorial/,/authors/echo-buddha-editorial/,SOURCE_CONTEXT_PRESENT; INTERNAL_ROLE_LANGUAGE_VISIBLE_ON_SOME_TEMPLATES,SOURCE_CONTEXT_PRESENT; INTERNAL_ROLE_LANGUAGE_REMOVED,VISIBLE_LABEL_REVIEWED_TO_UPDATED; DATE_VALUES_UNCHANGED,NO_SCHEMA_CHANGE_REQUIRED,/authors/echo-buddha-editorial/,Align public language and date semantics with truthful governance
https://echobuddha.com/articles/first-week-buddhist-practice/,Echo Buddha Editorial,Echo Buddha Editorial,/authors/echo-buddha-editorial/,/authors/echo-buddha-editorial/,SOURCE_CONTEXT_PRESENT; INTERNAL_ROLE_LANGUAGE_VISIBLE_ON_SOME_TEMPLATES,SOURCE_CONTEXT_PRESENT; INTERNAL_ROLE_LANGUAGE_REMOVED,VISIBLE_LABEL_REVIEWED_TO_UPDATED; DATE_VALUES_UNCHANGED,NO_SCHEMA_CHANGE_REQUIRED,/authors/echo-buddha-editorial/,Align public language and date semantics with truthful governance
https://echobuddha.com/articles/five-precepts-in-daily-life/,Echo Buddha Editorial,Echo Buddha Editorial,/authors/echo-buddha-editorial/,/authors/echo-buddha-editorial/,SOURCE_CONTEXT_PRESENT; INTERNAL_ROLE_LANGUAGE_VISIBLE_ON_SOME_TEMPLATES,SOURCE_CONTEXT_PRESENT; INTERNAL_ROLE_LANGUAGE_REMOVED,VISIBLE_LABEL_REVIEWED_TO_UPDATED; DATE_VALUES_UNCHANGED,NO_SCHEMA_CHANGE_REQUIRED,/authors/echo-buddha-editorial/,Align public language and date semantics with truthful governance
https://echobuddha.com/articles/four-noble-truths-explained-simply/,Echo Buddha Editorial,Echo Buddha Editorial,/authors/echo-buddha-editorial/,/authors/echo-buddha-editorial/,SOURCE_CONTEXT_PRESENT; INTERNAL_ROLE_LANGUAGE_VISIBLE_ON_SOME_TEMPLATES,SOURCE_CONTEXT_PRESENT; INTERNAL_ROLE_LANGUAGE_REMOVED,VISIBLE_LABEL_REVIEWED_TO_UPDATED; DATE_VALUES_UNCHANGED,NO_SCHEMA_CHANGE_REQUIRED,/authors/echo-buddha-editorial/,Align public language and date semantics with truthful governance
https://echobuddha.com/articles/four-noble-truths-explained/,Echo Buddha Editorial,Echo Buddha Editorial,/authors/echo-buddha-editorial/,/authors/echo-buddha-editorial/,SOURCE_CONTEXT_PRESENT; INTERNAL_ROLE_LANGUAGE_VISIBLE_ON_SOME_TEMPLATES,SOURCE_CONTEXT_PRESENT; INTERNAL_ROLE_LANGUAGE_REMOVED,VISIBLE_LABEL_REVIEWED_TO_UPDATED; DATE_VALUES_UNCHANGED,NO_SCHEMA_CHANGE_REQUIRED,/authors/echo-buddha-editorial/,Align public language and date semantics with truthful governance
https://echobuddha.com/articles/how-to-let-go-of-attachment-in-buddhism/,Echo Buddha Editorial,Echo Buddha Editorial,/authors/echo-buddha-editorial/,/authors/echo-buddha-editorial/,SOURCE_CONTEXT_PRESENT; INTERNAL_ROLE_LANGUAGE_VISIBLE_ON_SOME_TEMPLATES,SOURCE_CONTEXT_PRESENT; INTERNAL_ROLE_LANGUAGE_REMOVED,VISIBLE_LABEL_REVIEWED_TO_UPDATED; DATE_VALUES_UNCHANGED,NO_SCHEMA_CHANGE_REQUIRED,/authors/echo-buddha-editorial/,Align public language and date semantics with truthful governance
https://echobuddha.com/articles/how-to-meditate-for-anxiety/,Echo Buddha Editorial,Echo Buddha Editorial,/authors/echo-buddha-editorial/,/authors/echo-buddha-editorial/,SOURCE_CONTEXT_PRESENT; INTERNAL_ROLE_LANGUAGE_VISIBLE_ON_SOME_TEMPLATES,SOURCE_CONTEXT_PRESENT; INTERNAL_ROLE_LANGUAGE_REMOVED,VISIBLE_LABEL_REVIEWED_TO_UPDATED; DATE_VALUES_UNCHANGED,NO_SCHEMA_CHANGE_REQUIRED,/authors/echo-buddha-editorial/,Align public language and date semantics with truthful governance
https://echobuddha.com/articles/how-to-meditate-for-beginners/,Echo Buddha Editorial,Echo Buddha Editorial,/authors/echo-buddha-editorial/,/authors/echo-buddha-editorial/,SOURCE_CONTEXT_PRESENT; INTERNAL_ROLE_LANGUAGE_VISIBLE_ON_SOME_TEMPLATES,SOURCE_CONTEXT_PRESENT; INTERNAL_ROLE_LANGUAGE_REMOVED,VISIBLE_LABEL_REVIEWED_TO_UPDATED; DATE_VALUES_UNCHANGED,NO_SCHEMA_CHANGE_REQUIRED,/authors/echo-buddha-editorial/,Align public language and date semantics with truthful governance
https://echobuddha.com/articles/impermanence-in-buddhism-letting-go/,Echo Buddha Editorial,Echo Buddha Editorial,/authors/echo-buddha-editorial/,/authors/echo-buddha-editorial/,SOURCE_CONTEXT_PRESENT; INTERNAL_ROLE_LANGUAGE_VISIBLE_ON_SOME_TEMPLATES,SOURCE_CONTEXT_PRESENT; INTERNAL_ROLE_LANGUAGE_REMOVED,VISIBLE_LABEL_REVIEWED_TO_UPDATED; DATE_VALUES_UNCHANGED,NO_SCHEMA_CHANGE_REQUIRED,/authors/echo-buddha-editorial/,Align public language and date semantics with truthful governance
https://echobuddha.com/articles/impermanence-in-buddhism/,Echo Buddha Editorial,Echo Buddha Editorial,/authors/echo-buddha-editorial/,/authors/echo-buddha-editorial/,SOURCE_CONTEXT_PRESENT; INTERNAL_ROLE_LANGUAGE_VISIBLE_ON_SOME_TEMPLATES,SOURCE_CONTEXT_PRESENT; INTERNAL_ROLE_LANGUAGE_REMOVED,VISIBLE_LABEL_REVIEWED_TO_UPDATED; DATE_VALUES_UNCHANGED,NO_SCHEMA_CHANGE_REQUIRED,/authors/echo-buddha-editorial/,Align public language and date semantics with truthful governance
https://echobuddha.com/articles/loving-kindness-meditation-beginners/,Echo Buddha Editorial,Echo Buddha Editorial,/authors/echo-buddha-editorial/,/authors/echo-buddha-editorial/,SOURCE_CONTEXT_PRESENT; INTERNAL_ROLE_LANGUAGE_VISIBLE_ON_SOME_TEMPLATES,SOURCE_CONTEXT_PRESENT; INTERNAL_ROLE_LANGUAGE_REMOVED,VISIBLE_LABEL_REVIEWED_TO_UPDATED; DATE_VALUES_UNCHANGED,NO_SCHEMA_CHANGE_REQUIRED,/authors/echo-buddha-editorial/,Align public language and date semantics with truthful governance
https://echobuddha.com/articles/loving-kindness-meditation-guide/,Echo Buddha Editorial,Echo Buddha Editorial,/authors/echo-buddha-editorial/,/authors/echo-buddha-editorial/,SOURCE_CONTEXT_PRESENT; INTERNAL_ROLE_LANGUAGE_VISIBLE_ON_SOME_TEMPLATES,SOURCE_CONTEXT_PRESENT; INTERNAL_ROLE_LANGUAGE_REMOVED,VISIBLE_LABEL_REVIEWED_TO_UPDATED; DATE_VALUES_UNCHANGED,NO_SCHEMA_CHANGE_REQUIRED,/authors/echo-buddha-editorial/,Align public language and date semantics with truthful governance
https://echobuddha.com/articles/metta-meditation-script/,Echo Buddha Editorial,Echo Buddha Editorial,/authors/echo-buddha-editorial/,/authors/echo-buddha-editorial/,SOURCE_CONTEXT_PRESENT; INTERNAL_ROLE_LANGUAGE_VISIBLE_ON_SOME_TEMPLATES,SOURCE_CONTEXT_PRESENT; INTERNAL_ROLE_LANGUAGE_REMOVED,VISIBLE_LABEL_REVIEWED_TO_UPDATED; DATE_VALUES_UNCHANGED,NO_SCHEMA_CHANGE_REQUIRED,/authors/echo-buddha-editorial/,Align public language and date semantics with truthful governance
https://echobuddha.com/articles/mindful-email-and-texting/,Echo Buddha Editorial,Echo Buddha Editorial,/authors/echo-buddha-editorial/,/authors/echo-buddha-editorial/,SOURCE_CONTEXT_PRESENT; INTERNAL_ROLE_LANGUAGE_VISIBLE_ON_SOME_TEMPLATES,SOURCE_CONTEXT_PRESENT; INTERNAL_ROLE_LANGUAGE_REMOVED,VISIBLE_LABEL_REVIEWED_TO_UPDATED; DATE_VALUES_UNCHANGED,NO_SCHEMA_CHANGE_REQUIRED,/authors/echo-buddha-editorial/,Align public language and date semantics with truthful governance
https://echobuddha.com/articles/mindful-listening-in-everyday-life/,Echo Buddha Editorial,Echo Buddha Editorial,/authors/echo-buddha-editorial/,/authors/echo-buddha-editorial/,SOURCE_CONTEXT_PRESENT; INTERNAL_ROLE_LANGUAGE_VISIBLE_ON_SOME_TEMPLATES,SOURCE_CONTEXT_PRESENT; INTERNAL_ROLE_LANGUAGE_REMOVED,VISIBLE_LABEL_REVIEWED_TO_UPDATED; DATE_VALUES_UNCHANGED,NO_SCHEMA_CHANGE_REQUIRED,/authors/echo-buddha-editorial/,Align public language and date semantics with truthful governance
https://echobuddha.com/articles/mindfulness-for-better-sleep/,Echo Buddha Editorial,Echo Buddha Editorial,/authors/echo-buddha-editorial/,/authors/echo-buddha-editorial/,SOURCE_CONTEXT_PRESENT; INTERNAL_ROLE_LANGUAGE_VISIBLE_ON_SOME_TEMPLATES,SOURCE_CONTEXT_PRESENT; INTERNAL_ROLE_LANGUAGE_REMOVED,VISIBLE_LABEL_REVIEWED_TO_UPDATED; DATE_VALUES_UNCHANGED,NO_SCHEMA_CHANGE_REQUIRED,/authors/echo-buddha-editorial/,Align public language and date semantics with truthful governance
https://echobuddha.com/articles/mindfulness-morning-routine/,Echo Buddha Editorial,Echo Buddha Editorial,/authors/echo-buddha-editorial/,/authors/echo-buddha-editorial/,SOURCE_CONTEXT_PRESENT; INTERNAL_ROLE_LANGUAGE_VISIBLE_ON_SOME_TEMPLATES,SOURCE_CONTEXT_PRESENT; INTERNAL_ROLE_LANGUAGE_REMOVED,VISIBLE_LABEL_REVIEWED_TO_UPDATED; DATE_VALUES_UNCHANGED,NO_SCHEMA_CHANGE_REQUIRED,/authors/echo-buddha-editorial/,Align public language and date semantics with truthful governance
https://echobuddha.com/articles/mindfulness-of-breathing-guide/,Echo Buddha Editorial,Echo Buddha Editorial,/authors/echo-buddha-editorial/,/authors/echo-buddha-editorial/,SOURCE_CONTEXT_PRESENT; INTERNAL_ROLE_LANGUAGE_VISIBLE_ON_SOME_TEMPLATES,SOURCE_CONTEXT_PRESENT; INTERNAL_ROLE_LANGUAGE_REMOVED,VISIBLE_LABEL_REVIEWED_TO_UPDATED; DATE_VALUES_UNCHANGED,NO_SCHEMA_CHANGE_REQUIRED,/authors/echo-buddha-editorial/,Align public language and date semantics with truthful governance
https://echobuddha.com/articles/mindfulness-vs-meditation/,Echo Buddha Editorial,Echo Buddha Editorial,/authors/echo-buddha-editorial/,/authors/echo-buddha-editorial/,SOURCE_CONTEXT_PRESENT; INTERNAL_ROLE_LANGUAGE_VISIBLE_ON_SOME_TEMPLATES,SOURCE_CONTEXT_PRESENT; INTERNAL_ROLE_LANGUAGE_REMOVED,VISIBLE_LABEL_REVIEWED_TO_UPDATED; DATE_VALUES_UNCHANGED,NO_SCHEMA_CHANGE_REQUIRED,/authors/echo-buddha-editorial/,Align public language and date semantics with truthful governance
https://echobuddha.com/articles/noble-eightfold-path-practical-guide/,Echo Buddha Editorial,Echo Buddha Editorial,/authors/echo-buddha-editorial/,/authors/echo-buddha-editorial/,SOURCE_CONTEXT_PRESENT; INTERNAL_ROLE_LANGUAGE_VISIBLE_ON_SOME_TEMPLATES,SOURCE_CONTEXT_PRESENT; INTERNAL_ROLE_LANGUAGE_REMOVED,VISIBLE_LABEL_REVIEWED_TO_UPDATED; DATE_VALUES_UNCHANGED,NO_SCHEMA_CHANGE_REQUIRED,/authors/echo-buddha-editorial/,Align public language and date semantics with truthful governance
https://echobuddha.com/articles/non-attachment-in-relationships/,Echo Buddha Editorial,Echo Buddha Editorial,/authors/echo-buddha-editorial/,/authors/echo-buddha-editorial/,SOURCE_CONTEXT_PRESENT; INTERNAL_ROLE_LANGUAGE_VISIBLE_ON_SOME_TEMPLATES,SOURCE_CONTEXT_PRESENT; INTERNAL_ROLE_LANGUAGE_REMOVED,VISIBLE_LABEL_REVIEWED_TO_UPDATED; DATE_VALUES_UNCHANGED,NO_SCHEMA_CHANGE_REQUIRED,/authors/echo-buddha-editorial/,Align public language and date semantics with truthful governance
https://echobuddha.com/articles/right-livelihood-modern-life/,Echo Buddha Editorial,Echo Buddha Editorial,/authors/echo-buddha-editorial/,/authors/echo-buddha-editorial/,SOURCE_CONTEXT_PRESENT; INTERNAL_ROLE_LANGUAGE_VISIBLE_ON_SOME_TEMPLATES,SOURCE_CONTEXT_PRESENT; INTERNAL_ROLE_LANGUAGE_REMOVED,VISIBLE_LABEL_REVIEWED_TO_UPDATED; DATE_VALUES_UNCHANGED,NO_SCHEMA_CHANGE_REQUIRED,/authors/echo-buddha-editorial/,Align public language and date semantics with truthful governance
https://echobuddha.com/articles/right-speech-buddhism/,Echo Buddha Editorial,Echo Buddha Editorial,/authors/echo-buddha-editorial/,/authors/echo-buddha-editorial/,SOURCE_CONTEXT_PRESENT; INTERNAL_ROLE_LANGUAGE_VISIBLE_ON_SOME_TEMPLATES,SOURCE_CONTEXT_PRESENT; INTERNAL_ROLE_LANGUAGE_REMOVED,VISIBLE_LABEL_REVIEWED_TO_UPDATED; DATE_VALUES_UNCHANGED,NO_SCHEMA_CHANGE_REQUIRED,/authors/echo-buddha-editorial/,Align public language and date semantics with truthful governance
https://echobuddha.com/articles/right-speech-examples/,Echo Buddha Editorial,Echo Buddha Editorial,/authors/echo-buddha-editorial/,/authors/echo-buddha-editorial/,SOURCE_CONTEXT_PRESENT; INTERNAL_ROLE_LANGUAGE_VISIBLE_ON_SOME_TEMPLATES,SOURCE_CONTEXT_PRESENT; INTERNAL_ROLE_LANGUAGE_REMOVED,VISIBLE_LABEL_REVIEWED_TO_UPDATED; DATE_VALUES_UNCHANGED,NO_SCHEMA_CHANGE_REQUIRED,/authors/echo-buddha-editorial/,Align public language and date semantics with truthful governance
https://echobuddha.com/articles/three-poisons-buddhism-explained/,Echo Buddha Editorial,Echo Buddha Editorial,/authors/echo-buddha-editorial/,/authors/echo-buddha-editorial/,SOURCE_CONTEXT_PRESENT; INTERNAL_ROLE_LANGUAGE_VISIBLE_ON_SOME_TEMPLATES,SOURCE_CONTEXT_PRESENT; INTERNAL_ROLE_LANGUAGE_REMOVED,VISIBLE_LABEL_REVIEWED_TO_UPDATED; DATE_VALUES_UNCHANGED,NO_SCHEMA_CHANGE_REQUIRED,/authors/echo-buddha-editorial/,Align public language and date semantics with truthful governance
https://echobuddha.com/articles/three-ways-to-practice-patience/,Echo Buddha Editorial,Echo Buddha Editorial,/authors/echo-buddha-editorial/,/authors/echo-buddha-editorial/,SOURCE_CONTEXT_PRESENT; INTERNAL_ROLE_LANGUAGE_VISIBLE_ON_SOME_TEMPLATES,SOURCE_CONTEXT_PRESENT; INTERNAL_ROLE_LANGUAGE_REMOVED,VISIBLE_LABEL_REVIEWED_TO_UPDATED; DATE_VALUES_UNCHANGED,NO_SCHEMA_CHANGE_REQUIRED,/authors/echo-buddha-editorial/,Align public language and date semantics with truthful governance
https://echobuddha.com/articles/visiting-a-buddhist-temple-respectfully/,Echo Buddha Editorial,Echo Buddha Editorial,/authors/echo-buddha-editorial/,/authors/echo-buddha-editorial/,SOURCE_CONTEXT_PRESENT; INTERNAL_ROLE_LANGUAGE_VISIBLE_ON_SOME_TEMPLATES,SOURCE_CONTEXT_PRESENT; INTERNAL_ROLE_LANGUAGE_REMOVED,VISIBLE_LABEL_REVIEWED_TO_UPDATED; DATE_VALUES_UNCHANGED,NO_SCHEMA_CHANGE_REQUIRED,/authors/echo-buddha-editorial/,Align public language and date semantics with truthful governance
https://echobuddha.com/articles/walking-meditation-step-by-step/,Echo Buddha Editorial,Echo Buddha Editorial,/authors/echo-buddha-editorial/,/authors/echo-buddha-editorial/,SOURCE_CONTEXT_PRESENT; INTERNAL_ROLE_LANGUAGE_VISIBLE_ON_SOME_TEMPLATES,SOURCE_CONTEXT_PRESENT; INTERNAL_ROLE_LANGUAGE_REMOVED,VISIBLE_LABEL_REVIEWED_TO_UPDATED; DATE_VALUES_UNCHANGED,NO_SCHEMA_CHANGE_REQUIRED,/authors/echo-buddha-editorial/,Align public language and date semantics with truthful governance
https://echobuddha.com/articles/what-is-buddhism-beginner-guide/,Echo Buddha Editorial,Echo Buddha Editorial,/authors/echo-buddha-editorial/,/authors/echo-buddha-editorial/,SOURCE_CONTEXT_PRESENT; INTERNAL_ROLE_LANGUAGE_VISIBLE_ON_SOME_TEMPLATES,SOURCE_CONTEXT_PRESENT; INTERNAL_ROLE_LANGUAGE_REMOVED,VISIBLE_LABEL_REVIEWED_TO_UPDATED; DATE_VALUES_UNCHANGED,NO_SCHEMA_CHANGE_REQUIRED,/authors/echo-buddha-editorial/,Align public language and date semantics with truthful governance
https://echobuddha.com/articles/what-is-karma-in-buddhism/,Echo Buddha Editorial,Echo Buddha Editorial,/authors/echo-buddha-editorial/,/authors/echo-buddha-editorial/,SOURCE_CONTEXT_PRESENT; INTERNAL_ROLE_LANGUAGE_VISIBLE_ON_SOME_TEMPLATES,SOURCE_CONTEXT_PRESENT; INTERNAL_ROLE_LANGUAGE_REMOVED,VISIBLE_LABEL_REVIEWED_TO_UPDATED; DATE_VALUES_UNCHANGED,NO_SCHEMA_CHANGE_REQUIRED,/authors/echo-buddha-editorial/,Align public language and date semantics with truthful governance
https://echobuddha.com/articles/what-is-sangha-buddhist-community/,Echo Buddha Editorial,Echo Buddha Editorial,/authors/echo-buddha-editorial/,/authors/echo-buddha-editorial/,SOURCE_CONTEXT_PRESENT; INTERNAL_ROLE_LANGUAGE_VISIBLE_ON_SOME_TEMPLATES,SOURCE_CONTEXT_PRESENT; INTERNAL_ROLE_LANGUAGE_REMOVED,VISIBLE_LABEL_REVIEWED_TO_UPDATED; DATE_VALUES_UNCHANGED,NO_SCHEMA_CHANGE_REQUIRED,/authors/echo-buddha-editorial/,Align public language and date semantics with truthful governance
https://echobuddha.com/authors/echo-buddha-editorial/,NO_BYLINE_EXPECTED,NO_BYLINE_EXPECTED,NOT_APPLICABLE,NOT_APPLICABLE,TRUST_POLICY_PRESENT,TRUST_POLICY_STRENGTHENED,NOT_APPLICABLE,NO_SCHEMA_CHANGE_REQUIRED,/editorial-policy/ via page or footer,Align public language and date semantics with truthful governance
https://echobuddha.com/buddhist-sources-and-citations/,NO_BYLINE_EXPECTED,NO_BYLINE_EXPECTED,NOT_APPLICABLE,NOT_APPLICABLE,TRUST_POLICY_PRESENT,SOURCE_CONTEXT_PRESENT; INTERNAL_ROLE_LANGUAGE_REMOVED,NOT_APPLICABLE,NO_SCHEMA_CHANGE_REQUIRED,/editorial-policy/ via page or footer,Align public language and date semantics with truthful governance
https://echobuddha.com/corrections/,NO_BYLINE_EXPECTED,NO_BYLINE_EXPECTED,NOT_APPLICABLE,NOT_APPLICABLE,TRUST_POLICY_PRESENT,SOURCE_CONTEXT_PRESENT; INTERNAL_ROLE_LANGUAGE_REMOVED,NOT_APPLICABLE,NO_SCHEMA_CHANGE_REQUIRED,/editorial-policy/ via page or footer,Align public language and date semantics with truthful governance
https://echobuddha.com/daily-reflections/anger-as-a-signal/,NOT_VISIBLY_DISPLAYED,Echo Buddha Editorial,SCHEMA_ONLY,/authors/echo-buddha-editorial/,SOURCE_CONTEXT_PRESENT; INTERNAL_ROLE_LANGUAGE_VISIBLE_ON_SOME_TEMPLATES,TRUST_POLICY_STRENGTHENED,NOT_APPLICABLE,VISIBLE_CONTENT_NOW_MATCHES_EXISTING_ORGANIZATION_AUTHOR,/authors/echo-buddha-editorial/,Make responsible editorial entity visible without inventing a human
https://echobuddha.com/daily-reflections/begin-again-without-shame/,NOT_VISIBLY_DISPLAYED,Echo Buddha Editorial,SCHEMA_ONLY,/authors/echo-buddha-editorial/,SOURCE_CONTEXT_PRESENT; INTERNAL_ROLE_LANGUAGE_VISIBLE_ON_SOME_TEMPLATES,TRUST_POLICY_STRENGTHENED,NOT_APPLICABLE,VISIBLE_CONTENT_NOW_MATCHES_EXISTING_ORGANIZATION_AUTHOR,/authors/echo-buddha-editorial/,Make responsible editorial entity visible without inventing a human
https://echobuddha.com/daily-reflections/compassion-begins-nearby/,NOT_VISIBLY_DISPLAYED,Echo Buddha Editorial,SCHEMA_ONLY,/authors/echo-buddha-editorial/,SOURCE_CONTEXT_PRESENT; INTERNAL_ROLE_LANGUAGE_VISIBLE_ON_SOME_TEMPLATES,TRUST_POLICY_STRENGTHENED,NOT_APPLICABLE,VISIBLE_CONTENT_NOW_MATCHES_EXISTING_ORGANIZATION_AUTHOR,/authors/echo-buddha-editorial/,Make responsible editorial entity visible without inventing a human
https://echobuddha.com/daily-reflections/enough-for-this-moment/,NOT_VISIBLY_DISPLAYED,Echo Buddha Editorial,SCHEMA_ONLY,/authors/echo-buddha-editorial/,SOURCE_CONTEXT_PRESENT; INTERNAL_ROLE_LANGUAGE_VISIBLE_ON_SOME_TEMPLATES,TRUST_POLICY_STRENGTHENED,NOT_APPLICABLE,VISIBLE_CONTENT_NOW_MATCHES_EXISTING_ORGANIZATION_AUTHOR,/authors/echo-buddha-editorial/,Make responsible editorial entity visible without inventing a human
https://echobuddha.com/daily-reflections/evening-release/,NOT_VISIBLY_DISPLAYED,Echo Buddha Editorial,SCHEMA_ONLY,/authors/echo-buddha-editorial/,SOURCE_CONTEXT_PRESENT; INTERNAL_ROLE_LANGUAGE_VISIBLE_ON_SOME_TEMPLATES,TRUST_POLICY_STRENGTHENED,NOT_APPLICABLE,VISIBLE_CONTENT_NOW_MATCHES_EXISTING_ORGANIZATION_AUTHOR,/authors/echo-buddha-editorial/,Make responsible editorial entity visible without inventing a human
https://echobuddha.com/daily-reflections/family-patience/,NOT_VISIBLY_DISPLAYED,Echo Buddha Editorial,SCHEMA_ONLY,/authors/echo-buddha-editorial/,SOURCE_CONTEXT_PRESENT; INTERNAL_ROLE_LANGUAGE_VISIBLE_ON_SOME_TEMPLATES,TRUST_POLICY_STRENGTHENED,NOT_APPLICABLE,VISIBLE_CONTENT_NOW_MATCHES_EXISTING_ORGANIZATION_AUTHOR,/authors/echo-buddha-editorial/,Make responsible editorial entity visible without inventing a human
https://echobuddha.com/daily-reflections/forgiveness-without-approval/,NOT_VISIBLY_DISPLAYED,Echo Buddha Editorial,SCHEMA_ONLY,/authors/echo-buddha-editorial/,SOURCE_CONTEXT_PRESENT; INTERNAL_ROLE_LANGUAGE_VISIBLE_ON_SOME_TEMPLATES,TRUST_POLICY_STRENGTHENED,NOT_APPLICABLE,VISIBLE_CONTENT_NOW_MATCHES_EXISTING_ORGANIZATION_AUTHOR,/authors/echo-buddha-editorial/,Make responsible editorial entity visible without inventing a human
https://echobuddha.com/daily-reflections/gratitude-for-change/,NOT_VISIBLY_DISPLAYED,Echo Buddha Editorial,SCHEMA_ONLY,/authors/echo-buddha-editorial/,SOURCE_CONTEXT_PRESENT; INTERNAL_ROLE_LANGUAGE_VISIBLE_ON_SOME_TEMPLATES,TRUST_POLICY_STRENGTHENED,NOT_APPLICABLE,VISIBLE_CONTENT_NOW_MATCHES_EXISTING_ORGANIZATION_AUTHOR,/authors/echo-buddha-editorial/,Make responsible editorial entity visible without inventing a human
https://echobuddha.com/daily-reflections/gratitude-notices-enough/,NOT_VISIBLY_DISPLAYED,Echo Buddha Editorial,SCHEMA_ONLY,/authors/echo-buddha-editorial/,SOURCE_CONTEXT_PRESENT; INTERNAL_ROLE_LANGUAGE_VISIBLE_ON_SOME_TEMPLATES,TRUST_POLICY_STRENGTHENED,NOT_APPLICABLE,VISIBLE_CONTENT_NOW_MATCHES_EXISTING_ORGANIZATION_AUTHOR,/authors/echo-buddha-editorial/,Make responsible editorial entity visible without inventing a human
https://echobuddha.com/daily-reflections/impermanence-softens-clinging/,NOT_VISIBLY_DISPLAYED,Echo Buddha Editorial,SCHEMA_ONLY,/authors/echo-buddha-editorial/,SOURCE_CONTEXT_PRESENT; INTERNAL_ROLE_LANGUAGE_VISIBLE_ON_SOME_TEMPLATES,TRUST_POLICY_STRENGTHENED,NOT_APPLICABLE,VISIBLE_CONTENT_NOW_MATCHES_EXISTING_ORGANIZATION_AUTHOR,/authors/echo-buddha-editorial/,Make responsible editorial entity visible without inventing a human
https://echobuddha.com/daily-reflections/kindness-with-boundaries/,NOT_VISIBLY_DISPLAYED,Echo Buddha Editorial,SCHEMA_ONLY,/authors/echo-buddha-editorial/,SOURCE_CONTEXT_PRESENT; INTERNAL_ROLE_LANGUAGE_VISIBLE_ON_SOME_TEMPLATES,TRUST_POLICY_STRENGTHENED,NOT_APPLICABLE,VISIBLE_CONTENT_NOW_MATCHES_EXISTING_ORGANIZATION_AUTHOR,/authors/echo-buddha-editorial/,Make responsible editorial entity visible without inventing a human
https://echobuddha.com/daily-reflections/let-the-feeling-pass/,NOT_VISIBLY_DISPLAYED,Echo Buddha Editorial,SCHEMA_ONLY,/authors/echo-buddha-editorial/,SOURCE_CONTEXT_PRESENT; INTERNAL_ROLE_LANGUAGE_VISIBLE_ON_SOME_TEMPLATES,TRUST_POLICY_STRENGTHENED,NOT_APPLICABLE,VISIBLE_CONTENT_NOW_MATCHES_EXISTING_ORGANIZATION_AUTHOR,/authors/echo-buddha-editorial/,Make responsible editorial entity visible without inventing a human
https://echobuddha.com/daily-reflections/letting-go-keeps-care/,NOT_VISIBLY_DISPLAYED,Echo Buddha Editorial,SCHEMA_ONLY,/authors/echo-buddha-editorial/,SOURCE_CONTEXT_PRESENT; INTERNAL_ROLE_LANGUAGE_VISIBLE_ON_SOME_TEMPLATES,TRUST_POLICY_STRENGTHENED,NOT_APPLICABLE,VISIBLE_CONTENT_NOW_MATCHES_EXISTING_ORGANIZATION_AUTHOR,/authors/echo-buddha-editorial/,Make responsible editorial entity visible without inventing a human
https://echobuddha.com/daily-reflections/listen-before-answering/,NOT_VISIBLY_DISPLAYED,Echo Buddha Editorial,SCHEMA_ONLY,/authors/echo-buddha-editorial/,SOURCE_CONTEXT_PRESENT; INTERNAL_ROLE_LANGUAGE_VISIBLE_ON_SOME_TEMPLATES,TRUST_POLICY_STRENGTHENED,NOT_APPLICABLE,VISIBLE_CONTENT_NOW_MATCHES_EXISTING_ORGANIZATION_AUTHOR,/authors/echo-buddha-editorial/,Make responsible editorial entity visible without inventing a human
https://echobuddha.com/daily-reflections/metta-for-a-difficult-person/,NOT_VISIBLY_DISPLAYED,Echo Buddha Editorial,SCHEMA_ONLY,/authors/echo-buddha-editorial/,SOURCE_CONTEXT_PRESENT; INTERNAL_ROLE_LANGUAGE_VISIBLE_ON_SOME_TEMPLATES,TRUST_POLICY_STRENGTHENED,NOT_APPLICABLE,VISIBLE_CONTENT_NOW_MATCHES_EXISTING_ORGANIZATION_AUTHOR,/authors/echo-buddha-editorial/,Make responsible editorial entity visible without inventing a human
https://echobuddha.com/daily-reflections/mindful-work/,NOT_VISIBLY_DISPLAYED,Echo Buddha Editorial,SCHEMA_ONLY,/authors/echo-buddha-editorial/,SOURCE_CONTEXT_PRESENT; INTERNAL_ROLE_LANGUAGE_VISIBLE_ON_SOME_TEMPLATES,TRUST_POLICY_STRENGTHENED,NOT_APPLICABLE,VISIBLE_CONTENT_NOW_MATCHES_EXISTING_ORGANIZATION_AUTHOR,/authors/echo-buddha-editorial/,Make responsible editorial entity visible without inventing a human
https://echobuddha.com/daily-reflections/morning-intention/,NOT_VISIBLY_DISPLAYED,Echo Buddha Editorial,SCHEMA_ONLY,/authors/echo-buddha-editorial/,SOURCE_CONTEXT_PRESENT; INTERNAL_ROLE_LANGUAGE_VISIBLE_ON_SOME_TEMPLATES,TRUST_POLICY_STRENGTHENED,NOT_APPLICABLE,VISIBLE_CONTENT_NOW_MATCHES_EXISTING_ORGANIZATION_AUTHOR,/authors/echo-buddha-editorial/,Make responsible editorial entity visible without inventing a human
https://echobuddha.com/daily-reflections/notice-before-fixing/,NOT_VISIBLY_DISPLAYED,Echo Buddha Editorial,SCHEMA_ONLY,/authors/echo-buddha-editorial/,SOURCE_CONTEXT_PRESENT; INTERNAL_ROLE_LANGUAGE_VISIBLE_ON_SOME_TEMPLATES,TRUST_POLICY_STRENGTHENED,NOT_APPLICABLE,VISIBLE_CONTENT_NOW_MATCHES_EXISTING_ORGANIZATION_AUTHOR,/authors/echo-buddha-editorial/,Make responsible editorial entity visible without inventing a human
https://echobuddha.com/daily-reflections/one-honest-breath/,NOT_VISIBLY_DISPLAYED,Echo Buddha Editorial,SCHEMA_ONLY,/authors/echo-buddha-editorial/,SOURCE_CONTEXT_PRESENT; INTERNAL_ROLE_LANGUAGE_VISIBLE_ON_SOME_TEMPLATES,TRUST_POLICY_STRENGTHENED,NOT_APPLICABLE,VISIBLE_CONTENT_NOW_MATCHES_EXISTING_ORGANIZATION_AUTHOR,/authors/echo-buddha-editorial/,Make responsible editorial entity visible without inventing a human
https://echobuddha.com/daily-reflections/one-step-on-the-path/,NOT_VISIBLY_DISPLAYED,Echo Buddha Editorial,SCHEMA_ONLY,/authors/echo-buddha-editorial/,SOURCE_CONTEXT_PRESENT; INTERNAL_ROLE_LANGUAGE_VISIBLE_ON_SOME_TEMPLATES,TRUST_POLICY_STRENGTHENED,NOT_APPLICABLE,VISIBLE_CONTENT_NOW_MATCHES_EXISTING_ORGANIZATION_AUTHOR,/authors/echo-buddha-editorial/,Make responsible editorial entity visible without inventing a human
https://echobuddha.com/daily-reflections/patience-before-anger-speaks/,NOT_VISIBLY_DISPLAYED,Echo Buddha Editorial,SCHEMA_ONLY,/authors/echo-buddha-editorial/,SOURCE_CONTEXT_PRESENT; INTERNAL_ROLE_LANGUAGE_VISIBLE_ON_SOME_TEMPLATES,TRUST_POLICY_STRENGTHENED,NOT_APPLICABLE,VISIBLE_CONTENT_NOW_MATCHES_EXISTING_ORGANIZATION_AUTHOR,/authors/echo-buddha-editorial/,Make responsible editorial entity visible without inventing a human
https://echobuddha.com/daily-reflections/rest-without-escape/,NOT_VISIBLY_DISPLAYED,Echo Buddha Editorial,SCHEMA_ONLY,/authors/echo-buddha-editorial/,SOURCE_CONTEXT_PRESENT; INTERNAL_ROLE_LANGUAGE_VISIBLE_ON_SOME_TEMPLATES,TRUST_POLICY_STRENGTHENED,NOT_APPLICABLE,VISIBLE_CONTENT_NOW_MATCHES_EXISTING_ORGANIZATION_AUTHOR,/authors/echo-buddha-editorial/,Make responsible editorial entity visible without inventing a human
https://echobuddha.com/daily-reflections/see-the-conditions/,NOT_VISIBLY_DISPLAYED,Echo Buddha Editorial,SCHEMA_ONLY,/authors/echo-buddha-editorial/,SOURCE_CONTEXT_PRESENT; INTERNAL_ROLE_LANGUAGE_VISIBLE_ON_SOME_TEMPLATES,TRUST_POLICY_STRENGTHENED,NOT_APPLICABLE,VISIBLE_CONTENT_NOW_MATCHES_EXISTING_ORGANIZATION_AUTHOR,/authors/echo-buddha-editorial/,Make responsible editorial entity visible without inventing a human
https://echobuddha.com/daily-reflections/simple-goodwill/,NOT_VISIBLY_DISPLAYED,Echo Buddha Editorial,SCHEMA_ONLY,/authors/echo-buddha-editorial/,SOURCE_CONTEXT_PRESENT; INTERNAL_ROLE_LANGUAGE_VISIBLE_ON_SOME_TEMPLATES,TRUST_POLICY_STRENGTHENED,NOT_APPLICABLE,VISIBLE_CONTENT_NOW_MATCHES_EXISTING_ORGANIZATION_AUTHOR,/authors/echo-buddha-editorial/,Make responsible editorial entity visible without inventing a human
https://echobuddha.com/daily-reflections/small-actions-shape-the-mind/,NOT_VISIBLY_DISPLAYED,Echo Buddha Editorial,SCHEMA_ONLY,/authors/echo-buddha-editorial/,SOURCE_CONTEXT_PRESENT; INTERNAL_ROLE_LANGUAGE_VISIBLE_ON_SOME_TEMPLATES,TRUST_POLICY_STRENGTHENED,NOT_APPLICABLE,VISIBLE_CONTENT_NOW_MATCHES_EXISTING_ORGANIZATION_AUTHOR,/authors/echo-buddha-editorial/,Make responsible editorial entity visible without inventing a human
https://echobuddha.com/daily-reflections/soften-the-inner-argument/,NOT_VISIBLY_DISPLAYED,Echo Buddha Editorial,SCHEMA_ONLY,/authors/echo-buddha-editorial/,SOURCE_CONTEXT_PRESENT; INTERNAL_ROLE_LANGUAGE_VISIBLE_ON_SOME_TEMPLATES,TRUST_POLICY_STRENGTHENED,NOT_APPLICABLE,VISIBLE_CONTENT_NOW_MATCHES_EXISTING_ORGANIZATION_AUTHOR,/authors/echo-buddha-editorial/,Make responsible editorial entity visible without inventing a human
https://echobuddha.com/daily-reflections/speech-can-reduce-suffering/,NOT_VISIBLY_DISPLAYED,Echo Buddha Editorial,SCHEMA_ONLY,/authors/echo-buddha-editorial/,SOURCE_CONTEXT_PRESENT; INTERNAL_ROLE_LANGUAGE_VISIBLE_ON_SOME_TEMPLATES,TRUST_POLICY_STRENGTHENED,NOT_APPLICABLE,VISIBLE_CONTENT_NOW_MATCHES_EXISTING_ORGANIZATION_AUTHOR,/authors/echo-buddha-editorial/,Make responsible editorial entity visible without inventing a human
https://echobuddha.com/daily-reflections/the-first-truth-is-kind/,NOT_VISIBLY_DISPLAYED,Echo Buddha Editorial,SCHEMA_ONLY,/authors/echo-buddha-editorial/,SOURCE_CONTEXT_PRESENT; INTERNAL_ROLE_LANGUAGE_VISIBLE_ON_SOME_TEMPLATES,TRUST_POLICY_STRENGTHENED,NOT_APPLICABLE,VISIBLE_CONTENT_NOW_MATCHES_EXISTING_ORGANIZATION_AUTHOR,/authors/echo-buddha-editorial/,Make responsible editorial entity visible without inventing a human
https://echobuddha.com/daily-reflections/thoughts-are-visitors/,NOT_VISIBLY_DISPLAYED,Echo Buddha Editorial,SCHEMA_ONLY,/authors/echo-buddha-editorial/,SOURCE_CONTEXT_PRESENT; INTERNAL_ROLE_LANGUAGE_VISIBLE_ON_SOME_TEMPLATES,TRUST_POLICY_STRENGTHENED,NOT_APPLICABLE,VISIBLE_CONTENT_NOW_MATCHES_EXISTING_ORGANIZATION_AUTHOR,/authors/echo-buddha-editorial/,Make responsible editorial entity visible without inventing a human
https://echobuddha.com/daily-reflections/walking-as-practice/,NOT_VISIBLY_DISPLAYED,Echo Buddha Editorial,SCHEMA_ONLY,/authors/echo-buddha-editorial/,SOURCE_CONTEXT_PRESENT; INTERNAL_ROLE_LANGUAGE_VISIBLE_ON_SOME_TEMPLATES,TRUST_POLICY_STRENGTHENED,NOT_APPLICABLE,VISIBLE_CONTENT_NOW_MATCHES_EXISTING_ORGANIZATION_AUTHOR,/authors/echo-buddha-editorial/,Make responsible editorial entity visible without inventing a human
https://echobuddha.com/editorial-policy/,NO_BYLINE_EXPECTED,NO_BYLINE_EXPECTED,NOT_APPLICABLE,NOT_APPLICABLE,TRUST_POLICY_PRESENT,SOURCE_CONTEXT_PRESENT; INTERNAL_ROLE_LANGUAGE_REMOVED,NOT_APPLICABLE,YES_REMOVED_UNEXPECTED_POLICY_AUTHOR,/editorial-policy/ via page or footer,Policy/utility ownership does not require a content byline
https://echobuddha.com/how-echo-buddha-creates-content/,NO_BYLINE_EXPECTED,NO_BYLINE_EXPECTED,NOT_APPLICABLE,NOT_APPLICABLE,TRUST_POLICY_PRESENT,SOURCE_CONTEXT_PRESENT; INTERNAL_ROLE_LANGUAGE_REMOVED,NOT_APPLICABLE,YES_REMOVED_UNEXPECTED_POLICY_AUTHOR,/editorial-policy/ via page or footer,Policy/utility ownership does not require a content byline
https://echobuddha.com/learn/buddhism-101/a-simple-daily-buddhist-practice/,NOT_VISIBLY_DISPLAYED,Echo Buddha Editorial,SCHEMA_ONLY,/authors/echo-buddha-editorial/,SOURCE_CONTEXT_PRESENT; INTERNAL_ROLE_LANGUAGE_VISIBLE_ON_SOME_TEMPLATES,SOURCE_CONTEXT_PRESENT; INTERNAL_ROLE_LANGUAGE_REMOVED,NOT_APPLICABLE,VISIBLE_CONTENT_NOW_MATCHES_EXISTING_ORGANIZATION_AUTHOR,/authors/echo-buddha-editorial/,Make responsible editorial entity visible without inventing a human
https://echobuddha.com/learn/buddhism-101/dependent-origination-explained/,NOT_VISIBLY_DISPLAYED,Echo Buddha Editorial,SCHEMA_ONLY,/authors/echo-buddha-editorial/,SOURCE_CONTEXT_PRESENT; INTERNAL_ROLE_LANGUAGE_VISIBLE_ON_SOME_TEMPLATES,SOURCE_CONTEXT_PRESENT; INTERNAL_ROLE_LANGUAGE_REMOVED,NOT_APPLICABLE,VISIBLE_CONTENT_NOW_MATCHES_EXISTING_ORGANIZATION_AUTHOR,/authors/echo-buddha-editorial/,Make responsible editorial entity visible without inventing a human
https://echobuddha.com/learn/buddhism-101/five-aggregates-buddhism/,NOT_VISIBLY_DISPLAYED,Echo Buddha Editorial,SCHEMA_ONLY,/authors/echo-buddha-editorial/,SOURCE_CONTEXT_PRESENT; INTERNAL_ROLE_LANGUAGE_VISIBLE_ON_SOME_TEMPLATES,SOURCE_CONTEXT_PRESENT; INTERNAL_ROLE_LANGUAGE_REMOVED,NOT_APPLICABLE,VISIBLE_CONTENT_NOW_MATCHES_EXISTING_ORGANIZATION_AUTHOR,/authors/echo-buddha-editorial/,Make responsible editorial entity visible without inventing a human
https://echobuddha.com/learn/buddhism-101/five-hindrances-in-buddhism/,NOT_VISIBLY_DISPLAYED,Echo Buddha Editorial,SCHEMA_ONLY,/authors/echo-buddha-editorial/,SOURCE_CONTEXT_PRESENT; INTERNAL_ROLE_LANGUAGE_VISIBLE_ON_SOME_TEMPLATES,SOURCE_CONTEXT_PRESENT; INTERNAL_ROLE_LANGUAGE_REMOVED,NOT_APPLICABLE,VISIBLE_CONTENT_NOW_MATCHES_EXISTING_ORGANIZATION_AUTHOR,/authors/echo-buddha-editorial/,Make responsible editorial entity visible without inventing a human
https://echobuddha.com/learn/buddhism-101/five-precepts-buddhism/,NOT_VISIBLY_DISPLAYED,Echo Buddha Editorial,SCHEMA_ONLY,/authors/echo-buddha-editorial/,SOURCE_CONTEXT_PRESENT; INTERNAL_ROLE_LANGUAGE_VISIBLE_ON_SOME_TEMPLATES,SOURCE_CONTEXT_PRESENT; INTERNAL_ROLE_LANGUAGE_REMOVED,NOT_APPLICABLE,VISIBLE_CONTENT_NOW_MATCHES_EXISTING_ORGANIZATION_AUTHOR,/authors/echo-buddha-editorial/,Make responsible editorial entity visible without inventing a human
https://echobuddha.com/learn/buddhism-101/four-brahmaviharas/,NOT_VISIBLY_DISPLAYED,Echo Buddha Editorial,SCHEMA_ONLY,/authors/echo-buddha-editorial/,SOURCE_CONTEXT_PRESENT; INTERNAL_ROLE_LANGUAGE_VISIBLE_ON_SOME_TEMPLATES,SOURCE_CONTEXT_PRESENT; INTERNAL_ROLE_LANGUAGE_REMOVED,NOT_APPLICABLE,VISIBLE_CONTENT_NOW_MATCHES_EXISTING_ORGANIZATION_AUTHOR,/authors/echo-buddha-editorial/,Make responsible editorial entity visible without inventing a human
https://echobuddha.com/learn/buddhism-101/how-to-practice-buddhism-at-home/,NOT_VISIBLY_DISPLAYED,Echo Buddha Editorial,SCHEMA_ONLY,/authors/echo-buddha-editorial/,SOURCE_CONTEXT_PRESENT; INTERNAL_ROLE_LANGUAGE_VISIBLE_ON_SOME_TEMPLATES,SOURCE_CONTEXT_PRESENT; INTERNAL_ROLE_LANGUAGE_REMOVED,NOT_APPLICABLE,VISIBLE_CONTENT_NOW_MATCHES_EXISTING_ORGANIZATION_AUTHOR,/authors/echo-buddha-editorial/,Make responsible editorial entity visible without inventing a human
https://echobuddha.com/learn/buddhism-101/middle-way-explained-for-beginners/,NOT_VISIBLY_DISPLAYED,Echo Buddha Editorial,SCHEMA_ONLY,/authors/echo-buddha-editorial/,SOURCE_CONTEXT_PRESENT; INTERNAL_ROLE_LANGUAGE_VISIBLE_ON_SOME_TEMPLATES,SOURCE_CONTEXT_PRESENT; INTERNAL_ROLE_LANGUAGE_REMOVED,NOT_APPLICABLE,VISIBLE_CONTENT_NOW_MATCHES_EXISTING_ORGANIZATION_AUTHOR,/authors/echo-buddha-editorial/,Make responsible editorial entity visible without inventing a human
https://echobuddha.com/learn/buddhism-101/right-livelihood-buddhism/,NOT_VISIBLY_DISPLAYED,Echo Buddha Editorial,SCHEMA_ONLY,/authors/echo-buddha-editorial/,SOURCE_CONTEXT_PRESENT; INTERNAL_ROLE_LANGUAGE_VISIBLE_ON_SOME_TEMPLATES,SOURCE_CONTEXT_PRESENT; INTERNAL_ROLE_LANGUAGE_REMOVED,NOT_APPLICABLE,VISIBLE_CONTENT_NOW_MATCHES_EXISTING_ORGANIZATION_AUTHOR,/authors/echo-buddha-editorial/,Make responsible editorial entity visible without inventing a human
https://echobuddha.com/learn/buddhism-101/the-four-noble-truths-explained/,NOT_VISIBLY_DISPLAYED,Echo Buddha Editorial,SCHEMA_ONLY,/authors/echo-buddha-editorial/,SOURCE_CONTEXT_PRESENT; INTERNAL_ROLE_LANGUAGE_VISIBLE_ON_SOME_TEMPLATES,SOURCE_CONTEXT_PRESENT; INTERNAL_ROLE_LANGUAGE_REMOVED,NOT_APPLICABLE,VISIBLE_CONTENT_NOW_MATCHES_EXISTING_ORGANIZATION_AUTHOR,/authors/echo-buddha-editorial/,Make responsible editorial entity visible without inventing a human
https://echobuddha.com/learn/buddhism-101/the-noble-eightfold-path-explained/,NOT_VISIBLY_DISPLAYED,Echo Buddha Editorial,SCHEMA_ONLY,/authors/echo-buddha-editorial/,SOURCE_CONTEXT_PRESENT; INTERNAL_ROLE_LANGUAGE_VISIBLE_ON_SOME_TEMPLATES,SOURCE_CONTEXT_PRESENT; INTERNAL_ROLE_LANGUAGE_REMOVED,NOT_APPLICABLE,VISIBLE_CONTENT_NOW_MATCHES_EXISTING_ORGANIZATION_AUTHOR,/authors/echo-buddha-editorial/,Make responsible editorial entity visible without inventing a human
https://echobuddha.com/learn/buddhism-101/the-three-jewels-explained/,NOT_VISIBLY_DISPLAYED,Echo Buddha Editorial,SCHEMA_ONLY,/authors/echo-buddha-editorial/,SOURCE_CONTEXT_PRESENT; INTERNAL_ROLE_LANGUAGE_VISIBLE_ON_SOME_TEMPLATES,SOURCE_CONTEXT_PRESENT; INTERNAL_ROLE_LANGUAGE_REMOVED,NOT_APPLICABLE,VISIBLE_CONTENT_NOW_MATCHES_EXISTING_ORGANIZATION_AUTHOR,/authors/echo-buddha-editorial/,Make responsible editorial entity visible without inventing a human
https://echobuddha.com/learn/buddhism-101/three-marks-of-existence/,NOT_VISIBLY_DISPLAYED,Echo Buddha Editorial,SCHEMA_ONLY,/authors/echo-buddha-editorial/,SOURCE_CONTEXT_PRESENT; INTERNAL_ROLE_LANGUAGE_VISIBLE_ON_SOME_TEMPLATES,SOURCE_CONTEXT_PRESENT; INTERNAL_ROLE_LANGUAGE_REMOVED,NOT_APPLICABLE,VISIBLE_CONTENT_NOW_MATCHES_EXISTING_ORGANIZATION_AUTHOR,/authors/echo-buddha-editorial/,Make responsible editorial entity visible without inventing a human
https://echobuddha.com/learn/buddhism-101/threefold-training-sila-samadhi-panna/,NOT_VISIBLY_DISPLAYED,Echo Buddha Editorial,SCHEMA_ONLY,/authors/echo-buddha-editorial/,SOURCE_CONTEXT_PRESENT; INTERNAL_ROLE_LANGUAGE_VISIBLE_ON_SOME_TEMPLATES,SOURCE_CONTEXT_PRESENT; INTERNAL_ROLE_LANGUAGE_REMOVED,NOT_APPLICABLE,VISIBLE_CONTENT_NOW_MATCHES_EXISTING_ORGANIZATION_AUTHOR,/authors/echo-buddha-editorial/,Make responsible editorial entity visible without inventing a human
https://echobuddha.com/learn/buddhism-101/what-is-buddhism/,NOT_VISIBLY_DISPLAYED,Echo Buddha Editorial,SCHEMA_ONLY,/authors/echo-buddha-editorial/,SOURCE_CONTEXT_PRESENT; INTERNAL_ROLE_LANGUAGE_VISIBLE_ON_SOME_TEMPLATES,SOURCE_CONTEXT_PRESENT; INTERNAL_ROLE_LANGUAGE_REMOVED,NOT_APPLICABLE,VISIBLE_CONTENT_NOW_MATCHES_EXISTING_ORGANIZATION_AUTHOR,/authors/echo-buddha-editorial/,Make responsible editorial entity visible without inventing a human
https://echobuddha.com/learn/buddhism-101/what-is-impermanence/,NOT_VISIBLY_DISPLAYED,Echo Buddha Editorial,SCHEMA_ONLY,/authors/echo-buddha-editorial/,SOURCE_CONTEXT_PRESENT; INTERNAL_ROLE_LANGUAGE_VISIBLE_ON_SOME_TEMPLATES,SOURCE_CONTEXT_PRESENT; INTERNAL_ROLE_LANGUAGE_REMOVED,NOT_APPLICABLE,VISIBLE_CONTENT_NOW_MATCHES_EXISTING_ORGANIZATION_AUTHOR,/authors/echo-buddha-editorial/,Make responsible editorial entity visible without inventing a human
https://echobuddha.com/learn/buddhism-101/what-is-karma-in-buddhism/,NOT_VISIBLY_DISPLAYED,Echo Buddha Editorial,SCHEMA_ONLY,/authors/echo-buddha-editorial/,SOURCE_CONTEXT_PRESENT; INTERNAL_ROLE_LANGUAGE_VISIBLE_ON_SOME_TEMPLATES,SOURCE_CONTEXT_PRESENT; INTERNAL_ROLE_LANGUAGE_REMOVED,NOT_APPLICABLE,VISIBLE_CONTENT_NOW_MATCHES_EXISTING_ORGANIZATION_AUTHOR,/authors/echo-buddha-editorial/,Make responsible editorial entity visible without inventing a human
https://echobuddha.com/learn/buddhism-101/what-is-mindfulness/,NOT_VISIBLY_DISPLAYED,Echo Buddha Editorial,SCHEMA_ONLY,/authors/echo-buddha-editorial/,SOURCE_CONTEXT_PRESENT; INTERNAL_ROLE_LANGUAGE_VISIBLE_ON_SOME_TEMPLATES,SOURCE_CONTEXT_PRESENT; INTERNAL_ROLE_LANGUAGE_REMOVED,NOT_APPLICABLE,VISIBLE_CONTENT_NOW_MATCHES_EXISTING_ORGANIZATION_AUTHOR,/authors/echo-buddha-editorial/,Make responsible editorial entity visible without inventing a human
https://echobuddha.com/learn/buddhism-101/who-was-the-buddha/,NOT_VISIBLY_DISPLAYED,Echo Buddha Editorial,SCHEMA_ONLY,/authors/echo-buddha-editorial/,SOURCE_CONTEXT_PRESENT; INTERNAL_ROLE_LANGUAGE_VISIBLE_ON_SOME_TEMPLATES,SOURCE_CONTEXT_PRESENT; INTERNAL_ROLE_LANGUAGE_REMOVED,NOT_APPLICABLE,VISIBLE_CONTENT_NOW_MATCHES_EXISTING_ORGANIZATION_AUTHOR,/authors/echo-buddha-editorial/,Make responsible editorial entity visible without inventing a human
https://echobuddha.com/learn/buddhist-dictionary/anatta/,NOT_VISIBLY_DISPLAYED,Echo Buddha Editorial,SCHEMA_ONLY,/authors/echo-buddha-editorial/,SOURCE_CONTEXT_PRESENT; INTERNAL_ROLE_LANGUAGE_VISIBLE_ON_SOME_TEMPLATES,SOURCE_CONTEXT_PRESENT; INTERNAL_ROLE_LANGUAGE_REMOVED,NOT_APPLICABLE,VISIBLE_CONTENT_NOW_MATCHES_EXISTING_ORGANIZATION_AUTHOR,/authors/echo-buddha-editorial/,Make responsible editorial entity visible without inventing a human
https://echobuddha.com/learn/buddhist-dictionary/anicca/,NOT_VISIBLY_DISPLAYED,Echo Buddha Editorial,SCHEMA_ONLY,/authors/echo-buddha-editorial/,SOURCE_CONTEXT_PRESENT; INTERNAL_ROLE_LANGUAGE_VISIBLE_ON_SOME_TEMPLATES,SOURCE_CONTEXT_PRESENT; INTERNAL_ROLE_LANGUAGE_REMOVED,NOT_APPLICABLE,VISIBLE_CONTENT_NOW_MATCHES_EXISTING_ORGANIZATION_AUTHOR,/authors/echo-buddha-editorial/,Make responsible editorial entity visible without inventing a human
https://echobuddha.com/learn/buddhist-dictionary/compassion/,NOT_VISIBLY_DISPLAYED,Echo Buddha Editorial,SCHEMA_ONLY,/authors/echo-buddha-editorial/,SOURCE_CONTEXT_PRESENT; INTERNAL_ROLE_LANGUAGE_VISIBLE_ON_SOME_TEMPLATES,SOURCE_CONTEXT_PRESENT; INTERNAL_ROLE_LANGUAGE_REMOVED,NOT_APPLICABLE,VISIBLE_CONTENT_NOW_MATCHES_EXISTING_ORGANIZATION_AUTHOR,/authors/echo-buddha-editorial/,Make responsible editorial entity visible without inventing a human
https://echobuddha.com/learn/buddhist-dictionary/dhamma/,NOT_VISIBLY_DISPLAYED,Echo Buddha Editorial,SCHEMA_ONLY,/authors/echo-buddha-editorial/,SOURCE_CONTEXT_PRESENT; INTERNAL_ROLE_LANGUAGE_VISIBLE_ON_SOME_TEMPLATES,SOURCE_CONTEXT_PRESENT; INTERNAL_ROLE_LANGUAGE_REMOVED,NOT_APPLICABLE,VISIBLE_CONTENT_NOW_MATCHES_EXISTING_ORGANIZATION_AUTHOR,/authors/echo-buddha-editorial/,Make responsible editorial entity visible without inventing a human
https://echobuddha.com/learn/buddhist-dictionary/dukkha/,NOT_VISIBLY_DISPLAYED,Echo Buddha Editorial,SCHEMA_ONLY,/authors/echo-buddha-editorial/,SOURCE_CONTEXT_PRESENT; INTERNAL_ROLE_LANGUAGE_VISIBLE_ON_SOME_TEMPLATES,SOURCE_CONTEXT_PRESENT; INTERNAL_ROLE_LANGUAGE_REMOVED,NOT_APPLICABLE,VISIBLE_CONTENT_NOW_MATCHES_EXISTING_ORGANIZATION_AUTHOR,/authors/echo-buddha-editorial/,Make responsible editorial entity visible without inventing a human
https://echobuddha.com/learn/buddhist-dictionary/karma/,NOT_VISIBLY_DISPLAYED,Echo Buddha Editorial,SCHEMA_ONLY,/authors/echo-buddha-editorial/,SOURCE_CONTEXT_PRESENT; INTERNAL_ROLE_LANGUAGE_VISIBLE_ON_SOME_TEMPLATES,SOURCE_CONTEXT_PRESENT; INTERNAL_ROLE_LANGUAGE_REMOVED,NOT_APPLICABLE,VISIBLE_CONTENT_NOW_MATCHES_EXISTING_ORGANIZATION_AUTHOR,/authors/echo-buddha-editorial/,Make responsible editorial entity visible without inventing a human
https://echobuddha.com/learn/buddhist-dictionary/karuna/,NOT_VISIBLY_DISPLAYED,Echo Buddha Editorial,SCHEMA_ONLY,/authors/echo-buddha-editorial/,SOURCE_CONTEXT_PRESENT; INTERNAL_ROLE_LANGUAGE_VISIBLE_ON_SOME_TEMPLATES,SOURCE_CONTEXT_PRESENT; INTERNAL_ROLE_LANGUAGE_REMOVED,NOT_APPLICABLE,VISIBLE_CONTENT_NOW_MATCHES_EXISTING_ORGANIZATION_AUTHOR,/authors/echo-buddha-editorial/,Make responsible editorial entity visible without inventing a human
https://echobuddha.com/learn/buddhist-dictionary/metta/,NOT_VISIBLY_DISPLAYED,Echo Buddha Editorial,SCHEMA_ONLY,/authors/echo-buddha-editorial/,SOURCE_CONTEXT_PRESENT; INTERNAL_ROLE_LANGUAGE_VISIBLE_ON_SOME_TEMPLATES,SOURCE_CONTEXT_PRESENT; INTERNAL_ROLE_LANGUAGE_REMOVED,NOT_APPLICABLE,VISIBLE_CONTENT_NOW_MATCHES_EXISTING_ORGANIZATION_AUTHOR,/authors/echo-buddha-editorial/,Make responsible editorial entity visible without inventing a human
https://echobuddha.com/learn/buddhist-dictionary/mindfulness/,NOT_VISIBLY_DISPLAYED,Echo Buddha Editorial,SCHEMA_ONLY,/authors/echo-buddha-editorial/,SOURCE_CONTEXT_PRESENT; INTERNAL_ROLE_LANGUAGE_VISIBLE_ON_SOME_TEMPLATES,SOURCE_CONTEXT_PRESENT; INTERNAL_ROLE_LANGUAGE_REMOVED,NOT_APPLICABLE,VISIBLE_CONTENT_NOW_MATCHES_EXISTING_ORGANIZATION_AUTHOR,/authors/echo-buddha-editorial/,Make responsible editorial entity visible without inventing a human
https://echobuddha.com/learn/buddhist-dictionary/nirvana/,NOT_VISIBLY_DISPLAYED,Echo Buddha Editorial,SCHEMA_ONLY,/authors/echo-buddha-editorial/,SOURCE_CONTEXT_PRESENT; INTERNAL_ROLE_LANGUAGE_VISIBLE_ON_SOME_TEMPLATES,SOURCE_CONTEXT_PRESENT; INTERNAL_ROLE_LANGUAGE_REMOVED,NOT_APPLICABLE,VISIBLE_CONTENT_NOW_MATCHES_EXISTING_ORGANIZATION_AUTHOR,/authors/echo-buddha-editorial/,Make responsible editorial entity visible without inventing a human
https://echobuddha.com/learn/buddhist-dictionary/pali-canon/,NOT_VISIBLY_DISPLAYED,Echo Buddha Editorial,SCHEMA_ONLY,/authors/echo-buddha-editorial/,SOURCE_CONTEXT_PRESENT; INTERNAL_ROLE_LANGUAGE_VISIBLE_ON_SOME_TEMPLATES,SOURCE_CONTEXT_PRESENT; INTERNAL_ROLE_LANGUAGE_REMOVED,NOT_APPLICABLE,VISIBLE_CONTENT_NOW_MATCHES_EXISTING_ORGANIZATION_AUTHOR,/authors/echo-buddha-editorial/,Make responsible editorial entity visible without inventing a human
https://echobuddha.com/learn/buddhist-dictionary/sangha/,NOT_VISIBLY_DISPLAYED,Echo Buddha Editorial,SCHEMA_ONLY,/authors/echo-buddha-editorial/,SOURCE_CONTEXT_PRESENT; INTERNAL_ROLE_LANGUAGE_VISIBLE_ON_SOME_TEMPLATES,SOURCE_CONTEXT_PRESENT; INTERNAL_ROLE_LANGUAGE_REMOVED,NOT_APPLICABLE,VISIBLE_CONTENT_NOW_MATCHES_EXISTING_ORGANIZATION_AUTHOR,/authors/echo-buddha-editorial/,Make responsible editorial entity visible without inventing a human
https://echobuddha.com/learn/buddhist-dictionary/sati/,NOT_VISIBLY_DISPLAYED,Echo Buddha Editorial,SCHEMA_ONLY,/authors/echo-buddha-editorial/,SOURCE_CONTEXT_PRESENT; INTERNAL_ROLE_LANGUAGE_VISIBLE_ON_SOME_TEMPLATES,SOURCE_CONTEXT_PRESENT; INTERNAL_ROLE_LANGUAGE_REMOVED,NOT_APPLICABLE,VISIBLE_CONTENT_NOW_MATCHES_EXISTING_ORGANIZATION_AUTHOR,/authors/echo-buddha-editorial/,Make responsible editorial entity visible without inventing a human
https://echobuddha.com/learn/buddhist-dictionary/sutta/,NOT_VISIBLY_DISPLAYED,Echo Buddha Editorial,SCHEMA_ONLY,/authors/echo-buddha-editorial/,SOURCE_CONTEXT_PRESENT; INTERNAL_ROLE_LANGUAGE_VISIBLE_ON_SOME_TEMPLATES,SOURCE_CONTEXT_PRESENT; INTERNAL_ROLE_LANGUAGE_REMOVED,NOT_APPLICABLE,VISIBLE_CONTENT_NOW_MATCHES_EXISTING_ORGANIZATION_AUTHOR,/authors/echo-buddha-editorial/,Make responsible editorial entity visible without inventing a human
https://echobuddha.com/learn/dhammapada-reflections/avoid-evil-do-good-purify-the-mind/,NOT_VISIBLY_DISPLAYED,Echo Buddha Editorial,SCHEMA_ONLY,/authors/echo-buddha-editorial/,SOURCE_CONTEXT_PRESENT; INTERNAL_ROLE_LANGUAGE_VISIBLE_ON_SOME_TEMPLATES,SOURCE_CONTEXT_PRESENT; INTERNAL_ROLE_LANGUAGE_REMOVED,NOT_APPLICABLE,VISIBLE_CONTENT_NOW_MATCHES_EXISTING_ORGANIZATION_AUTHOR,/authors/echo-buddha-editorial/,Make responsible editorial entity visible without inventing a human
https://echobuddha.com/learn/dhammapada-reflections/better-than-a-thousand-empty-words/,NOT_VISIBLY_DISPLAYED,Echo Buddha Editorial,SCHEMA_ONLY,/authors/echo-buddha-editorial/,SOURCE_CONTEXT_PRESENT; INTERNAL_ROLE_LANGUAGE_VISIBLE_ON_SOME_TEMPLATES,SOURCE_CONTEXT_PRESENT; INTERNAL_ROLE_LANGUAGE_REMOVED,NOT_APPLICABLE,VISIBLE_CONTENT_NOW_MATCHES_EXISTING_ORGANIZATION_AUTHOR,/authors/echo-buddha-editorial/,Make responsible editorial entity visible without inventing a human
https://echobuddha.com/learn/dhammapada-reflections/hatred-is-not-ended-by-hatred/,NOT_VISIBLY_DISPLAYED,Echo Buddha Editorial,SCHEMA_ONLY,/authors/echo-buddha-editorial/,SOURCE_CONTEXT_PRESENT; INTERNAL_ROLE_LANGUAGE_VISIBLE_ON_SOME_TEMPLATES,SOURCE_CONTEXT_PRESENT; INTERNAL_ROLE_LANGUAGE_REMOVED,NOT_APPLICABLE,VISIBLE_CONTENT_NOW_MATCHES_EXISTING_ORGANIZATION_AUTHOR,/authors/echo-buddha-editorial/,Make responsible editorial entity visible without inventing a human
https://echobuddha.com/learn/dhammapada-reflections/peace-comes-from-a-trained-mind/,NOT_VISIBLY_DISPLAYED,Echo Buddha Editorial,SCHEMA_ONLY,/authors/echo-buddha-editorial/,SOURCE_CONTEXT_PRESENT; INTERNAL_ROLE_LANGUAGE_VISIBLE_ON_SOME_TEMPLATES,SOURCE_CONTEXT_PRESENT; INTERNAL_ROLE_LANGUAGE_REMOVED,NOT_APPLICABLE,VISIBLE_CONTENT_NOW_MATCHES_EXISTING_ORGANIZATION_AUTHOR,/authors/echo-buddha-editorial/,Make responsible editorial entity visible without inventing a human
https://echobuddha.com/learn/dhammapada-reflections/the-mind-leads-all-things/,NOT_VISIBLY_DISPLAYED,Echo Buddha Editorial,SCHEMA_ONLY,/authors/echo-buddha-editorial/,SOURCE_CONTEXT_PRESENT; INTERNAL_ROLE_LANGUAGE_VISIBLE_ON_SOME_TEMPLATES,SOURCE_CONTEXT_PRESENT; INTERNAL_ROLE_LANGUAGE_REMOVED,NOT_APPLICABLE,VISIBLE_CONTENT_NOW_MATCHES_EXISTING_ORGANIZATION_AUTHOR,/authors/echo-buddha-editorial/,Make responsible editorial entity visible without inventing a human
https://echobuddha.com/learn/eightfold-path/,NOT_VISIBLY_DISPLAYED,Echo Buddha Editorial,SCHEMA_ONLY,/authors/echo-buddha-editorial/,SOURCE_CONTEXT_PRESENT; INTERNAL_ROLE_LANGUAGE_VISIBLE_ON_SOME_TEMPLATES,SOURCE_CONTEXT_PRESENT; INTERNAL_ROLE_LANGUAGE_REMOVED,NOT_APPLICABLE,VISIBLE_CONTENT_NOW_MATCHES_EXISTING_ORGANIZATION_AUTHOR,/authors/echo-buddha-editorial/,Make responsible editorial entity visible without inventing a human
https://echobuddha.com/learn/four-noble-truths/,NOT_VISIBLY_DISPLAYED,Echo Buddha Editorial,SCHEMA_ONLY,/authors/echo-buddha-editorial/,SOURCE_CONTEXT_PRESENT; INTERNAL_ROLE_LANGUAGE_VISIBLE_ON_SOME_TEMPLATES,SOURCE_CONTEXT_PRESENT; INTERNAL_ROLE_LANGUAGE_REMOVED,NOT_APPLICABLE,VISIBLE_CONTENT_NOW_MATCHES_EXISTING_ORGANIZATION_AUTHOR,/authors/echo-buddha-editorial/,Make responsible editorial entity visible without inventing a human
https://echobuddha.com/learn/sutta-for-daily-life/buddhas-teaching-on-patience/,NOT_VISIBLY_DISPLAYED,Echo Buddha Editorial,SCHEMA_ONLY,/authors/echo-buddha-editorial/,SOURCE_CONTEXT_PRESENT; INTERNAL_ROLE_LANGUAGE_VISIBLE_ON_SOME_TEMPLATES,SOURCE_CONTEXT_PRESENT; INTERNAL_ROLE_LANGUAGE_REMOVED,NOT_APPLICABLE,VISIBLE_CONTENT_NOW_MATCHES_EXISTING_ORGANIZATION_AUTHOR,/authors/echo-buddha-editorial/,Make responsible editorial entity visible without inventing a human
https://echobuddha.com/learn/sutta-for-daily-life/dhammacakkappavattana-sutta-four-noble-truths/,NOT_VISIBLY_DISPLAYED,Echo Buddha Editorial,SCHEMA_ONLY,/authors/echo-buddha-editorial/,SOURCE_CONTEXT_PRESENT; INTERNAL_ROLE_LANGUAGE_VISIBLE_ON_SOME_TEMPLATES,SOURCE_CONTEXT_PRESENT; INTERNAL_ROLE_LANGUAGE_REMOVED,NOT_APPLICABLE,VISIBLE_CONTENT_NOW_MATCHES_EXISTING_ORGANIZATION_AUTHOR,/authors/echo-buddha-editorial/,Make responsible editorial entity visible without inventing a human
https://echobuddha.com/learn/sutta-for-daily-life/how-to-read-a-buddhist-sutta/,NOT_VISIBLY_DISPLAYED,Echo Buddha Editorial,SCHEMA_ONLY,/authors/echo-buddha-editorial/,SOURCE_CONTEXT_PRESENT; INTERNAL_ROLE_LANGUAGE_VISIBLE_ON_SOME_TEMPLATES,SOURCE_CONTEXT_PRESENT; INTERNAL_ROLE_LANGUAGE_REMOVED,NOT_APPLICABLE,VISIBLE_CONTENT_NOW_MATCHES_EXISTING_ORGANIZATION_AUTHOR,/authors/echo-buddha-editorial/,Make responsible editorial entity visible without inventing a human
https://echobuddha.com/learn/sutta-for-daily-life/kalama-sutta-and-wise-thinking/,NOT_VISIBLY_DISPLAYED,Echo Buddha Editorial,SCHEMA_ONLY,/authors/echo-buddha-editorial/,SOURCE_CONTEXT_PRESENT; INTERNAL_ROLE_LANGUAGE_VISIBLE_ON_SOME_TEMPLATES,SOURCE_CONTEXT_PRESENT; INTERNAL_ROLE_LANGUAGE_REMOVED,NOT_APPLICABLE,VISIBLE_CONTENT_NOW_MATCHES_EXISTING_ORGANIZATION_AUTHOR,/authors/echo-buddha-editorial/,Make responsible editorial entity visible without inventing a human
https://echobuddha.com/learn/sutta-for-daily-life/magga-vibhanga-sutta-eightfold-path/,NOT_VISIBLY_DISPLAYED,Echo Buddha Editorial,SCHEMA_ONLY,/authors/echo-buddha-editorial/,SOURCE_CONTEXT_PRESENT; INTERNAL_ROLE_LANGUAGE_VISIBLE_ON_SOME_TEMPLATES,SOURCE_CONTEXT_PRESENT; INTERNAL_ROLE_LANGUAGE_REMOVED,NOT_APPLICABLE,VISIBLE_CONTENT_NOW_MATCHES_EXISTING_ORGANIZATION_AUTHOR,/authors/echo-buddha-editorial/,Make responsible editorial entity visible without inventing a human
https://echobuddha.com/learn/sutta-for-daily-life/metta-sutta-explained-for-daily-life/,NOT_VISIBLY_DISPLAYED,Echo Buddha Editorial,SCHEMA_ONLY,/authors/echo-buddha-editorial/,SOURCE_CONTEXT_PRESENT; INTERNAL_ROLE_LANGUAGE_VISIBLE_ON_SOME_TEMPLATES,SOURCE_CONTEXT_PRESENT; INTERNAL_ROLE_LANGUAGE_REMOVED,NOT_APPLICABLE,VISIBLE_CONTENT_NOW_MATCHES_EXISTING_ORGANIZATION_AUTHOR,/authors/echo-buddha-editorial/,Make responsible editorial entity visible without inventing a human
https://echobuddha.com/learn/sutta-for-daily-life/mindfulness-of-breathing-explained-simply/,NOT_VISIBLY_DISPLAYED,Echo Buddha Editorial,SCHEMA_ONLY,/authors/echo-buddha-editorial/,SOURCE_CONTEXT_PRESENT; INTERNAL_ROLE_LANGUAGE_VISIBLE_ON_SOME_TEMPLATES,SOURCE_CONTEXT_PRESENT; INTERNAL_ROLE_LANGUAGE_REMOVED,NOT_APPLICABLE,VISIBLE_CONTENT_NOW_MATCHES_EXISTING_ORGANIZATION_AUTHOR,/authors/echo-buddha-editorial/,Make responsible editorial entity visible without inventing a human
https://echobuddha.com/learn/sutta-for-daily-life/right-speech-in-daily-life/,NOT_VISIBLY_DISPLAYED,Echo Buddha Editorial,SCHEMA_ONLY,/authors/echo-buddha-editorial/,SOURCE_CONTEXT_PRESENT; INTERNAL_ROLE_LANGUAGE_VISIBLE_ON_SOME_TEMPLATES,SOURCE_CONTEXT_PRESENT; INTERNAL_ROLE_LANGUAGE_REMOVED,NOT_APPLICABLE,VISIBLE_CONTENT_NOW_MATCHES_EXISTING_ORGANIZATION_AUTHOR,/authors/echo-buddha-editorial/,Make responsible editorial entity visible without inventing a human
https://echobuddha.com/meditation/10-minute-meditation-practice/,NOT_VISIBLY_DISPLAYED,Echo Buddha Editorial,SCHEMA_ONLY,/authors/echo-buddha-editorial/,SOURCE_CONTEXT_PRESENT; INTERNAL_ROLE_LANGUAGE_VISIBLE_ON_SOME_TEMPLATES,SOURCE_CONTEXT_PRESENT; INTERNAL_ROLE_LANGUAGE_REMOVED,NOT_APPLICABLE,VISIBLE_CONTENT_NOW_MATCHES_EXISTING_ORGANIZATION_AUTHOR,/authors/echo-buddha-editorial/,Make responsible editorial entity visible without inventing a human
https://echobuddha.com/meditation/5-minute-meditation-practice/,NOT_VISIBLY_DISPLAYED,Echo Buddha Editorial,SCHEMA_ONLY,/authors/echo-buddha-editorial/,SOURCE_CONTEXT_PRESENT; INTERNAL_ROLE_LANGUAGE_VISIBLE_ON_SOME_TEMPLATES,SOURCE_CONTEXT_PRESENT; INTERNAL_ROLE_LANGUAGE_REMOVED,NOT_APPLICABLE,VISIBLE_CONTENT_NOW_MATCHES_EXISTING_ORGANIZATION_AUTHOR,/authors/echo-buddha-editorial/,Make responsible editorial entity visible without inventing a human
https://echobuddha.com/meditation/breathing-meditation/,NOT_VISIBLY_DISPLAYED,Echo Buddha Editorial,SCHEMA_ONLY,/authors/echo-buddha-editorial/,SOURCE_CONTEXT_PRESENT; INTERNAL_ROLE_LANGUAGE_VISIBLE_ON_SOME_TEMPLATES,SOURCE_CONTEXT_PRESENT; INTERNAL_ROLE_LANGUAGE_REMOVED,NOT_APPLICABLE,VISIBLE_CONTENT_NOW_MATCHES_EXISTING_ORGANIZATION_AUTHOR,/authors/echo-buddha-editorial/,Make responsible editorial entity visible without inventing a human
https://echobuddha.com/meditation/loving-kindness-meditation/,NOT_VISIBLY_DISPLAYED,Echo Buddha Editorial,SCHEMA_ONLY,/authors/echo-buddha-editorial/,SOURCE_CONTEXT_PRESENT; INTERNAL_ROLE_LANGUAGE_VISIBLE_ON_SOME_TEMPLATES,SOURCE_CONTEXT_PRESENT; INTERNAL_ROLE_LANGUAGE_REMOVED,NOT_APPLICABLE,VISIBLE_CONTENT_NOW_MATCHES_EXISTING_ORGANIZATION_AUTHOR,/authors/echo-buddha-editorial/,Make responsible editorial entity visible without inventing a human
https://echobuddha.com/meditation/meditation-for-beginners/,NOT_VISIBLY_DISPLAYED,Echo Buddha Editorial,SCHEMA_ONLY,/authors/echo-buddha-editorial/,SOURCE_CONTEXT_PRESENT; INTERNAL_ROLE_LANGUAGE_VISIBLE_ON_SOME_TEMPLATES,SOURCE_CONTEXT_PRESENT; INTERNAL_ROLE_LANGUAGE_REMOVED,NOT_APPLICABLE,VISIBLE_CONTENT_NOW_MATCHES_EXISTING_ORGANIZATION_AUTHOR,/authors/echo-buddha-editorial/,Make responsible editorial entity visible without inventing a human
https://echobuddha.com/meditation/meditation-posture-for-beginners/,NOT_VISIBLY_DISPLAYED,Echo Buddha Editorial,SCHEMA_ONLY,/authors/echo-buddha-editorial/,SOURCE_CONTEXT_PRESENT; INTERNAL_ROLE_LANGUAGE_VISIBLE_ON_SOME_TEMPLATES,SOURCE_CONTEXT_PRESENT; INTERNAL_ROLE_LANGUAGE_REMOVED,NOT_APPLICABLE,VISIBLE_CONTENT_NOW_MATCHES_EXISTING_ORGANIZATION_AUTHOR,/authors/echo-buddha-editorial/,Make responsible editorial entity visible without inventing a human
https://echobuddha.com/meditation/mindfulness-in-daily-life/,NOT_VISIBLY_DISPLAYED,Echo Buddha Editorial,SCHEMA_ONLY,/authors/echo-buddha-editorial/,SOURCE_CONTEXT_PRESENT; INTERNAL_ROLE_LANGUAGE_VISIBLE_ON_SOME_TEMPLATES,SOURCE_CONTEXT_PRESENT; INTERNAL_ROLE_LANGUAGE_REMOVED,NOT_APPLICABLE,VISIBLE_CONTENT_NOW_MATCHES_EXISTING_ORGANIZATION_AUTHOR,/authors/echo-buddha-editorial/,Make responsible editorial entity visible without inventing a human
https://echobuddha.com/meditation/walking-meditation/,NOT_VISIBLY_DISPLAYED,Echo Buddha Editorial,SCHEMA_ONLY,/authors/echo-buddha-editorial/,SOURCE_CONTEXT_PRESENT; INTERNAL_ROLE_LANGUAGE_VISIBLE_ON_SOME_TEMPLATES,SOURCE_CONTEXT_PRESENT; INTERNAL_ROLE_LANGUAGE_REMOVED,NOT_APPLICABLE,VISIBLE_CONTENT_NOW_MATCHES_EXISTING_ORGANIZATION_AUTHOR,/authors/echo-buddha-editorial/,Make responsible editorial entity visible without inventing a human
https://echobuddha.com/meditation/when-meditation-feels-hard/,NOT_VISIBLY_DISPLAYED,Echo Buddha Editorial,SCHEMA_ONLY,/authors/echo-buddha-editorial/,SOURCE_CONTEXT_PRESENT; INTERNAL_ROLE_LANGUAGE_VISIBLE_ON_SOME_TEMPLATES,SOURCE_CONTEXT_PRESENT; INTERNAL_ROLE_LANGUAGE_REMOVED,NOT_APPLICABLE,VISIBLE_CONTENT_NOW_MATCHES_EXISTING_ORGANIZATION_AUTHOR,/authors/echo-buddha-editorial/,Make responsible editorial entity visible without inventing a human
https://echobuddha.com/quote-attribution-policy/,NO_BYLINE_EXPECTED,NO_BYLINE_EXPECTED,NOT_APPLICABLE,NOT_APPLICABLE,TRUST_POLICY_PRESENT,SOURCE_CONTEXT_PRESENT; INTERNAL_ROLE_LANGUAGE_REMOVED,NOT_APPLICABLE,NO_SCHEMA_CHANGE_REQUIRED,/editorial-policy/ via page or footer,Align public language and date semantics with truthful governance
https://echobuddha.com/quotes/awareness/acceptance-before-next-step/,NOT_VISIBLY_DISPLAYED,Echo Buddha Editorial,SCHEMA_ONLY,/authors/echo-buddha-editorial/,SOURCE_CONTEXT_PRESENT; INTERNAL_ROLE_LANGUAGE_VISIBLE_ON_SOME_TEMPLATES,SOURCE_CONTEXT_PRESENT; INTERNAL_ROLE_LANGUAGE_REMOVED,NOT_APPLICABLE,VISIBLE_CONTENT_NOW_MATCHES_EXISTING_ORGANIZATION_AUTHOR,/authors/echo-buddha-editorial/,Make responsible editorial entity visible without inventing a human
https://echobuddha.com/quotes/awareness/anger-asks-for-speed-awareness-asks-for-one-more/,NOT_VISIBLY_DISPLAYED,Echo Buddha Editorial,SCHEMA_ONLY,/authors/echo-buddha-editorial/,SOURCE_CONTEXT_PRESENT; INTERNAL_ROLE_LANGUAGE_VISIBLE_ON_SOME_TEMPLATES,SOURCE_CONTEXT_PRESENT; INTERNAL_ROLE_LANGUAGE_REMOVED,NOT_APPLICABLE,VISIBLE_CONTENT_NOW_MATCHES_EXISTING_ORGANIZATION_AUTHOR,/authors/echo-buddha-editorial/,Make responsible editorial entity visible without inventing a human
https://echobuddha.com/quotes/awareness/awareness-does-not-remove-the-storm-it-keeps-you/,NOT_VISIBLY_DISPLAYED,Echo Buddha Editorial,SCHEMA_ONLY,/authors/echo-buddha-editorial/,SOURCE_CONTEXT_PRESENT; INTERNAL_ROLE_LANGUAGE_VISIBLE_ON_SOME_TEMPLATES,SOURCE_CONTEXT_PRESENT; INTERNAL_ROLE_LANGUAGE_REMOVED,NOT_APPLICABLE,VISIBLE_CONTENT_NOW_MATCHES_EXISTING_ORGANIZATION_AUTHOR,/authors/echo-buddha-editorial/,Make responsible editorial entity visible without inventing a human
https://echobuddha.com/quotes/awareness/clear-seeing-begins-with-the-courage-to-stop-looking/,NOT_VISIBLY_DISPLAYED,Echo Buddha Editorial,SCHEMA_ONLY,/authors/echo-buddha-editorial/,SOURCE_CONTEXT_PRESENT; INTERNAL_ROLE_LANGUAGE_VISIBLE_ON_SOME_TEMPLATES,SOURCE_CONTEXT_PRESENT; INTERNAL_ROLE_LANGUAGE_REMOVED,NOT_APPLICABLE,VISIBLE_CONTENT_NOW_MATCHES_EXISTING_ORGANIZATION_AUTHOR,/authors/echo-buddha-editorial/,Make responsible editorial entity visible without inventing a human
https://echobuddha.com/quotes/awareness/feelings-are-honest-about-their-presence-not-always-about/,NOT_VISIBLY_DISPLAYED,Echo Buddha Editorial,SCHEMA_ONLY,/authors/echo-buddha-editorial/,SOURCE_CONTEXT_PRESENT; INTERNAL_ROLE_LANGUAGE_VISIBLE_ON_SOME_TEMPLATES,SOURCE_CONTEXT_PRESENT; INTERNAL_ROLE_LANGUAGE_REMOVED,NOT_APPLICABLE,VISIBLE_CONTENT_NOW_MATCHES_EXISTING_ORGANIZATION_AUTHOR,/authors/echo-buddha-editorial/,Make responsible editorial entity visible without inventing a human
https://echobuddha.com/quotes/awareness/feelings-without-the-wheel/,NOT_VISIBLY_DISPLAYED,Echo Buddha Editorial,SCHEMA_ONLY,/authors/echo-buddha-editorial/,SOURCE_CONTEXT_PRESENT; INTERNAL_ROLE_LANGUAGE_VISIBLE_ON_SOME_TEMPLATES,SOURCE_CONTEXT_PRESENT; INTERNAL_ROLE_LANGUAGE_REMOVED,NOT_APPLICABLE,VISIBLE_CONTENT_NOW_MATCHES_EXISTING_ORGANIZATION_AUTHOR,/authors/echo-buddha-editorial/,Make responsible editorial entity visible without inventing a human
https://echobuddha.com/quotes/awareness/look-beneath-the-reaction-and-you-may-find-a/,NOT_VISIBLY_DISPLAYED,Echo Buddha Editorial,SCHEMA_ONLY,/authors/echo-buddha-editorial/,SOURCE_CONTEXT_PRESENT; INTERNAL_ROLE_LANGUAGE_VISIBLE_ON_SOME_TEMPLATES,SOURCE_CONTEXT_PRESENT; INTERNAL_ROLE_LANGUAGE_REMOVED,NOT_APPLICABLE,VISIBLE_CONTENT_NOW_MATCHES_EXISTING_ORGANIZATION_AUTHOR,/authors/echo-buddha-editorial/,Make responsible editorial entity visible without inventing a human
https://echobuddha.com/quotes/awareness/name-the-feeling-gently-and-it-may-stop-speaking/,NOT_VISIBLY_DISPLAYED,Echo Buddha Editorial,SCHEMA_ONLY,/authors/echo-buddha-editorial/,SOURCE_CONTEXT_PRESENT; INTERNAL_ROLE_LANGUAGE_VISIBLE_ON_SOME_TEMPLATES,SOURCE_CONTEXT_PRESENT; INTERNAL_ROLE_LANGUAGE_REMOVED,NOT_APPLICABLE,VISIBLE_CONTENT_NOW_MATCHES_EXISTING_ORGANIZATION_AUTHOR,/authors/echo-buddha-editorial/,Make responsible editorial entity visible without inventing a human
https://echobuddha.com/quotes/awareness/notice-the-habit-before-trying-to-become-someone-without/,NOT_VISIBLY_DISPLAYED,Echo Buddha Editorial,SCHEMA_ONLY,/authors/echo-buddha-editorial/,SOURCE_CONTEXT_PRESENT; INTERNAL_ROLE_LANGUAGE_VISIBLE_ON_SOME_TEMPLATES,SOURCE_CONTEXT_PRESENT; INTERNAL_ROLE_LANGUAGE_REMOVED,NOT_APPLICABLE,VISIBLE_CONTENT_NOW_MATCHES_EXISTING_ORGANIZATION_AUTHOR,/authors/echo-buddha-editorial/,Make responsible editorial entity visible without inventing a human
https://echobuddha.com/quotes/awareness/one-breath-before-anger-replies/,NOT_VISIBLY_DISPLAYED,Echo Buddha Editorial,SCHEMA_ONLY,/authors/echo-buddha-editorial/,SOURCE_CONTEXT_PRESENT; INTERNAL_ROLE_LANGUAGE_VISIBLE_ON_SOME_TEMPLATES,SOURCE_CONTEXT_PRESENT; INTERNAL_ROLE_LANGUAGE_REMOVED,NOT_APPLICABLE,VISIBLE_CONTENT_NOW_MATCHES_EXISTING_ORGANIZATION_AUTHOR,/authors/echo-buddha-editorial/,Make responsible editorial entity visible without inventing a human
https://echobuddha.com/quotes/awareness/small-acts-of-attention-can-turn-an-ordinary-day/,NOT_VISIBLY_DISPLAYED,Echo Buddha Editorial,SCHEMA_ONLY,/authors/echo-buddha-editorial/,SOURCE_CONTEXT_PRESENT; INTERNAL_ROLE_LANGUAGE_VISIBLE_ON_SOME_TEMPLATES,SOURCE_CONTEXT_PRESENT; INTERNAL_ROLE_LANGUAGE_REMOVED,NOT_APPLICABLE,VISIBLE_CONTENT_NOW_MATCHES_EXISTING_ORGANIZATION_AUTHOR,/authors/echo-buddha-editorial/,Make responsible editorial entity visible without inventing a human
https://echobuddha.com/quotes/awareness/the-body-often-knows-you-are-overwhelmed-before-the/,NOT_VISIBLY_DISPLAYED,Echo Buddha Editorial,SCHEMA_ONLY,/authors/echo-buddha-editorial/,SOURCE_CONTEXT_PRESENT; INTERNAL_ROLE_LANGUAGE_VISIBLE_ON_SOME_TEMPLATES,SOURCE_CONTEXT_PRESENT; INTERNAL_ROLE_LANGUAGE_REMOVED,NOT_APPLICABLE,VISIBLE_CONTENT_NOW_MATCHES_EXISTING_ORGANIZATION_AUTHOR,/authors/echo-buddha-editorial/,Make responsible editorial entity visible without inventing a human
https://echobuddha.com/quotes/awareness/thoughts-are-visitors/,NOT_VISIBLY_DISPLAYED,Echo Buddha Editorial,SCHEMA_ONLY,/authors/echo-buddha-editorial/,SOURCE_CONTEXT_PRESENT; INTERNAL_ROLE_LANGUAGE_VISIBLE_ON_SOME_TEMPLATES,SOURCE_CONTEXT_PRESENT; INTERNAL_ROLE_LANGUAGE_REMOVED,NOT_APPLICABLE,VISIBLE_CONTENT_NOW_MATCHES_EXISTING_ORGANIZATION_AUTHOR,/authors/echo-buddha-editorial/,Make responsible editorial entity visible without inventing a human
https://echobuddha.com/quotes/awareness/thoughts-pass-without-commanding-you/,NOT_VISIBLY_DISPLAYED,Echo Buddha Editorial,SCHEMA_ONLY,/authors/echo-buddha-editorial/,SOURCE_CONTEXT_PRESENT; INTERNAL_ROLE_LANGUAGE_VISIBLE_ON_SOME_TEMPLATES,SOURCE_CONTEXT_PRESENT; INTERNAL_ROLE_LANGUAGE_REMOVED,NOT_APPLICABLE,VISIBLE_CONTENT_NOW_MATCHES_EXISTING_ORGANIZATION_AUTHOR,/authors/echo-buddha-editorial/,Make responsible editorial entity visible without inventing a human
https://echobuddha.com/quotes/awareness/what-you-can-observe-clearly-no-longer-controls-you/,NOT_VISIBLY_DISPLAYED,Echo Buddha Editorial,SCHEMA_ONLY,/authors/echo-buddha-editorial/,SOURCE_CONTEXT_PRESENT; INTERNAL_ROLE_LANGUAGE_VISIBLE_ON_SOME_TEMPLATES,SOURCE_CONTEXT_PRESENT; INTERNAL_ROLE_LANGUAGE_REMOVED,NOT_APPLICABLE,VISIBLE_CONTENT_NOW_MATCHES_EXISTING_ORGANIZATION_AUTHOR,/authors/echo-buddha-editorial/,Make responsible editorial entity visible without inventing a human
https://echobuddha.com/quotes/awareness/when-the-mind-tightens-let-the-body-be-your/,NOT_VISIBLY_DISPLAYED,Echo Buddha Editorial,SCHEMA_ONLY,/authors/echo-buddha-editorial/,SOURCE_CONTEXT_PRESENT; INTERNAL_ROLE_LANGUAGE_VISIBLE_ON_SOME_TEMPLATES,SOURCE_CONTEXT_PRESENT; INTERNAL_ROLE_LANGUAGE_REMOVED,NOT_APPLICABLE,VISIBLE_CONTENT_NOW_MATCHES_EXISTING_ORGANIZATION_AUTHOR,/authors/echo-buddha-editorial/,Make responsible editorial entity visible without inventing a human
https://echobuddha.com/quotes/compassion/a-gentle-response-can-end-suffering-that-anger-would/,NOT_VISIBLY_DISPLAYED,Echo Buddha Editorial,SCHEMA_ONLY,/authors/echo-buddha-editorial/,SOURCE_CONTEXT_PRESENT; INTERNAL_ROLE_LANGUAGE_VISIBLE_ON_SOME_TEMPLATES,SOURCE_CONTEXT_PRESENT; INTERNAL_ROLE_LANGUAGE_REMOVED,NOT_APPLICABLE,VISIBLE_CONTENT_NOW_MATCHES_EXISTING_ORGANIZATION_AUTHOR,/authors/echo-buddha-editorial/,Make responsible editorial entity visible without inventing a human
https://echobuddha.com/quotes/compassion/before-judging-another-life-remember-how-much-of-your/,NOT_VISIBLY_DISPLAYED,Echo Buddha Editorial,SCHEMA_ONLY,/authors/echo-buddha-editorial/,SOURCE_CONTEXT_PRESENT; INTERNAL_ROLE_LANGUAGE_VISIBLE_ON_SOME_TEMPLATES,SOURCE_CONTEXT_PRESENT; INTERNAL_ROLE_LANGUAGE_REMOVED,NOT_APPLICABLE,VISIBLE_CONTENT_NOW_MATCHES_EXISTING_ORGANIZATION_AUTHOR,/authors/echo-buddha-editorial/,Make responsible editorial entity visible without inventing a human
https://echobuddha.com/quotes/compassion/compassion-asks-what-hurts-before-it-asks-who-is/,NOT_VISIBLY_DISPLAYED,Echo Buddha Editorial,SCHEMA_ONLY,/authors/echo-buddha-editorial/,SOURCE_CONTEXT_PRESENT; INTERNAL_ROLE_LANGUAGE_VISIBLE_ON_SOME_TEMPLATES,SOURCE_CONTEXT_PRESENT; INTERNAL_ROLE_LANGUAGE_REMOVED,NOT_APPLICABLE,VISIBLE_CONTENT_NOW_MATCHES_EXISTING_ORGANIZATION_AUTHOR,/authors/echo-buddha-editorial/,Make responsible editorial entity visible without inventing a human
https://echobuddha.com/quotes/compassion/compassion-grows-where-judgment-loosens-its-grip/,NOT_VISIBLY_DISPLAYED,Echo Buddha Editorial,SCHEMA_ONLY,/authors/echo-buddha-editorial/,SOURCE_CONTEXT_PRESENT; INTERNAL_ROLE_LANGUAGE_VISIBLE_ON_SOME_TEMPLATES,SOURCE_CONTEXT_PRESENT; INTERNAL_ROLE_LANGUAGE_REMOVED,NOT_APPLICABLE,VISIBLE_CONTENT_NOW_MATCHES_EXISTING_ORGANIZATION_AUTHOR,/authors/echo-buddha-editorial/,Make responsible editorial entity visible without inventing a human
https://echobuddha.com/quotes/compassion/compassion-sees-pain-clearly/,NOT_VISIBLY_DISPLAYED,Echo Buddha Editorial,SCHEMA_ONLY,/authors/echo-buddha-editorial/,SOURCE_CONTEXT_PRESENT; INTERNAL_ROLE_LANGUAGE_VISIBLE_ON_SOME_TEMPLATES,SOURCE_CONTEXT_PRESENT; INTERNAL_ROLE_LANGUAGE_REMOVED,NOT_APPLICABLE,VISIBLE_CONTENT_NOW_MATCHES_EXISTING_ORGANIZATION_AUTHOR,/authors/echo-buddha-editorial/,Make responsible editorial entity visible without inventing a human
https://echobuddha.com/quotes/compassion/gentle-self-compassion/,NOT_VISIBLY_DISPLAYED,Echo Buddha Editorial,SCHEMA_ONLY,/authors/echo-buddha-editorial/,SOURCE_CONTEXT_PRESENT; INTERNAL_ROLE_LANGUAGE_VISIBLE_ON_SOME_TEMPLATES,SOURCE_CONTEXT_PRESENT; INTERNAL_ROLE_LANGUAGE_REMOVED,NOT_APPLICABLE,VISIBLE_CONTENT_NOW_MATCHES_EXISTING_ORGANIZATION_AUTHOR,/authors/echo-buddha-editorial/,Make responsible editorial entity visible without inventing a human
https://echobuddha.com/quotes/compassion/kindness-as-quiet-practice/,NOT_VISIBLY_DISPLAYED,Echo Buddha Editorial,SCHEMA_ONLY,/authors/echo-buddha-editorial/,SOURCE_CONTEXT_PRESENT; INTERNAL_ROLE_LANGUAGE_VISIBLE_ON_SOME_TEMPLATES,SOURCE_CONTEXT_PRESENT; INTERNAL_ROLE_LANGUAGE_REMOVED,NOT_APPLICABLE,VISIBLE_CONTENT_NOW_MATCHES_EXISTING_ORGANIZATION_AUTHOR,/authors/echo-buddha-editorial/,Make responsible editorial entity visible without inventing a human
https://echobuddha.com/quotes/compassion/kindness-does-not-need-an-audience-to-become-meaningful/,NOT_VISIBLY_DISPLAYED,Echo Buddha Editorial,SCHEMA_ONLY,/authors/echo-buddha-editorial/,SOURCE_CONTEXT_PRESENT; INTERNAL_ROLE_LANGUAGE_VISIBLE_ON_SOME_TEMPLATES,SOURCE_CONTEXT_PRESENT; INTERNAL_ROLE_LANGUAGE_REMOVED,NOT_APPLICABLE,VISIBLE_CONTENT_NOW_MATCHES_EXISTING_ORGANIZATION_AUTHOR,/authors/echo-buddha-editorial/,Make responsible editorial entity visible without inventing a human
https://echobuddha.com/quotes/compassion/let-kindness-be-the-echo-you-leave-in-every/,NOT_VISIBLY_DISPLAYED,Echo Buddha Editorial,SCHEMA_ONLY,/authors/echo-buddha-editorial/,SOURCE_CONTEXT_PRESENT; INTERNAL_ROLE_LANGUAGE_VISIBLE_ON_SOME_TEMPLATES,SOURCE_CONTEXT_PRESENT; INTERNAL_ROLE_LANGUAGE_REMOVED,NOT_APPLICABLE,VISIBLE_CONTENT_NOW_MATCHES_EXISTING_ORGANIZATION_AUTHOR,/authors/echo-buddha-editorial/,Make responsible editorial entity visible without inventing a human
https://echobuddha.com/quotes/compassion/let-your-boundaries-be-clear-and-your-heart-remain/,NOT_VISIBLY_DISPLAYED,Echo Buddha Editorial,SCHEMA_ONLY,/authors/echo-buddha-editorial/,SOURCE_CONTEXT_PRESENT; INTERNAL_ROLE_LANGUAGE_VISIBLE_ON_SOME_TEMPLATES,SOURCE_CONTEXT_PRESENT; INTERNAL_ROLE_LANGUAGE_REMOVED,NOT_APPLICABLE,VISIBLE_CONTENT_NOW_MATCHES_EXISTING_ORGANIZATION_AUTHOR,/authors/echo-buddha-editorial/,Make responsible editorial entity visible without inventing a human
https://echobuddha.com/quotes/compassion/loving-kindness-without-harm/,NOT_VISIBLY_DISPLAYED,Echo Buddha Editorial,SCHEMA_ONLY,/authors/echo-buddha-editorial/,SOURCE_CONTEXT_PRESENT; INTERNAL_ROLE_LANGUAGE_VISIBLE_ON_SOME_TEMPLATES,SOURCE_CONTEXT_PRESENT; INTERNAL_ROLE_LANGUAGE_REMOVED,NOT_APPLICABLE,VISIBLE_CONTENT_NOW_MATCHES_EXISTING_ORGANIZATION_AUTHOR,/authors/echo-buddha-editorial/,Make responsible editorial entity visible without inventing a human
https://echobuddha.com/quotes/compassion/offer-others-the-patience-you-hope-to-receive-on/,NOT_VISIBLY_DISPLAYED,Echo Buddha Editorial,SCHEMA_ONLY,/authors/echo-buddha-editorial/,SOURCE_CONTEXT_PRESENT; INTERNAL_ROLE_LANGUAGE_VISIBLE_ON_SOME_TEMPLATES,SOURCE_CONTEXT_PRESENT; INTERNAL_ROLE_LANGUAGE_REMOVED,NOT_APPLICABLE,VISIBLE_CONTENT_NOW_MATCHES_EXISTING_ORGANIZATION_AUTHOR,/authors/echo-buddha-editorial/,Make responsible editorial entity visible without inventing a human
https://echobuddha.com/quotes/compassion/small-kindnesses-often-reach-places-that-advice-cannot/,NOT_VISIBLY_DISPLAYED,Echo Buddha Editorial,SCHEMA_ONLY,/authors/echo-buddha-editorial/,SOURCE_CONTEXT_PRESENT; INTERNAL_ROLE_LANGUAGE_VISIBLE_ON_SOME_TEMPLATES,SOURCE_CONTEXT_PRESENT; INTERNAL_ROLE_LANGUAGE_REMOVED,NOT_APPLICABLE,VISIBLE_CONTENT_NOW_MATCHES_EXISTING_ORGANIZATION_AUTHOR,/authors/echo-buddha-editorial/,Make responsible editorial entity visible without inventing a human
https://echobuddha.com/quotes/compassion/the-heart-becomes-spacious-each-time-it-chooses-care/,NOT_VISIBLY_DISPLAYED,Echo Buddha Editorial,SCHEMA_ONLY,/authors/echo-buddha-editorial/,SOURCE_CONTEXT_PRESENT; INTERNAL_ROLE_LANGUAGE_VISIBLE_ON_SOME_TEMPLATES,SOURCE_CONTEXT_PRESENT; INTERNAL_ROLE_LANGUAGE_REMOVED,NOT_APPLICABLE,VISIBLE_CONTENT_NOW_MATCHES_EXISTING_ORGANIZATION_AUTHOR,/authors/echo-buddha-editorial/,Make responsible editorial entity visible without inventing a human
https://echobuddha.com/quotes/compassion/to-understand-someone-is-not-to-excuse-harm-it/,NOT_VISIBLY_DISPLAYED,Echo Buddha Editorial,SCHEMA_ONLY,/authors/echo-buddha-editorial/,SOURCE_CONTEXT_PRESENT; INTERNAL_ROLE_LANGUAGE_VISIBLE_ON_SOME_TEMPLATES,SOURCE_CONTEXT_PRESENT; INTERNAL_ROLE_LANGUAGE_REMOVED,NOT_APPLICABLE,VISIBLE_CONTENT_NOW_MATCHES_EXISTING_ORGANIZATION_AUTHOR,/authors/echo-buddha-editorial/,Make responsible editorial entity visible without inventing a human
https://echobuddha.com/quotes/compassion/when-you-cannot-remove-anothers-burden-do-not-add/,NOT_VISIBLY_DISPLAYED,Echo Buddha Editorial,SCHEMA_ONLY,/authors/echo-buddha-editorial/,SOURCE_CONTEXT_PRESENT; INTERNAL_ROLE_LANGUAGE_VISIBLE_ON_SOME_TEMPLATES,SOURCE_CONTEXT_PRESENT; INTERNAL_ROLE_LANGUAGE_REMOVED,NOT_APPLICABLE,VISIBLE_CONTENT_NOW_MATCHES_EXISTING_ORGANIZATION_AUTHOR,/authors/echo-buddha-editorial/,Make responsible editorial entity visible without inventing a human
https://echobuddha.com/quotes/impermanence/acceptance-begins-where-the-argument-with-change-ends/,NOT_VISIBLY_DISPLAYED,Echo Buddha Editorial,SCHEMA_ONLY,/authors/echo-buddha-editorial/,SOURCE_CONTEXT_PRESENT; INTERNAL_ROLE_LANGUAGE_VISIBLE_ON_SOME_TEMPLATES,SOURCE_CONTEXT_PRESENT; INTERNAL_ROLE_LANGUAGE_REMOVED,NOT_APPLICABLE,VISIBLE_CONTENT_NOW_MATCHES_EXISTING_ORGANIZATION_AUTHOR,/authors/echo-buddha-editorial/,Make responsible editorial entity visible without inventing a human
https://echobuddha.com/quotes/impermanence/because-this-moment-will-pass-meet-it-while-it/,NOT_VISIBLY_DISPLAYED,Echo Buddha Editorial,SCHEMA_ONLY,/authors/echo-buddha-editorial/,SOURCE_CONTEXT_PRESENT; INTERNAL_ROLE_LANGUAGE_VISIBLE_ON_SOME_TEMPLATES,SOURCE_CONTEXT_PRESENT; INTERNAL_ROLE_LANGUAGE_REMOVED,NOT_APPLICABLE,VISIBLE_CONTENT_NOW_MATCHES_EXISTING_ORGANIZATION_AUTHOR,/authors/echo-buddha-editorial/,Make responsible editorial entity visible without inventing a human
https://echobuddha.com/quotes/impermanence/change-is-how-life-continues/,NOT_VISIBLY_DISPLAYED,Echo Buddha Editorial,SCHEMA_ONLY,/authors/echo-buddha-editorial/,SOURCE_CONTEXT_PRESENT; INTERNAL_ROLE_LANGUAGE_VISIBLE_ON_SOME_TEMPLATES,SOURCE_CONTEXT_PRESENT; INTERNAL_ROLE_LANGUAGE_REMOVED,NOT_APPLICABLE,VISIBLE_CONTENT_NOW_MATCHES_EXISTING_ORGANIZATION_AUTHOR,/authors/echo-buddha-editorial/,Make responsible editorial entity visible without inventing a human
https://echobuddha.com/quotes/impermanence/change-takes-nothing-personally-it-simply-continues/,NOT_VISIBLY_DISPLAYED,Echo Buddha Editorial,SCHEMA_ONLY,/authors/echo-buddha-editorial/,SOURCE_CONTEXT_PRESENT; INTERNAL_ROLE_LANGUAGE_VISIBLE_ON_SOME_TEMPLATES,SOURCE_CONTEXT_PRESENT; INTERNAL_ROLE_LANGUAGE_REMOVED,NOT_APPLICABLE,VISIBLE_CONTENT_NOW_MATCHES_EXISTING_ORGANIZATION_AUTHOR,/authors/echo-buddha-editorial/,Make responsible editorial entity visible without inventing a human
https://echobuddha.com/quotes/impermanence/everything-changes-including-the-part-of-you-that-fears/,NOT_VISIBLY_DISPLAYED,Echo Buddha Editorial,SCHEMA_ONLY,/authors/echo-buddha-editorial/,SOURCE_CONTEXT_PRESENT; INTERNAL_ROLE_LANGUAGE_VISIBLE_ON_SOME_TEMPLATES,SOURCE_CONTEXT_PRESENT; INTERNAL_ROLE_LANGUAGE_REMOVED,NOT_APPLICABLE,VISIBLE_CONTENT_NOW_MATCHES_EXISTING_ORGANIZATION_AUTHOR,/authors/echo-buddha-editorial/,Make responsible editorial entity visible without inventing a human
https://echobuddha.com/quotes/impermanence/hold-each-day-carefully-knowing-it-cannot-be-held/,NOT_VISIBLY_DISPLAYED,Echo Buddha Editorial,SCHEMA_ONLY,/authors/echo-buddha-editorial/,SOURCE_CONTEXT_PRESENT; INTERNAL_ROLE_LANGUAGE_VISIBLE_ON_SOME_TEMPLATES,SOURCE_CONTEXT_PRESENT; INTERNAL_ROLE_LANGUAGE_REMOVED,NOT_APPLICABLE,VISIBLE_CONTENT_NOW_MATCHES_EXISTING_ORGANIZATION_AUTHOR,/authors/echo-buddha-editorial/,Make responsible editorial entity visible without inventing a human
https://echobuddha.com/quotes/impermanence/meet-change-softly/,NOT_VISIBLY_DISPLAYED,Echo Buddha Editorial,SCHEMA_ONLY,/authors/echo-buddha-editorial/,SOURCE_CONTEXT_PRESENT; INTERNAL_ROLE_LANGUAGE_VISIBLE_ON_SOME_TEMPLATES,SOURCE_CONTEXT_PRESENT; INTERNAL_ROLE_LANGUAGE_REMOVED,NOT_APPLICABLE,VISIBLE_CONTENT_NOW_MATCHES_EXISTING_ORGANIZATION_AUTHOR,/authors/echo-buddha-editorial/,Make responsible editorial entity visible without inventing a human
https://echobuddha.com/quotes/impermanence/no-season-is-asked-to-remain-in-order-to/,NOT_VISIBLY_DISPLAYED,Echo Buddha Editorial,SCHEMA_ONLY,/authors/echo-buddha-editorial/,SOURCE_CONTEXT_PRESENT; INTERNAL_ROLE_LANGUAGE_VISIBLE_ON_SOME_TEMPLATES,SOURCE_CONTEXT_PRESENT; INTERNAL_ROLE_LANGUAGE_REMOVED,NOT_APPLICABLE,VISIBLE_CONTENT_NOW_MATCHES_EXISTING_ORGANIZATION_AUTHOR,/authors/echo-buddha-editorial/,Make responsible editorial entity visible without inventing a human
https://echobuddha.com/quotes/impermanence/the-fading-flower-does-not-make-its-blooming-less/,NOT_VISIBLY_DISPLAYED,Echo Buddha Editorial,SCHEMA_ONLY,/authors/echo-buddha-editorial/,SOURCE_CONTEXT_PRESENT; INTERNAL_ROLE_LANGUAGE_VISIBLE_ON_SOME_TEMPLATES,SOURCE_CONTEXT_PRESENT; INTERNAL_ROLE_LANGUAGE_REMOVED,NOT_APPLICABLE,VISIBLE_CONTENT_NOW_MATCHES_EXISTING_ORGANIZATION_AUTHOR,/authors/echo-buddha-editorial/,Make responsible editorial entity visible without inventing a human
https://echobuddha.com/quotes/impermanence/the-passing-of-joy-teaches-gratitude-the-passing-of/,NOT_VISIBLY_DISPLAYED,Echo Buddha Editorial,SCHEMA_ONLY,/authors/echo-buddha-editorial/,SOURCE_CONTEXT_PRESENT; INTERNAL_ROLE_LANGUAGE_VISIBLE_ON_SOME_TEMPLATES,SOURCE_CONTEXT_PRESENT; INTERNAL_ROLE_LANGUAGE_REMOVED,NOT_APPLICABLE,VISIBLE_CONTENT_NOW_MATCHES_EXISTING_ORGANIZATION_AUTHOR,/authors/echo-buddha-editorial/,Make responsible editorial entity visible without inventing a human
https://echobuddha.com/quotes/impermanence/todays-certainty-may-become-tomorrows-lesson-in-humility/,NOT_VISIBLY_DISPLAYED,Echo Buddha Editorial,SCHEMA_ONLY,/authors/echo-buddha-editorial/,SOURCE_CONTEXT_PRESENT; INTERNAL_ROLE_LANGUAGE_VISIBLE_ON_SOME_TEMPLATES,SOURCE_CONTEXT_PRESENT; INTERNAL_ROLE_LANGUAGE_REMOVED,NOT_APPLICABLE,VISIBLE_CONTENT_NOW_MATCHES_EXISTING_ORGANIZATION_AUTHOR,/authors/echo-buddha-editorial/,Make responsible editorial entity visible without inventing a human
https://echobuddha.com/quotes/impermanence/what-changes-is-not-always-lost-sometimes-it-is/,NOT_VISIBLY_DISPLAYED,Echo Buddha Editorial,SCHEMA_ONLY,/authors/echo-buddha-editorial/,SOURCE_CONTEXT_PRESENT; INTERNAL_ROLE_LANGUAGE_VISIBLE_ON_SOME_TEMPLATES,SOURCE_CONTEXT_PRESENT; INTERNAL_ROLE_LANGUAGE_REMOVED,NOT_APPLICABLE,VISIBLE_CONTENT_NOW_MATCHES_EXISTING_ORGANIZATION_AUTHOR,/authors/echo-buddha-editorial/,Make responsible editorial entity visible without inventing a human
https://echobuddha.com/quotes/letting-go/an-open-hand-can-care-for-what-a-clenched/,NOT_VISIBLY_DISPLAYED,Echo Buddha Editorial,SCHEMA_ONLY,/authors/echo-buddha-editorial/,SOURCE_CONTEXT_PRESENT; INTERNAL_ROLE_LANGUAGE_VISIBLE_ON_SOME_TEMPLATES,SOURCE_CONTEXT_PRESENT; INTERNAL_ROLE_LANGUAGE_REMOVED,NOT_APPLICABLE,VISIBLE_CONTENT_NOW_MATCHES_EXISTING_ORGANIZATION_AUTHOR,/authors/echo-buddha-editorial/,Make responsible editorial entity visible without inventing a human
https://echobuddha.com/quotes/letting-go/caring-without-clinging/,NOT_VISIBLY_DISPLAYED,Echo Buddha Editorial,SCHEMA_ONLY,/authors/echo-buddha-editorial/,SOURCE_CONTEXT_PRESENT; INTERNAL_ROLE_LANGUAGE_VISIBLE_ON_SOME_TEMPLATES,SOURCE_CONTEXT_PRESENT; INTERNAL_ROLE_LANGUAGE_REMOVED,NOT_APPLICABLE,VISIBLE_CONTENT_NOW_MATCHES_EXISTING_ORGANIZATION_AUTHOR,/authors/echo-buddha-editorial/,Make responsible editorial entity visible without inventing a human
https://echobuddha.com/quotes/letting-go/forgiveness-without-approving-harm/,NOT_VISIBLY_DISPLAYED,Echo Buddha Editorial,SCHEMA_ONLY,/authors/echo-buddha-editorial/,SOURCE_CONTEXT_PRESENT; INTERNAL_ROLE_LANGUAGE_VISIBLE_ON_SOME_TEMPLATES,SOURCE_CONTEXT_PRESENT; INTERNAL_ROLE_LANGUAGE_REMOVED,NOT_APPLICABLE,VISIBLE_CONTENT_NOW_MATCHES_EXISTING_ORGANIZATION_AUTHOR,/authors/echo-buddha-editorial/,Make responsible editorial entity visible without inventing a human
https://echobuddha.com/quotes/letting-go/freedom-often-sounds-like-the-quiet-end-of-an/,NOT_VISIBLY_DISPLAYED,Echo Buddha Editorial,SCHEMA_ONLY,/authors/echo-buddha-editorial/,SOURCE_CONTEXT_PRESENT; INTERNAL_ROLE_LANGUAGE_VISIBLE_ON_SOME_TEMPLATES,SOURCE_CONTEXT_PRESENT; INTERNAL_ROLE_LANGUAGE_REMOVED,NOT_APPLICABLE,VISIBLE_CONTENT_NOW_MATCHES_EXISTING_ORGANIZATION_AUTHOR,/authors/echo-buddha-editorial/,Make responsible editorial entity visible without inventing a human
https://echobuddha.com/quotes/letting-go/let-the-feeling-pass-through-without-building-it-a/,NOT_VISIBLY_DISPLAYED,Echo Buddha Editorial,SCHEMA_ONLY,/authors/echo-buddha-editorial/,SOURCE_CONTEXT_PRESENT; INTERNAL_ROLE_LANGUAGE_VISIBLE_ON_SOME_TEMPLATES,SOURCE_CONTEXT_PRESENT; INTERNAL_ROLE_LANGUAGE_REMOVED,NOT_APPLICABLE,VISIBLE_CONTENT_NOW_MATCHES_EXISTING_ORGANIZATION_AUTHOR,/authors/echo-buddha-editorial/,Make responsible editorial entity visible without inventing a human
https://echobuddha.com/quotes/letting-go/letting-go-begins-by-admitting-how-tightly-you-are/,NOT_VISIBLY_DISPLAYED,Echo Buddha Editorial,SCHEMA_ONLY,/authors/echo-buddha-editorial/,SOURCE_CONTEXT_PRESENT; INTERNAL_ROLE_LANGUAGE_VISIBLE_ON_SOME_TEMPLATES,SOURCE_CONTEXT_PRESENT; INTERNAL_ROLE_LANGUAGE_REMOVED,NOT_APPLICABLE,VISIBLE_CONTENT_NOW_MATCHES_EXISTING_ORGANIZATION_AUTHOR,/authors/echo-buddha-editorial/,Make responsible editorial entity visible without inventing a human
https://echobuddha.com/quotes/letting-go/open-hands-non-attachment/,NOT_VISIBLY_DISPLAYED,Echo Buddha Editorial,SCHEMA_ONLY,/authors/echo-buddha-editorial/,SOURCE_CONTEXT_PRESENT; INTERNAL_ROLE_LANGUAGE_VISIBLE_ON_SOME_TEMPLATES,SOURCE_CONTEXT_PRESENT; INTERNAL_ROLE_LANGUAGE_REMOVED,NOT_APPLICABLE,VISIBLE_CONTENT_NOW_MATCHES_EXISTING_ORGANIZATION_AUTHOR,/authors/echo-buddha-editorial/,Make responsible editorial entity visible without inventing a human
https://echobuddha.com/quotes/letting-go/peace-enters-when-control-is-no-longer-the-price/,NOT_VISIBLY_DISPLAYED,Echo Buddha Editorial,SCHEMA_ONLY,/authors/echo-buddha-editorial/,SOURCE_CONTEXT_PRESENT; INTERNAL_ROLE_LANGUAGE_VISIBLE_ON_SOME_TEMPLATES,SOURCE_CONTEXT_PRESENT; INTERNAL_ROLE_LANGUAGE_REMOVED,NOT_APPLICABLE,VISIBLE_CONTENT_NOW_MATCHES_EXISTING_ORGANIZATION_AUTHOR,/authors/echo-buddha-editorial/,Make responsible editorial entity visible without inventing a human
https://echobuddha.com/quotes/letting-go/release-the-need-to-replay-what-can-no-longer/,NOT_VISIBLY_DISPLAYED,Echo Buddha Editorial,SCHEMA_ONLY,/authors/echo-buddha-editorial/,SOURCE_CONTEXT_PRESENT; INTERNAL_ROLE_LANGUAGE_VISIBLE_ON_SOME_TEMPLATES,SOURCE_CONTEXT_PRESENT; INTERNAL_ROLE_LANGUAGE_REMOVED,NOT_APPLICABLE,VISIBLE_CONTENT_NOW_MATCHES_EXISTING_ORGANIZATION_AUTHOR,/authors/echo-buddha-editorial/,Make responsible editorial entity visible without inventing a human
https://echobuddha.com/quotes/letting-go/release-the-outcome-but-keep-the-care-you-bring/,NOT_VISIBLY_DISPLAYED,Echo Buddha Editorial,SCHEMA_ONLY,/authors/echo-buddha-editorial/,SOURCE_CONTEXT_PRESENT; INTERNAL_ROLE_LANGUAGE_VISIBLE_ON_SOME_TEMPLATES,SOURCE_CONTEXT_PRESENT; INTERNAL_ROLE_LANGUAGE_REMOVED,NOT_APPLICABLE,VISIBLE_CONTENT_NOW_MATCHES_EXISTING_ORGANIZATION_AUTHOR,/authors/echo-buddha-editorial/,Make responsible editorial entity visible without inventing a human
https://echobuddha.com/quotes/letting-go/soften-around-stress/,NOT_VISIBLY_DISPLAYED,Echo Buddha Editorial,SCHEMA_ONLY,/authors/echo-buddha-editorial/,SOURCE_CONTEXT_PRESENT; INTERNAL_ROLE_LANGUAGE_VISIBLE_ON_SOME_TEMPLATES,SOURCE_CONTEXT_PRESENT; INTERNAL_ROLE_LANGUAGE_REMOVED,NOT_APPLICABLE,VISIBLE_CONTENT_NOW_MATCHES_EXISTING_ORGANIZATION_AUTHOR,/authors/echo-buddha-editorial/,Make responsible editorial entity visible without inventing a human
https://echobuddha.com/quotes/letting-go/what-leaves-your-life-may-still-leave-wisdom-behind/,NOT_VISIBLY_DISPLAYED,Echo Buddha Editorial,SCHEMA_ONLY,/authors/echo-buddha-editorial/,SOURCE_CONTEXT_PRESENT; INTERNAL_ROLE_LANGUAGE_VISIBLE_ON_SOME_TEMPLATES,SOURCE_CONTEXT_PRESENT; INTERNAL_ROLE_LANGUAGE_REMOVED,NOT_APPLICABLE,VISIBLE_CONTENT_NOW_MATCHES_EXISTING_ORGANIZATION_AUTHOR,/authors/echo-buddha-editorial/,Make responsible editorial entity visible without inventing a human
https://echobuddha.com/quotes/letting-go/where-attachment-begins/,NOT_VISIBLY_DISPLAYED,Echo Buddha Editorial,SCHEMA_ONLY,/authors/echo-buddha-editorial/,SOURCE_CONTEXT_PRESENT; INTERNAL_ROLE_LANGUAGE_VISIBLE_ON_SOME_TEMPLATES,SOURCE_CONTEXT_PRESENT; INTERNAL_ROLE_LANGUAGE_REMOVED,NOT_APPLICABLE,VISIBLE_CONTENT_NOW_MATCHES_EXISTING_ORGANIZATION_AUTHOR,/authors/echo-buddha-editorial/,Make responsible editorial entity visible without inventing a human
https://echobuddha.com/quotes/letting-go/you-can-honor-the-past-without-asking-it-to/,NOT_VISIBLY_DISPLAYED,Echo Buddha Editorial,SCHEMA_ONLY,/authors/echo-buddha-editorial/,SOURCE_CONTEXT_PRESENT; INTERNAL_ROLE_LANGUAGE_VISIBLE_ON_SOME_TEMPLATES,SOURCE_CONTEXT_PRESENT; INTERNAL_ROLE_LANGUAGE_REMOVED,NOT_APPLICABLE,VISIBLE_CONTENT_NOW_MATCHES_EXISTING_ORGANIZATION_AUTHOR,/authors/echo-buddha-editorial/,Make responsible editorial entity visible without inventing a human
https://echobuddha.com/quotes/letting-go/you-do-not-betray-a-memory-by-allowing-yourself/,NOT_VISIBLY_DISPLAYED,Echo Buddha Editorial,SCHEMA_ONLY,/authors/echo-buddha-editorial/,SOURCE_CONTEXT_PRESENT; INTERNAL_ROLE_LANGUAGE_VISIBLE_ON_SOME_TEMPLATES,SOURCE_CONTEXT_PRESENT; INTERNAL_ROLE_LANGUAGE_REMOVED,NOT_APPLICABLE,VISIBLE_CONTENT_NOW_MATCHES_EXISTING_ORGANIZATION_AUTHOR,/authors/echo-buddha-editorial/,Make responsible editorial entity visible without inventing a human
https://echobuddha.com/quotes/letting-go/you-do-not-need-to-carry-every-thought-that/,NOT_VISIBLY_DISPLAYED,Echo Buddha Editorial,SCHEMA_ONLY,/authors/echo-buddha-editorial/,SOURCE_CONTEXT_PRESENT; INTERNAL_ROLE_LANGUAGE_VISIBLE_ON_SOME_TEMPLATES,SOURCE_CONTEXT_PRESENT; INTERNAL_ROLE_LANGUAGE_REMOVED,NOT_APPLICABLE,VISIBLE_CONTENT_NOW_MATCHES_EXISTING_ORGANIZATION_AUTHOR,/authors/echo-buddha-editorial/,Make responsible editorial entity visible without inventing a human
https://echobuddha.com/quotes/meditation/a-short-sincere-practice-can-steady-a-long-and/,NOT_VISIBLY_DISPLAYED,Echo Buddha Editorial,SCHEMA_ONLY,/authors/echo-buddha-editorial/,SOURCE_CONTEXT_PRESENT; INTERNAL_ROLE_LANGUAGE_VISIBLE_ON_SOME_TEMPLATES,SOURCE_CONTEXT_PRESENT; INTERNAL_ROLE_LANGUAGE_REMOVED,NOT_APPLICABLE,VISIBLE_CONTENT_NOW_MATCHES_EXISTING_ORGANIZATION_AUTHOR,/authors/echo-buddha-editorial/,Make responsible editorial entity visible without inventing a human
https://echobuddha.com/quotes/meditation/do-not-search-meditation-for-a-special-self-notice/,NOT_VISIBLY_DISPLAYED,Echo Buddha Editorial,SCHEMA_ONLY,/authors/echo-buddha-editorial/,SOURCE_CONTEXT_PRESENT; INTERNAL_ROLE_LANGUAGE_VISIBLE_ON_SOME_TEMPLATES,SOURCE_CONTEXT_PRESENT; INTERNAL_ROLE_LANGUAGE_REMOVED,NOT_APPLICABLE,VISIBLE_CONTENT_NOW_MATCHES_EXISTING_ORGANIZATION_AUTHOR,/authors/echo-buddha-editorial/,Make responsible editorial entity visible without inventing a human
https://echobuddha.com/quotes/meditation/every-return-from-distraction-strengthens-the-path-home/,NOT_VISIBLY_DISPLAYED,Echo Buddha Editorial,SCHEMA_ONLY,/authors/echo-buddha-editorial/,SOURCE_CONTEXT_PRESENT; INTERNAL_ROLE_LANGUAGE_VISIBLE_ON_SOME_TEMPLATES,SOURCE_CONTEXT_PRESENT; INTERNAL_ROLE_LANGUAGE_REMOVED,NOT_APPLICABLE,VISIBLE_CONTENT_NOW_MATCHES_EXISTING_ORGANIZATION_AUTHOR,/authors/echo-buddha-editorial/,Make responsible editorial entity visible without inventing a human
https://echobuddha.com/quotes/meditation/few-quiet-minutes/,NOT_VISIBLY_DISPLAYED,Echo Buddha Editorial,SCHEMA_ONLY,/authors/echo-buddha-editorial/,SOURCE_CONTEXT_PRESENT; INTERNAL_ROLE_LANGUAGE_VISIBLE_ON_SOME_TEMPLATES,SOURCE_CONTEXT_PRESENT; INTERNAL_ROLE_LANGUAGE_REMOVED,NOT_APPLICABLE,VISIBLE_CONTENT_NOW_MATCHES_EXISTING_ORGANIZATION_AUTHOR,/authors/echo-buddha-editorial/,Make responsible editorial entity visible without inventing a human
https://echobuddha.com/quotes/meditation/follow-the-breath-lightly-as-you-would-listen-to/,NOT_VISIBLY_DISPLAYED,Echo Buddha Editorial,SCHEMA_ONLY,/authors/echo-buddha-editorial/,SOURCE_CONTEXT_PRESENT; INTERNAL_ROLE_LANGUAGE_VISIBLE_ON_SOME_TEMPLATES,SOURCE_CONTEXT_PRESENT; INTERNAL_ROLE_LANGUAGE_REMOVED,NOT_APPLICABLE,VISIBLE_CONTENT_NOW_MATCHES_EXISTING_ORGANIZATION_AUTHOR,/authors/echo-buddha-editorial/,Make responsible editorial entity visible without inventing a human
https://echobuddha.com/quotes/meditation/meditation-is-not-leaving-life-it-is-learning-how/,NOT_VISIBLY_DISPLAYED,Echo Buddha Editorial,SCHEMA_ONLY,/authors/echo-buddha-editorial/,SOURCE_CONTEXT_PRESENT; INTERNAL_ROLE_LANGUAGE_VISIBLE_ON_SOME_TEMPLATES,SOURCE_CONTEXT_PRESENT; INTERNAL_ROLE_LANGUAGE_REMOVED,NOT_APPLICABLE,VISIBLE_CONTENT_NOW_MATCHES_EXISTING_ORGANIZATION_AUTHOR,/authors/echo-buddha-editorial/,Make responsible editorial entity visible without inventing a human
https://echobuddha.com/quotes/meditation/meditation-is-returning/,NOT_VISIBLY_DISPLAYED,Echo Buddha Editorial,SCHEMA_ONLY,/authors/echo-buddha-editorial/,SOURCE_CONTEXT_PRESENT; INTERNAL_ROLE_LANGUAGE_VISIBLE_ON_SOME_TEMPLATES,SOURCE_CONTEXT_PRESENT; INTERNAL_ROLE_LANGUAGE_REMOVED,NOT_APPLICABLE,VISIBLE_CONTENT_NOW_MATCHES_EXISTING_ORGANIZATION_AUTHOR,/authors/echo-buddha-editorial/,Make responsible editorial entity visible without inventing a human
https://echobuddha.com/quotes/meditation/one-honest-breath/,NOT_VISIBLY_DISPLAYED,Echo Buddha Editorial,SCHEMA_ONLY,/authors/echo-buddha-editorial/,SOURCE_CONTEXT_PRESENT; INTERNAL_ROLE_LANGUAGE_VISIBLE_ON_SOME_TEMPLATES,SOURCE_CONTEXT_PRESENT; INTERNAL_ROLE_LANGUAGE_REMOVED,NOT_APPLICABLE,VISIBLE_CONTENT_NOW_MATCHES_EXISTING_ORGANIZATION_AUTHOR,/authors/echo-buddha-editorial/,Make responsible editorial entity visible without inventing a human
https://echobuddha.com/quotes/meditation/silence-is-not-empty-when-the-heart-is-listening/,NOT_VISIBLY_DISPLAYED,Echo Buddha Editorial,SCHEMA_ONLY,/authors/echo-buddha-editorial/,SOURCE_CONTEXT_PRESENT; INTERNAL_ROLE_LANGUAGE_VISIBLE_ON_SOME_TEMPLATES,SOURCE_CONTEXT_PRESENT; INTERNAL_ROLE_LANGUAGE_REMOVED,NOT_APPLICABLE,VISIBLE_CONTENT_NOW_MATCHES_EXISTING_ORGANIZATION_AUTHOR,/authors/echo-buddha-editorial/,Make responsible editorial entity visible without inventing a human
https://echobuddha.com/quotes/meditation/sit-with-the-day-as-it-is-before-asking/,NOT_VISIBLY_DISPLAYED,Echo Buddha Editorial,SCHEMA_ONLY,/authors/echo-buddha-editorial/,SOURCE_CONTEXT_PRESENT; INTERNAL_ROLE_LANGUAGE_VISIBLE_ON_SOME_TEMPLATES,SOURCE_CONTEXT_PRESENT; INTERNAL_ROLE_LANGUAGE_REMOVED,NOT_APPLICABLE,VISIBLE_CONTENT_NOW_MATCHES_EXISTING_ORGANIZATION_AUTHOR,/authors/echo-buddha-editorial/,Make responsible editorial entity visible without inventing a human
https://echobuddha.com/quotes/meditation/sit-without-demanding-silence-and-the-mind-will-teach/,NOT_VISIBLY_DISPLAYED,Echo Buddha Editorial,SCHEMA_ONLY,/authors/echo-buddha-editorial/,SOURCE_CONTEXT_PRESENT; INTERNAL_ROLE_LANGUAGE_VISIBLE_ON_SOME_TEMPLATES,SOURCE_CONTEXT_PRESENT; INTERNAL_ROLE_LANGUAGE_REMOVED,NOT_APPLICABLE,VISIBLE_CONTENT_NOW_MATCHES_EXISTING_ORGANIZATION_AUTHOR,/authors/echo-buddha-editorial/,Make responsible editorial entity visible without inventing a human
https://echobuddha.com/quotes/meditation/the-bell-fades-but-careful-listening-can-continue/,NOT_VISIBLY_DISPLAYED,Echo Buddha Editorial,SCHEMA_ONLY,/authors/echo-buddha-editorial/,SOURCE_CONTEXT_PRESENT; INTERNAL_ROLE_LANGUAGE_VISIBLE_ON_SOME_TEMPLATES,SOURCE_CONTEXT_PRESENT; INTERNAL_ROLE_LANGUAGE_REMOVED,NOT_APPLICABLE,VISIBLE_CONTENT_NOW_MATCHES_EXISTING_ORGANIZATION_AUTHOR,/authors/echo-buddha-editorial/,Make responsible editorial entity visible without inventing a human
https://echobuddha.com/quotes/meditation/the-cushion-is-a-place-to-practice-returning-not/,NOT_VISIBLY_DISPLAYED,Echo Buddha Editorial,SCHEMA_ONLY,/authors/echo-buddha-editorial/,SOURCE_CONTEXT_PRESENT; INTERNAL_ROLE_LANGUAGE_VISIBLE_ON_SOME_TEMPLATES,SOURCE_CONTEXT_PRESENT; INTERNAL_ROLE_LANGUAGE_REMOVED,NOT_APPLICABLE,VISIBLE_CONTENT_NOW_MATCHES_EXISTING_ORGANIZATION_AUTHOR,/authors/echo-buddha-editorial/,Make responsible editorial entity visible without inventing a human
https://echobuddha.com/quotes/meditation/when-stillness-feels-impossible-begin-by-noticing-the-restlessness/,NOT_VISIBLY_DISPLAYED,Echo Buddha Editorial,SCHEMA_ONLY,/authors/echo-buddha-editorial/,SOURCE_CONTEXT_PRESENT; INTERNAL_ROLE_LANGUAGE_VISIBLE_ON_SOME_TEMPLATES,SOURCE_CONTEXT_PRESENT; INTERNAL_ROLE_LANGUAGE_REMOVED,NOT_APPLICABLE,VISIBLE_CONTENT_NOW_MATCHES_EXISTING_ORGANIZATION_AUTHOR,/authors/echo-buddha-editorial/,Make responsible editorial entity visible without inventing a human
https://echobuddha.com/quotes/mindfulness/a-peaceful-mind-begins-with-one-honest-breath/,NOT_VISIBLY_DISPLAYED,Echo Buddha Editorial,SCHEMA_ONLY,/authors/echo-buddha-editorial/,SOURCE_CONTEXT_PRESENT; INTERNAL_ROLE_LANGUAGE_VISIBLE_ON_SOME_TEMPLATES,SOURCE_CONTEXT_PRESENT; INTERNAL_ROLE_LANGUAGE_REMOVED,NOT_APPLICABLE,VISIBLE_CONTENT_NOW_MATCHES_EXISTING_ORGANIZATION_AUTHOR,/authors/echo-buddha-editorial/,Make responsible editorial entity visible without inventing a human
https://echobuddha.com/quotes/mindfulness/a-wandering-mind-is-not-a-failed-mind-it/,NOT_VISIBLY_DISPLAYED,Echo Buddha Editorial,SCHEMA_ONLY,/authors/echo-buddha-editorial/,SOURCE_CONTEXT_PRESENT; INTERNAL_ROLE_LANGUAGE_VISIBLE_ON_SOME_TEMPLATES,SOURCE_CONTEXT_PRESENT; INTERNAL_ROLE_LANGUAGE_REMOVED,NOT_APPLICABLE,VISIBLE_CONTENT_NOW_MATCHES_EXISTING_ORGANIZATION_AUTHOR,/authors/echo-buddha-editorial/,Make responsible editorial entity visible without inventing a human
https://echobuddha.com/quotes/mindfulness/awareness-begins-when-hurry-loosens-its-hold/,NOT_VISIBLY_DISPLAYED,Echo Buddha Editorial,SCHEMA_ONLY,/authors/echo-buddha-editorial/,SOURCE_CONTEXT_PRESENT; INTERNAL_ROLE_LANGUAGE_VISIBLE_ON_SOME_TEMPLATES,SOURCE_CONTEXT_PRESENT; INTERNAL_ROLE_LANGUAGE_REMOVED,NOT_APPLICABLE,VISIBLE_CONTENT_NOW_MATCHES_EXISTING_ORGANIZATION_AUTHOR,/authors/echo-buddha-editorial/,Make responsible editorial entity visible without inventing a human
https://echobuddha.com/quotes/mindfulness/begin-the-day-with-awareness/,NOT_VISIBLY_DISPLAYED,Echo Buddha Editorial,SCHEMA_ONLY,/authors/echo-buddha-editorial/,SOURCE_CONTEXT_PRESENT; INTERNAL_ROLE_LANGUAGE_VISIBLE_ON_SOME_TEMPLATES,SOURCE_CONTEXT_PRESENT; INTERNAL_ROLE_LANGUAGE_REMOVED,NOT_APPLICABLE,VISIBLE_CONTENT_NOW_MATCHES_EXISTING_ORGANIZATION_AUTHOR,/authors/echo-buddha-editorial/,Make responsible editorial entity visible without inventing a human
https://echobuddha.com/quotes/mindfulness/give-one-ordinary-task-the-dignity-of-your-full/,NOT_VISIBLY_DISPLAYED,Echo Buddha Editorial,SCHEMA_ONLY,/authors/echo-buddha-editorial/,SOURCE_CONTEXT_PRESENT; INTERNAL_ROLE_LANGUAGE_VISIBLE_ON_SOME_TEMPLATES,SOURCE_CONTEXT_PRESENT; INTERNAL_ROLE_LANGUAGE_REMOVED,NOT_APPLICABLE,VISIBLE_CONTENT_NOW_MATCHES_EXISTING_ORGANIZATION_AUTHOR,/authors/echo-buddha-editorial/,Make responsible editorial entity visible without inventing a human
https://echobuddha.com/quotes/mindfulness/gratitude-notices-enough/,NOT_VISIBLY_DISPLAYED,Echo Buddha Editorial,SCHEMA_ONLY,/authors/echo-buddha-editorial/,SOURCE_CONTEXT_PRESENT; INTERNAL_ROLE_LANGUAGE_VISIBLE_ON_SOME_TEMPLATES,SOURCE_CONTEXT_PRESENT; INTERNAL_ROLE_LANGUAGE_REMOVED,NOT_APPLICABLE,VISIBLE_CONTENT_NOW_MATCHES_EXISTING_ORGANIZATION_AUTHOR,/authors/echo-buddha-editorial/,Make responsible editorial entity visible without inventing a human
https://echobuddha.com/quotes/mindfulness/ground-yourself-gently/,NOT_VISIBLY_DISPLAYED,Echo Buddha Editorial,SCHEMA_ONLY,/authors/echo-buddha-editorial/,SOURCE_CONTEXT_PRESENT; INTERNAL_ROLE_LANGUAGE_VISIBLE_ON_SOME_TEMPLATES,SOURCE_CONTEXT_PRESENT; INTERNAL_ROLE_LANGUAGE_REMOVED,NOT_APPLICABLE,VISIBLE_CONTENT_NOW_MATCHES_EXISTING_ORGANIZATION_AUTHOR,/authors/echo-buddha-editorial/,Make responsible editorial entity visible without inventing a human
https://echobuddha.com/quotes/mindfulness/listen-before-answering/,NOT_VISIBLY_DISPLAYED,Echo Buddha Editorial,SCHEMA_ONLY,/authors/echo-buddha-editorial/,SOURCE_CONTEXT_PRESENT; INTERNAL_ROLE_LANGUAGE_VISIBLE_ON_SOME_TEMPLATES,SOURCE_CONTEXT_PRESENT; INTERNAL_ROLE_LANGUAGE_REMOVED,NOT_APPLICABLE,VISIBLE_CONTENT_NOW_MATCHES_EXISTING_ORGANIZATION_AUTHOR,/authors/echo-buddha-editorial/,Make responsible editorial entity visible without inventing a human
https://echobuddha.com/quotes/mindfulness/listen-to-the-moment-before-filling-it-with-your/,NOT_VISIBLY_DISPLAYED,Echo Buddha Editorial,SCHEMA_ONLY,/authors/echo-buddha-editorial/,SOURCE_CONTEXT_PRESENT; INTERNAL_ROLE_LANGUAGE_VISIBLE_ON_SOME_TEMPLATES,SOURCE_CONTEXT_PRESENT; INTERNAL_ROLE_LANGUAGE_REMOVED,NOT_APPLICABLE,VISIBLE_CONTENT_NOW_MATCHES_EXISTING_ORGANIZATION_AUTHOR,/authors/echo-buddha-editorial/,Make responsible editorial entity visible without inventing a human
https://echobuddha.com/quotes/mindfulness/notice-what-is-here-before-deciding-what-it-means/,NOT_VISIBLY_DISPLAYED,Echo Buddha Editorial,SCHEMA_ONLY,/authors/echo-buddha-editorial/,SOURCE_CONTEXT_PRESENT; INTERNAL_ROLE_LANGUAGE_VISIBLE_ON_SOME_TEMPLATES,SOURCE_CONTEXT_PRESENT; INTERNAL_ROLE_LANGUAGE_REMOVED,NOT_APPLICABLE,VISIBLE_CONTENT_NOW_MATCHES_EXISTING_ORGANIZATION_AUTHOR,/authors/echo-buddha-editorial/,Make responsible editorial entity visible without inventing a human
https://echobuddha.com/quotes/mindfulness/one-mindful-pause-can-change-the-direction-of-an/,NOT_VISIBLY_DISPLAYED,Echo Buddha Editorial,SCHEMA_ONLY,/authors/echo-buddha-editorial/,SOURCE_CONTEXT_PRESENT; INTERNAL_ROLE_LANGUAGE_VISIBLE_ON_SOME_TEMPLATES,SOURCE_CONTEXT_PRESENT; INTERNAL_ROLE_LANGUAGE_REMOVED,NOT_APPLICABLE,VISIBLE_CONTENT_NOW_MATCHES_EXISTING_ORGANIZATION_AUTHOR,/authors/echo-buddha-editorial/,Make responsible editorial entity visible without inventing a human
https://echobuddha.com/quotes/mindfulness/peace-begins-with-attention/,NOT_VISIBLY_DISPLAYED,Echo Buddha Editorial,SCHEMA_ONLY,/authors/echo-buddha-editorial/,SOURCE_CONTEXT_PRESENT; INTERNAL_ROLE_LANGUAGE_VISIBLE_ON_SOME_TEMPLATES,SOURCE_CONTEXT_PRESENT; INTERNAL_ROLE_LANGUAGE_REMOVED,NOT_APPLICABLE,VISIBLE_CONTENT_NOW_MATCHES_EXISTING_ORGANIZATION_AUTHOR,/authors/echo-buddha-editorial/,Make responsible editorial entity visible without inventing a human
https://echobuddha.com/quotes/mindfulness/peace-grows-when-attention-stops-running-ahead-of-the/,NOT_VISIBLY_DISPLAYED,Echo Buddha Editorial,SCHEMA_ONLY,/authors/echo-buddha-editorial/,SOURCE_CONTEXT_PRESENT; INTERNAL_ROLE_LANGUAGE_VISIBLE_ON_SOME_TEMPLATES,SOURCE_CONTEXT_PRESENT; INTERNAL_ROLE_LANGUAGE_REMOVED,NOT_APPLICABLE,VISIBLE_CONTENT_NOW_MATCHES_EXISTING_ORGANIZATION_AUTHOR,/authors/echo-buddha-editorial/,Make responsible editorial entity visible without inventing a human
https://echobuddha.com/quotes/mindfulness/present-moment-one-step/,NOT_VISIBLY_DISPLAYED,Echo Buddha Editorial,SCHEMA_ONLY,/authors/echo-buddha-editorial/,SOURCE_CONTEXT_PRESENT; INTERNAL_ROLE_LANGUAGE_VISIBLE_ON_SOME_TEMPLATES,SOURCE_CONTEXT_PRESENT; INTERNAL_ROLE_LANGUAGE_REMOVED,NOT_APPLICABLE,VISIBLE_CONTENT_NOW_MATCHES_EXISTING_ORGANIZATION_AUTHOR,/authors/echo-buddha-editorial/,Make responsible editorial entity visible without inventing a human
https://echobuddha.com/quotes/mindfulness/return-to-the-breath-before-you-return-to-the/,NOT_VISIBLY_DISPLAYED,Echo Buddha Editorial,SCHEMA_ONLY,/authors/echo-buddha-editorial/,SOURCE_CONTEXT_PRESENT; INTERNAL_ROLE_LANGUAGE_VISIBLE_ON_SOME_TEMPLATES,SOURCE_CONTEXT_PRESENT; INTERNAL_ROLE_LANGUAGE_REMOVED,NOT_APPLICABLE,VISIBLE_CONTENT_NOW_MATCHES_EXISTING_ORGANIZATION_AUTHOR,/authors/echo-buddha-editorial/,Make responsible editorial entity visible without inventing a human
https://echobuddha.com/quotes/mindfulness/the-more-clearly-you-notice-life-the-less-carelessly/,NOT_VISIBLY_DISPLAYED,Echo Buddha Editorial,SCHEMA_ONLY,/authors/echo-buddha-editorial/,SOURCE_CONTEXT_PRESENT; INTERNAL_ROLE_LANGUAGE_VISIBLE_ON_SOME_TEMPLATES,SOURCE_CONTEXT_PRESENT; INTERNAL_ROLE_LANGUAGE_REMOVED,NOT_APPLICABLE,VISIBLE_CONTENT_NOW_MATCHES_EXISTING_ORGANIZATION_AUTHOR,/authors/echo-buddha-editorial/,Make responsible editorial entity visible without inventing a human
https://echobuddha.com/quotes/mindfulness/the-present-moment-asks-for-your-attention-not-your/,NOT_VISIBLY_DISPLAYED,Echo Buddha Editorial,SCHEMA_ONLY,/authors/echo-buddha-editorial/,SOURCE_CONTEXT_PRESENT; INTERNAL_ROLE_LANGUAGE_VISIBLE_ON_SOME_TEMPLATES,SOURCE_CONTEXT_PRESENT; INTERNAL_ROLE_LANGUAGE_REMOVED,NOT_APPLICABLE,VISIBLE_CONTENT_NOW_MATCHES_EXISTING_ORGANIZATION_AUTHOR,/authors/echo-buddha-editorial/,Make responsible editorial entity visible without inventing a human
https://echobuddha.com/quotes/patience/a-difficult-moment-becomes-heavier-when-we-demand-that/,NOT_VISIBLY_DISPLAYED,Echo Buddha Editorial,SCHEMA_ONLY,/authors/echo-buddha-editorial/,SOURCE_CONTEXT_PRESENT; INTERNAL_ROLE_LANGUAGE_VISIBLE_ON_SOME_TEMPLATES,SOURCE_CONTEXT_PRESENT; INTERNAL_ROLE_LANGUAGE_REMOVED,NOT_APPLICABLE,VISIBLE_CONTENT_NOW_MATCHES_EXISTING_ORGANIZATION_AUTHOR,/authors/echo-buddha-editorial/,Make responsible editorial entity visible without inventing a human
https://echobuddha.com/quotes/patience/be-patient-with-the-part-of-you-that-is/,NOT_VISIBLY_DISPLAYED,Echo Buddha Editorial,SCHEMA_ONLY,/authors/echo-buddha-editorial/,SOURCE_CONTEXT_PRESENT; INTERNAL_ROLE_LANGUAGE_VISIBLE_ON_SOME_TEMPLATES,SOURCE_CONTEXT_PRESENT; INTERNAL_ROLE_LANGUAGE_REMOVED,NOT_APPLICABLE,VISIBLE_CONTENT_NOW_MATCHES_EXISTING_ORGANIZATION_AUTHOR,/authors/echo-buddha-editorial/,Make responsible editorial entity visible without inventing a human
https://echobuddha.com/quotes/patience/family-kindness-and-patience/,NOT_VISIBLY_DISPLAYED,Echo Buddha Editorial,SCHEMA_ONLY,/authors/echo-buddha-editorial/,SOURCE_CONTEXT_PRESENT; INTERNAL_ROLE_LANGUAGE_VISIBLE_ON_SOME_TEMPLATES,SOURCE_CONTEXT_PRESENT; INTERNAL_ROLE_LANGUAGE_REMOVED,NOT_APPLICABLE,VISIBLE_CONTENT_NOW_MATCHES_EXISTING_ORGANIZATION_AUTHOR,/authors/echo-buddha-editorial/,Make responsible editorial entity visible without inventing a human
https://echobuddha.com/quotes/patience/growth-is-quiet-work-often-invisible-until-the-season/,NOT_VISIBLY_DISPLAYED,Echo Buddha Editorial,SCHEMA_ONLY,/authors/echo-buddha-editorial/,SOURCE_CONTEXT_PRESENT; INTERNAL_ROLE_LANGUAGE_VISIBLE_ON_SOME_TEMPLATES,SOURCE_CONTEXT_PRESENT; INTERNAL_ROLE_LANGUAGE_REMOVED,NOT_APPLICABLE,VISIBLE_CONTENT_NOW_MATCHES_EXISTING_ORGANIZATION_AUTHOR,/authors/echo-buddha-editorial/,Make responsible editorial entity visible without inventing a human
https://echobuddha.com/quotes/patience/not-every-delay-is-an-obstacle-some-are-invitations/,NOT_VISIBLY_DISPLAYED,Echo Buddha Editorial,SCHEMA_ONLY,/authors/echo-buddha-editorial/,SOURCE_CONTEXT_PRESENT; INTERNAL_ROLE_LANGUAGE_VISIBLE_ON_SOME_TEMPLATES,SOURCE_CONTEXT_PRESENT; INTERNAL_ROLE_LANGUAGE_REMOVED,NOT_APPLICABLE,VISIBLE_CONTENT_NOW_MATCHES_EXISTING_ORGANIZATION_AUTHOR,/authors/echo-buddha-editorial/,Make responsible editorial entity visible without inventing a human
https://echobuddha.com/quotes/patience/patience-is-the-strength-to-remain-present-while-life/,NOT_VISIBLY_DISPLAYED,Echo Buddha Editorial,SCHEMA_ONLY,/authors/echo-buddha-editorial/,SOURCE_CONTEXT_PRESENT; INTERNAL_ROLE_LANGUAGE_VISIBLE_ON_SOME_TEMPLATES,SOURCE_CONTEXT_PRESENT; INTERNAL_ROLE_LANGUAGE_REMOVED,NOT_APPLICABLE,VISIBLE_CONTENT_NOW_MATCHES_EXISTING_ORGANIZATION_AUTHOR,/authors/echo-buddha-editorial/,Make responsible editorial entity visible without inventing a human
https://echobuddha.com/quotes/patience/patience-makes-room-for-truth-to-arrive-without-force/,NOT_VISIBLY_DISPLAYED,Echo Buddha Editorial,SCHEMA_ONLY,/authors/echo-buddha-editorial/,SOURCE_CONTEXT_PRESENT; INTERNAL_ROLE_LANGUAGE_VISIBLE_ON_SOME_TEMPLATES,SOURCE_CONTEXT_PRESENT; INTERNAL_ROLE_LANGUAGE_REMOVED,NOT_APPLICABLE,VISIBLE_CONTENT_NOW_MATCHES_EXISTING_ORGANIZATION_AUTHOR,/authors/echo-buddha-editorial/,Make responsible editorial entity visible without inventing a human
https://echobuddha.com/quotes/patience/patience-softens-the-wait/,NOT_VISIBLY_DISPLAYED,Echo Buddha Editorial,SCHEMA_ONLY,/authors/echo-buddha-editorial/,SOURCE_CONTEXT_PRESENT; INTERNAL_ROLE_LANGUAGE_VISIBLE_ON_SOME_TEMPLATES,SOURCE_CONTEXT_PRESENT; INTERNAL_ROLE_LANGUAGE_REMOVED,NOT_APPLICABLE,VISIBLE_CONTENT_NOW_MATCHES_EXISTING_ORGANIZATION_AUTHOR,/authors/echo-buddha-editorial/,Make responsible editorial entity visible without inventing a human
https://echobuddha.com/quotes/patience/some-answers-become-clear-only-after-the-mind-stops/,NOT_VISIBLY_DISPLAYED,Echo Buddha Editorial,SCHEMA_ONLY,/authors/echo-buddha-editorial/,SOURCE_CONTEXT_PRESENT; INTERNAL_ROLE_LANGUAGE_VISIBLE_ON_SOME_TEMPLATES,SOURCE_CONTEXT_PRESENT; INTERNAL_ROLE_LANGUAGE_REMOVED,NOT_APPLICABLE,VISIBLE_CONTENT_NOW_MATCHES_EXISTING_ORGANIZATION_AUTHOR,/authors/echo-buddha-editorial/,Make responsible editorial entity visible without inventing a human
https://echobuddha.com/quotes/patience/stay-gentle-with-beginnings-they-are-carrying-more-than/,NOT_VISIBLY_DISPLAYED,Echo Buddha Editorial,SCHEMA_ONLY,/authors/echo-buddha-editorial/,SOURCE_CONTEXT_PRESENT; INTERNAL_ROLE_LANGUAGE_VISIBLE_ON_SOME_TEMPLATES,SOURCE_CONTEXT_PRESENT; INTERNAL_ROLE_LANGUAGE_REMOVED,NOT_APPLICABLE,VISIBLE_CONTENT_NOW_MATCHES_EXISTING_ORGANIZATION_AUTHOR,/authors/echo-buddha-editorial/,Make responsible editorial entity visible without inventing a human
https://echobuddha.com/quotes/patience/the-path-unfolds-at-the-pace-of-sincere-practice/,NOT_VISIBLY_DISPLAYED,Echo Buddha Editorial,SCHEMA_ONLY,/authors/echo-buddha-editorial/,SOURCE_CONTEXT_PRESENT; INTERNAL_ROLE_LANGUAGE_VISIBLE_ON_SOME_TEMPLATES,SOURCE_CONTEXT_PRESENT; INTERNAL_ROLE_LANGUAGE_REMOVED,NOT_APPLICABLE,VISIBLE_CONTENT_NOW_MATCHES_EXISTING_ORGANIZATION_AUTHOR,/authors/echo-buddha-editorial/,Make responsible editorial entity visible without inventing a human
https://echobuddha.com/quotes/patience/wait-long-enough-for-the-first-reaction-to-become/,NOT_VISIBLY_DISPLAYED,Echo Buddha Editorial,SCHEMA_ONLY,/authors/echo-buddha-editorial/,SOURCE_CONTEXT_PRESENT; INTERNAL_ROLE_LANGUAGE_VISIBLE_ON_SOME_TEMPLATES,SOURCE_CONTEXT_PRESENT; INTERNAL_ROLE_LANGUAGE_REMOVED,NOT_APPLICABLE,VISIBLE_CONTENT_NOW_MATCHES_EXISTING_ORGANIZATION_AUTHOR,/authors/echo-buddha-editorial/,Make responsible editorial entity visible without inventing a human
https://echobuddha.com/quotes/patience/when-anger-rises-pause-long-enough-to-see-the/,NOT_VISIBLY_DISPLAYED,Echo Buddha Editorial,SCHEMA_ONLY,/authors/echo-buddha-editorial/,SOURCE_CONTEXT_PRESENT; INTERNAL_ROLE_LANGUAGE_VISIBLE_ON_SOME_TEMPLATES,SOURCE_CONTEXT_PRESENT; INTERNAL_ROLE_LANGUAGE_REMOVED,NOT_APPLICABLE,VISIBLE_CONTENT_NOW_MATCHES_EXISTING_ORGANIZATION_AUTHOR,/authors/echo-buddha-editorial/,Make responsible editorial entity visible without inventing a human
https://echobuddha.com/quotes/practice/a-peaceful-life-is-built-from-peaceful-moments-practiced/,NOT_VISIBLY_DISPLAYED,Echo Buddha Editorial,SCHEMA_ONLY,/authors/echo-buddha-editorial/,SOURCE_CONTEXT_PRESENT; INTERNAL_ROLE_LANGUAGE_VISIBLE_ON_SOME_TEMPLATES,SOURCE_CONTEXT_PRESENT; INTERNAL_ROLE_LANGUAGE_REMOVED,NOT_APPLICABLE,VISIBLE_CONTENT_NOW_MATCHES_EXISTING_ORGANIZATION_AUTHOR,/authors/echo-buddha-editorial/,Make responsible editorial entity visible without inventing a human
https://echobuddha.com/quotes/practice/begin-with-what-is-possible-then-return-tomorrow/,NOT_VISIBLY_DISPLAYED,Echo Buddha Editorial,SCHEMA_ONLY,/authors/echo-buddha-editorial/,SOURCE_CONTEXT_PRESENT; INTERNAL_ROLE_LANGUAGE_VISIBLE_ON_SOME_TEMPLATES,SOURCE_CONTEXT_PRESENT; INTERNAL_ROLE_LANGUAGE_REMOVED,NOT_APPLICABLE,VISIBLE_CONTENT_NOW_MATCHES_EXISTING_ORGANIZATION_AUTHOR,/authors/echo-buddha-editorial/,Make responsible editorial entity visible without inventing a human
https://echobuddha.com/quotes/practice/bring-the-teaching-into-the-place-where-you-are/,NOT_VISIBLY_DISPLAYED,Echo Buddha Editorial,SCHEMA_ONLY,/authors/echo-buddha-editorial/,SOURCE_CONTEXT_PRESENT; INTERNAL_ROLE_LANGUAGE_VISIBLE_ON_SOME_TEMPLATES,SOURCE_CONTEXT_PRESENT; INTERNAL_ROLE_LANGUAGE_REMOVED,NOT_APPLICABLE,VISIBLE_CONTENT_NOW_MATCHES_EXISTING_ORGANIZATION_AUTHOR,/authors/echo-buddha-editorial/,Make responsible editorial entity visible without inventing a human
https://echobuddha.com/quotes/practice/daily-practice-turns-understanding-from-an-idea-into-a/,NOT_VISIBLY_DISPLAYED,Echo Buddha Editorial,SCHEMA_ONLY,/authors/echo-buddha-editorial/,SOURCE_CONTEXT_PRESENT; INTERNAL_ROLE_LANGUAGE_VISIBLE_ON_SOME_TEMPLATES,SOURCE_CONTEXT_PRESENT; INTERNAL_ROLE_LANGUAGE_REMOVED,NOT_APPLICABLE,VISIBLE_CONTENT_NOW_MATCHES_EXISTING_ORGANIZATION_AUTHOR,/authors/echo-buddha-editorial/,Make responsible editorial entity visible without inventing a human
https://echobuddha.com/quotes/practice/do-not-wait-to-feel-ready-before-choosing-what/,NOT_VISIBLY_DISPLAYED,Echo Buddha Editorial,SCHEMA_ONLY,/authors/echo-buddha-editorial/,SOURCE_CONTEXT_PRESENT; INTERNAL_ROLE_LANGUAGE_VISIBLE_ON_SOME_TEMPLATES,SOURCE_CONTEXT_PRESENT; INTERNAL_ROLE_LANGUAGE_REMOVED,NOT_APPLICABLE,VISIBLE_CONTENT_NOW_MATCHES_EXISTING_ORGANIZATION_AUTHOR,/authors/echo-buddha-editorial/,Make responsible editorial entity visible without inventing a human
https://echobuddha.com/quotes/practice/eightfold-path-daily-choices/,NOT_VISIBLY_DISPLAYED,Echo Buddha Editorial,SCHEMA_ONLY,/authors/echo-buddha-editorial/,SOURCE_CONTEXT_PRESENT; INTERNAL_ROLE_LANGUAGE_VISIBLE_ON_SOME_TEMPLATES,SOURCE_CONTEXT_PRESENT; INTERNAL_ROLE_LANGUAGE_REMOVED,NOT_APPLICABLE,VISIBLE_CONTENT_NOW_MATCHES_EXISTING_ORGANIZATION_AUTHOR,/authors/echo-buddha-editorial/,Make responsible editorial entity visible without inventing a human
https://echobuddha.com/quotes/practice/mindfulness-at-work-breath/,NOT_VISIBLY_DISPLAYED,Echo Buddha Editorial,SCHEMA_ONLY,/authors/echo-buddha-editorial/,SOURCE_CONTEXT_PRESENT; INTERNAL_ROLE_LANGUAGE_VISIBLE_ON_SOME_TEMPLATES,SOURCE_CONTEXT_PRESENT; INTERNAL_ROLE_LANGUAGE_REMOVED,NOT_APPLICABLE,VISIBLE_CONTENT_NOW_MATCHES_EXISTING_ORGANIZATION_AUTHOR,/authors/echo-buddha-editorial/,Make responsible editorial entity visible without inventing a human
https://echobuddha.com/quotes/practice/practice-becomes-real-when-it-enters-your-speech-and/,NOT_VISIBLY_DISPLAYED,Echo Buddha Editorial,SCHEMA_ONLY,/authors/echo-buddha-editorial/,SOURCE_CONTEXT_PRESENT; INTERNAL_ROLE_LANGUAGE_VISIBLE_ON_SOME_TEMPLATES,SOURCE_CONTEXT_PRESENT; INTERNAL_ROLE_LANGUAGE_REMOVED,NOT_APPLICABLE,VISIBLE_CONTENT_NOW_MATCHES_EXISTING_ORGANIZATION_AUTHOR,/authors/echo-buddha-editorial/,Make responsible editorial entity visible without inventing a human
https://echobuddha.com/quotes/practice/right-intention-turns-the-heart/,NOT_VISIBLY_DISPLAYED,Echo Buddha Editorial,SCHEMA_ONLY,/authors/echo-buddha-editorial/,SOURCE_CONTEXT_PRESENT; INTERNAL_ROLE_LANGUAGE_VISIBLE_ON_SOME_TEMPLATES,SOURCE_CONTEXT_PRESENT; INTERNAL_ROLE_LANGUAGE_REMOVED,NOT_APPLICABLE,VISIBLE_CONTENT_NOW_MATCHES_EXISTING_ORGANIZATION_AUTHOR,/authors/echo-buddha-editorial/,Make responsible editorial entity visible without inventing a human
https://echobuddha.com/quotes/practice/small-actions-shape-the-mind/,NOT_VISIBLY_DISPLAYED,Echo Buddha Editorial,SCHEMA_ONLY,/authors/echo-buddha-editorial/,SOURCE_CONTEXT_PRESENT; INTERNAL_ROLE_LANGUAGE_VISIBLE_ON_SOME_TEMPLATES,SOURCE_CONTEXT_PRESENT; INTERNAL_ROLE_LANGUAGE_REMOVED,NOT_APPLICABLE,VISIBLE_CONTENT_NOW_MATCHES_EXISTING_ORGANIZATION_AUTHOR,/authors/echo-buddha-editorial/,Make responsible editorial entity visible without inventing a human
https://echobuddha.com/quotes/practice/the-path-is-not-far-away-it-is-the/,NOT_VISIBLY_DISPLAYED,Echo Buddha Editorial,SCHEMA_ONLY,/authors/echo-buddha-editorial/,SOURCE_CONTEXT_PRESENT; INTERNAL_ROLE_LANGUAGE_VISIBLE_ON_SOME_TEMPLATES,SOURCE_CONTEXT_PRESENT; INTERNAL_ROLE_LANGUAGE_REMOVED,NOT_APPLICABLE,VISIBLE_CONTENT_NOW_MATCHES_EXISTING_ORGANIZATION_AUTHOR,/authors/echo-buddha-editorial/,Make responsible editorial entity visible without inventing a human
https://echobuddha.com/quotes/practice/the-path-is-shaped-by-what-you-repeat-when/,NOT_VISIBLY_DISPLAYED,Echo Buddha Editorial,SCHEMA_ONLY,/authors/echo-buddha-editorial/,SOURCE_CONTEXT_PRESENT; INTERNAL_ROLE_LANGUAGE_VISIBLE_ON_SOME_TEMPLATES,SOURCE_CONTEXT_PRESENT; INTERNAL_ROLE_LANGUAGE_REMOVED,NOT_APPLICABLE,VISIBLE_CONTENT_NOW_MATCHES_EXISTING_ORGANIZATION_AUTHOR,/authors/echo-buddha-editorial/,Make responsible editorial entity visible without inventing a human
https://echobuddha.com/quotes/practice/the-smallest-wholesome-action-is-larger-than-the-finest/,NOT_VISIBLY_DISPLAYED,Echo Buddha Editorial,SCHEMA_ONLY,/authors/echo-buddha-editorial/,SOURCE_CONTEXT_PRESENT; INTERNAL_ROLE_LANGUAGE_VISIBLE_ON_SOME_TEMPLATES,SOURCE_CONTEXT_PRESENT; INTERNAL_ROLE_LANGUAGE_REMOVED,NOT_APPLICABLE,VISIBLE_CONTENT_NOW_MATCHES_EXISTING_ORGANIZATION_AUTHOR,/authors/echo-buddha-editorial/,Make responsible editorial entity visible without inventing a human
https://echobuddha.com/quotes/practice/walk-slowly-enough-to-notice-where-your-life-is/,NOT_VISIBLY_DISPLAYED,Echo Buddha Editorial,SCHEMA_ONLY,/authors/echo-buddha-editorial/,SOURCE_CONTEXT_PRESENT; INTERNAL_ROLE_LANGUAGE_VISIBLE_ON_SOME_TEMPLATES,SOURCE_CONTEXT_PRESENT; INTERNAL_ROLE_LANGUAGE_REMOVED,NOT_APPLICABLE,VISIBLE_CONTENT_NOW_MATCHES_EXISTING_ORGANIZATION_AUTHOR,/authors/echo-buddha-editorial/,Make responsible editorial entity visible without inventing a human
https://echobuddha.com/quotes/practice/your-next-response-is-always-part-of-the-path/,NOT_VISIBLY_DISPLAYED,Echo Buddha Editorial,SCHEMA_ONLY,/authors/echo-buddha-editorial/,SOURCE_CONTEXT_PRESENT; INTERNAL_ROLE_LANGUAGE_VISIBLE_ON_SOME_TEMPLATES,SOURCE_CONTEXT_PRESENT; INTERNAL_ROLE_LANGUAGE_REMOVED,NOT_APPLICABLE,VISIBLE_CONTENT_NOW_MATCHES_EXISTING_ORGANIZATION_AUTHOR,/authors/echo-buddha-editorial/,Make responsible editorial entity visible without inventing a human
https://echobuddha.com/quotes/renewal/a-mistake-becomes-a-teacher-when-honesty-enters-the/,NOT_VISIBLY_DISPLAYED,Echo Buddha Editorial,SCHEMA_ONLY,/authors/echo-buddha-editorial/,SOURCE_CONTEXT_PRESENT; INTERNAL_ROLE_LANGUAGE_VISIBLE_ON_SOME_TEMPLATES,SOURCE_CONTEXT_PRESENT; INTERNAL_ROLE_LANGUAGE_REMOVED,NOT_APPLICABLE,VISIBLE_CONTENT_NOW_MATCHES_EXISTING_ORGANIZATION_AUTHOR,/authors/echo-buddha-editorial/,Make responsible editorial entity visible without inventing a human
https://echobuddha.com/quotes/renewal/a-new-direction-can-start-with-one-different-choice/,NOT_VISIBLY_DISPLAYED,Echo Buddha Editorial,SCHEMA_ONLY,/authors/echo-buddha-editorial/,SOURCE_CONTEXT_PRESENT; INTERNAL_ROLE_LANGUAGE_VISIBLE_ON_SOME_TEMPLATES,SOURCE_CONTEXT_PRESENT; INTERNAL_ROLE_LANGUAGE_REMOVED,NOT_APPLICABLE,VISIBLE_CONTENT_NOW_MATCHES_EXISTING_ORGANIZATION_AUTHOR,/authors/echo-buddha-editorial/,Make responsible editorial entity visible without inventing a human
https://echobuddha.com/quotes/renewal/begin-again-gently-the-breath-is-always-willing/,NOT_VISIBLY_DISPLAYED,Echo Buddha Editorial,SCHEMA_ONLY,/authors/echo-buddha-editorial/,SOURCE_CONTEXT_PRESENT; INTERNAL_ROLE_LANGUAGE_VISIBLE_ON_SOME_TEMPLATES,SOURCE_CONTEXT_PRESENT; INTERNAL_ROLE_LANGUAGE_REMOVED,NOT_APPLICABLE,VISIBLE_CONTENT_NOW_MATCHES_EXISTING_ORGANIZATION_AUTHOR,/authors/echo-buddha-editorial/,Make responsible editorial entity visible without inventing a human
https://echobuddha.com/quotes/renewal/begin-again-without-shame/,NOT_VISIBLY_DISPLAYED,Echo Buddha Editorial,SCHEMA_ONLY,/authors/echo-buddha-editorial/,SOURCE_CONTEXT_PRESENT; INTERNAL_ROLE_LANGUAGE_VISIBLE_ON_SOME_TEMPLATES,SOURCE_CONTEXT_PRESENT; INTERNAL_ROLE_LANGUAGE_REMOVED,NOT_APPLICABLE,VISIBLE_CONTENT_NOW_MATCHES_EXISTING_ORGANIZATION_AUTHOR,/authors/echo-buddha-editorial/,Make responsible editorial entity visible without inventing a human
https://echobuddha.com/quotes/renewal/begin-again-without-turning-yesterday-into-a-sentence/,NOT_VISIBLY_DISPLAYED,Echo Buddha Editorial,SCHEMA_ONLY,/authors/echo-buddha-editorial/,SOURCE_CONTEXT_PRESENT; INTERNAL_ROLE_LANGUAGE_VISIBLE_ON_SOME_TEMPLATES,SOURCE_CONTEXT_PRESENT; INTERNAL_ROLE_LANGUAGE_REMOVED,NOT_APPLICABLE,VISIBLE_CONTENT_NOW_MATCHES_EXISTING_ORGANIZATION_AUTHOR,/authors/echo-buddha-editorial/,Make responsible editorial entity visible without inventing a human
https://echobuddha.com/quotes/renewal/do-not-confuse-an-old-pattern-with-an-unchangeable/,NOT_VISIBLY_DISPLAYED,Echo Buddha Editorial,SCHEMA_ONLY,/authors/echo-buddha-editorial/,SOURCE_CONTEXT_PRESENT; INTERNAL_ROLE_LANGUAGE_VISIBLE_ON_SOME_TEMPLATES,SOURCE_CONTEXT_PRESENT; INTERNAL_ROLE_LANGUAGE_REMOVED,NOT_APPLICABLE,VISIBLE_CONTENT_NOW_MATCHES_EXISTING_ORGANIZATION_AUTHOR,/authors/echo-buddha-editorial/,Make responsible editorial entity visible without inventing a human
https://echobuddha.com/quotes/renewal/each-conscious-breath-is-a-small-vote-for-beginning/,NOT_VISIBLY_DISPLAYED,Echo Buddha Editorial,SCHEMA_ONLY,/authors/echo-buddha-editorial/,SOURCE_CONTEXT_PRESENT; INTERNAL_ROLE_LANGUAGE_VISIBLE_ON_SOME_TEMPLATES,SOURCE_CONTEXT_PRESENT; INTERNAL_ROLE_LANGUAGE_REMOVED,NOT_APPLICABLE,VISIBLE_CONTENT_NOW_MATCHES_EXISTING_ORGANIZATION_AUTHOR,/authors/echo-buddha-editorial/,Make responsible editorial entity visible without inventing a human
https://echobuddha.com/quotes/renewal/evening-release-reflection/,NOT_VISIBLY_DISPLAYED,Echo Buddha Editorial,SCHEMA_ONLY,/authors/echo-buddha-editorial/,SOURCE_CONTEXT_PRESENT; INTERNAL_ROLE_LANGUAGE_VISIBLE_ON_SOME_TEMPLATES,SOURCE_CONTEXT_PRESENT; INTERNAL_ROLE_LANGUAGE_REMOVED,NOT_APPLICABLE,VISIBLE_CONTENT_NOW_MATCHES_EXISTING_ORGANIZATION_AUTHOR,/authors/echo-buddha-editorial/,Make responsible editorial entity visible without inventing a human
https://echobuddha.com/quotes/renewal/gentle-hope-keeps-walking/,NOT_VISIBLY_DISPLAYED,Echo Buddha Editorial,SCHEMA_ONLY,/authors/echo-buddha-editorial/,SOURCE_CONTEXT_PRESENT; INTERNAL_ROLE_LANGUAGE_VISIBLE_ON_SOME_TEMPLATES,SOURCE_CONTEXT_PRESENT; INTERNAL_ROLE_LANGUAGE_REMOVED,NOT_APPLICABLE,VISIBLE_CONTENT_NOW_MATCHES_EXISTING_ORGANIZATION_AUTHOR,/authors/echo-buddha-editorial/,Make responsible editorial entity visible without inventing a human
https://echobuddha.com/quotes/renewal/hope-can-be-quiet-and-still-keep-walking/,NOT_VISIBLY_DISPLAYED,Echo Buddha Editorial,SCHEMA_ONLY,/authors/echo-buddha-editorial/,SOURCE_CONTEXT_PRESENT; INTERNAL_ROLE_LANGUAGE_VISIBLE_ON_SOME_TEMPLATES,SOURCE_CONTEXT_PRESENT; INTERNAL_ROLE_LANGUAGE_REMOVED,NOT_APPLICABLE,VISIBLE_CONTENT_NOW_MATCHES_EXISTING_ORGANIZATION_AUTHOR,/authors/echo-buddha-editorial/,Make responsible editorial entity visible without inventing a human
https://echobuddha.com/quotes/renewal/morning-is-not-the-only-time-a-life-can/,NOT_VISIBLY_DISPLAYED,Echo Buddha Editorial,SCHEMA_ONLY,/authors/echo-buddha-editorial/,SOURCE_CONTEXT_PRESENT; INTERNAL_ROLE_LANGUAGE_VISIBLE_ON_SOME_TEMPLATES,SOURCE_CONTEXT_PRESENT; INTERNAL_ROLE_LANGUAGE_REMOVED,NOT_APPLICABLE,VISIBLE_CONTENT_NOW_MATCHES_EXISTING_ORGANIZATION_AUTHOR,/authors/echo-buddha-editorial/,Make responsible editorial entity visible without inventing a human
https://echobuddha.com/quotes/renewal/one-calm-morning-intention/,NOT_VISIBLY_DISPLAYED,Echo Buddha Editorial,SCHEMA_ONLY,/authors/echo-buddha-editorial/,SOURCE_CONTEXT_PRESENT; INTERNAL_ROLE_LANGUAGE_VISIBLE_ON_SOME_TEMPLATES,SOURCE_CONTEXT_PRESENT; INTERNAL_ROLE_LANGUAGE_REMOVED,NOT_APPLICABLE,VISIBLE_CONTENT_NOW_MATCHES_EXISTING_ORGANIZATION_AUTHOR,/authors/echo-buddha-editorial/,Make responsible editorial entity visible without inventing a human
https://echobuddha.com/quotes/renewal/repair-what-you-can-forgive-what-you-cannot-redo/,NOT_VISIBLY_DISPLAYED,Echo Buddha Editorial,SCHEMA_ONLY,/authors/echo-buddha-editorial/,SOURCE_CONTEXT_PRESENT; INTERNAL_ROLE_LANGUAGE_VISIBLE_ON_SOME_TEMPLATES,SOURCE_CONTEXT_PRESENT; INTERNAL_ROLE_LANGUAGE_REMOVED,NOT_APPLICABLE,VISIBLE_CONTENT_NOW_MATCHES_EXISTING_ORGANIZATION_AUTHOR,/authors/echo-buddha-editorial/,Make responsible editorial entity visible without inventing a human
https://echobuddha.com/quotes/renewal/the-path-welcomes-your-return-more-often-than-pride/,NOT_VISIBLY_DISPLAYED,Echo Buddha Editorial,SCHEMA_ONLY,/authors/echo-buddha-editorial/,SOURCE_CONTEXT_PRESENT; INTERNAL_ROLE_LANGUAGE_VISIBLE_ON_SOME_TEMPLATES,SOURCE_CONTEXT_PRESENT; INTERNAL_ROLE_LANGUAGE_REMOVED,NOT_APPLICABLE,VISIBLE_CONTENT_NOW_MATCHES_EXISTING_ORGANIZATION_AUTHOR,/authors/echo-buddha-editorial/,Make responsible editorial entity visible without inventing a human
https://echobuddha.com/quotes/renewal/you-are-allowed-to-learn-slowly-and-still-be/,NOT_VISIBLY_DISPLAYED,Echo Buddha Editorial,SCHEMA_ONLY,/authors/echo-buddha-editorial/,SOURCE_CONTEXT_PRESENT; INTERNAL_ROLE_LANGUAGE_VISIBLE_ON_SOME_TEMPLATES,SOURCE_CONTEXT_PRESENT; INTERNAL_ROLE_LANGUAGE_REMOVED,NOT_APPLICABLE,VISIBLE_CONTENT_NOW_MATCHES_EXISTING_ORGANIZATION_AUTHOR,/authors/echo-buddha-editorial/,Make responsible editorial entity visible without inventing a human
https://echobuddha.com/quotes/wisdom/a-clear-mind-can-hold-two-truths-without-rushing/,NOT_VISIBLY_DISPLAYED,Echo Buddha Editorial,SCHEMA_ONLY,/authors/echo-buddha-editorial/,SOURCE_CONTEXT_PRESENT; INTERNAL_ROLE_LANGUAGE_VISIBLE_ON_SOME_TEMPLATES,SOURCE_CONTEXT_PRESENT; INTERNAL_ROLE_LANGUAGE_REMOVED,NOT_APPLICABLE,VISIBLE_CONTENT_NOW_MATCHES_EXISTING_ORGANIZATION_AUTHOR,/authors/echo-buddha-editorial/,Make responsible editorial entity visible without inventing a human
https://echobuddha.com/quotes/wisdom/a-useful-truth-is-carried-with-humility-not-used/,NOT_VISIBLY_DISPLAYED,Echo Buddha Editorial,SCHEMA_ONLY,/authors/echo-buddha-editorial/,SOURCE_CONTEXT_PRESENT; INTERNAL_ROLE_LANGUAGE_VISIBLE_ON_SOME_TEMPLATES,SOURCE_CONTEXT_PRESENT; INTERNAL_ROLE_LANGUAGE_REMOVED,NOT_APPLICABLE,VISIBLE_CONTENT_NOW_MATCHES_EXISTING_ORGANIZATION_AUTHOR,/authors/echo-buddha-editorial/,Make responsible editorial entity visible without inventing a human
https://echobuddha.com/quotes/wisdom/contentment-with-what-is-here/,NOT_VISIBLY_DISPLAYED,Echo Buddha Editorial,SCHEMA_ONLY,/authors/echo-buddha-editorial/,SOURCE_CONTEXT_PRESENT; INTERNAL_ROLE_LANGUAGE_VISIBLE_ON_SOME_TEMPLATES,SOURCE_CONTEXT_PRESENT; INTERNAL_ROLE_LANGUAGE_REMOVED,NOT_APPLICABLE,VISIBLE_CONTENT_NOW_MATCHES_EXISTING_ORGANIZATION_AUTHOR,/authors/echo-buddha-editorial/,Make responsible editorial entity visible without inventing a human
https://echobuddha.com/quotes/wisdom/difficult-people-and-boundaries/,NOT_VISIBLY_DISPLAYED,Echo Buddha Editorial,SCHEMA_ONLY,/authors/echo-buddha-editorial/,SOURCE_CONTEXT_PRESENT; INTERNAL_ROLE_LANGUAGE_VISIBLE_ON_SOME_TEMPLATES,SOURCE_CONTEXT_PRESENT; INTERNAL_ROLE_LANGUAGE_REMOVED,NOT_APPLICABLE,VISIBLE_CONTENT_NOW_MATCHES_EXISTING_ORGANIZATION_AUTHOR,/authors/echo-buddha-editorial/,Make responsible editorial entity visible without inventing a human
https://echobuddha.com/quotes/wisdom/karma-begins-in-intention/,NOT_VISIBLY_DISPLAYED,Echo Buddha Editorial,SCHEMA_ONLY,/authors/echo-buddha-editorial/,SOURCE_CONTEXT_PRESENT; INTERNAL_ROLE_LANGUAGE_VISIBLE_ON_SOME_TEMPLATES,SOURCE_CONTEXT_PRESENT; INTERNAL_ROLE_LANGUAGE_REMOVED,NOT_APPLICABLE,VISIBLE_CONTENT_NOW_MATCHES_EXISTING_ORGANIZATION_AUTHOR,/authors/echo-buddha-editorial/,Make responsible editorial entity visible without inventing a human
https://echobuddha.com/quotes/wisdom/knowing-when-not-to-speak-is-also-a-form/,NOT_VISIBLY_DISPLAYED,Echo Buddha Editorial,SCHEMA_ONLY,/authors/echo-buddha-editorial/,SOURCE_CONTEXT_PRESENT; INTERNAL_ROLE_LANGUAGE_VISIBLE_ON_SOME_TEMPLATES,SOURCE_CONTEXT_PRESENT; INTERNAL_ROLE_LANGUAGE_REMOVED,NOT_APPLICABLE,VISIBLE_CONTENT_NOW_MATCHES_EXISTING_ORGANIZATION_AUTHOR,/authors/echo-buddha-editorial/,Make responsible editorial entity visible without inventing a human
https://echobuddha.com/quotes/wisdom/learn-from-discomfort-without-turning-suffering-into-an-identity/,NOT_VISIBLY_DISPLAYED,Echo Buddha Editorial,SCHEMA_ONLY,/authors/echo-buddha-editorial/,SOURCE_CONTEXT_PRESENT; INTERNAL_ROLE_LANGUAGE_VISIBLE_ON_SOME_TEMPLATES,SOURCE_CONTEXT_PRESENT; INTERNAL_ROLE_LANGUAGE_REMOVED,NOT_APPLICABLE,VISIBLE_CONTENT_NOW_MATCHES_EXISTING_ORGANIZATION_AUTHOR,/authors/echo-buddha-editorial/,Make responsible editorial entity visible without inventing a human
https://echobuddha.com/quotes/wisdom/right-speech-with-kindness/,NOT_VISIBLY_DISPLAYED,Echo Buddha Editorial,SCHEMA_ONLY,/authors/echo-buddha-editorial/,SOURCE_CONTEXT_PRESENT; INTERNAL_ROLE_LANGUAGE_VISIBLE_ON_SOME_TEMPLATES,SOURCE_CONTEXT_PRESENT; INTERNAL_ROLE_LANGUAGE_REMOVED,NOT_APPLICABLE,VISIBLE_CONTENT_NOW_MATCHES_EXISTING_ORGANIZATION_AUTHOR,/authors/echo-buddha-editorial/,Make responsible editorial entity visible without inventing a human
https://echobuddha.com/quotes/wisdom/see-the-conditions-behind-an-action-and-blame-may/,NOT_VISIBLY_DISPLAYED,Echo Buddha Editorial,SCHEMA_ONLY,/authors/echo-buddha-editorial/,SOURCE_CONTEXT_PRESENT; INTERNAL_ROLE_LANGUAGE_VISIBLE_ON_SOME_TEMPLATES,SOURCE_CONTEXT_PRESENT; INTERNAL_ROLE_LANGUAGE_REMOVED,NOT_APPLICABLE,VISIBLE_CONTENT_NOW_MATCHES_EXISTING_ORGANIZATION_AUTHOR,/authors/echo-buddha-editorial/,Make responsible editorial entity visible without inventing a human
https://echobuddha.com/quotes/wisdom/simplicity-clears-the-room/,NOT_VISIBLY_DISPLAYED,Echo Buddha Editorial,SCHEMA_ONLY,/authors/echo-buddha-editorial/,SOURCE_CONTEXT_PRESENT; INTERNAL_ROLE_LANGUAGE_VISIBLE_ON_SOME_TEMPLATES,SOURCE_CONTEXT_PRESENT; INTERNAL_ROLE_LANGUAGE_REMOVED,NOT_APPLICABLE,VISIBLE_CONTENT_NOW_MATCHES_EXISTING_ORGANIZATION_AUTHOR,/authors/echo-buddha-editorial/,Make responsible editorial entity visible without inventing a human
https://echobuddha.com/quotes/wisdom/the-lesson-repeats-until-attention-replaces-habit/,NOT_VISIBLY_DISPLAYED,Echo Buddha Editorial,SCHEMA_ONLY,/authors/echo-buddha-editorial/,SOURCE_CONTEXT_PRESENT; INTERNAL_ROLE_LANGUAGE_VISIBLE_ON_SOME_TEMPLATES,SOURCE_CONTEXT_PRESENT; INTERNAL_ROLE_LANGUAGE_REMOVED,NOT_APPLICABLE,VISIBLE_CONTENT_NOW_MATCHES_EXISTING_ORGANIZATION_AUTHOR,/authors/echo-buddha-editorial/,Make responsible editorial entity visible without inventing a human
https://echobuddha.com/quotes/wisdom/the-wise-heart-changes-course-when-clearer-seeing-arrives/,NOT_VISIBLY_DISPLAYED,Echo Buddha Editorial,SCHEMA_ONLY,/authors/echo-buddha-editorial/,SOURCE_CONTEXT_PRESENT; INTERNAL_ROLE_LANGUAGE_VISIBLE_ON_SOME_TEMPLATES,SOURCE_CONTEXT_PRESENT; INTERNAL_ROLE_LANGUAGE_REMOVED,NOT_APPLICABLE,VISIBLE_CONTENT_NOW_MATCHES_EXISTING_ORGANIZATION_AUTHOR,/authors/echo-buddha-editorial/,Make responsible editorial entity visible without inventing a human
https://echobuddha.com/quotes/wisdom/understanding-suffering-honestly/,NOT_VISIBLY_DISPLAYED,Echo Buddha Editorial,SCHEMA_ONLY,/authors/echo-buddha-editorial/,SOURCE_CONTEXT_PRESENT; INTERNAL_ROLE_LANGUAGE_VISIBLE_ON_SOME_TEMPLATES,SOURCE_CONTEXT_PRESENT; INTERNAL_ROLE_LANGUAGE_REMOVED,NOT_APPLICABLE,VISIBLE_CONTENT_NOW_MATCHES_EXISTING_ORGANIZATION_AUTHOR,/authors/echo-buddha-editorial/,Make responsible editorial entity visible without inventing a human
https://echobuddha.com/quotes/wisdom/what-feels-urgent-is-not-always-what-matters-most/,NOT_VISIBLY_DISPLAYED,Echo Buddha Editorial,SCHEMA_ONLY,/authors/echo-buddha-editorial/,SOURCE_CONTEXT_PRESENT; INTERNAL_ROLE_LANGUAGE_VISIBLE_ON_SOME_TEMPLATES,SOURCE_CONTEXT_PRESENT; INTERNAL_ROLE_LANGUAGE_REMOVED,NOT_APPLICABLE,VISIBLE_CONTENT_NOW_MATCHES_EXISTING_ORGANIZATION_AUTHOR,/authors/echo-buddha-editorial/,Make responsible editorial entity visible without inventing a human
https://echobuddha.com/quotes/wisdom/wisdom-is-less-interested-in-winning-than-in-ending/,NOT_VISIBLY_DISPLAYED,Echo Buddha Editorial,SCHEMA_ONLY,/authors/echo-buddha-editorial/,SOURCE_CONTEXT_PRESENT; INTERNAL_ROLE_LANGUAGE_VISIBLE_ON_SOME_TEMPLATES,SOURCE_CONTEXT_PRESENT; INTERNAL_ROLE_LANGUAGE_REMOVED,NOT_APPLICABLE,VISIBLE_CONTENT_NOW_MATCHES_EXISTING_ORGANIZATION_AUTHOR,/authors/echo-buddha-editorial/,Make responsible editorial entity visible without inventing a human
https://echobuddha.com/quotes/wisdom/wisdom-is-the-art-of-meeting-life-without-adding/,NOT_VISIBLY_DISPLAYED,Echo Buddha Editorial,SCHEMA_ONLY,/authors/echo-buddha-editorial/,SOURCE_CONTEXT_PRESENT; INTERNAL_ROLE_LANGUAGE_VISIBLE_ON_SOME_TEMPLATES,SOURCE_CONTEXT_PRESENT; INTERNAL_ROLE_LANGUAGE_REMOVED,NOT_APPLICABLE,VISIBLE_CONTENT_NOW_MATCHES_EXISTING_ORGANIZATION_AUTHOR,/authors/echo-buddha-editorial/,Make responsible editorial entity visible without inventing a human
https://echobuddha.com/quotes/wisdom/wisdom-sees-clearly/,NOT_VISIBLY_DISPLAYED,Echo Buddha Editorial,SCHEMA_ONLY,/authors/echo-buddha-editorial/,SOURCE_CONTEXT_PRESENT; INTERNAL_ROLE_LANGUAGE_VISIBLE_ON_SOME_TEMPLATES,SOURCE_CONTEXT_PRESENT; INTERNAL_ROLE_LANGUAGE_REMOVED,NOT_APPLICABLE,VISIBLE_CONTENT_NOW_MATCHES_EXISTING_ORGANIZATION_AUTHOR,/authors/echo-buddha-editorial/,Make responsible editorial entity visible without inventing a human
https://echobuddha.com/quotes/wisdom/wisdom-sees-the-whole-fire-not-only-the-spark/,NOT_VISIBLY_DISPLAYED,Echo Buddha Editorial,SCHEMA_ONLY,/authors/echo-buddha-editorial/,SOURCE_CONTEXT_PRESENT; INTERNAL_ROLE_LANGUAGE_VISIBLE_ON_SOME_TEMPLATES,SOURCE_CONTEXT_PRESENT; INTERNAL_ROLE_LANGUAGE_REMOVED,NOT_APPLICABLE,VISIBLE_CONTENT_NOW_MATCHES_EXISTING_ORGANIZATION_AUTHOR,/authors/echo-buddha-editorial/,Make responsible editorial entity visible without inventing a human
https://echobuddha.com/quotes/wisdom/wise-silence/,NOT_VISIBLY_DISPLAYED,Echo Buddha Editorial,SCHEMA_ONLY,/authors/echo-buddha-editorial/,SOURCE_CONTEXT_PRESENT; INTERNAL_ROLE_LANGUAGE_VISIBLE_ON_SOME_TEMPLATES,SOURCE_CONTEXT_PRESENT; INTERNAL_ROLE_LANGUAGE_REMOVED,NOT_APPLICABLE,VISIBLE_CONTENT_NOW_MATCHES_EXISTING_ORGANIZATION_AUTHOR,/authors/echo-buddha-editorial/,Make responsible editorial entity visible without inventing a human
