cluster ID,affected family,affected URLs,repeated fragment,fragment type,exact/near match,prevalence,whether legitimate UI,whether substantive,Search-equity sensitivity,action
RP-001,ARTICLE,https://echobuddha.com/articles/beginning-a-daily-mindfulness-practice/ | https://echobuddha.com/articles/buddhism-for-beginners-simple-guide/ | https://echobuddha.com/articles/buddhist-approach-to-anger/ | https://echobuddha.com/articles/buddhist-gratitude-practice/ | https://echobuddha.com/articles/buddhist-teachings-on-forgiveness/ | https://echobuddha.com/articles/buddhist-teachings-on-impermanence/ | https://echobuddha.com/articles/buddhist-wisdom-for-overthinking/ | https://echobuddha.com/articles/compassion-as-a-daily-discipline/ | https://echobuddha.com/articles/compassion-in-buddhism-beginner-guide/ | https://echobuddha.com/articles/compassion-with-boundaries/ | https://echobuddha.com/articles/creating-a-peaceful-corner-at-home/ | https://echobuddha.com/articles/dhamma-vs-dharma/ | https://echobuddha.com/articles/dhammapada-reflection-trained-mind/ | https://echobuddha.com/articles/dhammapada-reflection-what-we-think/ | https://echobuddha.com/articles/dhammapada-verse-1-meaning/ | https://echobuddha.com/articles/eightfold-path-explained-daily-life/ | https://echobuddha.com/articles/eightfold-path-explained/ | https://echobuddha.com/articles/equanimity-in-buddhism/ | https://echobuddha.com/articles/first-week-buddhist-practice/ | https://echobuddha.com/articles/five-precepts-in-daily-life/ | https://echobuddha.com/articles/four-noble-truths-explained-simply/ | https://echobuddha.com/articles/four-noble-truths-explained/ | https://echobuddha.com/articles/how-to-let-go-of-attachment-in-buddhism/ | https://echobuddha.com/articles/how-to-meditate-for-anxiety/ | https://echobuddha.com/articles/how-to-meditate-for-beginners/ | https://echobuddha.com/articles/impermanence-in-buddhism-letting-go/ | https://echobuddha.com/articles/impermanence-in-buddhism/ | https://echobuddha.com/articles/loving-kindness-meditation-beginners/ | https://echobuddha.com/articles/loving-kindness-meditation-guide/ | https://echobuddha.com/articles/metta-meditation-script/ | https://echobuddha.com/articles/mindful-email-and-texting/ | https://echobuddha.com/articles/mindful-listening-in-everyday-life/ | https://echobuddha.com/articles/mindfulness-for-better-sleep/ | https://echobuddha.com/articles/mindfulness-morning-routine/ | https://echobuddha.com/articles/mindfulness-of-breathing-guide/ | https://echobuddha.com/articles/mindfulness-vs-meditation/ | https://echobuddha.com/articles/noble-eightfold-path-practical-guide/ | https://echobuddha.com/articles/non-attachment-in-relationships/ | https://echobuddha.com/articles/right-livelihood-modern-life/ | https://echobuddha.com/articles/right-speech-buddhism/ | https://echobuddha.com/articles/right-speech-examples/ | https://echobuddha.com/articles/three-poisons-buddhism-explained/ | https://echobuddha.com/articles/three-ways-to-practice-patience/ | https://echobuddha.com/articles/visiting-a-buddhist-temple-respectfully/ | https://echobuddha.com/articles/walking-meditation-step-by-step/ | https://echobuddha.com/articles/what-is-buddhism-beginner-guide/ | https://echobuddha.com/articles/what-is-karma-in-buddhism/ | https://echobuddha.com/articles/what-is-sangha-buddhist-community/,"Accessible Buddhist-inspired wisdom, mindfulness, reflection, and meditation education for general readers.",PARAGRAPH,EXACT,48,NO,YES,PROTECTED_PAGE_PRESENT,RETAIN_EXCEPTION_OR_REMOVE_GENERIC_FILLER
RP-002,ARTICLE,https://echobuddha.com/articles/buddhism-for-beginners-simple-guide/ | https://echobuddha.com/articles/what-is-buddhism-beginner-guide/,"This article is an original Echo Buddha beginner explanation of Buddhism as a living tradition of wisdom, ethics, meditation, and compassion.",PARAGRAPH,EXACT,2,NO,YES,LOW,RETAIN_EXCEPTION_OR_REMOVE_GENERIC_FILLER
RP-003,ARTICLE,https://echobuddha.com/articles/buddhism-for-beginners-simple-guide/ | https://echobuddha.com/articles/what-is-buddhism-beginner-guide/,"For a broader learning path, continue with the main Buddhism beginner guide .",PARAGRAPH,EXACT,2,NO,YES,LOW,RETAIN_EXCEPTION_OR_REMOVE_GENERIC_FILLER
RP-004,ARTICLE,https://echobuddha.com/articles/buddhist-approach-to-anger/ | https://echobuddha.com/articles/buddhist-wisdom-for-overthinking/ | https://echobuddha.com/articles/how-to-meditate-for-anxiety/ | https://echobuddha.com/articles/how-to-meditate-for-beginners/ | https://echobuddha.com/articles/impermanence-in-buddhism/ | https://echobuddha.com/articles/loving-kindness-meditation-beginners/ | https://echobuddha.com/articles/loving-kindness-meditation-guide/ | https://echobuddha.com/articles/metta-meditation-script/ | https://echobuddha.com/articles/mindfulness-for-better-sleep/ | https://echobuddha.com/articles/mindfulness-of-breathing-guide/ | https://echobuddha.com/articles/mindfulness-vs-meditation/,"This article is educational and does not provide medical or mental health treatment. Meditation and mindfulness experiences vary. If a practice feels uncomfortable, open your eyes, shorten it, feel your feet or hands, change anchors, or stop. Seek qualified professional support for persistent or serious symptoms.",PARAGRAPH,EXACT,11,NO,YES,PROTECTED_PAGE_PRESENT,RETAIN_EXCEPTION_OR_REMOVE_GENERIC_FILLER
RP-005,ARTICLE,https://echobuddha.com/articles/buddhist-teachings-on-impermanence/ | https://echobuddha.com/articles/impermanence-in-buddhism-letting-go/ | https://echobuddha.com/articles/impermanence-in-buddhism/,"This article is original Echo Buddha educational writing on anicca, the Buddhist teaching of impermanence, with daily-life examples for general readers.",PARAGRAPH,EXACT,3,NO,YES,LOW,RETAIN_EXCEPTION_OR_REMOVE_GENERIC_FILLER
RP-006,ARTICLE,https://echobuddha.com/articles/buddhist-teachings-on-impermanence/ | https://echobuddha.com/articles/impermanence-in-buddhism-letting-go/ | https://echobuddha.com/articles/impermanence-in-buddhism/,"For a broader learning path, continue with the main impermanence guide .",PARAGRAPH,EXACT,3,NO,YES,LOW,RETAIN_EXCEPTION_OR_REMOVE_GENERIC_FILLER
RP-007,ARTICLE,https://echobuddha.com/articles/dhammapada-reflection-trained-mind/ | https://echobuddha.com/articles/dhammapada-reflection-what-we-think/,"This is an original Echo Buddha reflection inspired by broad Dhammapada themes. It distinguishes source context, paraphrase, translation, and reflection, and is not presented as an exact canonical translation.",PARAGRAPH,EXACT,2,NO,YES,PROTECTED_PAGE_PRESENT,RETAIN_EXCEPTION_OR_REMOVE_GENERIC_FILLER
RP-008,ARTICLE,https://echobuddha.com/articles/dhammapada-reflection-trained-mind/ | https://echobuddha.com/articles/dhammapada-reflection-what-we-think/ | https://echobuddha.com/articles/dhammapada-verse-1-meaning/,"For a broader learning path, continue with the Dhammapada reflections hub .",PARAGRAPH,EXACT,3,NO,YES,PROTECTED_PAGE_PRESENT,RETAIN_EXCEPTION_OR_REMOVE_GENERIC_FILLER
RP-009,ARTICLE,https://echobuddha.com/articles/eightfold-path-explained-daily-life/ | https://echobuddha.com/articles/eightfold-path-explained/ | https://echobuddha.com/articles/noble-eightfold-path-practical-guide/,"This article is an original Echo Buddha explanation of the Noble Eightfold Path as a practical training path in wisdom, ethical conduct, and mental cultivation.",PARAGRAPH,EXACT,3,NO,YES,PROTECTED_PAGE_PRESENT,RETAIN_EXCEPTION_OR_REMOVE_GENERIC_FILLER
RP-010,ARTICLE,https://echobuddha.com/articles/eightfold-path-explained-daily-life/ | https://echobuddha.com/articles/eightfold-path-explained/ | https://echobuddha.com/articles/noble-eightfold-path-practical-guide/,"For a broader learning path, continue with the main Noble Eightfold Path guide .",PARAGRAPH,EXACT,3,NO,YES,PROTECTED_PAGE_PRESENT,RETAIN_EXCEPTION_OR_REMOVE_GENERIC_FILLER
RP-011,ARTICLE,https://echobuddha.com/articles/eightfold-path-explained/ | https://echobuddha.com/articles/noble-eightfold-path-practical-guide/,Understanding experience with less confusion and choosing a kinder inner direction.,PARAGRAPH,EXACT,2,NO,YES,PROTECTED_PAGE_PRESENT,RETAIN_EXCEPTION_OR_REMOVE_GENERIC_FILLER
RP-012,ARTICLE,https://echobuddha.com/articles/eightfold-path-explained/ | https://echobuddha.com/articles/noble-eightfold-path-practical-guide/,"Letting speech, behavior, and work reduce harm in ordinary relationships.",PARAGRAPH,EXACT,2,NO,YES,PROTECTED_PAGE_PRESENT,RETAIN_EXCEPTION_OR_REMOVE_GENERIC_FILLER
RP-013,ARTICLE | LEARN_RESOURCE,https://echobuddha.com/articles/four-noble-truths-explained-simply/ | https://echobuddha.com/learn/four-noble-truths/,"A simple explanation of the Four Noble Truths with daily examples, reflection prompts, and practical Buddhist wisdom.",PARAGRAPH,EXACT,2,NO,YES,LOW,RETAIN_EXCEPTION_OR_REMOVE_GENERIC_FILLER
RP-014,ARTICLE,https://echobuddha.com/articles/four-noble-truths-explained-simply/ | https://echobuddha.com/articles/four-noble-truths-explained/,"This article is an original Echo Buddha educational explanation based on the widely taught Buddhist framework of the Four Noble Truths, traditionally associated with the Buddha's first teaching.",PARAGRAPH,EXACT,2,NO,YES,LOW,RETAIN_EXCEPTION_OR_REMOVE_GENERIC_FILLER
RP-015,ARTICLE,https://echobuddha.com/articles/four-noble-truths-explained-simply/ | https://echobuddha.com/articles/four-noble-truths-explained/,"For a broader learning path, continue with the main Four Noble Truths guide .",PARAGRAPH,EXACT,2,NO,YES,LOW,RETAIN_EXCEPTION_OR_REMOVE_GENERIC_FILLER
RP-016,ARTICLE,https://echobuddha.com/articles/how-to-let-go-of-attachment-in-buddhism/ | https://echobuddha.com/articles/non-attachment-in-relationships/,"This article is original Echo Buddha reflection on letting go and non-attachment. It preserves the distinction between care, wise effort, boundaries, and clinging.",PARAGRAPH,EXACT,2,NO,YES,PROTECTED_PAGE_PRESENT,RETAIN_EXCEPTION_OR_REMOVE_GENERIC_FILLER
RP-017,ARTICLE,https://echobuddha.com/articles/how-to-meditate-for-beginners/ | https://echobuddha.com/articles/mindfulness-of-breathing-guide/ | https://echobuddha.com/articles/mindfulness-vs-meditation/,"This article is educational and reflective, based on general Buddhist meditation themes. It is not medical or mental health advice.",PARAGRAPH,EXACT,3,NO,YES,LOW,RETAIN_EXCEPTION_OR_REMOVE_GENERIC_FILLER
RP-018,ARTICLE,https://echobuddha.com/articles/how-to-meditate-for-beginners/ | https://echobuddha.com/articles/mindfulness-of-breathing-guide/ | https://echobuddha.com/articles/mindfulness-vs-meditation/,"For a broader learning path, continue with the main beginner meditation guide .",PARAGRAPH,EXACT,3,NO,YES,LOW,RETAIN_EXCEPTION_OR_REMOVE_GENERIC_FILLER
RP-019,ARTICLE,https://echobuddha.com/articles/loving-kindness-meditation-beginners/ | https://echobuddha.com/articles/loving-kindness-meditation-guide/ | https://echobuddha.com/articles/metta-meditation-script/,"This article is original Echo Buddha educational writing on metta, or loving-kindness practice, presented as reflective guidance rather than clinical advice.",PARAGRAPH,EXACT,3,NO,YES,LOW,RETAIN_EXCEPTION_OR_REMOVE_GENERIC_FILLER
RP-020,ARTICLE,https://echobuddha.com/articles/loving-kindness-meditation-beginners/ | https://echobuddha.com/articles/loving-kindness-meditation-guide/ | https://echobuddha.com/articles/metta-meditation-script/,"For a broader learning path, continue with the main loving-kindness meditation guide .",PARAGRAPH,EXACT,3,NO,YES,LOW,RETAIN_EXCEPTION_OR_REMOVE_GENERIC_FILLER
RP-021,ARTICLE | LEARN_RESOURCE,https://echobuddha.com/articles/noble-eightfold-path-practical-guide/ | https://echobuddha.com/learn/eightfold-path/,"Learn how the Noble Eightfold Path can guide speech, action, mindfulness, meditation, and everyday choices with clarity.",PARAGRAPH,EXACT,2,NO,YES,PROTECTED_PAGE_PRESENT,RETAIN_EXCEPTION_OR_REMOVE_GENERIC_FILLER
RP-022,ARTICLE,https://echobuddha.com/articles/right-speech-buddhism/ | https://echobuddha.com/articles/right-speech-examples/,"This article is original Echo Buddha guidance on Right Speech as a narrow ethical-practice page within the Noble Eightfold Path, with source context from traditional right-speech summaries.",PARAGRAPH,EXACT,2,NO,YES,PROTECTED_PAGE_PRESENT,RETAIN_EXCEPTION_OR_REMOVE_GENERIC_FILLER
RP-023,ARTICLE,https://echobuddha.com/articles/right-speech-buddhism/ | https://echobuddha.com/articles/right-speech-examples/,"For a broader learning path, continue with the Noble Eightfold Path hub .",PARAGRAPH,EXACT,2,NO,YES,PROTECTED_PAGE_PRESENT,RETAIN_EXCEPTION_OR_REMOVE_GENERIC_FILLER
RP-024,ARTICLE,https://echobuddha.com/articles/visiting-a-buddhist-temple-respectfully/ | https://echobuddha.com/articles/what-is-sangha-buddhist-community/,This article is original Echo Buddha educational writing on Sangha as Buddhist community. It is the deeper beginner guide; the dictionary page remains the concise definition.,PARAGRAPH,EXACT,2,NO,YES,PROTECTED_PAGE_PRESENT,RETAIN_EXCEPTION_OR_REMOVE_GENERIC_FILLER
RP-025,DAILY_REFLECTION,https://echobuddha.com/daily-reflections/anger-as-a-signal/ | https://echobuddha.com/daily-reflections/begin-again-without-shame/ | https://echobuddha.com/daily-reflections/compassion-begins-nearby/ | https://echobuddha.com/daily-reflections/enough-for-this-moment/ | https://echobuddha.com/daily-reflections/evening-release/ | https://echobuddha.com/daily-reflections/family-patience/ | https://echobuddha.com/daily-reflections/forgiveness-without-approval/ | https://echobuddha.com/daily-reflections/gratitude-for-change/ | https://echobuddha.com/daily-reflections/gratitude-notices-enough/ | https://echobuddha.com/daily-reflections/impermanence-softens-clinging/ | https://echobuddha.com/daily-reflections/kindness-with-boundaries/ | https://echobuddha.com/daily-reflections/let-the-feeling-pass/ | https://echobuddha.com/daily-reflections/letting-go-keeps-care/ | https://echobuddha.com/daily-reflections/listen-before-answering/ | https://echobuddha.com/daily-reflections/metta-for-a-difficult-person/ | https://echobuddha.com/daily-reflections/mindful-work/ | https://echobuddha.com/daily-reflections/morning-intention/ | https://echobuddha.com/daily-reflections/notice-before-fixing/ | https://echobuddha.com/daily-reflections/one-honest-breath/ | https://echobuddha.com/daily-reflections/one-step-on-the-path/ | https://echobuddha.com/daily-reflections/patience-before-anger-speaks/ | https://echobuddha.com/daily-reflections/rest-without-escape/ | https://echobuddha.com/daily-reflections/see-the-conditions/ | https://echobuddha.com/daily-reflections/simple-goodwill/ | https://echobuddha.com/daily-reflections/small-actions-shape-the-mind/ | https://echobuddha.com/daily-reflections/soften-the-inner-argument/ | https://echobuddha.com/daily-reflections/speech-can-reduce-suffering/ | https://echobuddha.com/daily-reflections/the-first-truth-is-kind/ | https://echobuddha.com/daily-reflections/thoughts-are-visitors/ | https://echobuddha.com/daily-reflections/walking-as-practice/,"Read one reflection, try one small practice, and let one question stay with you. Tomorrow's page will offer a new prompt from the reflection library.",PARAGRAPH,EXACT,30,NO,YES,LOW,RETAIN_EXCEPTION_OR_REMOVE_GENERIC_FILLER
RP-026,MEDITATION_RESOURCE,https://echobuddha.com/meditation/10-minute-meditation-practice/ | https://echobuddha.com/meditation/5-minute-meditation-practice/ | https://echobuddha.com/meditation/breathing-meditation/ | https://echobuddha.com/meditation/loving-kindness-meditation/ | https://echobuddha.com/meditation/meditation-for-beginners/ | https://echobuddha.com/meditation/meditation-posture-for-beginners/ | https://echobuddha.com/meditation/mindfulness-in-daily-life/ | https://echobuddha.com/meditation/walking-meditation/ | https://echobuddha.com/meditation/when-meditation-feels-hard/,"Meditation experiences vary. This page is educational and does not diagnose, treat, cure, or guarantee sleep, calm, or relief.",PARAGRAPH,EXACT,9,NO,YES,LOW,RETAIN_EXCEPTION_OR_REMOVE_GENERIC_FILLER
RP-027,MEDITATION_RESOURCE,https://echobuddha.com/meditation/10-minute-meditation-practice/ | https://echobuddha.com/meditation/5-minute-meditation-practice/ | https://echobuddha.com/meditation/breathing-meditation/ | https://echobuddha.com/meditation/loving-kindness-meditation/ | https://echobuddha.com/meditation/meditation-for-beginners/ | https://echobuddha.com/meditation/meditation-posture-for-beginners/ | https://echobuddha.com/meditation/mindfulness-in-daily-life/ | https://echobuddha.com/meditation/walking-meditation/ | https://echobuddha.com/meditation/when-meditation-feels-hard/,"If breath focus, stillness, or a difficult emotion feels overwhelming, open your eyes, feel the feet or hands, shorten the session, change anchors, or stop.",PARAGRAPH,EXACT,9,NO,YES,LOW,RETAIN_EXCEPTION_OR_REMOVE_GENERIC_FILLER
RP-028,MEDITATION_RESOURCE,https://echobuddha.com/meditation/10-minute-meditation-practice/ | https://echobuddha.com/meditation/5-minute-meditation-practice/ | https://echobuddha.com/meditation/breathing-meditation/ | https://echobuddha.com/meditation/loving-kindness-meditation/ | https://echobuddha.com/meditation/meditation-for-beginners/ | https://echobuddha.com/meditation/meditation-posture-for-beginners/ | https://echobuddha.com/meditation/mindfulness-in-daily-life/ | https://echobuddha.com/meditation/walking-meditation/ | https://echobuddha.com/meditation/when-meditation-feels-hard/,"For serious, persistent, or unsafe distress, seek qualified professional support rather than relying on a website practice.",PARAGRAPH,EXACT,9,NO,YES,LOW,RETAIN_EXCEPTION_OR_REMOVE_GENERIC_FILLER
RP-029,MEDITATION_RESOURCE,https://echobuddha.com/meditation/10-minute-meditation-practice/ | https://echobuddha.com/meditation/5-minute-meditation-practice/ | https://echobuddha.com/meditation/breathing-meditation/ | https://echobuddha.com/meditation/loving-kindness-meditation/ | https://echobuddha.com/meditation/meditation-for-beginners/ | https://echobuddha.com/meditation/meditation-posture-for-beginners/ | https://echobuddha.com/meditation/mindfulness-in-daily-life/ | https://echobuddha.com/meditation/walking-meditation/ | https://echobuddha.com/meditation/when-meditation-feels-hard/,Read Meditation Safety and Gentle Practice for the fuller practice boundaries used across Echo Buddha.,PARAGRAPH,EXACT,9,YES_OR_TRUST_INFRASTRUCTURE,NO_OR_BOUNDARY_CONTEXT,LOW,RETAIN_EXCEPTION_OR_REMOVE_GENERIC_FILLER
RP-030,QUOTE_STORY,https://echobuddha.com/quotes/awareness/acceptance-before-next-step/ | https://echobuddha.com/quotes/awareness/anger-asks-for-speed-awareness-asks-for-one-more/ | https://echobuddha.com/quotes/awareness/awareness-does-not-remove-the-storm-it-keeps-you/ | https://echobuddha.com/quotes/awareness/clear-seeing-begins-with-the-courage-to-stop-looking/ | https://echobuddha.com/quotes/awareness/feelings-are-honest-about-their-presence-not-always-about/ | https://echobuddha.com/quotes/awareness/feelings-without-the-wheel/ | https://echobuddha.com/quotes/awareness/look-beneath-the-reaction-and-you-may-find-a/ | https://echobuddha.com/quotes/awareness/name-the-feeling-gently-and-it-may-stop-speaking/ | https://echobuddha.com/quotes/awareness/notice-the-habit-before-trying-to-become-someone-without/ | https://echobuddha.com/quotes/awareness/one-breath-before-anger-replies/ | https://echobuddha.com/quotes/awareness/small-acts-of-attention-can-turn-an-ordinary-day/ | https://echobuddha.com/quotes/awareness/the-body-often-knows-you-are-overwhelmed-before-the/ | https://echobuddha.com/quotes/awareness/thoughts-are-visitors/ | https://echobuddha.com/quotes/awareness/thoughts-pass-without-commanding-you/ | https://echobuddha.com/quotes/awareness/what-you-can-observe-clearly-no-longer-controls-you/ | https://echobuddha.com/quotes/awareness/when-the-mind-tightens-let-the-body-be-your/,"This reflection connects with Sati , a practical way to bring Buddhist wisdom into ordinary life.",PARAGRAPH,EXACT,16,NO,YES,LOW,RETAIN_EXCEPTION_OR_REMOVE_GENERIC_FILLER
RP-031,QUOTE_STORY,https://echobuddha.com/quotes/awareness/acceptance-before-next-step/ | https://echobuddha.com/quotes/awareness/anger-asks-for-speed-awareness-asks-for-one-more/ | https://echobuddha.com/quotes/awareness/awareness-does-not-remove-the-storm-it-keeps-you/ | https://echobuddha.com/quotes/awareness/clear-seeing-begins-with-the-courage-to-stop-looking/ | https://echobuddha.com/quotes/awareness/feelings-are-honest-about-their-presence-not-always-about/ | https://echobuddha.com/quotes/awareness/feelings-without-the-wheel/ | https://echobuddha.com/quotes/awareness/look-beneath-the-reaction-and-you-may-find-a/ | https://echobuddha.com/quotes/awareness/name-the-feeling-gently-and-it-may-stop-speaking/ | https://echobuddha.com/quotes/awareness/notice-the-habit-before-trying-to-become-someone-without/ | https://echobuddha.com/quotes/awareness/one-breath-before-anger-replies/ | https://echobuddha.com/quotes/awareness/small-acts-of-attention-can-turn-an-ordinary-day/ | https://echobuddha.com/quotes/awareness/the-body-often-knows-you-are-overwhelmed-before-the/ | https://echobuddha.com/quotes/awareness/thoughts-are-visitors/ | https://echobuddha.com/quotes/awareness/thoughts-pass-without-commanding-you/ | https://echobuddha.com/quotes/awareness/what-you-can-observe-clearly-no-longer-controls-you/ | https://echobuddha.com/quotes/awareness/when-the-mind-tightens-let-the-body-be-your/ | https://echobuddha.com/quotes/compassion/a-gentle-response-can-end-suffering-that-anger-would/ | https://echobuddha.com/quotes/compassion/before-judging-another-life-remember-how-much-of-your/ | https://echobuddha.com/quotes/compassion/compassion-asks-what-hurts-before-it-asks-who-is/ | https://echobuddha.com/quotes/compassion/compassion-grows-where-judgment-loosens-its-grip/ | https://echobuddha.com/quotes/compassion/compassion-sees-pain-clearly/ | https://echobuddha.com/quotes/compassion/gentle-self-compassion/ | https://echobuddha.com/quotes/compassion/kindness-as-quiet-practice/ | https://echobuddha.com/quotes/compassion/kindness-does-not-need-an-audience-to-become-meaningful/ | https://echobuddha.com/quotes/compassion/let-kindness-be-the-echo-you-leave-in-every/ | https://echobuddha.com/quotes/compassion/let-your-boundaries-be-clear-and-your-heart-remain/ | https://echobuddha.com/quotes/compassion/loving-kindness-without-harm/ | https://echobuddha.com/quotes/compassion/offer-others-the-patience-you-hope-to-receive-on/ | https://echobuddha.com/quotes/compassion/small-kindnesses-often-reach-places-that-advice-cannot/ | https://echobuddha.com/quotes/compassion/the-heart-becomes-spacious-each-time-it-chooses-care/ | https://echobuddha.com/quotes/compassion/to-understand-someone-is-not-to-excuse-harm-it/ | https://echobuddha.com/quotes/compassion/when-you-cannot-remove-anothers-burden-do-not-add/ | https://echobuddha.com/quotes/impermanence/acceptance-begins-where-the-argument-with-change-ends/ | https://echobuddha.com/quotes/impermanence/because-this-moment-will-pass-meet-it-while-it/ | https://echobuddha.com/quotes/impermanence/change-is-how-life-continues/ | https://echobuddha.com/quotes/impermanence/change-takes-nothing-personally-it-simply-continues/ | https://echobuddha.com/quotes/impermanence/everything-changes-including-the-part-of-you-that-fears/ | https://echobuddha.com/quotes/impermanence/hold-each-day-carefully-knowing-it-cannot-be-held/ | https://echobuddha.com/quotes/impermanence/meet-change-softly/ | https://echobuddha.com/quotes/impermanence/no-season-is-asked-to-remain-in-order-to/ | https://echobuddha.com/quotes/impermanence/the-fading-flower-does-not-make-its-blooming-less/ | https://echobuddha.com/quotes/impermanence/the-passing-of-joy-teaches-gratitude-the-passing-of/ | https://echobuddha.com/quotes/impermanence/todays-certainty-may-become-tomorrows-lesson-in-humility/ | https://echobuddha.com/quotes/impermanence/what-changes-is-not-always-lost-sometimes-it-is/ | https://echobuddha.com/quotes/letting-go/an-open-hand-can-care-for-what-a-clenched/ | https://echobuddha.com/quotes/letting-go/caring-without-clinging/ | https://echobuddha.com/quotes/letting-go/forgiveness-without-approving-harm/ | https://echobuddha.com/quotes/letting-go/freedom-often-sounds-like-the-quiet-end-of-an/ | https://echobuddha.com/quotes/letting-go/let-the-feeling-pass-through-without-building-it-a/ | https://echobuddha.com/quotes/letting-go/letting-go-begins-by-admitting-how-tightly-you-are/ | https://echobuddha.com/quotes/letting-go/open-hands-non-attachment/ | https://echobuddha.com/quotes/letting-go/peace-enters-when-control-is-no-longer-the-price/ | https://echobuddha.com/quotes/letting-go/release-the-need-to-replay-what-can-no-longer/ | https://echobuddha.com/quotes/letting-go/release-the-outcome-but-keep-the-care-you-bring/ | https://echobuddha.com/quotes/letting-go/soften-around-stress/ | https://echobuddha.com/quotes/letting-go/what-leaves-your-life-may-still-leave-wisdom-behind/ | https://echobuddha.com/quotes/letting-go/where-attachment-begins/ | https://echobuddha.com/quotes/letting-go/you-can-honor-the-past-without-asking-it-to/ | https://echobuddha.com/quotes/letting-go/you-do-not-betray-a-memory-by-allowing-yourself/ | https://echobuddha.com/quotes/letting-go/you-do-not-need-to-carry-every-thought-that/ | https://echobuddha.com/quotes/meditation/a-short-sincere-practice-can-steady-a-long-and/ | https://echobuddha.com/quotes/meditation/do-not-search-meditation-for-a-special-self-notice/ | https://echobuddha.com/quotes/meditation/every-return-from-distraction-strengthens-the-path-home/ | https://echobuddha.com/quotes/meditation/few-quiet-minutes/ | https://echobuddha.com/quotes/meditation/follow-the-breath-lightly-as-you-would-listen-to/ | https://echobuddha.com/quotes/meditation/meditation-is-not-leaving-life-it-is-learning-how/ | https://echobuddha.com/quotes/meditation/meditation-is-returning/ | https://echobuddha.com/quotes/meditation/one-honest-breath/ | https://echobuddha.com/quotes/meditation/silence-is-not-empty-when-the-heart-is-listening/ | https://echobuddha.com/quotes/meditation/sit-with-the-day-as-it-is-before-asking/ | https://echobuddha.com/quotes/meditation/sit-without-demanding-silence-and-the-mind-will-teach/ | https://echobuddha.com/quotes/meditation/the-bell-fades-but-careful-listening-can-continue/ | https://echobuddha.com/quotes/meditation/the-cushion-is-a-place-to-practice-returning-not/ | https://echobuddha.com/quotes/meditation/when-stillness-feels-impossible-begin-by-noticing-the-restlessness/ | https://echobuddha.com/quotes/mindfulness/a-peaceful-mind-begins-with-one-honest-breath/ | https://echobuddha.com/quotes/mindfulness/a-wandering-mind-is-not-a-failed-mind-it/ | https://echobuddha.com/quotes/mindfulness/awareness-begins-when-hurry-loosens-its-hold/ | https://echobuddha.com/quotes/mindfulness/begin-the-day-with-awareness/ | https://echobuddha.com/quotes/mindfulness/give-one-ordinary-task-the-dignity-of-your-full/ | https://echobuddha.com/quotes/mindfulness/gratitude-notices-enough/ | https://echobuddha.com/quotes/mindfulness/ground-yourself-gently/ | https://echobuddha.com/quotes/mindfulness/listen-before-answering/ | https://echobuddha.com/quotes/mindfulness/listen-to-the-moment-before-filling-it-with-your/ | https://echobuddha.com/quotes/mindfulness/notice-what-is-here-before-deciding-what-it-means/ | https://echobuddha.com/quotes/mindfulness/one-mindful-pause-can-change-the-direction-of-an/ | https://echobuddha.com/quotes/mindfulness/peace-begins-with-attention/ | https://echobuddha.com/quotes/mindfulness/peace-grows-when-attention-stops-running-ahead-of-the/ | https://echobuddha.com/quotes/mindfulness/present-moment-one-step/ | https://echobuddha.com/quotes/mindfulness/return-to-the-breath-before-you-return-to-the/ | https://echobuddha.com/quotes/mindfulness/the-more-clearly-you-notice-life-the-less-carelessly/ | https://echobuddha.com/quotes/mindfulness/the-present-moment-asks-for-your-attention-not-your/ | https://echobuddha.com/quotes/patience/a-difficult-moment-becomes-heavier-when-we-demand-that/ | https://echobuddha.com/quotes/patience/be-patient-with-the-part-of-you-that-is/ | https://echobuddha.com/quotes/patience/family-kindness-and-patience/ | https://echobuddha.com/quotes/patience/growth-is-quiet-work-often-invisible-until-the-season/ | https://echobuddha.com/quotes/patience/not-every-delay-is-an-obstacle-some-are-invitations/ | https://echobuddha.com/quotes/patience/patience-is-the-strength-to-remain-present-while-life/ | https://echobuddha.com/quotes/patience/patience-makes-room-for-truth-to-arrive-without-force/ | https://echobuddha.com/quotes/patience/patience-softens-the-wait/ | https://echobuddha.com/quotes/patience/some-answers-become-clear-only-after-the-mind-stops/ | https://echobuddha.com/quotes/patience/stay-gentle-with-beginnings-they-are-carrying-more-than/ | https://echobuddha.com/quotes/patience/the-path-unfolds-at-the-pace-of-sincere-practice/ | https://echobuddha.com/quotes/patience/wait-long-enough-for-the-first-reaction-to-become/ | https://echobuddha.com/quotes/patience/when-anger-rises-pause-long-enough-to-see-the/ | https://echobuddha.com/quotes/practice/a-peaceful-life-is-built-from-peaceful-moments-practiced/ | https://echobuddha.com/quotes/practice/begin-with-what-is-possible-then-return-tomorrow/ | https://echobuddha.com/quotes/practice/bring-the-teaching-into-the-place-where-you-are/ | https://echobuddha.com/quotes/practice/daily-practice-turns-understanding-from-an-idea-into-a/ | https://echobuddha.com/quotes/practice/do-not-wait-to-feel-ready-before-choosing-what/ | https://echobuddha.com/quotes/practice/eightfold-path-daily-choices/ | https://echobuddha.com/quotes/practice/mindfulness-at-work-breath/ | https://echobuddha.com/quotes/practice/practice-becomes-real-when-it-enters-your-speech-and/ | https://echobuddha.com/quotes/practice/right-intention-turns-the-heart/ | https://echobuddha.com/quotes/practice/small-actions-shape-the-mind/ | https://echobuddha.com/quotes/practice/the-path-is-not-far-away-it-is-the/ | https://echobuddha.com/quotes/practice/the-path-is-shaped-by-what-you-repeat-when/ | https://echobuddha.com/quotes/practice/the-smallest-wholesome-action-is-larger-than-the-finest/ | https://echobuddha.com/quotes/practice/walk-slowly-enough-to-notice-where-your-life-is/ | https://echobuddha.com/quotes/practice/your-next-response-is-always-part-of-the-path/ | https://echobuddha.com/quotes/renewal/a-mistake-becomes-a-teacher-when-honesty-enters-the/ | https://echobuddha.com/quotes/renewal/a-new-direction-can-start-with-one-different-choice/ | https://echobuddha.com/quotes/renewal/begin-again-gently-the-breath-is-always-willing/ | https://echobuddha.com/quotes/renewal/begin-again-without-shame/ | https://echobuddha.com/quotes/renewal/begin-again-without-turning-yesterday-into-a-sentence/ | https://echobuddha.com/quotes/renewal/do-not-confuse-an-old-pattern-with-an-unchangeable/ | https://echobuddha.com/quotes/renewal/each-conscious-breath-is-a-small-vote-for-beginning/ | https://echobuddha.com/quotes/renewal/evening-release-reflection/ | https://echobuddha.com/quotes/renewal/gentle-hope-keeps-walking/ | https://echobuddha.com/quotes/renewal/hope-can-be-quiet-and-still-keep-walking/ | https://echobuddha.com/quotes/renewal/morning-is-not-the-only-time-a-life-can/ | https://echobuddha.com/quotes/renewal/one-calm-morning-intention/ | https://echobuddha.com/quotes/renewal/repair-what-you-can-forgive-what-you-cannot-redo/ | https://echobuddha.com/quotes/renewal/the-path-welcomes-your-return-more-often-than-pride/ | https://echobuddha.com/quotes/renewal/you-are-allowed-to-learn-slowly-and-still-be/ | https://echobuddha.com/quotes/wisdom/a-clear-mind-can-hold-two-truths-without-rushing/ | https://echobuddha.com/quotes/wisdom/a-useful-truth-is-carried-with-humility-not-used/ | https://echobuddha.com/quotes/wisdom/contentment-with-what-is-here/ | https://echobuddha.com/quotes/wisdom/difficult-people-and-boundaries/ | https://echobuddha.com/quotes/wisdom/karma-begins-in-intention/ | https://echobuddha.com/quotes/wisdom/knowing-when-not-to-speak-is-also-a-form/ | https://echobuddha.com/quotes/wisdom/learn-from-discomfort-without-turning-suffering-into-an-identity/ | https://echobuddha.com/quotes/wisdom/right-speech-with-kindness/ | https://echobuddha.com/quotes/wisdom/see-the-conditions-behind-an-action-and-blame-may/ | https://echobuddha.com/quotes/wisdom/simplicity-clears-the-room/ | https://echobuddha.com/quotes/wisdom/the-lesson-repeats-until-attention-replaces-habit/ | https://echobuddha.com/quotes/wisdom/the-wise-heart-changes-course-when-clearer-seeing-arrives/ | https://echobuddha.com/quotes/wisdom/understanding-suffering-honestly/ | https://echobuddha.com/quotes/wisdom/what-feels-urgent-is-not-always-what-matters-most/ | https://echobuddha.com/quotes/wisdom/wisdom-is-less-interested-in-winning-than-in-ending/ | https://echobuddha.com/quotes/wisdom/wisdom-is-the-art-of-meeting-life-without-adding/ | https://echobuddha.com/quotes/wisdom/wisdom-sees-clearly/ | https://echobuddha.com/quotes/wisdom/wisdom-sees-the-whole-fire-not-only-the-spark/ | https://echobuddha.com/quotes/wisdom/wise-silence/,Echo Buddha quote stories use original reflection language unless a page clearly states another source. Read the Quote Attribution Policy for attribution standards and Corrections to report a source or origin concern.,PARAGRAPH,EXACT,153,YES_OR_TRUST_INFRASTRUCTURE,NO_OR_BOUNDARY_CONTEXT,LOW,RETAIN_EXCEPTION_OR_REMOVE_GENERIC_FILLER
RP-032,QUOTE_STORY,https://echobuddha.com/quotes/awareness/acceptance-before-next-step/ | https://echobuddha.com/quotes/awareness/anger-asks-for-speed-awareness-asks-for-one-more/ | https://echobuddha.com/quotes/awareness/awareness-does-not-remove-the-storm-it-keeps-you/ | https://echobuddha.com/quotes/awareness/clear-seeing-begins-with-the-courage-to-stop-looking/ | https://echobuddha.com/quotes/awareness/feelings-are-honest-about-their-presence-not-always-about/ | https://echobuddha.com/quotes/awareness/feelings-without-the-wheel/ | https://echobuddha.com/quotes/awareness/look-beneath-the-reaction-and-you-may-find-a/ | https://echobuddha.com/quotes/awareness/name-the-feeling-gently-and-it-may-stop-speaking/ | https://echobuddha.com/quotes/awareness/notice-the-habit-before-trying-to-become-someone-without/ | https://echobuddha.com/quotes/awareness/one-breath-before-anger-replies/ | https://echobuddha.com/quotes/awareness/small-acts-of-attention-can-turn-an-ordinary-day/ | https://echobuddha.com/quotes/awareness/the-body-often-knows-you-are-overwhelmed-before-the/ | https://echobuddha.com/quotes/awareness/thoughts-are-visitors/ | https://echobuddha.com/quotes/awareness/thoughts-pass-without-commanding-you/ | https://echobuddha.com/quotes/awareness/what-you-can-observe-clearly-no-longer-controls-you/ | https://echobuddha.com/quotes/awareness/when-the-mind-tightens-let-the-body-be-your/,"These awareness quotes encourage honest observation of thoughts, feelings, reactions, and the physical signals that often appear before words.",PARAGRAPH,EXACT,16,NO,YES,LOW,RETAIN_EXCEPTION_OR_REMOVE_GENERIC_FILLER
RP-033,QUOTE_STORY,https://echobuddha.com/quotes/awareness/anger-asks-for-speed-awareness-asks-for-one-more/ | https://echobuddha.com/quotes/awareness/notice-the-habit-before-trying-to-become-someone-without/ | https://echobuddha.com/quotes/mindfulness/the-present-moment-asks-for-your-attention-not-your/ | https://echobuddha.com/quotes/practice/a-peaceful-life-is-built-from-peaceful-moments-practiced/ | https://echobuddha.com/quotes/renewal/you-are-allowed-to-learn-slowly-and-still-be/ | https://echobuddha.com/quotes/wisdom/a-clear-mind-can-hold-two-truths-without-rushing/ | https://echobuddha.com/quotes/wisdom/learn-from-discomfort-without-turning-suffering-into-an-identity/,Use it during one decision where kindness needs both warmth and clarity.,PARAGRAPH,EXACT,7,NO,YES,LOW,RETAIN_EXCEPTION_OR_REMOVE_GENERIC_FILLER
RP-034,QUOTE_STORY,https://echobuddha.com/quotes/awareness/anger-asks-for-speed-awareness-asks-for-one-more/ | https://echobuddha.com/quotes/awareness/notice-the-habit-before-trying-to-become-someone-without/ | https://echobuddha.com/quotes/renewal/you-are-allowed-to-learn-slowly-and-still-be/ | https://echobuddha.com/quotes/wisdom/a-clear-mind-can-hold-two-truths-without-rushing/,Bring the sentence into one decision where kindness needs both warmth and clarity; let the quote shape one concrete response.,PARAGRAPH,EXACT,4,NO,YES,LOW,RETAIN_EXCEPTION_OR_REMOVE_GENERIC_FILLER
RP-035,QUOTE_STORY,https://echobuddha.com/quotes/awareness/anger-asks-for-speed-awareness-asks-for-one-more/ | https://echobuddha.com/quotes/compassion/compassion-asks-what-hurts-before-it-asks-who-is/ | https://echobuddha.com/quotes/compassion/kindness-does-not-need-an-audience-to-become-meaningful/ | https://echobuddha.com/quotes/compassion/to-understand-someone-is-not-to-excuse-harm-it/ | https://echobuddha.com/quotes/impermanence/the-fading-flower-does-not-make-its-blooming-less/ | https://echobuddha.com/quotes/letting-go/freedom-often-sounds-like-the-quiet-end-of-an/ | https://echobuddha.com/quotes/letting-go/letting-go-begins-by-admitting-how-tightly-you-are/ | https://echobuddha.com/quotes/letting-go/what-leaves-your-life-may-still-leave-wisdom-behind/ | https://echobuddha.com/quotes/letting-go/you-do-not-need-to-carry-every-thought-that/ | https://echobuddha.com/quotes/meditation/a-short-sincere-practice-can-steady-a-long-and/ | https://echobuddha.com/quotes/meditation/do-not-search-meditation-for-a-special-self-notice/ | https://echobuddha.com/quotes/mindfulness/return-to-the-breath-before-you-return-to-the/ | https://echobuddha.com/quotes/patience/patience-makes-room-for-truth-to-arrive-without-force/ | https://echobuddha.com/quotes/practice/a-peaceful-life-is-built-from-peaceful-moments-practiced/ | https://echobuddha.com/quotes/renewal/a-new-direction-can-start-with-one-different-choice/ | https://echobuddha.com/quotes/renewal/morning-is-not-the-only-time-a-life-can/ | https://echobuddha.com/quotes/wisdom/the-lesson-repeats-until-attention-replaces-habit/ | https://echobuddha.com/quotes/wisdom/wisdom-is-the-art-of-meeting-life-without-adding/,What exact situation today would change if this quote guided the next sentence or action?,PARAGRAPH,EXACT,18,NO,YES,LOW,RETAIN_EXCEPTION_OR_REMOVE_GENERIC_FILLER
RP-036,QUOTE_STORY,https://echobuddha.com/quotes/awareness/awareness-does-not-remove-the-storm-it-keeps-you/ | https://echobuddha.com/quotes/mindfulness/a-wandering-mind-is-not-a-failed-mind-it/ | https://echobuddha.com/quotes/mindfulness/return-to-the-breath-before-you-return-to-the/ | https://echobuddha.com/quotes/practice/begin-with-what-is-possible-then-return-tomorrow/ | https://echobuddha.com/quotes/practice/practice-becomes-real-when-it-enters-your-speech-and/ | https://echobuddha.com/quotes/renewal/a-mistake-becomes-a-teacher-when-honesty-enters-the/ | https://echobuddha.com/quotes/renewal/begin-again-gently-the-breath-is-always-willing/ | https://echobuddha.com/quotes/wisdom/what-feels-urgent-is-not-always-what-matters-most/,Use it during one conversation where the first reply is not the wisest reply.,PARAGRAPH,EXACT,8,NO,YES,LOW,RETAIN_EXCEPTION_OR_REMOVE_GENERIC_FILLER
RP-037,QUOTE_STORY,https://echobuddha.com/quotes/awareness/awareness-does-not-remove-the-storm-it-keeps-you/ | https://echobuddha.com/quotes/compassion/offer-others-the-patience-you-hope-to-receive-on/ | https://echobuddha.com/quotes/patience/not-every-delay-is-an-obstacle-some-are-invitations/ | https://echobuddha.com/quotes/wisdom/what-feels-urgent-is-not-always-what-matters-most/,Use this quote during one conversation where the first reply is not the wisest reply; let the quote shape one concrete response.,PARAGRAPH,EXACT,4,NO,YES,LOW,RETAIN_EXCEPTION_OR_REMOVE_GENERIC_FILLER
RP-038,QUOTE_STORY,https://echobuddha.com/quotes/awareness/awareness-does-not-remove-the-storm-it-keeps-you/ | https://echobuddha.com/quotes/awareness/small-acts-of-attention-can-turn-an-ordinary-day/ | https://echobuddha.com/quotes/compassion/small-kindnesses-often-reach-places-that-advice-cannot/ | https://echobuddha.com/quotes/impermanence/acceptance-begins-where-the-argument-with-change-ends/ | https://echobuddha.com/quotes/impermanence/hold-each-day-carefully-knowing-it-cannot-be-held/ | https://echobuddha.com/quotes/impermanence/no-season-is-asked-to-remain-in-order-to/ | https://echobuddha.com/quotes/impermanence/the-passing-of-joy-teaches-gratitude-the-passing-of/ | https://echobuddha.com/quotes/impermanence/todays-certainty-may-become-tomorrows-lesson-in-humility/ | https://echobuddha.com/quotes/letting-go/peace-enters-when-control-is-no-longer-the-price/ | https://echobuddha.com/quotes/meditation/sit-with-the-day-as-it-is-before-asking/ | https://echobuddha.com/quotes/meditation/the-cushion-is-a-place-to-practice-returning-not/ | https://echobuddha.com/quotes/mindfulness/listen-to-the-moment-before-filling-it-with-your/ | https://echobuddha.com/quotes/mindfulness/notice-what-is-here-before-deciding-what-it-means/ | https://echobuddha.com/quotes/mindfulness/peace-grows-when-attention-stops-running-ahead-of-the/ | https://echobuddha.com/quotes/patience/stay-gentle-with-beginnings-they-are-carrying-more-than/ | https://echobuddha.com/quotes/patience/when-anger-rises-pause-long-enough-to-see-the/ | https://echobuddha.com/quotes/practice/begin-with-what-is-possible-then-return-tomorrow/ | https://echobuddha.com/quotes/practice/practice-becomes-real-when-it-enters-your-speech-and/ | https://echobuddha.com/quotes/practice/the-path-is-not-far-away-it-is-the/ | https://echobuddha.com/quotes/practice/walk-slowly-enough-to-notice-where-your-life-is/ | https://echobuddha.com/quotes/renewal/a-mistake-becomes-a-teacher-when-honesty-enters-the/ | https://echobuddha.com/quotes/renewal/hope-can-be-quiet-and-still-keep-walking/ | https://echobuddha.com/quotes/wisdom/wisdom-is-less-interested-in-winning-than-in-ending/,Which part of this quote feels easy to admire but harder to practice?,PARAGRAPH,EXACT,23,NO,YES,LOW,RETAIN_EXCEPTION_OR_REMOVE_GENERIC_FILLER
RP-039,QUOTE_STORY,https://echobuddha.com/quotes/awareness/clear-seeing-begins-with-the-courage-to-stop-looking/ | https://echobuddha.com/quotes/awareness/the-body-often-knows-you-are-overwhelmed-before-the/ | https://echobuddha.com/quotes/mindfulness/a-peaceful-mind-begins-with-one-honest-breath/ | https://echobuddha.com/quotes/mindfulness/listen-to-the-moment-before-filling-it-with-your/ | https://echobuddha.com/quotes/practice/daily-practice-turns-understanding-from-an-idea-into-a/ | https://echobuddha.com/quotes/practice/walk-slowly-enough-to-notice-where-your-life-is/ | https://echobuddha.com/quotes/renewal/repair-what-you-can-forgive-what-you-cannot-redo/ | https://echobuddha.com/quotes/wisdom/the-lesson-repeats-until-attention-replaces-habit/,Use it during one place where the body signals stress before the mind has words for it.,PARAGRAPH,EXACT,8,NO,YES,LOW,RETAIN_EXCEPTION_OR_REMOVE_GENERIC_FILLER
RP-040,QUOTE_STORY,https://echobuddha.com/quotes/awareness/clear-seeing-begins-with-the-courage-to-stop-looking/ | https://echobuddha.com/quotes/compassion/compassion-asks-what-hurts-before-it-asks-who-is/ | https://echobuddha.com/quotes/impermanence/acceptance-begins-where-the-argument-with-change-ends/ | https://echobuddha.com/quotes/impermanence/because-this-moment-will-pass-meet-it-while-it/ | https://echobuddha.com/quotes/meditation/a-short-sincere-practice-can-steady-a-long-and/ | https://echobuddha.com/quotes/practice/walk-slowly-enough-to-notice-where-your-life-is/,Bring the sentence into one place where the body signals stress before the mind has words for it; let the quote shape one concrete response.,PARAGRAPH,EXACT,6,NO,YES,LOW,RETAIN_EXCEPTION_OR_REMOVE_GENERIC_FILLER
RP-041,QUOTE_STORY,https://echobuddha.com/quotes/awareness/clear-seeing-begins-with-the-courage-to-stop-looking/ | https://echobuddha.com/quotes/awareness/name-the-feeling-gently-and-it-may-stop-speaking/ | https://echobuddha.com/quotes/awareness/the-body-often-knows-you-are-overwhelmed-before-the/ | https://echobuddha.com/quotes/awareness/what-you-can-observe-clearly-no-longer-controls-you/ | https://echobuddha.com/quotes/awareness/when-the-mind-tightens-let-the-body-be-your/ | https://echobuddha.com/quotes/compassion/a-gentle-response-can-end-suffering-that-anger-would/ | https://echobuddha.com/quotes/compassion/before-judging-another-life-remember-how-much-of-your/ | https://echobuddha.com/quotes/compassion/let-kindness-be-the-echo-you-leave-in-every/ | https://echobuddha.com/quotes/compassion/let-your-boundaries-be-clear-and-your-heart-remain/ | https://echobuddha.com/quotes/impermanence/change-takes-nothing-personally-it-simply-continues/ | https://echobuddha.com/quotes/impermanence/everything-changes-including-the-part-of-you-that-fears/ | https://echobuddha.com/quotes/letting-go/an-open-hand-can-care-for-what-a-clenched/ | https://echobuddha.com/quotes/letting-go/let-the-feeling-pass-through-without-building-it-a/ | https://echobuddha.com/quotes/letting-go/you-can-honor-the-past-without-asking-it-to/ | https://echobuddha.com/quotes/letting-go/you-do-not-betray-a-memory-by-allowing-yourself/ | https://echobuddha.com/quotes/meditation/every-return-from-distraction-strengthens-the-path-home/ | https://echobuddha.com/quotes/meditation/sit-without-demanding-silence-and-the-mind-will-teach/ | https://echobuddha.com/quotes/meditation/when-stillness-feels-impossible-begin-by-noticing-the-restlessness/ | https://echobuddha.com/quotes/mindfulness/one-mindful-pause-can-change-the-direction-of-an/ | https://echobuddha.com/quotes/mindfulness/the-present-moment-asks-for-your-attention-not-your/ | https://echobuddha.com/quotes/patience/be-patient-with-the-part-of-you-that-is/ | https://echobuddha.com/quotes/patience/some-answers-become-clear-only-after-the-mind-stops/ | https://echobuddha.com/quotes/patience/the-path-unfolds-at-the-pace-of-sincere-practice/ | https://echobuddha.com/quotes/patience/wait-long-enough-for-the-first-reaction-to-become/ | https://echobuddha.com/quotes/practice/daily-practice-turns-understanding-from-an-idea-into-a/ | https://echobuddha.com/quotes/practice/do-not-wait-to-feel-ready-before-choosing-what/ | https://echobuddha.com/quotes/renewal/each-conscious-breath-is-a-small-vote-for-beginning/ | https://echobuddha.com/quotes/wisdom/a-clear-mind-can-hold-two-truths-without-rushing/ | https://echobuddha.com/quotes/wisdom/a-useful-truth-is-carried-with-humility-not-used/ | https://echobuddha.com/quotes/wisdom/knowing-when-not-to-speak-is-also-a-form/,Where does this quote ask for a different response than the one habit usually offers?,PARAGRAPH,EXACT,30,NO,YES,LOW,RETAIN_EXCEPTION_OR_REMOVE_GENERIC_FILLER
RP-042,QUOTE_STORY,https://echobuddha.com/quotes/awareness/feelings-are-honest-about-their-presence-not-always-about/ | https://echobuddha.com/quotes/awareness/small-acts-of-attention-can-turn-an-ordinary-day/ | https://echobuddha.com/quotes/mindfulness/one-mindful-pause-can-change-the-direction-of-an/ | https://echobuddha.com/quotes/practice/your-next-response-is-always-part-of-the-path/ | https://echobuddha.com/quotes/renewal/each-conscious-breath-is-a-small-vote-for-beginning/ | https://echobuddha.com/quotes/renewal/the-path-welcomes-your-return-more-often-than-pride/ | https://echobuddha.com/quotes/wisdom/a-useful-truth-is-carried-with-humility-not-used/ | https://echobuddha.com/quotes/wisdom/wisdom-sees-the-whole-fire-not-only-the-spark/,"Use it during one moment of waiting, uncertainty, or unfinished business.",PARAGRAPH,EXACT,8,NO,YES,LOW,RETAIN_EXCEPTION_OR_REMOVE_GENERIC_FILLER
RP-043,QUOTE_STORY,https://echobuddha.com/quotes/awareness/feelings-are-honest-about-their-presence-not-always-about/ | https://echobuddha.com/quotes/awareness/small-acts-of-attention-can-turn-an-ordinary-day/ | https://echobuddha.com/quotes/compassion/small-kindnesses-often-reach-places-that-advice-cannot/ | https://echobuddha.com/quotes/letting-go/release-the-need-to-replay-what-can-no-longer/ | https://echobuddha.com/quotes/meditation/sit-with-the-day-as-it-is-before-asking/ | https://echobuddha.com/quotes/meditation/sit-without-demanding-silence-and-the-mind-will-teach/ | https://echobuddha.com/quotes/mindfulness/one-mindful-pause-can-change-the-direction-of-an/,"Test the meaning during one moment of waiting, uncertainty, or unfinished business; let the quote shape one concrete response.",PARAGRAPH,EXACT,7,NO,YES,LOW,RETAIN_EXCEPTION_OR_REMOVE_GENERIC_FILLER
RP-044,QUOTE_STORY,https://echobuddha.com/quotes/awareness/feelings-are-honest-about-their-presence-not-always-about/ | https://echobuddha.com/quotes/awareness/notice-the-habit-before-trying-to-become-someone-without/ | https://echobuddha.com/quotes/compassion/compassion-grows-where-judgment-loosens-its-grip/ | https://echobuddha.com/quotes/compassion/offer-others-the-patience-you-hope-to-receive-on/ | https://echobuddha.com/quotes/compassion/when-you-cannot-remove-anothers-burden-do-not-add/ | https://echobuddha.com/quotes/impermanence/because-this-moment-will-pass-meet-it-while-it/ | https://echobuddha.com/quotes/letting-go/release-the-need-to-replay-what-can-no-longer/ | https://echobuddha.com/quotes/letting-go/release-the-outcome-but-keep-the-care-you-bring/ | https://echobuddha.com/quotes/meditation/meditation-is-not-leaving-life-it-is-learning-how/ | https://echobuddha.com/quotes/meditation/the-bell-fades-but-careful-listening-can-continue/ | https://echobuddha.com/quotes/mindfulness/a-peaceful-mind-begins-with-one-honest-breath/ | https://echobuddha.com/quotes/mindfulness/a-wandering-mind-is-not-a-failed-mind-it/ | https://echobuddha.com/quotes/mindfulness/awareness-begins-when-hurry-loosens-its-hold/ | https://echobuddha.com/quotes/mindfulness/the-more-clearly-you-notice-life-the-less-carelessly/ | https://echobuddha.com/quotes/patience/a-difficult-moment-becomes-heavier-when-we-demand-that/ | https://echobuddha.com/quotes/patience/not-every-delay-is-an-obstacle-some-are-invitations/ | https://echobuddha.com/quotes/patience/patience-is-the-strength-to-remain-present-while-life/ | https://echobuddha.com/quotes/practice/the-path-is-shaped-by-what-you-repeat-when/ | https://echobuddha.com/quotes/renewal/begin-again-gently-the-breath-is-always-willing/ | https://echobuddha.com/quotes/renewal/do-not-confuse-an-old-pattern-with-an-unchangeable/ | https://echobuddha.com/quotes/renewal/the-path-welcomes-your-return-more-often-than-pride/ | https://echobuddha.com/quotes/wisdom/learn-from-discomfort-without-turning-suffering-into-an-identity/ | https://echobuddha.com/quotes/wisdom/wisdom-sees-the-whole-fire-not-only-the-spark/,What would this quote look like if it became one honest choice rather than a thought?,PARAGRAPH,EXACT,23,NO,YES,LOW,RETAIN_EXCEPTION_OR_REMOVE_GENERIC_FILLER
RP-045,QUOTE_STORY,https://echobuddha.com/quotes/awareness/look-beneath-the-reaction-and-you-may-find-a/ | https://echobuddha.com/quotes/mindfulness/give-one-ordinary-task-the-dignity-of-your-full/ | https://echobuddha.com/quotes/mindfulness/peace-grows-when-attention-stops-running-ahead-of-the/ | https://echobuddha.com/quotes/practice/the-path-is-shaped-by-what-you-repeat-when/ | https://echobuddha.com/quotes/practice/the-smallest-wholesome-action-is-larger-than-the-finest/ | https://echobuddha.com/quotes/renewal/begin-again-without-turning-yesterday-into-a-sentence/ | https://echobuddha.com/quotes/renewal/do-not-confuse-an-old-pattern-with-an-unchangeable/ | https://echobuddha.com/quotes/wisdom/wisdom-is-less-interested-in-winning-than-in-ending/,"Use it during one transition between work, home, rest, or practice.",PARAGRAPH,EXACT,8,NO,YES,LOW,RETAIN_EXCEPTION_OR_REMOVE_GENERIC_FILLER
RP-046,QUOTE_STORY,https://echobuddha.com/quotes/awareness/look-beneath-the-reaction-and-you-may-find-a/ | https://echobuddha.com/quotes/compassion/let-kindness-be-the-echo-you-leave-in-every/ | https://echobuddha.com/quotes/letting-go/what-leaves-your-life-may-still-leave-wisdom-behind/ | https://echobuddha.com/quotes/meditation/silence-is-not-empty-when-the-heart-is-listening/,"Test the meaning during one transition between work, home, rest, or practice; let the quote shape one concrete response.",PARAGRAPH,EXACT,4,NO,YES,LOW,RETAIN_EXCEPTION_OR_REMOVE_GENERIC_FILLER
RP-047,QUOTE_STORY,https://echobuddha.com/quotes/awareness/look-beneath-the-reaction-and-you-may-find-a/ | https://echobuddha.com/quotes/compassion/the-heart-becomes-spacious-each-time-it-chooses-care/ | https://echobuddha.com/quotes/impermanence/what-changes-is-not-always-lost-sometimes-it-is/ | https://echobuddha.com/quotes/meditation/follow-the-breath-lightly-as-you-would-listen-to/ | https://echobuddha.com/quotes/meditation/silence-is-not-empty-when-the-heart-is-listening/ | https://echobuddha.com/quotes/mindfulness/give-one-ordinary-task-the-dignity-of-your-full/ | https://echobuddha.com/quotes/patience/growth-is-quiet-work-often-invisible-until-the-season/ | https://echobuddha.com/quotes/practice/bring-the-teaching-into-the-place-where-you-are/ | https://echobuddha.com/quotes/practice/the-smallest-wholesome-action-is-larger-than-the-finest/ | https://echobuddha.com/quotes/practice/your-next-response-is-always-part-of-the-path/ | https://echobuddha.com/quotes/renewal/begin-again-without-turning-yesterday-into-a-sentence/ | https://echobuddha.com/quotes/renewal/repair-what-you-can-forgive-what-you-cannot-redo/ | https://echobuddha.com/quotes/renewal/you-are-allowed-to-learn-slowly-and-still-be/ | https://echobuddha.com/quotes/wisdom/see-the-conditions-behind-an-action-and-blame-may/ | https://echobuddha.com/quotes/wisdom/the-wise-heart-changes-course-when-clearer-seeing-arrives/ | https://echobuddha.com/quotes/wisdom/what-feels-urgent-is-not-always-what-matters-most/,Where is the smallest believable place to practice this without forcing a dramatic change?,PARAGRAPH,EXACT,16,NO,YES,LOW,RETAIN_EXCEPTION_OR_REMOVE_GENERIC_FILLER
RP-048,QUOTE_STORY,https://echobuddha.com/quotes/awareness/name-the-feeling-gently-and-it-may-stop-speaking/ | https://echobuddha.com/quotes/awareness/when-the-mind-tightens-let-the-body-be-your/ | https://echobuddha.com/quotes/mindfulness/awareness-begins-when-hurry-loosens-its-hold/ | https://echobuddha.com/quotes/practice/bring-the-teaching-into-the-place-where-you-are/ | https://echobuddha.com/quotes/practice/the-path-is-not-far-away-it-is-the/ | https://echobuddha.com/quotes/renewal/morning-is-not-the-only-time-a-life-can/ | https://echobuddha.com/quotes/wisdom/knowing-when-not-to-speak-is-also-a-form/ | https://echobuddha.com/quotes/wisdom/the-wise-heart-changes-course-when-clearer-seeing-arrives/,Use it during one routine task that usually disappears into hurry.,PARAGRAPH,EXACT,8,NO,YES,LOW,RETAIN_EXCEPTION_OR_REMOVE_GENERIC_FILLER
RP-049,QUOTE_STORY,https://echobuddha.com/quotes/awareness/name-the-feeling-gently-and-it-may-stop-speaking/ | https://echobuddha.com/quotes/compassion/when-you-cannot-remove-anothers-burden-do-not-add/ | https://echobuddha.com/quotes/practice/bring-the-teaching-into-the-place-where-you-are/ | https://echobuddha.com/quotes/renewal/morning-is-not-the-only-time-a-life-can/,Let the quote accompany one routine task that usually disappears into hurry; let the quote shape one concrete response.,PARAGRAPH,EXACT,4,NO,YES,LOW,RETAIN_EXCEPTION_OR_REMOVE_GENERIC_FILLER
RP-050,QUOTE_STORY,https://echobuddha.com/quotes/awareness/the-body-often-knows-you-are-overwhelmed-before-the/ | https://echobuddha.com/quotes/letting-go/peace-enters-when-control-is-no-longer-the-price/ | https://echobuddha.com/quotes/patience/patience-is-the-strength-to-remain-present-while-life/ | https://echobuddha.com/quotes/renewal/repair-what-you-can-forgive-what-you-cannot-redo/,Use this quote during one place where the body signals stress before the mind has words for it; let the quote shape one concrete response.,PARAGRAPH,EXACT,4,NO,YES,LOW,RETAIN_EXCEPTION_OR_REMOVE_GENERIC_FILLER
RP-051,QUOTE_STORY,https://echobuddha.com/quotes/awareness/what-you-can-observe-clearly-no-longer-controls-you/ | https://echobuddha.com/quotes/mindfulness/notice-what-is-here-before-deciding-what-it-means/ | https://echobuddha.com/quotes/mindfulness/the-more-clearly-you-notice-life-the-less-carelessly/ | https://echobuddha.com/quotes/practice/do-not-wait-to-feel-ready-before-choosing-what/ | https://echobuddha.com/quotes/renewal/a-new-direction-can-start-with-one-different-choice/ | https://echobuddha.com/quotes/renewal/hope-can-be-quiet-and-still-keep-walking/ | https://echobuddha.com/quotes/wisdom/see-the-conditions-behind-an-action-and-blame-may/ | https://echobuddha.com/quotes/wisdom/wisdom-is-the-art-of-meeting-life-without-adding/,"Use it during one short meditation, walk, message, chore, or repair.",PARAGRAPH,EXACT,8,NO,YES,LOW,RETAIN_EXCEPTION_OR_REMOVE_GENERIC_FILLER
RP-052,QUOTE_STORY,https://echobuddha.com/quotes/awareness/what-you-can-observe-clearly-no-longer-controls-you/ | https://echobuddha.com/quotes/compassion/compassion-grows-where-judgment-loosens-its-grip/ | https://echobuddha.com/quotes/compassion/the-heart-becomes-spacious-each-time-it-chooses-care/ | https://echobuddha.com/quotes/letting-go/letting-go-begins-by-admitting-how-tightly-you-are/ | https://echobuddha.com/quotes/renewal/hope-can-be-quiet-and-still-keep-walking/,"Use this quote during one short meditation, walk, message, chore, or repair; let the quote shape one concrete response.",PARAGRAPH,EXACT,5,NO,YES,LOW,RETAIN_EXCEPTION_OR_REMOVE_GENERIC_FILLER
RP-053,QUOTE_STORY,https://echobuddha.com/quotes/awareness/when-the-mind-tightens-let-the-body-be-your/ | https://echobuddha.com/quotes/compassion/a-gentle-response-can-end-suffering-that-anger-would/ | https://echobuddha.com/quotes/letting-go/an-open-hand-can-care-for-what-a-clenched/ | https://echobuddha.com/quotes/patience/when-anger-rises-pause-long-enough-to-see-the/ | https://echobuddha.com/quotes/wisdom/the-wise-heart-changes-course-when-clearer-seeing-arrives/,Bring the sentence into one routine task that usually disappears into hurry; let the quote shape one concrete response.,PARAGRAPH,EXACT,5,NO,YES,LOW,RETAIN_EXCEPTION_OR_REMOVE_GENERIC_FILLER
RP-054,QUOTE_STORY,https://echobuddha.com/quotes/compassion/a-gentle-response-can-end-suffering-that-anger-would/ | https://echobuddha.com/quotes/compassion/before-judging-another-life-remember-how-much-of-your/ | https://echobuddha.com/quotes/compassion/compassion-asks-what-hurts-before-it-asks-who-is/ | https://echobuddha.com/quotes/compassion/compassion-grows-where-judgment-loosens-its-grip/ | https://echobuddha.com/quotes/compassion/compassion-sees-pain-clearly/ | https://echobuddha.com/quotes/compassion/gentle-self-compassion/ | https://echobuddha.com/quotes/compassion/kindness-as-quiet-practice/ | https://echobuddha.com/quotes/compassion/kindness-does-not-need-an-audience-to-become-meaningful/ | https://echobuddha.com/quotes/compassion/let-kindness-be-the-echo-you-leave-in-every/ | https://echobuddha.com/quotes/compassion/let-your-boundaries-be-clear-and-your-heart-remain/ | https://echobuddha.com/quotes/compassion/loving-kindness-without-harm/ | https://echobuddha.com/quotes/compassion/offer-others-the-patience-you-hope-to-receive-on/ | https://echobuddha.com/quotes/compassion/small-kindnesses-often-reach-places-that-advice-cannot/ | https://echobuddha.com/quotes/compassion/the-heart-becomes-spacious-each-time-it-chooses-care/ | https://echobuddha.com/quotes/compassion/to-understand-someone-is-not-to-excuse-harm-it/ | https://echobuddha.com/quotes/compassion/when-you-cannot-remove-anothers-burden-do-not-add/,"This reflection connects with Compassion , a practical way to bring Buddhist wisdom into ordinary life.",PARAGRAPH,EXACT,16,NO,YES,LOW,RETAIN_EXCEPTION_OR_REMOVE_GENERIC_FILLER
RP-055,QUOTE_STORY,https://echobuddha.com/quotes/compassion/a-gentle-response-can-end-suffering-that-anger-would/ | https://echobuddha.com/quotes/compassion/when-you-cannot-remove-anothers-burden-do-not-add/,Use it when care needs to stay warm and boundaried in one routine task that usually disappears into hurry.,PARAGRAPH,EXACT,2,NO,YES,LOW,RETAIN_EXCEPTION_OR_REMOVE_GENERIC_FILLER
RP-056,QUOTE_STORY,https://echobuddha.com/quotes/compassion/a-gentle-response-can-end-suffering-that-anger-would/ | https://echobuddha.com/quotes/compassion/before-judging-another-life-remember-how-much-of-your/ | https://echobuddha.com/quotes/compassion/compassion-asks-what-hurts-before-it-asks-who-is/ | https://echobuddha.com/quotes/compassion/compassion-grows-where-judgment-loosens-its-grip/ | https://echobuddha.com/quotes/compassion/compassion-sees-pain-clearly/ | https://echobuddha.com/quotes/compassion/gentle-self-compassion/ | https://echobuddha.com/quotes/compassion/kindness-as-quiet-practice/ | https://echobuddha.com/quotes/compassion/kindness-does-not-need-an-audience-to-become-meaningful/ | https://echobuddha.com/quotes/compassion/let-kindness-be-the-echo-you-leave-in-every/ | https://echobuddha.com/quotes/compassion/let-your-boundaries-be-clear-and-your-heart-remain/ | https://echobuddha.com/quotes/compassion/loving-kindness-without-harm/ | https://echobuddha.com/quotes/compassion/offer-others-the-patience-you-hope-to-receive-on/ | https://echobuddha.com/quotes/compassion/small-kindnesses-often-reach-places-that-advice-cannot/ | https://echobuddha.com/quotes/compassion/the-heart-becomes-spacious-each-time-it-chooses-care/ | https://echobuddha.com/quotes/compassion/to-understand-someone-is-not-to-excuse-harm-it/ | https://echobuddha.com/quotes/compassion/when-you-cannot-remove-anothers-burden-do-not-add/,"These compassion quotes reflect on kindness as a daily practice, including patient listening, wise boundaries, and care for ourselves and others.",PARAGRAPH,EXACT,16,NO,YES,LOW,RETAIN_EXCEPTION_OR_REMOVE_GENERIC_FILLER
RP-057,QUOTE_STORY,https://echobuddha.com/quotes/compassion/before-judging-another-life-remember-how-much-of-your/ | https://echobuddha.com/quotes/compassion/let-your-boundaries-be-clear-and-your-heart-remain/,Use it when care needs to stay warm and boundaried in one decision where kindness needs both warmth and clarity.,PARAGRAPH,EXACT,2,NO,YES,LOW,RETAIN_EXCEPTION_OR_REMOVE_GENERIC_FILLER
RP-058,QUOTE_STORY,https://echobuddha.com/quotes/compassion/before-judging-another-life-remember-how-much-of-your/ | https://echobuddha.com/quotes/meditation/the-cushion-is-a-place-to-practice-returning-not/,Let the quote accompany one decision where kindness needs both warmth and clarity; let the quote shape one concrete response.,PARAGRAPH,EXACT,2,NO,YES,LOW,RETAIN_EXCEPTION_OR_REMOVE_GENERIC_FILLER
RP-059,QUOTE_STORY,https://echobuddha.com/quotes/compassion/compassion-grows-where-judgment-loosens-its-grip/ | https://echobuddha.com/quotes/compassion/the-heart-becomes-spacious-each-time-it-chooses-care/,"Use it when care needs to stay warm and boundaried in one short meditation, walk, message, chore, or repair.",PARAGRAPH,EXACT,2,NO,YES,LOW,RETAIN_EXCEPTION_OR_REMOVE_GENERIC_FILLER
RP-060,QUOTE_STORY,https://echobuddha.com/quotes/compassion/kindness-does-not-need-an-audience-to-become-meaningful/ | https://echobuddha.com/quotes/compassion/small-kindnesses-often-reach-places-that-advice-cannot/,"Use it when care needs to stay warm and boundaried in one moment of waiting, uncertainty, or unfinished business.",PARAGRAPH,EXACT,2,NO,YES,LOW,RETAIN_EXCEPTION_OR_REMOVE_GENERIC_FILLER
RP-061,QUOTE_STORY,https://echobuddha.com/quotes/compassion/kindness-does-not-need-an-audience-to-become-meaningful/ | https://echobuddha.com/quotes/renewal/each-conscious-breath-is-a-small-vote-for-beginning/ | https://echobuddha.com/quotes/wisdom/wisdom-sees-the-whole-fire-not-only-the-spark/,"Bring the sentence into one moment of waiting, uncertainty, or unfinished business; let the quote shape one concrete response.",PARAGRAPH,EXACT,3,NO,YES,LOW,RETAIN_EXCEPTION_OR_REMOVE_GENERIC_FILLER
RP-062,QUOTE_STORY,https://echobuddha.com/quotes/compassion/let-kindness-be-the-echo-you-leave-in-every/ | https://echobuddha.com/quotes/compassion/to-understand-someone-is-not-to-excuse-harm-it/,"Use it when care needs to stay warm and boundaried in one transition between work, home, rest, or practice.",PARAGRAPH,EXACT,2,NO,YES,LOW,RETAIN_EXCEPTION_OR_REMOVE_GENERIC_FILLER
RP-063,QUOTE_STORY,https://echobuddha.com/quotes/compassion/let-your-boundaries-be-clear-and-your-heart-remain/ | https://echobuddha.com/quotes/impermanence/hold-each-day-carefully-knowing-it-cannot-be-held/ | https://echobuddha.com/quotes/letting-go/freedom-often-sounds-like-the-quiet-end-of-an/ | https://echobuddha.com/quotes/meditation/the-bell-fades-but-careful-listening-can-continue/,Try this line before one decision where kindness needs both warmth and clarity; let the quote shape one concrete response.,PARAGRAPH,EXACT,4,NO,YES,LOW,RETAIN_EXCEPTION_OR_REMOVE_GENERIC_FILLER
RP-064,QUOTE_STORY,https://echobuddha.com/quotes/compassion/to-understand-someone-is-not-to-excuse-harm-it/ | https://echobuddha.com/quotes/impermanence/todays-certainty-may-become-tomorrows-lesson-in-humility/ | https://echobuddha.com/quotes/meditation/every-return-from-distraction-strengthens-the-path-home/ | https://echobuddha.com/quotes/mindfulness/peace-grows-when-attention-stops-running-ahead-of-the/ | https://echobuddha.com/quotes/practice/the-smallest-wholesome-action-is-larger-than-the-finest/,"Bring the sentence into one transition between work, home, rest, or practice; let the quote shape one concrete response.",PARAGRAPH,EXACT,5,NO,YES,LOW,RETAIN_EXCEPTION_OR_REMOVE_GENERIC_FILLER
RP-065,QUOTE_STORY,https://echobuddha.com/quotes/impermanence/acceptance-begins-where-the-argument-with-change-ends/ | https://echobuddha.com/quotes/impermanence/because-this-moment-will-pass-meet-it-while-it/ | https://echobuddha.com/quotes/impermanence/change-is-how-life-continues/ | https://echobuddha.com/quotes/impermanence/change-takes-nothing-personally-it-simply-continues/ | https://echobuddha.com/quotes/impermanence/everything-changes-including-the-part-of-you-that-fears/ | https://echobuddha.com/quotes/impermanence/hold-each-day-carefully-knowing-it-cannot-be-held/ | https://echobuddha.com/quotes/impermanence/meet-change-softly/ | https://echobuddha.com/quotes/impermanence/no-season-is-asked-to-remain-in-order-to/ | https://echobuddha.com/quotes/impermanence/the-fading-flower-does-not-make-its-blooming-less/ | https://echobuddha.com/quotes/impermanence/the-passing-of-joy-teaches-gratitude-the-passing-of/ | https://echobuddha.com/quotes/impermanence/todays-certainty-may-become-tomorrows-lesson-in-humility/ | https://echobuddha.com/quotes/impermanence/what-changes-is-not-always-lost-sometimes-it-is/,"This reflection connects with Impermanence , a practical way to bring Buddhist wisdom into ordinary life.",PARAGRAPH,EXACT,12,NO,YES,LOW,RETAIN_EXCEPTION_OR_REMOVE_GENERIC_FILLER
RP-066,QUOTE_STORY,https://echobuddha.com/quotes/impermanence/acceptance-begins-where-the-argument-with-change-ends/ | https://echobuddha.com/quotes/impermanence/because-this-moment-will-pass-meet-it-while-it/,Use it when change is visible in one place where the body signals stress before the mind has words for it.,PARAGRAPH,EXACT,2,NO,YES,LOW,RETAIN_EXCEPTION_OR_REMOVE_GENERIC_FILLER
RP-067,QUOTE_STORY,https://echobuddha.com/quotes/impermanence/acceptance-begins-where-the-argument-with-change-ends/ | https://echobuddha.com/quotes/impermanence/because-this-moment-will-pass-meet-it-while-it/ | https://echobuddha.com/quotes/impermanence/change-is-how-life-continues/ | https://echobuddha.com/quotes/impermanence/change-takes-nothing-personally-it-simply-continues/ | https://echobuddha.com/quotes/impermanence/everything-changes-including-the-part-of-you-that-fears/ | https://echobuddha.com/quotes/impermanence/hold-each-day-carefully-knowing-it-cannot-be-held/ | https://echobuddha.com/quotes/impermanence/meet-change-softly/ | https://echobuddha.com/quotes/impermanence/no-season-is-asked-to-remain-in-order-to/ | https://echobuddha.com/quotes/impermanence/the-fading-flower-does-not-make-its-blooming-less/ | https://echobuddha.com/quotes/impermanence/the-passing-of-joy-teaches-gratitude-the-passing-of/ | https://echobuddha.com/quotes/impermanence/todays-certainty-may-become-tomorrows-lesson-in-humility/ | https://echobuddha.com/quotes/impermanence/what-changes-is-not-always-lost-sometimes-it-is/,"These impermanence quotes explore how accepting change can deepen gratitude, soften resistance, and leave room for healing.",PARAGRAPH,EXACT,12,NO,YES,LOW,RETAIN_EXCEPTION_OR_REMOVE_GENERIC_FILLER
RP-068,QUOTE_STORY,https://echobuddha.com/quotes/impermanence/change-takes-nothing-personally-it-simply-continues/ | https://echobuddha.com/quotes/mindfulness/a-wandering-mind-is-not-a-failed-mind-it/ | https://echobuddha.com/quotes/mindfulness/return-to-the-breath-before-you-return-to-the/,Try this line before one conversation where the first reply is not the wisest reply; let the quote shape one concrete response.,PARAGRAPH,EXACT,3,NO,YES,LOW,RETAIN_EXCEPTION_OR_REMOVE_GENERIC_FILLER
RP-069,QUOTE_STORY,https://echobuddha.com/quotes/impermanence/everything-changes-including-the-part-of-you-that-fears/ | https://echobuddha.com/quotes/impermanence/hold-each-day-carefully-knowing-it-cannot-be-held/,Use it when change is visible in one decision where kindness needs both warmth and clarity.,PARAGRAPH,EXACT,2,NO,YES,LOW,RETAIN_EXCEPTION_OR_REMOVE_GENERIC_FILLER
RP-070,QUOTE_STORY,https://echobuddha.com/quotes/impermanence/everything-changes-including-the-part-of-you-that-fears/ | https://echobuddha.com/quotes/letting-go/you-can-honor-the-past-without-asking-it-to/ | https://echobuddha.com/quotes/mindfulness/the-present-moment-asks-for-your-attention-not-your/ | https://echobuddha.com/quotes/practice/a-peaceful-life-is-built-from-peaceful-moments-practiced/ | https://echobuddha.com/quotes/wisdom/learn-from-discomfort-without-turning-suffering-into-an-identity/,Test the meaning during one decision where kindness needs both warmth and clarity; let the quote shape one concrete response.,PARAGRAPH,EXACT,5,NO,YES,LOW,RETAIN_EXCEPTION_OR_REMOVE_GENERIC_FILLER
RP-071,QUOTE_STORY,https://echobuddha.com/quotes/impermanence/no-season-is-asked-to-remain-in-order-to/ | https://echobuddha.com/quotes/practice/your-next-response-is-always-part-of-the-path/,"Try this line before one moment of waiting, uncertainty, or unfinished business; let the quote shape one concrete response.",PARAGRAPH,EXACT,2,NO,YES,LOW,RETAIN_EXCEPTION_OR_REMOVE_GENERIC_FILLER
RP-072,QUOTE_STORY,https://echobuddha.com/quotes/impermanence/the-fading-flower-does-not-make-its-blooming-less/ | https://echobuddha.com/quotes/impermanence/what-changes-is-not-always-lost-sometimes-it-is/,Use it when change is visible in one routine task that usually disappears into hurry.,PARAGRAPH,EXACT,2,NO,YES,LOW,RETAIN_EXCEPTION_OR_REMOVE_GENERIC_FILLER
RP-073,QUOTE_STORY,https://echobuddha.com/quotes/impermanence/the-fading-flower-does-not-make-its-blooming-less/ | https://echobuddha.com/quotes/mindfulness/awareness-begins-when-hurry-loosens-its-hold/ | https://echobuddha.com/quotes/patience/patience-makes-room-for-truth-to-arrive-without-force/ | https://echobuddha.com/quotes/wisdom/knowing-when-not-to-speak-is-also-a-form/,Try this line before one routine task that usually disappears into hurry; let the quote shape one concrete response.,PARAGRAPH,EXACT,4,NO,YES,LOW,RETAIN_EXCEPTION_OR_REMOVE_GENERIC_FILLER
RP-074,QUOTE_STORY,https://echobuddha.com/quotes/impermanence/the-passing-of-joy-teaches-gratitude-the-passing-of/ | https://echobuddha.com/quotes/wisdom/wisdom-is-the-art-of-meeting-life-without-adding/,"Try this line before one short meditation, walk, message, chore, or repair; let the quote shape one concrete response.",PARAGRAPH,EXACT,2,NO,YES,LOW,RETAIN_EXCEPTION_OR_REMOVE_GENERIC_FILLER
RP-075,QUOTE_STORY,https://echobuddha.com/quotes/letting-go/an-open-hand-can-care-for-what-a-clenched/ | https://echobuddha.com/quotes/letting-go/caring-without-clinging/ | https://echobuddha.com/quotes/letting-go/forgiveness-without-approving-harm/ | https://echobuddha.com/quotes/letting-go/freedom-often-sounds-like-the-quiet-end-of-an/ | https://echobuddha.com/quotes/letting-go/let-the-feeling-pass-through-without-building-it-a/ | https://echobuddha.com/quotes/letting-go/letting-go-begins-by-admitting-how-tightly-you-are/ | https://echobuddha.com/quotes/letting-go/open-hands-non-attachment/ | https://echobuddha.com/quotes/letting-go/peace-enters-when-control-is-no-longer-the-price/ | https://echobuddha.com/quotes/letting-go/release-the-need-to-replay-what-can-no-longer/ | https://echobuddha.com/quotes/letting-go/release-the-outcome-but-keep-the-care-you-bring/ | https://echobuddha.com/quotes/letting-go/soften-around-stress/ | https://echobuddha.com/quotes/letting-go/what-leaves-your-life-may-still-leave-wisdom-behind/ | https://echobuddha.com/quotes/letting-go/where-attachment-begins/ | https://echobuddha.com/quotes/letting-go/you-can-honor-the-past-without-asking-it-to/ | https://echobuddha.com/quotes/letting-go/you-do-not-betray-a-memory-by-allowing-yourself/ | https://echobuddha.com/quotes/letting-go/you-do-not-need-to-carry-every-thought-that/,"This reflection connects with Non-Attachment , a practical way to bring Buddhist wisdom into ordinary life.",PARAGRAPH,EXACT,16,NO,YES,LOW,RETAIN_EXCEPTION_OR_REMOVE_GENERIC_FILLER
RP-076,QUOTE_STORY,https://echobuddha.com/quotes/letting-go/an-open-hand-can-care-for-what-a-clenched/ | https://echobuddha.com/quotes/letting-go/caring-without-clinging/ | https://echobuddha.com/quotes/letting-go/forgiveness-without-approving-harm/ | https://echobuddha.com/quotes/letting-go/freedom-often-sounds-like-the-quiet-end-of-an/ | https://echobuddha.com/quotes/letting-go/let-the-feeling-pass-through-without-building-it-a/ | https://echobuddha.com/quotes/letting-go/letting-go-begins-by-admitting-how-tightly-you-are/ | https://echobuddha.com/quotes/letting-go/open-hands-non-attachment/ | https://echobuddha.com/quotes/letting-go/peace-enters-when-control-is-no-longer-the-price/ | https://echobuddha.com/quotes/letting-go/release-the-need-to-replay-what-can-no-longer/ | https://echobuddha.com/quotes/letting-go/release-the-outcome-but-keep-the-care-you-bring/ | https://echobuddha.com/quotes/letting-go/soften-around-stress/ | https://echobuddha.com/quotes/letting-go/what-leaves-your-life-may-still-leave-wisdom-behind/ | https://echobuddha.com/quotes/letting-go/where-attachment-begins/ | https://echobuddha.com/quotes/letting-go/you-can-honor-the-past-without-asking-it-to/ | https://echobuddha.com/quotes/letting-go/you-do-not-betray-a-memory-by-allowing-yourself/ | https://echobuddha.com/quotes/letting-go/you-do-not-need-to-carry-every-thought-that/,"These letting go quotes consider how to loosen control without giving up on care, responsibility, or wise action.",PARAGRAPH,EXACT,16,NO,YES,LOW,RETAIN_EXCEPTION_OR_REMOVE_GENERIC_FILLER
RP-077,QUOTE_STORY,https://echobuddha.com/quotes/letting-go/freedom-often-sounds-like-the-quiet-end-of-an/ | https://echobuddha.com/quotes/letting-go/you-can-honor-the-past-without-asking-it-to/,"Use it when effort is possible but control is not, especially in one decision where kindness needs both warmth and clarity.",PARAGRAPH,EXACT,2,NO,YES,LOW,RETAIN_EXCEPTION_OR_REMOVE_GENERIC_FILLER
RP-078,QUOTE_STORY,https://echobuddha.com/quotes/letting-go/let-the-feeling-pass-through-without-building-it-a/ | https://echobuddha.com/quotes/letting-go/release-the-need-to-replay-what-can-no-longer/,"Use it when effort is possible but control is not, especially in one moment of waiting, uncertainty, or unfinished business.",PARAGRAPH,EXACT,2,NO,YES,LOW,RETAIN_EXCEPTION_OR_REMOVE_GENERIC_FILLER
RP-079,QUOTE_STORY,https://echobuddha.com/quotes/letting-go/let-the-feeling-pass-through-without-building-it-a/ | https://echobuddha.com/quotes/wisdom/a-useful-truth-is-carried-with-humility-not-used/,"Use this quote during one moment of waiting, uncertainty, or unfinished business; let the quote shape one concrete response.",PARAGRAPH,EXACT,2,NO,YES,LOW,RETAIN_EXCEPTION_OR_REMOVE_GENERIC_FILLER
RP-080,QUOTE_STORY,https://echobuddha.com/quotes/letting-go/letting-go-begins-by-admitting-how-tightly-you-are/ | https://echobuddha.com/quotes/letting-go/you-do-not-betray-a-memory-by-allowing-yourself/,"Use it when effort is possible but control is not, especially in one short meditation, walk, message, chore, or repair.",PARAGRAPH,EXACT,2,NO,YES,LOW,RETAIN_EXCEPTION_OR_REMOVE_GENERIC_FILLER
RP-081,QUOTE_STORY,https://echobuddha.com/quotes/letting-go/what-leaves-your-life-may-still-leave-wisdom-behind/ | https://echobuddha.com/quotes/letting-go/you-do-not-need-to-carry-every-thought-that/,"Use it when effort is possible but control is not, especially in one transition between work, home, rest, or practice.",PARAGRAPH,EXACT,2,NO,YES,LOW,RETAIN_EXCEPTION_OR_REMOVE_GENERIC_FILLER
RP-082,QUOTE_STORY,https://echobuddha.com/quotes/letting-go/you-do-not-betray-a-memory-by-allowing-yourself/ | https://echobuddha.com/quotes/meditation/do-not-search-meditation-for-a-special-self-notice/ | https://echobuddha.com/quotes/patience/growth-is-quiet-work-often-invisible-until-the-season/,"Let the quote accompany one short meditation, walk, message, chore, or repair; let the quote shape one concrete response.",PARAGRAPH,EXACT,3,NO,YES,LOW,RETAIN_EXCEPTION_OR_REMOVE_GENERIC_FILLER
RP-083,QUOTE_STORY,https://echobuddha.com/quotes/letting-go/you-do-not-need-to-carry-every-thought-that/ | https://echobuddha.com/quotes/patience/wait-long-enough-for-the-first-reaction-to-become/ | https://echobuddha.com/quotes/renewal/begin-again-without-turning-yesterday-into-a-sentence/,"Use this quote during one transition between work, home, rest, or practice; let the quote shape one concrete response.",PARAGRAPH,EXACT,3,NO,YES,LOW,RETAIN_EXCEPTION_OR_REMOVE_GENERIC_FILLER
RP-084,QUOTE_STORY,https://echobuddha.com/quotes/meditation/a-short-sincere-practice-can-steady-a-long-and/ | https://echobuddha.com/quotes/meditation/do-not-search-meditation-for-a-special-self-notice/ | https://echobuddha.com/quotes/meditation/every-return-from-distraction-strengthens-the-path-home/ | https://echobuddha.com/quotes/meditation/few-quiet-minutes/ | https://echobuddha.com/quotes/meditation/follow-the-breath-lightly-as-you-would-listen-to/ | https://echobuddha.com/quotes/meditation/meditation-is-not-leaving-life-it-is-learning-how/ | https://echobuddha.com/quotes/meditation/meditation-is-returning/ | https://echobuddha.com/quotes/meditation/one-honest-breath/ | https://echobuddha.com/quotes/meditation/silence-is-not-empty-when-the-heart-is-listening/ | https://echobuddha.com/quotes/meditation/sit-with-the-day-as-it-is-before-asking/ | https://echobuddha.com/quotes/meditation/sit-without-demanding-silence-and-the-mind-will-teach/ | https://echobuddha.com/quotes/meditation/the-bell-fades-but-careful-listening-can-continue/ | https://echobuddha.com/quotes/meditation/the-cushion-is-a-place-to-practice-returning-not/ | https://echobuddha.com/quotes/meditation/when-stillness-feels-impossible-begin-by-noticing-the-restlessness/,"This reflection connects with Meditation for Beginners , a practical way to bring Buddhist wisdom into ordinary life.",PARAGRAPH,EXACT,14,NO,YES,LOW,RETAIN_EXCEPTION_OR_REMOVE_GENERIC_FILLER
RP-085,QUOTE_STORY,https://echobuddha.com/quotes/meditation/a-short-sincere-practice-can-steady-a-long-and/ | https://echobuddha.com/quotes/meditation/do-not-search-meditation-for-a-special-self-notice/ | https://echobuddha.com/quotes/meditation/every-return-from-distraction-strengthens-the-path-home/ | https://echobuddha.com/quotes/meditation/few-quiet-minutes/ | https://echobuddha.com/quotes/meditation/follow-the-breath-lightly-as-you-would-listen-to/ | https://echobuddha.com/quotes/meditation/meditation-is-not-leaving-life-it-is-learning-how/ | https://echobuddha.com/quotes/meditation/meditation-is-returning/ | https://echobuddha.com/quotes/meditation/one-honest-breath/ | https://echobuddha.com/quotes/meditation/silence-is-not-empty-when-the-heart-is-listening/ | https://echobuddha.com/quotes/meditation/sit-with-the-day-as-it-is-before-asking/ | https://echobuddha.com/quotes/meditation/sit-without-demanding-silence-and-the-mind-will-teach/ | https://echobuddha.com/quotes/meditation/the-bell-fades-but-careful-listening-can-continue/ | https://echobuddha.com/quotes/meditation/the-cushion-is-a-place-to-practice-returning-not/ | https://echobuddha.com/quotes/meditation/when-stillness-feels-impossible-begin-by-noticing-the-restlessness/,"These meditation quotes are quiet companions for seated practice, mindful breathing, and the repeated return from distraction.",PARAGRAPH,EXACT,14,NO,YES,LOW,RETAIN_EXCEPTION_OR_REMOVE_GENERIC_FILLER
RP-086,QUOTE_STORY,https://echobuddha.com/quotes/meditation/do-not-search-meditation-for-a-special-self-notice/ | https://echobuddha.com/quotes/meditation/meditation-is-not-leaving-life-it-is-learning-how/,"Use it before sitting, while returning from distraction, or during one short meditation, walk, message, chore, or repair.",PARAGRAPH,EXACT,2,NO,YES,LOW,RETAIN_EXCEPTION_OR_REMOVE_GENERIC_FILLER
RP-087,QUOTE_STORY,https://echobuddha.com/quotes/meditation/every-return-from-distraction-strengthens-the-path-home/ | https://echobuddha.com/quotes/meditation/silence-is-not-empty-when-the-heart-is-listening/,"Use it before sitting, while returning from distraction, or during one transition between work, home, rest, or practice.",PARAGRAPH,EXACT,2,NO,YES,LOW,RETAIN_EXCEPTION_OR_REMOVE_GENERIC_FILLER
RP-088,QUOTE_STORY,https://echobuddha.com/quotes/meditation/follow-the-breath-lightly-as-you-would-listen-to/ | https://echobuddha.com/quotes/practice/the-path-is-not-far-away-it-is-the/,Test the meaning during one routine task that usually disappears into hurry; let the quote shape one concrete response.,PARAGRAPH,EXACT,2,NO,YES,LOW,RETAIN_EXCEPTION_OR_REMOVE_GENERIC_FILLER
RP-089,QUOTE_STORY,https://echobuddha.com/quotes/meditation/meditation-is-not-leaving-life-it-is-learning-how/ | https://echobuddha.com/quotes/mindfulness/notice-what-is-here-before-deciding-what-it-means/,"Bring the sentence into one short meditation, walk, message, chore, or repair; let the quote shape one concrete response.",PARAGRAPH,EXACT,2,NO,YES,LOW,RETAIN_EXCEPTION_OR_REMOVE_GENERIC_FILLER
RP-090,QUOTE_STORY,https://echobuddha.com/quotes/meditation/sit-with-the-day-as-it-is-before-asking/ | https://echobuddha.com/quotes/meditation/sit-without-demanding-silence-and-the-mind-will-teach/,"Use it before sitting, while returning from distraction, or during one moment of waiting, uncertainty, or unfinished business.",PARAGRAPH,EXACT,2,NO,YES,LOW,RETAIN_EXCEPTION_OR_REMOVE_GENERIC_FILLER
RP-091,QUOTE_STORY,https://echobuddha.com/quotes/meditation/the-bell-fades-but-careful-listening-can-continue/ | https://echobuddha.com/quotes/meditation/the-cushion-is-a-place-to-practice-returning-not/,"Use it before sitting, while returning from distraction, or during one decision where kindness needs both warmth and clarity.",PARAGRAPH,EXACT,2,NO,YES,LOW,RETAIN_EXCEPTION_OR_REMOVE_GENERIC_FILLER
RP-092,QUOTE_STORY,https://echobuddha.com/quotes/meditation/when-stillness-feels-impossible-begin-by-noticing-the-restlessness/ | https://echobuddha.com/quotes/patience/some-answers-become-clear-only-after-the-mind-stops/ | https://echobuddha.com/quotes/practice/begin-with-what-is-possible-then-return-tomorrow/ | https://echobuddha.com/quotes/renewal/a-mistake-becomes-a-teacher-when-honesty-enters-the/ | https://echobuddha.com/quotes/renewal/begin-again-gently-the-breath-is-always-willing/,Test the meaning during one conversation where the first reply is not the wisest reply; let the quote shape one concrete response.,PARAGRAPH,EXACT,5,NO,YES,LOW,RETAIN_EXCEPTION_OR_REMOVE_GENERIC_FILLER
RP-093,QUOTE_STORY,https://echobuddha.com/quotes/mindfulness/a-peaceful-mind-begins-with-one-honest-breath/ | https://echobuddha.com/quotes/mindfulness/a-wandering-mind-is-not-a-failed-mind-it/ | https://echobuddha.com/quotes/mindfulness/awareness-begins-when-hurry-loosens-its-hold/ | https://echobuddha.com/quotes/mindfulness/begin-the-day-with-awareness/ | https://echobuddha.com/quotes/mindfulness/give-one-ordinary-task-the-dignity-of-your-full/ | https://echobuddha.com/quotes/mindfulness/gratitude-notices-enough/ | https://echobuddha.com/quotes/mindfulness/ground-yourself-gently/ | https://echobuddha.com/quotes/mindfulness/listen-before-answering/ | https://echobuddha.com/quotes/mindfulness/listen-to-the-moment-before-filling-it-with-your/ | https://echobuddha.com/quotes/mindfulness/notice-what-is-here-before-deciding-what-it-means/ | https://echobuddha.com/quotes/mindfulness/one-mindful-pause-can-change-the-direction-of-an/ | https://echobuddha.com/quotes/mindfulness/peace-begins-with-attention/ | https://echobuddha.com/quotes/mindfulness/peace-grows-when-attention-stops-running-ahead-of-the/ | https://echobuddha.com/quotes/mindfulness/present-moment-one-step/ | https://echobuddha.com/quotes/mindfulness/return-to-the-breath-before-you-return-to-the/ | https://echobuddha.com/quotes/mindfulness/the-more-clearly-you-notice-life-the-less-carelessly/ | https://echobuddha.com/quotes/mindfulness/the-present-moment-asks-for-your-attention-not-your/,"This reflection connects with Mindfulness , a practical way to bring Buddhist wisdom into ordinary life.",PARAGRAPH,EXACT,17,NO,YES,LOW,RETAIN_EXCEPTION_OR_REMOVE_GENERIC_FILLER
RP-094,QUOTE_STORY,https://echobuddha.com/quotes/mindfulness/a-peaceful-mind-begins-with-one-honest-breath/ | https://echobuddha.com/quotes/mindfulness/a-wandering-mind-is-not-a-failed-mind-it/ | https://echobuddha.com/quotes/mindfulness/awareness-begins-when-hurry-loosens-its-hold/ | https://echobuddha.com/quotes/mindfulness/begin-the-day-with-awareness/ | https://echobuddha.com/quotes/mindfulness/give-one-ordinary-task-the-dignity-of-your-full/ | https://echobuddha.com/quotes/mindfulness/gratitude-notices-enough/ | https://echobuddha.com/quotes/mindfulness/ground-yourself-gently/ | https://echobuddha.com/quotes/mindfulness/listen-before-answering/ | https://echobuddha.com/quotes/mindfulness/listen-to-the-moment-before-filling-it-with-your/ | https://echobuddha.com/quotes/mindfulness/notice-what-is-here-before-deciding-what-it-means/ | https://echobuddha.com/quotes/mindfulness/one-mindful-pause-can-change-the-direction-of-an/ | https://echobuddha.com/quotes/mindfulness/peace-begins-with-attention/ | https://echobuddha.com/quotes/mindfulness/peace-grows-when-attention-stops-running-ahead-of-the/ | https://echobuddha.com/quotes/mindfulness/present-moment-one-step/ | https://echobuddha.com/quotes/mindfulness/return-to-the-breath-before-you-return-to-the/ | https://echobuddha.com/quotes/mindfulness/the-more-clearly-you-notice-life-the-less-carelessly/ | https://echobuddha.com/quotes/mindfulness/the-present-moment-asks-for-your-attention-not-your/,"These mindfulness quotes offer short reminders to pause, notice what is happening, and meet ordinary life with fuller attention.",PARAGRAPH,EXACT,17,NO,YES,LOW,RETAIN_EXCEPTION_OR_REMOVE_GENERIC_FILLER
RP-095,QUOTE_STORY,https://echobuddha.com/quotes/mindfulness/give-one-ordinary-task-the-dignity-of-your-full/ | https://echobuddha.com/quotes/practice/the-path-is-shaped-by-what-you-repeat-when/ | https://echobuddha.com/quotes/wisdom/wisdom-is-less-interested-in-winning-than-in-ending/,"Let the quote accompany one transition between work, home, rest, or practice; let the quote shape one concrete response.",PARAGRAPH,EXACT,3,NO,YES,LOW,RETAIN_EXCEPTION_OR_REMOVE_GENERIC_FILLER
RP-096,QUOTE_STORY,https://echobuddha.com/quotes/mindfulness/listen-to-the-moment-before-filling-it-with-your/ | https://echobuddha.com/quotes/patience/the-path-unfolds-at-the-pace-of-sincere-practice/ | https://echobuddha.com/quotes/practice/daily-practice-turns-understanding-from-an-idea-into-a/,Let the quote accompany one place where the body signals stress before the mind has words for it; let the quote shape one concrete response.,PARAGRAPH,EXACT,3,NO,YES,LOW,RETAIN_EXCEPTION_OR_REMOVE_GENERIC_FILLER
RP-097,QUOTE_STORY,https://echobuddha.com/quotes/mindfulness/the-more-clearly-you-notice-life-the-less-carelessly/ | https://echobuddha.com/quotes/practice/do-not-wait-to-feel-ready-before-choosing-what/ | https://echobuddha.com/quotes/renewal/a-new-direction-can-start-with-one-different-choice/ | https://echobuddha.com/quotes/wisdom/see-the-conditions-behind-an-action-and-blame-may/,"Test the meaning during one short meditation, walk, message, chore, or repair; let the quote shape one concrete response.",PARAGRAPH,EXACT,4,NO,YES,LOW,RETAIN_EXCEPTION_OR_REMOVE_GENERIC_FILLER
RP-098,QUOTE_STORY,https://echobuddha.com/quotes/patience/a-difficult-moment-becomes-heavier-when-we-demand-that/ | https://echobuddha.com/quotes/patience/be-patient-with-the-part-of-you-that-is/ | https://echobuddha.com/quotes/patience/family-kindness-and-patience/ | https://echobuddha.com/quotes/patience/growth-is-quiet-work-often-invisible-until-the-season/ | https://echobuddha.com/quotes/patience/not-every-delay-is-an-obstacle-some-are-invitations/ | https://echobuddha.com/quotes/patience/patience-is-the-strength-to-remain-present-while-life/ | https://echobuddha.com/quotes/patience/patience-makes-room-for-truth-to-arrive-without-force/ | https://echobuddha.com/quotes/patience/patience-softens-the-wait/ | https://echobuddha.com/quotes/patience/some-answers-become-clear-only-after-the-mind-stops/ | https://echobuddha.com/quotes/patience/stay-gentle-with-beginnings-they-are-carrying-more-than/ | https://echobuddha.com/quotes/patience/the-path-unfolds-at-the-pace-of-sincere-practice/ | https://echobuddha.com/quotes/patience/wait-long-enough-for-the-first-reaction-to-become/ | https://echobuddha.com/quotes/patience/when-anger-rises-pause-long-enough-to-see-the/,"This reflection connects with Right Speech , a practical way to bring Buddhist wisdom into ordinary life.",PARAGRAPH,EXACT,13,NO,YES,LOW,RETAIN_EXCEPTION_OR_REMOVE_GENERIC_FILLER
RP-099,QUOTE_STORY,https://echobuddha.com/quotes/patience/a-difficult-moment-becomes-heavier-when-we-demand-that/ | https://echobuddha.com/quotes/patience/be-patient-with-the-part-of-you-that-is/ | https://echobuddha.com/quotes/patience/family-kindness-and-patience/ | https://echobuddha.com/quotes/patience/growth-is-quiet-work-often-invisible-until-the-season/ | https://echobuddha.com/quotes/patience/not-every-delay-is-an-obstacle-some-are-invitations/ | https://echobuddha.com/quotes/patience/patience-is-the-strength-to-remain-present-while-life/ | https://echobuddha.com/quotes/patience/patience-makes-room-for-truth-to-arrive-without-force/ | https://echobuddha.com/quotes/patience/patience-softens-the-wait/ | https://echobuddha.com/quotes/patience/some-answers-become-clear-only-after-the-mind-stops/ | https://echobuddha.com/quotes/patience/stay-gentle-with-beginnings-they-are-carrying-more-than/ | https://echobuddha.com/quotes/patience/the-path-unfolds-at-the-pace-of-sincere-practice/ | https://echobuddha.com/quotes/patience/wait-long-enough-for-the-first-reaction-to-become/ | https://echobuddha.com/quotes/patience/when-anger-rises-pause-long-enough-to-see-the/,"These patience quotes explore patience as quiet strength before reaction: the pause that can protect speech, soften anger, and keep care present while life takes time.",PARAGRAPH,EXACT,13,NO,YES,LOW,RETAIN_EXCEPTION_OR_REMOVE_GENERIC_FILLER
RP-100,QUOTE_STORY,https://echobuddha.com/quotes/patience/be-patient-with-the-part-of-you-that-is/ | https://echobuddha.com/quotes/renewal/the-path-welcomes-your-return-more-often-than-pride/,"Let the quote accompany one moment of waiting, uncertainty, or unfinished business; let the quote shape one concrete response.",PARAGRAPH,EXACT,2,NO,YES,LOW,RETAIN_EXCEPTION_OR_REMOVE_GENERIC_FILLER
RP-101,QUOTE_STORY,https://echobuddha.com/quotes/patience/not-every-delay-is-an-obstacle-some-are-invitations/ | https://echobuddha.com/quotes/patience/some-answers-become-clear-only-after-the-mind-stops/,Use it when waiting or irritation appears in one conversation where the first reply is not the wisest reply.,PARAGRAPH,EXACT,2,NO,YES,LOW,RETAIN_EXCEPTION_OR_REMOVE_GENERIC_FILLER
RP-102,QUOTE_STORY,https://echobuddha.com/quotes/patience/patience-is-the-strength-to-remain-present-while-life/ | https://echobuddha.com/quotes/patience/the-path-unfolds-at-the-pace-of-sincere-practice/,Use it when waiting or irritation appears in one place where the body signals stress before the mind has words for it.,PARAGRAPH,EXACT,2,NO,YES,LOW,RETAIN_EXCEPTION_OR_REMOVE_GENERIC_FILLER
RP-103,QUOTE_STORY,https://echobuddha.com/quotes/patience/patience-makes-room-for-truth-to-arrive-without-force/ | https://echobuddha.com/quotes/patience/when-anger-rises-pause-long-enough-to-see-the/,Use it when waiting or irritation appears in one routine task that usually disappears into hurry.,PARAGRAPH,EXACT,2,NO,YES,LOW,RETAIN_EXCEPTION_OR_REMOVE_GENERIC_FILLER
RP-104,QUOTE_STORY,https://echobuddha.com/quotes/patience/stay-gentle-with-beginnings-they-are-carrying-more-than/ | https://echobuddha.com/quotes/patience/wait-long-enough-for-the-first-reaction-to-become/,"Use it when waiting or irritation appears in one transition between work, home, rest, or practice.",PARAGRAPH,EXACT,2,NO,YES,LOW,RETAIN_EXCEPTION_OR_REMOVE_GENERIC_FILLER
RP-105,QUOTE_STORY,https://echobuddha.com/quotes/patience/stay-gentle-with-beginnings-they-are-carrying-more-than/ | https://echobuddha.com/quotes/renewal/do-not-confuse-an-old-pattern-with-an-unchangeable/,"Try this line before one transition between work, home, rest, or practice; let the quote shape one concrete response.",PARAGRAPH,EXACT,2,NO,YES,LOW,RETAIN_EXCEPTION_OR_REMOVE_GENERIC_FILLER
RP-106,QUOTE_STORY,https://echobuddha.com/quotes/practice/a-peaceful-life-is-built-from-peaceful-moments-practiced/ | https://echobuddha.com/quotes/practice/begin-with-what-is-possible-then-return-tomorrow/ | https://echobuddha.com/quotes/practice/bring-the-teaching-into-the-place-where-you-are/ | https://echobuddha.com/quotes/practice/daily-practice-turns-understanding-from-an-idea-into-a/ | https://echobuddha.com/quotes/practice/do-not-wait-to-feel-ready-before-choosing-what/ | https://echobuddha.com/quotes/practice/eightfold-path-daily-choices/ | https://echobuddha.com/quotes/practice/mindfulness-at-work-breath/ | https://echobuddha.com/quotes/practice/practice-becomes-real-when-it-enters-your-speech-and/ | https://echobuddha.com/quotes/practice/right-intention-turns-the-heart/ | https://echobuddha.com/quotes/practice/small-actions-shape-the-mind/ | https://echobuddha.com/quotes/practice/the-path-is-not-far-away-it-is-the/ | https://echobuddha.com/quotes/practice/the-path-is-shaped-by-what-you-repeat-when/ | https://echobuddha.com/quotes/practice/the-smallest-wholesome-action-is-larger-than-the-finest/ | https://echobuddha.com/quotes/practice/walk-slowly-enough-to-notice-where-your-life-is/ | https://echobuddha.com/quotes/practice/your-next-response-is-always-part-of-the-path/,"This reflection connects with Noble Eightfold Path , a practical way to bring Buddhist wisdom into ordinary life.",PARAGRAPH,EXACT,15,NO,YES,LOW,RETAIN_EXCEPTION_OR_REMOVE_GENERIC_FILLER
RP-107,QUOTE_STORY,https://echobuddha.com/quotes/practice/a-peaceful-life-is-built-from-peaceful-moments-practiced/ | https://echobuddha.com/quotes/practice/begin-with-what-is-possible-then-return-tomorrow/ | https://echobuddha.com/quotes/practice/bring-the-teaching-into-the-place-where-you-are/ | https://echobuddha.com/quotes/practice/daily-practice-turns-understanding-from-an-idea-into-a/ | https://echobuddha.com/quotes/practice/do-not-wait-to-feel-ready-before-choosing-what/ | https://echobuddha.com/quotes/practice/eightfold-path-daily-choices/ | https://echobuddha.com/quotes/practice/mindfulness-at-work-breath/ | https://echobuddha.com/quotes/practice/practice-becomes-real-when-it-enters-your-speech-and/ | https://echobuddha.com/quotes/practice/right-intention-turns-the-heart/ | https://echobuddha.com/quotes/practice/small-actions-shape-the-mind/ | https://echobuddha.com/quotes/practice/the-path-is-not-far-away-it-is-the/ | https://echobuddha.com/quotes/practice/the-path-is-shaped-by-what-you-repeat-when/ | https://echobuddha.com/quotes/practice/the-smallest-wholesome-action-is-larger-than-the-finest/ | https://echobuddha.com/quotes/practice/walk-slowly-enough-to-notice-where-your-life-is/ | https://echobuddha.com/quotes/practice/your-next-response-is-always-part-of-the-path/,"These practice quotes bring Buddhist-inspired wisdom into speech, work, relationships, and the small repeated choices that shape a life.",PARAGRAPH,EXACT,15,NO,YES,LOW,RETAIN_EXCEPTION_OR_REMOVE_GENERIC_FILLER
RP-108,QUOTE_STORY,https://echobuddha.com/quotes/renewal/a-mistake-becomes-a-teacher-when-honesty-enters-the/ | https://echobuddha.com/quotes/renewal/a-new-direction-can-start-with-one-different-choice/ | https://echobuddha.com/quotes/renewal/begin-again-gently-the-breath-is-always-willing/ | https://echobuddha.com/quotes/renewal/begin-again-without-shame/ | https://echobuddha.com/quotes/renewal/begin-again-without-turning-yesterday-into-a-sentence/ | https://echobuddha.com/quotes/renewal/do-not-confuse-an-old-pattern-with-an-unchangeable/ | https://echobuddha.com/quotes/renewal/each-conscious-breath-is-a-small-vote-for-beginning/ | https://echobuddha.com/quotes/renewal/evening-release-reflection/ | https://echobuddha.com/quotes/renewal/gentle-hope-keeps-walking/ | https://echobuddha.com/quotes/renewal/hope-can-be-quiet-and-still-keep-walking/ | https://echobuddha.com/quotes/renewal/morning-is-not-the-only-time-a-life-can/ | https://echobuddha.com/quotes/renewal/one-calm-morning-intention/ | https://echobuddha.com/quotes/renewal/repair-what-you-can-forgive-what-you-cannot-redo/ | https://echobuddha.com/quotes/renewal/the-path-welcomes-your-return-more-often-than-pride/ | https://echobuddha.com/quotes/renewal/you-are-allowed-to-learn-slowly-and-still-be/,"This reflection connects with Daily Practice , a practical way to bring Buddhist wisdom into ordinary life.",PARAGRAPH,EXACT,15,NO,YES,LOW,RETAIN_EXCEPTION_OR_REMOVE_GENERIC_FILLER
RP-109,QUOTE_STORY,https://echobuddha.com/quotes/renewal/a-mistake-becomes-a-teacher-when-honesty-enters-the/ | https://echobuddha.com/quotes/renewal/a-new-direction-can-start-with-one-different-choice/ | https://echobuddha.com/quotes/renewal/begin-again-gently-the-breath-is-always-willing/ | https://echobuddha.com/quotes/renewal/begin-again-without-shame/ | https://echobuddha.com/quotes/renewal/begin-again-without-turning-yesterday-into-a-sentence/ | https://echobuddha.com/quotes/renewal/do-not-confuse-an-old-pattern-with-an-unchangeable/ | https://echobuddha.com/quotes/renewal/each-conscious-breath-is-a-small-vote-for-beginning/ | https://echobuddha.com/quotes/renewal/evening-release-reflection/ | https://echobuddha.com/quotes/renewal/gentle-hope-keeps-walking/ | https://echobuddha.com/quotes/renewal/hope-can-be-quiet-and-still-keep-walking/ | https://echobuddha.com/quotes/renewal/morning-is-not-the-only-time-a-life-can/ | https://echobuddha.com/quotes/renewal/one-calm-morning-intention/ | https://echobuddha.com/quotes/renewal/repair-what-you-can-forgive-what-you-cannot-redo/ | https://echobuddha.com/quotes/renewal/the-path-welcomes-your-return-more-often-than-pride/ | https://echobuddha.com/quotes/renewal/you-are-allowed-to-learn-slowly-and-still-be/,"These renewal quotes offer encouragement for returning to the path, repairing what can be repaired, and choosing a new direction.",PARAGRAPH,EXACT,15,NO,YES,LOW,RETAIN_EXCEPTION_OR_REMOVE_GENERIC_FILLER
RP-110,QUOTE_STORY,https://echobuddha.com/quotes/wisdom/a-clear-mind-can-hold-two-truths-without-rushing/ | https://echobuddha.com/quotes/wisdom/a-useful-truth-is-carried-with-humility-not-used/ | https://echobuddha.com/quotes/wisdom/contentment-with-what-is-here/ | https://echobuddha.com/quotes/wisdom/difficult-people-and-boundaries/ | https://echobuddha.com/quotes/wisdom/karma-begins-in-intention/ | https://echobuddha.com/quotes/wisdom/knowing-when-not-to-speak-is-also-a-form/ | https://echobuddha.com/quotes/wisdom/learn-from-discomfort-without-turning-suffering-into-an-identity/ | https://echobuddha.com/quotes/wisdom/right-speech-with-kindness/ | https://echobuddha.com/quotes/wisdom/see-the-conditions-behind-an-action-and-blame-may/ | https://echobuddha.com/quotes/wisdom/simplicity-clears-the-room/ | https://echobuddha.com/quotes/wisdom/the-lesson-repeats-until-attention-replaces-habit/ | https://echobuddha.com/quotes/wisdom/the-wise-heart-changes-course-when-clearer-seeing-arrives/ | https://echobuddha.com/quotes/wisdom/understanding-suffering-honestly/ | https://echobuddha.com/quotes/wisdom/what-feels-urgent-is-not-always-what-matters-most/ | https://echobuddha.com/quotes/wisdom/wisdom-is-less-interested-in-winning-than-in-ending/ | https://echobuddha.com/quotes/wisdom/wisdom-is-the-art-of-meeting-life-without-adding/ | https://echobuddha.com/quotes/wisdom/wisdom-sees-clearly/ | https://echobuddha.com/quotes/wisdom/wisdom-sees-the-whole-fire-not-only-the-spark/ | https://echobuddha.com/quotes/wisdom/wise-silence/,"This reflection connects with Dhamma , a practical way to bring Buddhist wisdom into ordinary life.",PARAGRAPH,EXACT,19,NO,YES,LOW,RETAIN_EXCEPTION_OR_REMOVE_GENERIC_FILLER
RP-111,QUOTE_STORY,https://echobuddha.com/quotes/wisdom/a-clear-mind-can-hold-two-truths-without-rushing/ | https://echobuddha.com/quotes/wisdom/a-useful-truth-is-carried-with-humility-not-used/ | https://echobuddha.com/quotes/wisdom/contentment-with-what-is-here/ | https://echobuddha.com/quotes/wisdom/difficult-people-and-boundaries/ | https://echobuddha.com/quotes/wisdom/karma-begins-in-intention/ | https://echobuddha.com/quotes/wisdom/knowing-when-not-to-speak-is-also-a-form/ | https://echobuddha.com/quotes/wisdom/learn-from-discomfort-without-turning-suffering-into-an-identity/ | https://echobuddha.com/quotes/wisdom/right-speech-with-kindness/ | https://echobuddha.com/quotes/wisdom/see-the-conditions-behind-an-action-and-blame-may/ | https://echobuddha.com/quotes/wisdom/simplicity-clears-the-room/ | https://echobuddha.com/quotes/wisdom/the-lesson-repeats-until-attention-replaces-habit/ | https://echobuddha.com/quotes/wisdom/the-wise-heart-changes-course-when-clearer-seeing-arrives/ | https://echobuddha.com/quotes/wisdom/understanding-suffering-honestly/ | https://echobuddha.com/quotes/wisdom/what-feels-urgent-is-not-always-what-matters-most/ | https://echobuddha.com/quotes/wisdom/wisdom-is-less-interested-in-winning-than-in-ending/ | https://echobuddha.com/quotes/wisdom/wisdom-is-the-art-of-meeting-life-without-adding/ | https://echobuddha.com/quotes/wisdom/wisdom-sees-clearly/ | https://echobuddha.com/quotes/wisdom/wisdom-sees-the-whole-fire-not-only-the-spark/ | https://echobuddha.com/quotes/wisdom/wise-silence/,"These wisdom quotes reflect on seeing causes and consequences clearly, holding truth with humility, and choosing what reduces suffering.",PARAGRAPH,EXACT,19,NO,YES,LOW,RETAIN_EXCEPTION_OR_REMOVE_GENERIC_FILLER
