path,url,family,indexable,in_sitemap,robots,canonical,title,description,h1,h1_count,schema_types,word_count,internal_links,external_links,inbound_internal_links,images,missing_alt_images,result
/,https://echobuddha.com/,Homepage,yes,yes,,https://echobuddha.com/,Echo Buddha - Buddhist Wisdom for a Calmer Everyday Life,"Explore simple Buddhist teachings, daily reflections, quote meanings, beginner meditation guides, and mindfulness practices for a calmer everyday life.",Echo Buddha,1,WebSite|Organization|BreadcrumbList|FAQPage|ItemList,1206,100,0,704,8,1,pass
/404.html,https://echobuddha.com/404.html,Error,no,no,"noindex, follow",,Page Not Found | Echo Buddha,"The requested Echo Buddha page could not be found. Return to Buddhist articles, quotes, or meditation guidance.",Page Not Found,1,,162,26,0,0,1,1,pass
/about/,https://echobuddha.com/about/,Trust,yes,yes,,https://echobuddha.com/about/,About Echo Buddha | Echo Buddha,Learn about Echo Buddha,About Echo Buddha,1,AboutPage,465,27,0,313,1,1,pass
/articles/,https://echobuddha.com/articles/,Article hub,yes,yes,,https://echobuddha.com/articles/,Articles and Blog | Echo Buddha,"Browse Echo Buddha articles on mindfulness, meditation, compassion, patience, and Buddhist-inspired daily reflection.",Articles and Blog,1,Blog|ItemList|BreadcrumbList,1655,153,0,837,43,1,pass
/articles/beginning-a-daily-mindfulness-practice/,https://echobuddha.com/articles/beginning-a-daily-mindfulness-practice/,Article,yes,yes,,https://echobuddha.com/articles/beginning-a-daily-mindfulness-practice/,Daily Mindfulness Practice for Beginners | Echo Buddha,"Start a daily mindfulness practice with simple breath awareness, realistic timing, habit cues, and kind ways to begin again.",Beginning a Daily Mindfulness Practice,1,BlogPosting|Article|BreadcrumbList|FAQPage,1524,59,0,44,4,1,pass
/articles/buddhism-for-beginners-simple-guide/,https://echobuddha.com/articles/buddhism-for-beginners-simple-guide/,Article,yes,yes,,https://echobuddha.com/articles/buddhism-for-beginners-simple-guide/,Buddhism for Beginners: A Simple Guide | Echo Buddha,"A beginner-friendly guide to Buddhism, the Four Noble Truths, meditation, ethics, and simple daily practice without overwhelm.",Buddhism for Beginners: A Simple Guide to the Path,1,BlogPosting|Article|BreadcrumbList|FAQPage,1816,67,2,20,4,1,pass
/articles/buddhist-approach-to-anger/,https://echobuddha.com/articles/buddhist-approach-to-anger/,Article,yes,yes,,https://echobuddha.com/articles/buddhist-approach-to-anger/,A Buddhist Approach to Anger | Echo Buddha,"Learn a Buddhist-inspired approach to anger using mindful pause, body awareness, compassion, boundaries, and wise response.","A Buddhist Approach to Anger: Pause, Understand, Respond",1,BlogPosting|Article|BreadcrumbList|FAQPage,1591,59,1,27,4,1,pass
/articles/buddhist-gratitude-practice/,https://echobuddha.com/articles/buddhist-gratitude-practice/,Article,yes,yes,,https://echobuddha.com/articles/buddhist-gratitude-practice/,Buddhist Gratitude Practice Without Forced Positivity | Echo Buddha,"A reflective Buddhist gratitude practice shaped by contentment, generosity, relationship, and impermanence without denying difficulty.",Buddhist Gratitude Practice: Appreciating Life Without Clinging,1,BlogPosting|Article|BreadcrumbList|FAQPage,1796,57,2,74,4,1,pass
/articles/buddhist-teachings-on-forgiveness/,https://echobuddha.com/articles/buddhist-teachings-on-forgiveness/,Article,yes,yes,,https://echobuddha.com/articles/buddhist-teachings-on-forgiveness/,Buddhist Teachings on Forgiveness and Letting Go | Echo Buddha,"Explore Buddhist-inspired teachings on forgiveness, letting go of resentment, and finding peace without excusing harmful actions.",Buddhist Teachings on Forgiveness: Letting Go Without Excusing Harm,1,BlogPosting|Article|BreadcrumbList|FAQPage,1748,58,1,18,4,1,pass
/articles/buddhist-teachings-on-impermanence/,https://echobuddha.com/articles/buddhist-teachings-on-impermanence/,Article,yes,yes,,https://echobuddha.com/articles/buddhist-teachings-on-impermanence/,Buddhist Teachings on Impermanence | Echo Buddha,"Explore Buddhist teachings on impermanence, change, grief, gratitude, and daily ways to practice anicca with care.",Buddhist Teachings on Impermanence and Change,1,BlogPosting|Article|BreadcrumbList|FAQPage,1656,63,1,17,4,1,pass
/articles/buddhist-wisdom-for-overthinking/,https://echobuddha.com/articles/buddhist-wisdom-for-overthinking/,Article,yes,yes,,https://echobuddha.com/articles/buddhist-wisdom-for-overthinking/,Buddhist Wisdom for Overthinking and a Busy Mind | Echo Buddha,"Discover Buddhist-inspired ways to understand overthinking, calm a busy mind, return to the present moment, and respond to thoughts with awareness.",Buddhist Wisdom for Overthinking: How to Calm a Busy Mind,1,BlogPosting|Article|BreadcrumbList|FAQPage,1751,57,0,90,4,1,pass
/articles/category/buddhist-wisdom/,https://echobuddha.com/articles/category/buddhist-wisdom/,Article category,yes,yes,,https://echobuddha.com/articles/category/buddhist-wisdom/,Buddhist Wisdom Articles | Echo Buddha,"Explore Buddhist wisdom articles about compassion, impermanence, anger, ethics, and the Noble Eightfold Path.",Buddhist Wisdom Articles,1,CollectionPage|BreadcrumbList,846,75,0,251,18,1,pass
/articles/category/meditation/,https://echobuddha.com/articles/category/meditation/,Article category,yes,yes,,https://echobuddha.com/articles/category/meditation/,Meditation Articles | Echo Buddha,"Read practical meditation articles for beginners, including breathing, walking, loving-kindness, and daily mindfulness practice.",Meditation Articles,1,CollectionPage|BreadcrumbList,537,51,0,105,10,1,pass
/articles/category/mindfulness/,https://echobuddha.com/articles/category/mindfulness/,Article category,yes,yes,,https://echobuddha.com/articles/category/mindfulness/,Mindfulness Articles | Echo Buddha,"Browse mindfulness articles about morning routines, sleep, listening, presence, and awareness in everyday life.",Mindfulness Articles,1,CollectionPage|BreadcrumbList,424,39,0,117,6,1,pass
/articles/category/practice/,https://echobuddha.com/articles/category/practice/,Article category,yes,yes,,https://echobuddha.com/articles/category/practice/,Practice Articles | Echo Buddha,"Explore practical Buddhist articles about patience, mindful action, daily habits, and applying wisdom in difficult moments.",Practice Articles,1,CollectionPage|BreadcrumbList,396,36,0,102,5,1,pass
/articles/category/reflection/,https://echobuddha.com/articles/category/reflection/,Article category,yes,yes,,https://echobuddha.com/articles/category/reflection/,Reflection Articles | Echo Buddha,"Read Buddhist-inspired reflections about non-attachment, letting go, change, control, and living with greater freedom.",Reflection Articles,1,CollectionPage|BreadcrumbList,482,45,0,130,8,1,pass
/articles/compassion-as-a-daily-discipline/,https://echobuddha.com/articles/compassion-as-a-daily-discipline/,Article,yes,yes,,https://echobuddha.com/articles/compassion-as-a-daily-discipline/,Compassion as a Daily Buddhist Practice | Echo Buddha,"Explore compassion as a daily discipline through speech, listening, boundaries, self-compassion, and small practical choices.",Compassion as a Daily Discipline,1,BlogPosting|Article|BreadcrumbList|FAQPage,1571,61,1,35,4,1,pass
/articles/compassion-in-buddhism-beginner-guide/,https://echobuddha.com/articles/compassion-in-buddhism-beginner-guide/,Article,yes,yes,,https://echobuddha.com/articles/compassion-in-buddhism-beginner-guide/,Compassion in Buddhism: Beginner Guide and Daily Practice | Echo Buddha,"Learn what compassion means in Buddhism, how it differs from pity, and how to practice it in daily life.",Compassion in Buddhism: A Beginner&#39;s Guide,1,BlogPosting|Article|BreadcrumbList|FAQPage,1567,57,1,12,4,1,pass
/articles/creating-a-peaceful-corner-at-home/,https://echobuddha.com/articles/creating-a-peaceful-corner-at-home/,Article,yes,yes,,https://echobuddha.com/articles/creating-a-peaceful-corner-at-home/,Create a Peaceful Meditation Corner | Echo Buddha,"Create a peaceful meditation corner at home with simple space, posture support, respectful objects, and daily practice cues.",Creating a Peaceful Corner at Home,1,BlogPosting|Article|BreadcrumbList|FAQPage,1547,59,0,4,4,1,pass
/articles/dhammapada-reflection-trained-mind/,https://echobuddha.com/articles/dhammapada-reflection-trained-mind/,Article,yes,yes,,https://echobuddha.com/articles/dhammapada-reflection-trained-mind/,Dhammapada Reflection on a Trained Mind and Peace | Echo Buddha,"An original Dhammapada-inspired reflection on training the mind, patience, attention, and inner peace in daily life.",Dhammapada Reflection: A Trained Mind Brings Peace,1,BlogPosting|Article|BreadcrumbList|FAQPage,1552,61,0,10,4,1,pass
/articles/dhammapada-reflection-what-we-think/,https://echobuddha.com/articles/dhammapada-reflection-what-we-think/,Article,yes,yes,,https://echobuddha.com/articles/dhammapada-reflection-what-we-think/,"Dhammapada Reflection on Thought, Intention, and Mind | Echo Buddha","An original reflection inspired by broad Dhammapada themes on thought, intention, karma, and the shaping of the mind.","Dhammapada Reflection: What We Think, We Become",1,BlogPosting|Article|BreadcrumbList|FAQPage,1571,61,0,72,4,1,pass
/articles/eightfold-path-explained-daily-life/,https://echobuddha.com/articles/eightfold-path-explained-daily-life/,Article,yes,yes,,https://echobuddha.com/articles/eightfold-path-explained-daily-life/,Eightfold Path in Daily Life | Echo Buddha,"See how the Noble Eightfold Path applies to daily life through speech, work, mindfulness, intention, and practical examples.",The Noble Eightfold Path Explained for Daily Life,1,BlogPosting|Article|BreadcrumbList|FAQPage,1793,63,1,14,4,1,pass
/articles/eightfold-path-explained/,https://echobuddha.com/articles/eightfold-path-explained/,Article,yes,yes,,https://echobuddha.com/articles/eightfold-path-explained/,The Noble Eightfold Path Explained for Beginners | Echo Buddha,"A simple beginner-friendly guide to the Noble Eightfold Path, explaining right view, right intention, right speech, right action, right livelihood, right effort, right mindfulness, and right concentration.",The Noble Eightfold Path Explained for Beginners,1,BlogPosting|Article|BreadcrumbList|FAQPage,1908,64,1,22,4,1,pass
/articles/equanimity-in-buddhism/,https://echobuddha.com/articles/equanimity-in-buddhism/,Article,yes,yes,,https://echobuddha.com/articles/equanimity-in-buddhism/,Equanimity in Buddhism: Balanced Care Without Numbness | Echo Buddha,"A clear guide to Buddhist equanimity as balanced care amid gain, loss, praise, blame, pleasure, and pain without becoming indifferent.",Equanimity in Buddhism: Calm Without Indifference,1,BlogPosting|Article|BreadcrumbList|FAQPage,1914,58,1,108,4,1,pass
/articles/five-precepts-in-daily-life/,https://echobuddha.com/articles/five-precepts-in-daily-life/,Article,yes,yes,,https://echobuddha.com/articles/five-precepts-in-daily-life/,Five Precepts in Daily Life: Buddhist Ethics for Beginners | Echo Buddha,"Understand the Five Precepts as voluntary Buddhist training rules that reduce harm, protect trust, and support heedful daily conduct.",The Five Precepts in Daily Life: A Beginner&#39;s Guide to Buddhist Ethics,1,BlogPosting|Article|BreadcrumbList|FAQPage,2244,57,1,68,4,1,pass
/articles/four-noble-truths-explained-simply/,https://echobuddha.com/articles/four-noble-truths-explained-simply/,Article,yes,yes,,https://echobuddha.com/articles/four-noble-truths-explained-simply/,Four Noble Truths Explained Simply for Beginners | Echo Buddha,"A simple explanation of the Four Noble Truths with daily examples, reflection prompts, and practical Buddhist wisdom.",The Four Noble Truths Explained Simply,1,BlogPosting|Article|BreadcrumbList|FAQPage,1688,59,1,12,4,1,pass
/articles/four-noble-truths-explained/,https://echobuddha.com/articles/four-noble-truths-explained/,Article,yes,yes,,https://echobuddha.com/articles/four-noble-truths-explained/,The Four Noble Truths Explained Simply | Echo Buddha,"A beginner-friendly explanation of the Four Noble Truths in Buddhism, including suffering, craving, freedom, and the path to a calmer life.",The Four Noble Truths Explained in Simple Everyday Language,1,BlogPosting|Article|BreadcrumbList|FAQPage,1830,61,2,14,4,1,pass
/articles/how-to-let-go-of-attachment-in-buddhism/,https://echobuddha.com/articles/how-to-let-go-of-attachment-in-buddhism/,Article,yes,yes,,https://echobuddha.com/articles/how-to-let-go-of-attachment-in-buddhism/,How to Let Go of Attachment in Buddhism | Echo Buddha,"Learn what attachment means in Buddhism, why clinging creates suffering, and how to practice letting go with mindfulness, patience, and compassion.",How to Let Go of Attachment in Buddhism,1,BlogPosting|Article|BreadcrumbList|FAQPage,1783,58,0,39,4,1,pass
/articles/how-to-meditate-for-anxiety/,https://echobuddha.com/articles/how-to-meditate-for-anxiety/,Article,yes,yes,,https://echobuddha.com/articles/how-to-meditate-for-anxiety/,How to Meditate for Anxiety Gently | Echo Buddha,"Learn a gentle meditation for anxiety using grounding, breath awareness, body support, and mindful choices without forcing calm.",How to Meditate for Anxiety Without Fighting Your Mind,1,BlogPosting|Article|BreadcrumbList|FAQPage,1810,59,1,20,4,1,pass
/articles/how-to-meditate-for-beginners/,https://echobuddha.com/articles/how-to-meditate-for-beginners/,Article,yes,yes,,https://echobuddha.com/articles/how-to-meditate-for-beginners/,How to Meditate for Beginners: Simple Buddhist Guide | Echo Buddha,"A calm beginner meditation guide with posture tips, breath practice, common obstacles, and a simple daily routine.",How to Meditate for Beginners: A Simple Buddhist Guide,1,BlogPosting|Article|BreadcrumbList|FAQPage,1722,60,2,43,4,1,pass
/articles/how-to-practice-non-attachment/,https://echobuddha.com/articles/how-to-practice-non-attachment/,Article,yes,yes,,https://echobuddha.com/articles/how-to-practice-non-attachment/,How to Practice Non-Attachment | Echo Buddha,"Learn how to practice non-attachment in everyday life while still caring deeply, acting wisely, and keeping healthy boundaries.",How to Practice Non-Attachment in Everyday Life,1,BlogPosting|Article|BreadcrumbList|FAQPage,1552,59,0,41,4,1,pass
/articles/impermanence-in-buddhism-letting-go/,https://echobuddha.com/articles/impermanence-in-buddhism-letting-go/,Article,yes,yes,,https://echobuddha.com/articles/impermanence-in-buddhism-letting-go/,Impermanence in Buddhism and How to Let Go Gently | Echo Buddha,"Understand impermanence in Buddhism with gentle examples, common misunderstandings, and a practical reflection exercise.",Impermanence in Buddhism: Learning to Let Go Gently,1,BlogPosting|Article|BreadcrumbList|FAQPage,1654,60,1,7,4,1,pass
/articles/impermanence-in-buddhism/,https://echobuddha.com/articles/impermanence-in-buddhism/,Article,yes,yes,,https://echobuddha.com/articles/impermanence-in-buddhism/,Impermanence in Buddhism: Accepting Change Peacefully | Echo Buddha,"A beginner-friendly explanation of impermanence in Buddhism and how understanding change can help with letting go, grief, patience, and daily peace.",Impermanence in Buddhism: Learning to Accept Change Peacefully,1,BlogPosting|Article|BreadcrumbList|FAQPage,1837,61,1,21,4,1,pass
/articles/letting-go-without-giving-up/,https://echobuddha.com/articles/letting-go-without-giving-up/,Article,yes,yes,,https://echobuddha.com/articles/letting-go-without-giving-up/,Letting Go Without Giving Up | Echo Buddha,"Learn the difference between letting go and giving up through non-attachment, wise effort, boundaries, and daily reflection.",Letting Go Without Giving Up,1,BlogPosting|Article|BreadcrumbList|FAQPage,1570,60,0,27,4,1,pass
/articles/loving-kindness-meditation-beginners/,https://echobuddha.com/articles/loving-kindness-meditation-beginners/,Article,yes,yes,,https://echobuddha.com/articles/loving-kindness-meditation-beginners/,Loving-Kindness Meditation for Beginners | Echo Buddha,"Practice loving-kindness meditation with simple metta phrases, realistic stages, and gentle ways to bring goodwill into daily life.",Loving-Kindness Meditation for Beginners,1,BlogPosting|Article|BreadcrumbList|FAQPage,1757,64,2,17,4,1,pass
/articles/loving-kindness-meditation-guide/,https://echobuddha.com/articles/loving-kindness-meditation-guide/,Article,yes,yes,,https://echobuddha.com/articles/loving-kindness-meditation-guide/,Loving-Kindness Meditation Guide for Beginners | Echo Buddha,"A beginner-friendly loving-kindness meditation guide with phrases, stages, examples, and common misunderstandings.",Loving-Kindness Meditation: A Gentle Practice Guide,1,BlogPosting|Article|BreadcrumbList|FAQPage,1687,60,2,11,4,1,pass
/articles/metta-meditation-script/,https://echobuddha.com/articles/metta-meditation-script/,Article,yes,yes,,https://echobuddha.com/articles/metta-meditation-script/,Metta Meditation Script for Loving-Kindness Practice | Echo Buddha,"A gentle metta meditation script for beginners to practice loving-kindness toward themselves, loved ones, neutral people, and others.",Metta Meditation Script: A Loving-Kindness Practice for Yourself and Others,1,BlogPosting|Article|BreadcrumbList|FAQPage,2016,61,2,18,4,1,pass
/articles/mindful-listening-in-everyday-life/,https://echobuddha.com/articles/mindful-listening-in-everyday-life/,Article,yes,yes,,https://echobuddha.com/articles/mindful-listening-in-everyday-life/,Mindful Listening in Everyday Life | Echo Buddha,"Practice mindful listening with presence, pauses, reflection, boundaries, and practical examples for everyday relationships.",Mindful Listening in Everyday Life,1,BlogPosting|Article|BreadcrumbList|FAQPage,1478,59,0,19,4,1,pass
/articles/mindfulness-for-better-sleep/,https://echobuddha.com/articles/mindfulness-for-better-sleep/,Article,yes,yes,,https://echobuddha.com/articles/mindfulness-for-better-sleep/,Mindfulness for Better Sleep | Echo Buddha,"Use gentle mindfulness before sleep with body awareness, evening routines, common mistakes, and calm ways to meet wakefulness.",Mindfulness for Better Sleep: A Gentle Evening Practice,1,BlogPosting|Article|BreadcrumbList|FAQPage,1622,60,1,13,4,1,pass
/articles/mindfulness-morning-routine/,https://echobuddha.com/articles/mindfulness-morning-routine/,Article,yes,yes,,https://echobuddha.com/articles/mindfulness-morning-routine/,Mindful Morning Routine for Beginners | Echo Buddha,"Build a simple mindful morning routine with breathing, intention, movement, and screen boundaries for a calmer start.",A Mindful Morning Routine for a Calmer Day,1,BlogPosting|Article|BreadcrumbList|FAQPage,1573,59,0,27,4,1,pass
/articles/mindfulness-of-breathing-guide/,https://echobuddha.com/articles/mindfulness-of-breathing-guide/,Article,yes,yes,,https://echobuddha.com/articles/mindfulness-of-breathing-guide/,Mindfulness of Breathing Guide for Calm and Clarity | Echo Buddha,"A step-by-step mindfulness of breathing guide for beginners, including posture, attention, obstacles, and daily practice.",Mindfulness of Breathing: A Step-by-Step Guide,1,BlogPosting|Article|BreadcrumbList|FAQPage,1691,60,2,43,4,1,pass
/articles/mindfulness-vs-meditation/,https://echobuddha.com/articles/mindfulness-vs-meditation/,Article,yes,yes,,https://echobuddha.com/articles/mindfulness-vs-meditation/,Mindfulness vs Meditation: Simple Beginner Guide | Echo Buddha,"Understand the difference between mindfulness and meditation, how they work together, and how beginners can practice both in daily life.",Mindfulness vs Meditation: What Is the Difference for Beginners?,1,BlogPosting|Article|BreadcrumbList|FAQPage,1920,63,2,87,4,1,pass
/articles/noble-eightfold-path-practical-guide/,https://echobuddha.com/articles/noble-eightfold-path-practical-guide/,Article,yes,yes,,https://echobuddha.com/articles/noble-eightfold-path-practical-guide/,Noble Eightfold Path Practical Guide for Daily Life | Echo Buddha,"Learn how the Noble Eightfold Path can guide speech, action, mindfulness, meditation, and everyday choices with clarity.",The Noble Eightfold Path: A Practical Guide for Daily Life,1,BlogPosting|Article|BreadcrumbList|FAQPage,1547,60,1,17,4,1,pass
/articles/right-livelihood-modern-life/,https://echobuddha.com/articles/right-livelihood-modern-life/,Article,yes,yes,,https://echobuddha.com/articles/right-livelihood-modern-life/,Right Livelihood in Modern Life: Buddhist Work Ethics | Echo Buddha,"Explore Right Livelihood as a realistic Buddhist framework for work, income, responsibility, harm reduction, and ethical change.",Right Livelihood in Modern Life: Buddhist Work Ethics Without Perfectionism,1,BlogPosting|Article|BreadcrumbList|FAQPage,2265,58,2,68,4,1,pass
/articles/right-speech-buddhism/,https://echobuddha.com/articles/right-speech-buddhism/,Article,yes,yes,,https://echobuddha.com/articles/right-speech-buddhism/,Right Speech in Buddhism: Speak with Kindness | Echo Buddha,"A practical guide to Right Speech in Buddhism, including mindful communication, honesty, kindness, silence, listening, and daily examples.",Right Speech in Buddhism: How to Speak with Kindness and Awareness,1,BlogPosting|Article|BreadcrumbList|FAQPage,1678,57,1,86,4,1,pass
/articles/three-poisons-buddhism-explained/,https://echobuddha.com/articles/three-poisons-buddhism-explained/,Article,yes,yes,,https://echobuddha.com/articles/three-poisons-buddhism-explained/,"Three Poisons in Buddhism: Greed, Aversion, and Delusion | Echo Buddha","Learn how the three poisons in Buddhism work as roots of unskillful action, and how non-greed, non-hatred, and clear seeing change daily choices.","The Three Poisons in Buddhism: Greed, Hatred, and Delusion Explained",1,BlogPosting|Article|BreadcrumbList|FAQPage,2121,59,1,108,4,1,pass
/articles/three-ways-to-practice-patience/,https://echobuddha.com/articles/three-ways-to-practice-patience/,Article,yes,yes,,https://echobuddha.com/articles/three-ways-to-practice-patience/,Three Ways to Practice Patience | Echo Buddha,"Learn three practical ways to practice patience with delays, emotions, difficult people, and everyday stress without passivity.",Three Ways to Practice Patience,1,BlogPosting|Article|BreadcrumbList|FAQPage,1515,59,0,21,4,1,pass
/articles/walking-meditation-step-by-step/,https://echobuddha.com/articles/walking-meditation-step-by-step/,Article,yes,yes,,https://echobuddha.com/articles/walking-meditation-step-by-step/,Walking Meditation: Step-by-Step Guide | Echo Buddha,"Learn walking meditation step by step with posture, pacing, attention cues, common mistakes, and everyday practice tips.",Walking Meditation: A Step-by-Step Beginner&#39;s Guide,1,BlogPosting|Article|BreadcrumbList|FAQPage,1572,58,0,13,4,1,pass
/articles/what-is-buddhism-beginner-guide/,https://echobuddha.com/articles/what-is-buddhism-beginner-guide/,Article,yes,yes,,https://echobuddha.com/articles/what-is-buddhism-beginner-guide/,What Is Buddhism? Beginner Guide to Buddhist Wisdom | Echo Buddha,"A clear beginner guide to Buddhism, the Buddha",What Is Buddhism? A Beginner-Friendly Guide,1,BlogPosting|Article|BreadcrumbList|FAQPage,1777,61,2,13,4,1,pass
/articles/what-is-karma-in-buddhism/,https://echobuddha.com/articles/what-is-karma-in-buddhism/,Article,yes,yes,,https://echobuddha.com/articles/what-is-karma-in-buddhism/,How Karma Shapes Daily Choices in Buddhist Practice | Echo Buddha,"Explore how karma relates to everyday choices, speech, intention, habits, and mindful living in Buddhist practice.",How Karma Shapes Daily Choices in Buddhist Practice,1,BlogPosting|Article|BreadcrumbList|FAQPage,1827,63,1,24,4,1,pass
/articles/what-is-sangha-buddhist-community/,https://echobuddha.com/articles/what-is-sangha-buddhist-community/,Article,yes,yes,,https://echobuddha.com/articles/what-is-sangha-buddhist-community/,What Is Sangha? Buddhist Community for Beginners | Echo Buddha,"Understand Sangha as monastic community, Buddhist community, and wise companionship, with practical guidance for learning responsibly.",What Is Sangha? Why Buddhist Community Matters for Beginners,1,BlogPosting|Article|BreadcrumbList|FAQPage,2010,59,1,14,4,1,pass
/authors/echo-buddha-editorial/,https://echobuddha.com/authors/echo-buddha-editorial/,Trust,yes,yes,,https://echobuddha.com/authors/echo-buddha-editorial/,Echo Buddha Editorial | Echo Buddha,"Meet the Echo Buddha Editorial voice behind accessible Buddhist-inspired wisdom, mindfulness, reflection, and meditation education.",Echo Buddha Editorial,1,ProfilePage,453,42,0,85,7,1,pass
/contact/,https://echobuddha.com/contact/,Trust,yes,yes,,https://echobuddha.com/contact/,Contact | Echo Buddha,"Contact Echo Buddha with questions, suggestions, article ideas, or general feedback about the website.",Contact Echo Buddha,1,ContactPage,255,22,0,315,1,1,pass
/daily-reflections/,https://echobuddha.com/daily-reflections/,Daily reflection hub,yes,yes,,https://echobuddha.com/daily-reflections/,Daily Buddhist Reflections for Mindful Living | Echo Buddha,"Read short Buddhist-inspired daily reflections with simple meanings, mindful practices, and journal questions for everyday life.",Daily Buddhist Reflections for Mindful Living,1,CollectionPage|BreadcrumbList|FAQPage,2089,154,0,688,1,1,pass
/daily-reflections/anger-as-a-signal/,https://echobuddha.com/daily-reflections/anger-as-a-signal/,Daily reflection,yes,yes,,https://echobuddha.com/daily-reflections/anger-as-a-signal/,Anger Can Become a Signal - Daily Buddhist Reflection | Echo Buddha,"Anger asks for speed. Awareness asks for one more breath. Includes meaning, daily-life example, practice, journal question, and related Buddhist teachings.",Anger Can Become a Signal,1,WebPage|BreadcrumbList,493,33,0,4,1,1,pass
/daily-reflections/begin-again-without-shame/,https://echobuddha.com/daily-reflections/begin-again-without-shame/,Daily reflection,yes,yes,,https://echobuddha.com/daily-reflections/begin-again-without-shame/,Begin Again Without Shame - Daily Buddhist Reflection | Echo Buddha,"The path welcomes your return more often than pride wants to admit. Includes meaning, daily-life example, practice, journal question, and related Buddhist teachings.",Begin Again Without Shame,1,WebPage|BreadcrumbList,486,33,0,4,1,1,pass
/daily-reflections/compassion-begins-nearby/,https://echobuddha.com/daily-reflections/compassion-begins-nearby/,Daily reflection,yes,yes,,https://echobuddha.com/daily-reflections/compassion-begins-nearby/,Compassion Begins Nearby - Daily Buddhist Reflection | Echo Buddha,"The person in front of you is not the only one who needs compassion. The person within you does too. Includes meaning, daily-life example, practice, journal question, and related Buddhist teachings.",Compassion Begins Nearby,1,WebPage|BreadcrumbList,484,33,0,4,1,1,pass
/daily-reflections/enough-for-this-moment/,https://echobuddha.com/daily-reflections/enough-for-this-moment/,Daily reflection,yes,yes,,https://echobuddha.com/daily-reflections/enough-for-this-moment/,Enough for This Moment - Daily Buddhist Reflection | Echo Buddha,"The present moment asks for your attention, not your perfection. Includes meaning, daily-life example, practice, journal question, and related Buddhist teachings.",Enough for This Moment,1,WebPage|BreadcrumbList,482,33,0,4,1,1,pass
/daily-reflections/evening-release/,https://echobuddha.com/daily-reflections/evening-release/,Daily reflection,yes,yes,,https://echobuddha.com/daily-reflections/evening-release/,End the Day by Releasing - Daily Buddhist Reflection | Echo Buddha,"You can review the day without asking it to become perfect. Includes meaning, daily-life example, practice, journal question, and related Buddhist teachings.",End the Day by Releasing,1,WebPage|BreadcrumbList,490,33,0,4,1,1,pass
/daily-reflections/family-patience/,https://echobuddha.com/daily-reflections/family-patience/,Daily reflection,yes,yes,,https://echobuddha.com/daily-reflections/family-patience/,Patience at Home - Daily Buddhist Reflection | Echo Buddha,"The path is tested in the rooms where we are most easily impatient. Includes meaning, daily-life example, practice, journal question, and related Buddhist teachings.",Patience at Home,1,WebPage|BreadcrumbList,476,33,0,4,1,1,pass
/daily-reflections/forgiveness-without-approval/,https://echobuddha.com/daily-reflections/forgiveness-without-approval/,Daily reflection,yes,yes,,https://echobuddha.com/daily-reflections/forgiveness-without-approval/,Forgiveness Is Not Approval - Daily Buddhist Reflection | Echo Buddha,"You can release the need to replay harm without calling the harm acceptable. Includes meaning, daily-life example, practice, journal question, and related Buddhist teachings.",Forgiveness Is Not Approval,1,WebPage|BreadcrumbList,478,33,0,5,1,1,pass
/daily-reflections/gratitude-for-change/,https://echobuddha.com/daily-reflections/gratitude-for-change/,Daily reflection,yes,yes,,https://echobuddha.com/daily-reflections/gratitude-for-change/,Gratitude for Change - Daily Buddhist Reflection | Echo Buddha,"Change takes nothing personally. It simply continues. Includes meaning, daily-life example, practice, journal question, and related Buddhist teachings.",Gratitude for Change,1,WebPage|BreadcrumbList,467,33,0,4,1,1,pass
/daily-reflections/gratitude-notices-enough/,https://echobuddha.com/daily-reflections/gratitude-notices-enough/,Daily reflection,yes,yes,,https://echobuddha.com/daily-reflections/gratitude-notices-enough/,Gratitude Notices Enough - Daily Buddhist Reflection | Echo Buddha,"Contentment often begins when attention stops searching past what is already here. Includes meaning, daily-life example, practice, journal question, and related Buddhist teachings.",Gratitude Notices Enough,1,WebPage|BreadcrumbList,471,33,0,4,1,1,pass
/daily-reflections/impermanence-softens-clinging/,https://echobuddha.com/daily-reflections/impermanence-softens-clinging/,Daily reflection,yes,yes,,https://echobuddha.com/daily-reflections/impermanence-softens-clinging/,Impermanence Softens Clinging - Daily Buddhist Reflection | Echo Buddha,"Because this moment will change, meet it carefully while it is here. Includes meaning, daily-life example, practice, journal question, and related Buddhist teachings.",Impermanence Softens Clinging,1,WebPage|BreadcrumbList,487,33,0,4,1,1,pass
/daily-reflections/kindness-with-boundaries/,https://echobuddha.com/daily-reflections/kindness-with-boundaries/,Daily reflection,yes,yes,,https://echobuddha.com/daily-reflections/kindness-with-boundaries/,Kindness Can Have Boundaries - Daily Buddhist Reflection | Echo Buddha,"A kind heart does not need to say yes to everything. Clear boundaries can protect compassion from exhaustion. Includes meaning, daily-life example, practice, journal question, and related Buddhist teachings.",Kindness Can Have Boundaries,1,WebPage|BreadcrumbList,479,33,0,4,1,1,pass
/daily-reflections/let-the-feeling-pass/,https://echobuddha.com/daily-reflections/let-the-feeling-pass/,Daily reflection,yes,yes,,https://echobuddha.com/daily-reflections/let-the-feeling-pass/,Let the Feeling Pass Through - Daily Buddhist Reflection | Echo Buddha,"A feeling can be real without becoming the whole story. Includes meaning, daily-life example, practice, journal question, and related Buddhist teachings.",Let the Feeling Pass Through,1,WebPage|BreadcrumbList,507,33,0,4,1,1,pass
/daily-reflections/letting-go-keeps-care/,https://echobuddha.com/daily-reflections/letting-go-keeps-care/,Daily reflection,yes,yes,,https://echobuddha.com/daily-reflections/letting-go-keeps-care/,Letting Go Keeps the Care - Daily Buddhist Reflection | Echo Buddha,"Release the outcome, but keep the care you bring to the work. Includes meaning, daily-life example, practice, journal question, and related Buddhist teachings.",Letting Go Keeps the Care,1,WebPage|BreadcrumbList,481,33,0,4,1,1,pass
/daily-reflections/listen-before-answering/,https://echobuddha.com/daily-reflections/listen-before-answering/,Daily reflection,yes,yes,,https://echobuddha.com/daily-reflections/listen-before-answering/,Listen Before Answering - Daily Buddhist Reflection | Echo Buddha,"Many conversations soften when listening becomes more important than winning. Includes meaning, daily-life example, practice, journal question, and related Buddhist teachings.",Listen Before Answering,1,WebPage|BreadcrumbList,477,33,0,6,1,1,pass
/daily-reflections/metta-for-a-difficult-person/,https://echobuddha.com/daily-reflections/metta-for-a-difficult-person/,Daily reflection,yes,yes,,https://echobuddha.com/daily-reflections/metta-for-a-difficult-person/,Metta Without Pretending - Daily Buddhist Reflection | Echo Buddha,"Goodwill does not require pretending harm was harmless. Includes meaning, daily-life example, practice, journal question, and related Buddhist teachings.",Metta Without Pretending,1,WebPage|BreadcrumbList,484,33,0,4,1,1,pass
/daily-reflections/mindful-work/,https://echobuddha.com/daily-reflections/mindful-work/,Daily reflection,yes,yes,,https://echobuddha.com/daily-reflections/mindful-work/,Work Can Carry Practice - Daily Buddhist Reflection | Echo Buddha,"The way you earn, answer, decide, and repair can become part of the path. Includes meaning, daily-life example, practice, journal question, and related Buddhist teachings.",Work Can Carry Practice,1,WebPage|BreadcrumbList,481,33,0,4,1,1,pass
/daily-reflections/morning-intention/,https://echobuddha.com/daily-reflections/morning-intention/,Daily reflection,yes,yes,,https://echobuddha.com/daily-reflections/morning-intention/,Begin With Intention - Daily Buddhist Reflection | Echo Buddha,"A day can begin before the phone begins speaking for it. Includes meaning, daily-life example, practice, journal question, and related Buddhist teachings.",Begin With Intention,1,WebPage|BreadcrumbList,473,33,0,4,1,1,pass
/daily-reflections/notice-before-fixing/,https://echobuddha.com/daily-reflections/notice-before-fixing/,Daily reflection,yes,yes,,https://echobuddha.com/daily-reflections/notice-before-fixing/,Notice Before Fixing - Daily Buddhist Reflection | Echo Buddha,"Sometimes the kindest first step is not to fix the moment, but to understand it. Includes meaning, daily-life example, practice, journal question, and related Buddhist teachings.",Notice Before Fixing,1,WebPage|BreadcrumbList,478,33,0,4,1,1,pass
/daily-reflections/one-honest-breath/,https://echobuddha.com/daily-reflections/one-honest-breath/,Daily reflection,yes,yes,,https://echobuddha.com/daily-reflections/one-honest-breath/,Return Through One Honest Breath - Daily Buddhist Reflection | Echo Buddha,"The breath does not ask you to be perfect. It simply offers a place to begin again. Includes meaning, daily-life example, practice, journal question, and related Buddhist teachings.",Return Through One Honest Breath,1,WebPage|BreadcrumbList,498,33,0,4,1,1,pass
/daily-reflections/one-step-on-the-path/,https://echobuddha.com/daily-reflections/one-step-on-the-path/,Daily reflection,yes,yes,,https://echobuddha.com/daily-reflections/one-step-on-the-path/,The Path Is One Step - Daily Buddhist Reflection | Echo Buddha,"The path is not far away. It is the next honest word, the next careful breath, the next kind choice. Includes meaning, daily-life example, practice, journal question, and related Buddhist teachings.",The Path Is One Step,1,WebPage|BreadcrumbList,494,33,0,4,1,1,pass
/daily-reflections/patience-before-anger-speaks/,https://echobuddha.com/daily-reflections/patience-before-anger-speaks/,Daily reflection,yes,yes,,https://echobuddha.com/daily-reflections/patience-before-anger-speaks/,Patience Begins Before Anger Speaks - Daily Buddhist Reflection | Echo Buddha,"Before anger becomes words, there is a small moment of awareness. In that moment, patience can begin. Includes meaning, daily-life example, practice, journal question, and related Buddhist teachings.",Patience Begins Before Anger Speaks,1,WebPage|BreadcrumbList,520,33,0,10,1,1,pass
/daily-reflections/rest-without-escape/,https://echobuddha.com/daily-reflections/rest-without-escape/,Daily reflection,yes,yes,,https://echobuddha.com/daily-reflections/rest-without-escape/,Rest Without Escape - Daily Buddhist Reflection | Echo Buddha,"Rest can be a way of caring for practice, not a way of leaving it. Includes meaning, daily-life example, practice, journal question, and related Buddhist teachings.",Rest Without Escape,1,WebPage|BreadcrumbList,496,33,0,4,1,1,pass
/daily-reflections/see-the-conditions/,https://echobuddha.com/daily-reflections/see-the-conditions/,Daily reflection,yes,yes,,https://echobuddha.com/daily-reflections/see-the-conditions/,See the Conditions - Daily Buddhist Reflection | Echo Buddha,"What appears suddenly often has roots you have not yet seen. Includes meaning, daily-life example, practice, journal question, and related Buddhist teachings.",See the Conditions,1,WebPage|BreadcrumbList,475,33,0,4,1,1,pass
/daily-reflections/simple-goodwill/,https://echobuddha.com/daily-reflections/simple-goodwill/,Daily reflection,yes,yes,,https://echobuddha.com/daily-reflections/simple-goodwill/,Simple Goodwill Counts - Daily Buddhist Reflection | Echo Buddha,"Small kindnesses often reach places that advice cannot. Includes meaning, daily-life example, practice, journal question, and related Buddhist teachings.",Simple Goodwill Counts,1,WebPage|BreadcrumbList,469,33,0,4,1,1,pass
/daily-reflections/small-actions-shape-the-mind/,https://echobuddha.com/daily-reflections/small-actions-shape-the-mind/,Daily reflection,yes,yes,,https://echobuddha.com/daily-reflections/small-actions-shape-the-mind/,Small Actions Shape the Mind - Daily Buddhist Reflection | Echo Buddha,"A life is shaped not only by large decisions, but by the small intentions repeated every day. Includes meaning, daily-life example, practice, journal question, and related Buddhist teachings.",Small Actions Shape the Mind,1,WebPage|BreadcrumbList,486,33,0,4,1,1,pass
/daily-reflections/soften-the-inner-argument/,https://echobuddha.com/daily-reflections/soften-the-inner-argument/,Daily reflection,yes,yes,,https://echobuddha.com/daily-reflections/soften-the-inner-argument/,Soften the Inner Argument - Daily Buddhist Reflection | Echo Buddha,"Peace often begins when the mind stops arguing with what has already happened. Includes meaning, daily-life example, practice, journal question, and related Buddhist teachings.",Soften the Inner Argument,1,WebPage|BreadcrumbList,478,33,0,4,1,1,pass
/daily-reflections/speech-can-reduce-suffering/,https://echobuddha.com/daily-reflections/speech-can-reduce-suffering/,Daily reflection,yes,yes,,https://echobuddha.com/daily-reflections/speech-can-reduce-suffering/,Speech Can Reduce Suffering - Daily Buddhist Reflection | Echo Buddha,"A truthful sentence can still choose gentleness. Includes meaning, daily-life example, practice, journal question, and related Buddhist teachings.",Speech Can Reduce Suffering,1,WebPage|BreadcrumbList,478,33,0,4,1,1,pass
/daily-reflections/the-first-truth-is-kind/,https://echobuddha.com/daily-reflections/the-first-truth-is-kind/,Daily reflection,yes,yes,,https://echobuddha.com/daily-reflections/the-first-truth-is-kind/,The First Truth Is Kind - Daily Buddhist Reflection | Echo Buddha,"Naming suffering honestly can be the first act of compassion. Includes meaning, daily-life example, practice, journal question, and related Buddhist teachings.",The First Truth Is Kind,1,WebPage|BreadcrumbList,485,33,0,4,1,1,pass
/daily-reflections/thoughts-are-visitors/,https://echobuddha.com/daily-reflections/thoughts-are-visitors/,Daily reflection,yes,yes,,https://echobuddha.com/daily-reflections/thoughts-are-visitors/,Thoughts Are Visitors - Daily Buddhist Reflection | Echo Buddha,"You do not need to carry every thought that visits you. Includes meaning, daily-life example, practice, journal question, and related Buddhist teachings.",Thoughts Are Visitors,1,WebPage|BreadcrumbList,494,33,0,4,1,1,pass
/daily-reflections/today/,https://echobuddha.com/daily-reflections/today/,Daily reflection utility,no,no,"noindex, follow",https://echobuddha.com/daily-reflections/today/,Today&#39;s Buddhist Reflection Prompt | Echo Buddha,Open a recurring daily reflection prompt selected from Echo Buddha,Today's Buddhist Reflection Prompt,1,WebPage|BreadcrumbList,2191,148,0,73,1,1,pass
/daily-reflections/walking-as-practice/,https://echobuddha.com/daily-reflections/walking-as-practice/,Daily reflection,yes,yes,,https://echobuddha.com/daily-reflections/walking-as-practice/,Walking Can Be Practice - Daily Buddhist Reflection | Echo Buddha,"Walk slowly enough to notice that the ground has been supporting you all along. Includes meaning, daily-life example, practice, journal question, and related Buddhist teachings.",Walking Can Be Practice,1,WebPage|BreadcrumbList,483,33,0,4,1,1,pass
/disclaimer/,https://echobuddha.com/disclaimer/,Trust,yes,yes,,https://echobuddha.com/disclaimer/,Disclaimer | Echo Buddha,"Read the Echo Buddha disclaimer about educational content, meditation guidance, wellness topics, and spiritual study.",Disclaimer,1,WebPage,361,22,0,392,1,1,pass
/editorial-policy/,https://echobuddha.com/editorial-policy/,Trust,yes,yes,,https://echobuddha.com/editorial-policy/,Editorial Policy | Echo Buddha,"Read the Echo Buddha editorial policy covering content purpose, originality, review, corrections, and responsible limitations.",Editorial Policy,1,WebPage,616,23,0,625,1,1,pass
/learn/,https://echobuddha.com/learn/,Learn hub,yes,yes,,https://echobuddha.com/learn/,Learn Buddhist Wisdom for Daily Life | Echo Buddha,Explore Echo Buddha,Learn Buddhist Wisdom for Daily Life,1,CollectionPage|BreadcrumbList,572,61,0,670,1,1,pass
/learn/buddhism-101/,https://echobuddha.com/learn/buddhism-101/,Learning,yes,yes,,https://echobuddha.com/learn/buddhism-101/,Buddhism 101 | Echo Buddha,"Beginner-friendly lessons on the Buddha, core teachings, karma, mindfulness, and daily practice.",Buddhism 101,1,CollectionPage|BreadcrumbList,741,52,2,24,1,1,pass
/learn/buddhism-101/a-simple-daily-buddhist-practice/,https://echobuddha.com/learn/buddhism-101/a-simple-daily-buddhist-practice/,Learning,yes,yes,,https://echobuddha.com/learn/buddhism-101/a-simple-daily-buddhist-practice/,A Simple Daily Buddhist Practice | Echo Buddha,"A gentle daily Buddhist-inspired practice for beginners, including breathing, intention, kind speech, and evening reflection.",A Simple Daily Buddhist Practice,1,Article|BreadcrumbList,492,32,1,30,1,1,pass
/learn/buddhism-101/dependent-origination-explained/,https://echobuddha.com/learn/buddhism-101/dependent-origination-explained/,Learning,yes,yes,,https://echobuddha.com/learn/buddhism-101/dependent-origination-explained/,Dependent Origination in Buddhism Explained for Beginners | Echo Buddha,"Learn dependent origination in Buddhism in simple terms. Understand causes, conditions, craving, clinging, suffering, and how mindfulness can interrupt old patterns.",Dependent Origination Explained,1,Article|BreadcrumbList,1233,35,1,10,1,1,pass
/learn/buddhism-101/five-aggregates-buddhism/,https://echobuddha.com/learn/buddhism-101/five-aggregates-buddhism/,Learning,yes,yes,,https://echobuddha.com/learn/buddhism-101/five-aggregates-buddhism/,The Five Aggregates in Buddhism Explained Simply | Echo Buddha,"A simple beginner guide to the Five Aggregates in Buddhism: form, feeling, perception, mental formations, and consciousness, with practical examples.",The Five Aggregates in Buddhism,1,Article|BreadcrumbList,1274,35,1,4,1,1,pass
/learn/buddhism-101/five-precepts-buddhism/,https://echobuddha.com/learn/buddhism-101/five-precepts-buddhism/,Learning,yes,yes,,https://echobuddha.com/learn/buddhism-101/five-precepts-buddhism/,The Five Precepts in Buddhism: A Beginner&#39;s Guide to Ethical Living | Echo Buddha,"Learn the Five Precepts in Buddhism in simple language. A beginner-friendly guide to Buddhist ethics, daily choices, right speech, honesty, kindness, and mindful living.",The Five Precepts in Buddhism,1,Article|BreadcrumbList,1522,35,1,6,1,1,pass
/learn/buddhism-101/how-to-practice-buddhism-at-home/,https://echobuddha.com/learn/buddhism-101/how-to-practice-buddhism-at-home/,Learning,yes,yes,,https://echobuddha.com/learn/buddhism-101/how-to-practice-buddhism-at-home/,How to Practice Buddhism at Home | Echo Buddha,"Learn simple ways to practice Buddhist-inspired wisdom at home through meditation, speech, kindness, reflection, and daily habits.",How to Practice Buddhism at Home,1,Article|BreadcrumbList,519,32,1,10,1,1,pass
/learn/buddhism-101/right-livelihood-buddhism/,https://echobuddha.com/learn/buddhism-101/right-livelihood-buddhism/,Learning,yes,yes,,https://echobuddha.com/learn/buddhism-101/right-livelihood-buddhism/,Right Livelihood in Buddhism: A Beginner&#39;s Guide to Ethical Work | Echo Buddha,"Learn Right Livelihood in Buddhism and how it applies to modern work, money, business, ambition, honesty, stress, and ethical daily choices.",Right Livelihood in Buddhism,1,Article|BreadcrumbList,1435,35,2,7,1,1,pass
/learn/buddhism-101/the-four-noble-truths-explained/,https://echobuddha.com/learn/buddhism-101/the-four-noble-truths-explained/,Learning,yes,yes,,https://echobuddha.com/learn/buddhism-101/the-four-noble-truths-explained/,The Four Noble Truths Explained | Echo Buddha,A beginner-friendly explanation of the Four Noble Truths and how they help us understand suffering and practice wisely.,The Four Noble Truths Explained,1,Article|BreadcrumbList,571,34,1,12,1,1,pass
/learn/buddhism-101/the-noble-eightfold-path-explained/,https://echobuddha.com/learn/buddhism-101/the-noble-eightfold-path-explained/,Learning,yes,yes,,https://echobuddha.com/learn/buddhism-101/the-noble-eightfold-path-explained/,The Noble Eightfold Path Explained | Echo Buddha,"Learn the Noble Eightfold Path in simple language, with examples for speech, action, work, mindfulness, and meditation.",The Noble Eightfold Path Explained,1,Article|BreadcrumbList,586,34,1,11,1,1,pass
/learn/buddhism-101/the-three-jewels-explained/,https://echobuddha.com/learn/buddhism-101/the-three-jewels-explained/,Learning,yes,yes,,https://echobuddha.com/learn/buddhism-101/the-three-jewels-explained/,The Three Jewels Explained | Echo Buddha,"Understand the Buddha, Dhamma, and Sangha in simple language and learn how the Three Jewels support daily practice.",The Three Jewels Explained,1,Article|BreadcrumbList,545,32,1,7,1,1,pass
/learn/buddhism-101/three-marks-of-existence/,https://echobuddha.com/learn/buddhism-101/three-marks-of-existence/,Learning,yes,yes,,https://echobuddha.com/learn/buddhism-101/three-marks-of-existence/,The Three Marks of Existence in Buddhism Explained Simply | Echo Buddha,"Understand the Three Marks of Existence in Buddhism: anicca, dukkha, and anatta. A simple beginner guide with examples, reflections, and practical meaning.",The Three Marks of Existence,1,Article|BreadcrumbList,1259,38,2,8,1,1,pass
/learn/buddhism-101/what-is-buddhism/,https://echobuddha.com/learn/buddhism-101/what-is-buddhism/,Learning,yes,yes,,https://echobuddha.com/learn/buddhism-101/what-is-buddhism/,What Is Buddhism? A Clear Beginner&#39;s Guide | Echo Buddha,"A simple explanation of Buddhism as a path of wisdom, ethical living, meditation, compassion, and practical insight.",What Is Buddhism?,1,Article|BreadcrumbList,612,33,2,9,1,1,pass
/learn/buddhism-101/what-is-impermanence/,https://echobuddha.com/learn/buddhism-101/what-is-impermanence/,Learning,yes,yes,,https://echobuddha.com/learn/buddhism-101/what-is-impermanence/,What Is Impermanence? | Echo Buddha,"Understand impermanence in Buddhism and how noticing change can deepen gratitude, patience, and wise letting go.",What Is Impermanence?,1,Article|BreadcrumbList,556,33,1,35,1,1,pass
/learn/buddhism-101/what-is-karma-in-buddhism/,https://echobuddha.com/learn/buddhism-101/what-is-karma-in-buddhism/,Learning,yes,yes,,https://echobuddha.com/learn/buddhism-101/what-is-karma-in-buddhism/,What Is Karma in Buddhism? A Beginner&#39;s Guide | Echo Buddha,"Learn what karma means in Buddhism, how intention shapes actions, and how beginners can understand karma in everyday life.",What Is Karma in Buddhism?,1,Article|BreadcrumbList,547,34,1,9,1,1,pass
/learn/buddhism-101/what-is-mindfulness/,https://echobuddha.com/learn/buddhism-101/what-is-mindfulness/,Learning,yes,yes,,https://echobuddha.com/learn/buddhism-101/what-is-mindfulness/,What Is Mindfulness? | Echo Buddha,"A simple Buddhist explanation of mindfulness as remembering to be present with body, feelings, mind, and daily life.",What Is Mindfulness?,1,Article|BreadcrumbList,552,32,1,60,1,1,pass
/learn/buddhism-101/who-was-the-buddha/,https://echobuddha.com/learn/buddhism-101/who-was-the-buddha/,Learning,yes,yes,,https://echobuddha.com/learn/buddhism-101/who-was-the-buddha/,Who Was the Buddha? A Simple Beginner-Friendly Explanation | Echo Buddha,"Learn who the Buddha was, why he is called the awakened one, and how his life story can guide modern daily practice.",Who Was the Buddha?,1,Article|BreadcrumbList,648,32,1,4,1,1,pass
/learn/buddhism-for-beginners/,https://echobuddha.com/learn/buddhism-for-beginners/,Learning,yes,yes,,https://echobuddha.com/learn/buddhism-for-beginners/,Buddhism for Beginners - Simple Buddhist Teachings | Echo Buddha,"Start learning Buddhism with simple explanations of the Buddha, the Four Noble Truths, the Noble Eightfold Path, mindfulness, compassion, and meditation.",Buddhism for Beginners,1,CollectionPage|BreadcrumbList|FAQPage,423,29,0,11,1,1,pass
/learn/buddhist-dictionary/,https://echobuddha.com/learn/buddhist-dictionary/,Learning,yes,yes,,https://echobuddha.com/learn/buddhist-dictionary/,Buddhist Dictionary | Echo Buddha,"A practical glossary of Buddhist terms explained in simple, beginner-friendly English.",Buddhist Dictionary,1,CollectionPage|DefinedTermSet|BreadcrumbList,464,38,2,22,1,1,pass
/learn/buddhist-dictionary/anatta/,https://echobuddha.com/learn/buddhist-dictionary/anatta/,Learning,yes,yes,,https://echobuddha.com/learn/buddhist-dictionary/anatta/,Anatta Meaning: Non-Self in Buddhism Explained for Beginners | Echo Buddha,"Learn Anatta, the Buddhist teaching of non-self, in simple beginner-friendly language with daily reflection.",Anatta,1,Article|BreadcrumbList|DefinedTerm,485,34,1,15,1,1,pass
/learn/buddhist-dictionary/anicca/,https://echobuddha.com/learn/buddhist-dictionary/anicca/,Learning,yes,yes,,https://echobuddha.com/learn/buddhist-dictionary/anicca/,Anicca Meaning: Impermanence in Buddhism Explained Simply | Echo Buddha,"Learn the meaning of Anicca, the Buddhist teaching on impermanence, with daily-life examples and related terms.",Anicca,1,Article|BreadcrumbList|DefinedTerm,448,33,1,31,1,1,pass
/learn/buddhist-dictionary/compassion/,https://echobuddha.com/learn/buddhist-dictionary/compassion/,Learning,yes,yes,,https://echobuddha.com/learn/buddhist-dictionary/compassion/,Compassion Meaning in Buddhist Wisdom | Echo Buddha,"Learn compassion in Buddhist wisdom as clear care for suffering with boundaries, kindness, and wise action.",Compassion,1,Article|BreadcrumbList|DefinedTerm,426,32,1,45,1,1,pass
/learn/buddhist-dictionary/dhamma/,https://echobuddha.com/learn/buddhist-dictionary/dhamma/,Learning,yes,yes,,https://echobuddha.com/learn/buddhist-dictionary/dhamma/,Dhamma Meaning: Buddhist Teaching and Truth | Echo Buddha,"Understand Dhamma as Buddhist teaching, truth, practice, and the way things are seen through wisdom.",Dhamma,1,Article|BreadcrumbList|DefinedTerm,444,31,1,63,1,1,pass
/learn/buddhist-dictionary/dukkha/,https://echobuddha.com/learn/buddhist-dictionary/dukkha/,Learning,yes,yes,,https://echobuddha.com/learn/buddhist-dictionary/dukkha/,Dukkha Meaning: Suffering and Unsatisfactoriness in Buddhism | Echo Buddha,"Understand Dukkha in simple language as suffering, stress, and dissatisfaction, with examples for daily life.",Dukkha,1,Article|BreadcrumbList|DefinedTerm,477,34,1,48,1,1,pass
/learn/buddhist-dictionary/karma/,https://echobuddha.com/learn/buddhist-dictionary/karma/,Learning,yes,yes,,https://echobuddha.com/learn/buddhist-dictionary/karma/,"Karma Meaning in Buddhism: Intention, Action, and Consequences | Echo Buddha",Learn the Buddhist meaning of karma as intentional action and the way choices shape habits and consequences.,Karma,1,Article|BreadcrumbList|DefinedTerm,448,32,1,34,1,1,pass
/learn/buddhist-dictionary/karuna/,https://echobuddha.com/learn/buddhist-dictionary/karuna/,Learning,yes,yes,,https://echobuddha.com/learn/buddhist-dictionary/karuna/,Karuna Meaning: Compassion in Buddhism | Echo Buddha,"A simple explanation of Karuna, Buddhist compassion, with daily-life meaning and related teachings.",Karuna,1,Article|BreadcrumbList|DefinedTerm,480,32,1,11,1,1,pass
/learn/buddhist-dictionary/metta/,https://echobuddha.com/learn/buddhist-dictionary/metta/,Learning,yes,yes,,https://echobuddha.com/learn/buddhist-dictionary/metta/,Metta Meaning: Loving-Kindness in Buddhism | Echo Buddha,"Learn Metta, or loving-kindness, as a Buddhist practice of goodwill toward oneself and others.",Metta,1,Article|BreadcrumbList|DefinedTerm,499,32,1,27,1,1,pass
/learn/buddhist-dictionary/mindfulness/,https://echobuddha.com/learn/buddhist-dictionary/mindfulness/,Learning,yes,yes,,https://echobuddha.com/learn/buddhist-dictionary/mindfulness/,Mindfulness Meaning in Buddhist Practice | Echo Buddha,"Learn mindfulness as clear awareness and remembering, with practical examples for Buddhist-inspired daily life.",Mindfulness,1,Article|BreadcrumbList|DefinedTerm,422,31,1,31,1,1,pass
/learn/buddhist-dictionary/nirvana/,https://echobuddha.com/learn/buddhist-dictionary/nirvana/,Learning,yes,yes,,https://echobuddha.com/learn/buddhist-dictionary/nirvana/,Nirvana Meaning in Buddhism Explained Simply | Echo Buddha,"A gentle beginner-friendly explanation of Nirvana as the ending of greed, hatred, and delusion.",Nirvana,1,Article|BreadcrumbList|DefinedTerm,453,33,1,4,1,1,pass
/learn/buddhist-dictionary/sangha/,https://echobuddha.com/learn/buddhist-dictionary/sangha/,Learning,yes,yes,,https://echobuddha.com/learn/buddhist-dictionary/sangha/,Sangha Meaning: Buddhist Community Explained Simply | Echo Buddha,Learn the meaning of Sangha as Buddhist community and how wise support helps daily practice.,Sangha,1,Article|BreadcrumbList|DefinedTerm,442,31,1,6,1,1,pass
/learn/buddhist-dictionary/sati/,https://echobuddha.com/learn/buddhist-dictionary/sati/,Learning,yes,yes,,https://echobuddha.com/learn/buddhist-dictionary/sati/,Sati Meaning: Mindfulness in Buddhist Practice | Echo Buddha,"Learn Sati, the Buddhist term often translated as mindfulness, with simple examples for daily awareness.",Sati,1,Article|BreadcrumbList|DefinedTerm,442,32,1,58,1,1,pass
/learn/buddhist-resources/,https://echobuddha.com/learn/buddhist-resources/,Learning,yes,yes,,https://echobuddha.com/learn/buddhist-resources/,Buddhist Resources | Echo Buddha,"A curated Echo Buddha resource page for Buddhist texts, meditation learning, dictionaries, beginner Buddhism, Sri Lankan resources, and global Buddhist study.",Buddhist Resources,1,CollectionPage|BreadcrumbList,558,33,12,41,1,1,pass
/learn/dhammapada-reflections/,https://echobuddha.com/learn/dhammapada-reflections/,Learning,yes,yes,,https://echobuddha.com/learn/dhammapada-reflections/,Dhammapada Reflections | Echo Buddha,Original reflections on public-domain-safe Dhammapada themes for daily life.,Dhammapada Reflections,1,CollectionPage|BreadcrumbList,384,31,2,12,1,1,pass
/learn/dhammapada-reflections/avoid-evil-do-good-purify-the-mind/,https://echobuddha.com/learn/dhammapada-reflections/avoid-evil-do-good-purify-the-mind/,Learning,yes,yes,,https://echobuddha.com/learn/dhammapada-reflections/avoid-evil-do-good-purify-the-mind/,"Avoid Evil, Do Good, Purify the Mind | Echo Buddha","An original Dhammapada-inspired reflection on avoiding harm, cultivating good, and training the mind.","Avoid Evil, Do Good, Purify the Mind",1,Article|BreadcrumbList,511,32,1,4,1,1,pass
/learn/dhammapada-reflections/better-than-a-thousand-empty-words/,https://echobuddha.com/learn/dhammapada-reflections/better-than-a-thousand-empty-words/,Learning,yes,yes,,https://echobuddha.com/learn/dhammapada-reflections/better-than-a-thousand-empty-words/,Better Than a Thousand Empty Words | Echo Buddha,"A Dhammapada-inspired reflection on meaningful speech, silence, and words that bring peace.",Better Than a Thousand Empty Words,1,Article|BreadcrumbList,465,31,1,4,1,1,pass
/learn/dhammapada-reflections/hatred-is-not-ended-by-hatred/,https://echobuddha.com/learn/dhammapada-reflections/hatred-is-not-ended-by-hatred/,Learning,yes,yes,,https://echobuddha.com/learn/dhammapada-reflections/hatred-is-not-ended-by-hatred/,Hatred Is Not Ended by Hatred | Echo Buddha,"A Dhammapada-inspired reflection on meeting hostility with wisdom, boundaries, and non-hatred.",Hatred Is Not Ended by Hatred,1,Article|BreadcrumbList,448,32,1,4,1,1,pass
/learn/dhammapada-reflections/peace-comes-from-a-trained-mind/,https://echobuddha.com/learn/dhammapada-reflections/peace-comes-from-a-trained-mind/,Learning,yes,yes,,https://echobuddha.com/learn/dhammapada-reflections/peace-comes-from-a-trained-mind/,Peace Comes from a Trained Mind | Echo Buddha,"A Dhammapada-inspired reflection on training the mind through meditation, patience, and daily awareness.",Peace Comes from a Trained Mind,1,Article|BreadcrumbList,453,31,1,4,1,1,pass
/learn/dhammapada-reflections/the-mind-leads-all-things/,https://echobuddha.com/learn/dhammapada-reflections/the-mind-leads-all-things/,Learning,yes,yes,,https://echobuddha.com/learn/dhammapada-reflections/the-mind-leads-all-things/,The Mind Leads All Things | Echo Buddha,"A Dhammapada-inspired reflection on how intention, thought, and attention shape speech and action.",The Mind Leads All Things,1,Article|BreadcrumbList,463,33,1,4,1,1,pass
/learn/eightfold-path/,https://echobuddha.com/learn/eightfold-path/,Learning,yes,yes,,https://echobuddha.com/learn/eightfold-path/,Noble Eightfold Path for Daily Life | Echo Buddha,"Learn the Noble Eightfold Path as a practical Buddhist training in wisdom, ethical conduct, effort, mindfulness, and meditation.",The Noble Eightfold Path for Daily Life,1,Article|BreadcrumbList,508,43,2,54,5,1,pass
/learn/four-noble-truths/,https://echobuddha.com/learn/four-noble-truths/,Learning,yes,yes,,https://echobuddha.com/learn/four-noble-truths/,Four Noble Truths Explained for Beginners | Echo Buddha,"Learn the Four Noble Truths in simple language: suffering, the causes of suffering, the possibility of release, and the path of practice.",The Four Noble Truths Explained for Beginners,1,Article|BreadcrumbList,438,36,2,23,4,1,pass
/learn/questions-about-buddhism/,https://echobuddha.com/learn/questions-about-buddhism/,Learning,yes,yes,,https://echobuddha.com/learn/questions-about-buddhism/,Questions About Buddhism | Echo Buddha,"Beginner-friendly answers to common questions about Buddhism, meditation, suffering, compassion, attachment, and home practice.",Questions About Buddhism,1,FAQPage|BreadcrumbList,1090,53,0,6,1,1,pass
/learn/sutta-for-daily-life/,https://echobuddha.com/learn/sutta-for-daily-life/,Learning,yes,yes,,https://echobuddha.com/learn/sutta-for-daily-life/,Sutta for Daily Life | Echo Buddha,"Simple explanations of Buddhist teachings from sutta themes, written for ordinary readers.",Sutta for Daily Life,1,CollectionPage|BreadcrumbList,412,31,2,7,1,1,pass
/learn/sutta-for-daily-life/buddhas-teaching-on-patience/,https://echobuddha.com/learn/sutta-for-daily-life/buddhas-teaching-on-patience/,Learning,yes,yes,,https://echobuddha.com/learn/sutta-for-daily-life/buddhas-teaching-on-patience/,The Buddha&#39;s Teaching on Patience | Echo Buddha,"A practical reflection on patience in Buddhist teaching, including delay, conflict, anger, and daily practice.",The Buddha&#39;s Teaching on Patience,1,Article|BreadcrumbList,428,31,1,4,1,1,pass
/learn/sutta-for-daily-life/kalama-sutta-and-wise-thinking/,https://echobuddha.com/learn/sutta-for-daily-life/kalama-sutta-and-wise-thinking/,Learning,yes,yes,,https://echobuddha.com/learn/sutta-for-daily-life/kalama-sutta-and-wise-thinking/,The Kalama Sutta and Wise Thinking | Echo Buddha,"A beginner-friendly explanation of the Kalama Sutta theme of wise inquiry, testing teachings, and recognizing harmful or helpful qualities.",The Kalama Sutta and Wise Thinking,1,Article|BreadcrumbList,457,32,1,4,1,1,pass
/learn/sutta-for-daily-life/metta-sutta-explained-for-daily-life/,https://echobuddha.com/learn/sutta-for-daily-life/metta-sutta-explained-for-daily-life/,Learning,yes,yes,,https://echobuddha.com/learn/sutta-for-daily-life/metta-sutta-explained-for-daily-life/,The Metta Sutta Explained for Daily Life | Echo Buddha,"A simple, practical explanation of the Metta Sutta and how loving-kindness can shape speech, family life, and daily practice.",The Metta Sutta Explained for Daily Life,1,Article|BreadcrumbList,480,33,1,4,1,1,pass
/learn/sutta-for-daily-life/mindfulness-of-breathing-explained-simply/,https://echobuddha.com/learn/sutta-for-daily-life/mindfulness-of-breathing-explained-simply/,Learning,yes,yes,,https://echobuddha.com/learn/sutta-for-daily-life/mindfulness-of-breathing-explained-simply/,Mindfulness of Breathing Explained Simply | Echo Buddha,"A simple explanation of mindfulness of breathing and how the breath supports attention, steadiness, and daily practice.",Mindfulness of Breathing Explained Simply,1,Article|BreadcrumbList,432,32,1,4,1,1,pass
/learn/sutta-for-daily-life/right-speech-in-daily-life/,https://echobuddha.com/learn/sutta-for-daily-life/right-speech-in-daily-life/,Learning,yes,yes,,https://echobuddha.com/learn/sutta-for-daily-life/right-speech-in-daily-life/,Right Speech in Daily Life | Echo Buddha,"A practical Buddhist explanation of right speech: truthful, kind, useful, and timely communication.",Right Speech in Daily Life,1,Article|BreadcrumbList,473,32,1,9,1,1,pass
/meditation-guide/,https://echobuddha.com/meditation-guide/,Utility,yes,yes,,https://echobuddha.com/meditation-guide/,Meditation Guide for Beginners | Echo Buddha,"Learn how to meditate with this beginner-friendly guide to posture, breathing, mindfulness, distractions, meditation types, and daily practice.",Meditation Guide for Beginners,1,HowTo|FAQPage|BreadcrumbList,1662,24,3,21,1,1,pass
/meditation/,https://echobuddha.com/meditation/,Meditation hub,yes,yes,,https://echobuddha.com/meditation/,Beginner Meditation Guides and Mindfulness Practices | Echo Buddha,"Learn simple meditation practices, breathing exercises, walking meditation, and mindful awareness techniques for beginners.",Beginner Meditation Guides and Mindfulness Practices,1,CollectionPage|BreadcrumbList,445,38,2,339,1,1,pass
/meditation/5-minute-meditation-practice/,https://echobuddha.com/meditation/5-minute-meditation-practice/,Meditation,yes,yes,,https://echobuddha.com/meditation/5-minute-meditation-practice/,5-Minute Meditation Practice | Echo Buddha,"A simple five-minute meditation practice for beginners using posture, breath, and a gentle return from distraction.",5-Minute Meditation Practice,1,Article|BreadcrumbList,548,30,1,6,1,1,pass
/meditation/breathing-meditation/,https://echobuddha.com/meditation/breathing-meditation/,Meditation,yes,yes,,https://echobuddha.com/meditation/breathing-meditation/,Breathing Meditation | Echo Buddha,"Learn a simple breathing meditation practice for steady attention, mindful returning, and daily calm without forcing the breath.",Breathing Meditation,1,Article|BreadcrumbList,573,30,1,13,1,1,pass
/meditation/loving-kindness-meditation/,https://echobuddha.com/meditation/loving-kindness-meditation/,Meditation,yes,yes,,https://echobuddha.com/meditation/loving-kindness-meditation/,Loving-Kindness Meditation | Echo Buddha,"Learn loving-kindness meditation with simple goodwill phrases, common difficulties, boundaries, and daily-life practice.",Loving-Kindness Meditation,1,Article|BreadcrumbList,577,31,1,14,1,1,pass
/meditation/meditation-for-beginners/,https://echobuddha.com/meditation/meditation-for-beginners/,Meditation,yes,yes,,https://echobuddha.com/meditation/meditation-for-beginners/,Meditation for Beginners | Echo Buddha,A gentle beginner,Meditation for Beginners,1,Article|BreadcrumbList,604,30,1,43,1,1,pass
/meditation/mindfulness-in-daily-life/,https://echobuddha.com/meditation/mindfulness-in-daily-life/,Meditation,yes,yes,,https://echobuddha.com/meditation/mindfulness-in-daily-life/,Mindfulness in Daily Life | Echo Buddha,"Learn how to practice mindfulness during work, conversations, chores, meals, and ordinary transitions.",Mindfulness in Daily Life,1,Article|BreadcrumbList,557,30,1,7,1,1,pass
/meditation/walking-meditation/,https://echobuddha.com/meditation/walking-meditation/,Meditation,yes,yes,,https://echobuddha.com/meditation/walking-meditation/,Walking Meditation | Echo Buddha,"A simple walking meditation guide for beginners, including step-by-step practice, common mistakes, and daily mindfulness.",Walking Meditation,1,Article|BreadcrumbList,540,30,1,6,1,1,pass
/mindful-living/,https://echobuddha.com/mindful-living/,Utility,yes,yes,,https://echobuddha.com/mindful-living/,Mindful Living with Buddhist Wisdom | Echo Buddha,"Explore practical Buddhist-inspired mindfulness for daily life, work, speech, relationships, patience, compassion, and letting go.",Mindful Living with Buddhist Wisdom,1,CollectionPage|BreadcrumbList|FAQPage,561,51,0,5,7,1,pass
/privacy-policy/,https://echobuddha.com/privacy-policy/,Trust,yes,yes,,https://echobuddha.com/privacy-policy/,Privacy Policy | Echo Buddha,"Read how Echo Buddha handles analytics, cookies, advertising technologies, email messages, and privacy choices.",Privacy Policy,1,PrivacyPolicy,556,22,1,313,1,1,pass
/quotes/,https://echobuddha.com/quotes/,Quote story,yes,yes,,https://echobuddha.com/quotes/,Original Buddhist-Inspired Quotes | Echo Buddha,"Read original Echo Buddha quotes inspired by Buddhist practice, with clear origin labels, reflection stories, and mindful browsing by theme.",Original Buddhist-Inspired Quotes,1,CollectionPage|BreadcrumbList,2695,502,0,337,1,1,pass
/quotes/awareness/,https://echobuddha.com/quotes/awareness/,Quote category,yes,yes,,https://echobuddha.com/quotes/awareness/,Original Awareness Quotes Inspired by Buddhist Practice | Echo Buddha,"Original awareness quotes about emotions, habits, the body, and seeing experience more clearly.",Original Awareness Quotes,1,CollectionPage|BreadcrumbList,630,93,0,151,4,1,pass
/quotes/awareness/acceptance-before-next-step/,https://echobuddha.com/quotes/awareness/acceptance-before-next-step/,Quote story,yes,yes,,https://echobuddha.com/quotes/awareness/acceptance-before-next-step/,Acceptance Mindfulness Quote: Naming the Moment Clearly | Echo Buddha,An acceptance mindfulness quote about accepting the present moment without giving up wise action or responsibility.,Acceptance Mindfulness Quote: Naming the Moment Clearly,1,WebPage|BreadcrumbList,895,44,0,4,3,1,pass
/quotes/awareness/anger-asks-for-speed-awareness-asks-for-one-more/,https://echobuddha.com/quotes/awareness/anger-asks-for-speed-awareness-asks-for-one-more/,Quote story,yes,yes,,https://echobuddha.com/quotes/awareness/anger-asks-for-speed-awareness-asks-for-one-more/,Original Awareness Reflection: Anger asks for speed; awareness... | Echo Buddha,An original Echo Buddha reflection on awareness practice through the quote &quot;Anger asks for speed; awareness asks for one more breath.&quot;,Original Awareness Reflection: Anger asks for speed; awareness...,1,WebPage|BreadcrumbList,916,43,0,34,3,1,pass
/quotes/awareness/awareness-does-not-remove-the-storm-it-keeps-you/,https://echobuddha.com/quotes/awareness/awareness-does-not-remove-the-storm-it-keeps-you/,Quote story,yes,yes,,https://echobuddha.com/quotes/awareness/awareness-does-not-remove-the-storm-it-keeps-you/,Original Awareness Reflection: Awareness does not remove the... | Echo Buddha,An original Echo Buddha reflection on awareness practice through the quote &quot;Awareness does not remove the storm; it keeps you from becoming every cloud.&quot;,Original Awareness Reflection: Awareness does not remove the...,1,WebPage|BreadcrumbList,955,43,0,4,3,1,pass
/quotes/awareness/clear-seeing-begins-with-the-courage-to-stop-looking/,https://echobuddha.com/quotes/awareness/clear-seeing-begins-with-the-courage-to-stop-looking/,Quote story,no,no,"noindex, follow",https://echobuddha.com/quotes/awareness/clear-seeing-begins-with-the-courage-to-stop-looking/,Original Awareness Reflection: Clear seeing begins with the... | Echo Buddha,An original Echo Buddha reflection on awareness practice through the quote &quot;Clear seeing begins with the courage to stop looking away.&quot;,Original Awareness Reflection: Clear seeing begins with the...,1,WebPage|BreadcrumbList,936,43,0,4,3,1,pass
/quotes/awareness/feelings-are-honest-about-their-presence-not-always-about/,https://echobuddha.com/quotes/awareness/feelings-are-honest-about-their-presence-not-always-about/,Quote story,no,no,"noindex, follow",https://echobuddha.com/quotes/awareness/feelings-are-honest-about-their-presence-not-always-about/,Original Awareness Reflection: Feelings are honest about their... | Echo Buddha,"An original Echo Buddha reflection on awareness practice through the quote &quot;Feelings are honest about their presence, not always about their conclusions.&quot;",Original Awareness Reflection: Feelings are honest about their...,1,WebPage|BreadcrumbList,922,43,0,4,3,1,pass
/quotes/awareness/feelings-without-the-wheel/,https://echobuddha.com/quotes/awareness/feelings-without-the-wheel/,Quote story,yes,yes,,https://echobuddha.com/quotes/awareness/feelings-without-the-wheel/,Emotional Balance Quote: Feel Deeply Without Being Ruled | Echo Buddha,"An emotional balance quote about feeling deeply while not letting every emotion drive speech, choices, and identity.",Emotional Balance Quote: Feel Deeply Without Being Ruled,1,WebPage|BreadcrumbList,874,44,0,4,3,1,pass
/quotes/awareness/look-beneath-the-reaction-and-you-may-find-a/,https://echobuddha.com/quotes/awareness/look-beneath-the-reaction-and-you-may-find-a/,Quote story,yes,yes,,https://echobuddha.com/quotes/awareness/look-beneath-the-reaction-and-you-may-find-a/,Original Awareness Reflection: Look beneath the reaction and... | Echo Buddha,An original Echo Buddha reflection on awareness practice through the quote &quot;Look beneath the reaction and you may find a need asking to be understood.&quot;,Original Awareness Reflection: Look beneath the reaction and...,1,WebPage|BreadcrumbList,956,43,0,4,3,1,pass
/quotes/awareness/name-the-feeling-gently-and-it-may-stop-speaking/,https://echobuddha.com/quotes/awareness/name-the-feeling-gently-and-it-may-stop-speaking/,Quote story,yes,yes,,https://echobuddha.com/quotes/awareness/name-the-feeling-gently-and-it-may-stop-speaking/,"Original Awareness Reflection: Name the feeling gently, and... | Echo Buddha","An original Echo Buddha reflection on awareness practice through the quote &quot;Name the feeling gently, and it may stop speaking for your whole life.&quot;","Original Awareness Reflection: Name the feeling gently, and...",1,WebPage|BreadcrumbList,941,43,0,34,3,1,pass
/quotes/awareness/notice-the-habit-before-trying-to-become-someone-without/,https://echobuddha.com/quotes/awareness/notice-the-habit-before-trying-to-become-someone-without/,Quote story,no,no,"noindex, follow",https://echobuddha.com/quotes/awareness/notice-the-habit-before-trying-to-become-someone-without/,Original Awareness Reflection: Notice the habit before trying... | Echo Buddha,An original Echo Buddha reflection on awareness practice through the quote &quot;Notice the habit before trying to become someone without it.&quot;,Original Awareness Reflection: Notice the habit before trying...,1,WebPage|BreadcrumbList,916,43,0,4,3,1,pass
/quotes/awareness/one-breath-before-anger-replies/,https://echobuddha.com/quotes/awareness/one-breath-before-anger-replies/,Quote story,yes,yes,,https://echobuddha.com/quotes/awareness/one-breath-before-anger-replies/,Buddhist Quote About Anger: One Breath Before Reply | Echo Buddha,A Buddhist quote about anger and the mindful pause that can stand between a strong feeling and an unwise reaction.,Buddhist Quote About Anger: One Breath Before Reply,1,WebPage|BreadcrumbList,894,45,0,4,3,1,pass
/quotes/awareness/small-acts-of-attention-can-turn-an-ordinary-day/,https://echobuddha.com/quotes/awareness/small-acts-of-attention-can-turn-an-ordinary-day/,Quote story,yes,yes,,https://echobuddha.com/quotes/awareness/small-acts-of-attention-can-turn-an-ordinary-day/,Original Awareness Reflection: Small acts of attention can... | Echo Buddha,An original Echo Buddha reflection on awareness practice through the quote &quot;Small acts of attention can turn an ordinary day into a teacher.&quot;,Original Awareness Reflection: Small acts of attention can...,1,WebPage|BreadcrumbList,932,43,0,36,3,1,pass
/quotes/awareness/the-body-often-knows-you-are-overwhelmed-before-the/,https://echobuddha.com/quotes/awareness/the-body-often-knows-you-are-overwhelmed-before-the/,Quote story,yes,yes,,https://echobuddha.com/quotes/awareness/the-body-often-knows-you-are-overwhelmed-before-the/,Original Awareness Reflection: The body often knows you... | Echo Buddha,An original Echo Buddha reflection on awareness practice through the quote &quot;The body often knows you are overwhelmed before the mind admits it.&quot;,Original Awareness Reflection: The body often knows you...,1,WebPage|BreadcrumbList,956,43,0,10,3,1,pass
/quotes/awareness/thoughts-are-visitors/,https://echobuddha.com/quotes/awareness/thoughts-are-visitors/,Quote story,yes,yes,,https://echobuddha.com/quotes/awareness/thoughts-are-visitors/,Buddhist Quote for Overthinking: Thoughts Are Visitors | Echo Buddha,A Buddhist quote for overthinking about treating repeated thoughts as visitors rather than commands or permanent truths.,Buddhist Quote for Overthinking: Thoughts Are Visitors,1,WebPage|BreadcrumbList,912,44,0,4,3,1,pass
/quotes/awareness/thoughts-pass-without-commanding-you/,https://echobuddha.com/quotes/awareness/thoughts-pass-without-commanding-you/,Quote story,yes,yes,,https://echobuddha.com/quotes/awareness/thoughts-pass-without-commanding-you/,Calm Mind Quote: Let Thoughts Pass Without Chasing Them | Echo Buddha,"A calm mind quote about seeing thoughts clearly without chasing every idea, worry, memory, or imagined conversation.",Calm Mind Quote: Let Thoughts Pass Without Chasing Them,1,WebPage|BreadcrumbList,927,44,0,4,3,1,pass
/quotes/awareness/what-you-can-observe-clearly-no-longer-controls-you/,https://echobuddha.com/quotes/awareness/what-you-can-observe-clearly-no-longer-controls-you/,Quote story,no,no,"noindex, follow",https://echobuddha.com/quotes/awareness/what-you-can-observe-clearly-no-longer-controls-you/,Original Awareness Reflection: What you can observe clearly... | Echo Buddha,An original Echo Buddha reflection on awareness practice through the quote &quot;What you can observe clearly no longer controls you in quite the same way.&quot;,Original Awareness Reflection: What you can observe clearly...,1,WebPage|BreadcrumbList,954,43,0,4,3,1,pass
/quotes/awareness/when-the-mind-tightens-let-the-body-be-your/,https://echobuddha.com/quotes/awareness/when-the-mind-tightens-let-the-body-be-your/,Quote story,no,no,"noindex, follow",https://echobuddha.com/quotes/awareness/when-the-mind-tightens-let-the-body-be-your/,"Original Awareness Reflection: When the mind tightens, let... | Echo Buddha","An original Echo Buddha reflection on awareness practice through the quote &quot;When the mind tightens, let the body be your first teacher.&quot;","Original Awareness Reflection: When the mind tightens, let...",1,WebPage|BreadcrumbList,923,43,0,4,3,1,pass
/quotes/compassion/,https://echobuddha.com/quotes/compassion/,Quote category,yes,yes,,https://echobuddha.com/quotes/compassion/,Original Compassion Quotes Inspired by Buddhist Practice | Echo Buddha,"Original Buddhist-inspired compassion quotes about kindness, understanding, boundaries, and reducing harm.",Original Compassion Quotes,1,CollectionPage|BreadcrumbList,617,93,0,149,4,1,pass
/quotes/compassion/a-gentle-response-can-end-suffering-that-anger-would/,https://echobuddha.com/quotes/compassion/a-gentle-response-can-end-suffering-that-anger-would/,Quote story,yes,yes,,https://echobuddha.com/quotes/compassion/a-gentle-response-can-end-suffering-that-anger-would/,Original Compassion Reflection: A gentle response can end... | Echo Buddha,An original Echo Buddha reflection on compassion practice through the quote &quot;A gentle response can end suffering that anger would pass along.&quot;,Original Compassion Reflection: A gentle response can end...,1,WebPage|BreadcrumbList,927,43,0,4,3,1,pass
/quotes/compassion/before-judging-another-life-remember-how-much-of-your/,https://echobuddha.com/quotes/compassion/before-judging-another-life-remember-how-much-of-your/,Quote story,yes,yes,,https://echobuddha.com/quotes/compassion/before-judging-another-life-remember-how-much-of-your/,"Original Compassion Reflection: Before judging another life, remember... | Echo Buddha","An original Echo Buddha reflection on compassion practice through the quote &quot;Before judging another life, remember how much of your own remains unseen.&quot;","Original Compassion Reflection: Before judging another life, remember...",1,WebPage|BreadcrumbList,944,43,0,10,3,1,pass
/quotes/compassion/compassion-asks-what-hurts-before-it-asks-who-is/,https://echobuddha.com/quotes/compassion/compassion-asks-what-hurts-before-it-asks-who-is/,Quote story,yes,yes,,https://echobuddha.com/quotes/compassion/compassion-asks-what-hurts-before-it-asks-who-is/,Original Compassion Reflection: Compassion asks what hurts before... | Echo Buddha,An original Echo Buddha reflection on compassion practice through the quote &quot;Compassion asks what hurts before it asks who is to blame.&quot;,Original Compassion Reflection: Compassion asks what hurts before...,1,WebPage|BreadcrumbList,952,43,0,4,3,1,pass
/quotes/compassion/compassion-grows-where-judgment-loosens-its-grip/,https://echobuddha.com/quotes/compassion/compassion-grows-where-judgment-loosens-its-grip/,Quote story,yes,yes,,https://echobuddha.com/quotes/compassion/compassion-grows-where-judgment-loosens-its-grip/,Original Compassion Reflection: Compassion grows where judgment loosens... | Echo Buddha,An original Echo Buddha reflection on compassion practice through the quote &quot;Compassion grows where judgment loosens its grip.&quot;,Original Compassion Reflection: Compassion grows where judgment loosens...,1,WebPage|BreadcrumbList,887,43,0,34,3,1,pass
/quotes/compassion/compassion-sees-pain-clearly/,https://echobuddha.com/quotes/compassion/compassion-sees-pain-clearly/,Quote story,yes,yes,,https://echobuddha.com/quotes/compassion/compassion-sees-pain-clearly/,Compassion Buddhist Quote: Seeing Pain Behind Behavior | Echo Buddha,"A compassion Buddhist quote about seeing pain behind behavior while keeping truth, responsibility, and boundaries intact.",Compassion Buddhist Quote: Seeing Pain Behind Behavior,1,WebPage|BreadcrumbList,881,44,0,4,3,1,pass
/quotes/compassion/gentle-self-compassion/,https://echobuddha.com/quotes/compassion/gentle-self-compassion/,Quote story,yes,yes,,https://echobuddha.com/quotes/compassion/gentle-self-compassion/,Self Compassion Mindfulness Quote: Gentle Inner Speech | Echo Buddha,A self compassion mindfulness quote about speaking inwardly with gentleness while learning from mistakes and difficult feelings.,Self Compassion Mindfulness Quote: Gentle Inner Speech,1,WebPage|BreadcrumbList,879,44,0,4,3,1,pass
/quotes/compassion/kindness-as-quiet-practice/,https://echobuddha.com/quotes/compassion/kindness-as-quiet-practice/,Quote story,yes,yes,,https://echobuddha.com/quotes/compassion/kindness-as-quiet-practice/,Kindness Quote for Daily Life: A Quiet Practice | Echo Buddha,A kindness quote for daily life about small unseen choices that reduce harm and bring warmth into ordinary moments.,Kindness Quote for Daily Life: A Quiet Practice,1,WebPage|BreadcrumbList,890,44,0,4,3,1,pass
/quotes/compassion/kindness-does-not-need-an-audience-to-become-meaningful/,https://echobuddha.com/quotes/compassion/kindness-does-not-need-an-audience-to-become-meaningful/,Quote story,yes,yes,,https://echobuddha.com/quotes/compassion/kindness-does-not-need-an-audience-to-become-meaningful/,Original Compassion Reflection: Kindness does not need an... | Echo Buddha,An original Echo Buddha reflection on compassion practice through the quote &quot;Kindness does not need an audience to become meaningful.&quot;,Original Compassion Reflection: Kindness does not need an...,1,WebPage|BreadcrumbList,907,43,0,34,3,1,pass
/quotes/compassion/let-kindness-be-the-echo-you-leave-in-every/,https://echobuddha.com/quotes/compassion/let-kindness-be-the-echo-you-leave-in-every/,Quote story,yes,yes,,https://echobuddha.com/quotes/compassion/let-kindness-be-the-echo-you-leave-in-every/,Original Compassion Reflection: Let kindness be the echo... | Echo Buddha,An original Echo Buddha reflection on compassion practice through the quote &quot;Let kindness be the echo you leave in every room.&quot;,Original Compassion Reflection: Let kindness be the echo...,1,WebPage|BreadcrumbList,915,43,0,36,3,1,pass
/quotes/compassion/let-your-boundaries-be-clear-and-your-heart-remain/,https://echobuddha.com/quotes/compassion/let-your-boundaries-be-clear-and-your-heart-remain/,Quote story,no,no,"noindex, follow",https://echobuddha.com/quotes/compassion/let-your-boundaries-be-clear-and-your-heart-remain/,Original Compassion Reflection: Let your boundaries be clear... | Echo Buddha,An original Echo Buddha reflection on compassion practice through the quote &quot;Let your boundaries be clear and your heart remain kind.&quot;,Original Compassion Reflection: Let your boundaries be clear...,1,WebPage|BreadcrumbList,919,43,0,4,3,1,pass
/quotes/compassion/loving-kindness-without-harm/,https://echobuddha.com/quotes/compassion/loving-kindness-without-harm/,Quote story,yes,yes,,https://echobuddha.com/quotes/compassion/loving-kindness-without-harm/,Loving Kindness Quote: Goodwill Toward Self and Others | Echo Buddha,A loving kindness quote about practicing goodwill toward yourself and others without sentimentality or pressure.,Loving Kindness Quote: Goodwill Toward Self and Others,1,WebPage|BreadcrumbList,892,44,0,4,3,1,pass
/quotes/compassion/offer-others-the-patience-you-hope-to-receive-on/,https://echobuddha.com/quotes/compassion/offer-others-the-patience-you-hope-to-receive-on/,Quote story,no,no,"noindex, follow",https://echobuddha.com/quotes/compassion/offer-others-the-patience-you-hope-to-receive-on/,Original Compassion Reflection: Offer others the patience you... | Echo Buddha,An original Echo Buddha reflection on compassion practice through the quote &quot;Offer others the patience you hope to receive on your difficult days.&quot;,Original Compassion Reflection: Offer others the patience you...,1,WebPage|BreadcrumbList,951,43,0,4,3,1,pass
/quotes/compassion/small-kindnesses-often-reach-places-that-advice-cannot/,https://echobuddha.com/quotes/compassion/small-kindnesses-often-reach-places-that-advice-cannot/,Quote story,no,no,"noindex, follow",https://echobuddha.com/quotes/compassion/small-kindnesses-often-reach-places-that-advice-cannot/,Original Compassion Reflection: Small kindnesses often reach places... | Echo Buddha,An original Echo Buddha reflection on compassion practice through the quote &quot;Small kindnesses often reach places that advice cannot.&quot;,Original Compassion Reflection: Small kindnesses often reach places...,1,WebPage|BreadcrumbList,894,43,0,4,3,1,pass
/quotes/compassion/the-heart-becomes-spacious-each-time-it-chooses-care/,https://echobuddha.com/quotes/compassion/the-heart-becomes-spacious-each-time-it-chooses-care/,Quote story,no,no,"noindex, follow",https://echobuddha.com/quotes/compassion/the-heart-becomes-spacious-each-time-it-chooses-care/,Original Compassion Reflection: The heart becomes spacious each... | Echo Buddha,An original Echo Buddha reflection on compassion practice through the quote &quot;The heart becomes spacious each time it chooses care over contempt.&quot;,Original Compassion Reflection: The heart becomes spacious each...,1,WebPage|BreadcrumbList,927,43,0,4,3,1,pass
/quotes/compassion/to-understand-someone-is-not-to-excuse-harm-it/,https://echobuddha.com/quotes/compassion/to-understand-someone-is-not-to-excuse-harm-it/,Quote story,no,no,"noindex, follow",https://echobuddha.com/quotes/compassion/to-understand-someone-is-not-to-excuse-harm-it/,Original Compassion Reflection: To understand someone is not... | Echo Buddha,An original Echo Buddha reflection on compassion practice through the quote &quot;To understand someone is not to excuse harm; it is to see more clearly.&quot;,Original Compassion Reflection: To understand someone is not...,1,WebPage|BreadcrumbList,959,43,0,4,3,1,pass
/quotes/compassion/when-you-cannot-remove-anothers-burden-do-not-add/,https://echobuddha.com/quotes/compassion/when-you-cannot-remove-anothers-burden-do-not-add/,Quote story,no,no,"noindex, follow",https://echobuddha.com/quotes/compassion/when-you-cannot-remove-anothers-burden-do-not-add/,Original Compassion Reflection: When you cannot remove another&#39;s... | Echo Buddha,An original Echo Buddha reflection on compassion practice through the quote &quot;When you cannot remove another,Original Compassion Reflection: When you cannot remove another&#39;s...,1,WebPage|BreadcrumbList,935,43,0,4,3,1,pass
/quotes/impermanence/,https://echobuddha.com/quotes/impermanence/,Quote category,yes,yes,,https://echobuddha.com/quotes/impermanence/,Original Impermanence Quotes Inspired by Buddhist Practice | Echo Buddha,"Original Buddhist quotes about impermanence, change, gratitude, acceptance, loss, and transformation.",Original Impermanence Quotes,1,CollectionPage|BreadcrumbList,540,81,0,116,4,1,pass
/quotes/impermanence/acceptance-begins-where-the-argument-with-change-ends/,https://echobuddha.com/quotes/impermanence/acceptance-begins-where-the-argument-with-change-ends/,Quote story,no,no,"noindex, follow",https://echobuddha.com/quotes/impermanence/acceptance-begins-where-the-argument-with-change-ends/,Original Impermanence Reflection: Acceptance begins where the argument... | Echo Buddha,An original Echo Buddha reflection on impermanence practice through the quote &quot;Acceptance begins where the argument with change ends.&quot;,Original Impermanence Reflection: Acceptance begins where the argument...,1,WebPage|BreadcrumbList,902,43,0,4,3,1,pass
/quotes/impermanence/because-this-moment-will-pass-meet-it-while-it/,https://echobuddha.com/quotes/impermanence/because-this-moment-will-pass-meet-it-while-it/,Quote story,yes,yes,,https://echobuddha.com/quotes/impermanence/because-this-moment-will-pass-meet-it-while-it/,"Original Impermanence Reflection: Because this moment will pass,... | Echo Buddha","An original Echo Buddha reflection on impermanence practice through the quote &quot;Because this moment will pass, meet it while it is here.&quot;","Original Impermanence Reflection: Because this moment will pass,...",1,WebPage|BreadcrumbList,938,43,0,26,3,1,pass
/quotes/impermanence/change-is-how-life-continues/,https://echobuddha.com/quotes/impermanence/change-is-how-life-continues/,Quote story,yes,yes,,https://echobuddha.com/quotes/impermanence/change-is-how-life-continues/,Impermanence Buddhist Quote: Change Is How Life Continues | Echo Buddha,An impermanence Buddhist quote about seeing change as part of life rather than an interruption to the life we expected.,Impermanence Buddhist Quote: Change Is How Life Continues,1,WebPage|BreadcrumbList,902,44,0,4,3,1,pass
/quotes/impermanence/change-takes-nothing-personally-it-simply-continues/,https://echobuddha.com/quotes/impermanence/change-takes-nothing-personally-it-simply-continues/,Quote story,yes,yes,,https://echobuddha.com/quotes/impermanence/change-takes-nothing-personally-it-simply-continues/,Original Impermanence Reflection: Change takes nothing personally; it... | Echo Buddha,An original Echo Buddha reflection on impermanence practice through the quote &quot;Change takes nothing personally; it simply continues.&quot;,Original Impermanence Reflection: Change takes nothing personally; it...,1,WebPage|BreadcrumbList,882,43,0,10,3,1,pass
/quotes/impermanence/everything-changes-including-the-part-of-you-that-fears/,https://echobuddha.com/quotes/impermanence/everything-changes-including-the-part-of-you-that-fears/,Quote story,yes,yes,,https://echobuddha.com/quotes/impermanence/everything-changes-including-the-part-of-you-that-fears/,"Original Impermanence Reflection: Everything changes, including the part... | Echo Buddha","An original Echo Buddha reflection on impermanence practice through the quote &quot;Everything changes, including the part of you that fears change.&quot;","Original Impermanence Reflection: Everything changes, including the part...",1,WebPage|BreadcrumbList,903,43,0,26,3,1,pass
/quotes/impermanence/hold-each-day-carefully-knowing-it-cannot-be-held/,https://echobuddha.com/quotes/impermanence/hold-each-day-carefully-knowing-it-cannot-be-held/,Quote story,no,no,"noindex, follow",https://echobuddha.com/quotes/impermanence/hold-each-day-carefully-knowing-it-cannot-be-held/,"Original Impermanence Reflection: Hold each day carefully, knowing... | Echo Buddha","An original Echo Buddha reflection on impermanence practice through the quote &quot;Hold each day carefully, knowing it cannot be held forever.&quot;","Original Impermanence Reflection: Hold each day carefully, knowing...",1,WebPage|BreadcrumbList,909,43,0,4,3,1,pass
/quotes/impermanence/meet-change-softly/,https://echobuddha.com/quotes/impermanence/meet-change-softly/,Quote story,yes,yes,,https://echobuddha.com/quotes/impermanence/meet-change-softly/,Buddhist Quote About Change: Meet Change Softly | Echo Buddha,"A Buddhist quote about change and meeting endings, transitions, and uncertainty with softness rather than resistance.",Buddhist Quote About Change: Meet Change Softly,1,WebPage|BreadcrumbList,867,44,0,4,3,1,pass
/quotes/impermanence/no-season-is-asked-to-remain-in-order-to/,https://echobuddha.com/quotes/impermanence/no-season-is-asked-to-remain-in-order-to/,Quote story,no,no,"noindex, follow",https://echobuddha.com/quotes/impermanence/no-season-is-asked-to-remain-in-order-to/,Original Impermanence Reflection: No season is asked to... | Echo Buddha,An original Echo Buddha reflection on impermanence practice through the quote &quot;No season is asked to remain in order to be loved.&quot;,Original Impermanence Reflection: No season is asked to...,1,WebPage|BreadcrumbList,913,43,0,4,3,1,pass
/quotes/impermanence/the-fading-flower-does-not-make-its-blooming-less/,https://echobuddha.com/quotes/impermanence/the-fading-flower-does-not-make-its-blooming-less/,Quote story,yes,yes,,https://echobuddha.com/quotes/impermanence/the-fading-flower-does-not-make-its-blooming-less/,Original Impermanence Reflection: The fading flower does not... | Echo Buddha,An original Echo Buddha reflection on impermanence practice through the quote &quot;The fading flower does not make its blooming less beautiful.&quot;,Original Impermanence Reflection: The fading flower does not...,1,WebPage|BreadcrumbList,903,43,0,26,3,1,pass
/quotes/impermanence/the-passing-of-joy-teaches-gratitude-the-passing-of/,https://echobuddha.com/quotes/impermanence/the-passing-of-joy-teaches-gratitude-the-passing-of/,Quote story,yes,yes,,https://echobuddha.com/quotes/impermanence/the-passing-of-joy-teaches-gratitude-the-passing-of/,Original Impermanence Reflection: The passing of joy teaches... | Echo Buddha,An original Echo Buddha reflection on impermanence practice through the quote &quot;The passing of joy teaches gratitude; the passing of pain teaches hope.&quot;,Original Impermanence Reflection: The passing of joy teaches...,1,WebPage|BreadcrumbList,924,43,0,4,3,1,pass
/quotes/impermanence/todays-certainty-may-become-tomorrows-lesson-in-humility/,https://echobuddha.com/quotes/impermanence/todays-certainty-may-become-tomorrows-lesson-in-humility/,Quote story,yes,yes,,https://echobuddha.com/quotes/impermanence/todays-certainty-may-become-tomorrows-lesson-in-humility/,Original Impermanence Reflection: Today&#39;s certainty may become tomorrow&#39;s... | Echo Buddha,An original Echo Buddha reflection on impermanence practice through the quote &quot;Today,Original Impermanence Reflection: Today&#39;s certainty may become tomorrow&#39;s...,1,WebPage|BreadcrumbList,880,43,0,4,3,1,pass
/quotes/impermanence/what-changes-is-not-always-lost-sometimes-it-is/,https://echobuddha.com/quotes/impermanence/what-changes-is-not-always-lost-sometimes-it-is/,Quote story,no,no,"noindex, follow",https://echobuddha.com/quotes/impermanence/what-changes-is-not-always-lost-sometimes-it-is/,Original Impermanence Reflection: What changes is not always... | Echo Buddha,An original Echo Buddha reflection on impermanence practice through the quote &quot;What changes is not always lost; sometimes it is being transformed.&quot;,Original Impermanence Reflection: What changes is not always...,1,WebPage|BreadcrumbList,912,43,0,4,3,1,pass
/quotes/letting-go/,https://echobuddha.com/quotes/letting-go/,Quote category,yes,yes,,https://echobuddha.com/quotes/letting-go/,Original Letting Go Quotes Inspired by Buddhist Practice | Echo Buddha,"Original letting go quotes about non-attachment, releasing control, accepting change, and moving forward peacefully.",Original Letting Go Quotes,1,CollectionPage|BreadcrumbList,623,93,0,174,4,1,pass
/quotes/letting-go/an-open-hand-can-care-for-what-a-clenched/,https://echobuddha.com/quotes/letting-go/an-open-hand-can-care-for-what-a-clenched/,Quote story,yes,yes,,https://echobuddha.com/quotes/letting-go/an-open-hand-can-care-for-what-a-clenched/,Original Letting Go Reflection: An open hand can care... | Echo Buddha,An original Echo Buddha reflection on letting go practice through the quote &quot;An open hand can care for what a clenched fist cannot.&quot;,Original Letting Go Reflection: An open hand can care...,1,WebPage|BreadcrumbList,939,43,0,4,3,1,pass
/quotes/letting-go/caring-without-clinging/,https://echobuddha.com/quotes/letting-go/caring-without-clinging/,Quote story,yes,yes,,https://echobuddha.com/quotes/letting-go/caring-without-clinging/,Letting Go Buddhist Quote: Caring Without Clinging | Echo Buddha,"A letting go Buddhist quote about caring deeply while loosening the need to control outcomes, people, or change.",Letting Go Buddhist Quote: Caring Without Clinging,1,WebPage|BreadcrumbList,906,45,0,4,3,1,pass
/quotes/letting-go/forgiveness-without-approving-harm/,https://echobuddha.com/quotes/letting-go/forgiveness-without-approving-harm/,Quote story,yes,yes,,https://echobuddha.com/quotes/letting-go/forgiveness-without-approving-harm/,Buddhist Forgiveness Quote: Release Without Approving Harm | Echo Buddha,"A Buddhist forgiveness quote about releasing resentment while keeping truth, boundaries, and responsibility clear.",Buddhist Forgiveness Quote: Release Without Approving Harm,1,WebPage|BreadcrumbList,879,44,0,4,3,1,pass
/quotes/letting-go/freedom-often-sounds-like-the-quiet-end-of-an/,https://echobuddha.com/quotes/letting-go/freedom-often-sounds-like-the-quiet-end-of-an/,Quote story,no,no,"noindex, follow",https://echobuddha.com/quotes/letting-go/freedom-often-sounds-like-the-quiet-end-of-an/,Original Letting Go Reflection: Freedom often sounds like the... | Echo Buddha,An original Echo Buddha reflection on letting go practice through the quote &quot;Freedom often sounds like the quiet end of an inner argument.&quot;,Original Letting Go Reflection: Freedom often sounds like the...,1,WebPage|BreadcrumbList,942,43,0,4,3,1,pass
/quotes/letting-go/let-the-feeling-pass-through-without-building-it-a/,https://echobuddha.com/quotes/letting-go/let-the-feeling-pass-through-without-building-it-a/,Quote story,no,no,"noindex, follow",https://echobuddha.com/quotes/letting-go/let-the-feeling-pass-through-without-building-it-a/,Original Letting Go Reflection: Let the feeling pass through... | Echo Buddha,An original Echo Buddha reflection on letting go practice through the quote &quot;Let the feeling pass through without building it a permanent room.&quot;,Original Letting Go Reflection: Let the feeling pass through...,1,WebPage|BreadcrumbList,941,43,0,4,3,1,pass
/quotes/letting-go/letting-go-begins-by-admitting-how-tightly-you-are/,https://echobuddha.com/quotes/letting-go/letting-go-begins-by-admitting-how-tightly-you-are/,Quote story,yes,yes,,https://echobuddha.com/quotes/letting-go/letting-go-begins-by-admitting-how-tightly-you-are/,Original Letting Go Reflection: Letting go begins by admitting... | Echo Buddha,An original Echo Buddha reflection on letting go practice through the quote &quot;Letting go begins by admitting how tightly you are holding.&quot;,Original Letting Go Reflection: Letting go begins by admitting...,1,WebPage|BreadcrumbList,928,43,0,48,3,1,pass
/quotes/letting-go/open-hands-non-attachment/,https://echobuddha.com/quotes/letting-go/open-hands-non-attachment/,Quote story,yes,yes,,https://echobuddha.com/quotes/letting-go/open-hands-non-attachment/,Non Attachment Quote: Hold Life With Open Hands | Echo Buddha,"A non attachment quote about holding people, roles, possessions, and plans with open hands rather than fear-based control.",Non Attachment Quote: Hold Life With Open Hands,1,WebPage|BreadcrumbList,893,45,0,4,3,1,pass
/quotes/letting-go/peace-enters-when-control-is-no-longer-the-price/,https://echobuddha.com/quotes/letting-go/peace-enters-when-control-is-no-longer-the-price/,Quote story,yes,yes,,https://echobuddha.com/quotes/letting-go/peace-enters-when-control-is-no-longer-the-price/,Original Letting Go Reflection: Peace enters when control is... | Echo Buddha,An original Echo Buddha reflection on letting go practice through the quote &quot;Peace enters when control is no longer the price of feeling safe.&quot;,Original Letting Go Reflection: Peace enters when control is...,1,WebPage|BreadcrumbList,973,43,0,5,3,1,pass
/quotes/letting-go/release-the-need-to-replay-what-can-no-longer/,https://echobuddha.com/quotes/letting-go/release-the-need-to-replay-what-can-no-longer/,Quote story,yes,yes,,https://echobuddha.com/quotes/letting-go/release-the-need-to-replay-what-can-no-longer/,Original Letting Go Reflection: Release the need to replay... | Echo Buddha,An original Echo Buddha reflection on letting go practice through the quote &quot;Release the need to replay what can no longer be changed.&quot;,Original Letting Go Reflection: Release the need to replay...,1,WebPage|BreadcrumbList,940,43,0,48,3,1,pass
/quotes/letting-go/release-the-outcome-but-keep-the-care-you-bring/,https://echobuddha.com/quotes/letting-go/release-the-outcome-but-keep-the-care-you-bring/,Quote story,no,no,"noindex, follow",https://echobuddha.com/quotes/letting-go/release-the-outcome-but-keep-the-care-you-bring/,"Original Letting Go Reflection: Release the outcome, but keep... | Echo Buddha","An original Echo Buddha reflection on letting go practice through the quote &quot;Release the outcome, but keep the care you bring to the work.&quot;","Original Letting Go Reflection: Release the outcome, but keep...",1,WebPage|BreadcrumbList,963,43,0,4,3,1,pass
/quotes/letting-go/soften-around-stress/,https://echobuddha.com/quotes/letting-go/soften-around-stress/,Quote story,yes,yes,,https://echobuddha.com/quotes/letting-go/soften-around-stress/,Buddhist Quote for Stress: Soften Around Pressure | Echo Buddha,A Buddhist quote for stress about softening the inner grip around pressure before choosing the next useful action.,Buddhist Quote for Stress: Soften Around Pressure,1,WebPage|BreadcrumbList,885,45,0,4,3,1,pass
/quotes/letting-go/what-leaves-your-life-may-still-leave-wisdom-behind/,https://echobuddha.com/quotes/letting-go/what-leaves-your-life-may-still-leave-wisdom-behind/,Quote story,no,no,"noindex, follow",https://echobuddha.com/quotes/letting-go/what-leaves-your-life-may-still-leave-wisdom-behind/,Original Letting Go Reflection: What leaves your life may... | Echo Buddha,An original Echo Buddha reflection on letting go practice through the quote &quot;What leaves your life may still leave wisdom behind.&quot;,Original Letting Go Reflection: What leaves your life may...,1,WebPage|BreadcrumbList,916,43,0,4,3,1,pass
/quotes/letting-go/where-attachment-begins/,https://echobuddha.com/quotes/letting-go/where-attachment-begins/,Quote story,yes,yes,,https://echobuddha.com/quotes/letting-go/where-attachment-begins/,Buddhist Attachment Quote: Noticing Where Clinging Begins | Echo Buddha,"A Buddhist attachment quote about noticing where care turns into clinging, fear, control, or demand.",Buddhist Attachment Quote: Noticing Where Clinging Begins,1,WebPage|BreadcrumbList,851,44,0,4,3,1,pass
/quotes/letting-go/you-can-honor-the-past-without-asking-it-to/,https://echobuddha.com/quotes/letting-go/you-can-honor-the-past-without-asking-it-to/,Quote story,yes,yes,,https://echobuddha.com/quotes/letting-go/you-can-honor-the-past-without-asking-it-to/,Original Letting Go Reflection: You can honor the past... | Echo Buddha,An original Echo Buddha reflection on letting go practice through the quote &quot;You can honor the past without asking it to become your home.&quot;,Original Letting Go Reflection: You can honor the past...,1,WebPage|BreadcrumbList,956,43,0,10,3,1,pass
/quotes/letting-go/you-do-not-betray-a-memory-by-allowing-yourself/,https://echobuddha.com/quotes/letting-go/you-do-not-betray-a-memory-by-allowing-yourself/,Quote story,no,no,"noindex, follow",https://echobuddha.com/quotes/letting-go/you-do-not-betray-a-memory-by-allowing-yourself/,Original Letting Go Reflection: You do not betray a... | Echo Buddha,An original Echo Buddha reflection on letting go practice through the quote &quot;You do not betray a memory by allowing yourself to move forward.&quot;,Original Letting Go Reflection: You do not betray a...,1,WebPage|BreadcrumbList,951,43,0,4,3,1,pass
/quotes/letting-go/you-do-not-need-to-carry-every-thought-that/,https://echobuddha.com/quotes/letting-go/you-do-not-need-to-carry-every-thought-that/,Quote story,yes,yes,,https://echobuddha.com/quotes/letting-go/you-do-not-need-to-carry-every-thought-that/,Original Letting Go Reflection: You do not need to... | Echo Buddha,An original Echo Buddha reflection on letting go practice through the quote &quot;You do not need to carry every thought that visits you.&quot;,Original Letting Go Reflection: You do not need to...,1,WebPage|BreadcrumbList,937,43,0,50,3,1,pass
/quotes/meditation/,https://echobuddha.com/quotes/meditation/,Quote category,yes,yes,,https://echobuddha.com/quotes/meditation/,Original Meditation Quotes Inspired by Buddhist Practice | Echo Buddha,"Original meditation quotes about breathing, stillness, distraction, gentle attention, and beginning again.",Original Meditation Quotes,1,CollectionPage|BreadcrumbList,562,87,0,163,4,1,pass
/quotes/meditation/a-short-sincere-practice-can-steady-a-long-and/,https://echobuddha.com/quotes/meditation/a-short-sincere-practice-can-steady-a-long-and/,Quote story,yes,yes,,https://echobuddha.com/quotes/meditation/a-short-sincere-practice-can-steady-a-long-and/,Original Meditation Reflection: A short sincere practice can... | Echo Buddha,An original Echo Buddha reflection on meditation practice through the quote &quot;A short sincere practice can steady a long and complicated day.&quot;,Original Meditation Reflection: A short sincere practice can...,1,WebPage|BreadcrumbList,935,43,0,4,3,1,pass
/quotes/meditation/do-not-search-meditation-for-a-special-self-notice/,https://echobuddha.com/quotes/meditation/do-not-search-meditation-for-a-special-self-notice/,Quote story,no,no,"noindex, follow",https://echobuddha.com/quotes/meditation/do-not-search-meditation-for-a-special-self-notice/,Original Meditation Reflection: Do not search meditation for... | Echo Buddha,An original Echo Buddha reflection on meditation practice through the quote &quot;Do not search meditation for a special self; notice the self already searching.&quot;,Original Meditation Reflection: Do not search meditation for...,1,WebPage|BreadcrumbList,933,43,0,4,3,1,pass
/quotes/meditation/every-return-from-distraction-strengthens-the-path-home/,https://echobuddha.com/quotes/meditation/every-return-from-distraction-strengthens-the-path-home/,Quote story,no,no,"noindex, follow",https://echobuddha.com/quotes/meditation/every-return-from-distraction-strengthens-the-path-home/,Original Meditation Reflection: Every return from distraction strengthens... | Echo Buddha,An original Echo Buddha reflection on meditation practice through the quote &quot;Every return from distraction strengthens the path home.&quot;,Original Meditation Reflection: Every return from distraction strengthens...,1,WebPage|BreadcrumbList,876,43,0,4,3,1,pass
/quotes/meditation/few-quiet-minutes/,https://echobuddha.com/quotes/meditation/few-quiet-minutes/,Quote story,yes,yes,,https://echobuddha.com/quotes/meditation/few-quiet-minutes/,Beginner Meditation Wisdom: A Few Quiet Minutes | Echo Buddha,Beginner meditation wisdom about starting with a few quiet minutes instead of waiting for perfect focus or a perfect schedule.,Beginner Meditation Wisdom: A Few Quiet Minutes,1,WebPage|BreadcrumbList,914,44,0,4,3,1,pass
/quotes/meditation/follow-the-breath-lightly-as-you-would-listen-to/,https://echobuddha.com/quotes/meditation/follow-the-breath-lightly-as-you-would-listen-to/,Quote story,yes,yes,,https://echobuddha.com/quotes/meditation/follow-the-breath-lightly-as-you-would-listen-to/,"Original Meditation Reflection: Follow the breath lightly, as... | Echo Buddha","An original Echo Buddha reflection on meditation practice through the quote &quot;Follow the breath lightly, as you would listen to rain.&quot;","Original Meditation Reflection: Follow the breath lightly, as...",1,WebPage|BreadcrumbList,898,43,0,4,3,1,pass
/quotes/meditation/meditation-is-not-leaving-life-it-is-learning-how/,https://echobuddha.com/quotes/meditation/meditation-is-not-leaving-life-it-is-learning-how/,Quote story,yes,yes,,https://echobuddha.com/quotes/meditation/meditation-is-not-leaving-life-it-is-learning-how/,Original Meditation Reflection: Meditation is not leaving life;... | Echo Buddha,An original Echo Buddha reflection on meditation practice through the quote &quot;Meditation is not leaving life; it is learning how to be here.&quot;,Original Meditation Reflection: Meditation is not leaving life;...,1,WebPage|BreadcrumbList,922,43,0,48,3,1,pass
/quotes/meditation/meditation-is-returning/,https://echobuddha.com/quotes/meditation/meditation-is-returning/,Quote story,yes,yes,,https://echobuddha.com/quotes/meditation/meditation-is-returning/,Meditation Quote for Beginners: Meditation Is Returning | Echo Buddha,"A meditation quote for beginners explaining meditation as the gentle act of returning, not escaping life or performing perfect calm.",Meditation Quote for Beginners: Meditation Is Returning,1,WebPage|BreadcrumbList,902,45,0,4,3,1,pass
/quotes/meditation/one-honest-breath/,https://echobuddha.com/quotes/meditation/one-honest-breath/,Quote story,yes,yes,,https://echobuddha.com/quotes/meditation/one-honest-breath/,Mindful Breathing Quote: One Honest Breath | Echo Buddha,"A mindful breathing quote about returning to one honest breath when the mind wanders, worries, or tries to move too quickly.",Mindful Breathing Quote: One Honest Breath,1,WebPage|BreadcrumbList,915,44,0,5,3,1,pass
/quotes/meditation/silence-is-not-empty-when-the-heart-is-listening/,https://echobuddha.com/quotes/meditation/silence-is-not-empty-when-the-heart-is-listening/,Quote story,yes,yes,,https://echobuddha.com/quotes/meditation/silence-is-not-empty-when-the-heart-is-listening/,Original Meditation Reflection: Silence is not empty when... | Echo Buddha,An original Echo Buddha reflection on meditation practice through the quote &quot;Silence is not empty when the heart is listening.&quot;,Original Meditation Reflection: Silence is not empty when...,1,WebPage|BreadcrumbList,889,43,0,50,3,1,pass
/quotes/meditation/sit-with-the-day-as-it-is-before-asking/,https://echobuddha.com/quotes/meditation/sit-with-the-day-as-it-is-before-asking/,Quote story,no,no,"noindex, follow",https://echobuddha.com/quotes/meditation/sit-with-the-day-as-it-is-before-asking/,Original Meditation Reflection: Sit with the day as... | Echo Buddha,"An original Echo Buddha reflection on meditation practice through the quote &quot;Sit with the day as it is, before asking it to be different.&quot;",Original Meditation Reflection: Sit with the day as...,1,WebPage|BreadcrumbList,932,43,0,4,3,1,pass
/quotes/meditation/sit-without-demanding-silence-and-the-mind-will-teach/,https://echobuddha.com/quotes/meditation/sit-without-demanding-silence-and-the-mind-will-teach/,Quote story,yes,yes,,https://echobuddha.com/quotes/meditation/sit-without-demanding-silence-and-the-mind-will-teach/,"Original Meditation Reflection: Sit without demanding silence, and... | Echo Buddha","An original Echo Buddha reflection on meditation practice through the quote &quot;Sit without demanding silence, and the mind will teach you how it moves.&quot;","Original Meditation Reflection: Sit without demanding silence, and...",1,WebPage|BreadcrumbList,932,43,0,48,3,1,pass
/quotes/meditation/the-bell-fades-but-careful-listening-can-continue/,https://echobuddha.com/quotes/meditation/the-bell-fades-but-careful-listening-can-continue/,Quote story,no,no,"noindex, follow",https://echobuddha.com/quotes/meditation/the-bell-fades-but-careful-listening-can-continue/,"Original Meditation Reflection: The bell fades, but careful... | Echo Buddha","An original Echo Buddha reflection on meditation practice through the quote &quot;The bell fades, but careful listening can continue.&quot;","Original Meditation Reflection: The bell fades, but careful...",1,WebPage|BreadcrumbList,881,43,0,4,3,1,pass
/quotes/meditation/the-cushion-is-a-place-to-practice-returning-not/,https://echobuddha.com/quotes/meditation/the-cushion-is-a-place-to-practice-returning-not/,Quote story,yes,yes,,https://echobuddha.com/quotes/meditation/the-cushion-is-a-place-to-practice-returning-not/,Original Meditation Reflection: The cushion is a place... | Echo Buddha,"An original Echo Buddha reflection on meditation practice through the quote &quot;The cushion is a place to practice returning, not a place to perform calm.&quot;",Original Meditation Reflection: The cushion is a place...,1,WebPage|BreadcrumbList,947,43,0,10,3,1,pass
/quotes/meditation/when-stillness-feels-impossible-begin-by-noticing-the-restlessness/,https://echobuddha.com/quotes/meditation/when-stillness-feels-impossible-begin-by-noticing-the-restlessness/,Quote story,no,no,"noindex, follow",https://echobuddha.com/quotes/meditation/when-stillness-feels-impossible-begin-by-noticing-the-restlessness/,"Original Meditation Reflection: When stillness feels impossible, begin... | Echo Buddha","An original Echo Buddha reflection on meditation practice through the quote &quot;When stillness feels impossible, begin by noticing the restlessness.&quot;","Original Meditation Reflection: When stillness feels impossible, begin...",1,WebPage|BreadcrumbList,900,43,0,4,3,1,pass
/quotes/mindfulness/,https://echobuddha.com/quotes/mindfulness/,Quote category,yes,yes,,https://echobuddha.com/quotes/mindfulness/,Original Mindfulness Quotes Inspired by Buddhist Practice | Echo Buddha,"Original mindfulness quotes about presence, attention, breathing, and returning to the present moment.",Original Mindfulness Quotes,1,CollectionPage|BreadcrumbList,634,96,0,182,4,1,pass
/quotes/mindfulness/a-peaceful-mind-begins-with-one-honest-breath/,https://echobuddha.com/quotes/mindfulness/a-peaceful-mind-begins-with-one-honest-breath/,Quote story,yes,yes,,https://echobuddha.com/quotes/mindfulness/a-peaceful-mind-begins-with-one-honest-breath/,Original Mindfulness Reflection: A peaceful mind begins with... | Echo Buddha,An original Echo Buddha reflection on mindfulness practice through the quote &quot;A peaceful mind begins with one honest breath.&quot;,Original Mindfulness Reflection: A peaceful mind begins with...,1,WebPage|BreadcrumbList,906,43,0,50,3,1,pass
/quotes/mindfulness/a-wandering-mind-is-not-a-failed-mind-it/,https://echobuddha.com/quotes/mindfulness/a-wandering-mind-is-not-a-failed-mind-it/,Quote story,no,no,"noindex, follow",https://echobuddha.com/quotes/mindfulness/a-wandering-mind-is-not-a-failed-mind-it/,Original Mindfulness Reflection: A wandering mind is not... | Echo Buddha,An original Echo Buddha reflection on mindfulness practice through the quote &quot;A wandering mind is not a failed mind; it is a mind ready to return.&quot;,Original Mindfulness Reflection: A wandering mind is not...,1,WebPage|BreadcrumbList,974,43,0,4,3,1,pass
/quotes/mindfulness/awareness-begins-when-hurry-loosens-its-hold/,https://echobuddha.com/quotes/mindfulness/awareness-begins-when-hurry-loosens-its-hold/,Quote story,no,no,"noindex, follow",https://echobuddha.com/quotes/mindfulness/awareness-begins-when-hurry-loosens-its-hold/,Original Mindfulness Reflection: Awareness begins when hurry loosens... | Echo Buddha,An original Echo Buddha reflection on mindfulness practice through the quote &quot;Awareness begins when hurry loosens its hold.&quot;,Original Mindfulness Reflection: Awareness begins when hurry loosens...,1,WebPage|BreadcrumbList,870,43,0,4,3,1,pass
/quotes/mindfulness/begin-the-day-with-awareness/,https://echobuddha.com/quotes/mindfulness/begin-the-day-with-awareness/,Quote story,yes,yes,,https://echobuddha.com/quotes/mindfulness/begin-the-day-with-awareness/,Mindfulness Quote for Daily Life: Begin the Day With Awareness | Echo Buddha,"A gentle mindfulness quote for daily life about beginning the morning with awareness before plans, pressure, and habits take over.",Mindfulness Quote for Daily Life: Begin the Day With Awareness,1,WebPage|BreadcrumbList,969,44,0,5,3,1,pass
/quotes/mindfulness/give-one-ordinary-task-the-dignity-of-your-full/,https://echobuddha.com/quotes/mindfulness/give-one-ordinary-task-the-dignity-of-your-full/,Quote story,no,no,"noindex, follow",https://echobuddha.com/quotes/mindfulness/give-one-ordinary-task-the-dignity-of-your-full/,Original Mindfulness Reflection: Give one ordinary task the... | Echo Buddha,An original Echo Buddha reflection on mindfulness practice through the quote &quot;Give one ordinary task the dignity of your full attention.&quot;,Original Mindfulness Reflection: Give one ordinary task the...,1,WebPage|BreadcrumbList,899,43,0,4,3,1,pass
/quotes/mindfulness/gratitude-notices-enough/,https://echobuddha.com/quotes/mindfulness/gratitude-notices-enough/,Quote story,yes,yes,,https://echobuddha.com/quotes/mindfulness/gratitude-notices-enough/,Gratitude Mindfulness Quote: Noticing Enough | Echo Buddha,A gratitude mindfulness quote about noticing enough in ordinary life before the mind asks for more.,Gratitude Mindfulness Quote: Noticing Enough,1,WebPage|BreadcrumbList,872,44,0,4,3,1,pass
/quotes/mindfulness/ground-yourself-gently/,https://echobuddha.com/quotes/mindfulness/ground-yourself-gently/,Quote story,yes,yes,,https://echobuddha.com/quotes/mindfulness/ground-yourself-gently/,Mindfulness Quote for Anxiety: Ground Yourself Gently | Echo Buddha,A mindfulness quote for anxiety about grounding in the present without forcing calm or judging difficult sensations.,Mindfulness Quote for Anxiety: Ground Yourself Gently,1,WebPage|BreadcrumbList,887,44,0,4,3,1,pass
/quotes/mindfulness/listen-before-answering/,https://echobuddha.com/quotes/mindfulness/listen-before-answering/,Quote story,yes,yes,,https://echobuddha.com/quotes/mindfulness/listen-before-answering/,Mindful Listening Quote: Listen Before Answering | Echo Buddha,"A mindful listening quote about listening fully before preparing an answer, defense, correction, or opinion.",Mindful Listening Quote: Listen Before Answering,1,WebPage|BreadcrumbList,897,44,0,4,3,1,pass
/quotes/mindfulness/listen-to-the-moment-before-filling-it-with-your/,https://echobuddha.com/quotes/mindfulness/listen-to-the-moment-before-filling-it-with-your/,Quote story,no,no,"noindex, follow",https://echobuddha.com/quotes/mindfulness/listen-to-the-moment-before-filling-it-with-your/,Original Mindfulness Reflection: Listen to the moment before... | Echo Buddha,An original Echo Buddha reflection on mindfulness practice through the quote &quot;Listen to the moment before filling it with your plans.&quot;,Original Mindfulness Reflection: Listen to the moment before...,1,WebPage|BreadcrumbList,926,43,0,4,3,1,pass
/quotes/mindfulness/notice-what-is-here-before-deciding-what-it-means/,https://echobuddha.com/quotes/mindfulness/notice-what-is-here-before-deciding-what-it-means/,Quote story,yes,yes,,https://echobuddha.com/quotes/mindfulness/notice-what-is-here-before-deciding-what-it-means/,Original Mindfulness Reflection: Notice what is here before... | Echo Buddha,An original Echo Buddha reflection on mindfulness practice through the quote &quot;Notice what is here before deciding what it means.&quot;,Original Mindfulness Reflection: Notice what is here before...,1,WebPage|BreadcrumbList,891,43,0,10,3,1,pass
/quotes/mindfulness/one-mindful-pause-can-change-the-direction-of-an/,https://echobuddha.com/quotes/mindfulness/one-mindful-pause-can-change-the-direction-of-an/,Quote story,yes,yes,,https://echobuddha.com/quotes/mindfulness/one-mindful-pause-can-change-the-direction-of-an/,Original Mindfulness Reflection: One mindful pause can change... | Echo Buddha,An original Echo Buddha reflection on mindfulness practice through the quote &quot;One mindful pause can change the direction of an entire day.&quot;,Original Mindfulness Reflection: One mindful pause can change...,1,WebPage|BreadcrumbList,915,43,0,4,3,1,pass
/quotes/mindfulness/peace-begins-with-attention/,https://echobuddha.com/quotes/mindfulness/peace-begins-with-attention/,Quote story,yes,yes,,https://echobuddha.com/quotes/mindfulness/peace-begins-with-attention/,Inner Peace Buddhist Quote: Peace Begins With Attention | Echo Buddha,An inner peace Buddhist quote about how peace begins with clear attention rather than resistance to the present moment.,Inner Peace Buddhist Quote: Peace Begins With Attention,1,WebPage|BreadcrumbList,908,44,0,4,3,1,pass
/quotes/mindfulness/peace-grows-when-attention-stops-running-ahead-of-the/,https://echobuddha.com/quotes/mindfulness/peace-grows-when-attention-stops-running-ahead-of-the/,Quote story,yes,yes,,https://echobuddha.com/quotes/mindfulness/peace-grows-when-attention-stops-running-ahead-of-the/,Original Mindfulness Reflection: Peace grows when attention stops... | Echo Buddha,An original Echo Buddha reflection on mindfulness practice through the quote &quot;Peace grows when attention stops running ahead of the moment.&quot;,Original Mindfulness Reflection: Peace grows when attention stops...,1,WebPage|BreadcrumbList,902,43,0,46,3,1,pass
/quotes/mindfulness/present-moment-one-step/,https://echobuddha.com/quotes/mindfulness/present-moment-one-step/,Quote story,yes,yes,,https://echobuddha.com/quotes/mindfulness/present-moment-one-step/,"Present Moment Quote: One Breath, One Sound, One Step | Echo Buddha","A present moment quote about meeting life one breath, one sound, and one step at a time through simple mindful attention.","Present Moment Quote: One Breath, One Sound, One Step",1,WebPage|BreadcrumbList,913,45,0,5,3,1,pass
/quotes/mindfulness/return-to-the-breath-before-you-return-to-the/,https://echobuddha.com/quotes/mindfulness/return-to-the-breath-before-you-return-to-the/,Quote story,yes,yes,,https://echobuddha.com/quotes/mindfulness/return-to-the-breath-before-you-return-to-the/,Original Mindfulness Reflection: Return to the breath before... | Echo Buddha,An original Echo Buddha reflection on mindfulness practice through the quote &quot;Return to the breath before you return to the argument.&quot;,Original Mindfulness Reflection: Return to the breath before...,1,WebPage|BreadcrumbList,912,43,0,46,3,1,pass
/quotes/mindfulness/the-more-clearly-you-notice-life-the-less-carelessly/,https://echobuddha.com/quotes/mindfulness/the-more-clearly-you-notice-life-the-less-carelessly/,Quote story,no,no,"noindex, follow",https://echobuddha.com/quotes/mindfulness/the-more-clearly-you-notice-life-the-less-carelessly/,Original Mindfulness Reflection: The more clearly you notice... | Echo Buddha,"An original Echo Buddha reflection on mindfulness practice through the quote &quot;The more clearly you notice life, the less carelessly you move through it.&quot;",Original Mindfulness Reflection: The more clearly you notice...,1,WebPage|BreadcrumbList,935,43,0,4,3,1,pass
/quotes/mindfulness/the-present-moment-asks-for-your-attention-not-your/,https://echobuddha.com/quotes/mindfulness/the-present-moment-asks-for-your-attention-not-your/,Quote story,yes,yes,,https://echobuddha.com/quotes/mindfulness/the-present-moment-asks-for-your-attention-not-your/,Original Mindfulness Reflection: The present moment asks for... | Echo Buddha,"An original Echo Buddha reflection on mindfulness practice through the quote &quot;The present moment asks for your attention, not your perfection.&quot;",Original Mindfulness Reflection: The present moment asks for...,1,WebPage|BreadcrumbList,905,43,0,4,3,1,pass
/quotes/patience/,https://echobuddha.com/quotes/patience/,Quote category,yes,yes,,https://echobuddha.com/quotes/patience/,Original Patience Quotes Inspired by Buddhist Practice | Echo Buddha,"Original Buddhist-inspired patience quotes for difficult moments, delays, personal growth, and calm responses.",Original Patience Quotes,1,CollectionPage|BreadcrumbList,581,84,0,123,4,1,pass
/quotes/patience/a-difficult-moment-becomes-heavier-when-we-demand-that/,https://echobuddha.com/quotes/patience/a-difficult-moment-becomes-heavier-when-we-demand-that/,Quote story,no,no,"noindex, follow",https://echobuddha.com/quotes/patience/a-difficult-moment-becomes-heavier-when-we-demand-that/,Original Patience Reflection: A difficult moment becomes heavier... | Echo Buddha,An original Echo Buddha reflection on patience practice through the quote &quot;A difficult moment becomes heavier when we demand that it end immediately.&quot;,Original Patience Reflection: A difficult moment becomes heavier...,1,WebPage|BreadcrumbList,952,43,0,4,3,1,pass
/quotes/patience/be-patient-with-the-part-of-you-that-is/,https://echobuddha.com/quotes/patience/be-patient-with-the-part-of-you-that-is/,Quote story,yes,yes,,https://echobuddha.com/quotes/patience/be-patient-with-the-part-of-you-that-is/,Original Patience Reflection: Be patient with the part... | Echo Buddha,An original Echo Buddha reflection on patience practice through the quote &quot;Be patient with the part of you that is still learning what peace feels like.&quot;,Original Patience Reflection: Be patient with the part...,1,WebPage|BreadcrumbList,978,43,0,4,3,1,pass
/quotes/patience/family-kindness-and-patience/,https://echobuddha.com/quotes/patience/family-kindness-and-patience/,Quote story,yes,yes,,https://echobuddha.com/quotes/patience/family-kindness-and-patience/,Kindness in Family Quote: Patience With People Close to Us | Echo Buddha,"A kindness in family quote about practicing patience with the people closest to us, especially when old patterns are touched.",Kindness in Family Quote: Patience With People Close to Us,1,WebPage|BreadcrumbList,907,44,0,5,3,1,pass
/quotes/patience/growth-is-quiet-work-often-invisible-until-the-season/,https://echobuddha.com/quotes/patience/growth-is-quiet-work-often-invisible-until-the-season/,Quote story,yes,yes,,https://echobuddha.com/quotes/patience/growth-is-quiet-work-often-invisible-until-the-season/,"Original Patience Reflection: Growth is quiet work, often... | Echo Buddha","An original Echo Buddha reflection on patience practice through the quote &quot;Growth is quiet work, often invisible until the season changes.&quot;","Original Patience Reflection: Growth is quiet work, often...",1,WebPage|BreadcrumbList,921,43,0,4,3,1,pass
/quotes/patience/not-every-delay-is-an-obstacle-some-are-invitations/,https://echobuddha.com/quotes/patience/not-every-delay-is-an-obstacle-some-are-invitations/,Quote story,yes,yes,,https://echobuddha.com/quotes/patience/not-every-delay-is-an-obstacle-some-are-invitations/,Original Patience Reflection: Not every delay is an... | Echo Buddha,An original Echo Buddha reflection on patience practice through the quote &quot;Not every delay is an obstacle; some are invitations to soften.&quot;,Original Patience Reflection: Not every delay is an...,1,WebPage|BreadcrumbList,946,43,0,28,3,1,pass
/quotes/patience/patience-is-the-strength-to-remain-present-while-life/,https://echobuddha.com/quotes/patience/patience-is-the-strength-to-remain-present-while-life/,Quote story,yes,yes,,https://echobuddha.com/quotes/patience/patience-is-the-strength-to-remain-present-while-life/,Original Patience Reflection: Patience is the strength to... | Echo Buddha,An original Echo Buddha reflection on patience practice through the quote &quot;Patience is the strength to remain present while life takes its time.&quot;,Original Patience Reflection: Patience is the strength to...,1,WebPage|BreadcrumbList,969,43,0,28,3,1,pass
/quotes/patience/patience-makes-room-for-truth-to-arrive-without-force/,https://echobuddha.com/quotes/patience/patience-makes-room-for-truth-to-arrive-without-force/,Quote story,no,no,"noindex, follow",https://echobuddha.com/quotes/patience/patience-makes-room-for-truth-to-arrive-without-force/,Original Patience Reflection: Patience makes room for truth... | Echo Buddha,An original Echo Buddha reflection on patience practice through the quote &quot;Patience makes room for truth to arrive without force.&quot;,Original Patience Reflection: Patience makes room for truth...,1,WebPage|BreadcrumbList,913,43,0,4,3,1,pass
/quotes/patience/patience-softens-the-wait/,https://echobuddha.com/quotes/patience/patience-softens-the-wait/,Quote story,yes,yes,,https://echobuddha.com/quotes/patience/patience-softens-the-wait/,Patience Buddhist Quote: Softening During Delay | Echo Buddha,"A patience Buddhist quote about meeting waiting, delay, and uncertainty without adding extra pressure to the moment.",Patience Buddhist Quote: Softening During Delay,1,WebPage|BreadcrumbList,889,44,0,4,3,1,pass
/quotes/patience/some-answers-become-clear-only-after-the-mind-stops/,https://echobuddha.com/quotes/patience/some-answers-become-clear-only-after-the-mind-stops/,Quote story,no,no,"noindex, follow",https://echobuddha.com/quotes/patience/some-answers-become-clear-only-after-the-mind-stops/,Original Patience Reflection: Some answers become clear only... | Echo Buddha,An original Echo Buddha reflection on patience practice through the quote &quot;Some answers become clear only after the mind stops chasing them.&quot;,Original Patience Reflection: Some answers become clear only...,1,WebPage|BreadcrumbList,946,43,0,4,3,1,pass
/quotes/patience/stay-gentle-with-beginnings-they-are-carrying-more-than/,https://echobuddha.com/quotes/patience/stay-gentle-with-beginnings-they-are-carrying-more-than/,Quote story,no,no,"noindex, follow",https://echobuddha.com/quotes/patience/stay-gentle-with-beginnings-they-are-carrying-more-than/,Original Patience Reflection: Stay gentle with beginnings; they... | Echo Buddha,An original Echo Buddha reflection on patience practice through the quote &quot;Stay gentle with beginnings; they are carrying more than they can show.&quot;,Original Patience Reflection: Stay gentle with beginnings; they...,1,WebPage|BreadcrumbList,943,43,0,4,3,1,pass
/quotes/patience/the-path-unfolds-at-the-pace-of-sincere-practice/,https://echobuddha.com/quotes/patience/the-path-unfolds-at-the-pace-of-sincere-practice/,Quote story,no,no,"noindex, follow",https://echobuddha.com/quotes/patience/the-path-unfolds-at-the-pace-of-sincere-practice/,Original Patience Reflection: The path unfolds at the... | Echo Buddha,"An original Echo Buddha reflection on patience practice through the quote &quot;The path unfolds at the pace of sincere practice, not restless comparison.&quot;",Original Patience Reflection: The path unfolds at the...,1,WebPage|BreadcrumbList,968,43,0,4,3,1,pass
/quotes/patience/wait-long-enough-for-the-first-reaction-to-become/,https://echobuddha.com/quotes/patience/wait-long-enough-for-the-first-reaction-to-become/,Quote story,yes,yes,,https://echobuddha.com/quotes/patience/wait-long-enough-for-the-first-reaction-to-become/,Original Patience Reflection: Wait long enough for the... | Echo Buddha,An original Echo Buddha reflection on patience practice through the quote &quot;Wait long enough for the first reaction to become a wiser response.&quot;,Original Patience Reflection: Wait long enough for the...,1,WebPage|BreadcrumbList,944,43,0,10,3,1,pass
/quotes/patience/when-anger-rises-pause-long-enough-to-see-the/,https://echobuddha.com/quotes/patience/when-anger-rises-pause-long-enough-to-see-the/,Quote story,yes,yes,,https://echobuddha.com/quotes/patience/when-anger-rises-pause-long-enough-to-see-the/,"Original Patience Reflection: When anger rises, pause long... | Echo Buddha","An original Echo Buddha reflection on patience practice through the quote &quot;When anger rises, pause long enough to see the pain beneath it.&quot;","Original Patience Reflection: When anger rises, pause long...",1,WebPage|BreadcrumbList,945,43,0,30,3,1,pass
/quotes/practice/,https://echobuddha.com/quotes/practice/,Quote category,yes,yes,,https://echobuddha.com/quotes/practice/,Original Practice Quotes Inspired by Buddhist Practice | Echo Buddha,"Original Buddhist practice quotes about daily effort, ethical choices, mindful action, and steady spiritual growth.",Original Practice Quotes,1,CollectionPage|BreadcrumbList,603,90,0,164,4,1,pass
/quotes/practice/a-peaceful-life-is-built-from-peaceful-moments-practiced/,https://echobuddha.com/quotes/practice/a-peaceful-life-is-built-from-peaceful-moments-practiced/,Quote story,no,no,"noindex, follow",https://echobuddha.com/quotes/practice/a-peaceful-life-is-built-from-peaceful-moments-practiced/,Original Practice Reflection: A peaceful life is built... | Echo Buddha,An original Echo Buddha reflection on practice practice through the quote &quot;A peaceful life is built from peaceful moments practiced repeatedly.&quot;,Original Practice Reflection: A peaceful life is built...,1,WebPage|BreadcrumbList,911,43,0,4,3,1,pass
/quotes/practice/begin-with-what-is-possible-then-return-tomorrow/,https://echobuddha.com/quotes/practice/begin-with-what-is-possible-then-return-tomorrow/,Quote story,no,no,"noindex, follow",https://echobuddha.com/quotes/practice/begin-with-what-is-possible-then-return-tomorrow/,"Original Practice Reflection: Begin with what is possible,... | Echo Buddha","An original Echo Buddha reflection on practice practice through the quote &quot;Begin with what is possible, then return tomorrow.&quot;","Original Practice Reflection: Begin with what is possible,...",1,WebPage|BreadcrumbList,893,43,0,4,3,1,pass
/quotes/practice/bring-the-teaching-into-the-place-where-you-are/,https://echobuddha.com/quotes/practice/bring-the-teaching-into-the-place-where-you-are/,Quote story,no,no,"noindex, follow",https://echobuddha.com/quotes/practice/bring-the-teaching-into-the-place-where-you-are/,Original Practice Reflection: Bring the teaching into the... | Echo Buddha,An original Echo Buddha reflection on practice practice through the quote &quot;Bring the teaching into the place where you are most easily irritated.&quot;,Original Practice Reflection: Bring the teaching into the...,1,WebPage|BreadcrumbList,927,43,0,4,3,1,pass
/quotes/practice/daily-practice-turns-understanding-from-an-idea-into-a/,https://echobuddha.com/quotes/practice/daily-practice-turns-understanding-from-an-idea-into-a/,Quote story,no,no,"noindex, follow",https://echobuddha.com/quotes/practice/daily-practice-turns-understanding-from-an-idea-into-a/,Original Practice Reflection: Daily practice turns understanding from... | Echo Buddha,An original Echo Buddha reflection on practice practice through the quote &quot;Daily practice turns understanding from an idea into a way of living.&quot;,Original Practice Reflection: Daily practice turns understanding from...,1,WebPage|BreadcrumbList,950,43,0,4,3,1,pass
/quotes/practice/do-not-wait-to-feel-ready-before-choosing-what/,https://echobuddha.com/quotes/practice/do-not-wait-to-feel-ready-before-choosing-what/,Quote story,yes,yes,,https://echobuddha.com/quotes/practice/do-not-wait-to-feel-ready-before-choosing-what/,Original Practice Reflection: Do not wait to feel... | Echo Buddha,An original Echo Buddha reflection on practice practice through the quote &quot;Do not wait to feel ready before choosing what is kind.&quot;,Original Practice Reflection: Do not wait to feel...,1,WebPage|BreadcrumbList,915,43,0,4,3,1,pass
/quotes/practice/eightfold-path-daily-choices/,https://echobuddha.com/quotes/practice/eightfold-path-daily-choices/,Quote story,yes,yes,,https://echobuddha.com/quotes/practice/eightfold-path-daily-choices/,Eightfold Path Quote: Daily Practice in Small Choices | Echo Buddha,"An Eightfold Path quote about walking the Buddhist path through small honest choices in speech, work, attention, and action.",Eightfold Path Quote: Daily Practice in Small Choices,1,WebPage|BreadcrumbList,877,45,0,5,3,1,pass
/quotes/practice/mindfulness-at-work-breath/,https://echobuddha.com/quotes/practice/mindfulness-at-work-breath/,Quote story,yes,yes,,https://echobuddha.com/quotes/practice/mindfulness-at-work-breath/,Mindfulness at Work Quote: Bring Awareness Into Daily Work | Echo Buddha,"A mindfulness at work quote about bringing one clear breath into tasks, meetings, messages, and daily responsibilities.",Mindfulness at Work Quote: Bring Awareness Into Daily Work,1,WebPage|BreadcrumbList,881,45,0,5,3,1,pass
/quotes/practice/practice-becomes-real-when-it-enters-your-speech-and/,https://echobuddha.com/quotes/practice/practice-becomes-real-when-it-enters-your-speech-and/,Quote story,yes,yes,,https://echobuddha.com/quotes/practice/practice-becomes-real-when-it-enters-your-speech-and/,Original Practice Reflection: Practice becomes real when it... | Echo Buddha,An original Echo Buddha reflection on practice practice through the quote &quot;Practice becomes real when it enters your speech and choices.&quot;,Original Practice Reflection: Practice becomes real when it...,1,WebPage|BreadcrumbList,914,43,0,40,3,1,pass
/quotes/practice/right-intention-turns-the-heart/,https://echobuddha.com/quotes/practice/right-intention-turns-the-heart/,Quote story,yes,yes,,https://echobuddha.com/quotes/practice/right-intention-turns-the-heart/,Right Intention Quote: Choosing the Direction of the Heart | Echo Buddha,"A right intention quote about choosing the direction of the heart before speech, work, decisions, and daily action.",Right Intention Quote: Choosing the Direction of the Heart,1,WebPage|BreadcrumbList,887,44,0,7,3,1,pass
/quotes/practice/small-actions-shape-the-mind/,https://echobuddha.com/quotes/practice/small-actions-shape-the-mind/,Quote story,yes,yes,,https://echobuddha.com/quotes/practice/small-actions-shape-the-mind/,Daily Buddhist Practice Quote: Small Actions Shape the Mind | Echo Buddha,"A daily Buddhist practice quote about how small repeated actions shape the mind, habits, speech, and character over time.",Daily Buddhist Practice Quote: Small Actions Shape the Mind,1,WebPage|BreadcrumbList,898,45,0,7,3,1,pass
/quotes/practice/the-path-is-not-far-away-it-is-the/,https://echobuddha.com/quotes/practice/the-path-is-not-far-away-it-is-the/,Quote story,yes,yes,,https://echobuddha.com/quotes/practice/the-path-is-not-far-away-it-is-the/,Original Practice Reflection: The path is not far... | Echo Buddha,An original Echo Buddha reflection on practice practice through the quote &quot;The path is not far away; it is the next mindful step.&quot;,Original Practice Reflection: The path is not far...,1,WebPage|BreadcrumbList,926,43,0,42,3,1,pass
/quotes/practice/the-path-is-shaped-by-what-you-repeat-when/,https://echobuddha.com/quotes/practice/the-path-is-shaped-by-what-you-repeat-when/,Quote story,no,no,"noindex, follow",https://echobuddha.com/quotes/practice/the-path-is-shaped-by-what-you-repeat-when/,Original Practice Reflection: The path is shaped by... | Echo Buddha,An original Echo Buddha reflection on practice practice through the quote &quot;The path is shaped by what you repeat when no one is watching.&quot;,Original Practice Reflection: The path is shaped by...,1,WebPage|BreadcrumbList,939,43,0,4,3,1,pass
/quotes/practice/the-smallest-wholesome-action-is-larger-than-the-finest/,https://echobuddha.com/quotes/practice/the-smallest-wholesome-action-is-larger-than-the-finest/,Quote story,yes,yes,,https://echobuddha.com/quotes/practice/the-smallest-wholesome-action-is-larger-than-the-finest/,Original Practice Reflection: The smallest wholesome action is... | Echo Buddha,An original Echo Buddha reflection on practice practice through the quote &quot;The smallest wholesome action is larger than the finest untested intention.&quot;,Original Practice Reflection: The smallest wholesome action is...,1,WebPage|BreadcrumbList,914,43,0,10,3,1,pass
/quotes/practice/walk-slowly-enough-to-notice-where-your-life-is/,https://echobuddha.com/quotes/practice/walk-slowly-enough-to-notice-where-your-life-is/,Quote story,yes,yes,,https://echobuddha.com/quotes/practice/walk-slowly-enough-to-notice-where-your-life-is/,Original Practice Reflection: Walk slowly enough to notice... | Echo Buddha,An original Echo Buddha reflection on practice practice through the quote &quot;Walk slowly enough to notice where your life is actually happening.&quot;,Original Practice Reflection: Walk slowly enough to notice...,1,WebPage|BreadcrumbList,937,43,0,40,3,1,pass
/quotes/practice/your-next-response-is-always-part-of-the-path/,https://echobuddha.com/quotes/practice/your-next-response-is-always-part-of-the-path/,Quote story,yes,yes,,https://echobuddha.com/quotes/practice/your-next-response-is-always-part-of-the-path/,Original Practice Reflection: Your next response is always... | Echo Buddha,An original Echo Buddha reflection on practice practice through the quote &quot;Your next response is always part of the path.&quot;,Original Practice Reflection: Your next response is always...,1,WebPage|BreadcrumbList,893,43,0,4,3,1,pass
/quotes/renewal/,https://echobuddha.com/quotes/renewal/,Quote category,yes,yes,,https://echobuddha.com/quotes/renewal/,Original Renewal Quotes Inspired by Buddhist Practice | Echo Buddha,"Original renewal quotes about healing, hope, learning from mistakes, and beginning again with kindness.",Original Renewal Quotes,1,CollectionPage|BreadcrumbList,575,90,0,136,4,1,pass
/quotes/renewal/a-mistake-becomes-a-teacher-when-honesty-enters-the/,https://echobuddha.com/quotes/renewal/a-mistake-becomes-a-teacher-when-honesty-enters-the/,Quote story,no,no,"noindex, follow",https://echobuddha.com/quotes/renewal/a-mistake-becomes-a-teacher-when-honesty-enters-the/,Original Renewal Reflection: A mistake becomes a teacher... | Echo Buddha,An original Echo Buddha reflection on renewal practice through the quote &quot;A mistake becomes a teacher when honesty enters the room.&quot;,Original Renewal Reflection: A mistake becomes a teacher...,1,WebPage|BreadcrumbList,897,43,0,4,3,1,pass
/quotes/renewal/a-new-direction-can-start-with-one-different-choice/,https://echobuddha.com/quotes/renewal/a-new-direction-can-start-with-one-different-choice/,Quote story,yes,yes,,https://echobuddha.com/quotes/renewal/a-new-direction-can-start-with-one-different-choice/,Original Renewal Reflection: A new direction can start... | Echo Buddha,An original Echo Buddha reflection on renewal practice through the quote &quot;A new direction can start with one different choice.&quot;,Original Renewal Reflection: A new direction can start...,1,WebPage|BreadcrumbList,878,43,0,32,3,1,pass
/quotes/renewal/begin-again-gently-the-breath-is-always-willing/,https://echobuddha.com/quotes/renewal/begin-again-gently-the-breath-is-always-willing/,Quote story,yes,yes,,https://echobuddha.com/quotes/renewal/begin-again-gently-the-breath-is-always-willing/,Original Renewal Reflection: Begin again gently; the breath... | Echo Buddha,An original Echo Buddha reflection on renewal practice through the quote &quot;Begin again gently; the breath is always willing.&quot;,Original Renewal Reflection: Begin again gently; the breath...,1,WebPage|BreadcrumbList,877,43,0,32,3,1,pass
/quotes/renewal/begin-again-without-shame/,https://echobuddha.com/quotes/renewal/begin-again-without-shame/,Quote story,yes,yes,,https://echobuddha.com/quotes/renewal/begin-again-without-shame/,Renewal Mindfulness Quote: Begin Again Without Shame | Echo Buddha,A renewal mindfulness quote about beginning again after mistakes without using shame as the fuel for growth.,Renewal Mindfulness Quote: Begin Again Without Shame,1,WebPage|BreadcrumbList,849,45,0,4,3,1,pass
/quotes/renewal/begin-again-without-turning-yesterday-into-a-sentence/,https://echobuddha.com/quotes/renewal/begin-again-without-turning-yesterday-into-a-sentence/,Quote story,yes,yes,,https://echobuddha.com/quotes/renewal/begin-again-without-turning-yesterday-into-a-sentence/,Original Renewal Reflection: Begin again without turning yesterday... | Echo Buddha,An original Echo Buddha reflection on renewal practice through the quote &quot;Begin again without turning yesterday into a sentence.&quot;,Original Renewal Reflection: Begin again without turning yesterday...,1,WebPage|BreadcrumbList,868,43,0,32,3,1,pass
/quotes/renewal/do-not-confuse-an-old-pattern-with-an-unchangeable/,https://echobuddha.com/quotes/renewal/do-not-confuse-an-old-pattern-with-an-unchangeable/,Quote story,no,no,"noindex, follow",https://echobuddha.com/quotes/renewal/do-not-confuse-an-old-pattern-with-an-unchangeable/,Original Renewal Reflection: Do not confuse an old... | Echo Buddha,An original Echo Buddha reflection on renewal practice through the quote &quot;Do not confuse an old pattern with an unchangeable nature.&quot;,Original Renewal Reflection: Do not confuse an old...,1,WebPage|BreadcrumbList,888,43,0,4,3,1,pass
/quotes/renewal/each-conscious-breath-is-a-small-vote-for-beginning/,https://echobuddha.com/quotes/renewal/each-conscious-breath-is-a-small-vote-for-beginning/,Quote story,no,no,"noindex, follow",https://echobuddha.com/quotes/renewal/each-conscious-breath-is-a-small-vote-for-beginning/,Original Renewal Reflection: Each conscious breath is a... | Echo Buddha,An original Echo Buddha reflection on renewal practice through the quote &quot;Each conscious breath is a small vote for beginning again.&quot;,Original Renewal Reflection: Each conscious breath is a...,1,WebPage|BreadcrumbList,887,43,0,4,3,1,pass
/quotes/renewal/evening-release-reflection/,https://echobuddha.com/quotes/renewal/evening-release-reflection/,Quote story,yes,yes,,https://echobuddha.com/quotes/renewal/evening-release-reflection/,Evening Reflection Quote: Release the Day Gently | Echo Buddha,"An evening reflection quote about releasing the day gently, learning from it, and resting without replaying every moment.",Evening Reflection Quote: Release the Day Gently,1,WebPage|BreadcrumbList,873,45,0,4,3,1,pass
/quotes/renewal/gentle-hope-keeps-walking/,https://echobuddha.com/quotes/renewal/gentle-hope-keeps-walking/,Quote story,yes,yes,,https://echobuddha.com/quotes/renewal/gentle-hope-keeps-walking/,Buddhist Inspired Hope Quote: Gentle Hope | Echo Buddha,A Buddhist inspired hope quote about quiet hope that keeps walking without forcing life to change on command.,Buddhist Inspired Hope Quote: Gentle Hope,1,WebPage|BreadcrumbList,858,45,0,4,3,1,pass
/quotes/renewal/hope-can-be-quiet-and-still-keep-walking/,https://echobuddha.com/quotes/renewal/hope-can-be-quiet-and-still-keep-walking/,Quote story,no,no,"noindex, follow",https://echobuddha.com/quotes/renewal/hope-can-be-quiet-and-still-keep-walking/,Original Renewal Reflection: Hope can be quiet and... | Echo Buddha,An original Echo Buddha reflection on renewal practice through the quote &quot;Hope can be quiet and still keep walking.&quot;,Original Renewal Reflection: Hope can be quiet and...,1,WebPage|BreadcrumbList,863,43,0,5,3,1,pass
/quotes/renewal/morning-is-not-the-only-time-a-life-can/,https://echobuddha.com/quotes/renewal/morning-is-not-the-only-time-a-life-can/,Quote story,yes,yes,,https://echobuddha.com/quotes/renewal/morning-is-not-the-only-time-a-life-can/,Original Renewal Reflection: Morning is not the only... | Echo Buddha,An original Echo Buddha reflection on renewal practice through the quote &quot;Morning is not the only time a life can begin again.&quot;,Original Renewal Reflection: Morning is not the only...,1,WebPage|BreadcrumbList,896,43,0,4,3,1,pass
/quotes/renewal/one-calm-morning-intention/,https://echobuddha.com/quotes/renewal/one-calm-morning-intention/,Quote story,yes,yes,,https://echobuddha.com/quotes/renewal/one-calm-morning-intention/,Peaceful Morning Quote: One Calm Intention | Echo Buddha,A peaceful morning quote about beginning the day with one calm intention instead of carrying every old worry forward.,Peaceful Morning Quote: One Calm Intention,1,WebPage|BreadcrumbList,879,44,0,4,3,1,pass
/quotes/renewal/repair-what-you-can-forgive-what-you-cannot-redo/,https://echobuddha.com/quotes/renewal/repair-what-you-can-forgive-what-you-cannot-redo/,Quote story,no,no,"noindex, follow",https://echobuddha.com/quotes/renewal/repair-what-you-can-forgive-what-you-cannot-redo/,"Original Renewal Reflection: Repair what you can, forgive... | Echo Buddha","An original Echo Buddha reflection on renewal practice through the quote &quot;Repair what you can, forgive what you cannot redo, and continue with care.&quot;","Original Renewal Reflection: Repair what you can, forgive...",1,WebPage|BreadcrumbList,945,43,0,5,3,1,pass
/quotes/renewal/the-path-welcomes-your-return-more-often-than-pride/,https://echobuddha.com/quotes/renewal/the-path-welcomes-your-return-more-often-than-pride/,Quote story,yes,yes,,https://echobuddha.com/quotes/renewal/the-path-welcomes-your-return-more-often-than-pride/,Original Renewal Reflection: The path welcomes your return... | Echo Buddha,An original Echo Buddha reflection on renewal practice through the quote &quot;The path welcomes your return more often than pride allows.&quot;,Original Renewal Reflection: The path welcomes your return...,1,WebPage|BreadcrumbList,886,43,0,10,3,1,pass
/quotes/renewal/you-are-allowed-to-learn-slowly-and-still-be/,https://echobuddha.com/quotes/renewal/you-are-allowed-to-learn-slowly-and-still-be/,Quote story,yes,yes,,https://echobuddha.com/quotes/renewal/you-are-allowed-to-learn-slowly-and-still-be/,Original Renewal Reflection: You are allowed to learn... | Echo Buddha,An original Echo Buddha reflection on renewal practice through the quote &quot;You are allowed to learn slowly and still be changing.&quot;,Original Renewal Reflection: You are allowed to learn...,1,WebPage|BreadcrumbList,889,43,0,4,3,1,pass
/quotes/wisdom/,https://echobuddha.com/quotes/wisdom/,Quote category,yes,yes,,https://echobuddha.com/quotes/wisdom/,Original Wisdom Quotes Inspired by Buddhist Practice | Echo Buddha,"Original Buddhist wisdom quotes about clear seeing, humility, wise speech, suffering, and compassionate choices.",Original Wisdom Quotes,1,CollectionPage|BreadcrumbList,657,102,0,249,4,1,pass
/quotes/wisdom/a-clear-mind-can-hold-two-truths-without-rushing/,https://echobuddha.com/quotes/wisdom/a-clear-mind-can-hold-two-truths-without-rushing/,Quote story,yes,yes,,https://echobuddha.com/quotes/wisdom/a-clear-mind-can-hold-two-truths-without-rushing/,Original Wisdom Reflection: A clear mind can hold... | Echo Buddha,An original Echo Buddha reflection on wisdom practice through the quote &quot;A clear mind can hold two truths without rushing to make one disappear.&quot;,Original Wisdom Reflection: A clear mind can hold...,1,WebPage|BreadcrumbList,945,43,0,74,3,1,pass
/quotes/wisdom/a-useful-truth-is-carried-with-humility-not-used/,https://echobuddha.com/quotes/wisdom/a-useful-truth-is-carried-with-humility-not-used/,Quote story,no,no,"noindex, follow",https://echobuddha.com/quotes/wisdom/a-useful-truth-is-carried-with-humility-not-used/,Original Wisdom Reflection: A useful truth is carried... | Echo Buddha,"An original Echo Buddha reflection on wisdom practice through the quote &quot;A useful truth is carried with humility, not used as a weapon.&quot;",Original Wisdom Reflection: A useful truth is carried...,1,WebPage|BreadcrumbList,933,43,0,4,3,1,pass
/quotes/wisdom/contentment-with-what-is-here/,https://echobuddha.com/quotes/wisdom/contentment-with-what-is-here/,Quote story,yes,yes,,https://echobuddha.com/quotes/wisdom/contentment-with-what-is-here/,Contentment Buddhist Quote: Peace With What Is Here | Echo Buddha,A contentment Buddhist quote about making quiet friendship with what is already here without giving up wise effort.,Contentment Buddhist Quote: Peace With What Is Here,1,WebPage|BreadcrumbList,894,44,0,4,3,1,pass
/quotes/wisdom/difficult-people-and-boundaries/,https://echobuddha.com/quotes/wisdom/difficult-people-and-boundaries/,Quote story,yes,yes,,https://echobuddha.com/quotes/wisdom/difficult-people-and-boundaries/,Buddhist Quote About Difficult People: Boundaries Without Hatred | Echo Buddha,"A Buddhist quote about difficult people, wise boundaries, and responding without hatred or self-abandonment.",Buddhist Quote About Difficult People: Boundaries Without Hatred,1,WebPage|BreadcrumbList,847,45,0,4,3,1,pass
/quotes/wisdom/karma-begins-in-intention/,https://echobuddha.com/quotes/wisdom/karma-begins-in-intention/,Quote story,yes,yes,,https://echobuddha.com/quotes/wisdom/karma-begins-in-intention/,Karma Buddhist Quote: Intention Shapes Action | Echo Buddha,"A karma Buddhist quote explaining how intention shapes speech, behavior, habits, and the consequences we help create.",Karma Buddhist Quote: Intention Shapes Action,1,WebPage|BreadcrumbList,868,45,0,5,3,1,pass
/quotes/wisdom/knowing-when-not-to-speak-is-also-a-form/,https://echobuddha.com/quotes/wisdom/knowing-when-not-to-speak-is-also-a-form/,Quote story,yes,yes,,https://echobuddha.com/quotes/wisdom/knowing-when-not-to-speak-is-also-a-form/,Original Wisdom Reflection: Knowing when not to speak... | Echo Buddha,An original Echo Buddha reflection on wisdom practice through the quote &quot;Knowing when not to speak is also a form of honest speech.&quot;,Original Wisdom Reflection: Knowing when not to speak...,1,WebPage|BreadcrumbList,931,43,0,10,3,1,pass
/quotes/wisdom/learn-from-discomfort-without-turning-suffering-into-an-identity/,https://echobuddha.com/quotes/wisdom/learn-from-discomfort-without-turning-suffering-into-an-identity/,Quote story,no,no,"noindex, follow",https://echobuddha.com/quotes/wisdom/learn-from-discomfort-without-turning-suffering-into-an-identity/,Original Wisdom Reflection: Learn from discomfort without turning... | Echo Buddha,An original Echo Buddha reflection on wisdom practice through the quote &quot;Learn from discomfort without turning suffering into an identity.&quot;,Original Wisdom Reflection: Learn from discomfort without turning...,1,WebPage|BreadcrumbList,903,43,0,4,3,1,pass
/quotes/wisdom/right-speech-with-kindness/,https://echobuddha.com/quotes/wisdom/right-speech-with-kindness/,Quote story,yes,yes,,https://echobuddha.com/quotes/wisdom/right-speech-with-kindness/,Right Speech Quote: Truth With Kindness and Timing | Echo Buddha,"A right speech quote about choosing words that are true, kind, useful, and timely in daily conversations.",Right Speech Quote: Truth With Kindness and Timing,1,WebPage|BreadcrumbList,894,44,0,5,3,1,pass
/quotes/wisdom/see-the-conditions-behind-an-action-and-blame-may/,https://echobuddha.com/quotes/wisdom/see-the-conditions-behind-an-action-and-blame-may/,Quote story,no,no,"noindex, follow",https://echobuddha.com/quotes/wisdom/see-the-conditions-behind-an-action-and-blame-may/,Original Wisdom Reflection: See the conditions behind an... | Echo Buddha,"An original Echo Buddha reflection on wisdom practice through the quote &quot;See the conditions behind an action, and blame may soften into understanding.&quot;",Original Wisdom Reflection: See the conditions behind an...,1,WebPage|BreadcrumbList,932,43,0,4,3,1,pass
/quotes/wisdom/simplicity-clears-the-room/,https://echobuddha.com/quotes/wisdom/simplicity-clears-the-room/,Quote story,yes,yes,,https://echobuddha.com/quotes/wisdom/simplicity-clears-the-room/,Simple Living Buddhist Quote: Needing Less to See Clearly | Echo Buddha,"A simple living Buddhist quote about needing less, clearing space, and seeing what truly matters with a quieter heart.",Simple Living Buddhist Quote: Needing Less to See Clearly,1,WebPage|BreadcrumbList,905,44,0,4,3,1,pass
/quotes/wisdom/the-lesson-repeats-until-attention-replaces-habit/,https://echobuddha.com/quotes/wisdom/the-lesson-repeats-until-attention-replaces-habit/,Quote story,yes,yes,,https://echobuddha.com/quotes/wisdom/the-lesson-repeats-until-attention-replaces-habit/,Original Wisdom Reflection: The lesson repeats until attention... | Echo Buddha,An original Echo Buddha reflection on wisdom practice through the quote &quot;The lesson repeats until attention replaces habit.&quot;,Original Wisdom Reflection: The lesson repeats until attention...,1,WebPage|BreadcrumbList,899,43,0,4,3,1,pass
/quotes/wisdom/the-wise-heart-changes-course-when-clearer-seeing-arrives/,https://echobuddha.com/quotes/wisdom/the-wise-heart-changes-course-when-clearer-seeing-arrives/,Quote story,no,no,"noindex, follow",https://echobuddha.com/quotes/wisdom/the-wise-heart-changes-course-when-clearer-seeing-arrives/,Original Wisdom Reflection: The wise heart changes course... | Echo Buddha,An original Echo Buddha reflection on wisdom practice through the quote &quot;The wise heart changes course when clearer seeing arrives.&quot;,Original Wisdom Reflection: The wise heart changes course...,1,WebPage|BreadcrumbList,897,43,0,4,3,1,pass
/quotes/wisdom/understanding-suffering-honestly/,https://echobuddha.com/quotes/wisdom/understanding-suffering-honestly/,Quote story,yes,yes,,https://echobuddha.com/quotes/wisdom/understanding-suffering-honestly/,Four Noble Truths Quote: Understanding Suffering Honestly | Echo Buddha,"A Four Noble Truths quote about meeting suffering honestly so wisdom, compassion, and practice can begin.",Four Noble Truths Quote: Understanding Suffering Honestly,1,WebPage|BreadcrumbList,888,44,0,4,3,1,pass
/quotes/wisdom/what-feels-urgent-is-not-always-what-matters-most/,https://echobuddha.com/quotes/wisdom/what-feels-urgent-is-not-always-what-matters-most/,Quote story,yes,yes,,https://echobuddha.com/quotes/wisdom/what-feels-urgent-is-not-always-what-matters-most/,Original Wisdom Reflection: What feels urgent is not... | Echo Buddha,An original Echo Buddha reflection on wisdom practice through the quote &quot;What feels urgent is not always what matters most.&quot;,Original Wisdom Reflection: What feels urgent is not...,1,WebPage|BreadcrumbList,908,43,0,5,3,1,pass
/quotes/wisdom/wisdom-is-less-interested-in-winning-than-in-ending/,https://echobuddha.com/quotes/wisdom/wisdom-is-less-interested-in-winning-than-in-ending/,Quote story,no,no,"noindex, follow",https://echobuddha.com/quotes/wisdom/wisdom-is-less-interested-in-winning-than-in-ending/,Original Wisdom Reflection: Wisdom is less interested in... | Echo Buddha,An original Echo Buddha reflection on wisdom practice through the quote &quot;Wisdom is less interested in winning than in ending needless harm.&quot;,Original Wisdom Reflection: Wisdom is less interested in...,1,WebPage|BreadcrumbList,915,43,0,4,3,1,pass
/quotes/wisdom/wisdom-is-the-art-of-meeting-life-without-adding/,https://echobuddha.com/quotes/wisdom/wisdom-is-the-art-of-meeting-life-without-adding/,Quote story,yes,yes,,https://echobuddha.com/quotes/wisdom/wisdom-is-the-art-of-meeting-life-without-adding/,Original Wisdom Reflection: Wisdom is the art of... | Echo Buddha,An original Echo Buddha reflection on wisdom practice through the quote &quot;Wisdom is the art of meeting life without adding unnecessary suffering.&quot;,Original Wisdom Reflection: Wisdom is the art of...,1,WebPage|BreadcrumbList,920,43,0,76,3,1,pass
/quotes/wisdom/wisdom-sees-clearly/,https://echobuddha.com/quotes/wisdom/wisdom-sees-clearly/,Quote story,yes,yes,,https://echobuddha.com/quotes/wisdom/wisdom-sees-clearly/,Buddhist Wisdom Quote: Clear Seeing With Humility | Echo Buddha,"A Buddhist wisdom quote about clear seeing, humility, and understanding before judgment or superiority takes over.",Buddhist Wisdom Quote: Clear Seeing With Humility,1,WebPage|BreadcrumbList,872,44,0,4,3,1,pass
/quotes/wisdom/wisdom-sees-the-whole-fire-not-only-the-spark/,https://echobuddha.com/quotes/wisdom/wisdom-sees-the-whole-fire-not-only-the-spark/,Quote story,yes,yes,,https://echobuddha.com/quotes/wisdom/wisdom-sees-the-whole-fire-not-only-the-spark/,"Original Wisdom Reflection: Wisdom sees the whole fire,... | Echo Buddha","An original Echo Buddha reflection on wisdom practice through the quote &quot;Wisdom sees the whole fire, not only the spark that caused it.&quot;","Original Wisdom Reflection: Wisdom sees the whole fire,...",1,WebPage|BreadcrumbList,931,43,0,74,3,1,pass
/quotes/wisdom/wise-silence/,https://echobuddha.com/quotes/wisdom/wise-silence/,Quote story,yes,yes,,https://echobuddha.com/quotes/wisdom/wise-silence/,Buddhist Quote About Silence: Wise Restraint | Echo Buddha,"A Buddhist quote about silence as mindful restraint when words would be unhelpful, reactive, or poorly timed.",Buddhist Quote About Silence: Wise Restraint,1,WebPage|BreadcrumbList,887,44,0,5,3,1,pass
/search/,https://echobuddha.com/search/,Utility,no,no,"noindex, follow",https://echobuddha.com/search/,Search Echo Buddha | Echo Buddha,"Search Echo Buddha for Buddhist teachings, meditation guides, Dhammapada reflections, quotes, and beginner-friendly wisdom for daily life.",Search Echo Buddha,1,,226,36,0,314,1,1,pass
/start-here/,https://echobuddha.com/start-here/,Utility,yes,yes,,https://echobuddha.com/start-here/,Start Here - Begin Your Buddhist Wisdom and Mindfulness Journey | Echo Buddha,"New to Echo Buddha? Start with simple Buddhist teachings, beginner meditation, daily reflections, and practical mindfulness guidance.",Begin Your Buddhist Wisdom and Mindfulness Journey,1,CollectionPage|BreadcrumbList|FAQPage,601,46,0,631,1,1,pass
/terms-of-use/,https://echobuddha.com/terms-of-use/,Trust,yes,yes,,https://echobuddha.com/terms-of-use/,Terms of Use | Echo Buddha,"Read the terms for using Echo Buddha articles, original quotes, meditation guidance, and educational resources.",Terms of Use,1,WebPage,256,22,0,312,1,1,pass
/tools/,https://echobuddha.com/tools/,Utility,yes,yes,,https://echobuddha.com/tools/,Buddhist Mindfulness Tools and Daily Practice Resources | Echo Buddha,"Use simple mindfulness tools including a daily reflection generator, Buddhist quote tool, meditation timer, breathing timer, and 7-day practice path.",Buddhist Mindfulness Tools and Daily Practice Resources,1,CollectionPage|BreadcrumbList,544,39,0,663,1,1,pass
